step,group,bin,active_count,limiter_count,limiter_fraction,normal_limiter_count,normal_limiter_fraction,ratio_cap_selected_count,ratio_cap_selected_fraction,abs_cap_selected_count,abs_cap_selected_fraction,raw_delta_p95,raw_delta_p99,limiter_ratio_p50,cap_demand_ratio_p50,cap_demand_ratio_p95,cap_demand_ratio_p99,normal_raw_abs_p50,normal_raw_abs_p95
0,region,none_or_unknown,7536,0,0.0,6308,0.8370488322717622,5048,0.6698513800424628,2488,0.33014861995753714,0.2508157169821435,0.2534212811279458,0.2740847096064577,3.648507821663899,5.01631433964287,5.068425622558916,0.06133080428151852,0.15245514100433458
0,region,sphere_upper,0,0,nan,0,nan,0,nan,0,nan,nan,nan,nan,nan,nan,nan,nan,nan
0,region,sphere_lower90,0,0,nan,0,nan,0,nan,0,nan,nan,nan,nan,nan,nan,nan,nan,nan
0,region,sphere_bottom120,0,0,nan,0,nan,0,nan,0,nan,nan,nan,nan,nan,nan,nan,nan,nan
0,region,outer_or_other_wall,0,0,nan,0,nan,0,nan,0,nan,nan,nan,nan,nan,nan,nan,nan,nan
0,theta_zone,sphere11,7536,0,0.0,6308,0.8370488322717622,5048,0.6698513800424628,2488,0.33014861995753714,0.2508157169821435,0.2534212811279458,0.2740847096064577,3.648507821663899,5.01631433964287,5.068425622558916,0.06133080428151852,0.15245514100433458
0,theta_zone,outer90,0,0,nan,0,nan,0,nan,0,nan,nan,nan,nan,nan,nan,nan,nan,nan
0,theta_zone,fallback,0,0,nan,0,nan,0,nan,0,nan,nan,nan,nan,nan,nan,nan,nan,nan
0,c_bin,c_0_0p05,1000,0,0.0,412,0.412,1000,1.0,0,0.0,0.03718578139769982,0.03974535091088037,1.0,0.7165846973432874,3.030249585667466,3.18313931122781,0.01608859262834797,0.024543048581596616
0,c_bin,c_0p05_0p10,740,0,0.0,740,1.0,740,1.0,0,0.0,0.11039568695833646,0.1126178520749259,0.21387469235038334,4.675635013242873,4.811736300006958,4.837798905271752,0.036112298180738744,0.0476526612431514
0,c_bin,c_0p10_0p30,1324,0,0.0,1324,1.0,960,0.7250755287009063,364,0.27492447129909364,0.22703911717772093,0.23031417735143886,0.22996317839547456,4.34852225898648,4.5962091428902445,4.6099355268644056,0.08324426169947649,0.11862949547187074
0,c_bin,c_0p30_0p70,1632,0,0.0,1632,1.0,0,0.0,1632,1.0,0.25337422172213575,0.25389556482115394,0.20641610064238802,4.844583559028646,5.067484434442715,5.077911296423078,0.14636025225266994,0.15386520038625762
0,c_bin,c_0p70_0p90,1276,0,0.0,1276,1.0,784,0.6144200626959248,492,0.38557993730407525,0.1863554434684335,0.19131432615857194,0.3451816594816466,2.8970252982203135,3.72710886936867,3.8262865231714387,0.09072827106264036,0.12775463181251415
0,c_bin,c_0p90_0p95,696,0,0.0,696,1.0,696,1.0,0,0.0,0.07374611728789848,0.07532563032785419,0.3428689297960017,2.9165664002521092,2.9381844097112038,2.94319161183757,0.03641927559553615,0.05062270342068331
0,c_bin,c_0p95_1,868,0,0.0,228,0.2626728110599078,868,1.0,0,0.0,0.02190221792051776,0.023432821036532287,1.0,0.3634477315410002,1.7453949633635257,1.8305054797930633,0.016411549453357488,0.025097148072789566
0,tangent_bin,t_0_0p005,60,0,0.0,0,0.0,60,1.0,0,0.0,1.0108948790530817e-05,1.0108948790530817e-05,1.0,0.0006754973387994408,0.0018857110164396888,0.0018857110164396888,0.010501676465884013,0.010721630941751603
0,tangent_bin,t_0p005_0p01,952,0,0.0,12,0.012605042016806723,952,1.0,0,0.0,0.008817312957277047,0.010556764505807245,1.0,0.12046821542512194,0.8885444326163066,1.0216232479413883,0.013139095655361144,0.019846644992900564
0,tangent_bin,t_0p01_0p02,1460,0,0.0,1232,0.8438356164383561,1460,1.0,0,0.0,0.05866422959756703,0.06379306446001079,0.4528632767422155,2.2081719833715563,3.835669955206983,4.3016917126226355,0.023842514113010416,0.0383225874953903
0,tangent_bin,t_0p02_0p05,2356,0,0.0,2356,1.0,2276,0.966044142614601,80,0.03395585738539898,0.1630520693618894,0.17298388150238703,0.23338160786429993,4.284827794062724,4.78279229426744,4.818236622242926,0.0586252057640998,0.09753693620185777
0,tangent_bin,t_0p05_0p10,2708,0,0.0,2708,1.0,300,0.11078286558345643,2408,0.8892171344165436,0.2531372661157946,0.2537561395349738,0.22280635018558112,4.488202419576795,5.062745322315892,5.075122790699475,0.13478554577951907,0.15368599521798243
0,tangent_bin,t_0p10_inf,0,0,nan,0,nan,0,nan,0,nan,nan,nan,nan,nan,nan,nan,nan,nan
0,normal_raw_abs_bin,normal_raw_abs_0_1e-4,0,0,nan,0,nan,0,nan,0,nan,nan,nan,nan,nan,nan,nan,nan,nan
0,normal_raw_abs_bin,normal_raw_abs_1e-4_1e-3,0,0,nan,0,nan,0,nan,0,nan,nan,nan,nan,nan,nan,nan,nan,nan
0,normal_raw_abs_bin,normal_raw_abs_1e-3_1e-2,0,0,nan,0,nan,0,nan,0,nan,nan,nan,nan,nan,nan,nan,nan,nan
0,normal_raw_abs_bin,normal_raw_abs_1e-2_5e-2,3272,0,0.0,2044,0.6246943765281173,3272,1.0,0,0.0,0.1030044693958888,0.11224254701055032,0.5260288937466874,1.9010362584408842,4.749870339952965,4.811736300006958,0.02289279099363306,0.046155033582219146
0,normal_raw_abs_bin,normal_raw_abs_5e-2_inf,4264,0,0.0,4264,1.0,1776,0.4165103189493433,2488,0.5834896810506567,0.2525113708746571,0.25360289398762864,0.23198405684176,4.310641061262389,5.050227417493141,5.072057879752572,0.11170836273937218,0.15340541704949062
0,cap_source,abs_cap_selected,2488,0,0.0,2488,1.0,0,0.0,2488,1.0,0.2531675187781028,0.2537561395349738,0.2175876138310169,4.595849867115087,5.063350375562055,5.075122790699475,0.1371438539412676,0.15375696772891978
0,cap_source,ratio_cap_selected,5048,0,0.0,3820,0.7567353407290016,5048,1.0,0,0.0,0.17843871243791853,0.19515314880514287,0.34686879398662995,2.8829344620679396,4.725903519358501,4.810081265348634,0.03572669779428761,0.09257014959162937
0,cap_source,none_or_inactive,0,0,nan,0,nan,0,nan,0,nan,nan,nan,nan,nan,nan,nan,nan,nan
0,limiter_class,none,1228,0,0.0,0,0.0,1228,1.0,0,0.0,0.007774570877296023,0.009647799241451777,1.0,0.17806554571368122,0.8972517673245988,0.9878041499247063,0.013737751044086255,0.01880107315945595
0,limiter_class,abs_cap_limiter,2488,0,0.0,2488,1.0,0,0.0,2488,1.0,0.2531675187781028,0.2537561395349738,0.2175876138310169,4.595849867115087,5.063350375562055,5.075122790699475,0.1371438539412676,0.15375696772891978
0,limiter_class,ratio_cap_limiter,3820,0,0.0,3820,1.0,3820,1.0,0,0.0,0.18513132030342325,0.19917721783628875,0.3413824084650632,2.929266345317085,4.743019737286985,4.811736300006958,0.04678522200224944,0.09447415579041415
0,limiter_class,secondary_vector_safety,0,0,nan,0,nan,0,nan,0,nan,nan,nan,nan,nan,nan,nan,nan,nan
0,limiter_class,inactive_or_fallback,0,0,nan,0,nan,0,nan,0,nan,nan,nan,nan,nan,nan,nan,nan,nan
0,normal_agreement_bin,normal_0_0p5,0,0,nan,0,nan,0,nan,0,nan,nan,nan,nan,nan,nan,nan,nan,nan
0,normal_agreement_bin,normal_0p5_0p9,0,0,nan,0,nan,0,nan,0,nan,nan,nan,nan,nan,nan,nan,nan,nan
0,normal_agreement_bin,normal_0p9_0p99,0,0,nan,0,nan,0,nan,0,nan,nan,nan,nan,nan,nan,nan,nan,nan
0,normal_agreement_bin,normal_0p99_1p01,7536,0,0.0,6308,0.8370488322717622,5048,0.6698513800424628,2488,0.33014861995753714,0.2508157169821435,0.2534212811279458,0.2740847096064577,3.648507821663899,5.01631433964287,5.068425622558916,0.06133080428151852,0.15245514100433458
0,c_x_tangent:c_0_0p05,t_0_0p005,0,0,nan,0,nan,0,nan,0,nan,nan,nan,nan,nan,nan,nan,nan,nan
0,c_x_tangent:c_0_0p05,t_0p005_0p01,360,0,0.0,0,0.0,360,1.0,0,0.0,0.002371097898302533,0.0024858004580970475,1.0,0.04741003344095213,0.33596694848085634,0.3501254693620257,0.011655925696507391,0.0141150664315281
0,c_x_tangent:c_0_0p05,t_0p01_0p02,640,0,0.0,412,0.64375,640,1.0,0,0.0,0.03935278541084042,0.03974535091088038,0.6799697709949585,1.4706536123462675,3.151699390664248,3.1831393112278104,0.019095642358162107,0.02497242314886286
0,c_x_tangent:c_0_0p05,t_0p02_0p05,0,0,nan,0,nan,0,nan,0,nan,nan,nan,nan,nan,nan,nan,nan,nan
0,c_x_tangent:c_0_0p05,t_0p05_0p10,0,0,nan,0,nan,0,nan,0,nan,nan,nan,nan,nan,nan,nan,nan,nan
0,c_x_tangent:c_0_0p05,t_0p10_inf,0,0,nan,0,nan,0,nan,0,nan,nan,nan,nan,nan,nan,nan,nan,nan
0,c_x_tangent:c_0p05_0p10,t_0_0p005,0,0,nan,0,nan,0,nan,0,nan,nan,nan,nan,nan,nan,nan,nan,nan
0,c_x_tangent:c_0p05_0p10,t_0p005_0p01,0,0,nan,0,nan,0,nan,0,nan,nan,nan,nan,nan,nan,nan,nan,nan
0,c_x_tangent:c_0p05_0p10,t_0p01_0p02,144,0,0.0,144,1.0,144,1.0,0,0.0,0.0642125181226389,0.06428653935722033,0.2596315381255939,3.8516787384832236,4.329976297469435,4.334967694795341,0.02753830244265365,0.029659524076455834
0,c_x_tangent:c_0p05_0p10,t_0p02_0p05,596,0,0.0,596,1.0,596,1.0,0,0.0,0.11112218597237272,0.1128578012144447,0.2121192524168807,4.714329268117008,4.815708919671544,4.8415723857422615,0.03880322507922837,0.04816039843590489
0,c_x_tangent:c_0p05_0p10,t_0p05_0p10,0,0,nan,0,nan,0,nan,0,nan,nan,nan,nan,nan,nan,nan,nan,nan
0,c_x_tangent:c_0p05_0p10,t_0p10_inf,0,0,nan,0,nan,0,nan,0,nan,nan,nan,nan,nan,nan,nan,nan,nan
0,c_x_tangent:c_0p10_0p30,t_0_0p005,0,0,nan,0,nan,0,nan,0,nan,nan,nan,nan,nan,nan,nan,nan,nan
0,c_x_tangent:c_0p10_0p30,t_0p005_0p01,0,0,nan,0,nan,0,nan,0,nan,nan,nan,nan,nan,nan,nan,nan,nan
0,c_x_tangent:c_0p10_0p30,t_0p01_0p02,0,0,nan,0,nan,0,nan,0,nan,nan,nan,nan,nan,nan,nan,nan,nan
0,c_x_tangent:c_0p10_0p30,t_0p02_0p05,660,0,0.0,660,1.0,660,1.0,0,0.0,0.17195809953889168,0.17418196914364265,0.2259496809329477,4.425764160723722,4.597072448469594,4.6099355268644056,0.06475327962746971,0.08106619805218623
0,c_x_tangent:c_0p10_0p30,t_0p05_0p10,664,0,0.0,664,1.0,300,0.45180722891566266,364,0.5481927710843374,0.22965900742701392,0.231334477241452,0.23834051896514558,4.195677943459177,4.593180148540278,4.6266895448290395,0.10235990587930383,0.12085609133466357
0,c_x_tangent:c_0p10_0p30,t_0p10_inf,0,0,nan,0,nan,0,nan,0,nan,nan,nan,nan,nan,nan,nan,nan,nan
0,c_x_tangent:c_0p30_0p70,t_0_0p005,0,0,nan,0,nan,0,nan,0,nan,nan,nan,nan,nan,nan,nan,nan,nan
0,c_x_tangent:c_0p30_0p70,t_0p005_0p01,0,0,nan,0,nan,0,nan,0,nan,nan,nan,nan,nan,nan,nan,nan,nan
0,c_x_tangent:c_0p30_0p70,t_0p01_0p02,0,0,nan,0,nan,0,nan,0,nan,nan,nan,nan,nan,nan,nan,nan,nan
0,c_x_tangent:c_0p30_0p70,t_0p02_0p05,0,0,nan,0,nan,0,nan,0,nan,nan,nan,nan,nan,nan,nan,nan,nan
0,c_x_tangent:c_0p30_0p70,t_0p05_0p10,1632,0,0.0,1632,1.0,0,0.0,1632,1.0,0.25337422172213575,0.25389556482115394,0.20641610064238802,4.844583559028646,5.067484434442715,5.077911296423078,0.14636025225266994,0.15386520038625762
0,c_x_tangent:c_0p30_0p70,t_0p10_inf,0,0,nan,0,nan,0,nan,0,nan,nan,nan,nan,nan,nan,nan,nan,nan
0,c_x_tangent:c_0p70_0p90,t_0_0p005,0,0,nan,0,nan,0,nan,0,nan,nan,nan,nan,nan,nan,nan,nan,nan
0,c_x_tangent:c_0p70_0p90,t_0p005_0p01,0,0,nan,0,nan,0,nan,0,nan,nan,nan,nan,nan,nan,nan,nan,nan
0,c_x_tangent:c_0p70_0p90,t_0p01_0p02,0,0,nan,0,nan,0,nan,0,nan,nan,nan,nan,nan,nan,nan,nan,nan
0,c_x_tangent:c_0p70_0p90,t_0p02_0p05,864,0,0.0,864,1.0,784,0.9074074074074074,80,0.09259259259259259,0.1460838462739554,0.15109892323849466,0.3471653094441184,2.8804721347337425,2.9216769254791077,3.021978464769893,0.07635014006733704,0.1018186767742349
0,c_x_tangent:c_0p70_0p90,t_0p05_0p10,412,0,0.0,412,1.0,0,0.0,412,1.0,0.19127742468719988,0.1914208661034452,0.290490624443796,3.442451892947339,3.8255484937439976,3.8284173220689035,0.1190540784429932,0.13060380568799246
0,c_x_tangent:c_0p70_0p90,t_0p10_inf,0,0,nan,0,nan,0,nan,0,nan,nan,nan,nan,nan,nan,nan,nan,nan
0,c_x_tangent:c_0p90_0p95,t_0_0p005,0,0,nan,0,nan,0,nan,0,nan,nan,nan,nan,nan,nan,nan,nan,nan
0,c_x_tangent:c_0p90_0p95,t_0p005_0p01,0,0,nan,0,nan,0,nan,0,nan,nan,nan,nan,nan,nan,nan,nan,nan
0,c_x_tangent:c_0p90_0p95,t_0p01_0p02,460,0,0.0,460,1.0,460,1.0,0,0.0,0.05968498553451866,0.0609908478116126,0.35918299156727196,2.784096194634841,2.9408180746070065,2.94319161183757,0.033069214250144585,0.04081932050400772
0,c_x_tangent:c_0p90_0p95,t_0p02_0p05,236,0,0.0,236,1.0,236,1.0,0,0.0,0.07476111033753732,0.07532563032785419,0.3423841683878315,2.9206957924154433,2.9312558290014956,2.9348364873657458,0.04649969849406416,0.0512338344047063
0,c_x_tangent:c_0p90_0p95,t_0p05_0p10,0,0,nan,0,nan,0,nan,0,nan,nan,nan,nan,nan,nan,nan,nan,nan
0,c_x_tangent:c_0p90_0p95,t_0p10_inf,0,0,nan,0,nan,0,nan,0,nan,nan,nan,nan,nan,nan,nan,nan,nan
0,c_x_tangent:c_0p95_1,t_0_0p005,60,0,0.0,0,0.0,60,1.0,0,0.0,1.0108948790530817e-05,1.0108948790530817e-05,1.0,0.0006754973387994408,0.0018857110164396888,0.0018857110164396888,0.010501676465884013,0.010721630941751603
0,c_x_tangent:c_0p95_1,t_0p005_0p01,592,0,0.0,12,0.02027027027027027,592,1.0,0,0.0,0.009375747600700863,0.010556764505807245,1.0,0.18892465786881035,0.9321447416683132,1.0216232479413883,0.014813310062430918,0.02011650590641223
0,c_x_tangent:c_0p95_1,t_0p01_0p02,216,0,0.0,216,1.0,216,1.0,0,0.0,0.023432821036532287,0.023490965836118143,0.7246017763163239,1.3800683805713598,1.8305054797930633,1.8350475865286306,0.022858132402095332,0.025602568574863094
0,c_x_tangent:c_0p95_1,t_0p02_0p05,0,0,nan,0,nan,0,nan,0,nan,nan,nan,nan,nan,nan,nan,nan,nan
0,c_x_tangent:c_0p95_1,t_0p05_0p10,0,0,nan,0,nan,0,nan,0,nan,nan,nan,nan,nan,nan,nan,nan,nan
0,c_x_tangent:c_0p95_1,t_0p10_inf,0,0,nan,0,nan,0,nan,0,nan,nan,nan,nan,nan,nan,nan,nan,nan
100,region,none_or_unknown,7500,0,0.0,6300,0.84,4940,0.6586666666666666,2560,0.3413333333333333,0.24607429993342736,0.24834743757138328,0.2699352308217767,3.704592382978882,4.921485998668547,4.966948751427665,0.0644074042178969,0.15052674976705582
100,region,sphere_upper,0,0,nan,0,nan,0,nan,0,nan,nan,nan,nan,nan,nan,nan,nan,nan
100,region,sphere_lower90,0,0,nan,0,nan,0,nan,0,nan,nan,nan,nan,nan,nan,nan,nan,nan
100,region,sphere_bottom120,0,0,nan,0,nan,0,nan,0,nan,nan,nan,nan,nan,nan,nan,nan,nan
100,region,outer_or_other_wall,0,0,nan,0,nan,0,nan,0,nan,nan,nan,nan,nan,nan,nan,nan,nan
100,theta_zone,sphere11,7500,0,0.0,6300,0.84,4940,0.6586666666666666,2560,0.3413333333333333,0.24607429993342736,0.24834743757138328,0.2699352308217767,3.704592382978882,4.921485998668547,4.966948751427665,0.0644074042178969,0.15052674976705582
100,theta_zone,outer90,0,0,nan,0,nan,0,nan,0,nan,nan,nan,nan,nan,nan,nan,nan,nan
100,theta_zone,fallback,0,0,nan,0,nan,0,nan,0,nan,nan,nan,nan,nan,nan,nan,nan,nan
100,c_bin,c_0_0p05,972,0,0.0,368,0.3786008230452675,972,1.0,0,0.0,0.031952382271741187,0.03758748206958571,1.0,0.6201416727270784,2.549447432414755,2.8593595268528555,0.017020536190930212,0.025011108858959786
100,c_bin,c_0p05_0p10,768,0,0.0,768,1.0,768,1.0,0,0.0,0.10553345332300493,0.10778720133529954,0.23374056963136425,4.2782474671689,4.401345461699684,4.423417595410573,0.03727115652438254,0.04978251612342508
100,c_bin,c_0p10_0p30,1348,0,0.0,1348,1.0,936,0.6943620178041543,412,0.3056379821958457,0.21887968188062817,0.22237468847817754,0.24618208515688927,4.062033999601191,4.377593637612563,4.447493769563551,0.08485633179513163,0.11991991186116892
100,c_bin,c_0p30_0p70,1648,0,0.0,1648,1.0,0,0.0,1648,1.0,0.24832753358567353,0.2488144518781984,0.20995573823358699,4.762908664312976,4.96655067171347,4.9762890375639675,0.14503489317792995,0.15192466674796587
100,c_bin,c_0p70_0p90,1252,0,0.0,1252,1.0,752,0.6006389776357828,500,0.3993610223642173,0.190219354647776,0.1936987361878534,0.3448101499428752,2.900146646395619,3.80438709295552,3.8739747237570676,0.09273620696543544,0.12802894472524554
100,c_bin,c_0p90_0p95,680,0,0.0,680,1.0,680,1.0,0,0.0,0.07625952836088941,0.07792348933824415,0.3441174127721202,2.905985074764388,2.9268222755456947,2.9333153584437945,0.03810454307301267,0.052526819536634024
100,c_bin,c_0p95_1,832,0,0.0,236,0.28365384615384615,832,1.0,0,0.0,0.022766824473877914,0.024842908685802724,1.0,0.3645397076263772,1.7535524757919667,1.8614554900257256,0.016794642055852682,0.025966520282566186
100,tangent_bin,t_0_0p005,8,0,0.0,0,0.0,8,1.0,0,0.0,1.7938832038059264e-07,1.7938832038066557e-07,1.0,3.412432979281827e-05,3.412432979290463e-05,3.4124329792918656e-05,0.010513807683214554,0.010513807683214749
100,tangent_bin,t_0p005_0p01,924,0,0.0,0,0.0,924,1.0,0,0.0,0.006718778992648854,0.009161331714768465,1.0,0.08264407468419682,0.6990613495197222,0.8945016961541822,0.013472172431642204,0.019222287134783654
100,tangent_bin,t_0p01_0p02,1472,0,0.0,1204,0.8179347826086957,1472,1.0,0,0.0,0.0584176771167036,0.06254708528577797,0.4892653472149903,2.0438810296401266,3.522912691419368,3.9541822428194666,0.024860213217377636,0.03860174706720654
100,tangent_bin,t_0p02_0p05,2380,0,0.0,2380,1.0,2300,0.9663865546218487,80,0.03361344537815126,0.15706934915860818,0.1673054611500958,0.2509902789742362,3.984218050543099,4.3703016401492,4.401923761949393,0.061042274585642126,0.09689125834883572
100,tangent_bin,t_0p05_0p10,2716,0,0.0,2716,1.0,236,0.08689248895434462,2480,0.9131075110456554,0.2477172115786744,0.24879261413804288,0.22548695144898265,4.434846422704217,4.954344231573488,4.975852282760857,0.13469619892191248,0.15172559575521968
100,tangent_bin,t_0p10_inf,0,0,nan,0,nan,0,nan,0,nan,nan,nan,nan,nan,nan,nan,nan,nan
100,normal_raw_abs_bin,normal_raw_abs_0_1e-4,0,0,nan,0,nan,0,nan,0,nan,nan,nan,nan,nan,nan,nan,nan,nan
100,normal_raw_abs_bin,normal_raw_abs_1e-4_1e-3,0,0,nan,0,nan,0,nan,0,nan,nan,nan,nan,nan,nan,nan,nan,nan
100,normal_raw_abs_bin,normal_raw_abs_1e-3_1e-2,0,0,nan,0,nan,0,nan,0,nan,nan,nan,nan,nan,nan,nan,nan,nan
100,normal_raw_abs_bin,normal_raw_abs_1e-2_5e-2,3148,0,0.0,1948,0.6188055908513341,3148,1.0,0,0.0,0.09520701215764843,0.10449530813974645,0.5617182774852276,1.7802518452433633,4.361009579627713,4.401545154675687,0.02390274284758733,0.04674403712697084
100,normal_raw_abs_bin,normal_raw_abs_5e-2_inf,4352,0,0.0,4352,1.0,1792,0.4117647058823529,2560,0.5882352941176471,0.24730587571107104,0.24867193121114248,0.2450066361627708,4.081522099408145,4.946117514221421,4.973438624222849,0.11211699014483442,0.15142952116798056
100,cap_source,abs_cap_selected,2560,0,0.0,2560,1.0,0,0.0,2560,1.0,0.24774959179416192,0.24879261413804293,0.22269321753520846,4.490482517016474,4.954991835883238,4.975852282760859,0.13583469070783444,0.15173913289280053
100,cap_source,ratio_cap_selected,4940,0,0.0,3740,0.757085020242915,4940,1.0,0,0.0,0.16834481361706646,0.18534390625791058,0.34553929815482876,2.8940268309276975,4.330979271905218,4.39681704343152,0.036874798149411275,0.09315104799051532
100,cap_source,none_or_inactive,0,0,nan,0,nan,0,nan,0,nan,nan,nan,nan,nan,nan,nan,nan,nan
100,limiter_class,none,1200,0,0.0,0,0.0,1200,1.0,0,0.0,0.008390310040632145,0.009742082676511322,1.0,0.16508503632014354,0.8743686012262152,0.9740072722926176,0.014589225509197973,0.01908691413457786
100,limiter_class,abs_cap_limiter,2560,0,0.0,2560,1.0,0,0.0,2560,1.0,0.24774959179416192,0.24879261413804293,0.22269321753520846,4.490482517016474,4.954991835883238,4.975852282760859,0.13583469070783444,0.15173913289280053
100,limiter_class,ratio_cap_limiter,3740,0,0.0,3740,1.0,3740,1.0,0,0.0,0.1723554201528992,0.18591628143827063,0.34277598618253713,2.9173572254489084,4.352590382402337,4.401345461699686,0.04851741987570418,0.09481226607979609
100,limiter_class,secondary_vector_safety,0,0,nan,0,nan,0,nan,0,nan,nan,nan,nan,nan,nan,nan,nan,nan
100,limiter_class,inactive_or_fallback,0,0,nan,0,nan,0,nan,0,nan,nan,nan,nan,nan,nan,nan,nan,nan
100,normal_agreement_bin,normal_0_0p5,0,0,nan,0,nan,0,nan,0,nan,nan,nan,nan,nan,nan,nan,nan,nan
100,normal_agreement_bin,normal_0p5_0p9,0,0,nan,0,nan,0,nan,0,nan,nan,nan,nan,nan,nan,nan,nan,nan
100,normal_agreement_bin,normal_0p9_0p99,0,0,nan,0,nan,0,nan,0,nan,nan,nan,nan,nan,nan,nan,nan,nan
100,normal_agreement_bin,normal_0p99_1p01,7500,0,0.0,6300,0.84,4940,0.6586666666666666,2560,0.3413333333333333,0.24607429993342736,0.24834743757138328,0.2699352308217767,3.704592382978882,4.921485998668547,4.966948751427665,0.0644074042178969,0.15052674976705582
100,c_x_tangent:c_0_0p05,t_0_0p005,0,0,nan,0,nan,0,nan,0,nan,nan,nan,nan,nan,nan,nan,nan,nan
100,c_x_tangent:c_0_0p05,t_0p005_0p01,344,0,0.0,0,0.0,344,1.0,0,0.0,0.001784419186634787,0.0024972909269665913,1.0,0.055836146907386905,0.24402840277548452,0.3278150757895674,0.012692669082050093,0.01462468439197646
100,c_x_tangent:c_0_0p05,t_0p01_0p02,628,0,0.0,368,0.5859872611464968,628,1.0,0,0.0,0.03349477362477052,0.03785245455763735,0.7915223466533685,1.2633882090987005,2.6394923551628735,2.8608319807634213,0.020014721268344644,0.025406771834184754
100,c_x_tangent:c_0_0p05,t_0p02_0p05,0,0,nan,0,nan,0,nan,0,nan,nan,nan,nan,nan,nan,nan,nan,nan
100,c_x_tangent:c_0_0p05,t_0p05_0p10,0,0,nan,0,nan,0,nan,0,nan,nan,nan,nan,nan,nan,nan,nan,nan
100,c_x_tangent:c_0_0p05,t_0p10_inf,0,0,nan,0,nan,0,nan,0,nan,nan,nan,nan,nan,nan,nan,nan,nan
100,c_x_tangent:c_0p05_0p10,t_0_0p005,0,0,nan,0,nan,0,nan,0,nan,nan,nan,nan,nan,nan,nan,nan,nan
100,c_x_tangent:c_0p05_0p10,t_0p005_0p01,0,0,nan,0,nan,0,nan,0,nan,nan,nan,nan,nan,nan,nan,nan,nan
100,c_x_tangent:c_0p05_0p10,t_0p01_0p02,180,0,0.0,180,1.0,180,1.0,0,0.0,0.06254708528577806,0.06345458189955892,0.2962414989133206,3.37562429189773,3.954182242819473,3.9894726534031464,0.02862484870990724,0.03163591430281665
100,c_x_tangent:c_0p05_0p10,t_0p02_0p05,588,0,0.0,588,1.0,588,1.0,0,0.0,0.10573922995967559,0.10848234951272301,0.23138324413948852,4.321834122946058,4.401722240899685,4.437538498543802,0.04039986401548526,0.049782683054279575
100,c_x_tangent:c_0p05_0p10,t_0p05_0p10,0,0,nan,0,nan,0,nan,0,nan,nan,nan,nan,nan,nan,nan,nan,nan
100,c_x_tangent:c_0p05_0p10,t_0p10_inf,0,0,nan,0,nan,0,nan,0,nan,nan,nan,nan,nan,nan,nan,nan,nan
100,c_x_tangent:c_0p10_0p30,t_0_0p005,0,0,nan,0,nan,0,nan,0,nan,nan,nan,nan,nan,nan,nan,nan,nan
100,c_x_tangent:c_0p10_0p30,t_0p005_0p01,0,0,nan,0,nan,0,nan,0,nan,nan,nan,nan,nan,nan,nan,nan,nan
100,c_x_tangent:c_0p10_0p30,t_0p01_0p02,0,0,nan,0,nan,0,nan,0,nan,nan,nan,nan,nan,nan,nan,nan,nan
100,c_x_tangent:c_0p10_0p30,t_0p02_0p05,700,0,0.0,700,1.0,700,1.0,0,0.0,0.1666673247600445,0.16873322236547447,0.24500663616277063,4.081522099408149,4.2237634213335005,4.254927344384089,0.06775126603804194,0.08450961617068738
100,c_x_tangent:c_0p10_0p30,t_0p05_0p10,648,0,0.0,648,1.0,236,0.36419753086419754,412,0.6358024691358025,0.22086981587075358,0.22288469369375907,0.2525086769224586,3.960289821175884,4.417396317415071,4.457693873875181,0.10481850524812819,0.121302380664156
100,c_x_tangent:c_0p10_0p30,t_0p10_inf,0,0,nan,0,nan,0,nan,0,nan,nan,nan,nan,nan,nan,nan,nan,nan
100,c_x_tangent:c_0p30_0p70,t_0_0p005,0,0,nan,0,nan,0,nan,0,nan,nan,nan,nan,nan,nan,nan,nan,nan
100,c_x_tangent:c_0p30_0p70,t_0p005_0p01,0,0,nan,0,nan,0,nan,0,nan,nan,nan,nan,nan,nan,nan,nan,nan
100,c_x_tangent:c_0p30_0p70,t_0p01_0p02,0,0,nan,0,nan,0,nan,0,nan,nan,nan,nan,nan,nan,nan,nan,nan
100,c_x_tangent:c_0p30_0p70,t_0p02_0p05,0,0,nan,0,nan,0,nan,0,nan,nan,nan,nan,nan,nan,nan,nan,nan
100,c_x_tangent:c_0p30_0p70,t_0p05_0p10,1648,0,0.0,1648,1.0,0,0.0,1648,1.0,0.24832753358567353,0.2488144518781984,0.20995573823358699,4.762908664312976,4.96655067171347,4.9762890375639675,0.14503489317792995,0.15192466674796587
100,c_x_tangent:c_0p30_0p70,t_0p10_inf,0,0,nan,0,nan,0,nan,0,nan,nan,nan,nan,nan,nan,nan,nan,nan
100,c_x_tangent:c_0p70_0p90,t_0_0p005,0,0,nan,0,nan,0,nan,0,nan,nan,nan,nan,nan,nan,nan,nan,nan
100,c_x_tangent:c_0p70_0p90,t_0p005_0p01,0,0,nan,0,nan,0,nan,0,nan,nan,nan,nan,nan,nan,nan,nan,nan
100,c_x_tangent:c_0p70_0p90,t_0p01_0p02,0,0,nan,0,nan,0,nan,0,nan,nan,nan,nan,nan,nan,nan,nan,nan
100,c_x_tangent:c_0p70_0p90,t_0p02_0p05,832,0,0.0,832,1.0,752,0.9038461538461539,80,0.09615384615384616,0.14877564871127277,0.15140349429706912,0.3455498238268207,2.8939386796765416,2.975512974225455,3.028069885941382,0.07847187041287565,0.10229241646831069
100,c_x_tangent:c_0p70_0p90,t_0p05_0p10,420,0,0.0,420,1.0,0,0.0,420,1.0,0.1928206392144718,0.19428152710074656,0.2857346807279598,3.499750178915357,3.8564127842894362,3.885630542014931,0.11882126617254204,0.12940940259014844
100,c_x_tangent:c_0p70_0p90,t_0p10_inf,0,0,nan,0,nan,0,nan,0,nan,nan,nan,nan,nan,nan,nan,nan,nan
100,c_x_tangent:c_0p90_0p95,t_0_0p005,0,0,nan,0,nan,0,nan,0,nan,nan,nan,nan,nan,nan,nan,nan,nan
100,c_x_tangent:c_0p90_0p95,t_0p005_0p01,0,0,nan,0,nan,0,nan,0,nan,nan,nan,nan,nan,nan,nan,nan,nan
100,c_x_tangent:c_0p90_0p95,t_0p01_0p02,420,0,0.0,420,1.0,420,1.0,0,0.0,0.06046596122689619,0.06088197515063418,0.36482827559445236,2.7410156144575053,2.930175352145884,2.93331535844381,0.03361079439931769,0.0414469165931487
100,c_x_tangent:c_0p90_0p95,t_0p02_0p05,260,0,0.0,260,1.0,260,1.0,0,0.0,0.07731468313834705,0.0779234893382445,0.3437141659657384,2.9093941973275568,2.9209439457484114,2.923064750842608,0.04762442611831158,0.05316384158116961
100,c_x_tangent:c_0p90_0p95,t_0p05_0p10,0,0,nan,0,nan,0,nan,0,nan,nan,nan,nan,nan,nan,nan,nan,nan
100,c_x_tangent:c_0p90_0p95,t_0p10_inf,0,0,nan,0,nan,0,nan,0,nan,nan,nan,nan,nan,nan,nan,nan,nan
100,c_x_tangent:c_0p95_1,t_0_0p005,8,0,0.0,0,0.0,8,1.0,0,0.0,1.7938832038059264e-07,1.7938832038066557e-07,1.0,3.412432979281827e-05,3.412432979290463e-05,3.4124329792918656e-05,0.010513807683214554,0.010513807683214749
100,c_x_tangent:c_0p95_1,t_0p005_0p01,580,0,0.0,0,0.0,580,1.0,0,0.0,0.008855620696515042,0.009742082676511298,1.0,0.15548324737309918,0.8707697952306178,0.9379040243315662,0.014764229808305052,0.020339751665753747
100,c_x_tangent:c_0p95_1,t_0p01_0p02,244,0,0.0,236,0.9672131147540983,244,1.0,0,0.0,0.024842908685802287,0.02492157948080349,0.7565234436515247,1.3218361022274245,1.8614554900257012,1.8673514815895875,0.02323867907247279,0.026691899973312925
100,c_x_tangent:c_0p95_1,t_0p02_0p05,0,0,nan,0,nan,0,nan,0,nan,nan,nan,nan,nan,nan,nan,nan,nan
100,c_x_tangent:c_0p95_1,t_0p05_0p10,0,0,nan,0,nan,0,nan,0,nan,nan,nan,nan,nan,nan,nan,nan,nan
100,c_x_tangent:c_0p95_1,t_0p10_inf,0,0,nan,0,nan,0,nan,0,nan,nan,nan,nan,nan,nan,nan,nan,nan
200,region,none_or_unknown,7516,0,0.0,6324,0.8414050026609899,4948,0.6583288983501863,2568,0.34167110164981374,0.2424712104773208,0.24466554649307123,0.26847465310934204,3.7247464087148994,4.849424209546415,4.893310929861425,0.06498288389029935,0.1508260809606733
200,region,sphere_upper,0,0,nan,0,nan,0,nan,0,nan,nan,nan,nan,nan,nan,nan,nan,nan
200,region,sphere_lower90,0,0,nan,0,nan,0,nan,0,nan,nan,nan,nan,nan,nan,nan,nan,nan
200,region,sphere_bottom120,0,0,nan,0,nan,0,nan,0,nan,nan,nan,nan,nan,nan,nan,nan,nan
200,region,outer_or_other_wall,0,0,nan,0,nan,0,nan,0,nan,nan,nan,nan,nan,nan,nan,nan,nan
200,theta_zone,sphere11,7516,0,0.0,6324,0.8414050026609899,4948,0.6583288983501863,2568,0.34167110164981374,0.2424712104773208,0.24466554649307123,0.26847465310934204,3.7247464087148994,4.849424209546415,4.893310929861425,0.06498288389029935,0.1508260809606733
200,theta_zone,outer90,0,0,nan,0,nan,0,nan,0,nan,nan,nan,nan,nan,nan,nan,nan,nan
200,theta_zone,fallback,0,0,nan,0,nan,0,nan,0,nan,nan,nan,nan,nan,nan,nan,nan,nan
200,c_bin,c_0_0p05,972,0,0.0,376,0.3868312757201646,972,1.0,0,0.0,0.033983713847654175,0.036478295981153326,1.0,0.6869607255006425,2.66345223899795,2.798026011421629,0.017482905120349456,0.02558166457476939
200,c_bin,c_0p05_0p10,760,0,0.0,760,1.0,760,1.0,0,0.0,0.10403946417317714,0.10546203672618876,0.23741692035077444,4.211999713895812,4.366327357742046,4.39456191641352,0.03764723150264461,0.04995596851741935
200,c_bin,c_0p10_0p30,1372,0,0.0,1372,1.0,960,0.6997084548104956,412,0.30029154518950435,0.21467358152947763,0.2181013744573613,0.2524208448368145,3.961637956827544,4.293471630589552,4.362027489147226,0.08566573979426181,0.12070296580587803
200,c_bin,c_0p30_0p70,1648,0,0.0,1648,1.0,0,0.0,1648,1.0,0.24454079793302386,0.2451510310023694,0.21330214900368427,4.688187103792071,4.890815958660476,4.903020620047387,0.14543449717360868,0.15220802179286896
200,c_bin,c_0p70_0p90,1260,0,0.0,1260,1.0,752,0.5968253968253968,508,0.4031746031746032,0.19048544916526317,0.19385961976380667,0.3436919198380294,2.9095825135233526,3.809708983305263,3.877192395276133,0.09302786065232818,0.12836567647890385
200,c_bin,c_0p90_0p95,672,0,0.0,672,1.0,672,1.0,0,0.0,0.07573665970763131,0.07774709425661486,0.3436656234359568,2.909805147230134,2.928166086383191,2.9338420372405833,0.037754167555143325,0.052075904173896945
200,c_bin,c_0p95_1,832,0,0.0,236,0.28365384615384615,832,1.0,0,0.0,0.023083688652842122,0.025172559901593495,1.0,0.37449263746548966,1.7697181997343234,1.8775321779995877,0.016890565840424587,0.02608741957175109
200,tangent_bin,t_0_0p005,8,0,0.0,0,0.0,8,1.0,0,0.0,6.625702960543111e-07,6.625702960543223e-07,1.0,0.00012518864131406444,0.0001251886413141688,0.0001251886413141724,0.010585150363467077,0.010585150363467336
200,tangent_bin,t_0p005_0p01,924,0,0.0,0,0.0,924,1.0,0,0.0,0.006882586064702478,0.00935224917668473,1.0,0.1071462805749993,0.7122736140376341,0.9083983573125216,0.013629396938839553,0.01932568026965756
200,tangent_bin,t_0p01_0p02,1464,0,0.0,1204,0.8224043715846995,1464,1.0,0,0.0,0.05865191173708744,0.06165222973057595,0.49168848309641977,2.0338080601409994,3.5099991517402898,3.9230736034811033,0.02550790619880456,0.03775416755514359
200,tangent_bin,t_0p02_0p05,2424,0,0.0,2424,1.0,2344,0.966996699669967,80,0.033003300330033,0.15660764572096567,0.16800391241561996,0.25817036673192895,3.8734112387048265,4.289839366902554,4.370814441065066,0.06211615168299034,0.09719297212083713
200,tangent_bin,t_0p05_0p10,2696,0,0.0,2696,1.0,208,0.0771513353115727,2488,0.9228486646884273,0.2441721159141908,0.24512751144275347,0.22714919472894762,4.402393202452818,4.883442318283816,4.902550228855069,0.13525960299816933,0.1520207122874198
200,tangent_bin,t_0p10_inf,0,0,nan,0,nan,0,nan,0,nan,nan,nan,nan,nan,nan,nan,nan,nan
200,normal_raw_abs_bin,normal_raw_abs_0_1e-4,0,0,nan,0,nan,0,nan,0,nan,nan,nan,nan,nan,nan,nan,nan,nan
200,normal_raw_abs_bin,normal_raw_abs_1e-4_1e-3,0,0,nan,0,nan,0,nan,0,nan,nan,nan,nan,nan,nan,nan,nan,nan
200,normal_raw_abs_bin,normal_raw_abs_1e-3_1e-2,0,0,nan,0,nan,0,nan,0,nan,nan,nan,nan,nan,nan,nan,nan,nan
200,normal_raw_abs_bin,normal_raw_abs_1e-2_5e-2,3132,0,0.0,1940,0.6194125159642401,3132,1.0,0,0.0,0.09468498745023207,0.10222354453545392,0.5552194677949475,1.8010895834965894,4.281698533011022,4.369423445234927,0.02425374050896035,0.046911723854162174
200,normal_raw_abs_bin,normal_raw_abs_5e-2_inf,4384,0,0.0,4384,1.0,1816,0.4142335766423358,2568,0.5857664233576643,0.24361241026228644,0.2448556466978553,0.24907089354233827,4.014921633804573,4.872248205245729,4.897112933957105,0.11244687393916303,0.15173210202558546
200,cap_source,abs_cap_selected,2568,0,0.0,2568,1.0,0,0.0,2568,1.0,0.24418924991856705,0.2451275114427536,0.22535394769284445,4.437465144523054,4.883784998371341,4.902550228855072,0.13624524600617094,0.1520207122874202
200,cap_source,ratio_cap_selected,4948,0,0.0,3756,0.7590945836701698,4948,1.0,0,0.0,0.16594321568065074,0.18232741801168137,0.34438695901374783,2.9037104159338396,4.257598574106978,4.350618644875223,0.03726353104548741,0.09332985418909126
200,cap_source,none_or_inactive,0,0,nan,0,nan,0,nan,0,nan,nan,nan,nan,nan,nan,nan,nan,nan
200,limiter_class,none,1192,0,0.0,0,0.0,1192,1.0,0,0.0,0.008800378297937369,0.009937662377744374,1.0,0.18903697501433692,0.8882618379643205,0.9755470686688019,0.01474724279276457,0.019189920011222297
200,limiter_class,abs_cap_limiter,2568,0,0.0,2568,1.0,0,0.0,2568,1.0,0.24418924991856705,0.2451275114427536,0.22535394769284445,4.437465144523054,4.883784998371341,4.902550228855072,0.13624524600617094,0.1520207122874202
200,limiter_class,ratio_cap_limiter,3756,0,0.0,3756,1.0,3756,1.0,0,0.0,0.1698367391892174,0.18283059182980915,0.34257927330414395,2.919032404836103,4.270414402350409,4.366327357742046,0.048689899464915753,0.095109187035239
200,limiter_class,secondary_vector_safety,0,0,nan,0,nan,0,nan,0,nan,nan,nan,nan,nan,nan,nan,nan,nan
200,limiter_class,inactive_or_fallback,0,0,nan,0,nan,0,nan,0,nan,nan,nan,nan,nan,nan,nan,nan,nan
200,normal_agreement_bin,normal_0_0p5,0,0,nan,0,nan,0,nan,0,nan,nan,nan,nan,nan,nan,nan,nan,nan
200,normal_agreement_bin,normal_0p5_0p9,0,0,nan,0,nan,0,nan,0,nan,nan,nan,nan,nan,nan,nan,nan,nan
200,normal_agreement_bin,normal_0p9_0p99,0,0,nan,0,nan,0,nan,0,nan,nan,nan,nan,nan,nan,nan,nan,nan
200,normal_agreement_bin,normal_0p99_1p01,7516,0,0.0,6324,0.8414050026609899,4948,0.6583288983501863,2568,0.34167110164981374,0.2424712104773208,0.24466554649307123,0.26847465310934204,3.7247464087148994,4.849424209546415,4.893310929861425,0.06498288389029935,0.1508260809606733
200,c_x_tangent:c_0_0p05,t_0_0p005,0,0,nan,0,nan,0,nan,0,nan,nan,nan,nan,nan,nan,nan,nan,nan
200,c_x_tangent:c_0_0p05,t_0p005_0p01,344,0,0.0,0,0.0,344,1.0,0,0.0,0.0021322682582909412,0.002395651410720241,1.0,0.07095252629754326,0.2847865517688134,0.3148042317345276,0.013183543511714678,0.014915283032186418
200,c_x_tangent:c_0_0p05,t_0p01_0p02,628,0,0.0,376,0.5987261146496815,628,1.0,0,0.0,0.03489211130792411,0.03759951720134849,0.7422939315674533,1.3471752327118796,2.6981525488306306,2.8268557200205406,0.020491123968791713,0.025965072181348286
200,c_x_tangent:c_0_0p05,t_0p02_0p05,0,0,nan,0,nan,0,nan,0,nan,nan,nan,nan,nan,nan,nan,nan,nan
200,c_x_tangent:c_0_0p05,t_0p05_0p10,0,0,nan,0,nan,0,nan,0,nan,nan,nan,nan,nan,nan,nan,nan,nan
200,c_x_tangent:c_0_0p05,t_0p10_inf,0,0,nan,0,nan,0,nan,0,nan,nan,nan,nan,nan,nan,nan,nan,nan
200,c_x_tangent:c_0p05_0p10,t_0_0p005,0,0,nan,0,nan,0,nan,0,nan,nan,nan,nan,nan,nan,nan,nan,nan
200,c_x_tangent:c_0p05_0p10,t_0p005_0p01,0,0,nan,0,nan,0,nan,0,nan,nan,nan,nan,nan,nan,nan,nan,nan
200,c_x_tangent:c_0p05_0p10,t_0p01_0p02,180,0,0.0,180,1.0,180,1.0,0,0.0,0.06165222973057605,0.06246344128499991,0.2868528357384359,3.4861081203040323,3.9230736034811096,3.9709775614860012,0.029394869048465774,0.03143057508575389
200,c_x_tangent:c_0p05_0p10,t_0p02_0p05,580,0,0.0,580,1.0,580,1.0,0,0.0,0.1052108234278329,0.10557516659240264,0.23625414463723504,4.23272997616819,4.370814441065059,4.400550187631065,0.04109745840853521,0.05011737753167289
200,c_x_tangent:c_0p05_0p10,t_0p05_0p10,0,0,nan,0,nan,0,nan,0,nan,nan,nan,nan,nan,nan,nan,nan,nan
200,c_x_tangent:c_0p05_0p10,t_0p10_inf,0,0,nan,0,nan,0,nan,0,nan,nan,nan,nan,nan,nan,nan,nan,nan
200,c_x_tangent:c_0p10_0p30,t_0_0p005,0,0,nan,0,nan,0,nan,0,nan,nan,nan,nan,nan,nan,nan,nan,nan
200,c_x_tangent:c_0p10_0p30,t_0p005_0p01,0,0,nan,0,nan,0,nan,0,nan,nan,nan,nan,nan,nan,nan,nan,nan
200,c_x_tangent:c_0p10_0p30,t_0p01_0p02,0,0,nan,0,nan,0,nan,0,nan,nan,nan,nan,nan,nan,nan,nan,nan
200,c_x_tangent:c_0p10_0p30,t_0p02_0p05,752,0,0.0,752,1.0,752,1.0,0,0.0,0.16594321568065076,0.16859231424481505,0.25133455236435065,3.978760542841464,4.13531774916551,4.164540932382358,0.06898261384464419,0.08672568933405046
200,c_x_tangent:c_0p10_0p30,t_0p05_0p10,620,0,0.0,620,1.0,208,0.33548387096774196,412,0.6645161290322581,0.2167378779710983,0.21859554889464972,0.2563108726491734,3.901512213134845,4.334757559421966,4.371910977892994,0.10615692319956205,0.12240441004299796
200,c_x_tangent:c_0p10_0p30,t_0p10_inf,0,0,nan,0,nan,0,nan,0,nan,nan,nan,nan,nan,nan,nan,nan,nan
200,c_x_tangent:c_0p30_0p70,t_0_0p005,0,0,nan,0,nan,0,nan,0,nan,nan,nan,nan,nan,nan,nan,nan,nan
200,c_x_tangent:c_0p30_0p70,t_0p005_0p01,0,0,nan,0,nan,0,nan,0,nan,nan,nan,nan,nan,nan,nan,nan,nan
200,c_x_tangent:c_0p30_0p70,t_0p01_0p02,0,0,nan,0,nan,0,nan,0,nan,nan,nan,nan,nan,nan,nan,nan,nan
200,c_x_tangent:c_0p30_0p70,t_0p02_0p05,0,0,nan,0,nan,0,nan,0,nan,nan,nan,nan,nan,nan,nan,nan,nan
200,c_x_tangent:c_0p30_0p70,t_0p05_0p10,1648,0,0.0,1648,1.0,0,0.0,1648,1.0,0.24454079793302386,0.2451510310023694,0.21330214900368427,4.688187103792071,4.890815958660476,4.903020620047387,0.14543449717360868,0.15220802179286896
200,c_x_tangent:c_0p30_0p70,t_0p10_inf,0,0,nan,0,nan,0,nan,0,nan,nan,nan,nan,nan,nan,nan,nan,nan
200,c_x_tangent:c_0p70_0p90,t_0_0p005,0,0,nan,0,nan,0,nan,0,nan,nan,nan,nan,nan,nan,nan,nan,nan
200,c_x_tangent:c_0p70_0p90,t_0p005_0p01,0,0,nan,0,nan,0,nan,0,nan,nan,nan,nan,nan,nan,nan,nan,nan
200,c_x_tangent:c_0p70_0p90,t_0p01_0p02,0,0,nan,0,nan,0,nan,0,nan,nan,nan,nan,nan,nan,nan,nan,nan
200,c_x_tangent:c_0p70_0p90,t_0p02_0p05,832,0,0.0,832,1.0,752,0.9038461538461539,80,0.09615384615384616,0.14847588710965615,0.15222546217863536,0.34438492064907184,2.9037276026787264,2.969517742193123,3.0445092435727066,0.07793014817588956,0.10177487145119832
200,c_x_tangent:c_0p70_0p90,t_0p05_0p10,428,0,0.0,428,1.0,0,0.0,428,1.0,0.19302776054438928,0.1944673351386353,0.28472272294627865,3.512188945273186,3.860555210887785,3.8893467027727056,0.11915752817148703,0.12974521583485069
200,c_x_tangent:c_0p70_0p90,t_0p10_inf,0,0,nan,0,nan,0,nan,0,nan,nan,nan,nan,nan,nan,nan,nan,nan
200,c_x_tangent:c_0p90_0p95,t_0_0p005,0,0,nan,0,nan,0,nan,0,nan,nan,nan,nan,nan,nan,nan,nan,nan
200,c_x_tangent:c_0p90_0p95,t_0p005_0p01,0,0,nan,0,nan,0,nan,0,nan,nan,nan,nan,nan,nan,nan,nan,nan
200,c_x_tangent:c_0p90_0p95,t_0p01_0p02,412,0,0.0,412,1.0,412,1.0,0,0.0,0.05896438972227998,0.060909201635267717,0.3634346124387733,2.7515265904082455,2.930664319096928,2.9338420372406504,0.03374884764170491,0.04028659309268978
200,c_x_tangent:c_0p90_0p95,t_0p02_0p05,260,0,0.0,260,1.0,260,1.0,0,0.0,0.07743743033297107,0.07774709425661532,0.3430885803064193,2.914699169255006,2.92316037331118,2.92528929048732,0.047204859768521845,0.053346692499737836
200,c_x_tangent:c_0p90_0p95,t_0p05_0p10,0,0,nan,0,nan,0,nan,0,nan,nan,nan,nan,nan,nan,nan,nan,nan
200,c_x_tangent:c_0p90_0p95,t_0p10_inf,0,0,nan,0,nan,0,nan,0,nan,nan,nan,nan,nan,nan,nan,nan,nan
200,c_x_tangent:c_0p95_1,t_0_0p005,8,0,0.0,0,0.0,8,1.0,0,0.0,6.625702960543111e-07,6.625702960543223e-07,1.0,0.00012518864131406444,0.0001251886413141688,0.0001251886413141724,0.010585150363467077,0.010585150363467336
200,c_x_tangent:c_0p95_1,t_0p005_0p01,580,0,0.0,0,0.0,580,1.0,0,0.0,0.009043672707268465,0.009937662377744341,1.0,0.16165243961814024,0.8846255621768466,0.9517951080913973,0.014853159449327163,0.020446329145212622
200,c_x_tangent:c_0p95_1,t_0p01_0p02,244,0,0.0,236,0.9672131147540983,244,1.0,0,0.0,0.025172559901593266,0.025252997356415566,0.7477828781727061,1.3372865696572456,1.877532177999547,1.8835328868941446,0.023352933857676672,0.026814501124062234
200,c_x_tangent:c_0p95_1,t_0p02_0p05,0,0,nan,0,nan,0,nan,0,nan,nan,nan,nan,nan,nan,nan,nan,nan
200,c_x_tangent:c_0p95_1,t_0p05_0p10,0,0,nan,0,nan,0,nan,0,nan,nan,nan,nan,nan,nan,nan,nan,nan
200,c_x_tangent:c_0p95_1,t_0p10_inf,0,0,nan,0,nan,0,nan,0,nan,nan,nan,nan,nan,nan,nan,nan,nan
300,region,none_or_unknown,7584,0,0.0,6356,0.8380801687763713,5008,0.6603375527426161,2576,0.339662447257384,0.23929461288066306,0.24143689161125667,0.2737140280929403,3.6534481151185876,4.78589225761326,4.8287378322251335,0.06475899465128235,0.1510717344021805
300,region,sphere_upper,0,0,nan,0,nan,0,nan,0,nan,nan,nan,nan,nan,nan,nan,nan,nan
300,region,sphere_lower90,0,0,nan,0,nan,0,nan,0,nan,nan,nan,nan,nan,nan,nan,nan,nan
300,region,sphere_bottom120,0,0,nan,0,nan,0,nan,0,nan,nan,nan,nan,nan,nan,nan,nan,nan
300,region,outer_or_other_wall,0,0,nan,0,nan,0,nan,0,nan,nan,nan,nan,nan,nan,nan,nan,nan
300,theta_zone,sphere11,7584,0,0.0,6356,0.8380801687763713,5008,0.6603375527426161,2576,0.339662447257384,0.23929461288066306,0.24143689161125667,0.2737140280929403,3.6534481151185876,4.78589225761326,4.8287378322251335,0.06475899465128235,0.1510717344021805
300,theta_zone,outer90,0,0,nan,0,nan,0,nan,0,nan,nan,nan,nan,nan,nan,nan,nan,nan
300,theta_zone,fallback,0,0,nan,0,nan,0,nan,0,nan,nan,nan,nan,nan,nan,nan,nan,nan
300,c_bin,c_0_0p05,1016,0,0.0,384,0.3779527559055118,1016,1.0,0,0.0,0.03572855024629169,0.03724834634627142,1.0,0.6463178685538122,2.710294450908857,2.7956334798975075,0.017285512272529238,0.026275035927840085
300,c_bin,c_0p05_0p10,760,0,0.0,760,1.0,760,1.0,0,0.0,0.10207015219501359,0.10442212476715124,0.24180287821352153,4.13560006972688,4.296034944443076,4.332110174669586,0.0373122118381848,0.05023367123672593
300,c_bin,c_0p10_0p30,1396,0,0.0,1396,1.0,976,0.6991404011461319,420,0.3008595988538682,0.2111047842174636,0.21445372394104487,0.25762643081720715,3.8815893106461843,4.222095684349272,4.289074478820897,0.086283151743107,0.12131990688007172
300,c_bin,c_0p30_0p70,1648,0,0.0,1648,1.0,0,0.0,1648,1.0,0.2414301625887605,0.24205195505194,0.21568339569685285,4.636426085396575,4.82860325177521,4.8410391010388,0.1457460148118219,0.15244141041839634
300,c_bin,c_0p70_0p90,1260,0,0.0,1260,1.0,752,0.5968253968253968,508,0.4031746031746032,0.190786396850623,0.1940483263260993,0.3419849404598586,2.924105367491694,3.81572793701246,3.880966526521986,0.09327596278495917,0.12867925103704064
300,c_bin,c_0p90_0p95,672,0,0.0,672,1.0,672,1.0,0,0.0,0.07628071847956912,0.07831564979929898,0.3419385201470663,2.924502333665493,2.9410054403853523,2.9454031821925963,0.03780339764851981,0.05216743146678937
300,c_bin,c_0p95_1,832,0,0.0,236,0.28365384615384615,832,1.0,0,0.0,0.023214932548744793,0.025316241892212897,1.0,0.3768003008687258,1.7779119637765806,1.8862501897817758,0.016908801714324156,0.026114832418952537
300,tangent_bin,t_0_0p005,8,0,0.0,0,0.0,8,1.0,0,0.0,7.899697471021008e-07,7.899697471024339e-07,1.0,0.00014906358613478514,0.00014906358613493882,0.00014906358613500209,0.010599097574199079,0.010599097574199301
300,tangent_bin,t_0p005_0p01,968,0,0.0,0,0.0,968,1.0,0,0.0,0.006461785834754582,0.009132589185380121,1.0,0.11244972854146945,0.6775265145037805,0.8923960100892936,0.013746037384482903,0.019074636036900478
300,tangent_bin,t_0p01_0p02,1472,0,0.0,1220,0.8288043478260869,1472,1.0,0,0.0,0.058942581801434295,0.06187450156673327,0.48483651189243493,2.0625711099661617,3.576116375587805,3.8813612865543066,0.02568582723736693,0.03780314951845731
300,tangent_bin,t_0p02_0p05,2432,0,0.0,2432,1.0,2368,0.9736842105263158,64,0.02631578947368421,0.15618354974500642,0.16585047911878784,0.26432494118930483,3.783222258748882,4.222323602773878,4.316540128972726,0.06237464541830098,0.09578221538673659
300,tangent_bin,t_0p05_0p10,2704,0,0.0,2704,1.0,192,0.07100591715976332,2512,0.9289940828402367,0.2409672026736702,0.24190943062398082,0.22907234239067018,4.365433162134237,4.8193440534734036,4.838188612479616,0.13556406975282653,0.15225825532441967
300,tangent_bin,t_0p10_inf,0,0,nan,0,nan,0,nan,0,nan,nan,nan,nan,nan,nan,nan,nan,nan
300,normal_raw_abs_bin,normal_raw_abs_0_1e-4,0,0,nan,0,nan,0,nan,0,nan,nan,nan,nan,nan,nan,nan,nan,nan
300,normal_raw_abs_bin,normal_raw_abs_1e-4_1e-3,0,0,nan,0,nan,0,nan,0,nan,nan,nan,nan,nan,nan,nan,nan,nan
300,normal_raw_abs_bin,normal_raw_abs_1e-3_1e-2,0,0,nan,0,nan,0,nan,0,nan,nan,nan,nan,nan,nan,nan,nan,nan
300,normal_raw_abs_bin,normal_raw_abs_1e-2_5e-2,3168,0,0.0,1940,0.6123737373737373,3168,1.0,0,0.0,0.09213563877681488,0.10071235267759969,0.5582353097146722,1.7913943538857213,4.212107061147585,4.302801655337863,0.023620958422330647,0.04696391026443509
300,normal_raw_abs_bin,normal_raw_abs_5e-2_inf,4416,0,0.0,4416,1.0,1840,0.4166666666666667,2576,0.5833333333333334,0.24052127362694994,0.24173414783528543,0.2538006751681563,3.940099841489576,4.8104254725389985,4.834682956705708,0.11264446974235243,0.15196918412531168
300,cap_source,abs_cap_selected,2576,0,0.0,2576,1.0,0,0.0,2576,1.0,0.24103518218149322,0.24191018628013153,0.2275186104637822,4.395244845955958,4.820703643629864,4.8382037256026305,0.13653739391312958,0.1522588085444055
300,cap_source,ratio_cap_selected,5008,0,0.0,3780,0.7547923322683706,5008,1.0,0,0.0,0.1636491198512528,0.17960419982857334,0.3425177535788897,2.91955669319686,4.183366871616712,4.274488492522207,0.03706731625986298,0.09332239798243014
300,cap_source,none_or_inactive,0,0,nan,0,nan,0,nan,0,nan,nan,nan,nan,nan,nan,nan,nan,nan
300,limiter_class,none,1228,0,0.0,0,0.0,1228,1.0,0,0.0,0.008838523056723453,0.009992131635643995,1.0,0.172800042153696,0.9125563032383438,0.9788533482918947,0.014658600945852196,0.01920994159328241
300,limiter_class,abs_cap_limiter,2576,0,0.0,2576,1.0,0,0.0,2576,1.0,0.24103518218149322,0.24191018628013153,0.2275186104637822,4.395244845955958,4.820703643629864,4.8382037256026305,0.13653739391312958,0.1522588085444055
300,limiter_class,ratio_cap_limiter,3780,0,0.0,3780,1.0,3780,1.0,0,0.0,0.16743671045309522,0.1801713907579516,0.3409780508459741,2.9327400913899817,4.198338309486458,4.296034944443077,0.04857063872314907,0.09545310056007072
300,limiter_class,secondary_vector_safety,0,0,nan,0,nan,0,nan,0,nan,nan,nan,nan,nan,nan,nan,nan,nan
300,limiter_class,inactive_or_fallback,0,0,nan,0,nan,0,nan,0,nan,nan,nan,nan,nan,nan,nan,nan,nan
300,normal_agreement_bin,normal_0_0p5,0,0,nan,0,nan,0,nan,0,nan,nan,nan,nan,nan,nan,nan,nan,nan
300,normal_agreement_bin,normal_0p5_0p9,0,0,nan,0,nan,0,nan,0,nan,nan,nan,nan,nan,nan,nan,nan,nan
300,normal_agreement_bin,normal_0p9_0p99,0,0,nan,0,nan,0,nan,0,nan,nan,nan,nan,nan,nan,nan,nan,nan
300,normal_agreement_bin,normal_0p99_1p01,7584,0,0.0,6356,0.8380801687763713,5008,0.6603375527426161,2576,0.339662447257384,0.23929461288066306,0.24143689161125667,0.2737140280929403,3.6534481151185876,4.78589225761326,4.8287378322251335,0.06475899465128235,0.1510717344021805
300,c_x_tangent:c_0_0p05,t_0_0p005,0,0,nan,0,nan,0,nan,0,nan,nan,nan,nan,nan,nan,nan,nan,nan
300,c_x_tangent:c_0_0p05,t_0p005_0p01,396,0,0.0,0,0.0,396,1.0,0,0.0,0.0023668122297151382,0.0027267237530711006,1.0,0.07493619194162138,0.31045487087262025,0.34898697978918924,0.013242191328368215,0.015247383447794203
300,c_x_tangent:c_0_0p05,t_0p01_0p02,620,0,0.0,384,0.6193548387096774,620,1.0,0,0.0,0.036235158303865554,0.03782267339685619,0.7688211412159831,1.3006926401872607,2.75669846340934,2.8217953263284055,0.020503911104629343,0.026365372152707664
300,c_x_tangent:c_0_0p05,t_0p02_0p05,0,0,nan,0,nan,0,nan,0,nan,nan,nan,nan,nan,nan,nan,nan,nan
300,c_x_tangent:c_0_0p05,t_0p05_0p10,0,0,nan,0,nan,0,nan,0,nan,nan,nan,nan,nan,nan,nan,nan,nan
300,c_x_tangent:c_0_0p05,t_0p10_inf,0,0,nan,0,nan,0,nan,0,nan,nan,nan,nan,nan,nan,nan,nan,nan
300,c_x_tangent:c_0p05_0p10,t_0_0p005,0,0,nan,0,nan,0,nan,0,nan,nan,nan,nan,nan,nan,nan,nan,nan
300,c_x_tangent:c_0p05_0p10,t_0p005_0p01,0,0,nan,0,nan,0,nan,0,nan,nan,nan,nan,nan,nan,nan,nan,nan
300,c_x_tangent:c_0p05_0p10,t_0p01_0p02,196,0,0.0,196,1.0,196,1.0,0,0.0,0.06187450156673333,0.06404969806089798,0.2815498266347942,3.5517691910964193,3.8813612865543123,3.9753632324275516,0.029742731671341303,0.03209737037715872
300,c_x_tangent:c_0p05_0p10,t_0p02_0p05,564,0,0.0,564,1.0,564,1.0,0,0.0,0.10238782319089025,0.10517838152043618,0.23945628083131482,4.176127669436454,4.316540128972722,4.334762874606115,0.040760202325376055,0.050483863512899955
300,c_x_tangent:c_0p05_0p10,t_0p05_0p10,0,0,nan,0,nan,0,nan,0,nan,nan,nan,nan,nan,nan,nan,nan,nan
300,c_x_tangent:c_0p05_0p10,t_0p10_inf,0,0,nan,0,nan,0,nan,0,nan,nan,nan,nan,nan,nan,nan,nan,nan
300,c_x_tangent:c_0p10_0p30,t_0_0p005,0,0,nan,0,nan,0,nan,0,nan,nan,nan,nan,nan,nan,nan,nan,nan
300,c_x_tangent:c_0p10_0p30,t_0p005_0p01,0,0,nan,0,nan,0,nan,0,nan,nan,nan,nan,nan,nan,nan,nan,nan
300,c_x_tangent:c_0p10_0p30,t_0p01_0p02,0,0,nan,0,nan,0,nan,0,nan,nan,nan,nan,nan,nan,nan,nan,nan
300,c_x_tangent:c_0p10_0p30,t_0p02_0p05,784,0,0.0,784,1.0,784,1.0,0,0.0,0.16415460969859563,0.1664648003209087,0.2569347081711698,3.8920393710833356,4.052960299859131,4.078824130110785,0.06971951951543287,0.08802510057683598
300,c_x_tangent:c_0p10_0p30,t_0p05_0p10,612,0,0.0,612,1.0,192,0.3137254901960784,420,0.6862745098039216,0.21321768478491618,0.2149353703346214,0.2583030928061137,3.8714209308775698,4.264353695698323,4.298707406692428,0.108005147589463,0.12300080545987507
300,c_x_tangent:c_0p10_0p30,t_0p10_inf,0,0,nan,0,nan,0,nan,0,nan,nan,nan,nan,nan,nan,nan,nan,nan
300,c_x_tangent:c_0p30_0p70,t_0_0p005,0,0,nan,0,nan,0,nan,0,nan,nan,nan,nan,nan,nan,nan,nan,nan
300,c_x_tangent:c_0p30_0p70,t_0p005_0p01,0,0,nan,0,nan,0,nan,0,nan,nan,nan,nan,nan,nan,nan,nan,nan
300,c_x_tangent:c_0p30_0p70,t_0p01_0p02,0,0,nan,0,nan,0,nan,0,nan,nan,nan,nan,nan,nan,nan,nan,nan
300,c_x_tangent:c_0p30_0p70,t_0p02_0p05,0,0,nan,0,nan,0,nan,0,nan,nan,nan,nan,nan,nan,nan,nan,nan
300,c_x_tangent:c_0p30_0p70,t_0p05_0p10,1648,0,0.0,1648,1.0,0,0.0,1648,1.0,0.2414301625887605,0.24205195505194,0.21568339569685285,4.636426085396575,4.82860325177521,4.8410391010388,0.1457460148118219,0.15244141041839634
300,c_x_tangent:c_0p30_0p70,t_0p10_inf,0,0,nan,0,nan,0,nan,0,nan,nan,nan,nan,nan,nan,nan,nan,nan
300,c_x_tangent:c_0p70_0p90,t_0_0p005,0,0,nan,0,nan,0,nan,0,nan,nan,nan,nan,nan,nan,nan,nan,nan
300,c_x_tangent:c_0p70_0p90,t_0p005_0p01,0,0,nan,0,nan,0,nan,0,nan,nan,nan,nan,nan,nan,nan,nan,nan
300,c_x_tangent:c_0p70_0p90,t_0p01_0p02,0,0,nan,0,nan,0,nan,0,nan,nan,nan,nan,nan,nan,nan,nan,nan
300,c_x_tangent:c_0p70_0p90,t_0p02_0p05,816,0,0.0,816,1.0,752,0.9215686274509803,64,0.0784313725490196,0.14880114425633398,0.1512905547259813,0.34246529998412767,2.9200038662333054,2.9760228851266795,3.025811094519626,0.07693091577674827,0.10163329184244702
300,c_x_tangent:c_0p70_0p90,t_0p05_0p10,444,0,0.0,444,1.0,0,0.0,444,1.0,0.19327441720245128,0.19469000717567203,0.285391171176095,3.5039626344396257,3.8654883440490253,3.893800143513441,0.11869272534205597,0.13005658845294413
300,c_x_tangent:c_0p70_0p90,t_0p10_inf,0,0,nan,0,nan,0,nan,0,nan,nan,nan,nan,nan,nan,nan,nan,nan
300,c_x_tangent:c_0p90_0p95,t_0_0p005,0,0,nan,0,nan,0,nan,0,nan,nan,nan,nan,nan,nan,nan,nan,nan
300,c_x_tangent:c_0p90_0p95,t_0p005_0p01,0,0,nan,0,nan,0,nan,0,nan,nan,nan,nan,nan,nan,nan,nan,nan
300,c_x_tangent:c_0p90_0p95,t_0p01_0p02,404,0,0.0,404,1.0,404,1.0,0,0.0,0.05906406150216817,0.06106933654359174,0.36210196441820147,2.761653065336792,2.942874938135357,2.9454031821926665,0.03378911236584889,0.04034173676409769
300,c_x_tangent:c_0p90_0p95,t_0p02_0p05,268,0,0.0,268,1.0,268,1.0,0,0.0,0.07800394229364997,0.07831564979929982,0.3413387260116917,2.9296412150016273,2.938788600275051,2.941005440385341,0.0472803604446326,0.05344251655636132
300,c_x_tangent:c_0p90_0p95,t_0p05_0p10,0,0,nan,0,nan,0,nan,0,nan,nan,nan,nan,nan,nan,nan,nan,nan
300,c_x_tangent:c_0p90_0p95,t_0p10_inf,0,0,nan,0,nan,0,nan,0,nan,nan,nan,nan,nan,nan,nan,nan,nan
300,c_x_tangent:c_0p95_1,t_0_0p005,8,0,0.0,0,0.0,8,1.0,0,0.0,7.899697471021008e-07,7.899697471024339e-07,1.0,0.00014906358613478514,0.00014906358613493882,0.00014906358613500209,0.010599097574199079,0.010599097574199301
300,c_x_tangent:c_0p95_1,t_0p005_0p01,572,0,0.0,0,0.0,572,1.0,0,0.0,0.00857379077029449,0.009404749137201249,1.0,0.1629062715906499,0.8496606036650058,0.9125563032383217,0.014869970765842289,0.020181683682429168
300,c_x_tangent:c_0p95_1,t_0p01_0p02,252,0,0.0,236,0.9365079365079365,252,1.0,0,0.0,0.025316241892212606,0.02539822526493379,0.7444471728968616,1.3432786588586367,1.8862501897817283,1.892359902274258,0.023376983168914234,0.02684291210610617
300,c_x_tangent:c_0p95_1,t_0p02_0p05,0,0,nan,0,nan,0,nan,0,nan,nan,nan,nan,nan,nan,nan,nan,nan
300,c_x_tangent:c_0p95_1,t_0p05_0p10,0,0,nan,0,nan,0,nan,0,nan,nan,nan,nan,nan,nan,nan,nan,nan
300,c_x_tangent:c_0p95_1,t_0p10_inf,0,0,nan,0,nan,0,nan,0,nan,nan,nan,nan,nan,nan,nan,nan,nan
400,region,none_or_unknown,7616,0,0.0,6396,0.8398109243697479,5024,0.6596638655462185,2592,0.3403361344537815,0.236449343256311,0.23849683857078485,0.2783808860553636,3.5922007029382788,4.72898686512622,4.769936771415697,0.06490047766027995,0.15128664512846768
400,region,sphere_upper,0,0,nan,0,nan,0,nan,0,nan,nan,nan,nan,nan,nan,nan,nan,nan
400,region,sphere_lower90,0,0,nan,0,nan,0,nan,0,nan,nan,nan,nan,nan,nan,nan,nan,nan
400,region,sphere_bottom120,0,0,nan,0,nan,0,nan,0,nan,nan,nan,nan,nan,nan,nan,nan,nan
400,region,outer_or_other_wall,0,0,nan,0,nan,0,nan,0,nan,nan,nan,nan,nan,nan,nan,nan,nan
400,theta_zone,sphere11,7616,0,0.0,6396,0.8398109243697479,5024,0.6596638655462185,2592,0.3403361344537815,0.236449343256311,0.23849683857078485,0.2783808860553636,3.5922007029382788,4.72898686512622,4.769936771415697,0.06490047766027995,0.15128664512846768
400,theta_zone,outer90,0,0,nan,0,nan,0,nan,0,nan,nan,nan,nan,nan,nan,nan,nan,nan
400,theta_zone,fallback,0,0,nan,0,nan,0,nan,0,nan,nan,nan,nan,nan,nan,nan,nan,nan
400,c_bin,c_0_0p05,992,0,0.0,368,0.3709677419354839,992,1.0,0,0.0,0.032706331064938025,0.03577492242664314,1.0,0.6509314200356321,2.536078993940281,2.712339246873803,0.017576427341527395,0.025815104354084458
400,c_bin,c_0p05_0p10,792,0,0.0,792,1.0,792,1.0,0,0.0,0.10060572058994285,0.10184250495381025,0.2469073494630378,4.0501022030115825,4.212606288040047,4.23586740052715,0.03667529865104473,0.049456338123447914
400,c_bin,c_0p10_0p30,1412,0,0.0,1412,1.0,984,0.6968838526912181,428,0.3031161473087819,0.2071753567048595,0.21024862653476906,0.2621611431845757,3.8144478157693475,4.14350713409719,4.204972530695381,0.08476041749707741,0.12120958366510644
400,c_bin,c_0p30_0p70,1672,0,0.0,1672,1.0,0,0.0,1672,1.0,0.2384957893300147,0.2391764054900728,0.21754264756507408,4.596800049593149,4.7699157866002935,4.7835281098014555,0.14587356617989508,0.15265646427619609
400,c_bin,c_0p70_0p90,1244,0,0.0,1244,1.0,752,0.6045016077170418,492,0.3954983922829582,0.1902374181827247,0.19242005384990252,0.3403117260726628,2.9384823483469433,3.8047483636544936,3.8484010769980506,0.09185627778682465,0.12828348973021197
400,c_bin,c_0p90_0p95,672,0,0.0,672,1.0,672,1.0,0,0.0,0.07685964842406635,0.07891696376353394,0.3400445056077267,2.9407916014707505,2.95646469545502,2.9598995825268837,0.03784443946126781,0.05225752149507361
400,c_bin,c_0p95_1,832,0,0.0,236,0.28365384615384615,832,1.0,0,0.0,0.023342591508833863,0.02545879503384137,1.0,0.37825688862906226,1.7866749796128991,1.8957412830035876,0.016913933915289725,0.026129645039179326
400,tangent_bin,t_0_0p005,8,0,0.0,0,0.0,8,1.0,0,0.0,8.217119550297071e-07,8.217119550297433e-07,1.0,0.0001550079839883025,0.00015500798398847512,0.00015500798398848377,0.010602188789073208,0.010602188789073597
400,tangent_bin,t_0p005_0p01,984,0,0.0,0,0.0,984,1.0,0,0.0,0.0064897252429929825,0.009171437152958517,1.0,0.11783363186163193,0.680221679769571,0.8958527857568728,0.014029001990348977,0.01908120671834928
400,tangent_bin,t_0p01_0p02,1472,0,0.0,1244,0.845108695652174,1472,1.0,0,0.0,0.0593497704877725,0.06389272474799115,0.47394442820280414,2.109953193854998,3.637479593178206,3.9062244287957864,0.026037035473264317,0.03784395337177371
400,tangent_bin,t_0p02_0p05,2456,0,0.0,2456,1.0,2400,0.9771986970684039,56,0.02280130293159609,0.1563267058837899,0.1642684793433429,0.27029918102316186,3.6996042541257648,4.151324510472156,4.229850689589171,0.06283936689995676,0.09604312292344909
400,tangent_bin,t_0p05_0p10,2696,0,0.0,2696,1.0,160,0.05934718100890208,2536,0.9406528189910979,0.23835585452601826,0.23913067077682226,0.2316554121465928,4.316758046094802,4.767117090520365,4.782613415536445,0.13585896471029266,0.1524773155706525
400,tangent_bin,t_0p10_inf,0,0,nan,0,nan,0,nan,0,nan,nan,nan,nan,nan,nan,nan,nan,nan
400,normal_raw_abs_bin,normal_raw_abs_0_1e-4,0,0,nan,0,nan,0,nan,0,nan,nan,nan,nan,nan,nan,nan,nan,nan
400,normal_raw_abs_bin,normal_raw_abs_1e-4_1e-3,0,0,nan,0,nan,0,nan,0,nan,nan,nan,nan,nan,nan,nan,nan,nan
400,normal_raw_abs_bin,normal_raw_abs_1e-3_1e-2,0,0,nan,0,nan,0,nan,0,nan,nan,nan,nan,nan,nan,nan,nan,nan
400,normal_raw_abs_bin,normal_raw_abs_1e-2_5e-2,3176,0,0.0,1956,0.6158690176322418,3176,1.0,0,0.0,0.09037763917594943,0.0988496660171131,0.559698888388019,1.7866749796128525,4.1359442908568536,4.224337299060584,0.02388119460574345,0.04705649498021247
400,normal_raw_abs_bin,normal_raw_abs_5e-2_inf,4440,0,0.0,4440,1.0,1848,0.41621621621621624,2592,0.5837837837837838,0.2377618906090053,0.2388747888933922,0.257354373276527,3.8856935152303524,4.7552378121801055,4.777495777867844,0.11304858587657698,0.15218951317439267
400,cap_source,abs_cap_selected,2592,0,0.0,2592,1.0,0,0.0,2592,1.0,0.23838101976602644,0.23913067077682237,0.22975221936899998,4.352515082319714,4.767620395320528,4.7826134155364475,0.1369132586475013,0.1524773155706527
400,cap_source,ratio_cap_selected,5024,0,0.0,3804,0.7571656050955414,5024,1.0,0,0.0,0.16048711732650078,0.17714077847989823,0.3408738870084459,2.9336362746238254,4.106002847850504,4.193159292186089,0.0370254184831516,0.09379070798878424
400,cap_source,none_or_inactive,0,0,nan,0,nan,0,nan,0,nan,nan,nan,nan,nan,nan,nan,nan,nan
400,limiter_class,none,1220,0,0.0,0,0.0,1220,1.0,0,0.0,0.008821806840051426,0.010033882170938962,1.0,0.17815902525407648,0.8921348190948583,0.9596469157685923,0.014663064510825462,0.019289099892538533
400,limiter_class,abs_cap_limiter,2592,0,0.0,2592,1.0,0,0.0,2592,1.0,0.23838101976602644,0.23913067077682237,0.22975221936899998,4.352515082319714,4.767620395320528,4.7826134155364475,0.1369132586475013,0.1524773155706527
400,limiter_class,ratio_cap_limiter,3804,0,0.0,3804,1.0,3804,1.0,0,0.0,0.16426847934334285,0.17714244917989244,0.3392015705309282,2.948099557542646,4.127400855160823,4.222499502217714,0.04884662830131689,0.09562376589988263
400,limiter_class,secondary_vector_safety,0,0,nan,0,nan,0,nan,0,nan,nan,nan,nan,nan,nan,nan,nan,nan
400,limiter_class,inactive_or_fallback,0,0,nan,0,nan,0,nan,0,nan,nan,nan,nan,nan,nan,nan,nan,nan
400,normal_agreement_bin,normal_0_0p5,0,0,nan,0,nan,0,nan,0,nan,nan,nan,nan,nan,nan,nan,nan,nan
400,normal_agreement_bin,normal_0p5_0p9,0,0,nan,0,nan,0,nan,0,nan,nan,nan,nan,nan,nan,nan,nan,nan
400,normal_agreement_bin,normal_0p9_0p99,0,0,nan,0,nan,0,nan,0,nan,nan,nan,nan,nan,nan,nan,nan,nan
400,normal_agreement_bin,normal_0p99_1p01,7616,0,0.0,6396,0.8398109243697479,5024,0.6596638655462185,2592,0.3403361344537815,0.236449343256311,0.23849683857078485,0.2783808860553636,3.5922007029382788,4.72898686512622,4.769936771415697,0.06490047766027995,0.15128664512846768
400,c_x_tangent:c_0_0p05,t_0_0p005,0,0,nan,0,nan,0,nan,0,nan,nan,nan,nan,nan,nan,nan,nan,nan
400,c_x_tangent:c_0_0p05,t_0p005_0p01,412,0,0.0,0,0.0,412,1.0,0,0.0,0.002625111648965242,0.002981172650213926,1.0,0.08327082081123319,0.3391305586972307,0.3777540662443068,0.013346407876851272,0.015481422016639273
400,c_x_tangent:c_0_0p05,t_0p01_0p02,580,0,0.0,368,0.6344827586206897,580,1.0,0,0.0,0.03520064661505589,0.03713545250035009,0.788518301592201,1.2682013822390277,2.6704047833908784,2.7714103397021934,0.02041088352613604,0.026318221072103447
400,c_x_tangent:c_0_0p05,t_0p02_0p05,0,0,nan,0,nan,0,nan,0,nan,nan,nan,nan,nan,nan,nan,nan,nan
400,c_x_tangent:c_0_0p05,t_0p05_0p10,0,0,nan,0,nan,0,nan,0,nan,nan,nan,nan,nan,nan,nan,nan,nan
400,c_x_tangent:c_0_0p05,t_0p10_inf,0,0,nan,0,nan,0,nan,0,nan,nan,nan,nan,nan,nan,nan,nan,nan
400,c_x_tangent:c_0p05_0p10,t_0_0p005,0,0,nan,0,nan,0,nan,0,nan,nan,nan,nan,nan,nan,nan,nan,nan
400,c_x_tangent:c_0p05_0p10,t_0p005_0p01,0,0,nan,0,nan,0,nan,0,nan,nan,nan,nan,nan,nan,nan,nan,nan
400,c_x_tangent:c_0p05_0p10,t_0p01_0p02,244,0,0.0,244,1.0,244,1.0,0,0.0,0.0638927247479912,0.06401541687686131,0.2999933293014203,3.3334074538545604,3.9062244287957895,3.9204643917220507,0.029417493501168117,0.032673185979694264
400,c_x_tangent:c_0p05_0p10,t_0p02_0p05,548,0,0.0,548,1.0,548,1.0,0,0.0,0.10123428151101782,0.10206105493236693,0.24387349713184842,4.100486570950993,4.229850689589169,4.237096983052703,0.041454082785598825,0.05056488237610711
400,c_x_tangent:c_0p05_0p10,t_0p05_0p10,0,0,nan,0,nan,0,nan,0,nan,nan,nan,nan,nan,nan,nan,nan,nan
400,c_x_tangent:c_0p05_0p10,t_0p10_inf,0,0,nan,0,nan,0,nan,0,nan,nan,nan,nan,nan,nan,nan,nan,nan
400,c_x_tangent:c_0p10_0p30,t_0_0p005,0,0,nan,0,nan,0,nan,0,nan,nan,nan,nan,nan,nan,nan,nan,nan
400,c_x_tangent:c_0p10_0p30,t_0p005_0p01,0,0,nan,0,nan,0,nan,0,nan,nan,nan,nan,nan,nan,nan,nan,nan
400,c_x_tangent:c_0p10_0p30,t_0p01_0p02,0,0,nan,0,nan,0,nan,0,nan,nan,nan,nan,nan,nan,nan,nan,nan
400,c_x_tangent:c_0p10_0p30,t_0p02_0p05,824,0,0.0,824,1.0,824,1.0,0,0.0,0.16378504540595898,0.16531577796797464,0.26247938738271526,3.809828573658327,3.974444818237699,4.013945087468607,0.07026942165293824,0.08994135076556146
400,c_x_tangent:c_0p10_0p30,t_0p05_0p10,588,0,0.0,588,1.0,160,0.272108843537415,428,0.7278911564625851,0.2097768605095389,0.21118983936536811,0.26176240542051576,3.8202582926051636,4.1955372101907775,4.223796787307362,0.10866512852027738,0.12321467915692076
400,c_x_tangent:c_0p10_0p30,t_0p10_inf,0,0,nan,0,nan,0,nan,0,nan,nan,nan,nan,nan,nan,nan,nan,nan
400,c_x_tangent:c_0p30_0p70,t_0_0p005,0,0,nan,0,nan,0,nan,0,nan,nan,nan,nan,nan,nan,nan,nan,nan
400,c_x_tangent:c_0p30_0p70,t_0p005_0p01,0,0,nan,0,nan,0,nan,0,nan,nan,nan,nan,nan,nan,nan,nan,nan
400,c_x_tangent:c_0p30_0p70,t_0p01_0p02,0,0,nan,0,nan,0,nan,0,nan,nan,nan,nan,nan,nan,nan,nan,nan
400,c_x_tangent:c_0p30_0p70,t_0p02_0p05,0,0,nan,0,nan,0,nan,0,nan,nan,nan,nan,nan,nan,nan,nan,nan
400,c_x_tangent:c_0p30_0p70,t_0p05_0p10,1672,0,0.0,1672,1.0,0,0.0,1672,1.0,0.2384957893300147,0.2391764054900728,0.21754264756507408,4.596800049593149,4.7699157866002935,4.7835281098014555,0.14587356617989508,0.15265646427619609
400,c_x_tangent:c_0p30_0p70,t_0p10_inf,0,0,nan,0,nan,0,nan,0,nan,nan,nan,nan,nan,nan,nan,nan,nan
400,c_x_tangent:c_0p70_0p90,t_0_0p005,0,0,nan,0,nan,0,nan,0,nan,nan,nan,nan,nan,nan,nan,nan,nan
400,c_x_tangent:c_0p70_0p90,t_0p005_0p01,0,0,nan,0,nan,0,nan,0,nan,nan,nan,nan,nan,nan,nan,nan,nan
400,c_x_tangent:c_0p70_0p90,t_0p01_0p02,0,0,nan,0,nan,0,nan,0,nan,nan,nan,nan,nan,nan,nan,nan,nan
400,c_x_tangent:c_0p70_0p90,t_0p02_0p05,808,0,0.0,808,1.0,752,0.9306930693069307,56,0.06930693069306931,0.14957137095704845,0.15141746853124965,0.34086483052672634,2.9337142187850107,2.991427419140969,3.028349370624993,0.07712298578890717,0.10191094700067667
400,c_x_tangent:c_0p70_0p90,t_0p05_0p10,436,0,0.0,436,1.0,0,0.0,436,1.0,0.19214811849661112,0.19335843842746142,0.2882623635094771,3.469061960865811,3.8429623699322217,3.867168768549228,0.11782968551437867,0.12967636465579435
400,c_x_tangent:c_0p70_0p90,t_0p10_inf,0,0,nan,0,nan,0,nan,0,nan,nan,nan,nan,nan,nan,nan,nan,nan
400,c_x_tangent:c_0p90_0p95,t_0_0p005,0,0,nan,0,nan,0,nan,0,nan,nan,nan,nan,nan,nan,nan,nan,nan
400,c_x_tangent:c_0p90_0p95,t_0p005_0p01,0,0,nan,0,nan,0,nan,0,nan,nan,nan,nan,nan,nan,nan,nan,nan
400,c_x_tangent:c_0p90_0p95,t_0p01_0p02,396,0,0.0,396,1.0,396,1.0,0,0.0,0.05934977048777232,0.05966925745163368,0.3600748730928384,2.7772001734266225,2.957920296898159,2.959899582526914,0.033819423297919204,0.04012939128211784
400,c_x_tangent:c_0p90_0p95,t_0p02_0p05,276,0,0.0,276,1.0,276,1.0,0,0.0,0.07860376461888982,0.07891696376353448,0.33941361193366126,2.9462577953280524,2.954687604675212,2.956464695455008,0.04735132376802936,0.05353751610024618
400,c_x_tangent:c_0p90_0p95,t_0p05_0p10,0,0,nan,0,nan,0,nan,0,nan,nan,nan,nan,nan,nan,nan,nan,nan
400,c_x_tangent:c_0p90_0p95,t_0p10_inf,0,0,nan,0,nan,0,nan,0,nan,nan,nan,nan,nan,nan,nan,nan,nan
400,c_x_tangent:c_0p95_1,t_0_0p005,8,0,0.0,0,0.0,8,1.0,0,0.0,8.217119550297071e-07,8.217119550297433e-07,1.0,0.0001550079839883025,0.00015500798398847512,0.00015500798398848377,0.010602188789073208,0.010602188789073597
400,c_x_tangent:c_0p95_1,t_0p005_0p01,572,0,0.0,0,0.0,572,1.0,0,0.0,0.00861063647904968,0.009444421700286303,1.0,0.16349362716116111,0.8529956083990164,0.9160553578910235,0.014874154321663807,0.02018916954381733
400,c_x_tangent:c_0p95_1,t_0p01_0p02,252,0,0.0,236,0.9365079365079365,252,1.0,0,0.0,0.02545879503384108,0.025542205624102025,0.7412118596744051,1.3491419314840345,1.8957412830035676,1.9019538397342404,0.023387907874301395,0.026858912230668053
400,c_x_tangent:c_0p95_1,t_0p02_0p05,0,0,nan,0,nan,0,nan,0,nan,nan,nan,nan,nan,nan,nan,nan,nan
400,c_x_tangent:c_0p95_1,t_0p05_0p10,0,0,nan,0,nan,0,nan,0,nan,nan,nan,nan,nan,nan,nan,nan,nan
400,c_x_tangent:c_0p95_1,t_0p10_inf,0,0,nan,0,nan,0,nan,0,nan,nan,nan,nan,nan,nan,nan,nan,nan
500,region,none_or_unknown,7688,0,0.0,6424,0.8355879292403746,5064,0.6586888657648283,2624,0.3413111342351717,0.2338566198816754,0.23603725576470733,0.2830762509612613,3.53261708322133,4.677132397633508,4.720745115294147,0.06505152505094952,0.1514992086841279
500,region,sphere_upper,0,0,nan,0,nan,0,nan,0,nan,nan,nan,nan,nan,nan,nan,nan,nan
500,region,sphere_lower90,0,0,nan,0,nan,0,nan,0,nan,nan,nan,nan,nan,nan,nan,nan,nan
500,region,sphere_bottom120,0,0,nan,0,nan,0,nan,0,nan,nan,nan,nan,nan,nan,nan,nan,nan
500,region,outer_or_other_wall,0,0,nan,0,nan,0,nan,0,nan,nan,nan,nan,nan,nan,nan,nan,nan
500,theta_zone,sphere11,7688,0,0.0,6424,0.8355879292403746,5064,0.6586888657648283,2624,0.3413111342351717,0.2338566198816754,0.23603725576470733,0.2830762509612613,3.53261708322133,4.677132397633508,4.720745115294147,0.06505152505094952,0.1514992086841279
500,theta_zone,outer90,0,0,nan,0,nan,0,nan,0,nan,nan,nan,nan,nan,nan,nan,nan,nan
500,theta_zone,fallback,0,0,nan,0,nan,0,nan,0,nan,nan,nan,nan,nan,nan,nan,nan,nan
500,c_bin,c_0_0p05,1032,0,0.0,364,0.35271317829457366,1032,1.0,0,0.0,0.029036422044440877,0.03621637949457656,1.0,0.542327741366659,2.324424286778979,2.7164346487870175,0.01696213908003228,0.025032601129125906
500,c_bin,c_0p05_0p10,808,0,0.0,808,1.0,808,1.0,0,0.0,0.09892746693492656,0.10095179928426788,0.2512283822504201,3.9804419828776245,4.126969109425147,4.136673346710642,0.03712768386606684,0.049914479806358415
500,c_bin,c_0p10_0p30,1420,0,0.0,1420,1.0,984,0.6929577464788732,436,0.30704225352112674,0.2036514803901483,0.2072872849769779,0.2671183335406875,3.7436591743624366,4.073029607802965,4.1457456995395585,0.08510582510547524,0.12103006665736485
500,c_bin,c_0p30_0p70,1680,0,0.0,1680,1.0,0,0.0,1680,1.0,0.23602542659779896,0.23654772315066008,0.22006873107242153,4.54403559735113,4.720508531955979,4.730954463013201,0.14612140171840168,0.15285943274498742
500,c_bin,c_0p70_0p90,1244,0,0.0,1244,1.0,736,0.5916398713826366,508,0.40836012861736337,0.19027261873956602,0.19234041114353403,0.3385094812576085,2.954127004906524,3.8054523747913205,3.8468082228706804,0.09211004654187582,0.12858257704637008
500,c_bin,c_0p90_0p95,672,0,0.0,672,1.0,672,1.0,0,0.0,0.07743879218037296,0.07951468268615373,0.3381631577041769,2.9571525596071977,2.9717733856323396,2.975126529642091,0.03788953225917535,0.05235584545629543
500,c_bin,c_0p95_1,832,0,0.0,236,0.28365384615384615,832,1.0,0,0.0,0.023485533192642804,0.025618498033200682,1.0,0.3798028625057107,1.7966037926232157,1.9064869694626772,0.016916755037475056,0.02614436559588018
500,tangent_bin,t_0_0p005,8,0,0.0,0,0.0,8,1.0,0,0.0,8.336391077569367e-07,8.336391077571368e-07,1.0,0.00015724641573937437,0.00015724641573956256,0.000157246415739601,0.010602964828624745,0.010602964828625046
500,tangent_bin,t_0p005_0p01,1032,0,0.0,0,0.0,1032,1.0,0,0.0,0.006519863889985219,0.009213806740803531,1.0,0.11749168396982804,0.6832156530549631,0.8997247950273576,0.013777026630820664,0.01908581532297149
500,tangent_bin,t_0p01_0p02,1472,0,0.0,1248,0.8478260869565217,1472,1.0,0,0.0,0.05860727693384896,0.06286592167909844,0.47484678417250914,2.1060318773924287,3.5139780408977765,3.827498469232717,0.02600324610322979,0.03788899580392768
500,tangent_bin,t_0p02_0p05,2480,0,0.0,2480,1.0,2408,0.9709677419354839,72,0.02903225806451613,0.15422336641207374,0.16233574095120193,0.2757434197764478,3.6265601222088595,4.072859105305155,4.133299674559572,0.06294537275722256,0.09630952963628658
500,tangent_bin,t_0p05_0p10,2696,0,0.0,2696,1.0,144,0.05341246290801187,2552,0.9465875370919882,0.23566742443401878,0.2364910642201358,0.23430979957851833,4.267853961013795,4.713348488680375,4.729821284402716,0.13614679254685214,0.15268060879040607
500,tangent_bin,t_0p10_inf,0,0,nan,0,nan,0,nan,0,nan,nan,nan,nan,nan,nan,nan,nan,nan
500,normal_raw_abs_bin,normal_raw_abs_0_1e-4,0,0,nan,0,nan,0,nan,0,nan,nan,nan,nan,nan,nan,nan,nan,nan
500,normal_raw_abs_bin,normal_raw_abs_1e-4_1e-3,0,0,nan,0,nan,0,nan,0,nan,nan,nan,nan,nan,nan,nan,nan,nan
500,normal_raw_abs_bin,normal_raw_abs_1e-3_1e-2,0,0,nan,0,nan,0,nan,0,nan,nan,nan,nan,nan,nan,nan,nan,nan
500,normal_raw_abs_bin,normal_raw_abs_1e-2_5e-2,3224,0,0.0,1960,0.607940446650124,3224,1.0,0,0.0,0.08909807614883349,0.09602417005235149,0.5697558018605657,1.755137897208682,4.0625831643037,4.13217428648822,0.02389188671443221,0.04713479352539439
500,normal_raw_abs_bin,normal_raw_abs_5e-2_inf,4464,0,0.0,4464,1.0,1840,0.4121863799283154,2624,0.5878136200716846,0.23524450998240384,0.23622512158452874,0.26116586739514314,3.828984277210326,4.704890199648077,4.724502431690574,0.11274046781688513,0.15239152479503482
500,cap_source,abs_cap_selected,2624,0,0.0,2624,1.0,0,0.0,2624,1.0,0.23568007201916413,0.23649106422013585,0.23358244709560888,4.2811436066113515,4.713601440383282,4.729821284402717,0.13645058194173737,0.15268060879040618
500,cap_source,ratio_cap_selected,5064,0,0.0,3800,0.7503949447077409,5064,1.0,0,0.0,0.1573781229930986,0.17451745325626944,0.3394400813829192,2.946028046911494,4.027911506463452,4.124363809391647,0.037020365812995754,0.09334872065214711
500,cap_source,none_or_inactive,0,0,nan,0,nan,0,nan,0,nan,nan,nan,nan,nan,nan,nan,nan,nan
500,limiter_class,none,1264,0,0.0,0,0.0,1264,1.0,0,0.0,0.0091094736968678,0.01007975977758737,1.0,0.17742133713261288,0.8991620063009576,0.9868553870954595,0.014769806533859009,0.019347326245232936
500,limiter_class,abs_cap_limiter,2624,0,0.0,2624,1.0,0,0.0,2624,1.0,0.23568007201916413,0.23649106422013585,0.23358244709560888,4.2811436066113515,4.713601440383282,4.729821284402717,0.13645058194173737,0.15268060879040618
500,limiter_class,ratio_cap_limiter,3800,0,0.0,3800,1.0,3800,1.0,0,0.0,0.1617735053337293,0.17488350319127693,0.3373233770270323,2.9645143743472673,4.055359993866852,4.132174286488215,0.04862850708616276,0.0948931879284002
500,limiter_class,secondary_vector_safety,0,0,nan,0,nan,0,nan,0,nan,nan,nan,nan,nan,nan,nan,nan,nan
500,limiter_class,inactive_or_fallback,0,0,nan,0,nan,0,nan,0,nan,nan,nan,nan,nan,nan,nan,nan,nan
500,normal_agreement_bin,normal_0_0p5,0,0,nan,0,nan,0,nan,0,nan,nan,nan,nan,nan,nan,nan,nan,nan
500,normal_agreement_bin,normal_0p5_0p9,0,0,nan,0,nan,0,nan,0,nan,nan,nan,nan,nan,nan,nan,nan,nan
500,normal_agreement_bin,normal_0p9_0p99,0,0,nan,0,nan,0,nan,0,nan,nan,nan,nan,nan,nan,nan,nan,nan
500,normal_agreement_bin,normal_0p99_1p01,7688,0,0.0,6424,0.8355879292403746,5064,0.6586888657648283,2624,0.3413111342351717,0.2338566198816754,0.23603725576470733,0.2830762509612613,3.53261708322133,4.677132397633508,4.720745115294147,0.06505152505094952,0.1514992086841279
500,c_x_tangent:c_0_0p05,t_0_0p005,0,0,nan,0,nan,0,nan,0,nan,nan,nan,nan,nan,nan,nan,nan,nan
500,c_x_tangent:c_0_0p05,t_0p005_0p01,460,0,0.0,0,0.0,460,1.0,0,0.0,0.002766194260199202,0.003001306580442273,1.0,0.07519779200271569,0.35215179008971864,0.37852228196736326,0.01339127136708683,0.01571023824410747
500,c_x_tangent:c_0_0p05,t_0p01_0p02,572,0,0.0,364,0.6363636363636364,572,1.0,0,0.0,0.03482621114842708,0.036966639342923026,0.7880843426619675,1.2688997177919186,2.621244287878332,2.751148347990388,0.020700138334840912,0.026523192766903254
500,c_x_tangent:c_0_0p05,t_0p02_0p05,0,0,nan,0,nan,0,nan,0,nan,nan,nan,nan,nan,nan,nan,nan,nan
500,c_x_tangent:c_0_0p05,t_0p05_0p10,0,0,nan,0,nan,0,nan,0,nan,nan,nan,nan,nan,nan,nan,nan,nan
500,c_x_tangent:c_0_0p05,t_0p10_inf,0,0,nan,0,nan,0,nan,0,nan,nan,nan,nan,nan,nan,nan,nan,nan
500,c_x_tangent:c_0p05_0p10,t_0_0p005,0,0,nan,0,nan,0,nan,0,nan,nan,nan,nan,nan,nan,nan,nan,nan
500,c_x_tangent:c_0p05_0p10,t_0p005_0p01,0,0,nan,0,nan,0,nan,0,nan,nan,nan,nan,nan,nan,nan,nan,nan
500,c_x_tangent:c_0p05_0p10,t_0p01_0p02,252,0,0.0,252,1.0,252,1.0,0,0.0,0.06286592167909846,0.06319304134222249,0.3030962448468687,3.2992820498492925,3.827498469232719,3.8496590418921333,0.029693882785778884,0.03266791612130689
500,c_x_tangent:c_0p05_0p10,t_0p02_0p05,556,0,0.0,556,1.0,556,1.0,0,0.0,0.10012865439785514,0.10152196219676826,0.24880161241393448,4.019266556586004,4.133299674559568,4.1406680662317,0.04194816439141526,0.0503103197225691
500,c_x_tangent:c_0p05_0p10,t_0p05_0p10,0,0,nan,0,nan,0,nan,0,nan,nan,nan,nan,nan,nan,nan,nan,nan
500,c_x_tangent:c_0p05_0p10,t_0p10_inf,0,0,nan,0,nan,0,nan,0,nan,nan,nan,nan,nan,nan,nan,nan,nan
500,c_x_tangent:c_0p10_0p30,t_0_0p005,0,0,nan,0,nan,0,nan,0,nan,nan,nan,nan,nan,nan,nan,nan,nan
500,c_x_tangent:c_0p10_0p30,t_0p005_0p01,0,0,nan,0,nan,0,nan,0,nan,nan,nan,nan,nan,nan,nan,nan,nan
500,c_x_tangent:c_0p10_0p30,t_0p01_0p02,0,0,nan,0,nan,0,nan,0,nan,nan,nan,nan,nan,nan,nan,nan,nan
500,c_x_tangent:c_0p10_0p30,t_0p02_0p05,840,0,0.0,840,1.0,840,1.0,0,0.0,0.1618881956551534,0.16340902137249208,0.2674521937887753,3.738991795453537,3.8924401599986647,3.931306824104813,0.07046118032530696,0.09074125692052196
500,c_x_tangent:c_0p10_0p30,t_0p05_0p10,580,0,0.0,580,1.0,144,0.2482758620689655,436,0.7517241379310344,0.20675708515528726,0.20739616456959092,0.2650308965590993,3.7731449917085795,4.135141703105745,4.147923291391818,0.10927162241735519,0.12371400855733664
500,c_x_tangent:c_0p10_0p30,t_0p10_inf,0,0,nan,0,nan,0,nan,0,nan,nan,nan,nan,nan,nan,nan,nan,nan
500,c_x_tangent:c_0p30_0p70,t_0_0p005,0,0,nan,0,nan,0,nan,0,nan,nan,nan,nan,nan,nan,nan,nan,nan
500,c_x_tangent:c_0p30_0p70,t_0p005_0p01,0,0,nan,0,nan,0,nan,0,nan,nan,nan,nan,nan,nan,nan,nan,nan
500,c_x_tangent:c_0p30_0p70,t_0p01_0p02,0,0,nan,0,nan,0,nan,0,nan,nan,nan,nan,nan,nan,nan,nan,nan
500,c_x_tangent:c_0p30_0p70,t_0p02_0p05,0,0,nan,0,nan,0,nan,0,nan,nan,nan,nan,nan,nan,nan,nan,nan
500,c_x_tangent:c_0p30_0p70,t_0p05_0p10,1680,0,0.0,1680,1.0,0,0.0,1680,1.0,0.23602542659779896,0.23654772315066008,0.22006873107242153,4.54403559735113,4.720508531955979,4.730954463013201,0.14612140171840168,0.15285943274498742
500,c_x_tangent:c_0p30_0p70,t_0p10_inf,0,0,nan,0,nan,0,nan,0,nan,nan,nan,nan,nan,nan,nan,nan,nan
500,c_x_tangent:c_0p70_0p90,t_0_0p005,0,0,nan,0,nan,0,nan,0,nan,nan,nan,nan,nan,nan,nan,nan,nan
500,c_x_tangent:c_0p70_0p90,t_0p005_0p01,0,0,nan,0,nan,0,nan,0,nan,nan,nan,nan,nan,nan,nan,nan,nan
500,c_x_tangent:c_0p70_0p90,t_0p01_0p02,0,0,nan,0,nan,0,nan,0,nan,nan,nan,nan,nan,nan,nan,nan,nan
500,c_x_tangent:c_0p70_0p90,t_0p02_0p05,808,0,0.0,808,1.0,736,0.9108910891089109,72,0.0891089108910891,0.15026696746651827,0.15208933993416057,0.3392852952768556,2.947372062083007,3.005339349330365,3.0417867986832112,0.07732478566139706,0.10219170044467286
500,c_x_tangent:c_0p70_0p90,t_0p05_0p10,436,0,0.0,436,1.0,0,0.0,436,1.0,0.19210687093800077,0.19329643317981587,0.28768105574760405,3.4760717816516444,3.8421374187600152,3.8659286635963173,0.11813296853330063,0.12997439478261513
500,c_x_tangent:c_0p70_0p90,t_0p10_inf,0,0,nan,0,nan,0,nan,0,nan,nan,nan,nan,nan,nan,nan,nan,nan
500,c_x_tangent:c_0p90_0p95,t_0_0p005,0,0,nan,0,nan,0,nan,0,nan,nan,nan,nan,nan,nan,nan,nan,nan
500,c_x_tangent:c_0p90_0p95,t_0p005_0p01,0,0,nan,0,nan,0,nan,0,nan,nan,nan,nan,nan,nan,nan,nan,nan
500,c_x_tangent:c_0p90_0p95,t_0p01_0p02,396,0,0.0,396,1.0,396,1.0,0,0.0,0.05974184821578242,0.06006450905756751,0.35789248981307026,2.794135189934572,2.9735610421458567,2.9751265296421154,0.033852363361826676,0.04018202240951485
500,c_x_tangent:c_0p90_0p95,t_0p02_0p05,276,0,0.0,276,1.0,276,1.0,0,0.0,0.07920141661939495,0.07951468268615415,0.33752439908095166,2.9627487752675346,2.9708533282188543,2.972370659345154,0.04743038236529856,0.0536412395992409
500,c_x_tangent:c_0p90_0p95,t_0p05_0p10,0,0,nan,0,nan,0,nan,0,nan,nan,nan,nan,nan,nan,nan,nan,nan
500,c_x_tangent:c_0p90_0p95,t_0p10_inf,0,0,nan,0,nan,0,nan,0,nan,nan,nan,nan,nan,nan,nan,nan,nan
500,c_x_tangent:c_0p95_1,t_0_0p005,8,0,0.0,0,0.0,8,1.0,0,0.0,8.336391077569367e-07,8.336391077571368e-07,1.0,0.00015724641573937437,0.00015724641573956256,0.000157246415739601,0.010602964828624745,0.010602964828625046
500,c_x_tangent:c_0p95_1,t_0p005_0p01,572,0,0.0,0,0.0,572,1.0,0,0.0,0.00865077673114533,0.009487768457560686,1.0,0.1640455566448325,0.8567288496221446,0.9199811319493946,0.014875874619961926,0.020194900019908646
500,c_x_tangent:c_0p95_1,t_0p01_0p02,252,0,0.0,236,0.9365079365079365,252,1.0,0,0.0,0.02561849803320001,0.025703197920075534,0.7375653799538698,1.3558120095909922,1.9064869694626079,1.912792740828017,0.023397898664597405,0.026875047538029717
500,c_x_tangent:c_0p95_1,t_0p02_0p05,0,0,nan,0,nan,0,nan,0,nan,nan,nan,nan,nan,nan,nan,nan,nan
500,c_x_tangent:c_0p95_1,t_0p05_0p10,0,0,nan,0,nan,0,nan,0,nan,nan,nan,nan,nan,nan,nan,nan,nan
500,c_x_tangent:c_0p95_1,t_0p10_inf,0,0,nan,0,nan,0,nan,0,nan,nan,nan,nan,nan,nan,nan,nan,nan
600,region,none_or_unknown,7712,0,0.0,6456,0.8371369294605809,5040,0.6535269709543569,2672,0.34647302904564314,0.23158194711615887,0.23364947578212722,0.28737053287316006,3.479827924607072,4.6316389423231765,4.672989515642544,0.06557972828192032,0.15170018809537714
600,region,sphere_upper,0,0,nan,0,nan,0,nan,0,nan,nan,nan,nan,nan,nan,nan,nan,nan
600,region,sphere_lower90,0,0,nan,0,nan,0,nan,0,nan,nan,nan,nan,nan,nan,nan,nan,nan
600,region,sphere_bottom120,0,0,nan,0,nan,0,nan,0,nan,nan,nan,nan,nan,nan,nan,nan,nan
600,region,outer_or_other_wall,0,0,nan,0,nan,0,nan,0,nan,nan,nan,nan,nan,nan,nan,nan,nan
600,theta_zone,sphere11,7712,0,0.0,6456,0.8371369294605809,5040,0.6535269709543569,2672,0.34647302904564314,0.23158194711615887,0.23364947578212722,0.28737053287316006,3.479827924607072,4.6316389423231765,4.672989515642544,0.06557972828192032,0.15170018809537714
600,theta_zone,outer90,0,0,nan,0,nan,0,nan,0,nan,nan,nan,nan,nan,nan,nan,nan,nan
600,theta_zone,fallback,0,0,nan,0,nan,0,nan,0,nan,nan,nan,nan,nan,nan,nan,nan,nan
600,c_bin,c_0_0p05,1024,0,0.0,364,0.35546875,1024,1.0,0,0.0,0.030291407195011423,0.032927243726893825,1.0,0.5505241888889851,2.3621174077065183,2.512714660947189,0.016965867449689392,0.02549125274386154
600,c_bin,c_0p05_0p10,824,0,0.0,824,1.0,824,1.0,0,0.0,0.09711996252799254,0.0995712300181941,0.25613687249717343,3.904162607478684,4.033341315195528,4.063429549952411,0.03766624479078229,0.0500005015389405
600,c_bin,c_0p10_0p30,1436,0,0.0,1436,1.0,952,0.6629526462395543,484,0.3370473537604457,0.19969394372524957,0.20456268989322052,0.2718841836985177,3.6780366786942746,3.993878874504991,4.09125379786441,0.08537003637474896,0.12054961181862377
600,c_bin,c_0p30_0p70,1688,0,0.0,1688,1.0,0,0.0,1688,1.0,0.2336161970950026,0.2341041447589666,0.22245312266084302,4.49532911940563,4.672323941900052,4.682082895179332,0.1463572014167331,0.15305232701730842
600,c_bin,c_0p70_0p90,1236,0,0.0,1236,1.0,736,0.5954692556634305,500,0.4045307443365696,0.1895080210233867,0.1919621216416931,0.3368921496747341,2.968309000270531,3.790160420467734,3.8392424328338617,0.09236729668789095,0.12852237005362463
600,c_bin,c_0p90_0p95,672,0,0.0,672,1.0,672,1.0,0,0.0,0.078005688162167,0.08009514742901193,0.3363990769239449,2.972659816907357,2.9869664737437724,2.990332194609344,0.037940323420988686,0.05246247450518101
600,c_bin,c_0p95_1,832,0,0.0,236,0.28365384615384615,832,1.0,0,0.0,0.023644567798529737,0.025795631901517103,1.0,0.3816072376627153,1.807594782445477,1.9183375412332428,0.016919426432085327,0.026161358760442455
600,tangent_bin,t_0_0p005,8,0,0.0,0,0.0,8,1.0,0,0.0,8.382109758322808e-07,8.382109758322871e-07,1.0,0.000158109438942082,0.00015810943894220043,0.00015810943894220162,0.01060292138711219,0.010602921387112437
600,tangent_bin,t_0p005_0p01,1040,0,0.0,0,0.0,1040,1.0,0,0.0,0.006554557389074433,0.00926215973338438,1.0,0.1306695019903409,0.6866742006741187,0.9041497497431054,0.014126371857777209,0.019090734390893593
600,tangent_bin,t_0p01_0p02,1488,0,0.0,1280,0.8602150537634409,1488,1.0,0,0.0,0.060230320450856994,0.06428654985679191,0.46621644250411265,2.1449276950328144,3.5640557744927586,3.838222224457821,0.026161332324557196,0.037939873644128486
600,tangent_bin,t_0p02_0p05,2472,0,0.0,2472,1.0,2408,0.9741100323624595,64,0.025889967637540454,0.15292567529129233,0.1605402150195525,0.2810168999871564,3.558504844533208,3.995059242456479,4.038932809687429,0.0630587531966488,0.09615602199938267
600,tangent_bin,t_0p05_0p10,2704,0,0.0,2704,1.0,96,0.03550295857988166,2608,0.9644970414201184,0.23316425545675834,0.2340989004610636,0.23564553533725022,4.24366198395749,4.663285109135167,4.681978009221271,0.13642112117554023,0.15287025691526465
600,tangent_bin,t_0p10_inf,0,0,nan,0,nan,0,nan,0,nan,nan,nan,nan,nan,nan,nan,nan,nan
600,normal_raw_abs_bin,normal_raw_abs_0_1e-4,0,0,nan,0,nan,0,nan,0,nan,nan,nan,nan,nan,nan,nan,nan,nan
600,normal_raw_abs_bin,normal_raw_abs_1e-4_1e-3,0,0,nan,0,nan,0,nan,0,nan,nan,nan,nan,nan,nan,nan,nan,nan
600,normal_raw_abs_bin,normal_raw_abs_1e-3_1e-2,0,0,nan,0,nan,0,nan,0,nan,nan,nan,nan,nan,nan,nan,nan,nan
600,normal_raw_abs_bin,normal_raw_abs_1e-2_5e-2,3224,0,0.0,1968,0.6104218362282878,3224,1.0,0,0.0,0.08815769698220458,0.09503017327916281,0.5917107802876811,1.6900148405506736,3.990645183839178,4.038450337070882,0.02390427869891909,0.0472200483672226
600,normal_raw_abs_bin,normal_raw_abs_5e-2_inf,4488,0,0.0,4488,1.0,1816,0.40463458110516937,2672,0.5953654188948306,0.23297003686565312,0.23386424794802835,0.2649114467388284,3.7748463325333415,4.659400737313062,4.677284958960566,0.11283357080636647,0.15257761707049747
600,cap_source,abs_cap_selected,2672,0,0.0,2672,1.0,0,0.0,2672,1.0,0.23316425545675865,0.23410298587382017,0.23541251044507924,4.247862605557218,4.663285109135173,4.6820597174764025,0.13653151747492792,0.15287123730524368
600,cap_source,ratio_cap_selected,5040,0,0.0,3784,0.7507936507936508,5040,1.0,0,0.0,0.14973864680694468,0.16815255688293146,0.33808036606277725,2.957876589232108,3.9576753158840345,4.0279650222940475,0.037048116009755536,0.09153261295244874
600,cap_source,none_or_inactive,0,0,nan,0,nan,0,nan,0,nan,nan,nan,nan,nan,nan,nan,nan,nan
600,limiter_class,none,1256,0,0.0,0,0.0,1256,1.0,0,0.0,0.00869671247439026,0.010132255194710662,1.0,0.17354320209446783,0.9081924254348934,0.9684089349550915,0.014877102648635565,0.019362722588081277
600,limiter_class,abs_cap_limiter,2672,0,0.0,2672,1.0,0,0.0,2672,1.0,0.23316425545675865,0.23410298587382017,0.23541251044507924,4.247862605557218,4.663285109135173,4.6820597174764025,0.13653151747492792,0.15287123730524368
600,limiter_class,ratio_cap_limiter,3784,0,0.0,3784,1.0,3784,1.0,0,0.0,0.1562985723940205,0.16887406934916321,0.3356061789220537,2.979682922441828,3.9814673662468114,4.038450337070877,0.048613167244899586,0.0940514955379335
600,limiter_class,secondary_vector_safety,0,0,nan,0,nan,0,nan,0,nan,nan,nan,nan,nan,nan,nan,nan,nan
600,limiter_class,inactive_or_fallback,0,0,nan,0,nan,0,nan,0,nan,nan,nan,nan,nan,nan,nan,nan,nan
600,normal_agreement_bin,normal_0_0p5,0,0,nan,0,nan,0,nan,0,nan,nan,nan,nan,nan,nan,nan,nan,nan
600,normal_agreement_bin,normal_0p5_0p9,0,0,nan,0,nan,0,nan,0,nan,nan,nan,nan,nan,nan,nan,nan,nan
600,normal_agreement_bin,normal_0p9_0p99,0,0,nan,0,nan,0,nan,0,nan,nan,nan,nan,nan,nan,nan,nan,nan
600,normal_agreement_bin,normal_0p99_1p01,7712,0,0.0,6456,0.8371369294605809,5040,0.6535269709543569,2672,0.34647302904564314,0.23158194711615887,0.23364947578212722,0.28737053287316006,3.479827924607072,4.6316389423231765,4.672989515642544,0.06557972828192032,0.15170018809537714
600,c_x_tangent:c_0_0p05,t_0_0p005,0,0,nan,0,nan,0,nan,0,nan,nan,nan,nan,nan,nan,nan,nan,nan
600,c_x_tangent:c_0_0p05,t_0p005_0p01,468,0,0.0,0,0.0,468,1.0,0,0.0,0.003119410986362171,0.0036243362606912994,1.0,0.10007065948018437,0.3899653070522209,0.4338711435092717,0.013669457558383478,0.016107218175590413
600,c_x_tangent:c_0_0p05,t_0p01_0p02,556,0,0.0,364,0.6546762589928058,556,1.0,0,0.0,0.031022750271404324,0.03383336060456395,0.8033504496076143,1.2447867558777577,2.4167984406912293,2.5421916609003152,0.021084236596412686,0.025672600370042854
600,c_x_tangent:c_0_0p05,t_0p02_0p05,0,0,nan,0,nan,0,nan,0,nan,nan,nan,nan,nan,nan,nan,nan,nan
600,c_x_tangent:c_0_0p05,t_0p05_0p10,0,0,nan,0,nan,0,nan,0,nan,nan,nan,nan,nan,nan,nan,nan,nan
600,c_x_tangent:c_0_0p05,t_0p10_inf,0,0,nan,0,nan,0,nan,0,nan,nan,nan,nan,nan,nan,nan,nan,nan
600,c_x_tangent:c_0p05_0p10,t_0_0p005,0,0,nan,0,nan,0,nan,0,nan,nan,nan,nan,nan,nan,nan,nan,nan
600,c_x_tangent:c_0p05_0p10,t_0p005_0p01,0,0,nan,0,nan,0,nan,0,nan,nan,nan,nan,nan,nan,nan,nan,nan
600,c_x_tangent:c_0p05_0p10,t_0p01_0p02,284,0,0.0,284,1.0,284,1.0,0,0.0,0.06428654985679196,0.06482533640584993,0.31039233610871664,3.221729030222397,3.8382222244578217,3.8442844432620604,0.029624875082590124,0.03344526181951393
600,c_x_tangent:c_0p05_0p10,t_0p02_0p05,540,0,0.0,540,1.0,540,1.0,0,0.0,0.09834071289759014,0.09969813353123452,0.25315044404375875,3.950220209083036,4.038932809687425,4.069939820753576,0.04246452110780445,0.05076347925802816
600,c_x_tangent:c_0p05_0p10,t_0p05_0p10,0,0,nan,0,nan,0,nan,0,nan,nan,nan,nan,nan,nan,nan,nan,nan
600,c_x_tangent:c_0p05_0p10,t_0p10_inf,0,0,nan,0,nan,0,nan,0,nan,nan,nan,nan,nan,nan,nan,nan,nan
600,c_x_tangent:c_0p10_0p30,t_0_0p005,0,0,nan,0,nan,0,nan,0,nan,nan,nan,nan,nan,nan,nan,nan,nan
600,c_x_tangent:c_0p10_0p30,t_0p005_0p01,0,0,nan,0,nan,0,nan,0,nan,nan,nan,nan,nan,nan,nan,nan,nan
600,c_x_tangent:c_0p10_0p30,t_0p01_0p02,0,0,nan,0,nan,0,nan,0,nan,nan,nan,nan,nan,nan,nan,nan,nan
600,c_x_tangent:c_0p10_0p30,t_0p02_0p05,856,0,0.0,856,1.0,856,1.0,0,0.0,0.16013064744503375,0.1617130090215106,0.2722864091121203,3.6726056250696617,3.836002482105842,3.8715544043058037,0.070955174386812,0.09149146555082455
600,c_x_tangent:c_0p10_0p30,t_0p05_0p10,580,0,0.0,580,1.0,96,0.16551724137931034,484,0.8344827586206897,0.20409950463100124,0.20484659855376028,0.2681733843541404,3.7289308273763475,4.081990092620025,4.096931971075205,0.10984130499690747,0.12418552538672353
600,c_x_tangent:c_0p10_0p30,t_0p10_inf,0,0,nan,0,nan,0,nan,0,nan,nan,nan,nan,nan,nan,nan,nan,nan
600,c_x_tangent:c_0p30_0p70,t_0_0p005,0,0,nan,0,nan,0,nan,0,nan,nan,nan,nan,nan,nan,nan,nan,nan
600,c_x_tangent:c_0p30_0p70,t_0p005_0p01,0,0,nan,0,nan,0,nan,0,nan,nan,nan,nan,nan,nan,nan,nan,nan
600,c_x_tangent:c_0p30_0p70,t_0p01_0p02,0,0,nan,0,nan,0,nan,0,nan,nan,nan,nan,nan,nan,nan,nan,nan
600,c_x_tangent:c_0p30_0p70,t_0p02_0p05,0,0,nan,0,nan,0,nan,0,nan,nan,nan,nan,nan,nan,nan,nan,nan
600,c_x_tangent:c_0p30_0p70,t_0p05_0p10,1688,0,0.0,1688,1.0,0,0.0,1688,1.0,0.2336161970950026,0.2341041447589666,0.22245312266084302,4.49532911940563,4.672323941900052,4.682082895179332,0.1463572014167331,0.15305232701730842
600,c_x_tangent:c_0p30_0p70,t_0p10_inf,0,0,nan,0,nan,0,nan,0,nan,nan,nan,nan,nan,nan,nan,nan,nan
600,c_x_tangent:c_0p70_0p90,t_0_0p005,0,0,nan,0,nan,0,nan,0,nan,nan,nan,nan,nan,nan,nan,nan,nan
600,c_x_tangent:c_0p70_0p90,t_0p005_0p01,0,0,nan,0,nan,0,nan,0,nan,nan,nan,nan,nan,nan,nan,nan,nan
600,c_x_tangent:c_0p70_0p90,t_0p01_0p02,0,0,nan,0,nan,0,nan,0,nan,nan,nan,nan,nan,nan,nan,nan,nan
600,c_x_tangent:c_0p70_0p90,t_0p02_0p05,800,0,0.0,800,1.0,736,0.92,64,0.08,0.1492022324627181,0.1515896486036457,0.3379546855460786,2.958976581088575,2.9840446492543617,3.0317929720729144,0.07753347079257572,0.10127482796698602
600,c_x_tangent:c_0p70_0p90,t_0p05_0p10,436,0,0.0,436,1.0,0,0.0,436,1.0,0.1919516246027168,0.1921638155824718,0.2884742579496894,3.4665138134245663,3.8390324920543364,3.843276311649436,0.11764094531236152,0.1299185615286983
600,c_x_tangent:c_0p70_0p90,t_0p10_inf,0,0,nan,0,nan,0,nan,0,nan,nan,nan,nan,nan,nan,nan,nan,nan
600,c_x_tangent:c_0p90_0p95,t_0_0p005,0,0,nan,0,nan,0,nan,0,nan,nan,nan,nan,nan,nan,nan,nan,nan
600,c_x_tangent:c_0p90_0p95,t_0p005_0p01,0,0,nan,0,nan,0,nan,0,nan,nan,nan,nan,nan,nan,nan,nan,nan
600,c_x_tangent:c_0p90_0p95,t_0p01_0p02,396,0,0.0,396,1.0,396,1.0,0,0.0,0.060141271420554865,0.06046749767008489,0.3556352087979966,2.8118700715260374,2.9890495745014114,2.990332194609387,0.03388998665504289,0.04024106654744032
600,c_x_tangent:c_0p90_0p95,t_0p02_0p05,276,0,0.0,276,1.0,276,1.0,0,0.0,0.07978434411345492,0.08009514742901247,0.3357530032978381,2.9783799107611406,2.9865920831966193,2.9879985988508535,0.04751730052324621,0.053753556693420634
600,c_x_tangent:c_0p90_0p95,t_0p05_0p10,0,0,nan,0,nan,0,nan,0,nan,nan,nan,nan,nan,nan,nan,nan,nan
600,c_x_tangent:c_0p90_0p95,t_0p10_inf,0,0,nan,0,nan,0,nan,0,nan,nan,nan,nan,nan,nan,nan,nan,nan
600,c_x_tangent:c_0p95_1,t_0_0p005,8,0,0.0,0,0.0,8,1.0,0,0.0,8.382109758322808e-07,8.382109758322871e-07,1.0,0.000158109438942082,0.00015810943894220043,0.00015810943894220162,0.01060292138711219,0.010602921387112437
600,c_x_tangent:c_0p95_1,t_0p005_0p01,572,0,0.0,0,0.0,572,1.0,0,0.0,0.008696712474390519,0.009537201010341797,1.0,0.1646796757264738,0.8610086126930501,0.924463201723698,0.014877102648635399,0.020201220629347864
600,c_x_tangent:c_0p95_1,t_0p01_0p02,252,0,0.0,236,0.9365079365079365,252,1.0,0,0.0,0.02579563190151651,0.025881557243312203,0.7334973901471978,1.363331367544908,1.9183375412331625,1.9247318541405263,0.02340934649250917,0.026893675799707053
600,c_x_tangent:c_0p95_1,t_0p02_0p05,0,0,nan,0,nan,0,nan,0,nan,nan,nan,nan,nan,nan,nan,nan,nan
600,c_x_tangent:c_0p95_1,t_0p05_0p10,0,0,nan,0,nan,0,nan,0,nan,nan,nan,nan,nan,nan,nan,nan,nan
600,c_x_tangent:c_0p95_1,t_0p10_inf,0,0,nan,0,nan,0,nan,0,nan,nan,nan,nan,nan,nan,nan,nan,nan
700,region,none_or_unknown,7760,0,0.0,6480,0.8350515463917526,5088,0.6556701030927835,2672,0.3443298969072165,0.22945842167369968,0.23136607115765842,0.29111531740182744,3.4350651138483093,4.5891684334739935,4.627321423153168,0.06537776491160954,0.1518902791932633
700,region,sphere_upper,0,0,nan,0,nan,0,nan,0,nan,nan,nan,nan,nan,nan,nan,nan,nan
700,region,sphere_lower90,0,0,nan,0,nan,0,nan,0,nan,nan,nan,nan,nan,nan,nan,nan,nan
700,region,sphere_bottom120,0,0,nan,0,nan,0,nan,0,nan,nan,nan,nan,nan,nan,nan,nan,nan
700,region,outer_or_other_wall,0,0,nan,0,nan,0,nan,0,nan,nan,nan,nan,nan,nan,nan,nan,nan
700,theta_zone,sphere11,7760,0,0.0,6480,0.8350515463917526,5088,0.6556701030927835,2672,0.3443298969072165,0.22945842167369968,0.23136607115765842,0.29111531740182744,3.4350651138483093,4.5891684334739935,4.627321423153168,0.06537776491160954,0.1518902791932633
700,theta_zone,outer90,0,0,nan,0,nan,0,nan,0,nan,nan,nan,nan,nan,nan,nan,nan,nan
700,theta_zone,fallback,0,0,nan,0,nan,0,nan,0,nan,nan,nan,nan,nan,nan,nan,nan,nan
700,c_bin,c_0_0p05,1064,0,0.0,380,0.35714285714285715,1064,1.0,0,0.0,0.03211625719692301,0.03308075202732612,1.0,0.5236775203262789,2.436181090563952,2.518505135634944,0.016999916758547347,0.026074903932628846
700,c_bin,c_0p05_0p10,808,0,0.0,808,1.0,808,1.0,0,0.0,0.09496782408308765,0.09773468598271871,0.26091083551836297,3.8327269851144976,3.946323359510844,3.9837398492905303,0.0380461733720142,0.04984534572750734
700,c_bin,c_0p10_0p30,1460,0,0.0,1460,1.0,976,0.6684931506849315,484,0.3315068493150685,0.19675720962982507,0.20203633432070228,0.2764494362058403,3.617298026447825,3.935144192596501,4.040726686414045,0.08506798804695184,0.12071837781279932
700,c_bin,c_0p30_0p70,1688,0,0.0,1688,1.0,0,0.0,1688,1.0,0.23134860526442688,0.23178691553308983,0.22439487611168646,4.456429742639387,4.626972105288537,4.635738310661796,0.14658350249914415,0.15323181180217949
700,c_bin,c_0p70_0p90,1252,0,0.0,1252,1.0,752,0.6006389776357828,500,0.3993610223642173,0.18934323399407,0.19175460651317391,0.3352872792461473,2.982516969472801,3.7868646798813996,3.835092130263478,0.09178434730583662,0.12880507024156557
700,c_bin,c_0p90_0p95,672,0,0.0,672,1.0,672,1.0,0,0.0,0.07780998851428261,0.07995081590244303,0.33475296303283864,2.9872775163513694,3.001861124368801,3.00519217555202,0.03799630618425576,0.05193619791234133
700,c_bin,c_0p95_1,816,0,0.0,220,0.2696078431372549,816,1.0,0,0.0,0.022679699513265313,0.02434748320555115,1.0,0.35398649440435015,1.756689816984747,1.847093526966679,0.016682913777118058,0.025820949485771086
700,tangent_bin,t_0_0p005,8,0,0.0,0,0.0,8,1.0,0,0.0,8.406212714110834e-07,8.40621271411374e-07,1.0,0.00015857083776565095,0.00015857083776579738,0.00015857083776585172,0.010602469952926075,0.010602469952926569
700,tangent_bin,t_0p005_0p01,1072,0,0.0,0,0.0,1072,1.0,0,0.0,0.0065942442241488574,0.009316762924222705,1.0,0.1343334458495449,0.690617904257881,0.90912195603908,0.014251696437274697,0.019096650067984555
700,tangent_bin,t_0p01_0p02,1496,0,0.0,1296,0.8663101604278075,1496,1.0,0,0.0,0.060540568072429024,0.06521512643886344,0.4652887793079866,2.1492029132687813,3.524889105190953,3.8231865940222476,0.026270148556982065,0.03799630618425576
700,tangent_bin,t_0p02_0p05,2488,0,0.0,2488,1.0,2424,0.9742765273311897,64,0.02572347266881029,0.15308739523598702,0.1598634057711738,0.2862938462265597,3.4929147558716522,3.924565958284583,3.9626626296413683,0.06386160131955773,0.09642348043998665
700,tangent_bin,t_0p05_0p10,2696,0,0.0,2696,1.0,88,0.032640949554896145,2608,0.9673590504451038,0.23101151981412985,0.2317390191905041,0.2378602066559714,4.204152868664201,4.620230396282597,4.634780383810082,0.13668566682431466,0.15305126760641796
700,tangent_bin,t_0p10_inf,0,0,nan,0,nan,0,nan,0,nan,nan,nan,nan,nan,nan,nan,nan,nan
700,normal_raw_abs_bin,normal_raw_abs_0_1e-4,0,0,nan,0,nan,0,nan,0,nan,nan,nan,nan,nan,nan,nan,nan,nan
700,normal_raw_abs_bin,normal_raw_abs_1e-4_1e-3,0,0,nan,0,nan,0,nan,0,nan,nan,nan,nan,nan,nan,nan,nan,nan
700,normal_raw_abs_bin,normal_raw_abs_1e-3_1e-2,0,0,nan,0,nan,0,nan,0,nan,nan,nan,nan,nan,nan,nan,nan,nan
700,normal_raw_abs_bin,normal_raw_abs_1e-2_5e-2,3264,0,0.0,1984,0.6078431372549019,3264,1.0,0,0.0,0.08671725515826363,0.09441062312719457,0.5898716129265451,1.6953028331011155,3.9178554872995393,3.9575621075035703,0.02391888114017976,0.04730740564511611
700,normal_raw_abs_bin,normal_raw_abs_5e-2_inf,4496,0,0.0,4496,1.0,1824,0.40569395017793597,2672,0.594306049822064,0.2308198615903092,0.23163947804029555,0.2688394726549324,3.7196918671371786,4.616397231806184,4.632789560805911,0.11312292913076083,0.15275346215235241
700,cap_source,abs_cap_selected,2672,0,0.0,2672,1.0,0,0.0,2672,1.0,0.2310115198141301,0.23173901919050416,0.23731477761506276,4.21381259966058,4.620230396282602,4.6347803838100825,0.13686498109743533,0.15305126760641805
700,cap_source,ratio_cap_selected,5088,0,0.0,3808,0.7484276729559748,5088,1.0,0,0.0,0.14830648924953807,0.16638281841778746,0.33712069800189426,2.9662966585310255,3.889174851803312,3.9462959278332037,0.03725111409445711,0.09220187447003628
700,cap_source,none_or_inactive,0,0,nan,0,nan,0,nan,0,nan,nan,nan,nan,nan,nan,nan,nan,nan
700,limiter_class,none,1280,0,0.0,0,0.0,1280,1.0,0,0.0,0.009223369383095672,0.010191627638668264,1.0,0.17958263263370103,0.9101404129283249,0.9959491645657743,0.014825383470360026,0.019491891892947453
700,limiter_class,abs_cap_limiter,2672,0,0.0,2672,1.0,0,0.0,2672,1.0,0.2310115198141301,0.23173901919050416,0.23731477761506276,4.21381259966058,4.620230396282602,4.6347803838100825,0.13686498109743533,0.15305126760641805
700,limiter_class,ratio_cap_limiter,3808,0,0.0,3808,1.0,3808,1.0,0,0.0,0.15476112430772185,0.1670087444186869,0.3340263930811249,2.993775444997061,3.9124637478515627,3.9575621075035636,0.04901456038713664,0.09468990809522382
700,limiter_class,secondary_vector_safety,0,0,nan,0,nan,0,nan,0,nan,nan,nan,nan,nan,nan,nan,nan,nan
700,limiter_class,inactive_or_fallback,0,0,nan,0,nan,0,nan,0,nan,nan,nan,nan,nan,nan,nan,nan,nan
700,normal_agreement_bin,normal_0_0p5,0,0,nan,0,nan,0,nan,0,nan,nan,nan,nan,nan,nan,nan,nan,nan
700,normal_agreement_bin,normal_0p5_0p9,0,0,nan,0,nan,0,nan,0,nan,nan,nan,nan,nan,nan,nan,nan,nan
700,normal_agreement_bin,normal_0p9_0p99,0,0,nan,0,nan,0,nan,0,nan,nan,nan,nan,nan,nan,nan,nan,nan
700,normal_agreement_bin,normal_0p99_1p01,7760,0,0.0,6480,0.8350515463917526,5088,0.6556701030927835,2672,0.3443298969072165,0.22945842167369968,0.23136607115765842,0.29111531740182744,3.4350651138483093,4.5891684334739935,4.627321423153168,0.06537776491160954,0.1518902791932633
700,c_x_tangent:c_0_0p05,t_0_0p005,0,0,nan,0,nan,0,nan,0,nan,nan,nan,nan,nan,nan,nan,nan,nan
700,c_x_tangent:c_0_0p05,t_0p005_0p01,500,0,0.0,0,0.0,500,1.0,0,0.0,0.0030136739665579705,0.004327115677446246,1.0,0.06803377727241994,0.3682300526695029,0.4999147061165558,0.013717870505143618,0.016502648430967225
700,c_x_tangent:c_0_0p05,t_0p01_0p02,564,0,0.0,380,0.6737588652482269,564,1.0,0,0.0,0.03260689930183669,0.034993799654608075,0.7636366919071093,1.3095232465881073,2.479918385448439,2.605667216842319,0.021440572278695395,0.026296751936004087
700,c_x_tangent:c_0_0p05,t_0p02_0p05,0,0,nan,0,nan,0,nan,0,nan,nan,nan,nan,nan,nan,nan,nan,nan
700,c_x_tangent:c_0_0p05,t_0p05_0p10,0,0,nan,0,nan,0,nan,0,nan,nan,nan,nan,nan,nan,nan,nan,nan
700,c_x_tangent:c_0_0p05,t_0p10_inf,0,0,nan,0,nan,0,nan,0,nan,nan,nan,nan,nan,nan,nan,nan,nan
700,c_x_tangent:c_0p05_0p10,t_0_0p005,0,0,nan,0,nan,0,nan,0,nan,nan,nan,nan,nan,nan,nan,nan,nan
700,c_x_tangent:c_0p05_0p10,t_0p005_0p01,0,0,nan,0,nan,0,nan,0,nan,nan,nan,nan,nan,nan,nan,nan,nan
700,c_x_tangent:c_0p05_0p10,t_0p01_0p02,284,0,0.0,284,1.0,284,1.0,0,0.0,0.06521512643886346,0.06543553571246617,0.30813175458879627,3.2453649619284004,3.823186594022249,3.825233927561911,0.02996653767461943,0.0341386923510856
700,c_x_tangent:c_0p05_0p10,t_0p02_0p05,524,0,0.0,524,1.0,524,1.0,0,0.0,0.09579459900996783,0.09853454500129367,0.25714338554122573,3.8888808976954135,3.9626626296413683,3.9854097904621466,0.042056718921008325,0.05037804351086597
700,c_x_tangent:c_0p05_0p10,t_0p05_0p10,0,0,nan,0,nan,0,nan,0,nan,nan,nan,nan,nan,nan,nan,nan,nan
700,c_x_tangent:c_0p05_0p10,t_0p10_inf,0,0,nan,0,nan,0,nan,0,nan,nan,nan,nan,nan,nan,nan,nan,nan
700,c_x_tangent:c_0p10_0p30,t_0_0p005,0,0,nan,0,nan,0,nan,0,nan,nan,nan,nan,nan,nan,nan,nan,nan
700,c_x_tangent:c_0p10_0p30,t_0p005_0p01,0,0,nan,0,nan,0,nan,0,nan,nan,nan,nan,nan,nan,nan,nan,nan
700,c_x_tangent:c_0p10_0p30,t_0p01_0p02,0,0,nan,0,nan,0,nan,0,nan,nan,nan,nan,nan,nan,nan,nan,nan
700,c_x_tangent:c_0p10_0p30,t_0p02_0p05,888,0,0.0,888,1.0,888,1.0,0,0.0,0.1584889465150536,0.16061513483702372,0.2771937910860553,3.6075849223937797,3.7698841018259284,3.817405303633728,0.07108088054228778,0.0922018744700363
700,c_x_tangent:c_0p10_0p30,t_0p05_0p10,572,0,0.0,572,1.0,88,0.15384615384615385,484,0.8461538461538461,0.20160593232293356,0.20246128476832329,0.2712171969118593,3.687081834729609,4.032118646458671,4.049225695366466,0.11038276487350143,0.12462893351980009
700,c_x_tangent:c_0p10_0p30,t_0p10_inf,0,0,nan,0,nan,0,nan,0,nan,nan,nan,nan,nan,nan,nan,nan,nan
700,c_x_tangent:c_0p30_0p70,t_0_0p005,0,0,nan,0,nan,0,nan,0,nan,nan,nan,nan,nan,nan,nan,nan,nan
700,c_x_tangent:c_0p30_0p70,t_0p005_0p01,0,0,nan,0,nan,0,nan,0,nan,nan,nan,nan,nan,nan,nan,nan,nan
700,c_x_tangent:c_0p30_0p70,t_0p01_0p02,0,0,nan,0,nan,0,nan,0,nan,nan,nan,nan,nan,nan,nan,nan,nan
700,c_x_tangent:c_0p30_0p70,t_0p02_0p05,0,0,nan,0,nan,0,nan,0,nan,nan,nan,nan,nan,nan,nan,nan,nan
700,c_x_tangent:c_0p30_0p70,t_0p05_0p10,1688,0,0.0,1688,1.0,0,0.0,1688,1.0,0.23134860526442688,0.23178691553308983,0.22439487611168646,4.456429742639387,4.626972105288537,4.635738310661796,0.14658350249914415,0.15323181180217949
700,c_x_tangent:c_0p30_0p70,t_0p10_inf,0,0,nan,0,nan,0,nan,0,nan,nan,nan,nan,nan,nan,nan,nan,nan
700,c_x_tangent:c_0p70_0p90,t_0_0p005,0,0,nan,0,nan,0,nan,0,nan,nan,nan,nan,nan,nan,nan,nan,nan
700,c_x_tangent:c_0p70_0p90,t_0p005_0p01,0,0,nan,0,nan,0,nan,0,nan,nan,nan,nan,nan,nan,nan,nan,nan
700,c_x_tangent:c_0p70_0p90,t_0p01_0p02,0,0,nan,0,nan,0,nan,0,nan,nan,nan,nan,nan,nan,nan,nan,nan
700,c_x_tangent:c_0p70_0p90,t_0p02_0p05,816,0,0.0,816,1.0,752,0.9215686274509803,64,0.0784313725490196,0.14962542528746517,0.1520637190560903,0.33685376431093395,2.9686472468122598,2.9941819909172818,3.041274381121806,0.077746074059026,0.10148894064540537
700,c_x_tangent:c_0p70_0p90,t_0p05_0p10,436,0,0.0,436,1.0,0,0.0,436,1.0,0.19171130611223336,0.19191793414512198,0.288171522173684,3.4701555256292447,3.8342261222446674,3.838358682902439,0.11793220137210089,0.13019723645969938
700,c_x_tangent:c_0p70_0p90,t_0p10_inf,0,0,nan,0,nan,0,nan,0,nan,nan,nan,nan,nan,nan,nan,nan,nan
700,c_x_tangent:c_0p90_0p95,t_0_0p005,0,0,nan,0,nan,0,nan,0,nan,nan,nan,nan,nan,nan,nan,nan,nan
700,c_x_tangent:c_0p90_0p95,t_0p005_0p01,0,0,nan,0,nan,0,nan,0,nan,nan,nan,nan,nan,nan,nan,nan,nan
700,c_x_tangent:c_0p90_0p95,t_0p01_0p02,412,0,0.0,412,1.0,412,1.0,0,0.0,0.06054056807242889,0.06087090188117506,0.361537932819454,2.7659614917900837,3.0040368680209664,3.005192175552074,0.03325502154718224,0.04030614185658257
700,c_x_tangent:c_0p90_0p95,t_0p02_0p05,260,0,0.0,260,1.0,260,1.0,0,0.0,0.07954340721908709,0.07995081590244346,0.33406805562749164,2.993402042352314,3.0016035513918755,3.0030208280757082,0.04731259070030713,0.053221473004723685
700,c_x_tangent:c_0p90_0p95,t_0p05_0p10,0,0,nan,0,nan,0,nan,0,nan,nan,nan,nan,nan,nan,nan,nan,nan
700,c_x_tangent:c_0p90_0p95,t_0p10_inf,0,0,nan,0,nan,0,nan,0,nan,nan,nan,nan,nan,nan,nan,nan,nan
700,c_x_tangent:c_0p95_1,t_0_0p005,8,0,0.0,0,0.0,8,1.0,0,0.0,8.406212714110834e-07,8.40621271411374e-07,1.0,0.00015857083776565095,0.00015857083776579738,0.00015857083776585172,0.010602469952926075,0.010602469952926569
700,c_x_tangent:c_0p95_1,t_0p005_0p01,572,0,0.0,0,0.0,572,1.0,0,0.0,0.008748736557325464,0.009592936474522388,1.0,0.165435235425782,0.8658327280364055,0.9294910938235584,0.01487844450607484,0.020208837744367547
700,c_x_tangent:c_0p95_1,t_0p01_0p02,236,0,0.0,220,0.9322033898305084,236,1.0,0,0.0,0.024347483205550614,0.024414551905931087,0.7440801817618687,1.343941183371061,1.8470935269666091,1.8521853714438699,0.023259672851912244,0.02636296807257349
700,c_x_tangent:c_0p95_1,t_0p02_0p05,0,0,nan,0,nan,0,nan,0,nan,nan,nan,nan,nan,nan,nan,nan,nan
700,c_x_tangent:c_0p95_1,t_0p05_0p10,0,0,nan,0,nan,0,nan,0,nan,nan,nan,nan,nan,nan,nan,nan,nan
700,c_x_tangent:c_0p95_1,t_0p10_inf,0,0,nan,0,nan,0,nan,0,nan,nan,nan,nan,nan,nan,nan,nan,nan
800,region,none_or_unknown,7792,0,0.0,6528,0.837782340862423,5096,0.6540041067761807,2696,0.3459958932238193,0.2273351325566294,0.22930034536950183,0.29527158171346835,3.3867143741447423,4.546702651132588,4.586006907390036,0.06554884019277221,0.15206652480991026
800,region,sphere_upper,0,0,nan,0,nan,0,nan,0,nan,nan,nan,nan,nan,nan,nan,nan,nan
800,region,sphere_lower90,0,0,nan,0,nan,0,nan,0,nan,nan,nan,nan,nan,nan,nan,nan,nan
800,region,sphere_bottom120,0,0,nan,0,nan,0,nan,0,nan,nan,nan,nan,nan,nan,nan,nan,nan
800,region,outer_or_other_wall,0,0,nan,0,nan,0,nan,0,nan,nan,nan,nan,nan,nan,nan,nan,nan
800,theta_zone,sphere11,7792,0,0.0,6528,0.837782340862423,5096,0.6540041067761807,2696,0.3459958932238193,0.2273351325566294,0.22930034536950183,0.29527158171346835,3.3867143741447423,4.546702651132588,4.586006907390036,0.06554884019277221,0.15206652480991026
800,theta_zone,outer90,0,0,nan,0,nan,0,nan,0,nan,nan,nan,nan,nan,nan,nan,nan,nan
800,theta_zone,fallback,0,0,nan,0,nan,0,nan,0,nan,nan,nan,nan,nan,nan,nan,nan,nan
800,c_bin,c_0_0p05,1088,0,0.0,412,0.3786764705882353,1088,1.0,0,0.0,0.033447675241460376,0.03483372606577187,1.0,0.5444394744474321,2.507038592927596,2.5795962537726322,0.01735396352989213,0.026573065320619763
800,c_bin,c_0p05_0p10,808,0,0.0,808,1.0,808,1.0,0,0.0,0.09442605299707871,0.09596119287612381,0.265101415571631,3.7721413061628777,3.8898666575920506,3.9015341846296856,0.03852335198990302,0.050395668281908994
800,c_bin,c_0p10_0p30,1452,0,0.0,1452,1.0,960,0.6611570247933884,492,0.33884297520661155,0.19415533840536184,0.19926490277657188,0.28129190303980267,3.555025897274051,3.8831067681072367,3.9852980555314375,0.08549881948930158,0.12031523109713846
800,c_bin,c_0p30_0p70,1712,0,0.0,1712,1.0,0,0.0,1712,1.0,0.22922294414590616,0.22958697553126595,0.22642002792149385,4.4165704767455125,4.584458882918122,4.5917395106253185,0.14642687634964163,0.15340141362783025
800,c_bin,c_0p70_0p90,1244,0,0.0,1244,1.0,752,0.6045016077170418,492,0.3954983922829582,0.18842219020410161,0.19140687908722753,0.33401002981790284,2.9939220703796967,3.7684438040820316,3.8281375817445507,0.09161919522025064,0.12837183243088912
800,c_bin,c_0p90_0p95,672,0,0.0,672,1.0,672,1.0,0,0.0,0.07832669514442615,0.08048751404159975,0.33317248423602586,3.0014483407686834,3.0163040032497563,3.0195045220003807,0.03805788839645369,0.052053395641480926
800,c_bin,c_0p95_1,816,0,0.0,228,0.27941176470588236,816,1.0,0,0.0,0.02285514190104037,0.02453831550248692,1.0,0.35618558321495386,1.7687817414593021,1.8599277662478806,0.016686753004425875,0.02584280622682633
800,tangent_bin,t_0_0p005,16,0,0.0,0,0.0,16,1.0,0,0.0,8.438781662710301e-07,8.438781662714017e-07,1.0,9.674917700779088e-05,0.0001591932791663034,0.000159193279166375,0.011186048986933142,0.011770165898712208
800,tangent_bin,t_0p005_0p01,1072,0,0.0,0,0.0,1072,1.0,0,0.0,0.006638824579737655,0.00937727833107587,1.0,0.12420911948948808,0.695021554866836,0.914590999620053,0.014252998224477342,0.01910393867139714
800,tangent_bin,t_0p01_0p02,1496,0,0.0,1320,0.8823529411764706,1496,1.0,0,0.0,0.05949328861095205,0.06355115983854671,0.4620174542139104,2.1644203933841166,3.5261530278056,3.7445473617113967,0.02638630037656889,0.038057888396453896
800,tangent_bin,t_0p02_0p05,2512,0,0.0,2512,1.0,2456,0.9777070063694268,56,0.022292993630573247,0.1528928209308782,0.1585004832658301,0.2905699234973998,3.4415186757282337,3.8501651040063867,3.8932453371725653,0.06422564074565754,0.09668910966910566
800,tangent_bin,t_0p05_0p10,2696,0,0.0,2696,1.0,56,0.020771513353115726,2640,0.9792284866468842,0.22891037090092994,0.2295739598099934,0.24021167570280422,4.162995691390758,4.578207418018598,4.5914791961998676,0.13693991312892903,0.1532223271655041
800,tangent_bin,t_0p10_inf,0,0,nan,0,nan,0,nan,0,nan,nan,nan,nan,nan,nan,nan,nan,nan
800,normal_raw_abs_bin,normal_raw_abs_0_1e-4,0,0,nan,0,nan,0,nan,0,nan,nan,nan,nan,nan,nan,nan,nan,nan
800,normal_raw_abs_bin,normal_raw_abs_1e-4_1e-3,0,0,nan,0,nan,0,nan,0,nan,nan,nan,nan,nan,nan,nan,nan,nan
800,normal_raw_abs_bin,normal_raw_abs_1e-3_1e-2,0,0,nan,0,nan,0,nan,0,nan,nan,nan,nan,nan,nan,nan,nan,nan
800,normal_raw_abs_bin,normal_raw_abs_1e-2_5e-2,3240,0,0.0,1976,0.6098765432098765,3240,1.0,0,0.0,0.08373135045027168,0.09009321936783961,0.6273916484773114,1.593900719633445,3.845640288298496,3.890024185533353,0.023438792091876465,0.047112082686904706
800,normal_raw_abs_bin,normal_raw_abs_5e-2_inf,4552,0,0.0,4552,1.0,1856,0.4077328646748682,2696,0.5922671353251318,0.22871512585718812,0.22947886005988652,0.27284291571224795,3.665113195087826,4.574302517143762,4.58957720119773,0.11340388865984269,0.15292118662034357
800,cap_source,abs_cap_selected,2696,0,0.0,2696,1.0,0,0.0,2696,1.0,0.22891037090092994,0.2295739598099934,0.24021167570280422,4.162995691390758,4.578207418018598,4.5914791961998676,0.13693991312892903,0.1532223271655041
800,cap_source,ratio_cap_selected,5096,0,0.0,3832,0.7519623233908949,5096,1.0,0,0.0,0.1464316879314638,0.16197239385054865,0.3363565538364029,2.9730355736917797,3.821650326062496,3.884676476022854,0.03731007823007637,0.09186294317176472
800,cap_source,none_or_inactive,0,0,nan,0,nan,0,nan,0,nan,nan,nan,nan,nan,nan,nan,nan,nan
800,limiter_class,none,1264,0,0.0,0,0.0,1264,1.0,0,0.0,0.008894668150199975,0.009959319748081208,1.0,0.17836212762509324,0.9085326741050022,0.976271086536977,0.014880406269078106,0.019436978369604098
800,limiter_class,abs_cap_limiter,2696,0,0.0,2696,1.0,0,0.0,2696,1.0,0.22891037090092994,0.2295739598099934,0.24021167570280422,4.162995691390758,4.578207418018598,4.5914791961998676,0.13693991312892903,0.1532223271655041
800,limiter_class,ratio_cap_limiter,3832,0,0.0,3832,1.0,3832,1.0,0,0.0,0.15040893239253783,0.16298828991372416,0.3325300323159961,3.0072471741431217,3.8362707566031236,3.8900241855333464,0.04831408311462604,0.09381542148372175
800,limiter_class,secondary_vector_safety,0,0,nan,0,nan,0,nan,0,nan,nan,nan,nan,nan,nan,nan,nan,nan
800,limiter_class,inactive_or_fallback,0,0,nan,0,nan,0,nan,0,nan,nan,nan,nan,nan,nan,nan,nan,nan
800,normal_agreement_bin,normal_0_0p5,0,0,nan,0,nan,0,nan,0,nan,nan,nan,nan,nan,nan,nan,nan,nan
800,normal_agreement_bin,normal_0p5_0p9,0,0,nan,0,nan,0,nan,0,nan,nan,nan,nan,nan,nan,nan,nan,nan
800,normal_agreement_bin,normal_0p9_0p99,0,0,nan,0,nan,0,nan,0,nan,nan,nan,nan,nan,nan,nan,nan,nan
800,normal_agreement_bin,normal_0p99_1p01,7792,0,0.0,6528,0.837782340862423,5096,0.6540041067761807,2696,0.3459958932238193,0.2273351325566294,0.22930034536950183,0.29527158171346835,3.3867143741447423,4.546702651132588,4.586006907390036,0.06554884019277221,0.15206652480991026
800,c_x_tangent:c_0_0p05,t_0_0p005,8,0,0.0,0,0.0,8,1.0,0,0.0,2.0188821107366488e-07,2.0188821107366493e-07,1.0,3.430507484958125e-05,3.430507484958284e-05,3.430507484958285e-05,0.011770165898712201,0.011770165898712208
800,c_x_tangent:c_0_0p05,t_0p005_0p01,500,0,0.0,0,0.0,500,1.0,0,0.0,0.00321338563266031,0.003622950988669949,1.0,0.07844940728630459,0.3942050828400175,0.4274985379085409,0.013707488883284066,0.01694953627862486
800,c_x_tangent:c_0_0p05,t_0p01_0p02,580,0,0.0,412,0.7103448275862069,580,1.0,0,0.0,0.03412312793842682,0.03498808766197346,0.7607970059094379,1.314411061337741,2.5554576643239257,2.602152022533057,0.021638781806777585,0.02689165533681187
800,c_x_tangent:c_0_0p05,t_0p02_0p05,0,0,nan,0,nan,0,nan,0,nan,nan,nan,nan,nan,nan,nan,nan,nan
800,c_x_tangent:c_0_0p05,t_0p05_0p10,0,0,nan,0,nan,0,nan,0,nan,nan,nan,nan,nan,nan,nan,nan,nan
800,c_x_tangent:c_0_0p05,t_0p10_inf,0,0,nan,0,nan,0,nan,0,nan,nan,nan,nan,nan,nan,nan,nan,nan
800,c_x_tangent:c_0p05_0p10,t_0_0p005,0,0,nan,0,nan,0,nan,0,nan,nan,nan,nan,nan,nan,nan,nan,nan
800,c_x_tangent:c_0p05_0p10,t_0p005_0p01,0,0,nan,0,nan,0,nan,0,nan,nan,nan,nan,nan,nan,nan,nan,nan
800,c_x_tangent:c_0p05_0p10,t_0p01_0p02,268,0,0.0,268,1.0,268,1.0,0,0.0,0.06355115983854678,0.06381735972614941,0.3084308399407425,3.242217931877777,3.7445473617114002,3.7500660317492494,0.030360760762715842,0.03397439558422082
800,c_x_tangent:c_0p05_0p10,t_0p02_0p05,540,0,0.0,540,1.0,540,1.0,0,0.0,0.09502297476190953,0.0971262273707708,0.2619947625783367,3.816870192971888,3.893245337172564,3.906911428962565,0.042429255669237956,0.050732766908180016
800,c_x_tangent:c_0p05_0p10,t_0p05_0p10,0,0,nan,0,nan,0,nan,0,nan,nan,nan,nan,nan,nan,nan,nan,nan
800,c_x_tangent:c_0p05_0p10,t_0p10_inf,0,0,nan,0,nan,0,nan,0,nan,nan,nan,nan,nan,nan,nan,nan,nan
800,c_x_tangent:c_0p10_0p30,t_0_0p005,0,0,nan,0,nan,0,nan,0,nan,nan,nan,nan,nan,nan,nan,nan,nan
800,c_x_tangent:c_0p10_0p30,t_0p005_0p01,0,0,nan,0,nan,0,nan,0,nan,nan,nan,nan,nan,nan,nan,nan,nan
800,c_x_tangent:c_0p10_0p30,t_0p01_0p02,0,0,nan,0,nan,0,nan,0,nan,nan,nan,nan,nan,nan,nan,nan,nan
800,c_x_tangent:c_0p10_0p30,t_0p02_0p05,904,0,0.0,904,1.0,904,1.0,0,0.0,0.15728767412649183,0.16054408089977704,0.2822688532566211,3.542722075485274,3.7021142385003873,3.737585867328592,0.07185383677368655,0.09294069993446646
800,c_x_tangent:c_0p10_0p30,t_0p05_0p10,548,0,0.0,548,1.0,56,0.10218978102189781,492,0.8978102189781022,0.19792009175848405,0.1993427394169497,0.27422199751854726,3.646680459806526,3.958401835169681,3.9868547883389938,0.11090100818232199,0.12378246083392916
800,c_x_tangent:c_0p10_0p30,t_0p10_inf,0,0,nan,0,nan,0,nan,0,nan,nan,nan,nan,nan,nan,nan,nan,nan
800,c_x_tangent:c_0p30_0p70,t_0_0p005,0,0,nan,0,nan,0,nan,0,nan,nan,nan,nan,nan,nan,nan,nan,nan
800,c_x_tangent:c_0p30_0p70,t_0p005_0p01,0,0,nan,0,nan,0,nan,0,nan,nan,nan,nan,nan,nan,nan,nan,nan
800,c_x_tangent:c_0p30_0p70,t_0p01_0p02,0,0,nan,0,nan,0,nan,0,nan,nan,nan,nan,nan,nan,nan,nan,nan
800,c_x_tangent:c_0p30_0p70,t_0p02_0p05,0,0,nan,0,nan,0,nan,0,nan,nan,nan,nan,nan,nan,nan,nan,nan
800,c_x_tangent:c_0p30_0p70,t_0p05_0p10,1712,0,0.0,1712,1.0,0,0.0,1712,1.0,0.22922294414590616,0.22958697553126595,0.22642002792149385,4.4165704767455125,4.584458882918122,4.5917395106253185,0.14642687634964163,0.15340141362783025
800,c_x_tangent:c_0p30_0p70,t_0p10_inf,0,0,nan,0,nan,0,nan,0,nan,nan,nan,nan,nan,nan,nan,nan,nan
800,c_x_tangent:c_0p70_0p90,t_0_0p005,0,0,nan,0,nan,0,nan,0,nan,nan,nan,nan,nan,nan,nan,nan,nan
800,c_x_tangent:c_0p70_0p90,t_0p005_0p01,0,0,nan,0,nan,0,nan,0,nan,nan,nan,nan,nan,nan,nan,nan,nan
800,c_x_tangent:c_0p70_0p90,t_0p01_0p02,0,0,nan,0,nan,0,nan,0,nan,nan,nan,nan,nan,nan,nan,nan,nan
800,c_x_tangent:c_0p70_0p90,t_0p02_0p05,808,0,0.0,808,1.0,752,0.9306930693069307,56,0.06930693069306931,0.14884180119821505,0.15219263555677193,0.33592498248329294,2.976855108091978,3.003896651428193,3.0438527111354383,0.07796206596865068,0.10091880288874777
800,c_x_tangent:c_0p70_0p90,t_0p05_0p10,436,0,0.0,436,1.0,0,0.0,436,1.0,0.19062281659881083,0.19147785203232104,0.2897987652683238,3.4506703266113057,3.8124563319762164,3.8295570406464203,0.11742601449449674,0.13046310511804027
800,c_x_tangent:c_0p70_0p90,t_0p10_inf,0,0,nan,0,nan,0,nan,0,nan,nan,nan,nan,nan,nan,nan,nan,nan
800,c_x_tangent:c_0p90_0p95,t_0_0p005,0,0,nan,0,nan,0,nan,0,nan,nan,nan,nan,nan,nan,nan,nan,nan
800,c_x_tangent:c_0p90_0p95,t_0p005_0p01,0,0,nan,0,nan,0,nan,0,nan,nan,nan,nan,nan,nan,nan,nan,nan
800,c_x_tangent:c_0p90_0p95,t_0p01_0p02,412,0,0.0,412,1.0,412,1.0,0,0.0,0.06093523882961934,0.06127006922831641,0.3591624826023734,2.7842551726291913,3.018346145719258,3.0195045220004553,0.03329948990692075,0.04037657438066844
800,c_x_tangent:c_0p90_0p95,t_0p02_0p05,260,0,0.0,260,1.0,260,1.0,0,0.0,0.08007679822496966,0.0804875140416007,0.33253003231599476,3.0072471741431333,3.015752470903552,3.0172790857137923,0.04741083618096817,0.05334382185936554
800,c_x_tangent:c_0p90_0p95,t_0p05_0p10,0,0,nan,0,nan,0,nan,0,nan,nan,nan,nan,nan,nan,nan,nan,nan
800,c_x_tangent:c_0p90_0p95,t_0p10_inf,0,0,nan,0,nan,0,nan,0,nan,nan,nan,nan,nan,nan,nan,nan,nan
800,c_x_tangent:c_0p95_1,t_0_0p005,8,0,0.0,0,0.0,8,1.0,0,0.0,8.438781662712778e-07,8.438781662714513e-07,1.0,0.00015919327916613673,0.00015919327916635113,0.00015919327916638455,0.010601932075153891,0.010601932075154027
800,c_x_tangent:c_0p95_1,t_0p005_0p01,572,0,0.0,0,0.0,572,1.0,0,0.0,0.008806519304603501,0.009654620922083853,1.0,0.16632582730907208,0.8711515429636878,0.9350134036582334,0.014880289644905509,0.02021811101807468
800,c_x_tangent:c_0p95_1,t_0p01_0p02,236,0,0.0,228,0.9661016949152542,236,1.0,0,0.0,0.024538315502486207,0.024606597008622322,0.7392738091671509,1.3526787877506132,1.8599277662478024,1.8651039863453676,0.0232752018049939,0.026386300376568847
800,c_x_tangent:c_0p95_1,t_0p02_0p05,0,0,nan,0,nan,0,nan,0,nan,nan,nan,nan,nan,nan,nan,nan,nan
800,c_x_tangent:c_0p95_1,t_0p05_0p10,0,0,nan,0,nan,0,nan,0,nan,nan,nan,nan,nan,nan,nan,nan,nan
800,c_x_tangent:c_0p95_1,t_0p10_inf,0,0,nan,0,nan,0,nan,0,nan,nan,nan,nan,nan,nan,nan,nan,nan
900,region,none_or_unknown,7856,0,0.0,6560,0.835030549898167,5160,0.6568228105906314,2696,0.34317718940936864,0.2252989960392156,0.22725896185680183,0.29887157776685086,3.3459186968260264,4.505979920784312,4.545179237136036,0.06494501095846339,0.15223767303870617
900,region,sphere_upper,0,0,nan,0,nan,0,nan,0,nan,nan,nan,nan,nan,nan,nan,nan,nan
900,region,sphere_lower90,0,0,nan,0,nan,0,nan,0,nan,nan,nan,nan,nan,nan,nan,nan,nan
900,region,sphere_bottom120,0,0,nan,0,nan,0,nan,0,nan,nan,nan,nan,nan,nan,nan,nan,nan
900,region,outer_or_other_wall,0,0,nan,0,nan,0,nan,0,nan,nan,nan,nan,nan,nan,nan,nan,nan
900,theta_zone,sphere11,7856,0,0.0,6560,0.835030549898167,5160,0.6568228105906314,2696,0.34317718940936864,0.2252989960392156,0.22725896185680183,0.29887157776685086,3.3459186968260264,4.505979920784312,4.545179237136036,0.06494501095846339,0.15223767303870617
900,theta_zone,outer90,0,0,nan,0,nan,0,nan,0,nan,nan,nan,nan,nan,nan,nan,nan,nan
900,theta_zone,fallback,0,0,nan,0,nan,0,nan,0,nan,nan,nan,nan,nan,nan,nan,nan,nan
900,c_bin,c_0_0p05,1096,0,0.0,388,0.354014598540146,1096,1.0,0,0.0,0.029362373480344327,0.03348931911584973,1.0,0.4578763403446173,2.2723554703749134,2.4968463807231003,0.017351909623105878,0.025843116416552424
900,c_bin,c_0p05_0p10,848,0,0.0,848,1.0,848,1.0,0,0.0,0.0938741732868794,0.09471769476494633,0.2699902618621702,3.7038382565083707,3.8217925792530094,3.8449759018996077,0.03856696817604607,0.05099259104544685
900,c_bin,c_0p10_0p30,1468,0,0.0,1468,1.0,976,0.6648501362397821,492,0.335149863760218,0.19208332442023746,0.19706869640524588,0.28590072872917605,3.4977175624734613,3.841666488404749,3.9413739281049174,0.08553630415056458,0.12073718320066412
900,c_bin,c_0p30_0p70,1720,0,0.0,1720,1.0,0,0.0,1720,1.0,0.2271764439395542,0.22759210852511483,0.22863896875415607,4.373707620572981,4.543528878791084,4.551842170502296,0.14663067273526853,0.1535654295764129
900,c_bin,c_0p70_0p90,1244,0,0.0,1244,1.0,760,0.6109324758842444,484,0.3890675241157556,0.1878954025159777,0.19030731390096522,0.3328761504464321,3.004120297170177,3.757908050319554,3.8061462780193045,0.09187151472206767,0.12863655606519628
900,c_bin,c_0p90_0p95,664,0,0.0,664,1.0,664,1.0,0,0.0,0.07876881841517132,0.08058718762326728,0.33169183696528803,3.014846579129565,3.030715834301971,3.0331773673922924,0.03812391604315657,0.05217511145107816
900,c_bin,c_0p95_1,816,0,0.0,228,0.27941176470588236,816,1.0,0,0.0,0.02304115486644957,0.024740027967726928,1.0,0.35865258038696435,1.7814749364528604,1.873354501744391,0.016691615586076514,0.02586750382503558
900,tangent_bin,t_0_0p005,32,0,0.0,0,0.0,32,1.0,0,0.0,8.484044699364769e-07,8.484044699367873e-07,1.0,6.811618969911405e-06,0.0001600554200854099,0.0001600554200854708,0.011928381118377494,0.012180532413139152
900,tangent_bin,t_0p005_0p01,1096,0,0.0,0,0.0,1096,1.0,0,0.0,0.006666492435938917,0.009403363248260719,1.0,0.11386803412543609,0.6975998618890533,0.9166230852617112,0.014271107987676843,0.019112654116319225
900,tangent_bin,t_0p01_0p02,1520,0,0.0,1352,0.8894736842105263,1520,1.0,0,0.0,0.06042144418938149,0.06466879202161113,0.46147435725586317,2.1670463720664204,3.5322771601876544,3.7320893079289728,0.026676093144851448,0.0381240422352393
900,tangent_bin,t_0p02_0p05,2512,0,0.0,2512,1.0,2456,0.9777070063694268,56,0.022292993630573247,0.15216338539001817,0.15698558585637792,0.29538861891548035,3.3853760857145714,3.7878310787036713,3.8334843033114856,0.06461297851562714,0.09695230701925775
900,tangent_bin,t_0p05_0p10,2696,0,0.0,2696,1.0,56,0.020771513353115726,2640,0.9792284866468842,0.22700294242761543,0.22748054357332273,0.241393013855268,4.142621973749403,4.540058848552308,4.549610871466454,0.13718493316862412,0.15338565767449402
900,tangent_bin,t_0p10_inf,0,0,nan,0,nan,0,nan,0,nan,nan,nan,nan,nan,nan,nan,nan,nan
900,normal_raw_abs_bin,normal_raw_abs_0_1e-4,0,0,nan,0,nan,0,nan,0,nan,nan,nan,nan,nan,nan,nan,nan,nan
900,normal_raw_abs_bin,normal_raw_abs_1e-4_1e-3,0,0,nan,0,nan,0,nan,0,nan,nan,nan,nan,nan,nan,nan,nan,nan
900,normal_raw_abs_bin,normal_raw_abs_1e-3_1e-2,0,0,nan,0,nan,0,nan,0,nan,nan,nan,nan,nan,nan,nan,nan,nan
900,normal_raw_abs_bin,normal_raw_abs_1e-2_5e-2,3296,0,0.0,2000,0.6067961165048543,3296,1.0,0,0.0,0.08215925117249183,0.0895793720328366,0.6415832203793335,1.5586447963454062,3.7778948924924656,3.8252504123691606,0.023494613990813727,0.04720426073050145
900,normal_raw_abs_bin,normal_raw_abs_5e-2_inf,4560,0,0.0,4560,1.0,1864,0.4087719298245614,2696,0.5912280701754385,0.2266922397099034,0.22743003948232277,0.2769631777959336,3.6105882664907885,4.5338447941980675,4.548600789646455,0.11368121163974843,0.15308215510666584
900,cap_source,abs_cap_selected,2696,0,0.0,2696,1.0,0,0.0,2696,1.0,0.22700294242761543,0.22748054357332273,0.241393013855268,4.142621973749403,4.540058848552308,4.549610871466454,0.13718493316862412,0.15338565767449402
900,cap_source,ratio_cap_selected,5160,0,0.0,3864,0.7488372093023256,5160,1.0,0,0.0,0.14568088044148567,0.16038711691238025,0.33578740566461357,2.9780747673389687,3.7479879429996363,3.8202204296763913,0.03687929250537553,0.09229483887298973
900,cap_source,none_or_inactive,0,0,nan,0,nan,0,nan,0,nan,nan,nan,nan,nan,nan,nan,nan,nan
900,limiter_class,none,1296,0,0.0,0,0.0,1296,1.0,0,0.0,0.007908221971715144,0.009721723488957442,1.0,0.16365220764136296,0.8359399904696613,0.9744160580413335,0.01479492928048608,0.019386100378343027
900,limiter_class,abs_cap_limiter,2696,0,0.0,2696,1.0,0,0.0,2696,1.0,0.22700294242761543,0.22748054357332273,0.241393013855268,4.142621973749403,4.540058848552308,4.549610871466454,0.13718493316862412,0.15338565767449402
900,limiter_class,ratio_cap_limiter,3864,0,0.0,3864,1.0,3864,1.0,0,0.0,0.14905125486526904,0.16143775271693367,0.3311368946298028,3.0198990695916206,3.7693662444842944,3.8252504123691513,0.04842288316593914,0.09436392081751589
900,limiter_class,secondary_vector_safety,0,0,nan,0,nan,0,nan,0,nan,nan,nan,nan,nan,nan,nan,nan,nan
900,limiter_class,inactive_or_fallback,0,0,nan,0,nan,0,nan,0,nan,nan,nan,nan,nan,nan,nan,nan,nan
900,normal_agreement_bin,normal_0_0p5,0,0,nan,0,nan,0,nan,0,nan,nan,nan,nan,nan,nan,nan,nan,nan
900,normal_agreement_bin,normal_0p5_0p9,0,0,nan,0,nan,0,nan,0,nan,nan,nan,nan,nan,nan,nan,nan,nan
900,normal_agreement_bin,normal_0p9_0p99,0,0,nan,0,nan,0,nan,0,nan,nan,nan,nan,nan,nan,nan,nan,nan
900,normal_agreement_bin,normal_0p99_1p01,7856,0,0.0,6560,0.835030549898167,5160,0.6568228105906314,2696,0.34317718940936864,0.2252989960392156,0.22725896185680183,0.29887157776685086,3.3459186968260264,4.505979920784312,4.545179237136036,0.06494501095846339,0.15223767303870617
900,c_x_tangent:c_0_0p05,t_0_0p005,24,0,0.0,0,0.0,24,1.0,0,0.0,4.291900659235003e-08,4.291900659235014e-08,1.0,6.576090058822046e-06,7.0471478809995614e-06,7.047147880999581e-06,0.012111878507541099,0.012180532413139152
900,c_x_tangent:c_0_0p05,t_0p005_0p01,532,0,0.0,0,0.0,532,1.0,0,0.0,0.003749130230777435,0.004263818303899283,1.0,0.09679712622407102,0.4378685339171137,0.48705758109121383,0.013894125613739428,0.017508477311230994
900,c_x_tangent:c_0_0p05,t_0p01_0p02,540,0,0.0,388,0.7185185185185186,540,1.0,0,0.0,0.03195259781482955,0.03358063980234386,0.7407693489532503,1.3499478635462678,2.4184534765295194,2.505583987452544,0.021723256367552554,0.026547545159723712
900,c_x_tangent:c_0_0p05,t_0p02_0p05,0,0,nan,0,nan,0,nan,0,nan,nan,nan,nan,nan,nan,nan,nan,nan
900,c_x_tangent:c_0_0p05,t_0p05_0p10,0,0,nan,0,nan,0,nan,0,nan,nan,nan,nan,nan,nan,nan,nan,nan
900,c_x_tangent:c_0_0p05,t_0p10_inf,0,0,nan,0,nan,0,nan,0,nan,nan,nan,nan,nan,nan,nan,nan,nan
900,c_x_tangent:c_0p05_0p10,t_0_0p005,0,0,nan,0,nan,0,nan,0,nan,nan,nan,nan,nan,nan,nan,nan,nan
900,c_x_tangent:c_0p05_0p10,t_0p005_0p01,0,0,nan,0,nan,0,nan,0,nan,nan,nan,nan,nan,nan,nan,nan,nan
900,c_x_tangent:c_0p05_0p10,t_0p01_0p02,324,0,0.0,324,1.0,324,1.0,0,0.0,0.06451939834531449,0.06491997489499506,0.31195724914753653,3.2055674382712027,3.7276456416785253,3.744811877035796,0.030749113785903157,0.03455652091871391
900,c_x_tangent:c_0p05_0p10,t_0p02_0p05,524,0,0.0,524,1.0,524,1.0,0,0.0,0.09403910357018068,0.09538378354301731,0.2668098230859485,3.7479879429996323,3.8334843033114847,3.8484542073254837,0.042748137514712126,0.05114496991293503
900,c_x_tangent:c_0p05_0p10,t_0p05_0p10,0,0,nan,0,nan,0,nan,0,nan,nan,nan,nan,nan,nan,nan,nan,nan
900,c_x_tangent:c_0p05_0p10,t_0p10_inf,0,0,nan,0,nan,0,nan,0,nan,nan,nan,nan,nan,nan,nan,nan,nan
900,c_x_tangent:c_0p10_0p30,t_0_0p005,0,0,nan,0,nan,0,nan,0,nan,nan,nan,nan,nan,nan,nan,nan,nan
900,c_x_tangent:c_0p10_0p30,t_0p005_0p01,0,0,nan,0,nan,0,nan,0,nan,nan,nan,nan,nan,nan,nan,nan,nan
900,c_x_tangent:c_0p10_0p30,t_0p01_0p02,0,0,nan,0,nan,0,nan,0,nan,nan,nan,nan,nan,nan,nan,nan,nan
900,c_x_tangent:c_0p10_0p30,t_0p02_0p05,920,0,0.0,920,1.0,920,1.0,0,0.0,0.15580162067535214,0.1589842828231626,0.28714972412861234,3.4825038708131677,3.6512185367911343,3.6645817448225633,0.07168222520483836,0.09356128409473026
900,c_x_tangent:c_0p10_0p30,t_0p05_0p10,548,0,0.0,548,1.0,56,0.10218978102189781,492,0.8978102189781022,0.19580068421674657,0.19718384848897294,0.27719929860110426,3.6075127355896432,3.916013684334931,3.9436769697794585,0.11139926564338082,0.12420465076795906
900,c_x_tangent:c_0p10_0p30,t_0p10_inf,0,0,nan,0,nan,0,nan,0,nan,nan,nan,nan,nan,nan,nan,nan,nan
900,c_x_tangent:c_0p30_0p70,t_0_0p005,0,0,nan,0,nan,0,nan,0,nan,nan,nan,nan,nan,nan,nan,nan,nan
900,c_x_tangent:c_0p30_0p70,t_0p005_0p01,0,0,nan,0,nan,0,nan,0,nan,nan,nan,nan,nan,nan,nan,nan,nan
900,c_x_tangent:c_0p30_0p70,t_0p01_0p02,0,0,nan,0,nan,0,nan,0,nan,nan,nan,nan,nan,nan,nan,nan,nan
900,c_x_tangent:c_0p30_0p70,t_0p02_0p05,0,0,nan,0,nan,0,nan,0,nan,nan,nan,nan,nan,nan,nan,nan,nan
900,c_x_tangent:c_0p30_0p70,t_0p05_0p10,1720,0,0.0,1720,1.0,0,0.0,1720,1.0,0.2271764439395542,0.22759210852511483,0.22863896875415607,4.373707620572981,4.543528878791084,4.551842170502296,0.14663067273526853,0.1535654295764129
900,c_x_tangent:c_0p30_0p70,t_0p10_inf,0,0,nan,0,nan,0,nan,0,nan,nan,nan,nan,nan,nan,nan,nan,nan
900,c_x_tangent:c_0p70_0p90,t_0_0p005,0,0,nan,0,nan,0,nan,0,nan,nan,nan,nan,nan,nan,nan,nan,nan
900,c_x_tangent:c_0p70_0p90,t_0p005_0p01,0,0,nan,0,nan,0,nan,0,nan,nan,nan,nan,nan,nan,nan,nan,nan
900,c_x_tangent:c_0p70_0p90,t_0p01_0p02,0,0,nan,0,nan,0,nan,0,nan,nan,nan,nan,nan,nan,nan,nan,nan
900,c_x_tangent:c_0p70_0p90,t_0p02_0p05,816,0,0.0,816,1.0,760,0.9313725490196079,56,0.06862745098039216,0.14920694606253987,0.15249945904945977,0.3351292792997253,2.98392310600126,3.015006471303052,3.0499891809891952,0.07817903353584038,0.1011881664966573
900,c_x_tangent:c_0p70_0p90,t_0p05_0p10,428,0,0.0,428,1.0,0,0.0,428,1.0,0.1899377325723095,0.19114626392250827,0.28971520412723467,3.4516655865973416,3.79875465144619,3.8229252784501653,0.11770238258817514,0.13038301332963137
900,c_x_tangent:c_0p70_0p90,t_0p10_inf,0,0,nan,0,nan,0,nan,0,nan,nan,nan,nan,nan,nan,nan,nan,nan
900,c_x_tangent:c_0p90_0p95,t_0_0p005,0,0,nan,0,nan,0,nan,0,nan,nan,nan,nan,nan,nan,nan,nan,nan
900,c_x_tangent:c_0p90_0p95,t_0p005_0p01,0,0,nan,0,nan,0,nan,0,nan,nan,nan,nan,nan,nan,nan,nan,nan
900,c_x_tangent:c_0p90_0p95,t_0p01_0p02,412,0,0.0,412,1.0,412,1.0,0,0.0,0.0613227830090525,0.061662243803242846,0.35681182271966194,2.802597717692989,3.031905515834544,3.033177367392326,0.033348002860457804,0.040451645137875025
900,c_x_tangent:c_0p90_0p95,t_0p02_0p05,252,0,0.0,252,1.0,252,1.0,0,0.0,0.07958934312450264,0.0805871876232675,0.33111977534007053,3.0200552019974287,3.02899894216119,3.030715834301954,0.04751379672340003,0.0528201860633129
900,c_x_tangent:c_0p90_0p95,t_0p05_0p10,0,0,nan,0,nan,0,nan,0,nan,nan,nan,nan,nan,nan,nan,nan,nan
900,c_x_tangent:c_0p90_0p95,t_0p10_inf,0,0,nan,0,nan,0,nan,0,nan,nan,nan,nan,nan,nan,nan,nan,nan
900,c_x_tangent:c_0p95_1,t_0_0p005,8,0,0.0,0,0.0,8,1.0,0,0.0,8.484044699367871e-07,8.484044699367887e-07,1.0,0.0001600554200853499,0.0001600554200854705,0.00016005542008547266,0.010601383814228205,0.010601383814228569
900,c_x_tangent:c_0p95_1,t_0p005_0p01,564,0,0.0,0,0.0,564,1.0,0,0.0,0.007165800095240683,0.009443164052581159,1.0,0.1599511580109042,0.7392719479824821,0.9204977410798344,0.014776433498454145,0.019386100378342777
900,c_x_tangent:c_0p95_1,t_0p01_0p02,244,0,0.0,228,0.9344262295081968,244,1.0,0,0.0,0.02474002796772647,0.02480942886432581,0.745475937408792,1.3414249204017383,1.8733545017443185,1.8786049945726855,0.023130483131185098,0.026412542788554205
900,c_x_tangent:c_0p95_1,t_0p02_0p05,0,0,nan,0,nan,0,nan,0,nan,nan,nan,nan,nan,nan,nan,nan,nan
900,c_x_tangent:c_0p95_1,t_0p05_0p10,0,0,nan,0,nan,0,nan,0,nan,nan,nan,nan,nan,nan,nan,nan,nan
900,c_x_tangent:c_0p95_1,t_0p10_inf,0,0,nan,0,nan,0,nan,0,nan,nan,nan,nan,nan,nan,nan,nan,nan
1000,region,none_or_unknown,7896,0,0.0,6568,0.8318135764944276,5176,0.6555217831813577,2720,0.3444782168186423,0.2234728743713201,0.22532734272141297,0.3017112655314392,3.314427117475358,4.469457487426402,4.506546854428259,0.0649948332775985,0.15240166195047458
1000,region,sphere_upper,0,0,nan,0,nan,0,nan,0,nan,nan,nan,nan,nan,nan,nan,nan,nan
1000,region,sphere_lower90,0,0,nan,0,nan,0,nan,0,nan,nan,nan,nan,nan,nan,nan,nan,nan
1000,region,sphere_bottom120,0,0,nan,0,nan,0,nan,0,nan,nan,nan,nan,nan,nan,nan,nan,nan
1000,region,outer_or_other_wall,0,0,nan,0,nan,0,nan,0,nan,nan,nan,nan,nan,nan,nan,nan,nan
1000,theta_zone,sphere11,7896,0,0.0,6568,0.8318135764944276,5176,0.6555217831813577,2720,0.3444782168186423,0.2234728743713201,0.22532734272141297,0.3017112655314392,3.314427117475358,4.469457487426402,4.506546854428259,0.0649948332775985,0.15240166195047458
1000,theta_zone,outer90,0,0,nan,0,nan,0,nan,0,nan,nan,nan,nan,nan,nan,nan,nan,nan
1000,theta_zone,fallback,0,0,nan,0,nan,0,nan,0,nan,nan,nan,nan,nan,nan,nan,nan,nan
1000,c_bin,c_0_0p05,1112,0,0.0,372,0.3345323741007194,1112,1.0,0,0.0,0.029033561399232913,0.03351010332954883,1.0,0.46820274601770995,2.2265481565681515,2.4945403912851596,0.01728211851970702,0.02594087574575605
1000,c_bin,c_0p05_0p10,856,0,0.0,856,1.0,856,1.0,0,0.0,0.09296099822293946,0.09362537110970062,0.27510552352981876,3.6349688191251808,3.7603252154991207,3.794652080091086,0.038794927606866376,0.051528092714555634
1000,c_bin,c_0p10_0p30,1468,0,0.0,1468,1.0,976,0.6648501362397821,492,0.335149863760218,0.1892830498547386,0.19379266127300288,0.2902001345054859,3.44589778259078,3.7856609970947717,3.8758532254600575,0.08587214423310978,0.1204001463049936
1000,c_bin,c_0p30_0p70,1736,0,0.0,1736,1.0,0,0.0,1736,1.0,0.22531550930897587,0.225687156706221,0.23067367163876498,4.335128464795064,4.506310186179517,4.51374313412442,0.14680406354381054,0.15372515337634532
1000,c_bin,c_0p70_0p90,1244,0,0.0,1244,1.0,752,0.6045016077170418,492,0.3954983922829582,0.18758175739017213,0.18995712637478612,0.331799499643716,3.0138683182879813,3.7516351478034426,3.7991425274957225,0.09212241528933302,0.12889328162041344
1000,c_bin,c_0p90_0p95,664,0,0.0,664,1.0,664,1.0,0,0.0,0.07924454370984484,0.08107438941897913,0.33034525459122477,3.0271359629135124,3.0433155935601865,3.0461649823303993,0.038193954636240396,0.05230072351035802
1000,c_bin,c_0p95_1,816,0,0.0,228,0.27941176470588236,816,1.0,0,0.0,0.023236245950205698,0.02495100881489329,1.0,0.3613734777082498,1.79465617588109,1.887254671262261,0.01669759956829192,0.025894927688639977
1000,tangent_bin,t_0_0p005,48,0,0.0,0,0.0,48,1.0,0,0.0,5.814006849190582e-06,5.814006849190654e-06,1.0,0.00010913255797794557,0.0009505971390683337,0.0009505971390683455,0.012404411944713745,0.01272092398877337
1000,tangent_bin,t_0p005_0p01,1096,0,0.0,0,0.0,1096,1.0,0,0.0,0.006719649157926962,0.009473790399166961,1.0,0.12634796313776503,0.7027825434119159,0.922887581142261,0.01440451877269227,0.01912298255247978
1000,tangent_bin,t_0p01_0p02,1544,0,0.0,1360,0.8808290155440415,1544,1.0,0,0.0,0.06119104133354345,0.06555029967041456,0.45238282447544353,2.2105171679750244,3.5457038318267347,3.710245737315285,0.026866755452522293,0.03819404798039638
1000,tangent_bin,t_0p02_0p05,2528,0,0.0,2528,1.0,2464,0.9746835443037974,64,0.02531645569620253,0.15228131737752182,0.1575071819922238,0.3007656250165236,3.3248521440089474,3.7242694104611145,3.7634631777861443,0.06514194788181184,0.0976317446606147
1000,tangent_bin,t_0p05_0p10,2680,0,0.0,2680,1.0,24,0.008955223880597015,2656,0.991044776119403,0.22514704939941635,0.22564636991105821,0.24290395543759916,4.116860664767408,4.502940987988326,4.512927398221164,0.13756977648129964,0.15354219080590548
1000,tangent_bin,t_0p10_inf,0,0,nan,0,nan,0,nan,0,nan,nan,nan,nan,nan,nan,nan,nan,nan
1000,normal_raw_abs_bin,normal_raw_abs_0_1e-4,0,0,nan,0,nan,0,nan,0,nan,nan,nan,nan,nan,nan,nan,nan,nan
1000,normal_raw_abs_bin,normal_raw_abs_1e-4_1e-3,0,0,nan,0,nan,0,nan,0,nan,nan,nan,nan,nan,nan,nan,nan,nan
1000,normal_raw_abs_bin,normal_raw_abs_1e-3_1e-2,0,0,nan,0,nan,0,nan,0,nan,nan,nan,nan,nan,nan,nan,nan,nan
1000,normal_raw_abs_bin,normal_raw_abs_1e-2_5e-2,3312,0,0.0,1984,0.5990338164251208,3312,1.0,0,0.0,0.080998664719984,0.08870847745441666,0.6418825590832985,1.557939555272434,3.713772046467025,3.760647608611416,0.02369047111144501,0.04731978763794113
1000,normal_raw_abs_bin,normal_raw_abs_5e-2_inf,4584,0,0.0,4584,1.0,1864,0.40663176265270506,2720,0.5933682373472949,0.224813892339825,0.22546475234244528,0.27996625489092497,3.571859522288889,4.4962778467965,4.509295046848905,0.11394744737824669,0.15323730096804944
1000,cap_source,abs_cap_selected,2720,0,0.0,2720,1.0,0,0.0,2720,1.0,0.22514704939941627,0.2256463699110582,0.24385937332911922,4.100724062184696,4.502940987988325,4.512927398221163,0.13741830519325762,0.15353492185351542
1000,cap_source,ratio_cap_selected,5176,0,0.0,3848,0.7434312210200927,5176,1.0,0,0.0,0.14411219191188832,0.1575071819922237,0.3354823861147359,2.980782423724616,3.6919139443594258,3.753718376302091,0.03692751907761206,0.09214220028419315
1000,cap_source,none_or_inactive,0,0,nan,0,nan,0,nan,0,nan,nan,nan,nan,nan,nan,nan,nan,nan
1000,limiter_class,none,1328,0,0.0,0,0.0,1328,1.0,0,0.0,0.008417200220684344,0.010291815591547251,1.0,0.15814423686075177,0.8420302653942577,0.9865566765911695,0.014873475649256382,0.01940687672057684
1000,limiter_class,abs_cap_limiter,2720,0,0.0,2720,1.0,0,0.0,2720,1.0,0.22514704939941627,0.2256463699110582,0.24385937332911922,4.100724062184696,4.502940987988325,4.512927398221163,0.13741830519325762,0.15353492185351542
1000,limiter_class,ratio_cap_limiter,3848,0,0.0,3848,1.0,3848,1.0,0,0.0,0.14649555395068692,0.15888702843648417,0.3297942068062626,3.0321939541753364,3.708694298844615,3.7606476086114102,0.04893678604259112,0.09416000314637123
1000,limiter_class,secondary_vector_safety,0,0,nan,0,nan,0,nan,0,nan,nan,nan,nan,nan,nan,nan,nan,nan
1000,limiter_class,inactive_or_fallback,0,0,nan,0,nan,0,nan,0,nan,nan,nan,nan,nan,nan,nan,nan,nan
1000,normal_agreement_bin,normal_0_0p5,0,0,nan,0,nan,0,nan,0,nan,nan,nan,nan,nan,nan,nan,nan,nan
1000,normal_agreement_bin,normal_0p5_0p9,0,0,nan,0,nan,0,nan,0,nan,nan,nan,nan,nan,nan,nan,nan,nan
1000,normal_agreement_bin,normal_0p9_0p99,0,0,nan,0,nan,0,nan,0,nan,nan,nan,nan,nan,nan,nan,nan,nan
1000,normal_agreement_bin,normal_0p99_1p01,7896,0,0.0,6568,0.8318135764944276,5176,0.6555217831813577,2720,0.3444782168186423,0.2234728743713201,0.22532734272141297,0.3017112655314392,3.314427117475358,4.469457487426402,4.506546854428259,0.0649948332775985,0.15240166195047458
1000,c_x_tangent:c_0_0p05,t_0_0p005,40,0,0.0,0,0.0,40,1.0,0,0.0,5.814006849190596e-06,5.814006849190661e-06,1.0,9.749302399881243e-05,0.000950597139068336,0.0009505971390683466,0.012508771313710143,0.01272092398877337
1000,c_x_tangent:c_0_0p05,t_0p005_0p01,532,0,0.0,0,0.0,532,1.0,0,0.0,0.0040170985793442976,0.004929607702189446,1.0,0.10569070482173051,0.4555953072922709,0.5460179296300645,0.01413754516132568,0.018069465979915374
1000,c_x_tangent:c_0_0p05,t_0p01_0p02,540,0,0.0,372,0.6888888888888889,540,1.0,0,0.0,0.031017032096561346,0.034112301908113485,0.7738624916538199,1.2922192389282263,2.3468822649151297,2.514758433531145,0.02168580617400821,0.026451394112383377
1000,c_x_tangent:c_0_0p05,t_0p02_0p05,0,0,nan,0,nan,0,nan,0,nan,nan,nan,nan,nan,nan,nan,nan,nan
1000,c_x_tangent:c_0_0p05,t_0p05_0p10,0,0,nan,0,nan,0,nan,0,nan,nan,nan,nan,nan,nan,nan,nan,nan
1000,c_x_tangent:c_0_0p05,t_0p10_inf,0,0,nan,0,nan,0,nan,0,nan,nan,nan,nan,nan,nan,nan,nan,nan
1000,c_x_tangent:c_0p05_0p10,t_0_0p005,0,0,nan,0,nan,0,nan,0,nan,nan,nan,nan,nan,nan,nan,nan,nan
1000,c_x_tangent:c_0p05_0p10,t_0p005_0p01,0,0,nan,0,nan,0,nan,0,nan,nan,nan,nan,nan,nan,nan,nan,nan
1000,c_x_tangent:c_0p05_0p10,t_0p01_0p02,348,0,0.0,348,1.0,348,1.0,0,0.0,0.06544470057783279,0.06578956181461872,0.3169806511983991,3.1547666907091347,3.7086942988446134,3.728958410314655,0.031142567034372754,0.03520015775033963
1000,c_x_tangent:c_0p05_0p10,t_0p02_0p05,508,0,0.0,508,1.0,508,1.0,0,0.0,0.0933476138396938,0.09374974971249089,0.27186566769386256,3.678287179409727,3.7634631777861443,3.7963546371712127,0.04287692349253769,0.051741648142727435
1000,c_x_tangent:c_0p05_0p10,t_0p05_0p10,0,0,nan,0,nan,0,nan,0,nan,nan,nan,nan,nan,nan,nan,nan,nan
1000,c_x_tangent:c_0p05_0p10,t_0p10_inf,0,0,nan,0,nan,0,nan,0,nan,nan,nan,nan,nan,nan,nan,nan,nan
1000,c_x_tangent:c_0p10_0p30,t_0_0p005,0,0,nan,0,nan,0,nan,0,nan,nan,nan,nan,nan,nan,nan,nan,nan
1000,c_x_tangent:c_0p10_0p30,t_0p005_0p01,0,0,nan,0,nan,0,nan,0,nan,nan,nan,nan,nan,nan,nan,nan,nan
1000,c_x_tangent:c_0p10_0p30,t_0p01_0p02,0,0,nan,0,nan,0,nan,0,nan,nan,nan,nan,nan,nan,nan,nan,nan
1000,c_x_tangent:c_0p10_0p30,t_0p02_0p05,952,0,0.0,952,1.0,952,1.0,0,0.0,0.1554387606332795,0.15888702843648442,0.2919839469994899,3.4248459880071698,3.584919724248126,3.6078248559789046,0.07239101287015359,0.0946981932071859
1000,c_x_tangent:c_0p10_0p30,t_0p05_0p10,516,0,0.0,516,1.0,24,0.046511627906976744,492,0.9534883720930233,0.19270344807122855,0.19384674621892484,0.2800685294764019,3.5705546848463685,3.854068961424571,3.8769349243784967,0.111879804909906,0.12396648109302233
1000,c_x_tangent:c_0p10_0p30,t_0p10_inf,0,0,nan,0,nan,0,nan,0,nan,nan,nan,nan,nan,nan,nan,nan,nan
1000,c_x_tangent:c_0p30_0p70,t_0_0p005,0,0,nan,0,nan,0,nan,0,nan,nan,nan,nan,nan,nan,nan,nan,nan
1000,c_x_tangent:c_0p30_0p70,t_0p005_0p01,0,0,nan,0,nan,0,nan,0,nan,nan,nan,nan,nan,nan,nan,nan,nan
1000,c_x_tangent:c_0p30_0p70,t_0p01_0p02,0,0,nan,0,nan,0,nan,0,nan,nan,nan,nan,nan,nan,nan,nan,nan
1000,c_x_tangent:c_0p30_0p70,t_0p02_0p05,0,0,nan,0,nan,0,nan,0,nan,nan,nan,nan,nan,nan,nan,nan,nan
1000,c_x_tangent:c_0p30_0p70,t_0p05_0p10,1736,0,0.0,1736,1.0,0,0.0,1736,1.0,0.22531550930897587,0.225687156706221,0.23067367163876498,4.335128464795064,4.506310186179517,4.51374313412442,0.14680406354381054,0.15372515337634532
1000,c_x_tangent:c_0p30_0p70,t_0p10_inf,0,0,nan,0,nan,0,nan,0,nan,nan,nan,nan,nan,nan,nan,nan,nan
1000,c_x_tangent:c_0p70_0p90,t_0_0p005,0,0,nan,0,nan,0,nan,0,nan,nan,nan,nan,nan,nan,nan,nan,nan
1000,c_x_tangent:c_0p70_0p90,t_0p005_0p01,0,0,nan,0,nan,0,nan,0,nan,nan,nan,nan,nan,nan,nan,nan,nan
1000,c_x_tangent:c_0p70_0p90,t_0p01_0p02,0,0,nan,0,nan,0,nan,0,nan,nan,nan,nan,nan,nan,nan,nan,nan
1000,c_x_tangent:c_0p70_0p90,t_0p02_0p05,816,0,0.0,816,1.0,752,0.9215686274509803,64,0.0784313725490196,0.1495096370956977,0.15274959046437847,0.3344875576435372,2.9896478273960136,3.0249333648904764,3.054991809287569,0.07839550017839794,0.10145325502402519
1000,c_x_tangent:c_0p70_0p90,t_0p05_0p10,428,0,0.0,428,1.0,0,0.0,428,1.0,0.18957809623977673,0.19077084222512225,0.2897300580546821,3.451488626048131,3.791561924795534,3.815416844502445,0.11797227381980702,0.13063406305122396
1000,c_x_tangent:c_0p70_0p90,t_0p10_inf,0,0,nan,0,nan,0,nan,0,nan,nan,nan,nan,nan,nan,nan,nan,nan
1000,c_x_tangent:c_0p90_0p95,t_0_0p005,0,0,nan,0,nan,0,nan,0,nan,nan,nan,nan,nan,nan,nan,nan,nan
1000,c_x_tangent:c_0p90_0p95,t_0p005_0p01,0,0,nan,0,nan,0,nan,0,nan,nan,nan,nan,nan,nan,nan,nan,nan
1000,c_x_tangent:c_0p90_0p95,t_0p01_0p02,412,0,0.0,412,1.0,412,1.0,0,0.0,0.061701655802791563,0.06204564291832213,0.35450457319042816,2.820838081157371,3.044770858818598,3.0461649823304375,0.03340019690796925,0.04053070453495666
1000,c_x_tangent:c_0p90_0p95,t_0p02_0p05,252,0,0.0,252,1.0,252,1.0,0,0.0,0.08007357954556991,0.0810743894189803,0.32981579669223604,3.031995465435935,3.041342441838512,3.043315593560172,0.04762064543946093,0.05294847419912332
1000,c_x_tangent:c_0p90_0p95,t_0p05_0p10,0,0,nan,0,nan,0,nan,0,nan,nan,nan,nan,nan,nan,nan,nan,nan
1000,c_x_tangent:c_0p90_0p95,t_0p10_inf,0,0,nan,0,nan,0,nan,0,nan,nan,nan,nan,nan,nan,nan,nan,nan
1000,c_x_tangent:c_0p95_1,t_0_0p005,8,0,0.0,0,0.0,8,1.0,0,0.0,8.55804911229149e-07,8.558049112293225e-07,1.0,0.0001614582612991832,0.00016145826129931453,0.00016145826129934605,0.010600942984795803,0.01060094298479613
1000,c_x_tangent:c_0p95_1,t_0p005_0p01,564,0,0.0,0,0.0,564,1.0,0,0.0,0.007222525346726973,0.009513886816863692,1.0,0.1610719302927689,0.7447055165757371,0.9267862979884153,0.014779572425454635,0.019396997030281582
1000,c_x_tangent:c_0p95_1,t_0p01_0p02,244,0,0.0,228,0.9344262295081968,244,1.0,0,0.0,0.024951008814892803,0.025021350399980456,0.7401472357875293,1.3510825301346738,1.8872546712622051,1.8925639538320767,0.02315037828279004,0.02644159179450367
1000,c_x_tangent:c_0p95_1,t_0p02_0p05,0,0,nan,0,nan,0,nan,0,nan,nan,nan,nan,nan,nan,nan,nan,nan
1000,c_x_tangent:c_0p95_1,t_0p05_0p10,0,0,nan,0,nan,0,nan,0,nan,nan,nan,nan,nan,nan,nan,nan,nan
1000,c_x_tangent:c_0p95_1,t_0p10_inf,0,0,nan,0,nan,0,nan,0,nan,nan,nan,nan,nan,nan,nan,nan,nan
