MPMD: TCLB: local:0/1 work:0/1 ---  connected to:
[  ]    ---- : Using std::chrono::steady_clock::now() for walltime
[  ]    #### : -------------------------------------------------------------------------
[  ]    #### : -  CLB version:                   ded67cd                               -
[  ]    #### : -        Model: d3q27_pf_velocity_q27_geometric                               -
[  ]    #### : -------------------------------------------------------------------------
[  ]    #### : Setting output path to: case
[  ]    ---- : Discarding 1 comments
[ 0]    ---- : Selecting device 0/1
[  ]    ---- :   Threads  |      Action
[  ]    ==== :    32x4    | BorderExecutor<(eOperationType)0, (eCalculateGlobals)0, (eStage)0> --- Reduced from maximum 512
[  ]    ==== :    32x4    | BorderExecutor<(eOperationType)0, (eCalculateGlobals)0, (eStage)1> --- Reduced from maximum 384
[  ]    ==== :    32x4    | BorderExecutor<(eOperationType)0, (eCalculateGlobals)0, (eStage)2> --- Reduced from maximum 384
[  ]    ==== :    32x4    | BorderExecutor<(eOperationType)0, (eCalculateGlobals)0, (eStage)3> --- Reduced from maximum 256
[  ]    ==== :    32x4    | BorderExecutor<(eOperationType)0, (eCalculateGlobals)0, (eStage)4> --- Reduced from maximum 1024
[  ]    ==== :    32x4    | BorderExecutor<(eOperationType)0, (eCalculateGlobals)0, (eStage)5> --- Reduced from maximum 512
[  ]    ==== :    32x4    | BorderExecutor<(eOperationType)0, (eCalculateGlobals)0, (eStage)6> --- Reduced from maximum 1024
[  ]    ==== :    32x4    | BorderExecutor<(eOperationType)0, (eCalculateGlobals)0, (eStage)7> --- Reduced from maximum 640
[  ]    ==== :    32x4    | BorderExecutor<(eOperationType)0, (eCalculateGlobals)0, (eStage)8> --- Reduced from maximum 640
[  ]    ==== :    32x4    | BorderExecutor<(eOperationType)0, (eCalculateGlobals)0, (eStage)9> --- Reduced from maximum 1024
[  ]    ==== :    32x4    | BorderExecutor<(eOperationType)0, (eCalculateGlobals)1, (eStage)0> --- Reduced from maximum 640
[  ]    ==== :    32x4    | BorderExecutor<(eOperationType)0, (eCalculateGlobals)1, (eStage)1> --- Reduced from maximum 384
[  ]    ==== :    32x4    | BorderExecutor<(eOperationType)0, (eCalculateGlobals)1, (eStage)2> --- Reduced from maximum 256
[  ]    ==== :    32x4    | BorderExecutor<(eOperationType)0, (eCalculateGlobals)1, (eStage)3> --- Reduced from maximum 256
[  ]    ==== :    32x4    | BorderExecutor<(eOperationType)0, (eCalculateGlobals)1, (eStage)4> --- Reduced from maximum 1024
[  ]    ==== :    32x4    | BorderExecutor<(eOperationType)0, (eCalculateGlobals)1, (eStage)5> --- Reduced from maximum 512
[  ]    ==== :    32x4    | BorderExecutor<(eOperationType)0, (eCalculateGlobals)1, (eStage)6> --- Reduced from maximum 1024
[  ]    ==== :    32x4    | BorderExecutor<(eOperationType)0, (eCalculateGlobals)1, (eStage)7> --- Reduced from maximum 640
[  ]    ==== :    32x4    | BorderExecutor<(eOperationType)0, (eCalculateGlobals)1, (eStage)8> --- Reduced from maximum 640
[  ]    ==== :    32x4    | BorderExecutor<(eOperationType)0, (eCalculateGlobals)1, (eStage)9> --- Reduced from maximum 1024
[  ]    ==== :    32x4    | BorderExecutor<(eOperationType)0, (eCalculateGlobals)2, (eStage)0> --- Reduced from maximum 1024
[  ]    ==== :    32x4    | BorderExecutor<(eOperationType)0, (eCalculateGlobals)2, (eStage)1> --- Reduced from maximum 1024
[  ]    ==== :    32x4    | BorderExecutor<(eOperationType)0, (eCalculateGlobals)2, (eStage)2> --- Reduced from maximum 1024
[  ]    ==== :    32x4    | BorderExecutor<(eOperationType)0, (eCalculateGlobals)2, (eStage)3> --- Reduced from maximum 1024
[  ]    ==== :    32x4    | BorderExecutor<(eOperationType)0, (eCalculateGlobals)2, (eStage)4> --- Reduced from maximum 1024
[  ]    ==== :    32x4    | BorderExecutor<(eOperationType)0, (eCalculateGlobals)2, (eStage)5> --- Reduced from maximum 1024
[  ]    ==== :    32x4    | BorderExecutor<(eOperationType)0, (eCalculateGlobals)2, (eStage)6> --- Reduced from maximum 1024
[  ]    ==== :    32x4    | BorderExecutor<(eOperationType)0, (eCalculateGlobals)2, (eStage)7> --- Reduced from maximum 1024
[  ]    ==== :    32x4    | BorderExecutor<(eOperationType)0, (eCalculateGlobals)2, (eStage)8> --- Reduced from maximum 1024
[  ]    ==== :    32x4    | BorderExecutor<(eOperationType)0, (eCalculateGlobals)2, (eStage)9> --- Reduced from maximum 1024
[  ]    ==== :    32x4    | BorderExecutor<(eOperationType)1, (eCalculateGlobals)0, (eStage)0> --- Reduced from maximum 1024
[  ]    ==== :    32x4    | BorderExecutor<(eOperationType)1, (eCalculateGlobals)0, (eStage)1> --- Reduced from maximum 1024
[  ]    ==== :    32x4    | BorderExecutor<(eOperationType)1, (eCalculateGlobals)0, (eStage)2> --- Reduced from maximum 1024
[  ]    ==== :    32x4    | BorderExecutor<(eOperationType)1, (eCalculateGlobals)0, (eStage)3> --- Reduced from maximum 1024
[  ]    ==== :    32x4    | BorderExecutor<(eOperationType)1, (eCalculateGlobals)0, (eStage)4> --- Reduced from maximum 1024
[  ]    ==== :    32x4    | BorderExecutor<(eOperationType)1, (eCalculateGlobals)0, (eStage)5> --- Reduced from maximum 1024
[  ]    ==== :    32x4    | BorderExecutor<(eOperationType)1, (eCalculateGlobals)0, (eStage)6> --- Reduced from maximum 1024
[  ]    ==== :    32x4    | BorderExecutor<(eOperationType)1, (eCalculateGlobals)0, (eStage)7> --- Reduced from maximum 1024
[  ]    ==== :    32x4    | BorderExecutor<(eOperationType)1, (eCalculateGlobals)0, (eStage)8> --- Reduced from maximum 1024
[  ]    ==== :    32x4    | BorderExecutor<(eOperationType)1, (eCalculateGlobals)0, (eStage)9> --- Reduced from maximum 1024
[  ]    ==== :    32x4    | BorderExecutor<(eOperationType)1, (eCalculateGlobals)1, (eStage)0> --- Reduced from maximum 1024
[  ]    ==== :    32x4    | BorderExecutor<(eOperationType)1, (eCalculateGlobals)1, (eStage)1> --- Reduced from maximum 1024
[  ]    ==== :    32x4    | BorderExecutor<(eOperationType)1, (eCalculateGlobals)1, (eStage)2> --- Reduced from maximum 1024
[  ]    ==== :    32x4    | BorderExecutor<(eOperationType)1, (eCalculateGlobals)1, (eStage)3> --- Reduced from maximum 1024
[  ]    ==== :    32x4    | BorderExecutor<(eOperationType)1, (eCalculateGlobals)1, (eStage)4> --- Reduced from maximum 1024
[  ]    ==== :    32x4    | BorderExecutor<(eOperationType)1, (eCalculateGlobals)1, (eStage)5> --- Reduced from maximum 1024
[  ]    ==== :    32x4    | BorderExecutor<(eOperationType)1, (eCalculateGlobals)1, (eStage)6> --- Reduced from maximum 1024
[  ]    ==== :    32x4    | BorderExecutor<(eOperationType)1, (eCalculateGlobals)1, (eStage)7> --- Reduced from maximum 1024
[  ]    ==== :    32x4    | BorderExecutor<(eOperationType)1, (eCalculateGlobals)1, (eStage)8> --- Reduced from maximum 1024
[  ]    ==== :    32x4    | BorderExecutor<(eOperationType)1, (eCalculateGlobals)1, (eStage)9> --- Reduced from maximum 1024
[  ]    ==== :    32x4    | BorderExecutor<(eOperationType)1, (eCalculateGlobals)2, (eStage)0> --- Reduced from maximum 1024
[  ]    ==== :    32x4    | BorderExecutor<(eOperationType)1, (eCalculateGlobals)2, (eStage)1> --- Reduced from maximum 1024
[  ]    ==== :    32x4    | BorderExecutor<(eOperationType)1, (eCalculateGlobals)2, (eStage)2> --- Reduced from maximum 1024
[  ]    ==== :    32x4    | BorderExecutor<(eOperationType)1, (eCalculateGlobals)2, (eStage)3> --- Reduced from maximum 1024
[  ]    ==== :    32x4    | BorderExecutor<(eOperationType)1, (eCalculateGlobals)2, (eStage)4> --- Reduced from maximum 1024
[  ]    ==== :    32x4    | BorderExecutor<(eOperationType)1, (eCalculateGlobals)2, (eStage)5> --- Reduced from maximum 1024
[  ]    ==== :    32x4    | BorderExecutor<(eOperationType)1, (eCalculateGlobals)2, (eStage)6> --- Reduced from maximum 1024
[  ]    ==== :    32x4    | BorderExecutor<(eOperationType)1, (eCalculateGlobals)2, (eStage)7> --- Reduced from maximum 1024
[  ]    ==== :    32x4    | BorderExecutor<(eOperationType)1, (eCalculateGlobals)2, (eStage)8> --- Reduced from maximum 1024
[  ]    ==== :    32x4    | BorderExecutor<(eOperationType)1, (eCalculateGlobals)2, (eStage)9> --- Reduced from maximum 1024
[  ]    ==== :    32x4    | BorderExecutor<(eOperationType)3, (eCalculateGlobals)0, (eStage)0> --- Reduced from maximum 1024
[  ]    ==== :    32x4    | BorderExecutor<(eOperationType)3, (eCalculateGlobals)0, (eStage)1> --- Reduced from maximum 1024
[  ]    ==== :    32x4    | BorderExecutor<(eOperationType)3, (eCalculateGlobals)0, (eStage)2> --- Reduced from maximum 1024
[  ]    ==== :    32x4    | BorderExecutor<(eOperationType)3, (eCalculateGlobals)0, (eStage)3> --- Reduced from maximum 1024
[  ]    ==== :    32x4    | BorderExecutor<(eOperationType)3, (eCalculateGlobals)0, (eStage)4> --- Reduced from maximum 1024
[  ]    ==== :    32x4    | BorderExecutor<(eOperationType)3, (eCalculateGlobals)0, (eStage)5> --- Reduced from maximum 1024
[  ]    ==== :    32x4    | BorderExecutor<(eOperationType)3, (eCalculateGlobals)0, (eStage)6> --- Reduced from maximum 1024
[  ]    ==== :    32x4    | BorderExecutor<(eOperationType)3, (eCalculateGlobals)0, (eStage)7> --- Reduced from maximum 1024
[  ]    ==== :    32x4    | BorderExecutor<(eOperationType)3, (eCalculateGlobals)0, (eStage)8> --- Reduced from maximum 1024
[  ]    ==== :    32x4    | BorderExecutor<(eOperationType)3, (eCalculateGlobals)0, (eStage)9> --- Reduced from maximum 1024
[  ]    ==== :    32x4    | BorderExecutor<(eOperationType)3, (eCalculateGlobals)1, (eStage)0> --- Reduced from maximum 1024
[  ]    ==== :    32x4    | BorderExecutor<(eOperationType)3, (eCalculateGlobals)1, (eStage)1> --- Reduced from maximum 1024
[  ]    ==== :    32x4    | BorderExecutor<(eOperationType)3, (eCalculateGlobals)1, (eStage)2> --- Reduced from maximum 1024
[  ]    ==== :    32x4    | BorderExecutor<(eOperationType)3, (eCalculateGlobals)1, (eStage)3> --- Reduced from maximum 1024
[  ]    ==== :    32x4    | BorderExecutor<(eOperationType)3, (eCalculateGlobals)1, (eStage)4> --- Reduced from maximum 1024
[  ]    ==== :    32x4    | BorderExecutor<(eOperationType)3, (eCalculateGlobals)1, (eStage)5> --- Reduced from maximum 1024
[  ]    ==== :    32x4    | BorderExecutor<(eOperationType)3, (eCalculateGlobals)1, (eStage)6> --- Reduced from maximum 1024
[  ]    ==== :    32x4    | BorderExecutor<(eOperationType)3, (eCalculateGlobals)1, (eStage)7> --- Reduced from maximum 1024
[  ]    ==== :    32x4    | BorderExecutor<(eOperationType)3, (eCalculateGlobals)1, (eStage)8> --- Reduced from maximum 1024
[  ]    ==== :    32x4    | BorderExecutor<(eOperationType)3, (eCalculateGlobals)1, (eStage)9> --- Reduced from maximum 1024
[  ]    ==== :    32x4    | BorderExecutor<(eOperationType)3, (eCalculateGlobals)2, (eStage)0> --- Reduced from maximum 1024
[  ]    ==== :    32x4    | BorderExecutor<(eOperationType)3, (eCalculateGlobals)2, (eStage)1> --- Reduced from maximum 1024
[  ]    ==== :    32x4    | BorderExecutor<(eOperationType)3, (eCalculateGlobals)2, (eStage)2> --- Reduced from maximum 1024
[  ]    ==== :    32x4    | BorderExecutor<(eOperationType)3, (eCalculateGlobals)2, (eStage)3> --- Reduced from maximum 1024
[  ]    ==== :    32x4    | BorderExecutor<(eOperationType)3, (eCalculateGlobals)2, (eStage)4> --- Reduced from maximum 1024
[  ]    ==== :    32x4    | BorderExecutor<(eOperationType)3, (eCalculateGlobals)2, (eStage)5> --- Reduced from maximum 1024
[  ]    ==== :    32x4    | BorderExecutor<(eOperationType)3, (eCalculateGlobals)2, (eStage)6> --- Reduced from maximum 1024
[  ]    ==== :    32x4    | BorderExecutor<(eOperationType)3, (eCalculateGlobals)2, (eStage)7> --- Reduced from maximum 1024
[  ]    ==== :    32x4    | BorderExecutor<(eOperationType)3, (eCalculateGlobals)2, (eStage)8> --- Reduced from maximum 1024
[  ]    ==== :    32x4    | BorderExecutor<(eOperationType)3, (eCalculateGlobals)2, (eStage)9> --- Reduced from maximum 1024
[  ]    ==== :    32x4    | BorderExecutor<(eOperationType)4, (eCalculateGlobals)0, (eStage)0> --- Reduced from maximum 1024
[  ]    ==== :    32x4    | BorderExecutor<(eOperationType)4, (eCalculateGlobals)0, (eStage)1> --- Reduced from maximum 1024
[  ]    ==== :    32x4    | BorderExecutor<(eOperationType)4, (eCalculateGlobals)0, (eStage)2> --- Reduced from maximum 1024
[  ]    ==== :    32x4    | BorderExecutor<(eOperationType)4, (eCalculateGlobals)0, (eStage)3> --- Reduced from maximum 1024
[  ]    ==== :    32x4    | BorderExecutor<(eOperationType)4, (eCalculateGlobals)0, (eStage)4> --- Reduced from maximum 1024
[  ]    ==== :    32x4    | BorderExecutor<(eOperationType)4, (eCalculateGlobals)0, (eStage)5> --- Reduced from maximum 1024
[  ]    ==== :    32x4    | BorderExecutor<(eOperationType)4, (eCalculateGlobals)0, (eStage)6> --- Reduced from maximum 1024
[  ]    ==== :    32x4    | BorderExecutor<(eOperationType)4, (eCalculateGlobals)0, (eStage)7> --- Reduced from maximum 1024
[  ]    ==== :    32x4    | BorderExecutor<(eOperationType)4, (eCalculateGlobals)0, (eStage)8> --- Reduced from maximum 1024
[  ]    ==== :    32x4    | BorderExecutor<(eOperationType)4, (eCalculateGlobals)0, (eStage)9> --- Reduced from maximum 1024
[  ]    ==== :    32x4    | BorderExecutor<(eOperationType)4, (eCalculateGlobals)1, (eStage)0> --- Reduced from maximum 1024
[  ]    ==== :    32x4    | BorderExecutor<(eOperationType)4, (eCalculateGlobals)1, (eStage)1> --- Reduced from maximum 1024
[  ]    ==== :    32x4    | BorderExecutor<(eOperationType)4, (eCalculateGlobals)1, (eStage)2> --- Reduced from maximum 1024
[  ]    ==== :    32x4    | BorderExecutor<(eOperationType)4, (eCalculateGlobals)1, (eStage)3> --- Reduced from maximum 1024
[  ]    ==== :    32x4    | BorderExecutor<(eOperationType)4, (eCalculateGlobals)1, (eStage)4> --- Reduced from maximum 1024
[  ]    ==== :    32x4    | BorderExecutor<(eOperationType)4, (eCalculateGlobals)1, (eStage)5> --- Reduced from maximum 1024
[  ]    ==== :    32x4    | BorderExecutor<(eOperationType)4, (eCalculateGlobals)1, (eStage)6> --- Reduced from maximum 1024
[  ]    ==== :    32x4    | BorderExecutor<(eOperationType)4, (eCalculateGlobals)1, (eStage)7> --- Reduced from maximum 1024
[  ]    ==== :    32x4    | BorderExecutor<(eOperationType)4, (eCalculateGlobals)1, (eStage)8> --- Reduced from maximum 1024
[  ]    ==== :    32x4    | BorderExecutor<(eOperationType)4, (eCalculateGlobals)1, (eStage)9> --- Reduced from maximum 1024
[  ]    ==== :    32x4    | BorderExecutor<(eOperationType)4, (eCalculateGlobals)2, (eStage)0> --- Reduced from maximum 1024
[  ]    ==== :    32x4    | BorderExecutor<(eOperationType)4, (eCalculateGlobals)2, (eStage)1> --- Reduced from maximum 1024
[  ]    ==== :    32x4    | BorderExecutor<(eOperationType)4, (eCalculateGlobals)2, (eStage)2> --- Reduced from maximum 1024
[  ]    ==== :    32x4    | BorderExecutor<(eOperationType)4, (eCalculateGlobals)2, (eStage)3> --- Reduced from maximum 1024
[  ]    ==== :    32x4    | BorderExecutor<(eOperationType)4, (eCalculateGlobals)2, (eStage)4> --- Reduced from maximum 1024
[  ]    ==== :    32x4    | BorderExecutor<(eOperationType)4, (eCalculateGlobals)2, (eStage)5> --- Reduced from maximum 1024
[  ]    ==== :    32x4    | BorderExecutor<(eOperationType)4, (eCalculateGlobals)2, (eStage)6> --- Reduced from maximum 1024
[  ]    ==== :    32x4    | BorderExecutor<(eOperationType)4, (eCalculateGlobals)2, (eStage)7> --- Reduced from maximum 1024
[  ]    ==== :    32x4    | BorderExecutor<(eOperationType)4, (eCalculateGlobals)2, (eStage)8> --- Reduced from maximum 1024
[  ]    ==== :    32x4    | BorderExecutor<(eOperationType)4, (eCalculateGlobals)2, (eStage)9> --- Reduced from maximum 1024
[  ]    ==== :    32x4    | InteriorExecutor<(eOperationType)0, (eCalculateGlobals)0, (eStage)0> --- Reduced from maximum 1024
[  ]    ==== :    32x4    | InteriorExecutor<(eOperationType)0, (eCalculateGlobals)0, (eStage)1> --- Reduced from maximum 640
[  ]    ==== :    32x4    | InteriorExecutor<(eOperationType)0, (eCalculateGlobals)0, (eStage)2> --- Reduced from maximum 384
[  ]    ==== :    32x4    | InteriorExecutor<(eOperationType)0, (eCalculateGlobals)0, (eStage)3> --- Reduced from maximum 256
[  ]    ==== :    32x4    | InteriorExecutor<(eOperationType)0, (eCalculateGlobals)0, (eStage)4> --- Reduced from maximum 1024
[  ]    ==== :    32x4    | InteriorExecutor<(eOperationType)0, (eCalculateGlobals)0, (eStage)5> --- Reduced from maximum 640
[  ]    ==== :    32x4    | InteriorExecutor<(eOperationType)0, (eCalculateGlobals)0, (eStage)6> --- Reduced from maximum 1024
[  ]    ==== :    32x4    | InteriorExecutor<(eOperationType)0, (eCalculateGlobals)0, (eStage)7> --- Reduced from maximum 1024
[  ]    ==== :    32x4    | InteriorExecutor<(eOperationType)0, (eCalculateGlobals)0, (eStage)8> --- Reduced from maximum 1024
[  ]    ==== :    32x4    | InteriorExecutor<(eOperationType)0, (eCalculateGlobals)0, (eStage)9> --- Reduced from maximum 1024
[  ]    ==== :    32x4    | InteriorExecutor<(eOperationType)0, (eCalculateGlobals)1, (eStage)0> --- Reduced from maximum 1024
[  ]    ==== :    32x4    | InteriorExecutor<(eOperationType)0, (eCalculateGlobals)1, (eStage)1> --- Reduced from maximum 256
[  ]    ==== :    32x4    | InteriorExecutor<(eOperationType)0, (eCalculateGlobals)1, (eStage)2> --- Reduced from maximum 256
[  ]    ==== :    32x4    | InteriorExecutor<(eOperationType)0, (eCalculateGlobals)1, (eStage)3> --- Reduced from maximum 256
[  ]    ==== :    32x4    | InteriorExecutor<(eOperationType)0, (eCalculateGlobals)1, (eStage)4> --- Reduced from maximum 1024
[  ]    ==== :    32x4    | InteriorExecutor<(eOperationType)0, (eCalculateGlobals)1, (eStage)5> --- Reduced from maximum 768
[  ]    ==== :    32x4    | InteriorExecutor<(eOperationType)0, (eCalculateGlobals)1, (eStage)6> --- Reduced from maximum 1024
[  ]    ==== :    32x4    | InteriorExecutor<(eOperationType)0, (eCalculateGlobals)1, (eStage)7> --- Reduced from maximum 1024
[  ]    ==== :    32x4    | InteriorExecutor<(eOperationType)0, (eCalculateGlobals)1, (eStage)8> --- Reduced from maximum 896
[  ]    ==== :    32x4    | InteriorExecutor<(eOperationType)0, (eCalculateGlobals)1, (eStage)9> --- Reduced from maximum 1024
[  ]    ==== :    32x4    | InteriorExecutor<(eOperationType)0, (eCalculateGlobals)2, (eStage)0> --- Reduced from maximum 1024
[  ]    ==== :    32x4    | InteriorExecutor<(eOperationType)0, (eCalculateGlobals)2, (eStage)1> --- Reduced from maximum 1024
[  ]    ==== :    32x4    | InteriorExecutor<(eOperationType)0, (eCalculateGlobals)2, (eStage)2> --- Reduced from maximum 1024
[  ]    ==== :    32x4    | InteriorExecutor<(eOperationType)0, (eCalculateGlobals)2, (eStage)3> --- Reduced from maximum 1024
[  ]    ==== :    32x4    | InteriorExecutor<(eOperationType)0, (eCalculateGlobals)2, (eStage)4> --- Reduced from maximum 1024
[  ]    ==== :    32x4    | InteriorExecutor<(eOperationType)0, (eCalculateGlobals)2, (eStage)5> --- Reduced from maximum 1024
[  ]    ==== :    32x4    | InteriorExecutor<(eOperationType)0, (eCalculateGlobals)2, (eStage)6> --- Reduced from maximum 1024
[  ]    ==== :    32x4    | InteriorExecutor<(eOperationType)0, (eCalculateGlobals)2, (eStage)7> --- Reduced from maximum 1024
[  ]    ==== :    32x4    | InteriorExecutor<(eOperationType)0, (eCalculateGlobals)2, (eStage)8> --- Reduced from maximum 1024
[  ]    ==== :    32x4    | InteriorExecutor<(eOperationType)0, (eCalculateGlobals)2, (eStage)9> --- Reduced from maximum 1024
[  ]    ==== :    32x4    | InteriorExecutor<(eOperationType)1, (eCalculateGlobals)0, (eStage)0> --- Reduced from maximum 1024
[  ]    ==== :    32x4    | InteriorExecutor<(eOperationType)1, (eCalculateGlobals)0, (eStage)1> --- Reduced from maximum 1024
[  ]    ==== :    32x4    | InteriorExecutor<(eOperationType)1, (eCalculateGlobals)0, (eStage)2> --- Reduced from maximum 1024
[  ]    ==== :    32x4    | InteriorExecutor<(eOperationType)1, (eCalculateGlobals)0, (eStage)3> --- Reduced from maximum 1024
[  ]    ==== :    32x4    | InteriorExecutor<(eOperationType)1, (eCalculateGlobals)0, (eStage)4> --- Reduced from maximum 1024
[  ]    ==== :    32x4    | InteriorExecutor<(eOperationType)1, (eCalculateGlobals)0, (eStage)5> --- Reduced from maximum 1024
[  ]    ==== :    32x4    | InteriorExecutor<(eOperationType)1, (eCalculateGlobals)0, (eStage)6> --- Reduced from maximum 1024
[  ]    ==== :    32x4    | InteriorExecutor<(eOperationType)1, (eCalculateGlobals)0, (eStage)7> --- Reduced from maximum 1024
[  ]    ==== :    32x4    | InteriorExecutor<(eOperationType)1, (eCalculateGlobals)0, (eStage)8> --- Reduced from maximum 1024
[  ]    ==== :    32x4    | InteriorExecutor<(eOperationType)1, (eCalculateGlobals)0, (eStage)9> --- Reduced from maximum 1024
[  ]    ==== :    32x4    | InteriorExecutor<(eOperationType)1, (eCalculateGlobals)1, (eStage)0> --- Reduced from maximum 1024
[  ]    ==== :    32x4    | InteriorExecutor<(eOperationType)1, (eCalculateGlobals)1, (eStage)1> --- Reduced from maximum 1024
[  ]    ==== :    32x4    | InteriorExecutor<(eOperationType)1, (eCalculateGlobals)1, (eStage)2> --- Reduced from maximum 1024
[  ]    ==== :    32x4    | InteriorExecutor<(eOperationType)1, (eCalculateGlobals)1, (eStage)3> --- Reduced from maximum 1024
[  ]    ==== :    32x4    | InteriorExecutor<(eOperationType)1, (eCalculateGlobals)1, (eStage)4> --- Reduced from maximum 1024
[  ]    ==== :    32x4    | InteriorExecutor<(eOperationType)1, (eCalculateGlobals)1, (eStage)5> --- Reduced from maximum 1024
[  ]    ==== :    32x4    | InteriorExecutor<(eOperationType)1, (eCalculateGlobals)1, (eStage)6> --- Reduced from maximum 1024
[  ]    ==== :    32x4    | InteriorExecutor<(eOperationType)1, (eCalculateGlobals)1, (eStage)7> --- Reduced from maximum 1024
[  ]    ==== :    32x4    | InteriorExecutor<(eOperationType)1, (eCalculateGlobals)1, (eStage)8> --- Reduced from maximum 1024
[  ]    ==== :    32x4    | InteriorExecutor<(eOperationType)1, (eCalculateGlobals)1, (eStage)9> --- Reduced from maximum 1024
[  ]    ==== :    32x4    | InteriorExecutor<(eOperationType)1, (eCalculateGlobals)2, (eStage)0> --- Reduced from maximum 1024
[  ]    ==== :    32x4    | InteriorExecutor<(eOperationType)1, (eCalculateGlobals)2, (eStage)1> --- Reduced from maximum 1024
[  ]    ==== :    32x4    | InteriorExecutor<(eOperationType)1, (eCalculateGlobals)2, (eStage)2> --- Reduced from maximum 1024
[  ]    ==== :    32x4    | InteriorExecutor<(eOperationType)1, (eCalculateGlobals)2, (eStage)3> --- Reduced from maximum 1024
[  ]    ==== :    32x4    | InteriorExecutor<(eOperationType)1, (eCalculateGlobals)2, (eStage)4> --- Reduced from maximum 1024
[  ]    ==== :    32x4    | InteriorExecutor<(eOperationType)1, (eCalculateGlobals)2, (eStage)5> --- Reduced from maximum 1024
[  ]    ==== :    32x4    | InteriorExecutor<(eOperationType)1, (eCalculateGlobals)2, (eStage)6> --- Reduced from maximum 1024
[  ]    ==== :    32x4    | InteriorExecutor<(eOperationType)1, (eCalculateGlobals)2, (eStage)7> --- Reduced from maximum 1024
[  ]    ==== :    32x4    | InteriorExecutor<(eOperationType)1, (eCalculateGlobals)2, (eStage)8> --- Reduced from maximum 1024
[  ]    ==== :    32x4    | InteriorExecutor<(eOperationType)1, (eCalculateGlobals)2, (eStage)9> --- Reduced from maximum 1024
[  ]    ==== :    32x4    | InteriorExecutor<(eOperationType)3, (eCalculateGlobals)0, (eStage)0> --- Reduced from maximum 1024
[  ]    ==== :    32x4    | InteriorExecutor<(eOperationType)3, (eCalculateGlobals)0, (eStage)1> --- Reduced from maximum 1024
[  ]    ==== :    32x4    | InteriorExecutor<(eOperationType)3, (eCalculateGlobals)0, (eStage)2> --- Reduced from maximum 1024
[  ]    ==== :    32x4    | InteriorExecutor<(eOperationType)3, (eCalculateGlobals)0, (eStage)3> --- Reduced from maximum 1024
[  ]    ==== :    32x4    | InteriorExecutor<(eOperationType)3, (eCalculateGlobals)0, (eStage)4> --- Reduced from maximum 1024
[  ]    ==== :    32x4    | InteriorExecutor<(eOperationType)3, (eCalculateGlobals)0, (eStage)5> --- Reduced from maximum 1024
[  ]    ==== :    32x4    | InteriorExecutor<(eOperationType)3, (eCalculateGlobals)0, (eStage)6> --- Reduced from maximum 1024
[  ]    ==== :    32x4    | InteriorExecutor<(eOperationType)3, (eCalculateGlobals)0, (eStage)7> --- Reduced from maximum 1024
[  ]    ==== :    32x4    | InteriorExecutor<(eOperationType)3, (eCalculateGlobals)0, (eStage)8> --- Reduced from maximum 1024
[  ]    ==== :    32x4    | InteriorExecutor<(eOperationType)3, (eCalculateGlobals)0, (eStage)9> --- Reduced from maximum 1024
[  ]    ==== :    32x4    | InteriorExecutor<(eOperationType)3, (eCalculateGlobals)1, (eStage)0> --- Reduced from maximum 1024
[  ]    ==== :    32x4    | InteriorExecutor<(eOperationType)3, (eCalculateGlobals)1, (eStage)1> --- Reduced from maximum 1024
[  ]    ==== :    32x4    | InteriorExecutor<(eOperationType)3, (eCalculateGlobals)1, (eStage)2> --- Reduced from maximum 1024
[  ]    ==== :    32x4    | InteriorExecutor<(eOperationType)3, (eCalculateGlobals)1, (eStage)3> --- Reduced from maximum 1024
[  ]    ==== :    32x4    | InteriorExecutor<(eOperationType)3, (eCalculateGlobals)1, (eStage)4> --- Reduced from maximum 1024
[  ]    ==== :    32x4    | InteriorExecutor<(eOperationType)3, (eCalculateGlobals)1, (eStage)5> --- Reduced from maximum 1024
[  ]    ==== :    32x4    | InteriorExecutor<(eOperationType)3, (eCalculateGlobals)1, (eStage)6> --- Reduced from maximum 1024
[  ]    ==== :    32x4    | InteriorExecutor<(eOperationType)3, (eCalculateGlobals)1, (eStage)7> --- Reduced from maximum 1024
[  ]    ==== :    32x4    | InteriorExecutor<(eOperationType)3, (eCalculateGlobals)1, (eStage)8> --- Reduced from maximum 1024
[  ]    ==== :    32x4    | InteriorExecutor<(eOperationType)3, (eCalculateGlobals)1, (eStage)9> --- Reduced from maximum 1024
[  ]    ==== :    32x4    | InteriorExecutor<(eOperationType)3, (eCalculateGlobals)2, (eStage)0> --- Reduced from maximum 1024
[  ]    ==== :    32x4    | InteriorExecutor<(eOperationType)3, (eCalculateGlobals)2, (eStage)1> --- Reduced from maximum 1024
[  ]    ==== :    32x4    | InteriorExecutor<(eOperationType)3, (eCalculateGlobals)2, (eStage)2> --- Reduced from maximum 1024
[  ]    ==== :    32x4    | InteriorExecutor<(eOperationType)3, (eCalculateGlobals)2, (eStage)3> --- Reduced from maximum 1024
[  ]    ==== :    32x4    | InteriorExecutor<(eOperationType)3, (eCalculateGlobals)2, (eStage)4> --- Reduced from maximum 1024
[  ]    ==== :    32x4    | InteriorExecutor<(eOperationType)3, (eCalculateGlobals)2, (eStage)5> --- Reduced from maximum 1024
[  ]    ==== :    32x4    | InteriorExecutor<(eOperationType)3, (eCalculateGlobals)2, (eStage)6> --- Reduced from maximum 1024
[  ]    ==== :    32x4    | InteriorExecutor<(eOperationType)3, (eCalculateGlobals)2, (eStage)7> --- Reduced from maximum 1024
[  ]    ==== :    32x4    | InteriorExecutor<(eOperationType)3, (eCalculateGlobals)2, (eStage)8> --- Reduced from maximum 1024
[  ]    ==== :    32x4    | InteriorExecutor<(eOperationType)3, (eCalculateGlobals)2, (eStage)9> --- Reduced from maximum 1024
[  ]    ==== :    32x4    | InteriorExecutor<(eOperationType)4, (eCalculateGlobals)0, (eStage)0> --- Reduced from maximum 1024
[  ]    ==== :    32x4    | InteriorExecutor<(eOperationType)4, (eCalculateGlobals)0, (eStage)1> --- Reduced from maximum 1024
[  ]    ==== :    32x4    | InteriorExecutor<(eOperationType)4, (eCalculateGlobals)0, (eStage)2> --- Reduced from maximum 1024
[  ]    ==== :    32x4    | InteriorExecutor<(eOperationType)4, (eCalculateGlobals)0, (eStage)3> --- Reduced from maximum 1024
[  ]    ==== :    32x4    | InteriorExecutor<(eOperationType)4, (eCalculateGlobals)0, (eStage)4> --- Reduced from maximum 1024
[  ]    ==== :    32x4    | InteriorExecutor<(eOperationType)4, (eCalculateGlobals)0, (eStage)5> --- Reduced from maximum 1024
[  ]    ==== :    32x4    | InteriorExecutor<(eOperationType)4, (eCalculateGlobals)0, (eStage)6> --- Reduced from maximum 1024
[  ]    ==== :    32x4    | InteriorExecutor<(eOperationType)4, (eCalculateGlobals)0, (eStage)7> --- Reduced from maximum 1024
[  ]    ==== :    32x4    | InteriorExecutor<(eOperationType)4, (eCalculateGlobals)0, (eStage)8> --- Reduced from maximum 1024
[  ]    ==== :    32x4    | InteriorExecutor<(eOperationType)4, (eCalculateGlobals)0, (eStage)9> --- Reduced from maximum 1024
[  ]    ==== :    32x4    | InteriorExecutor<(eOperationType)4, (eCalculateGlobals)1, (eStage)0> --- Reduced from maximum 1024
[  ]    ==== :    32x4    | InteriorExecutor<(eOperationType)4, (eCalculateGlobals)1, (eStage)1> --- Reduced from maximum 1024
[  ]    ==== :    32x4    | InteriorExecutor<(eOperationType)4, (eCalculateGlobals)1, (eStage)2> --- Reduced from maximum 1024
[  ]    ==== :    32x4    | InteriorExecutor<(eOperationType)4, (eCalculateGlobals)1, (eStage)3> --- Reduced from maximum 1024
[  ]    ==== :    32x4    | InteriorExecutor<(eOperationType)4, (eCalculateGlobals)1, (eStage)4> --- Reduced from maximum 1024
[  ]    ==== :    32x4    | InteriorExecutor<(eOperationType)4, (eCalculateGlobals)1, (eStage)5> --- Reduced from maximum 1024
[  ]    ==== :    32x4    | InteriorExecutor<(eOperationType)4, (eCalculateGlobals)1, (eStage)6> --- Reduced from maximum 1024
[  ]    ==== :    32x4    | InteriorExecutor<(eOperationType)4, (eCalculateGlobals)1, (eStage)7> --- Reduced from maximum 1024
[  ]    ==== :    32x4    | InteriorExecutor<(eOperationType)4, (eCalculateGlobals)1, (eStage)8> --- Reduced from maximum 1024
[  ]    ==== :    32x4    | InteriorExecutor<(eOperationType)4, (eCalculateGlobals)1, (eStage)9> --- Reduced from maximum 1024
[  ]    ==== :    32x4    | InteriorExecutor<(eOperationType)4, (eCalculateGlobals)2, (eStage)0> --- Reduced from maximum 1024
[  ]    ==== :    32x4    | InteriorExecutor<(eOperationType)4, (eCalculateGlobals)2, (eStage)1> --- Reduced from maximum 1024
[  ]    ==== :    32x4    | InteriorExecutor<(eOperationType)4, (eCalculateGlobals)2, (eStage)2> --- Reduced from maximum 1024
[  ]    ==== :    32x4    | InteriorExecutor<(eOperationType)4, (eCalculateGlobals)2, (eStage)3> --- Reduced from maximum 1024
[  ]    ==== :    32x4    | InteriorExecutor<(eOperationType)4, (eCalculateGlobals)2, (eStage)4> --- Reduced from maximum 1024
[  ]    ==== :    32x4    | InteriorExecutor<(eOperationType)4, (eCalculateGlobals)2, (eStage)5> --- Reduced from maximum 1024
[  ]    ==== :    32x4    | InteriorExecutor<(eOperationType)4, (eCalculateGlobals)2, (eStage)6> --- Reduced from maximum 1024
[  ]    ==== :    32x4    | InteriorExecutor<(eOperationType)4, (eCalculateGlobals)2, (eStage)7> --- Reduced from maximum 1024
[  ]    ==== :    32x4    | InteriorExecutor<(eOperationType)4, (eCalculateGlobals)2, (eStage)8> --- Reduced from maximum 1024
[  ]    ==== :    32x4    | InteriorExecutor<(eOperationType)4, (eCalculateGlobals)2, (eStage)9> --- Reduced from maximum 1024
[ 0] warning ! No "Units" element in config file
[  ]    ==== : Mesh size in config file: 80x80x140
[  ]    ---- : Global lattice size: 80x80x140
[  ]    ==== : Max region size: 1075200. Mesh size 1075200. Overhead:  0%
[  ]    ---- : Local lattice size: 96x80x140
[  ]    #### : [0] Cumulative allocation of 1269176320 b (1.3 GB)
[  ]    ---- : Creating geom size:1075200
[  ]    #### : Setting output path to: case
[  ]    #### : Setting output path to: /media/yuan/8A0E24070E23EAC1/runs/tclb_pre2025_sphere_tableII_q27_geometric_200k_20260610/theta100/output/case
[  ]    ---- : loading geometry ...
[  ]    ---- : overwriting all flags
[  ]    ---- : Setting number of zones to 3
[  ]    ---- : Setting Density_h to 1 (1.000000)
[  ]    ---- : Setting Density_l to 0.001 (0.001000)
[  ]    ---- : Setting Viscosity_h to 0.09 (0.090000)
[  ]    ---- : Setting Viscosity_l to 0.1 (0.100000)
[  ]    ---- : Setting tauUpdate to 3 (3.000000)
[  ]    ---- : Setting sigma to 5e-05 (0.000050)
[  ]    ---- : Setting M to 0.2 (0.200000)
[  ]    ---- : Setting IntWidth to 6 (6.000000)
[  ]    ---- : Setting Radius to 24 (24.000000)
[  ]    ---- : Setting BubbleType to 1 (1.000000)
[  ]    ---- : Setting CenterX to 40 (40.000000)
[  ]    ---- : Setting CenterY to 40 (40.000000)
[  ]    ---- : Setting CenterZ to 72 (72.000000)
[  ]    ---- : Setting VelocityX in zone  (-1) to 0.0 (0.000000)
[  ]    ---- : Setting VelocityY in zone  (-1) to 0.0 (0.000000)
[  ]    ---- : Setting VelocityZ in zone  (-1) to 0.0 (0.000000)
[  ]    ---- : Setting DropletOnlyVelocity to 0.0 (0.000000)
[  ]    ---- : Setting DropletVelocityX to 0.0 (0.000000)
[  ]    ---- : Setting DropletVelocityY to 0.0 (0.000000)
[  ]    ---- : Setting DropletVelocityZ to 0.0 (0.000000)
[  ]    ---- : Setting GravitationX to 0.0 (0.000000)
[  ]    ---- : Setting GravitationY to 0.0 (0.000000)
[  ]    ---- : Setting GravitationZ to 0.0 (0.000000)
[  ]    ---- : Setting BuoyancyX to 0.0 (0.000000)
[  ]    ---- : Setting BuoyancyY to 0.0 (0.000000)
[  ]    ---- : Setting BuoyancyZ to 0.0 (0.000000)
[  ]    ---- : Setting radAngle in zone  (-1) to 100d (1.745329)
[ 0] WARNING ! Zone-specific settings in zone 0 were overwritten from 1.570796 to 1.745329
[  ]    ---- : Setting minGradient to 1e-08 (0.000000)
[  ]    ---- : Initializing Lattice ...
[  ]    104.9 MLBUps    121.00 GB/s [====================]  0s
[  ]    ---- : Callback VTK with no Iterations attribute
[  ]    ---- :        0 it writing vtk
[  ]    ---- : Setting callback Log at 1000.000000 iterations
[  ]    ---- : Adding Log to the solver hands
[  ]    ---- : Setting callback Failcheck at 1000.000000 iterations
[  ]    ---- : Adding Failcheck to the solver hands
[  ]    ---- : Setting action Solve at 200000.000000 iterations
[  ]    ---- : Setting callback VTK at 20000.000000 iterations
[  ]    ---- : Adding VTK to the solver hands
[  ]    ---- : Setting callback Log at 1000.000000 iterations
[  ]    ---- : Adding Log to the solver hands
[  ]    ---- : Setting callback Failcheck at 1000.000000 iterations
[  ]    ---- : Adding Failcheck to the solver hands
[  ]    124.1 MLBUps    143.17 GB/s [=                   ]  0s
[  ]    218.9 MLBUps    252.62 GB/s [====                ]  1s
[  ]    218.2 MLBUps    251.76 GB/s [========            ]  2s
[  ]    218.9 MLBUps    252.67 GB/s [============        ]  3s
[  ]    219.1 MLBUps    252.87 GB/s [================    ]  4s
[  ]    ---- :    216.3 MLBUps    249.56 GB/s [====================]
[  ]    218.6 MLBUps    252.29 GB/s [===                 ]  0s
[  ]    219.1 MLBUps    252.88 GB/s [=======             ]  1s
[  ]    219.1 MLBUps    252.83 GB/s [===========         ]  2s
[  ]    219.1 MLBUps    252.85 GB/s [================    ]  3s
[  ]    ---- :    216.3 MLBUps    249.56 GB/s [====================]
[  ]    218.9 MLBUps    252.61 GB/s [====                ]  1s
[  ]    218.9 MLBUps    252.59 GB/s [========            ]  2s
[  ]    219.1 MLBUps    252.89 GB/s [============        ]  3s
[  ]    219.3 MLBUps    253.05 GB/s [================    ]  4s
[  ]    ---- :    216.1 MLBUps    249.34 GB/s [====================]
[  ]    219.0 MLBUps    252.74 GB/s [====                ]  1s
[  ]    219.1 MLBUps    252.86 GB/s [========            ]  2s
[  ]    219.1 MLBUps    252.83 GB/s [============        ]  3s
[  ]    219.1 MLBUps    252.84 GB/s [================    ]  4s
[  ]    ---- :    216.2 MLBUps    249.50 GB/s [====================]
[  ]    218.9 MLBUps    252.66 GB/s [====                ]  1s
[  ]    219.2 MLBUps    252.94 GB/s [========            ]  2s
[  ]    219.3 MLBUps    253.10 GB/s [============        ]  3s
[  ]    219.1 MLBUps    252.87 GB/s [================    ]  4s
[  ]    ---- :    216.3 MLBUps    249.64 GB/s [====================]
[  ]    218.9 MLBUps    252.66 GB/s [====                ]  1s
[  ]    219.2 MLBUps    252.92 GB/s [========            ]  2s
[  ]    219.1 MLBUps    252.89 GB/s [============        ]  3s
[  ]    219.0 MLBUps    252.68 GB/s [================    ]  4s
[  ]    ---- :    216.1 MLBUps    249.38 GB/s [====================]
[  ]    219.0 MLBUps    252.70 GB/s [====                ]  1s
[  ]    219.0 MLBUps    252.69 GB/s [========            ]  2s
[  ]    219.0 MLBUps    252.78 GB/s [============        ]  3s
[  ]    219.0 MLBUps    252.72 GB/s [================    ]  4s
[  ]    ---- :    216.1 MLBUps    249.40 GB/s [====================]
[  ]    219.0 MLBUps    252.77 GB/s [====                ]  1s
[  ]    219.2 MLBUps    252.98 GB/s [========            ]  2s
[  ]    219.0 MLBUps    252.68 GB/s [============        ]  3s
[  ]    219.0 MLBUps    252.77 GB/s [================    ]  4s
[  ]    ---- :    216.2 MLBUps    249.46 GB/s [====================]
[  ]    219.1 MLBUps    252.82 GB/s [====                ]  1s
[  ]    219.1 MLBUps    252.88 GB/s [========            ]  2s
[  ]    219.1 MLBUps    252.80 GB/s [============        ]  3s
[  ]    219.1 MLBUps    252.84 GB/s [================    ]  4s
[  ]    ---- :    216.2 MLBUps    249.51 GB/s [====================]
[  ]    218.8 MLBUps    252.54 GB/s [====                ]  1s
[  ]    219.1 MLBUps    252.85 GB/s [========            ]  2s
[  ]    219.1 MLBUps    252.80 GB/s [============        ]  3s
[  ]    219.2 MLBUps    252.93 GB/s [================    ]  4s
[  ]    ---- :    216.2 MLBUps    249.52 GB/s [====================]
[  ]    218.9 MLBUps    252.67 GB/s [====                ]  1s
[  ]    219.0 MLBUps    252.70 GB/s [========            ]  2s
[  ]    219.0 MLBUps    252.77 GB/s [============        ]  3s
[  ]    219.0 MLBUps    252.75 GB/s [================    ]  4s
[  ]    ---- :    212.5 MLBUps    245.17 GB/s [====================]
[  ]    215.6 MLBUps    248.80 GB/s [====                ]  1s
[  ]    215.9 MLBUps    249.13 GB/s [========            ]  2s
[  ]    214.6 MLBUps    247.60 GB/s [============        ]  3s
[  ]    214.6 MLBUps    247.68 GB/s [================    ]  4s
[  ]    ---- :    212.8 MLBUps    245.59 GB/s [====================]
[  ]    215.7 MLBUps    248.87 GB/s [====                ]  0s
[  ]    216.1 MLBUps    249.35 GB/s [========            ]  1s
[  ]    215.2 MLBUps    248.31 GB/s [============        ]  2s
[  ]    215.1 MLBUps    248.25 GB/s [================    ]  3s
[  ]    ---- :    212.8 MLBUps    245.53 GB/s [====================]
[  ]    215.7 MLBUps    248.97 GB/s [====                ]  0s
[  ]    214.4 MLBUps    247.47 GB/s [========            ]  1s
[  ]    214.5 MLBUps    247.55 GB/s [============        ]  3s
[  ]    215.7 MLBUps    248.92 GB/s [================    ]  3s
[  ]    ---- :    212.6 MLBUps    245.34 GB/s [====================]
[  ]    215.5 MLBUps    248.73 GB/s [====                ]  0s
[  ]    215.4 MLBUps    248.55 GB/s [========            ]  1s
[  ]    215.8 MLBUps    249.07 GB/s [============        ]  2s
[  ]    215.4 MLBUps    248.59 GB/s [================    ]  3s
[  ]    ---- :    213.1 MLBUps    245.95 GB/s [====================]
[  ]    215.9 MLBUps    249.15 GB/s [====                ]  0s
[  ]    215.2 MLBUps    248.35 GB/s [========            ]  1s
[  ]    215.7 MLBUps    248.96 GB/s [============        ]  2s
[  ]    215.1 MLBUps    248.21 GB/s [================    ]  3s
[  ]    ---- :    213.0 MLBUps    245.78 GB/s [====================]
[  ]    216.1 MLBUps    249.37 GB/s [====                ]  0s
[  ]    215.2 MLBUps    248.38 GB/s [========            ]  1s
[  ]    214.5 MLBUps    247.58 GB/s [============        ]  2s
[  ]    215.2 MLBUps    248.33 GB/s [================    ]  3s
[  ]    ---- :    213.1 MLBUps    245.93 GB/s [====================]
[  ]    215.6 MLBUps    248.78 GB/s [====                ]  0s
[  ]    215.7 MLBUps    248.87 GB/s [========            ]  1s
[  ]    215.6 MLBUps    248.83 GB/s [============        ]  2s
[  ]    211.3 MLBUps    243.84 GB/s [================    ]  4s
[  ]    210.8 MLBUps    243.25 GB/s [=================== ]  5s
[  ]    ---- :    132.7 MLBUps    153.16 GB/s [====================]
[  ]    210.6 MLBUps    243.03 GB/s [===                 ]  1s
[  ]    210.4 MLBUps    242.79 GB/s [=======             ]  2s
[  ]    210.7 MLBUps    243.16 GB/s [===========         ]  3s
[  ]    210.6 MLBUps    243.00 GB/s [===============     ]  4s
[  ]    211.0 MLBUps    243.51 GB/s [=================== ]  5s
[  ]    ---- :    186.4 MLBUps    215.07 GB/s [====================]
[  ]    210.4 MLBUps    242.81 GB/s [===                 ]  1s
[  ]    210.9 MLBUps    243.32 GB/s [=======             ]  2s
[  ]    211.4 MLBUps    243.93 GB/s [===========         ]  2s
[  ]    211.3 MLBUps    243.78 GB/s [===============     ]  3s
[  ]    210.7 MLBUps    243.15 GB/s [=================== ]  4s
[  ]    ---- :    188.3 MLBUps    217.27 GB/s [====================]
[  ]    ---- :    20000 it writing vtk
[  ]    162.0 MLBUps    186.90 GB/s [===                 ]  1s
[  ]    217.2 MLBUps    250.63 GB/s [======              ]  2s
[  ]    216.9 MLBUps    250.34 GB/s [==========          ]  3s
[  ]    217.3 MLBUps    250.77 GB/s [===============     ]  4s
[  ]    217.5 MLBUps    250.97 GB/s [=================== ]  5s
[  ]    ---- :    206.5 MLBUps    238.28 GB/s [====================]
[  ]    216.8 MLBUps    250.16 GB/s [===                 ]  0s
[  ]    216.4 MLBUps    249.68 GB/s [=======             ]  1s
[  ]    213.4 MLBUps    246.23 GB/s [===========         ]  2s
[  ]    212.7 MLBUps    245.42 GB/s [===============     ]  3s
[  ]    213.2 MLBUps    246.02 GB/s [=================== ]  4s
[  ]    ---- :    178.1 MLBUps    205.58 GB/s [====================]
[  ]    213.5 MLBUps    246.37 GB/s [===                 ]  0s
[  ]    213.5 MLBUps    246.36 GB/s [=======             ]  1s
[  ]    213.2 MLBUps    246.08 GB/s [===========         ]  2s
[  ]    213.3 MLBUps    246.09 GB/s [===============     ]  3s
[  ]    213.7 MLBUps    246.66 GB/s [=================== ]  4s
[  ]    ---- :    172.2 MLBUps    198.72 GB/s [====================]
[  ]    213.8 MLBUps    246.67 GB/s [===                 ]  0s
[  ]    213.3 MLBUps    246.19 GB/s [=======             ]  1s
[  ]    213.3 MLBUps    246.18 GB/s [===========         ]  2s
[  ]    212.8 MLBUps    245.61 GB/s [===============     ]  3s
[  ]    213.5 MLBUps    246.43 GB/s [=================== ]  4s
[  ]    ---- :    172.4 MLBUps    198.91 GB/s [====================]
[  ]    213.3 MLBUps    246.13 GB/s [===                 ]  0s
[  ]    213.2 MLBUps    246.00 GB/s [=======             ]  1s
[  ]    213.6 MLBUps    246.55 GB/s [===========         ]  2s
[  ]    213.5 MLBUps    246.37 GB/s [===============     ]  3s
[  ]    213.4 MLBUps    246.22 GB/s [=================== ]  4s
[  ]    ---- :    172.3 MLBUps    198.81 GB/s [====================]
[  ]    213.9 MLBUps    246.79 GB/s [===                 ]  0s
[  ]    213.2 MLBUps    246.09 GB/s [=======             ]  1s
[  ]    213.6 MLBUps    246.50 GB/s [===========         ]  2s
[  ]    212.8 MLBUps    245.56 GB/s [===============     ]  3s
[  ]    213.3 MLBUps    246.13 GB/s [=================== ]  4s
[  ]    ---- :    173.6 MLBUps    200.35 GB/s [====================]
[  ]    214.0 MLBUps    246.95 GB/s [===                 ]  0s
[  ]    213.9 MLBUps    246.86 GB/s [=======             ]  2s
[  ]    214.0 MLBUps    246.99 GB/s [===========         ]  2s
[  ]    212.6 MLBUps    245.30 GB/s [===============     ]  4s
[  ]    214.1 MLBUps    247.11 GB/s [=================== ]  5s
[  ]    ---- :    152.3 MLBUps    175.78 GB/s [====================]
[  ]    213.2 MLBUps    246.00 GB/s [===                 ]  0s
[  ]    213.4 MLBUps    246.31 GB/s [=======             ]  1s
[  ]    213.4 MLBUps    246.28 GB/s [===========         ]  2s
[  ]    213.4 MLBUps    246.27 GB/s [===============     ]  3s
[  ]    213.5 MLBUps    246.43 GB/s [=================== ]  4s
[  ]    ---- :    170.6 MLBUps    196.83 GB/s [====================]
[  ]    213.4 MLBUps    246.28 GB/s [===                 ]  0s
[  ]    213.4 MLBUps    246.30 GB/s [=======             ]  1s
[  ]    214.1 MLBUps    247.03 GB/s [===========         ]  2s
[  ]    213.8 MLBUps    246.78 GB/s [===============     ]  3s
[  ]    213.2 MLBUps    245.99 GB/s [=================== ]  4s
[  ]    ---- :    163.7 MLBUps    188.91 GB/s [====================]
[  ]    212.6 MLBUps    245.30 GB/s [===                 ]  1s
[  ]    213.6 MLBUps    246.52 GB/s [=======             ]  1s
[  ]    213.6 MLBUps    246.44 GB/s [===========         ]  2s
[  ]    213.8 MLBUps    246.78 GB/s [===============     ]  3s
[  ]    213.0 MLBUps    245.85 GB/s [=================== ]  4s
[  ]    ---- :    171.9 MLBUps    198.33 GB/s [====================]
[  ]    213.5 MLBUps    246.35 GB/s [===                 ]  0s
[  ]    213.5 MLBUps    246.43 GB/s [=======             ]  1s
[  ]    213.4 MLBUps    246.29 GB/s [===========         ]  2s
[  ]    213.2 MLBUps    245.98 GB/s [===============     ]  3s
[  ]    213.0 MLBUps    245.84 GB/s [=================== ]  4s
[  ]    ---- :    171.1 MLBUps    197.49 GB/s [====================]
[  ]    212.9 MLBUps    245.66 GB/s [===                 ]  1s
[  ]    212.8 MLBUps    245.52 GB/s [=======             ]  2s
[  ]    213.1 MLBUps    245.95 GB/s [===========         ]  2s
[  ]    213.1 MLBUps    245.97 GB/s [===============     ]  3s
[  ]    213.5 MLBUps    246.43 GB/s [=================== ]  4s
[  ]    ---- :    172.7 MLBUps    199.32 GB/s [====================]
[  ]    213.3 MLBUps    246.09 GB/s [===                 ]  0s
[  ]    213.0 MLBUps    245.81 GB/s [=======             ]  1s
[  ]    213.4 MLBUps    246.24 GB/s [===========         ]  2s
[  ]    213.4 MLBUps    246.23 GB/s [===============     ]  3s
[  ]    213.4 MLBUps    246.29 GB/s [=================== ]  4s
[  ]    ---- :    172.6 MLBUps    199.16 GB/s [====================]
[  ]    213.2 MLBUps    246.06 GB/s [===                 ]  0s
[  ]    213.4 MLBUps    246.24 GB/s [=======             ]  1s
[  ]    212.9 MLBUps    245.72 GB/s [===========         ]  2s
[  ]    213.5 MLBUps    246.37 GB/s [===============     ]  3s
[  ]    213.3 MLBUps    246.17 GB/s [=================== ]  4s
[  ]    ---- :    172.2 MLBUps    198.74 GB/s [====================]
[  ]    213.2 MLBUps    246.02 GB/s [===                 ]  0s
[  ]    213.6 MLBUps    246.49 GB/s [=======             ]  1s
[  ]    213.9 MLBUps    246.79 GB/s [===========         ]  2s
[  ]    212.6 MLBUps    245.35 GB/s [===============     ]  3s
[  ]    213.8 MLBUps    246.67 GB/s [=================== ]  4s
[  ]    ---- :    172.7 MLBUps    199.30 GB/s [====================]
[  ]    212.8 MLBUps    245.57 GB/s [===                 ]  1s
[  ]    213.5 MLBUps    246.40 GB/s [=======             ]  1s
[  ]    213.1 MLBUps    245.96 GB/s [===========         ]  2s
[  ]    213.1 MLBUps    245.87 GB/s [===============     ]  3s
[  ]    213.2 MLBUps    246.03 GB/s [=================== ]  4s
[  ]    ---- :    172.2 MLBUps    198.75 GB/s [====================]
[  ]    213.1 MLBUps    245.91 GB/s [===                 ]  0s
[  ]    213.1 MLBUps    245.89 GB/s [=======             ]  1s
[  ]    213.3 MLBUps    246.14 GB/s [===========         ]  2s
[  ]    213.2 MLBUps    246.06 GB/s [===============     ]  3s
[  ]    213.3 MLBUps    246.10 GB/s [=================== ]  4s
[  ]    ---- :    172.6 MLBUps    199.20 GB/s [====================]
[  ]    213.6 MLBUps    246.50 GB/s [===                 ]  0s
[  ]    213.7 MLBUps    246.64 GB/s [=======             ]  1s
[  ]    213.3 MLBUps    246.14 GB/s [===========         ]  2s
[  ]    214.0 MLBUps    246.92 GB/s [===============     ]  3s
[  ]    212.9 MLBUps    245.70 GB/s [=================== ]  4s
[  ]    ---- :    164.2 MLBUps    189.47 GB/s [====================]
[  ]    213.2 MLBUps    246.05 GB/s [===                 ]  0s
[  ]    213.6 MLBUps    246.52 GB/s [=======             ]  1s
[  ]    213.2 MLBUps    245.99 GB/s [===========         ]  2s
[  ]    213.2 MLBUps    245.98 GB/s [===============     ]  3s
[  ]    213.1 MLBUps    245.89 GB/s [=================== ]  4s
[  ]    ---- :    172.2 MLBUps    198.75 GB/s [====================]
[  ]    213.5 MLBUps    246.39 GB/s [===                 ]  0s
[  ]    213.7 MLBUps    246.61 GB/s [=======             ]  1s
[  ]    212.9 MLBUps    245.69 GB/s [===========         ]  2s
[  ]    212.2 MLBUps    244.91 GB/s [===============     ]  3s
[  ]    212.3 MLBUps    244.96 GB/s [=================== ]  4s
[  ]    ---- :    169.9 MLBUps    196.08 GB/s [====================]
[  ]    ---- :    40000 it writing vtk
[  ]    161.1 MLBUps    185.85 GB/s [===                 ]  1s
[  ]    218.0 MLBUps    251.55 GB/s [======              ]  2s
[  ]    217.3 MLBUps    250.82 GB/s [===========         ]  3s
[  ]    217.5 MLBUps    250.97 GB/s [===============     ]  4s
[  ]    217.3 MLBUps    250.79 GB/s [=================== ]  5s
[  ]    ---- :    206.8 MLBUps    238.62 GB/s [====================]
[  ]    217.4 MLBUps    250.92 GB/s [===                 ]  0s
[  ]    217.3 MLBUps    250.72 GB/s [=======             ]  1s
[  ]    217.3 MLBUps    250.76 GB/s [===========         ]  2s
[  ]    213.4 MLBUps    246.29 GB/s [===============     ]  3s
[  ]    213.0 MLBUps    245.78 GB/s [=================== ]  4s
[  ]    ---- :    162.8 MLBUps    187.85 GB/s [====================]
[  ]    213.6 MLBUps    246.45 GB/s [====                ]  1s
[  ]    213.8 MLBUps    246.76 GB/s [=======             ]  2s
[  ]    213.5 MLBUps    246.41 GB/s [===========         ]  2s
[  ]    213.1 MLBUps    245.93 GB/s [===============     ]  3s
[  ]    212.7 MLBUps    245.45 GB/s [=================== ]  4s
[  ]    ---- :    164.0 MLBUps    189.24 GB/s [====================]
[  ]    213.7 MLBUps    246.58 GB/s [===                 ]  0s
[  ]    213.1 MLBUps    245.90 GB/s [=======             ]  1s
[  ]    213.9 MLBUps    246.87 GB/s [===========         ]  2s
[  ]    213.2 MLBUps    246.02 GB/s [===============     ]  3s
[  ]    213.8 MLBUps    246.76 GB/s [=================== ]  4s
[  ]    ---- :    172.2 MLBUps    198.67 GB/s [====================]
[  ]    213.5 MLBUps    246.40 GB/s [===                 ]  0s
[  ]    213.5 MLBUps    246.37 GB/s [=======             ]  1s
[  ]    214.1 MLBUps    247.04 GB/s [===========         ]  2s
[  ]    213.7 MLBUps    246.65 GB/s [===============     ]  3s
[  ]    213.3 MLBUps    246.14 GB/s [=================== ]  4s
[  ]    ---- :    164.8 MLBUps    190.21 GB/s [====================]
[  ]    213.4 MLBUps    246.32 GB/s [===                 ]  0s
[  ]    213.6 MLBUps    246.52 GB/s [=======             ]  1s
[  ]    213.5 MLBUps    246.38 GB/s [===========         ]  2s
[  ]    213.4 MLBUps    246.27 GB/s [===============     ]  3s
[  ]    213.2 MLBUps    246.05 GB/s [=================== ]  4s
[  ]    ---- :    172.9 MLBUps    199.51 GB/s [====================]
[  ]    214.0 MLBUps    246.98 GB/s [===                 ]  0s
[  ]    212.9 MLBUps    245.66 GB/s [=======             ]  2s
[  ]    213.0 MLBUps    245.81 GB/s [===========         ]  3s
[  ]    213.6 MLBUps    246.54 GB/s [===============     ]  4s
[  ]    213.4 MLBUps    246.23 GB/s [=================== ]  4s
[  ]    ---- :    164.0 MLBUps    189.22 GB/s [====================]
[  ]    213.7 MLBUps    246.58 GB/s [===                 ]  0s
[  ]    213.4 MLBUps    246.21 GB/s [=======             ]  1s
[  ]    213.3 MLBUps    246.13 GB/s [===========         ]  2s
[  ]    213.3 MLBUps    246.17 GB/s [===============     ]  3s
[  ]    213.3 MLBUps    246.17 GB/s [=================== ]  4s
[  ]    ---- :    172.5 MLBUps    199.10 GB/s [====================]
[  ]    213.7 MLBUps    246.61 GB/s [===                 ]  0s
[  ]    213.4 MLBUps    246.29 GB/s [=======             ]  1s
[  ]    214.0 MLBUps    246.93 GB/s [===========         ]  2s
[  ]    213.6 MLBUps    246.53 GB/s [===============     ]  3s
[  ]    213.2 MLBUps    246.05 GB/s [=================== ]  4s
[  ]    ---- :    163.2 MLBUps    188.35 GB/s [====================]
[  ]    212.8 MLBUps    245.52 GB/s [===                 ]  1s
[  ]    213.5 MLBUps    246.41 GB/s [=======             ]  1s
[  ]    213.7 MLBUps    246.65 GB/s [===========         ]  2s
[  ]    213.7 MLBUps    246.65 GB/s [===============     ]  3s
[  ]    213.5 MLBUps    246.37 GB/s [=================== ]  4s
[  ]    ---- :    171.6 MLBUps    198.03 GB/s [====================]
[  ]    213.6 MLBUps    246.52 GB/s [===                 ]  0s
[  ]    213.7 MLBUps    246.66 GB/s [=======             ]  1s
[  ]    214.1 MLBUps    247.09 GB/s [===========         ]  2s
[  ]    214.1 MLBUps    247.02 GB/s [===============     ]  3s
[  ]    213.4 MLBUps    246.23 GB/s [=================== ]  4s
[  ]    ---- :    152.0 MLBUps    175.41 GB/s [====================]
[  ]    213.8 MLBUps    246.68 GB/s [===                 ]  0s
[  ]    214.2 MLBUps    247.16 GB/s [=======             ]  1s
[  ]    213.7 MLBUps    246.64 GB/s [===========         ]  2s
[  ]    214.0 MLBUps    246.92 GB/s [===============     ]  3s
[  ]    213.9 MLBUps    246.83 GB/s [=================== ]  4s
[  ]    ---- :    152.1 MLBUps    175.51 GB/s [====================]
[  ]    214.0 MLBUps    246.91 GB/s [===                 ]  0s
[  ]    213.4 MLBUps    246.31 GB/s [=======             ]  1s
[  ]    213.7 MLBUps    246.57 GB/s [===========         ]  2s
[  ]    214.3 MLBUps    247.31 GB/s [===============     ]  3s
[  ]    213.8 MLBUps    246.74 GB/s [=================== ]  4s
[  ]    ---- :    165.2 MLBUps    190.62 GB/s [====================]
[  ]    214.0 MLBUps    246.96 GB/s [===                 ]  0s
[  ]    213.4 MLBUps    246.22 GB/s [=======             ]  2s
[  ]    213.4 MLBUps    246.23 GB/s [===========         ]  3s
[  ]    212.7 MLBUps    245.50 GB/s [===============     ]  4s
[  ]    213.8 MLBUps    246.77 GB/s [=================== ]  4s
[  ]    ---- :    164.1 MLBUps    189.35 GB/s [====================]
[  ]    213.4 MLBUps    246.28 GB/s [===                 ]  0s
[  ]    212.8 MLBUps    245.62 GB/s [=======             ]  1s
[  ]    213.5 MLBUps    246.33 GB/s [===========         ]  2s
[  ]    213.8 MLBUps    246.68 GB/s [===============     ]  3s
[  ]    214.1 MLBUps    247.11 GB/s [=================== ]  4s
[  ]    ---- :    172.0 MLBUps    198.48 GB/s [====================]
[  ]    213.2 MLBUps    245.99 GB/s [===                 ]  0s
[  ]    213.0 MLBUps    245.84 GB/s [=======             ]  1s
[  ]    213.5 MLBUps    246.33 GB/s [===========         ]  2s
[  ]    213.7 MLBUps    246.63 GB/s [===============     ]  3s
[  ]    213.4 MLBUps    246.28 GB/s [=================== ]  4s
[  ]    ---- :    170.8 MLBUps    197.06 GB/s [====================]
[  ]    213.3 MLBUps    246.16 GB/s [===                 ]  0s
[  ]    213.4 MLBUps    246.25 GB/s [=======             ]  1s
[  ]    213.9 MLBUps    246.81 GB/s [===========         ]  2s
[  ]    213.4 MLBUps    246.24 GB/s [===============     ]  3s
[  ]    213.4 MLBUps    246.24 GB/s [=================== ]  4s
[  ]    ---- :    172.6 MLBUps    199.22 GB/s [====================]
[  ]    213.1 MLBUps    245.88 GB/s [===                 ]  0s
[  ]    213.6 MLBUps    246.54 GB/s [=======             ]  1s
[  ]    213.7 MLBUps    246.63 GB/s [===========         ]  2s
[  ]    213.4 MLBUps    246.29 GB/s [===============     ]  3s
[  ]    213.5 MLBUps    246.35 GB/s [=================== ]  4s
[  ]    ---- :    172.5 MLBUps    199.12 GB/s [====================]
[  ]    213.5 MLBUps    246.37 GB/s [===                 ]  0s
[  ]    213.4 MLBUps    246.28 GB/s [=======             ]  1s
[  ]    213.1 MLBUps    245.93 GB/s [===========         ]  2s
[  ]    210.2 MLBUps    242.58 GB/s [===============     ]  4s
[  ]    208.4 MLBUps    240.44 GB/s [=================== ]  5s
[  ]    ---- :    174.6 MLBUps    201.46 GB/s [====================]
[  ]    208.8 MLBUps    240.92 GB/s [===                 ]  1s
[  ]    208.7 MLBUps    240.82 GB/s [=======             ]  2s
[  ]    208.6 MLBUps    240.70 GB/s [===========         ]  3s
[  ]    208.7 MLBUps    240.82 GB/s [===============     ]  4s
[  ]    208.7 MLBUps    240.84 GB/s [=================== ]  5s
[  ]    ---- :    192.7 MLBUps    222.40 GB/s [====================]
[  ]    ---- :    60000 it writing vtk
[  ]    159.3 MLBUps    183.82 GB/s [===                 ]  1s
[  ]    214.9 MLBUps    248.02 GB/s [======              ]  2s
[  ]    215.1 MLBUps    248.26 GB/s [==========          ]  3s
[  ]    214.6 MLBUps    247.68 GB/s [==============      ]  4s
[  ]    215.0 MLBUps    248.16 GB/s [==================  ]  5s
[  ]    ---- :    205.9 MLBUps    237.64 GB/s [====================]
[  ]    215.5 MLBUps    248.70 GB/s [===                 ]  0s
[  ]    211.1 MLBUps    243.63 GB/s [=======             ]  1s
[  ]    209.8 MLBUps    242.09 GB/s [===========         ]  2s
[  ]    209.7 MLBUps    242.04 GB/s [===============     ]  3s
[  ]    209.7 MLBUps    242.03 GB/s [=================== ]  4s
[  ]    ---- :    192.3 MLBUps    221.95 GB/s [====================]
[  ]    209.7 MLBUps    241.99 GB/s [===                 ]  1s
[  ]    209.6 MLBUps    241.94 GB/s [=======             ]  2s
[  ]    209.6 MLBUps    241.93 GB/s [===========         ]  3s
[  ]    210.0 MLBUps    242.29 GB/s [===============     ]  3s
[  ]    209.9 MLBUps    242.23 GB/s [=================== ]  5s
[  ]    ---- :    191.1 MLBUps    220.49 GB/s [====================]
[  ]    209.7 MLBUps    242.04 GB/s [===                 ]  0s
[  ]    209.6 MLBUps    241.89 GB/s [=======             ]  1s
[  ]    209.8 MLBUps    242.07 GB/s [===========         ]  2s
[  ]    209.9 MLBUps    242.18 GB/s [===============     ]  3s
[  ]    210.4 MLBUps    242.80 GB/s [=================== ]  5s
[  ]    ---- :    193.4 MLBUps    223.24 GB/s [====================]
[  ]    212.3 MLBUps    244.97 GB/s [===                 ]  0s
[  ]    211.4 MLBUps    243.93 GB/s [=======             ]  1s
[  ]    211.8 MLBUps    244.38 GB/s [===========         ]  2s
[  ]    212.3 MLBUps    245.04 GB/s [===============     ]  3s
[  ]    212.1 MLBUps    244.81 GB/s [=================== ]  4s
[  ]    ---- :    187.5 MLBUps    216.38 GB/s [====================]
[  ]    211.8 MLBUps    244.47 GB/s [===                 ]  0s
[  ]    212.1 MLBUps    244.71 GB/s [=======             ]  1s
[  ]    211.5 MLBUps    244.11 GB/s [===========         ]  3s
[  ]    211.5 MLBUps    244.06 GB/s [===============     ]  4s
[  ]    211.8 MLBUps    244.36 GB/s [=================== ]  4s
[  ]    ---- :    185.7 MLBUps    214.35 GB/s [====================]
[  ]    214.1 MLBUps    247.07 GB/s [===                 ]  0s
[  ]    214.2 MLBUps    247.20 GB/s [=======             ]  1s
[  ]    214.3 MLBUps    247.35 GB/s [===========         ]  2s
[  ]    214.3 MLBUps    247.33 GB/s [===============     ]  3s
[  ]    214.0 MLBUps    246.95 GB/s [=================== ]  4s
[  ]    ---- :    133.5 MLBUps    154.10 GB/s [====================]
[  ]    214.6 MLBUps    247.61 GB/s [===                 ]  0s
[  ]    214.1 MLBUps    247.02 GB/s [=======             ]  1s
[  ]    214.0 MLBUps    247.00 GB/s [===========         ]  3s
[  ]    214.0 MLBUps    246.91 GB/s [===============     ]  4s
[  ]    214.2 MLBUps    247.20 GB/s [=================== ]  5s
[  ]    ---- :    133.7 MLBUps    154.34 GB/s [====================]
[  ]    214.3 MLBUps    247.32 GB/s [===                 ]  0s
[  ]    214.0 MLBUps    246.96 GB/s [=======             ]  1s
[  ]    214.1 MLBUps    247.09 GB/s [===========         ]  3s
[  ]    214.2 MLBUps    247.17 GB/s [===============     ]  4s
[  ]    214.2 MLBUps    247.21 GB/s [=================== ]  5s
[  ]    ---- :     97.4 MLBUps    112.46 GB/s [====================]
[  ]    214.4 MLBUps    247.42 GB/s [===                 ]  0s
[  ]    213.9 MLBUps    246.89 GB/s [=======             ]  1s
[  ]    214.1 MLBUps    247.07 GB/s [===========         ]  2s
[  ]    213.8 MLBUps    246.77 GB/s [===============     ]  3s
[  ]    213.8 MLBUps    246.67 GB/s [=================== ]  4s
[  ]    ---- :    153.3 MLBUps    176.90 GB/s [====================]
[  ]    213.9 MLBUps    246.84 GB/s [===                 ]  0s
[  ]    214.1 MLBUps    247.11 GB/s [=======             ]  1s
[  ]    214.2 MLBUps    247.22 GB/s [===========         ]  2s
[  ]    214.0 MLBUps    246.99 GB/s [===============     ]  3s
[  ]    214.2 MLBUps    247.18 GB/s [=================== ]  5s
[  ]    ---- :    133.8 MLBUps    154.43 GB/s [====================]
[  ]    214.1 MLBUps    247.03 GB/s [===                 ]  0s
[  ]    214.0 MLBUps    246.95 GB/s [=======             ]  1s
[  ]    214.0 MLBUps    246.96 GB/s [===========         ]  3s
[  ]    213.8 MLBUps    246.75 GB/s [===============     ]  4s
[  ]    213.6 MLBUps    246.53 GB/s [=================== ]  5s
[  ]    ---- :    133.8 MLBUps    154.42 GB/s [====================]
[  ]    213.7 MLBUps    246.56 GB/s [===                 ]  0s
[  ]    214.4 MLBUps    247.40 GB/s [=======             ]  1s
[  ]    214.0 MLBUps    246.94 GB/s [===========         ]  2s
[  ]    214.0 MLBUps    247.00 GB/s [===============     ]  3s
[  ]    214.0 MLBUps    246.92 GB/s [=================== ]  5s
[  ]    ---- :    134.0 MLBUps    154.64 GB/s [====================]
[  ]    214.1 MLBUps    247.09 GB/s [===                 ]  0s
[  ]    214.1 MLBUps    247.04 GB/s [=======             ]  1s
[  ]    214.0 MLBUps    246.93 GB/s [===========         ]  3s
[  ]    213.9 MLBUps    246.84 GB/s [===============     ]  4s
[  ]    214.3 MLBUps    247.26 GB/s [=================== ]  5s
[  ]    ---- :    133.7 MLBUps    154.25 GB/s [====================]
[  ]    214.0 MLBUps    246.90 GB/s [===                 ]  0s
[  ]    213.9 MLBUps    246.80 GB/s [=======             ]  1s
[  ]    214.2 MLBUps    247.19 GB/s [===========         ]  2s
[  ]    214.3 MLBUps    247.26 GB/s [===============     ]  3s
[  ]    213.8 MLBUps    246.76 GB/s [=================== ]  4s
[  ]    ---- :    152.5 MLBUps    175.98 GB/s [====================]
[  ]    214.1 MLBUps    247.13 GB/s [===                 ]  0s
[  ]    214.0 MLBUps    246.96 GB/s [=======             ]  1s
[  ]    214.0 MLBUps    246.91 GB/s [===========         ]  3s
[  ]    214.0 MLBUps    246.96 GB/s [===============     ]  3s
[  ]    213.4 MLBUps    246.24 GB/s [=================== ]  5s
[  ]    ---- :    133.6 MLBUps    154.12 GB/s [====================]
[  ]    213.9 MLBUps    246.82 GB/s [===                 ]  0s
[  ]    213.4 MLBUps    246.29 GB/s [=======             ]  1s
[  ]    214.3 MLBUps    247.32 GB/s [===========         ]  2s
[  ]    214.0 MLBUps    246.92 GB/s [===============     ]  3s
[  ]    213.3 MLBUps    246.12 GB/s [=================== ]  4s
[  ]    ---- :    153.2 MLBUps    176.77 GB/s [====================]
[  ]    214.1 MLBUps    247.09 GB/s [===                 ]  0s
[  ]    213.5 MLBUps    246.42 GB/s [=======             ]  2s
[  ]    213.9 MLBUps    246.83 GB/s [===========         ]  2s
[  ]    214.2 MLBUps    247.22 GB/s [===============     ]  3s
[  ]    214.2 MLBUps    247.18 GB/s [=================== ]  4s
[  ]    ---- :    152.8 MLBUps    176.36 GB/s [====================]
[  ]    214.1 MLBUps    247.07 GB/s [===                 ]  0s
[  ]    214.3 MLBUps    247.27 GB/s [=======             ]  1s
[  ]    214.3 MLBUps    247.26 GB/s [===========         ]  3s
[  ]    214.2 MLBUps    247.22 GB/s [===============     ]  4s
[  ]    214.1 MLBUps    247.12 GB/s [=================== ]  5s
[  ]    ---- :     97.0 MLBUps    111.92 GB/s [====================]
[  ]    214.5 MLBUps    247.55 GB/s [===                 ]  0s
[  ]    214.2 MLBUps    247.16 GB/s [=======             ]  1s
[  ]    214.2 MLBUps    247.24 GB/s [===========         ]  3s
[  ]    214.1 MLBUps    247.12 GB/s [===============     ]  4s
[  ]    214.5 MLBUps    247.48 GB/s [=================== ]  5s
[  ]    ---- :     97.1 MLBUps    112.06 GB/s [====================]
[  ]    ---- :    80000 it writing vtk
[  ]    161.7 MLBUps    186.58 GB/s [===                 ]  1s
[  ]    217.7 MLBUps    251.23 GB/s [======              ]  2s
[  ]    217.5 MLBUps    250.98 GB/s [===========         ]  3s
[  ]    217.7 MLBUps    251.26 GB/s [===============     ]  4s
[  ]    214.2 MLBUps    247.21 GB/s [=================== ]  5s
[  ]    ---- :    201.7 MLBUps    232.71 GB/s [====================]
[  ]    212.2 MLBUps    244.92 GB/s [===                 ]  0s
[  ]    212.0 MLBUps    244.61 GB/s [=======             ]  1s
[  ]    212.4 MLBUps    245.09 GB/s [===========         ]  2s
[  ]    212.3 MLBUps    245.04 GB/s [===============     ]  3s
[  ]    212.1 MLBUps    244.74 GB/s [=================== ]  4s
[  ]    ---- :    189.7 MLBUps    218.97 GB/s [====================]
[  ]    212.3 MLBUps    245.00 GB/s [===                 ]  0s
[  ]    212.4 MLBUps    245.09 GB/s [=======             ]  1s
[  ]    212.0 MLBUps    244.65 GB/s [===========         ]  2s
[  ]    211.4 MLBUps    243.97 GB/s [===============     ]  4s
[  ]    212.4 MLBUps    245.14 GB/s [=================== ]  4s
[  ]    ---- :    181.2 MLBUps    209.08 GB/s [====================]
[  ]    212.3 MLBUps    245.05 GB/s [===                 ]  0s
[  ]    212.5 MLBUps    245.19 GB/s [=======             ]  1s
[  ]    212.3 MLBUps    245.05 GB/s [===========         ]  2s
[  ]    212.5 MLBUps    245.25 GB/s [===============     ]  3s
[  ]    211.9 MLBUps    244.53 GB/s [=================== ]  5s
[  ]    ---- :    178.2 MLBUps    205.67 GB/s [====================]
[  ]    212.3 MLBUps    245.01 GB/s [===                 ]  1s
[  ]    212.4 MLBUps    245.09 GB/s [=======             ]  2s
[  ]    211.8 MLBUps    244.46 GB/s [===========         ]  3s
[  ]    212.2 MLBUps    244.87 GB/s [===============     ]  4s
[  ]    212.4 MLBUps    245.07 GB/s [=================== ]  5s
[  ]    ---- :    171.7 MLBUps    198.14 GB/s [====================]
[  ]    212.4 MLBUps    245.07 GB/s [===                 ]  0s
[  ]    212.2 MLBUps    244.89 GB/s [=======             ]  1s
[  ]    212.5 MLBUps    245.17 GB/s [===========         ]  2s
[  ]    212.1 MLBUps    244.75 GB/s [===============     ]  4s
[  ]    215.2 MLBUps    248.38 GB/s [=================== ]  4s
[  ]    ---- :    178.4 MLBUps    205.83 GB/s [====================]
[  ]    214.5 MLBUps    247.58 GB/s [===                 ]  0s
[  ]    214.9 MLBUps    247.94 GB/s [=======             ]  1s
[  ]    214.9 MLBUps    247.94 GB/s [===========         ]  2s
[  ]    214.6 MLBUps    247.68 GB/s [===============     ]  3s
[  ]    214.7 MLBUps    247.71 GB/s [=================== ]  4s
[  ]    ---- :     97.3 MLBUps    112.24 GB/s [====================]
[  ]    214.7 MLBUps    247.82 GB/s [====                ]  1s
[  ]    214.6 MLBUps    247.65 GB/s [========            ]  2s
[  ]    214.5 MLBUps    247.48 GB/s [============        ]  3s
[  ]    214.5 MLBUps    247.51 GB/s [================    ]  4s
[  ]    ---- :    212.1 MLBUps    244.74 GB/s [====================]
[  ]    214.8 MLBUps    247.89 GB/s [====                ]  1s
[  ]    214.6 MLBUps    247.64 GB/s [========            ]  2s
[  ]    214.7 MLBUps    247.79 GB/s [============        ]  3s
[  ]    214.8 MLBUps    247.85 GB/s [================    ]  4s
[  ]    ---- :    212.0 MLBUps    244.65 GB/s [====================]
[  ]    214.4 MLBUps    247.40 GB/s [====                ]  1s
[  ]    214.6 MLBUps    247.65 GB/s [========            ]  2s
[  ]    214.6 MLBUps    247.67 GB/s [============        ]  3s
[  ]    214.8 MLBUps    247.88 GB/s [================    ]  4s
[  ]    ---- :    211.8 MLBUps    244.43 GB/s [====================]
[  ]    214.9 MLBUps    247.97 GB/s [====                ]  1s
[  ]    214.6 MLBUps    247.66 GB/s [========            ]  2s
[  ]    214.6 MLBUps    247.65 GB/s [============        ]  3s
[  ]    214.4 MLBUps    247.40 GB/s [================    ]  4s
[  ]    ---- :    212.0 MLBUps    244.69 GB/s [====================]
[  ]    214.5 MLBUps    247.49 GB/s [====                ]  1s
[  ]    214.3 MLBUps    247.26 GB/s [========            ]  2s
[  ]    214.6 MLBUps    247.60 GB/s [============        ]  3s
[  ]    214.6 MLBUps    247.60 GB/s [================    ]  4s
[  ]    ---- :    212.2 MLBUps    244.83 GB/s [====================]
[  ]    214.2 MLBUps    247.14 GB/s [====                ]  1s
[  ]    215.1 MLBUps    248.28 GB/s [========            ]  2s
[  ]    214.4 MLBUps    247.44 GB/s [============        ]  3s
[  ]    214.3 MLBUps    247.27 GB/s [================    ]  4s
[  ]    ---- :    211.9 MLBUps    244.57 GB/s [====================]
[  ]    214.7 MLBUps    247.82 GB/s [====                ]  1s
[  ]    214.1 MLBUps    247.09 GB/s [========            ]  2s
[  ]    214.0 MLBUps    246.98 GB/s [============        ]  3s
[  ]    214.4 MLBUps    247.46 GB/s [================    ]  4s
[  ]    ---- :    212.2 MLBUps    244.86 GB/s [====================]
[  ]    214.7 MLBUps    247.74 GB/s [===                 ]  0s
[  ]    214.8 MLBUps    247.86 GB/s [=======             ]  1s
[  ]    214.5 MLBUps    247.52 GB/s [===========         ]  2s
[  ]    214.2 MLBUps    247.16 GB/s [===============     ]  3s
[  ]    214.6 MLBUps    247.65 GB/s [=================== ]  5s
[  ]    ---- :     96.8 MLBUps    111.75 GB/s [====================]
[  ]    214.5 MLBUps    247.49 GB/s [====                ]  1s
[  ]    214.1 MLBUps    247.05 GB/s [========            ]  2s
[  ]    214.6 MLBUps    247.66 GB/s [============        ]  3s
[  ]    214.7 MLBUps    247.78 GB/s [================    ]  4s
[  ]    ---- :    212.1 MLBUps    244.72 GB/s [====================]
[  ]    214.4 MLBUps    247.37 GB/s [====                ]  1s
[  ]    214.3 MLBUps    247.26 GB/s [========            ]  2s
[  ]    214.5 MLBUps    247.55 GB/s [============        ]  3s
[  ]    214.0 MLBUps    246.99 GB/s [================    ]  4s
[  ]    ---- :    212.2 MLBUps    244.87 GB/s [====================]
[  ]    214.6 MLBUps    247.59 GB/s [===                 ]  0s
[  ]    214.5 MLBUps    247.58 GB/s [=======             ]  1s
[  ]    214.9 MLBUps    247.97 GB/s [===========         ]  2s
[  ]    214.5 MLBUps    247.50 GB/s [===============     ]  3s
[  ]    214.6 MLBUps    247.68 GB/s [=================== ]  4s
[  ]    ---- :     97.1 MLBUps    112.00 GB/s [====================]
[  ]    215.7 MLBUps    248.94 GB/s [====                ]  0s
[  ]    215.8 MLBUps    248.99 GB/s [========            ]  1s
[  ]    216.0 MLBUps    249.29 GB/s [============        ]  2s
[  ]    216.0 MLBUps    249.21 GB/s [================    ]  3s
[  ]    ---- :    213.1 MLBUps    245.86 GB/s [====================]
[  ]    216.1 MLBUps    249.40 GB/s [====                ]  0s
[  ]    215.8 MLBUps    248.98 GB/s [========            ]  2s
[  ]    216.0 MLBUps    249.26 GB/s [============        ]  2s
[  ]    215.5 MLBUps    248.72 GB/s [================    ]  3s
[  ]    ---- :    212.9 MLBUps    245.70 GB/s [====================]
[  ]    ---- :   100000 it writing vtk
[  ]    173.4 MLBUps    200.08 GB/s [====                ]  1s
[  ]    219.4 MLBUps    253.22 GB/s [=======             ]  2s
[  ]    219.3 MLBUps    253.03 GB/s [===========         ]  3s
[  ]    216.9 MLBUps    250.27 GB/s [===============     ]  4s
[  ]    215.7 MLBUps    248.93 GB/s [=================== ]  5s
[  ]    ---- :    197.9 MLBUps    228.41 GB/s [====================]
[  ]    216.0 MLBUps    249.23 GB/s [===                 ]  0s
[  ]    216.0 MLBUps    249.30 GB/s [=======             ]  1s
[  ]    215.9 MLBUps    249.20 GB/s [===========         ]  2s
[  ]    215.9 MLBUps    249.19 GB/s [===============     ]  3s
[  ]    216.2 MLBUps    249.45 GB/s [=================== ]  4s
[  ]    ---- :    165.6 MLBUps    191.06 GB/s [====================]
[  ]    216.1 MLBUps    249.36 GB/s [====                ]  0s
[  ]    215.9 MLBUps    249.19 GB/s [========            ]  1s
[  ]    215.8 MLBUps    249.09 GB/s [============        ]  2s
[  ]    216.0 MLBUps    249.31 GB/s [================    ]  3s
[  ]    ---- :    213.4 MLBUps    246.26 GB/s [====================]
[  ]    216.1 MLBUps    249.36 GB/s [====                ]  0s
[  ]    216.0 MLBUps    249.29 GB/s [========            ]  1s
[  ]    215.9 MLBUps    249.21 GB/s [============        ]  2s
[  ]    215.9 MLBUps    249.14 GB/s [================    ]  3s
[  ]    ---- :    213.3 MLBUps    246.13 GB/s [====================]
[  ]    216.0 MLBUps    249.22 GB/s [====                ]  0s
[  ]    215.8 MLBUps    248.99 GB/s [========            ]  1s
[  ]    216.0 MLBUps    249.28 GB/s [============        ]  2s
[  ]    215.8 MLBUps    248.99 GB/s [================    ]  3s
[  ]    ---- :    213.4 MLBUps    246.23 GB/s [====================]
[  ]    215.9 MLBUps    249.13 GB/s [====                ]  0s
[  ]    216.2 MLBUps    249.45 GB/s [========            ]  1s
[  ]    216.3 MLBUps    249.56 GB/s [============        ]  2s
[  ]    216.3 MLBUps    249.55 GB/s [================    ]  3s
[  ]    ---- :    213.2 MLBUps    246.01 GB/s [====================]
[  ]    215.9 MLBUps    249.19 GB/s [====                ]  0s
[  ]    216.2 MLBUps    249.52 GB/s [========            ]  1s
[  ]    216.0 MLBUps    249.27 GB/s [============        ]  2s
[  ]    216.2 MLBUps    249.51 GB/s [================    ]  3s
[  ]    ---- :    213.5 MLBUps    246.35 GB/s [====================]
[  ]    216.5 MLBUps    249.80 GB/s [====                ]  0s
[  ]    216.2 MLBUps    249.47 GB/s [========            ]  1s
[  ]    216.0 MLBUps    249.25 GB/s [============        ]  3s
[  ]    216.3 MLBUps    249.59 GB/s [================    ]  3s
[  ]    ---- :    213.6 MLBUps    246.50 GB/s [====================]
[  ]    216.1 MLBUps    249.32 GB/s [====                ]  0s
[  ]    215.7 MLBUps    248.94 GB/s [========            ]  1s
[  ]    215.9 MLBUps    249.12 GB/s [============        ]  2s
[  ]    216.7 MLBUps    250.12 GB/s [================    ]  3s
[  ]    ---- :    213.4 MLBUps    246.25 GB/s [====================]
[  ]    216.1 MLBUps    249.37 GB/s [====                ]  0s
[  ]    215.9 MLBUps    249.12 GB/s [========            ]  1s
[  ]    216.3 MLBUps    249.62 GB/s [============        ]  2s
[  ]    216.1 MLBUps    249.41 GB/s [================    ]  3s
[  ]    ---- :    213.3 MLBUps    246.18 GB/s [====================]
[  ]    215.9 MLBUps    249.14 GB/s [====                ]  0s
[  ]    216.1 MLBUps    249.42 GB/s [========            ]  1s
[  ]    216.0 MLBUps    249.27 GB/s [============        ]  2s
[  ]    216.0 MLBUps    249.29 GB/s [================    ]  3s
[  ]    ---- :    213.2 MLBUps    246.05 GB/s [====================]
[  ]    216.4 MLBUps    249.75 GB/s [====                ]  0s
[  ]    216.4 MLBUps    249.70 GB/s [========            ]  1s
[  ]    216.2 MLBUps    249.47 GB/s [============        ]  3s
[  ]    215.9 MLBUps    249.18 GB/s [================    ]  4s
[  ]    ---- :    213.6 MLBUps    246.53 GB/s [====================]
[  ]    216.4 MLBUps    249.74 GB/s [====                ]  0s
[  ]    216.1 MLBUps    249.33 GB/s [========            ]  1s
[  ]    215.6 MLBUps    248.83 GB/s [============        ]  2s
[  ]    215.3 MLBUps    248.48 GB/s [================    ]  3s
[  ]    ---- :    213.4 MLBUps    246.23 GB/s [====================]
[  ]    215.6 MLBUps    248.82 GB/s [====                ]  0s
[  ]    216.2 MLBUps    249.46 GB/s [========            ]  1s
[  ]    215.8 MLBUps    249.07 GB/s [============        ]  2s
[  ]    216.2 MLBUps    249.47 GB/s [================    ]  3s
[  ]    ---- :    213.7 MLBUps    246.62 GB/s [====================]
[  ]    216.2 MLBUps    249.50 GB/s [====                ]  0s
[  ]    216.0 MLBUps    249.29 GB/s [========            ]  2s
[  ]    215.7 MLBUps    248.93 GB/s [============        ]  2s
[  ]    216.1 MLBUps    249.38 GB/s [================    ]  3s
[  ]    ---- :    213.4 MLBUps    246.24 GB/s [====================]
[  ]    215.7 MLBUps    248.94 GB/s [====                ]  0s
[  ]    215.8 MLBUps    249.01 GB/s [========            ]  1s
[  ]    215.7 MLBUps    248.87 GB/s [============        ]  2s
[  ]    216.0 MLBUps    249.26 GB/s [================    ]  3s
[  ]    ---- :    209.0 MLBUps    241.19 GB/s [====================]
[  ]    210.8 MLBUps    243.29 GB/s [====                ]  1s
[  ]    210.7 MLBUps    243.14 GB/s [=======             ]  2s
[  ]    211.4 MLBUps    244.00 GB/s [===========         ]  3s
[  ]    211.1 MLBUps    243.60 GB/s [===============     ]  4s
[  ]    210.4 MLBUps    242.78 GB/s [=================== ]  5s
[  ]    ---- :    183.7 MLBUps    211.98 GB/s [====================]
[  ]    211.0 MLBUps    243.53 GB/s [===                 ]  0s
[  ]    210.9 MLBUps    243.33 GB/s [=======             ]  1s
[  ]    211.6 MLBUps    244.13 GB/s [===========         ]  2s
[  ]    210.5 MLBUps    242.87 GB/s [===============     ]  3s
[  ]    210.4 MLBUps    242.80 GB/s [=================== ]  4s
[  ]    ---- :    187.8 MLBUps    216.68 GB/s [====================]
[  ]    211.4 MLBUps    243.96 GB/s [===                 ]  0s
[  ]    211.1 MLBUps    243.61 GB/s [=======             ]  1s
[  ]    211.4 MLBUps    243.90 GB/s [===========         ]  2s
[  ]    212.5 MLBUps    245.25 GB/s [===============     ]  3s
[  ]    213.1 MLBUps    245.97 GB/s [=================== ]  4s
[  ]    ---- :    187.6 MLBUps    216.47 GB/s [====================]
[  ]    213.2 MLBUps    246.00 GB/s [===                 ]  0s
[  ]    213.2 MLBUps    246.00 GB/s [=======             ]  1s
[  ]    213.0 MLBUps    245.86 GB/s [===========         ]  2s
[  ]    212.9 MLBUps    245.72 GB/s [===============     ]  3s
[  ]    212.7 MLBUps    245.43 GB/s [=================== ]  4s
[  ]    ---- :    176.7 MLBUps    203.92 GB/s [====================]
[  ]    ---- :   120000 it writing vtk
[  ]    172.4 MLBUps    198.96 GB/s [===                 ]  1s
[  ]    218.9 MLBUps    252.59 GB/s [=======             ]  2s
[  ]    219.0 MLBUps    252.78 GB/s [===========         ]  3s
[  ]    219.0 MLBUps    252.75 GB/s [===============     ]  4s
[  ]    218.7 MLBUps    252.40 GB/s [=================== ]  5s
[  ]    ---- :    198.3 MLBUps    228.87 GB/s [====================]
[  ]    214.0 MLBUps    246.93 GB/s [===                 ]  0s
[  ]    214.4 MLBUps    247.45 GB/s [=======             ]  1s
[  ]    214.5 MLBUps    247.50 GB/s [===========         ]  2s
[  ]    215.0 MLBUps    248.17 GB/s [===============     ]  3s
[  ]    215.0 MLBUps    248.10 GB/s [=================== ]  4s
[  ]    ---- :    165.6 MLBUps    191.09 GB/s [====================]
[  ]    214.0 MLBUps    246.94 GB/s [====                ]  1s
[  ]    213.5 MLBUps    246.35 GB/s [========            ]  2s
[  ]    214.8 MLBUps    247.91 GB/s [===========         ]  3s
[  ]    215.0 MLBUps    248.09 GB/s [===============     ]  4s
[  ]    213.7 MLBUps    246.65 GB/s [=================== ]  5s
[  ]    ---- :     96.8 MLBUps    111.73 GB/s [====================]
[  ]    214.3 MLBUps    247.32 GB/s [===                 ]  0s
[  ]    214.5 MLBUps    247.58 GB/s [=======             ]  1s
[  ]    213.5 MLBUps    246.41 GB/s [===========         ]  3s
[  ]    214.6 MLBUps    247.66 GB/s [===============     ]  3s
[  ]    214.4 MLBUps    247.37 GB/s [=================== ]  4s
[  ]    ---- :    133.8 MLBUps    154.36 GB/s [====================]
[  ]    214.7 MLBUps    247.80 GB/s [===                 ]  0s
[  ]    215.0 MLBUps    248.16 GB/s [=======             ]  1s
[  ]    213.4 MLBUps    246.24 GB/s [===========         ]  2s
[  ]    213.7 MLBUps    246.62 GB/s [===============     ]  3s
[  ]    213.6 MLBUps    246.54 GB/s [=================== ]  4s
[  ]    ---- :    153.1 MLBUps    176.66 GB/s [====================]
[  ]    214.4 MLBUps    247.43 GB/s [===                 ]  0s
[  ]    215.2 MLBUps    248.35 GB/s [=======             ]  1s
[  ]    214.9 MLBUps    247.98 GB/s [===========         ]  2s
[  ]    214.1 MLBUps    247.10 GB/s [===============     ]  3s
[  ]    214.6 MLBUps    247.70 GB/s [=================== ]  4s
[  ]    ---- :     97.2 MLBUps    112.22 GB/s [====================]
[  ]    213.8 MLBUps    246.70 GB/s [====                ]  1s
[  ]    213.3 MLBUps    246.15 GB/s [=======             ]  2s
[  ]    214.4 MLBUps    247.39 GB/s [===========         ]  2s
[  ]    208.0 MLBUps    240.01 GB/s [===============     ]  4s
[  ]    208.2 MLBUps    240.32 GB/s [=================== ]  5s
[  ]    ---- :    169.0 MLBUps    195.07 GB/s [====================]
[  ]    208.2 MLBUps    240.29 GB/s [===                 ]  1s
[  ]    208.2 MLBUps    240.26 GB/s [=======             ]  2s
[  ]    208.3 MLBUps    240.39 GB/s [===========         ]  3s
[  ]    208.4 MLBUps    240.54 GB/s [===============     ]  4s
[  ]    210.4 MLBUps    242.82 GB/s [=================== ]  5s
[  ]    ---- :    194.3 MLBUps    224.22 GB/s [====================]
[  ]    214.1 MLBUps    247.03 GB/s [===                 ]  0s
[  ]    215.1 MLBUps    248.23 GB/s [=======             ]  1s
[  ]    215.8 MLBUps    249.03 GB/s [===========         ]  2s
[  ]    216.0 MLBUps    249.27 GB/s [===============     ]  3s
[  ]    215.5 MLBUps    248.69 GB/s [=================== ]  4s
[  ]    ---- :    153.2 MLBUps    176.78 GB/s [====================]
[  ]    215.6 MLBUps    248.84 GB/s [====                ]  0s
[  ]    215.8 MLBUps    249.05 GB/s [========            ]  1s
[  ]    215.8 MLBUps    249.00 GB/s [============        ]  2s
[  ]    215.4 MLBUps    248.62 GB/s [================    ]  3s
[  ]    ---- :    212.8 MLBUps    245.62 GB/s [====================]
[  ]    215.8 MLBUps    249.02 GB/s [====                ]  0s
[  ]    215.6 MLBUps    248.79 GB/s [========            ]  1s
[  ]    215.4 MLBUps    248.62 GB/s [============        ]  2s
[  ]    215.1 MLBUps    248.27 GB/s [================    ]  3s
[  ]    ---- :    212.8 MLBUps    245.59 GB/s [====================]
[  ]    215.9 MLBUps    249.12 GB/s [====                ]  0s
[  ]    215.8 MLBUps    249.00 GB/s [========            ]  1s
[  ]    215.0 MLBUps    248.14 GB/s [============        ]  2s
[  ]    215.1 MLBUps    248.28 GB/s [================    ]  3s
[  ]    ---- :    212.9 MLBUps    245.69 GB/s [====================]
[  ]    215.6 MLBUps    248.86 GB/s [====                ]  0s
[  ]    215.3 MLBUps    248.46 GB/s [========            ]  1s
[  ]    215.1 MLBUps    248.24 GB/s [============        ]  2s
[  ]    215.4 MLBUps    248.61 GB/s [================    ]  3s
[  ]    ---- :    213.0 MLBUps    245.77 GB/s [====================]
[  ]    215.5 MLBUps    248.68 GB/s [====                ]  0s
[  ]    215.8 MLBUps    249.02 GB/s [========            ]  1s
[  ]    215.5 MLBUps    248.73 GB/s [============        ]  2s
[  ]    215.6 MLBUps    248.78 GB/s [================    ]  3s
[  ]    ---- :    213.2 MLBUps    245.98 GB/s [====================]
[  ]    215.8 MLBUps    249.03 GB/s [====                ]  0s
[  ]    215.7 MLBUps    248.89 GB/s [========            ]  1s
[  ]    215.6 MLBUps    248.79 GB/s [============        ]  2s
[  ]    215.7 MLBUps    248.94 GB/s [================    ]  3s
[  ]    ---- :    213.4 MLBUps    246.30 GB/s [====================]
[  ]    215.7 MLBUps    248.95 GB/s [====                ]  0s
[  ]    215.6 MLBUps    248.80 GB/s [========            ]  1s
[  ]    215.5 MLBUps    248.63 GB/s [============        ]  2s
[  ]    215.6 MLBUps    248.80 GB/s [================    ]  3s
[  ]    ---- :    213.0 MLBUps    245.81 GB/s [====================]
[  ]    215.5 MLBUps    248.72 GB/s [====                ]  0s
[  ]    215.6 MLBUps    248.75 GB/s [========            ]  1s
[  ]    215.4 MLBUps    248.56 GB/s [============        ]  2s
[  ]    215.6 MLBUps    248.83 GB/s [================    ]  3s
[  ]    ---- :    212.9 MLBUps    245.63 GB/s [====================]
[  ]    215.3 MLBUps    248.47 GB/s [====                ]  0s
[  ]    215.5 MLBUps    248.67 GB/s [========            ]  1s
[  ]    215.9 MLBUps    249.09 GB/s [============        ]  2s
[  ]    215.8 MLBUps    249.01 GB/s [================    ]  3s
[  ]    ---- :    212.6 MLBUps    245.35 GB/s [====================]
[  ]    212.8 MLBUps    245.59 GB/s [====                ]  1s
[  ]    209.1 MLBUps    241.34 GB/s [=======             ]  2s
[  ]    209.2 MLBUps    241.47 GB/s [===========         ]  3s
[  ]    209.3 MLBUps    241.59 GB/s [===============     ]  4s
[  ]    208.7 MLBUps    240.90 GB/s [=================== ]  5s
[  ]    ---- :    188.0 MLBUps    216.98 GB/s [====================]
[  ]    209.4 MLBUps    241.64 GB/s [===                 ]  0s
[  ]    209.1 MLBUps    241.35 GB/s [=======             ]  1s
[  ]    210.9 MLBUps    243.33 GB/s [===========         ]  2s
[  ]    212.2 MLBUps    244.83 GB/s [===============     ]  3s
[  ]    212.2 MLBUps    244.88 GB/s [=================== ]  4s
[  ]    ---- :    192.3 MLBUps    221.89 GB/s [====================]
[  ]    ---- :   140000 it writing vtk
[  ]    170.1 MLBUps    196.28 GB/s [===                 ]  1s
[  ]    213.8 MLBUps    246.71 GB/s [=======             ]  2s
[  ]    213.5 MLBUps    246.41 GB/s [===========         ]  3s
[  ]    214.5 MLBUps    247.58 GB/s [===============     ]  4s
[  ]    213.4 MLBUps    246.32 GB/s [=================== ]  5s
[  ]    ---- :    204.5 MLBUps    236.03 GB/s [====================]
[  ]    213.7 MLBUps    246.56 GB/s [===                 ]  0s
[  ]    213.4 MLBUps    246.24 GB/s [=======             ]  1s
[  ]    214.1 MLBUps    247.07 GB/s [===========         ]  2s
[  ]    213.7 MLBUps    246.66 GB/s [===============     ]  3s
[  ]    214.1 MLBUps    247.06 GB/s [=================== ]  4s
[  ]    ---- :    188.2 MLBUps    217.15 GB/s [====================]
[  ]    213.7 MLBUps    246.56 GB/s [===                 ]  0s
[  ]    214.0 MLBUps    246.93 GB/s [=======             ]  1s
[  ]    213.8 MLBUps    246.67 GB/s [===========         ]  2s
[  ]    213.7 MLBUps    246.59 GB/s [===============     ]  3s
[  ]    213.6 MLBUps    246.50 GB/s [=================== ]  4s
[  ]    ---- :    163.7 MLBUps    188.92 GB/s [====================]
[  ]    213.1 MLBUps    245.88 GB/s [===                 ]  0s
[  ]    213.5 MLBUps    246.39 GB/s [=======             ]  1s
[  ]    213.3 MLBUps    246.14 GB/s [===========         ]  2s
[  ]    213.6 MLBUps    246.52 GB/s [===============     ]  3s
[  ]    213.6 MLBUps    246.50 GB/s [=================== ]  4s
[  ]    ---- :    171.8 MLBUps    198.26 GB/s [====================]
[  ]    213.5 MLBUps    246.40 GB/s [===                 ]  0s
[  ]    213.8 MLBUps    246.77 GB/s [=======             ]  1s
[  ]    213.4 MLBUps    246.32 GB/s [===========         ]  2s
[  ]    213.5 MLBUps    246.38 GB/s [===============     ]  3s
[  ]    213.6 MLBUps    246.49 GB/s [=================== ]  4s
[  ]    ---- :    171.9 MLBUps    198.42 GB/s [====================]
[  ]    213.5 MLBUps    246.36 GB/s [===                 ]  0s
[  ]    213.3 MLBUps    246.19 GB/s [=======             ]  1s
[  ]    213.0 MLBUps    245.79 GB/s [===========         ]  2s
[  ]    213.6 MLBUps    246.44 GB/s [===============     ]  3s
[  ]    212.9 MLBUps    245.70 GB/s [=================== ]  4s
[  ]    ---- :    171.4 MLBUps    197.80 GB/s [====================]
[  ]    213.2 MLBUps    246.06 GB/s [===                 ]  0s
[  ]    212.8 MLBUps    245.62 GB/s [=======             ]  1s
[  ]    213.1 MLBUps    245.88 GB/s [===========         ]  2s
[  ]    213.2 MLBUps    246.03 GB/s [===============     ]  3s
[  ]    213.0 MLBUps    245.82 GB/s [=================== ]  4s
[  ]    ---- :    171.8 MLBUps    198.24 GB/s [====================]
[  ]    213.3 MLBUps    246.11 GB/s [===                 ]  0s
[  ]    212.7 MLBUps    245.51 GB/s [=======             ]  1s
[  ]    212.7 MLBUps    245.43 GB/s [===========         ]  2s
[  ]    212.8 MLBUps    245.59 GB/s [===============     ]  4s
[  ]    212.9 MLBUps    245.74 GB/s [=================== ]  4s
[  ]    ---- :    170.6 MLBUps    196.85 GB/s [====================]
[  ]    212.6 MLBUps    245.36 GB/s [===                 ]  1s
[  ]    212.7 MLBUps    245.45 GB/s [=======             ]  2s
[  ]    212.7 MLBUps    245.43 GB/s [===========         ]  3s
[  ]    212.8 MLBUps    245.55 GB/s [===============     ]  4s
[  ]    212.7 MLBUps    245.46 GB/s [=================== ]  5s
[  ]    ---- :    172.1 MLBUps    198.60 GB/s [====================]
[  ]    213.4 MLBUps    246.22 GB/s [===                 ]  0s
[  ]    213.8 MLBUps    246.68 GB/s [=======             ]  1s
[  ]    213.2 MLBUps    245.99 GB/s [===========         ]  2s
[  ]    213.6 MLBUps    246.45 GB/s [===============     ]  3s
[  ]    213.7 MLBUps    246.61 GB/s [=================== ]  4s
[  ]    ---- :    171.5 MLBUps    197.96 GB/s [====================]
[  ]    213.6 MLBUps    246.52 GB/s [===                 ]  0s
[  ]    213.2 MLBUps    246.08 GB/s [=======             ]  1s
[  ]    213.3 MLBUps    246.13 GB/s [===========         ]  2s
[  ]    213.1 MLBUps    245.97 GB/s [===============     ]  3s
[  ]    213.7 MLBUps    246.65 GB/s [=================== ]  4s
[  ]    ---- :    171.8 MLBUps    198.31 GB/s [====================]
[  ]    214.1 MLBUps    247.05 GB/s [===                 ]  0s
[  ]    213.3 MLBUps    246.20 GB/s [=======             ]  2s
[  ]    214.2 MLBUps    247.17 GB/s [===========         ]  2s
[  ]    213.4 MLBUps    246.28 GB/s [===============     ]  4s
[  ]    213.9 MLBUps    246.86 GB/s [=================== ]  4s
[  ]    ---- :    152.8 MLBUps    176.28 GB/s [====================]
[  ]    213.5 MLBUps    246.40 GB/s [===                 ]  0s
[  ]    213.9 MLBUps    246.84 GB/s [=======             ]  1s
[  ]    213.7 MLBUps    246.66 GB/s [===========         ]  2s
[  ]    213.1 MLBUps    245.89 GB/s [===============     ]  3s
[  ]    212.8 MLBUps    245.52 GB/s [=================== ]  4s
[  ]    ---- :    172.5 MLBUps    199.04 GB/s [====================]
[  ]    213.4 MLBUps    246.21 GB/s [===                 ]  0s
[  ]    213.5 MLBUps    246.33 GB/s [=======             ]  1s
[  ]    213.1 MLBUps    245.95 GB/s [===========         ]  2s
[  ]    212.6 MLBUps    245.39 GB/s [===============     ]  3s
[  ]    213.4 MLBUps    246.29 GB/s [=================== ]  4s
[  ]    ---- :    171.4 MLBUps    197.77 GB/s [====================]
[  ]    213.6 MLBUps    246.50 GB/s [===                 ]  0s
[  ]    213.8 MLBUps    246.76 GB/s [=======             ]  1s
[  ]    213.8 MLBUps    246.73 GB/s [===========         ]  2s
[  ]    213.2 MLBUps    246.05 GB/s [===============     ]  3s
[  ]    213.3 MLBUps    246.11 GB/s [=================== ]  4s
[  ]    ---- :    170.7 MLBUps    196.97 GB/s [====================]
[  ]    213.2 MLBUps    246.05 GB/s [===                 ]  0s
[  ]    213.2 MLBUps    246.06 GB/s [=======             ]  1s
[  ]    213.1 MLBUps    245.96 GB/s [===========         ]  2s
[  ]    213.2 MLBUps    246.00 GB/s [===============     ]  3s
[  ]    215.4 MLBUps    248.57 GB/s [=================== ]  4s
[  ]    ---- :    172.8 MLBUps    199.44 GB/s [====================]
[  ]    216.3 MLBUps    249.60 GB/s [===                 ]  0s
[  ]    215.8 MLBUps    249.07 GB/s [========            ]  1s
[  ]    216.1 MLBUps    249.32 GB/s [============        ]  2s
[  ]    216.2 MLBUps    249.44 GB/s [================    ]  3s
[  ]    ---- :    213.2 MLBUps    246.07 GB/s [====================]
[  ]    216.1 MLBUps    249.43 GB/s [====                ]  0s
[  ]    216.4 MLBUps    249.68 GB/s [========            ]  1s
[  ]    216.0 MLBUps    249.24 GB/s [============        ]  3s
[  ]    215.9 MLBUps    249.13 GB/s [================    ]  4s
[  ]    ---- :    213.6 MLBUps    246.51 GB/s [====================]
[  ]    215.9 MLBUps    249.12 GB/s [====                ]  0s
[  ]    216.0 MLBUps    249.31 GB/s [========            ]  1s
[  ]    216.1 MLBUps    249.34 GB/s [============        ]  2s
[  ]    216.2 MLBUps    249.50 GB/s [================    ]  3s
[  ]    ---- :    213.3 MLBUps    246.12 GB/s [====================]
[  ]    216.1 MLBUps    249.37 GB/s [====                ]  0s
[  ]    216.0 MLBUps    249.27 GB/s [========            ]  1s
[  ]    216.0 MLBUps    249.27 GB/s [============        ]  2s
[  ]    215.8 MLBUps    249.09 GB/s [================    ]  3s
[  ]    ---- :    213.3 MLBUps    246.18 GB/s [====================]
[  ]    ---- :   160000 it writing vtk
[  ]    172.0 MLBUps    198.52 GB/s [====                ]  1s
[  ]    217.7 MLBUps    251.22 GB/s [=======             ]  2s
[  ]    216.6 MLBUps    249.97 GB/s [===========         ]  3s
[  ]    212.9 MLBUps    245.65 GB/s [===============     ]  4s
[  ]    212.9 MLBUps    245.69 GB/s [=================== ]  5s
[  ]    ---- :    200.5 MLBUps    231.37 GB/s [====================]
[  ]    213.0 MLBUps    245.80 GB/s [===                 ]  0s
[  ]    212.6 MLBUps    245.33 GB/s [=======             ]  1s
[  ]    212.7 MLBUps    245.49 GB/s [===========         ]  2s
[  ]    212.5 MLBUps    245.18 GB/s [===============     ]  3s
[  ]    212.8 MLBUps    245.55 GB/s [=================== ]  4s
[  ]    ---- :    187.8 MLBUps    216.74 GB/s [====================]
[  ]    212.8 MLBUps    245.56 GB/s [===                 ]  1s
[  ]    212.6 MLBUps    245.32 GB/s [=======             ]  2s
[  ]    212.9 MLBUps    245.73 GB/s [===========         ]  3s
[  ]    213.0 MLBUps    245.79 GB/s [===============     ]  4s
[  ]    213.2 MLBUps    246.00 GB/s [=================== ]  4s
[  ]    ---- :    172.1 MLBUps    198.59 GB/s [====================]
[  ]    213.0 MLBUps    245.81 GB/s [===                 ]  0s
[  ]    213.2 MLBUps    246.00 GB/s [=======             ]  1s
[  ]    212.7 MLBUps    245.42 GB/s [===========         ]  2s
[  ]    212.8 MLBUps    245.59 GB/s [===============     ]  3s
[  ]    213.3 MLBUps    246.11 GB/s [=================== ]  4s
[  ]    ---- :    171.2 MLBUps    197.59 GB/s [====================]
[  ]    212.8 MLBUps    245.53 GB/s [===                 ]  1s
[  ]    212.7 MLBUps    245.50 GB/s [=======             ]  2s
[  ]    213.1 MLBUps    245.97 GB/s [===========         ]  3s
[  ]    213.2 MLBUps    245.98 GB/s [===============     ]  3s
[  ]    212.9 MLBUps    245.65 GB/s [=================== ]  4s
[  ]    ---- :    172.6 MLBUps    199.17 GB/s [====================]
[  ]    212.7 MLBUps    245.50 GB/s [===                 ]  1s
[  ]    213.4 MLBUps    246.28 GB/s [=======             ]  1s
[  ]    213.0 MLBUps    245.75 GB/s [===========         ]  2s
[  ]    212.7 MLBUps    245.40 GB/s [===============     ]  3s
[  ]    212.9 MLBUps    245.72 GB/s [=================== ]  4s
[  ]    ---- :    170.8 MLBUps    197.06 GB/s [====================]
[  ]    212.7 MLBUps    245.43 GB/s [===                 ]  1s
[  ]    213.2 MLBUps    245.98 GB/s [=======             ]  1s
[  ]    213.0 MLBUps    245.83 GB/s [===========         ]  2s
[  ]    212.7 MLBUps    245.44 GB/s [===============     ]  4s
[  ]    213.2 MLBUps    245.98 GB/s [=================== ]  4s
[  ]    ---- :    172.6 MLBUps    199.16 GB/s [====================]
[  ]    212.7 MLBUps    245.49 GB/s [===                 ]  1s
[  ]    212.7 MLBUps    245.41 GB/s [=======             ]  2s
[  ]    212.8 MLBUps    245.60 GB/s [===========         ]  3s
[  ]    212.7 MLBUps    245.41 GB/s [===============     ]  4s
[  ]    213.0 MLBUps    245.79 GB/s [=================== ]  5s
[  ]    ---- :    171.7 MLBUps    198.20 GB/s [====================]
[  ]    212.8 MLBUps    245.55 GB/s [===                 ]  1s
[  ]    212.3 MLBUps    244.99 GB/s [=======             ]  2s
[  ]    212.9 MLBUps    245.69 GB/s [===========         ]  3s
[  ]    212.5 MLBUps    245.24 GB/s [===============     ]  4s
[  ]    212.5 MLBUps    245.22 GB/s [=================== ]  5s
[  ]    ---- :    171.5 MLBUps    197.89 GB/s [====================]
[  ]    214.9 MLBUps    247.99 GB/s [===                 ]  0s
[  ]    215.2 MLBUps    248.28 GB/s [=======             ]  1s
[  ]    215.9 MLBUps    249.18 GB/s [===========         ]  2s
[  ]    215.7 MLBUps    248.95 GB/s [===============     ]  3s
[  ]    215.4 MLBUps    248.53 GB/s [=================== ]  4s
[  ]    ---- :     97.5 MLBUps    112.51 GB/s [====================]
[  ]    215.6 MLBUps    248.85 GB/s [====                ]  0s
[  ]    215.5 MLBUps    248.73 GB/s [========            ]  1s
[  ]    215.6 MLBUps    248.85 GB/s [============        ]  2s
[  ]    215.4 MLBUps    248.54 GB/s [================    ]  3s
[  ]    ---- :    213.1 MLBUps    245.91 GB/s [====================]
[  ]    215.6 MLBUps    248.83 GB/s [====                ]  0s
[  ]    215.6 MLBUps    248.80 GB/s [========            ]  1s
[  ]    214.9 MLBUps    248.05 GB/s [============        ]  2s
[  ]    215.3 MLBUps    248.42 GB/s [================    ]  3s
[  ]    ---- :    213.3 MLBUps    246.14 GB/s [====================]
[  ]    215.7 MLBUps    248.88 GB/s [====                ]  0s
[  ]    215.6 MLBUps    248.85 GB/s [========            ]  1s
[  ]    215.3 MLBUps    248.49 GB/s [============        ]  2s
[  ]    215.7 MLBUps    248.92 GB/s [================    ]  3s
[  ]    ---- :    213.0 MLBUps    245.76 GB/s [====================]
[  ]    215.6 MLBUps    248.85 GB/s [====                ]  0s
[  ]    215.8 MLBUps    249.00 GB/s [========            ]  1s
[  ]    215.3 MLBUps    248.46 GB/s [============        ]  2s
[  ]    215.2 MLBUps    248.34 GB/s [================    ]  3s
[  ]    ---- :    212.6 MLBUps    245.31 GB/s [====================]
[  ]    215.6 MLBUps    248.78 GB/s [====                ]  0s
[  ]    215.5 MLBUps    248.67 GB/s [========            ]  1s
[  ]    215.3 MLBUps    248.44 GB/s [============        ]  2s
[  ]    215.3 MLBUps    248.43 GB/s [================    ]  3s
[  ]    ---- :    212.9 MLBUps    245.73 GB/s [====================]
[  ]    215.4 MLBUps    248.56 GB/s [====                ]  0s
[  ]    215.3 MLBUps    248.46 GB/s [========            ]  1s
[  ]    215.5 MLBUps    248.66 GB/s [============        ]  2s
[  ]    215.5 MLBUps    248.63 GB/s [================    ]  3s
[  ]    ---- :    212.8 MLBUps    245.59 GB/s [====================]
[  ]    215.6 MLBUps    248.75 GB/s [====                ]  0s
[  ]    215.4 MLBUps    248.53 GB/s [========            ]  1s
[  ]    215.4 MLBUps    248.56 GB/s [============        ]  2s
[  ]    215.4 MLBUps    248.56 GB/s [================    ]  3s
[  ]    ---- :    212.3 MLBUps    245.03 GB/s [====================]
[  ]    215.0 MLBUps    248.15 GB/s [====                ]  1s
[  ]    215.2 MLBUps    248.30 GB/s [========            ]  1s
[  ]    215.6 MLBUps    248.77 GB/s [============        ]  2s
[  ]    215.2 MLBUps    248.38 GB/s [================    ]  3s
[  ]    ---- :    212.5 MLBUps    245.27 GB/s [====================]
[  ]    212.3 MLBUps    244.99 GB/s [====                ]  1s
[  ]    209.8 MLBUps    242.15 GB/s [=======             ]  2s
[  ]    210.1 MLBUps    242.45 GB/s [===========         ]  3s
[  ]    209.8 MLBUps    242.11 GB/s [===============     ]  4s
[  ]    209.7 MLBUps    241.95 GB/s [=================== ]  5s
[  ]    ---- :    179.3 MLBUps    206.92 GB/s [====================]
[  ]    210.1 MLBUps    242.49 GB/s [===                 ]  1s
[  ]    210.2 MLBUps    242.53 GB/s [=======             ]  2s
[  ]    209.9 MLBUps    242.18 GB/s [===========         ]  3s
[  ]    210.0 MLBUps    242.35 GB/s [===============     ]  4s
[  ]    210.3 MLBUps    242.66 GB/s [=================== ]  5s
[  ]    ---- :    187.4 MLBUps    216.24 GB/s [====================]
[  ]    ---- :   180000 it writing vtk
[  ]    170.5 MLBUps    196.77 GB/s [===                 ]  1s
[  ]    217.4 MLBUps    250.91 GB/s [=======             ]  2s
[  ]    217.0 MLBUps    250.37 GB/s [===========         ]  3s
[  ]    216.4 MLBUps    249.78 GB/s [===============     ]  4s
[  ]    216.4 MLBUps    249.73 GB/s [=================== ]  5s
[  ]    ---- :    199.1 MLBUps    229.74 GB/s [====================]
[  ]    210.5 MLBUps    242.94 GB/s [===                 ]  0s
[  ]    210.6 MLBUps    243.05 GB/s [=======             ]  1s
[  ]    210.3 MLBUps    242.67 GB/s [===========         ]  2s
[  ]    211.2 MLBUps    243.78 GB/s [===============     ]  3s
[  ]    211.4 MLBUps    243.92 GB/s [=================== ]  4s
[  ]    ---- :    192.7 MLBUps    222.34 GB/s [====================]
[  ]    210.9 MLBUps    243.43 GB/s [===                 ]  0s
[  ]    211.0 MLBUps    243.45 GB/s [=======             ]  1s
[  ]    211.1 MLBUps    243.60 GB/s [===========         ]  2s
[  ]    210.3 MLBUps    242.65 GB/s [===============     ]  3s
[  ]    210.3 MLBUps    242.72 GB/s [=================== ]  5s
[  ]    ---- :    189.7 MLBUps    218.91 GB/s [====================]
[  ]    211.1 MLBUps    243.60 GB/s [===                 ]  0s
[  ]    210.8 MLBUps    243.32 GB/s [=======             ]  1s
[  ]    210.5 MLBUps    242.91 GB/s [===========         ]  2s
[  ]    210.7 MLBUps    243.19 GB/s [===============     ]  3s
[  ]    212.3 MLBUps    244.96 GB/s [=================== ]  4s
[  ]    ---- :    189.8 MLBUps    218.98 GB/s [====================]
[  ]    212.5 MLBUps    245.22 GB/s [===                 ]  0s
[  ]    212.8 MLBUps    245.54 GB/s [=======             ]  1s
[  ]    213.1 MLBUps    245.87 GB/s [===========         ]  2s
[  ]    212.5 MLBUps    245.20 GB/s [===============     ]  3s
[  ]    212.6 MLBUps    245.37 GB/s [=================== ]  4s
[  ]    ---- :    177.9 MLBUps    205.32 GB/s [====================]
[  ]    212.6 MLBUps    245.37 GB/s [===                 ]  1s
[  ]    213.0 MLBUps    245.82 GB/s [=======             ]  2s
[  ]    212.8 MLBUps    245.62 GB/s [===========         ]  3s
[  ]    212.7 MLBUps    245.45 GB/s [===============     ]  4s
[  ]    212.8 MLBUps    245.61 GB/s [=================== ]  5s
[  ]    ---- :    171.6 MLBUps    198.05 GB/s [====================]
[  ]    212.4 MLBUps    245.17 GB/s [===                 ]  1s
[  ]    212.5 MLBUps    245.23 GB/s [=======             ]  2s
[  ]    212.3 MLBUps    244.96 GB/s [===========         ]  3s
[  ]    212.6 MLBUps    245.30 GB/s [===============     ]  4s
[  ]    214.1 MLBUps    247.09 GB/s [=================== ]  5s
[  ]    ---- :    173.2 MLBUps    199.82 GB/s [====================]
[  ]    215.5 MLBUps    248.70 GB/s [===                 ]  0s
[  ]    215.1 MLBUps    248.27 GB/s [=======             ]  1s
[  ]    215.2 MLBUps    248.31 GB/s [===========         ]  2s
[  ]    215.0 MLBUps    248.13 GB/s [===============     ]  3s
[  ]    215.0 MLBUps    248.13 GB/s [=================== ]  4s
[  ]    ---- :     97.3 MLBUps    112.24 GB/s [====================]
[  ]    215.4 MLBUps    248.56 GB/s [====                ]  0s
[  ]    215.2 MLBUps    248.37 GB/s [========            ]  1s
[  ]    215.0 MLBUps    248.17 GB/s [============        ]  2s
[  ]    214.9 MLBUps    247.95 GB/s [================    ]  3s
[  ]    ---- :    212.5 MLBUps    245.17 GB/s [====================]
[  ]    215.4 MLBUps    248.56 GB/s [====                ]  0s
[  ]    214.5 MLBUps    247.52 GB/s [========            ]  2s
[  ]    215.1 MLBUps    248.24 GB/s [============        ]  3s
[  ]    215.3 MLBUps    248.43 GB/s [================    ]  3s
[  ]    ---- :    212.6 MLBUps    245.34 GB/s [====================]
[  ]    215.3 MLBUps    248.42 GB/s [====                ]  0s
[  ]    214.9 MLBUps    248.04 GB/s [========            ]  1s
[  ]    215.2 MLBUps    248.31 GB/s [============        ]  2s
[  ]    215.1 MLBUps    248.22 GB/s [================    ]  3s
[  ]    ---- :    212.7 MLBUps    245.48 GB/s [====================]
[  ]    215.6 MLBUps    248.83 GB/s [====                ]  0s
[  ]    215.6 MLBUps    248.75 GB/s [========            ]  1s
[  ]    215.2 MLBUps    248.33 GB/s [============        ]  2s
[  ]    215.2 MLBUps    248.36 GB/s [================    ]  3s
[  ]    ---- :    212.4 MLBUps    245.11 GB/s [====================]
[  ]    215.3 MLBUps    248.51 GB/s [====                ]  0s
[  ]    215.3 MLBUps    248.41 GB/s [========            ]  1s
[  ]    215.3 MLBUps    248.46 GB/s [============        ]  2s
[  ]    214.7 MLBUps    247.74 GB/s [================    ]  3s
[  ]    ---- :    212.3 MLBUps    245.03 GB/s [====================]
[  ]    215.1 MLBUps    248.28 GB/s [====                ]  0s
[  ]    215.5 MLBUps    248.65 GB/s [========            ]  1s
[  ]    215.3 MLBUps    248.46 GB/s [============        ]  2s
[  ]    215.4 MLBUps    248.58 GB/s [================    ]  3s
[  ]    ---- :    212.7 MLBUps    245.50 GB/s [====================]
[  ]    215.2 MLBUps    248.39 GB/s [====                ]  0s
[  ]    215.0 MLBUps    248.11 GB/s [========            ]  1s
[  ]    214.7 MLBUps    247.73 GB/s [============        ]  3s
[  ]    214.8 MLBUps    247.93 GB/s [================    ]  4s
[  ]    ---- :    212.4 MLBUps    245.13 GB/s [====================]
[  ]    215.2 MLBUps    248.39 GB/s [====                ]  0s
[  ]    215.0 MLBUps    248.12 GB/s [========            ]  1s
[  ]    215.2 MLBUps    248.39 GB/s [============        ]  2s
[  ]    215.0 MLBUps    248.13 GB/s [================    ]  3s
[  ]    ---- :    213.2 MLBUps    246.03 GB/s [====================]
[  ]    215.5 MLBUps    248.74 GB/s [====                ]  0s
[  ]    215.6 MLBUps    248.79 GB/s [========            ]  1s
[  ]    215.4 MLBUps    248.52 GB/s [============        ]  2s
[  ]    215.5 MLBUps    248.64 GB/s [================    ]  3s
[  ]    ---- :    212.5 MLBUps    245.24 GB/s [====================]
[  ]    215.6 MLBUps    248.80 GB/s [====                ]  0s
[  ]    215.5 MLBUps    248.71 GB/s [========            ]  1s
[  ]    214.5 MLBUps    247.51 GB/s [============        ]  2s
[  ]    215.3 MLBUps    248.49 GB/s [================    ]  3s
[  ]    ---- :    212.8 MLBUps    245.52 GB/s [====================]
[  ]    215.5 MLBUps    248.66 GB/s [====                ]  0s
[  ]    215.3 MLBUps    248.50 GB/s [========            ]  1s
[  ]    215.2 MLBUps    248.34 GB/s [============        ]  2s
[  ]    215.4 MLBUps    248.55 GB/s [================    ]  3s
[  ]    ---- :    212.9 MLBUps    245.70 GB/s [====================]
[  ]    215.6 MLBUps    248.79 GB/s [====                ]  0s
[  ]    215.6 MLBUps    248.75 GB/s [========            ]  1s
[  ]    215.5 MLBUps    248.64 GB/s [============        ]  2s
[  ]    215.5 MLBUps    248.73 GB/s [================    ]  3s
[  ]    ---- :    212.9 MLBUps    245.69 GB/s [====================]
[  ]    ---- :   200000 it writing vtk
[  ]    ---- : Total duration: 1009.329657 s = 16.822161 min = 0.280369 h
