step,group,bin,active_count,limiter_count,limiter_fraction,normal_limiter_count,normal_limiter_fraction,ratio_cap_selected_count,ratio_cap_selected_fraction,abs_cap_selected_count,abs_cap_selected_fraction,raw_delta_p95,raw_delta_p99,limiter_ratio_p50,cap_demand_ratio_p50,cap_demand_ratio_p95,cap_demand_ratio_p99,normal_raw_abs_p50,normal_raw_abs_p95
0,region,none_or_unknown,0,0,nan,0,nan,0,nan,0,nan,nan,nan,nan,nan,nan,nan,nan,nan
0,region,sphere_upper,780,0,0.0,728,0.9333333333333333,608,0.7794871794871795,172,0.2205128205128205,0.7527197806345167,0.8271105440830034,0.08956631935725307,11.1649111761677,40.678143443613834,47.0883538794094,0.040044763133777514,0.16113051123820465
0,region,sphere_lower90,0,0,nan,0,nan,0,nan,0,nan,nan,nan,nan,nan,nan,nan,nan,nan
0,region,sphere_bottom120,0,0,nan,0,nan,0,nan,0,nan,nan,nan,nan,nan,nan,nan,nan,nan
0,region,outer_or_other_wall,0,0,nan,0,nan,0,nan,0,nan,nan,nan,nan,nan,nan,nan,nan,nan
0,theta_zone,sphere11,780,0,0.0,728,0.9333333333333333,608,0.7794871794871795,172,0.2205128205128205,0.7527197806345167,0.8271105440830034,0.08956631935725307,11.1649111761677,40.678143443613834,47.0883538794094,0.040044763133777514,0.16113051123820465
0,theta_zone,outer90,0,0,nan,0,nan,0,nan,0,nan,nan,nan,nan,nan,nan,nan,nan,nan
0,theta_zone,fallback,0,0,nan,0,nan,0,nan,0,nan,nan,nan,nan,nan,nan,nan,nan,nan
0,c_bin,c_0_0p05,216,0,0.0,164,0.7592592592592593,216,1.0,0,0.0,0.05951944926555565,0.06298618780181821,0.44612310129790184,2.246224973900441,8.67838699771755,9.107249229385264,0.008109033702823985,0.013515143930597964
0,c_bin,c_0p05_0p10,152,0,0.0,152,1.0,152,1.0,0,0.0,0.2505731300499455,0.2515586313145287,0.04867701785249973,20.55402874531839,47.58728390983885,48.73066522957327,0.02375822467805094,0.039628435157096645
0,c_bin,c_0p10_0p30,248,0,0.0,248,1.0,196,0.7903225806451613,52,0.20967741935483872,0.561291661926076,0.569088797952202,0.0808984173100114,12.361207309907751,40.69566387525879,40.75280127099015,0.05144022268361406,0.1294408911267939
0,c_bin,c_0p30_0p70,164,0,0.0,164,1.0,44,0.2682926829268293,120,0.7317073170731707,0.8265574081139027,0.8291913889191439,0.08606377042181979,11.619291080308859,28.379333290179098,28.465557960359025,0.1368249198453946,0.16925353354578526
0,c_bin,c_0p70_0p90,0,0,nan,0,nan,0,nan,0,nan,nan,nan,nan,nan,nan,nan,nan,nan
0,c_bin,c_0p90_0p95,0,0,nan,0,nan,0,nan,0,nan,nan,nan,nan,nan,nan,nan,nan,nan
0,c_bin,c_0p95_1,0,0,nan,0,nan,0,nan,0,nan,nan,nan,nan,nan,nan,nan,nan,nan
0,tangent_bin,t_0_0p005,4,0,0.0,4,1.0,0,0.0,4,1.0,0.09327678743513121,0.09327678743513121,0.536039044384673,1.865535748702624,1.865535748702624,1.865535748702624,0.1678865092950575,0.1678865092950575
0,tangent_bin,t_0p005_0p01,0,0,nan,0,nan,0,nan,0,nan,nan,nan,nan,nan,nan,nan,nan,nan
0,tangent_bin,t_0p01_0p02,196,0,0.0,144,0.7346938775510204,176,0.8979591836734694,20,0.10204081632653061,0.24501535906842808,0.2610104794815701,0.5267358825285762,1.8984846735702472,5.4274297227646535,6.710800232514261,0.008109033702823983,0.16925353354578526
0,tangent_bin,t_0p02_0p05,264,0,0.0,264,1.0,244,0.9242424242424242,20,0.07575757575757576,0.3409228847318749,0.3758441553214259,0.0739659765098058,13.51972957279119,44.96087748133389,48.73066522957327,0.026163064670867923,0.13801269474803923
0,tangent_bin,t_0p05_0p10,240,0,0.0,240,1.0,136,0.5666666666666667,104,0.43333333333333335,0.582035426896938,0.6066496953186229,0.08300380661007742,12.047640232906993,40.69566387525879,40.75280127099015,0.09558608592731696,0.15646940393814918
0,tangent_bin,t_0p10_inf,76,0,0.0,76,1.0,52,0.6842105263157895,24,0.3157894736842105,0.8291913889191439,0.8291913889191439,0.051451375139253956,19.43582649236263,28.465557960359025,28.465557960359025,0.08181923211708304,0.14152898003061126
0,normal_raw_abs_bin,normal_raw_abs_0_1e-4,0,0,nan,0,nan,0,nan,0,nan,nan,nan,nan,nan,nan,nan,nan,nan
0,normal_raw_abs_bin,normal_raw_abs_1e-4_1e-3,0,0,nan,0,nan,0,nan,0,nan,nan,nan,nan,nan,nan,nan,nan,nan
0,normal_raw_abs_bin,normal_raw_abs_1e-3_1e-2,164,0,0.0,112,0.6829268292682927,164,1.0,0,0.0,0.19232364918832495,0.21704322221629196,0.5643930065419932,1.7718150090607045,46.65179010278346,48.73066522957327,0.007364746890210363,0.009641712769362213
0,normal_raw_abs_bin,normal_raw_abs_1e-2_5e-2,308,0,0.0,308,1.0,308,1.0,0,0.0,0.5571740459408384,0.569088797952202,0.07277926583200693,13.740177076095472,40.689531724183055,40.75280127099015,0.026088639560861528,0.04844697948645729
0,normal_raw_abs_bin,normal_raw_abs_5e-2_inf,308,0,0.0,308,1.0,136,0.44155844155844154,172,0.5584415584415584,0.8193467036007727,0.8291913889191439,0.08956631935725307,11.1649111761677,25.920651535785716,28.465557960359025,0.12372983822095972,0.16860443989278928
0,cap_source,abs_cap_selected,172,0,0.0,172,1.0,0,0.0,172,1.0,0.6930499700679371,0.7372050152619702,0.10622803518388253,9.413710780482601,13.860999401358741,14.744100305239405,0.13801269474803923,0.16925353354578526
0,cap_source,ratio_cap_selected,608,0,0.0,556,0.9144736842105263,608,1.0,0,0.0,0.795112199582985,0.8291913889191439,0.08006297921185208,12.491171824226432,40.69566387525879,48.73066522957327,0.024957467054652866,0.09358543193663263
0,cap_source,none_or_inactive,0,0,nan,0,nan,0,nan,0,nan,nan,nan,nan,nan,nan,nan,nan,nan
0,limiter_class,none,52,0,0.0,0,0.0,52,1.0,0,0.0,0.0027557207935594917,0.0027557207935594917,1.0,0.31145190441846765,0.82306730601664,0.82306730601664,0.004341341112939642,0.0074406572540935126
0,limiter_class,abs_cap_limiter,172,0,0.0,172,1.0,0,0.0,172,1.0,0.6930499700679371,0.7372050152619702,0.10622803518388253,9.413710780482601,13.860999401358741,14.744100305239405,0.13801269474803923,0.16925353354578526
0,limiter_class,ratio_cap_limiter,556,0,0.0,556,1.0,556,1.0,0,0.0,0.795112199582985,0.8291913889191439,0.07495845295341423,13.340723568848038,40.70994822419163,48.73066522957327,0.02649656962679735,0.0945857589319748
0,limiter_class,secondary_vector_safety,0,0,nan,0,nan,0,nan,0,nan,nan,nan,nan,nan,nan,nan,nan,nan
0,limiter_class,inactive_or_fallback,0,0,nan,0,nan,0,nan,0,nan,nan,nan,nan,nan,nan,nan,nan,nan
0,normal_agreement_bin,normal_0_0p5,0,0,nan,0,nan,0,nan,0,nan,nan,nan,nan,nan,nan,nan,nan,nan
0,normal_agreement_bin,normal_0p5_0p9,0,0,nan,0,nan,0,nan,0,nan,nan,nan,nan,nan,nan,nan,nan,nan
0,normal_agreement_bin,normal_0p9_0p99,180,0,0.0,172,0.9555555555555556,132,0.7333333333333333,48,0.26666666666666666,0.5495270448253978,0.795112199582985,0.1029887945788812,9.709794197407367,28.326213000050966,28.3647242841418,0.044265876013052874,0.1562253217342782
0,normal_agreement_bin,normal_0p99_1p01,600,0,0.0,556,0.9266666666666666,476,0.7933333333333333,124,0.20666666666666667,0.7527197806345167,0.8291913889191439,0.08606377042181979,11.619291080308859,40.69566387525879,48.73066522957327,0.03573345696357212,0.1678865092950575
0,c_x_tangent:c_0_0p05,t_0_0p005,0,0,nan,0,nan,0,nan,0,nan,nan,nan,nan,nan,nan,nan,nan,nan
0,c_x_tangent:c_0_0p05,t_0p005_0p01,0,0,nan,0,nan,0,nan,0,nan,nan,nan,nan,nan,nan,nan,nan,nan
0,c_x_tangent:c_0_0p05,t_0p01_0p02,176,0,0.0,124,0.7045454545454546,176,1.0,0,0.0,0.030940881490612176,0.0336384194496077,0.5391215396243569,1.8548693133217582,5.427429722764655,6.710800232514261,0.007808131716680728,0.012475623772628924
0,c_x_tangent:c_0_0p05,t_0p02_0p05,40,0,0.0,40,1.0,40,1.0,0,0.0,0.06298618780181821,0.06298618780181821,0.11831264259994592,8.452182100110214,9.107249229385264,9.107249229385266,0.01307078520998666,0.014904124652259182
0,c_x_tangent:c_0_0p05,t_0p05_0p10,0,0,nan,0,nan,0,nan,0,nan,nan,nan,nan,nan,nan,nan,nan,nan
0,c_x_tangent:c_0_0p05,t_0p10_inf,0,0,nan,0,nan,0,nan,0,nan,nan,nan,nan,nan,nan,nan,nan,nan
0,c_x_tangent:c_0p05_0p10,t_0_0p005,0,0,nan,0,nan,0,nan,0,nan,nan,nan,nan,nan,nan,nan,nan,nan
0,c_x_tangent:c_0p05_0p10,t_0p005_0p01,0,0,nan,0,nan,0,nan,0,nan,nan,nan,nan,nan,nan,nan,nan,nan
0,c_x_tangent:c_0p05_0p10,t_0p01_0p02,0,0,nan,0,nan,0,nan,0,nan,nan,nan,nan,nan,nan,nan,nan,nan
0,c_x_tangent:c_0p05_0p10,t_0p02_0p05,152,0,0.0,152,1.0,152,1.0,0,0.0,0.2505731300499455,0.2515586313145287,0.04867701785249973,20.55402874531839,47.58728390983885,48.73066522957327,0.02375822467805094,0.039628435157096645
0,c_x_tangent:c_0p05_0p10,t_0p05_0p10,0,0,nan,0,nan,0,nan,0,nan,nan,nan,nan,nan,nan,nan,nan,nan
0,c_x_tangent:c_0p05_0p10,t_0p10_inf,0,0,nan,0,nan,0,nan,0,nan,nan,nan,nan,nan,nan,nan,nan,nan
0,c_x_tangent:c_0p10_0p30,t_0_0p005,0,0,nan,0,nan,0,nan,0,nan,nan,nan,nan,nan,nan,nan,nan,nan
0,c_x_tangent:c_0p10_0p30,t_0p005_0p01,0,0,nan,0,nan,0,nan,0,nan,nan,nan,nan,nan,nan,nan,nan,nan
0,c_x_tangent:c_0p10_0p30,t_0p01_0p02,0,0,nan,0,nan,0,nan,0,nan,nan,nan,nan,nan,nan,nan,nan,nan
0,c_x_tangent:c_0p10_0p30,t_0p02_0p05,64,0,0.0,64,1.0,52,0.8125,12,0.1875,0.37559919970205413,0.37584415532142595,0.09068035507007947,11.027746850210075,14.010581408956956,14.010581408956956,0.04810446778481477,0.1395947347214494
0,c_x_tangent:c_0p10_0p30,t_0p05_0p10,176,0,0.0,176,1.0,136,0.7727272727272727,40,0.22727272727272727,0.5605277861249538,0.561291661926076,0.07934498065367801,12.603191679695058,40.69566387525879,40.75280127099015,0.05844408535181048,0.1276714206573494
0,c_x_tangent:c_0p10_0p30,t_0p10_inf,8,0,0.0,8,1.0,8,1.0,0,0.0,0.569088797952202,0.569088797952202,0.04320061955510979,23.147816172504857,23.147816172504857,23.147816172504857,0.049169977306815646,0.049169977306815646
0,c_x_tangent:c_0p30_0p70,t_0_0p005,4,0,0.0,4,1.0,0,0.0,4,1.0,0.09327678743513121,0.09327678743513121,0.536039044384673,1.865535748702624,1.865535748702624,1.865535748702624,0.1678865092950575,0.1678865092950575
0,c_x_tangent:c_0p30_0p70,t_0p005_0p01,0,0,nan,0,nan,0,nan,0,nan,nan,nan,nan,nan,nan,nan,nan,nan
0,c_x_tangent:c_0p30_0p70,t_0p01_0p02,20,0,0.0,20,1.0,0,0.0,20,1.0,0.2610104794815701,0.2610104794815701,0.2040688395621597,4.900307181368562,5.220209589631401,5.220209589631401,0.16925353354578526,0.16983277472446984
0,c_x_tangent:c_0p30_0p70,t_0p02_0p05,8,0,0.0,8,1.0,0,0.0,8,1.0,0.3409228847318749,0.3409228847318749,0.14666073249768324,6.818457694637496,6.818457694637497,6.818457694637497,0.16822935094255806,0.16822935094255806
0,c_x_tangent:c_0p30_0p70,t_0p05_0p10,64,0,0.0,64,1.0,0,0.0,64,1.0,0.6060095427676319,0.6066496953186229,0.09478242414352624,10.550479258535628,12.120190855352638,12.132993906372457,0.13965787907618202,0.16113051123820465
0,c_x_tangent:c_0p30_0p70,t_0p10_inf,68,0,0.0,68,1.0,44,0.6470588235294118,24,0.35294117647058826,0.8291913889191439,0.8291913889191439,0.06593083404939325,15.16741012635806,28.465557960359025,28.465557960359025,0.09925488588542003,0.14152898003061126
0,c_x_tangent:c_0p70_0p90,t_0_0p005,0,0,nan,0,nan,0,nan,0,nan,nan,nan,nan,nan,nan,nan,nan,nan
0,c_x_tangent:c_0p70_0p90,t_0p005_0p01,0,0,nan,0,nan,0,nan,0,nan,nan,nan,nan,nan,nan,nan,nan,nan
0,c_x_tangent:c_0p70_0p90,t_0p01_0p02,0,0,nan,0,nan,0,nan,0,nan,nan,nan,nan,nan,nan,nan,nan,nan
0,c_x_tangent:c_0p70_0p90,t_0p02_0p05,0,0,nan,0,nan,0,nan,0,nan,nan,nan,nan,nan,nan,nan,nan,nan
0,c_x_tangent:c_0p70_0p90,t_0p05_0p10,0,0,nan,0,nan,0,nan,0,nan,nan,nan,nan,nan,nan,nan,nan,nan
0,c_x_tangent:c_0p70_0p90,t_0p10_inf,0,0,nan,0,nan,0,nan,0,nan,nan,nan,nan,nan,nan,nan,nan,nan
0,c_x_tangent:c_0p90_0p95,t_0_0p005,0,0,nan,0,nan,0,nan,0,nan,nan,nan,nan,nan,nan,nan,nan,nan
0,c_x_tangent:c_0p90_0p95,t_0p005_0p01,0,0,nan,0,nan,0,nan,0,nan,nan,nan,nan,nan,nan,nan,nan,nan
0,c_x_tangent:c_0p90_0p95,t_0p01_0p02,0,0,nan,0,nan,0,nan,0,nan,nan,nan,nan,nan,nan,nan,nan,nan
0,c_x_tangent:c_0p90_0p95,t_0p02_0p05,0,0,nan,0,nan,0,nan,0,nan,nan,nan,nan,nan,nan,nan,nan,nan
0,c_x_tangent:c_0p90_0p95,t_0p05_0p10,0,0,nan,0,nan,0,nan,0,nan,nan,nan,nan,nan,nan,nan,nan,nan
0,c_x_tangent:c_0p90_0p95,t_0p10_inf,0,0,nan,0,nan,0,nan,0,nan,nan,nan,nan,nan,nan,nan,nan,nan
0,c_x_tangent:c_0p95_1,t_0_0p005,0,0,nan,0,nan,0,nan,0,nan,nan,nan,nan,nan,nan,nan,nan,nan
0,c_x_tangent:c_0p95_1,t_0p005_0p01,0,0,nan,0,nan,0,nan,0,nan,nan,nan,nan,nan,nan,nan,nan,nan
0,c_x_tangent:c_0p95_1,t_0p01_0p02,0,0,nan,0,nan,0,nan,0,nan,nan,nan,nan,nan,nan,nan,nan,nan
0,c_x_tangent:c_0p95_1,t_0p02_0p05,0,0,nan,0,nan,0,nan,0,nan,nan,nan,nan,nan,nan,nan,nan,nan
0,c_x_tangent:c_0p95_1,t_0p05_0p10,0,0,nan,0,nan,0,nan,0,nan,nan,nan,nan,nan,nan,nan,nan,nan
0,c_x_tangent:c_0p95_1,t_0p10_inf,0,0,nan,0,nan,0,nan,0,nan,nan,nan,nan,nan,nan,nan,nan,nan
100,region,none_or_unknown,0,0,nan,0,nan,0,nan,0,nan,nan,nan,nan,nan,nan,nan,nan,nan
100,region,sphere_upper,832,0,0.0,720,0.8653846153846154,764,0.9182692307692307,68,0.08173076923076923,0.442876850988228,0.4710410040784808,0.10604085802675325,9.433090440218002,34.028787112139256,52.52535010726582,0.036847815003337614,0.10693458520657538
100,region,sphere_lower90,0,0,nan,0,nan,0,nan,0,nan,nan,nan,nan,nan,nan,nan,nan,nan
100,region,sphere_bottom120,0,0,nan,0,nan,0,nan,0,nan,nan,nan,nan,nan,nan,nan,nan,nan
100,region,outer_or_other_wall,0,0,nan,0,nan,0,nan,0,nan,nan,nan,nan,nan,nan,nan,nan,nan
100,theta_zone,sphere11,832,0,0.0,720,0.8653846153846154,764,0.9182692307692307,68,0.08173076923076923,0.442876850988228,0.4710410040784808,0.10604085802675325,9.433090440218002,34.028787112139256,52.52535010726582,0.036847815003337614,0.10693458520657538
100,theta_zone,outer90,0,0,nan,0,nan,0,nan,0,nan,nan,nan,nan,nan,nan,nan,nan,nan
100,theta_zone,fallback,0,0,nan,0,nan,0,nan,0,nan,nan,nan,nan,nan,nan,nan,nan,nan
100,c_bin,c_0_0p05,192,0,0.0,80,0.4166666666666667,192,1.0,0,0.0,0.04940889605330758,0.08272748062603098,1.0,0.7937419887568962,3.6770155822717188,52.52533657608509,0.015271109934339746,0.02478538099197399
100,c_bin,c_0p05_0p10,196,0,0.0,196,1.0,196,1.0,0,0.0,0.17850563030261618,0.18526010017762487,0.08717787718638903,11.470800073073224,45.92556795213911,54.55870671585478,0.027612034488925984,0.053924393251679976
100,c_bin,c_0p10_0p30,212,0,0.0,212,1.0,180,0.8490566037735849,32,0.1509433962264151,0.35053111781641233,0.3736059443317985,0.10422597714386471,9.594537056915136,26.38472671782553,39.07998658200019,0.04862515076696705,0.10693458702322241
100,c_bin,c_0p30_0p70,180,0,0.0,180,1.0,144,0.8,36,0.2,0.47104100407848065,0.4782053378160367,0.08754518589556498,11.422672643506942,15.978302947369398,16.858851669826894,0.07160201850960615,0.13466218171060104
100,c_bin,c_0p70_0p90,52,0,0.0,52,1.0,52,1.0,0,0.0,0.36292257203143646,0.3629225755295076,0.07804123482348777,12.813738817200708,15.067390628234929,15.067391426877844,0.0430873230031293,0.05345320241264097
100,c_bin,c_0p90_0p95,0,0,nan,0,nan,0,nan,0,nan,nan,nan,nan,nan,nan,nan,nan,nan
100,c_bin,c_0p95_1,0,0,nan,0,nan,0,nan,0,nan,nan,nan,nan,nan,nan,nan,nan,nan
100,tangent_bin,t_0_0p005,0,0,nan,0,nan,0,nan,0,nan,nan,nan,nan,nan,nan,nan,nan,nan
100,tangent_bin,t_0p005_0p01,32,0,0.0,0,0.0,32,1.0,0,0.0,0.001728304908220452,0.0017283054595920366,1.0,0.05901124016037592,0.20303950376025123,0.20303956680576496,0.014402740508266933,0.017024322851575638
100,tangent_bin,t_0p01_0p02,164,0,0.0,84,0.5121951219512195,164,1.0,0,0.0,0.04535213441288453,0.049029518312899194,0.7838727958621935,1.2757171894198538,2.939575261000207,3.551564758057963,0.017007188951642237,0.03085625023796434
100,tangent_bin,t_0p02_0p05,228,0,0.0,228,1.0,228,1.0,0,0.0,0.19347864318928198,0.2050806327495291,0.09365494629102461,10.677492642968232,50.21541817659222,54.55870580151804,0.02813071675067175,0.05392439233531106
100,tangent_bin,t_0p05_0p10,356,0,0.0,356,1.0,304,0.8539325842696629,52,0.14606741573033707,0.4099581228406128,0.41758629662522334,0.07642403551352936,13.084888717018481,25.834732497853157,39.07998553542157,0.055622222442824505,0.12725226384642457
100,tangent_bin,t_0p10_inf,52,0,0.0,52,1.0,36,0.6923076923076923,16,0.3076923076923077,0.4782053363107294,0.47820534347885885,0.09617924712401946,10.397253356647077,11.686840639276028,11.686841355294408,0.08902279481678982,0.11801372361294526
100,normal_raw_abs_bin,normal_raw_abs_0_1e-4,0,0,nan,0,nan,0,nan,0,nan,nan,nan,nan,nan,nan,nan,nan,nan
100,normal_raw_abs_bin,normal_raw_abs_1e-4_1e-3,0,0,nan,0,nan,0,nan,0,nan,nan,nan,nan,nan,nan,nan,nan,nan
100,normal_raw_abs_bin,normal_raw_abs_1e-3_1e-2,100,0,0.0,60,0.6,100,1.0,0,0.0,0.14655828684423608,0.1465582933894228,0.735739819964925,1.3591761283870134,54.55869099569624,54.55872408825292,0.0060125271472236275,0.009884815545210169
100,normal_raw_abs_bin,normal_raw_abs_1e-2_5e-2,424,0,0.0,352,0.8301886792452831,424,1.0,0,0.0,0.3399606914885869,0.4148608647306491,0.10422597939994648,9.594536849231218,26.384726264879593,39.079984679129986,0.027612034879127743,0.04818091487705401
100,normal_raw_abs_bin,normal_raw_abs_5e-2_inf,308,0,0.0,308,1.0,240,0.7792207792207793,68,0.22077922077922077,0.4680195958050622,0.4777038340964778,0.09828636717655265,10.17435101862796,14.582450563725784,15.978301875274772,0.0716020150572266,0.12725226695962322
100,cap_source,abs_cap_selected,68,0,0.0,68,1.0,0,0.0,68,1.0,0.44423013556384505,0.4442301396747612,0.1760475434398045,5.680283748701825,8.884602711276901,8.884602793495224,0.11046906036271334,0.13497761725551644
100,cap_source,ratio_cap_selected,764,0,0.0,652,0.8534031413612565,764,1.0,0,0.0,0.4175862968512116,0.47104100426626977,0.09979536401612901,10.020505560141846,34.02879480781905,53.2776839809935,0.033861670837536176,0.0868678384265698
100,cap_source,none_or_inactive,0,0,nan,0,nan,0,nan,0,nan,nan,nan,nan,nan,nan,nan,nan,nan
100,limiter_class,none,112,0,0.0,0,0.0,112,1.0,0,0.0,0.006120500981457889,0.006120505475044355,1.0,0.37556179994386585,0.8940155680448911,0.8940167378970107,0.014402740508266933,0.018999166997463162
100,limiter_class,abs_cap_limiter,68,0,0.0,68,1.0,0,0.0,68,1.0,0.44423013556384505,0.4442301396747612,0.1760475434398045,5.680283748701825,8.884602711276901,8.884602793495224,0.11046906036271334,0.13497761725551644
100,limiter_class,ratio_cap_limiter,652,0,0.0,652,1.0,652,1.0,0,0.0,0.4428768516263307,0.47104100458601844,0.08717787718638903,11.470800073073224,39.07998467912998,54.55868490112444,0.038542536427579474,0.08686784271835282
100,limiter_class,secondary_vector_safety,0,0,nan,0,nan,0,nan,0,nan,nan,nan,nan,nan,nan,nan,nan,nan
100,limiter_class,inactive_or_fallback,0,0,nan,0,nan,0,nan,0,nan,nan,nan,nan,nan,nan,nan,nan,nan
100,normal_agreement_bin,normal_0_0p5,0,0,nan,0,nan,0,nan,0,nan,nan,nan,nan,nan,nan,nan,nan,nan
100,normal_agreement_bin,normal_0p5_0p9,0,0,nan,0,nan,0,nan,0,nan,nan,nan,nan,nan,nan,nan,nan,nan
100,normal_agreement_bin,normal_0p9_0p99,220,0,0.0,172,0.7818181818181819,220,1.0,0,0.0,0.45159348473993327,0.4710410045860185,0.1750795659058506,5.711688824598481,20.91337583963696,45.925566534281735,0.05209691287364435,0.08902279411579185
100,normal_agreement_bin,normal_0p99_1p01,612,0,0.0,548,0.8954248366013072,544,0.8888888888888888,68,0.1111111111111111,0.41758629685121146,0.46801959690830125,0.09365494629102461,10.677492642968232,34.028794807819025,54.558684901124494,0.03378068535449932,0.11046906277322062
100,c_x_tangent:c_0_0p05,t_0_0p005,0,0,nan,0,nan,0,nan,0,nan,nan,nan,nan,nan,nan,nan,nan,nan
100,c_x_tangent:c_0_0p05,t_0p005_0p01,32,0,0.0,0,0.0,32,1.0,0,0.0,0.001728304908220452,0.0017283054595920366,1.0,0.05901124016037592,0.20303950376025123,0.20303956680576496,0.014402740508266933,0.017024322851575638
100,c_x_tangent:c_0_0p05,t_0p01_0p02,140,0,0.0,60,0.42857142857142855,140,1.0,0,0.0,0.02898732932130591,0.02898733346869633,1.0,0.8915927657974421,2.8400906773450467,2.840091189480725,0.010322478717969374,0.020412959859280197
100,c_x_tangent:c_0_0p05,t_0p02_0p05,20,0,0.0,20,1.0,20,1.0,0,0.0,0.08272748137082983,0.0827274813708299,0.27195968506870616,3.677015583200747,52.52535010726579,52.52535010726583,0.020611201874393054,0.028130717185848607
100,c_x_tangent:c_0_0p05,t_0p05_0p10,0,0,nan,0,nan,0,nan,0,nan,nan,nan,nan,nan,nan,nan,nan,nan
100,c_x_tangent:c_0_0p05,t_0p10_inf,0,0,nan,0,nan,0,nan,0,nan,nan,nan,nan,nan,nan,nan,nan,nan
100,c_x_tangent:c_0p05_0p10,t_0_0p005,0,0,nan,0,nan,0,nan,0,nan,nan,nan,nan,nan,nan,nan,nan,nan
100,c_x_tangent:c_0p05_0p10,t_0p005_0p01,0,0,nan,0,nan,0,nan,0,nan,nan,nan,nan,nan,nan,nan,nan,nan
100,c_x_tangent:c_0p05_0p10,t_0p01_0p02,24,0,0.0,24,1.0,24,1.0,0,0.0,0.04902951935269642,0.04902951967763316,0.3401852184086297,2.939575107578025,3.55156480415685,3.5515648185627593,0.030856248851182596,0.0322535331619802
100,c_x_tangent:c_0p05_0p10,t_0p02_0p05,172,0,0.0,172,1.0,172,1.0,0,0.0,0.17850563164067915,0.1852601005252165,0.054341708097339875,18.40207153975996,45.925572205711134,54.558711104671154,0.019400601045083128,0.05392439474745523
100,c_x_tangent:c_0p05_0p10,t_0p05_0p10,0,0,nan,0,nan,0,nan,0,nan,nan,nan,nan,nan,nan,nan,nan,nan
100,c_x_tangent:c_0p05_0p10,t_0p10_inf,0,0,nan,0,nan,0,nan,0,nan,nan,nan,nan,nan,nan,nan,nan,nan
100,c_x_tangent:c_0p10_0p30,t_0_0p005,0,0,nan,0,nan,0,nan,0,nan,nan,nan,nan,nan,nan,nan,nan,nan
100,c_x_tangent:c_0p10_0p30,t_0p005_0p01,0,0,nan,0,nan,0,nan,0,nan,nan,nan,nan,nan,nan,nan,nan,nan
100,c_x_tangent:c_0p10_0p30,t_0p01_0p02,0,0,nan,0,nan,0,nan,0,nan,nan,nan,nan,nan,nan,nan,nan,nan
100,c_x_tangent:c_0p10_0p30,t_0p02_0p05,24,0,0.0,24,1.0,24,1.0,0,0.0,0.20508063337717747,0.20508063348793917,0.10785573607625379,9.27164410887709,9.709569719839394,9.709569730563395,0.04224299124070494,0.04862515090122468
100,c_x_tangent:c_0p10_0p30,t_0p05_0p10,188,0,0.0,188,1.0,156,0.8297872340425532,32,0.1702127659574468,0.35053113215032056,0.3736059458358655,0.08205657409684389,12.186713995880382,26.384727134769452,39.07998666002943,0.054048629460746456,0.10693458790458141
100,c_x_tangent:c_0p10_0p30,t_0p10_inf,0,0,nan,0,nan,0,nan,0,nan,nan,nan,nan,nan,nan,nan,nan,nan
100,c_x_tangent:c_0p30_0p70,t_0_0p005,0,0,nan,0,nan,0,nan,0,nan,nan,nan,nan,nan,nan,nan,nan,nan
100,c_x_tangent:c_0p30_0p70,t_0p005_0p01,0,0,nan,0,nan,0,nan,0,nan,nan,nan,nan,nan,nan,nan,nan,nan
100,c_x_tangent:c_0p30_0p70,t_0p01_0p02,0,0,nan,0,nan,0,nan,0,nan,nan,nan,nan,nan,nan,nan,nan,nan
100,c_x_tangent:c_0p30_0p70,t_0p02_0p05,0,0,nan,0,nan,0,nan,0,nan,nan,nan,nan,nan,nan,nan,nan,nan
100,c_x_tangent:c_0p30_0p70,t_0p05_0p10,128,0,0.0,128,1.0,108,0.84375,20,0.15625,0.41758628949392207,0.4175863045684271,0.07609279199137692,13.142098265521952,16.858850459043328,16.858852461490045,0.06171146565071117,0.13497761426486213
100,c_x_tangent:c_0p30_0p70,t_0p10_inf,52,0,0.0,52,1.0,36,0.6923076923076923,16,0.3076923076923077,0.4782053363107294,0.47820534347885885,0.09617924712401946,10.397253356647077,11.686840639276028,11.686841355294408,0.08902279481678982,0.11801372361294526
100,c_x_tangent:c_0p70_0p90,t_0_0p005,0,0,nan,0,nan,0,nan,0,nan,nan,nan,nan,nan,nan,nan,nan,nan
100,c_x_tangent:c_0p70_0p90,t_0p005_0p01,0,0,nan,0,nan,0,nan,0,nan,nan,nan,nan,nan,nan,nan,nan,nan
100,c_x_tangent:c_0p70_0p90,t_0p01_0p02,0,0,nan,0,nan,0,nan,0,nan,nan,nan,nan,nan,nan,nan,nan,nan
100,c_x_tangent:c_0p70_0p90,t_0p02_0p05,12,0,0.0,12,1.0,12,1.0,0,0.0,0.18379872924708104,0.18379872924708104,0.09365494629102461,10.677492642968232,10.67749309568528,10.67749309568528,0.034427318284336206,0.03442731904511017
100,c_x_tangent:c_0p70_0p90,t_0p05_0p10,40,0,0.0,40,1.0,40,1.0,0,0.0,0.3629225722063408,0.36292257552950763,0.07532973994086475,13.274969497903731,15.067390668167072,15.067391426877872,0.04563028519171013,0.0534532024339696
100,c_x_tangent:c_0p70_0p90,t_0p10_inf,0,0,nan,0,nan,0,nan,0,nan,nan,nan,nan,nan,nan,nan,nan,nan
100,c_x_tangent:c_0p90_0p95,t_0_0p005,0,0,nan,0,nan,0,nan,0,nan,nan,nan,nan,nan,nan,nan,nan,nan
100,c_x_tangent:c_0p90_0p95,t_0p005_0p01,0,0,nan,0,nan,0,nan,0,nan,nan,nan,nan,nan,nan,nan,nan,nan
100,c_x_tangent:c_0p90_0p95,t_0p01_0p02,0,0,nan,0,nan,0,nan,0,nan,nan,nan,nan,nan,nan,nan,nan,nan
100,c_x_tangent:c_0p90_0p95,t_0p02_0p05,0,0,nan,0,nan,0,nan,0,nan,nan,nan,nan,nan,nan,nan,nan,nan
100,c_x_tangent:c_0p90_0p95,t_0p05_0p10,0,0,nan,0,nan,0,nan,0,nan,nan,nan,nan,nan,nan,nan,nan,nan
100,c_x_tangent:c_0p90_0p95,t_0p10_inf,0,0,nan,0,nan,0,nan,0,nan,nan,nan,nan,nan,nan,nan,nan,nan
100,c_x_tangent:c_0p95_1,t_0_0p005,0,0,nan,0,nan,0,nan,0,nan,nan,nan,nan,nan,nan,nan,nan,nan
100,c_x_tangent:c_0p95_1,t_0p005_0p01,0,0,nan,0,nan,0,nan,0,nan,nan,nan,nan,nan,nan,nan,nan,nan
100,c_x_tangent:c_0p95_1,t_0p01_0p02,0,0,nan,0,nan,0,nan,0,nan,nan,nan,nan,nan,nan,nan,nan,nan
100,c_x_tangent:c_0p95_1,t_0p02_0p05,0,0,nan,0,nan,0,nan,0,nan,nan,nan,nan,nan,nan,nan,nan,nan
100,c_x_tangent:c_0p95_1,t_0p05_0p10,0,0,nan,0,nan,0,nan,0,nan,nan,nan,nan,nan,nan,nan,nan,nan
100,c_x_tangent:c_0p95_1,t_0p10_inf,0,0,nan,0,nan,0,nan,0,nan,nan,nan,nan,nan,nan,nan,nan,nan
200,region,none_or_unknown,0,0,nan,0,nan,0,nan,0,nan,nan,nan,nan,nan,nan,nan,nan,nan
200,region,sphere_upper,840,0,0.0,728,0.8666666666666667,772,0.919047619047619,68,0.08095238095238096,0.5143648719534109,0.576379316875823,0.11885909874498493,8.413367668971839,21.72955899831884,24.410405539450238,0.04186497764595848,0.11131274827084986
200,region,sphere_lower90,0,0,nan,0,nan,0,nan,0,nan,nan,nan,nan,nan,nan,nan,nan,nan
200,region,sphere_bottom120,0,0,nan,0,nan,0,nan,0,nan,nan,nan,nan,nan,nan,nan,nan,nan
200,region,outer_or_other_wall,0,0,nan,0,nan,0,nan,0,nan,nan,nan,nan,nan,nan,nan,nan,nan
200,theta_zone,sphere11,840,0,0.0,728,0.8666666666666667,772,0.919047619047619,68,0.08095238095238096,0.5143648719534109,0.576379316875823,0.11885909874498493,8.413367668971839,21.72955899831884,24.410405539450238,0.04186497764595848,0.11131274827084986
200,theta_zone,outer90,0,0,nan,0,nan,0,nan,0,nan,nan,nan,nan,nan,nan,nan,nan,nan
200,theta_zone,fallback,0,0,nan,0,nan,0,nan,0,nan,nan,nan,nan,nan,nan,nan,nan,nan
200,c_bin,c_0_0p05,192,0,0.0,80,0.4166666666666667,192,1.0,0,0.0,0.047127538501488944,0.07135945124029033,1.0,0.9246917513636839,3.863190114267677,21.51387263394784,0.01569224549834307,0.024398249059107167
200,c_bin,c_0p05_0p10,180,0,0.0,180,1.0,180,1.0,0,0.0,0.16562475066192808,0.17612345173469565,0.11463901130520976,8.723034058080325,24.410405539450206,25.545186154243574,0.03152570605265441,0.05259092958920641
200,c_bin,c_0p10_0p30,216,0,0.0,216,1.0,176,0.8148148148148148,40,0.18518518518518517,0.34268302903637315,0.3575861059835593,0.12170657911156618,8.218160912127848,15.359137617706725,20.435234727435926,0.057922824950777455,0.111646245079073
200,c_bin,c_0p30_0p70,184,0,0.0,184,1.0,156,0.8478260869565217,28,0.15217391304347827,0.576379316795421,0.5852816743761549,0.09224048941019533,10.841226086225321,13.880060262252696,14.384257898548784,0.08428821402477477,0.11658675820911756
200,c_bin,c_0p70_0p90,52,0,0.0,52,1.0,52,1.0,0,0.0,0.4579480030686086,0.45794800779505046,0.05934551780843985,16.850472233267542,23.117362331075928,23.11736316180167,0.04241016909598498,0.059784399059217
200,c_bin,c_0p90_0p95,12,0,0.0,12,1.0,12,1.0,0,0.0,0.2261142188077078,0.22611421880770807,0.055689912154177984,17.95657348554424,21.84811396696421,21.848113966964316,0.018004096133181324,0.02069874113602599
200,c_bin,c_0p95_1,4,0,0.0,4,1.0,4,1.0,0,0.0,0.031830971758502864,0.031830971758502864,0.2173802697007118,4.600233504985585,4.600234106649375,4.600234106649384,0.013838848312353907,0.013838848641417345
200,tangent_bin,t_0_0p005,0,0,nan,0,nan,0,nan,0,nan,nan,nan,nan,nan,nan,nan,nan,nan
200,tangent_bin,t_0p005_0p01,28,0,0.0,0,0.0,28,1.0,0,0.0,0.002109723938219981,0.002109724031498007,1.0,0.0847390247309707,0.23866180112599658,0.23866181369907968,0.01569224412727762,0.017679611429895787
200,tangent_bin,t_0p01_0p02,172,0,0.0,88,0.5116279069767442,172,1.0,0,0.0,0.0429601163806662,0.048588806772893796,0.9580811548581134,1.043752916889613,2.9854313558447765,4.600233252286819,0.019281837766580046,0.034259702648180505
200,tangent_bin,t_0p02_0p05,236,0,0.0,236,1.0,236,1.0,0,0.0,0.19529016109019634,0.226114208909602,0.11463901506033193,8.72303377234812,24.41040327351423,25.545185594386854,0.031525708036110364,0.05892464737171632
200,tangent_bin,t_0p05_0p10,296,0,0.0,296,1.0,244,0.8243243243243243,52,0.17567567567567569,0.43616949385147324,0.4579480030686084,0.09453444957498311,10.585152291387768,21.729558991320197,23.117362331075874,0.06518283041246818,0.11568243017152327
200,tangent_bin,t_0p10_inf,108,0,0.0,108,1.0,92,0.8518518518518519,16,0.14814814814814814,0.5763793219399107,0.5852816786819486,0.08827594891255622,11.328113855684215,14.384257435641578,14.38425797946634,0.09116125279551834,0.11790694535639665
200,normal_raw_abs_bin,normal_raw_abs_0_1e-4,0,0,nan,0,nan,0,nan,0,nan,nan,nan,nan,nan,nan,nan,nan,nan
200,normal_raw_abs_bin,normal_raw_abs_1e-4_1e-3,0,0,nan,0,nan,0,nan,0,nan,nan,nan,nan,nan,nan,nan,nan,nan
200,normal_raw_abs_bin,normal_raw_abs_1e-3_1e-2,64,0,0.0,28,0.4375,64,1.0,0,0.0,0.10042267071262595,0.1004226761940412,1.0,0.9254097932398813,25.545185329178288,25.54518826037115,0.008150765952409917,0.009994271674220354
200,normal_raw_abs_bin,normal_raw_abs_1e-2_5e-2,404,0,0.0,328,0.8118811881188119,404,1.0,0,0.0,0.3383845910221349,0.3933093359337739,0.2173802697007118,4.600233504985585,23.11736197846542,24.410402644639774,0.023165020948629156,0.047533444889362196
200,normal_raw_abs_bin,normal_raw_abs_5e-2_inf,372,0,0.0,372,1.0,304,0.8172043010752689,68,0.1827956989247312,0.5405764841672105,0.5789610039444182,0.1045919852950026,9.560962029542623,14.384257880448798,16.594447797200004,0.08042961747177527,0.1156824316811376
200,cap_source,abs_cap_selected,68,0,0.0,68,1.0,0,0.0,68,1.0,0.47212139379258933,0.47212139550753196,0.18647554623416504,5.362633440120126,9.442427875851786,9.442427910150638,0.11164624398780933,0.11790694613899663
200,cap_source,ratio_cap_selected,772,0,0.0,660,0.8549222797927462,772,1.0,0,0.0,0.5143648802514774,0.5763793182857674,0.10877992074651069,9.19287303334496,21.729560056937096,24.73948747177859,0.03838644064503434,0.09358807048394599
200,cap_source,none_or_inactive,0,0,nan,0,nan,0,nan,0,nan,nan,nan,nan,nan,nan,nan,nan,nan
200,limiter_class,none,112,0,0.0,0,0.0,112,1.0,0,0.0,0.00934785437812775,0.009347860031020186,1.0,0.4233011567580782,0.9402942110946318,0.9402946376498446,0.015109243774253298,0.021779452272987745
200,limiter_class,abs_cap_limiter,68,0,0.0,68,1.0,0,0.0,68,1.0,0.47212139379258933,0.47212139550753196,0.18647554623416504,5.362633440120126,9.442427875851786,9.442427910150638,0.11164624398780933,0.11790694613899663
200,limiter_class,ratio_cap_limiter,660,0,0.0,660,1.0,660,1.0,0,0.0,0.5232222393372749,0.5763793217376997,0.09433661157341208,10.600338334410147,21.848113966964114,25.545170823341216,0.045272810204754696,0.09358807249942372
200,limiter_class,secondary_vector_safety,0,0,nan,0,nan,0,nan,0,nan,nan,nan,nan,nan,nan,nan,nan,nan
200,limiter_class,inactive_or_fallback,0,0,nan,0,nan,0,nan,0,nan,nan,nan,nan,nan,nan,nan,nan,nan
200,normal_agreement_bin,normal_0_0p5,0,0,nan,0,nan,0,nan,0,nan,nan,nan,nan,nan,nan,nan,nan,nan
200,normal_agreement_bin,normal_0p5_0p9,0,0,nan,0,nan,0,nan,0,nan,nan,nan,nan,nan,nan,nan,nan,nan
200,normal_agreement_bin,normal_0p9_0p99,220,0,0.0,180,0.8181818181818182,212,0.9636363636363636,8,0.03636363636363636,0.5300881623253761,0.540576487206016,0.1881001434799253,5.316317050586001,16.850472614878225,24.410405160137653,0.052590929525542895,0.09485065581071198
200,normal_agreement_bin,normal_0p99_1p01,620,0,0.0,548,0.8838709677419355,560,0.9032258064516129,60,0.0967741935483871,0.5132948796509973,0.5763793217376998,0.1087799177764007,9.192873284345737,21.729560056937064,25.545170823341227,0.03714012960068449,0.11164624507907299
200,c_x_tangent:c_0_0p05,t_0_0p005,0,0,nan,0,nan,0,nan,0,nan,nan,nan,nan,nan,nan,nan,nan,nan
200,c_x_tangent:c_0_0p05,t_0p005_0p01,28,0,0.0,0,0.0,28,1.0,0,0.0,0.002109723938219981,0.002109724031498007,1.0,0.0847390247309707,0.23866180112599658,0.23866181369907968,0.01569224412727762,0.017679611429895787
200,c_x_tangent:c_0_0p05,t_0p01_0p02,152,0,0.0,68,0.4473684210526316,152,1.0,0,0.0,0.03143663271211676,0.03635125915369085,1.0,0.9328519745495926,2.5519289208534657,2.9854314043322967,0.016210539814033382,0.02435243285323555
200,c_x_tangent:c_0_0p05,t_0p02_0p05,12,0,0.0,12,1.0,12,1.0,0,0.0,0.07135945478996351,0.07135945478996353,0.25885336666405545,3.8631910138445997,21.513873447105585,21.513873447105592,0.024398249092574306,0.024398251372635793
200,c_x_tangent:c_0_0p05,t_0p05_0p10,0,0,nan,0,nan,0,nan,0,nan,nan,nan,nan,nan,nan,nan,nan,nan
200,c_x_tangent:c_0_0p05,t_0p10_inf,0,0,nan,0,nan,0,nan,0,nan,nan,nan,nan,nan,nan,nan,nan,nan
200,c_x_tangent:c_0p05_0p10,t_0_0p005,0,0,nan,0,nan,0,nan,0,nan,nan,nan,nan,nan,nan,nan,nan,nan
200,c_x_tangent:c_0p05_0p10,t_0p005_0p01,0,0,nan,0,nan,0,nan,0,nan,nan,nan,nan,nan,nan,nan,nan,nan
200,c_x_tangent:c_0p05_0p10,t_0p01_0p02,16,0,0.0,16,1.0,16,1.0,0,0.0,0.048588807681361014,0.04858880768136103,0.3821436121884762,2.6326081866913156,2.836499164645195,2.8364991646451987,0.03481824304303742,0.03537678970579317
200,c_x_tangent:c_0p05_0p10,t_0p02_0p05,164,0,0.0,164,1.0,164,1.0,0,0.0,0.16562475066192817,0.17612345215026967,0.08140252535527617,12.284631166362018,24.410405539450252,25.545186580801055,0.026964545586619322,0.05259092958920641
200,c_x_tangent:c_0p05_0p10,t_0p05_0p10,0,0,nan,0,nan,0,nan,0,nan,nan,nan,nan,nan,nan,nan,nan,nan
200,c_x_tangent:c_0p05_0p10,t_0p10_inf,0,0,nan,0,nan,0,nan,0,nan,nan,nan,nan,nan,nan,nan,nan,nan
200,c_x_tangent:c_0p10_0p30,t_0_0p005,0,0,nan,0,nan,0,nan,0,nan,nan,nan,nan,nan,nan,nan,nan,nan
200,c_x_tangent:c_0p10_0p30,t_0p005_0p01,0,0,nan,0,nan,0,nan,0,nan,nan,nan,nan,nan,nan,nan,nan,nan
200,c_x_tangent:c_0p10_0p30,t_0p01_0p02,0,0,nan,0,nan,0,nan,0,nan,nan,nan,nan,nan,nan,nan,nan,nan
200,c_x_tangent:c_0p10_0p30,t_0p02_0p05,48,0,0.0,48,1.0,48,1.0,0,0.0,0.20378811256851254,0.2037881156295558,0.13138779399578288,7.611166625921701,9.51985867153136,9.519858711364082,0.05034742154093941,0.06000806252307206
200,c_x_tangent:c_0p10_0p30,t_0p05_0p10,168,0,0.0,168,1.0,128,0.7619047619047619,40,0.23809523809523808,0.34268303023075386,0.35758610728807494,0.11700587708312743,8.548137219475974,15.359137634344572,20.435234790248405,0.0641600566054164,0.1116462467690039
200,c_x_tangent:c_0p10_0p30,t_0p10_inf,0,0,nan,0,nan,0,nan,0,nan,nan,nan,nan,nan,nan,nan,nan,nan
200,c_x_tangent:c_0p30_0p70,t_0_0p005,0,0,nan,0,nan,0,nan,0,nan,nan,nan,nan,nan,nan,nan,nan,nan
200,c_x_tangent:c_0p30_0p70,t_0p005_0p01,0,0,nan,0,nan,0,nan,0,nan,nan,nan,nan,nan,nan,nan,nan,nan
200,c_x_tangent:c_0p30_0p70,t_0p01_0p02,0,0,nan,0,nan,0,nan,0,nan,nan,nan,nan,nan,nan,nan,nan,nan
200,c_x_tangent:c_0p30_0p70,t_0p02_0p05,0,0,nan,0,nan,0,nan,0,nan,nan,nan,nan,nan,nan,nan,nan,nan
200,c_x_tangent:c_0p30_0p70,t_0p05_0p10,76,0,0.0,76,1.0,64,0.8421052631578947,12,0.15789473684210525,0.4341386544235102,0.4341386573310586,0.10034121368024729,9.965994662837687,11.684137861336579,11.684138149700358,0.08226127432506808,0.1165867563156835
200,c_x_tangent:c_0p30_0p70,t_0p10_inf,108,0,0.0,108,1.0,92,0.8518518518518519,16,0.14814814814814814,0.5763793219399107,0.5852816786819486,0.08827594891255622,11.328113855684215,14.384257435641578,14.38425797946634,0.09116125279551834,0.11790694535639665
200,c_x_tangent:c_0p70_0p90,t_0_0p005,0,0,nan,0,nan,0,nan,0,nan,nan,nan,nan,nan,nan,nan,nan,nan
200,c_x_tangent:c_0p70_0p90,t_0p005_0p01,0,0,nan,0,nan,0,nan,0,nan,nan,nan,nan,nan,nan,nan,nan,nan
200,c_x_tangent:c_0p70_0p90,t_0p01_0p02,0,0,nan,0,nan,0,nan,0,nan,nan,nan,nan,nan,nan,nan,nan,nan
200,c_x_tangent:c_0p70_0p90,t_0p02_0p05,0,0,nan,0,nan,0,nan,0,nan,nan,nan,nan,nan,nan,nan,nan,nan
200,c_x_tangent:c_0p70_0p90,t_0p05_0p10,52,0,0.0,52,1.0,52,1.0,0,0.0,0.4579480030686086,0.45794800779505046,0.05934551780843985,16.850472233267542,23.117362331075928,23.11736316180167,0.04241016909598498,0.059784399059217
200,c_x_tangent:c_0p70_0p90,t_0p10_inf,0,0,nan,0,nan,0,nan,0,nan,nan,nan,nan,nan,nan,nan,nan,nan
200,c_x_tangent:c_0p90_0p95,t_0_0p005,0,0,nan,0,nan,0,nan,0,nan,nan,nan,nan,nan,nan,nan,nan,nan
200,c_x_tangent:c_0p90_0p95,t_0p005_0p01,0,0,nan,0,nan,0,nan,0,nan,nan,nan,nan,nan,nan,nan,nan,nan
200,c_x_tangent:c_0p90_0p95,t_0p01_0p02,0,0,nan,0,nan,0,nan,0,nan,nan,nan,nan,nan,nan,nan,nan,nan
200,c_x_tangent:c_0p90_0p95,t_0p02_0p05,12,0,0.0,12,1.0,12,1.0,0,0.0,0.2261142188077078,0.22611421880770807,0.055689912154177984,17.95657348554424,21.84811396696421,21.848113966964316,0.018004096133181324,0.02069874113602599
200,c_x_tangent:c_0p90_0p95,t_0p05_0p10,0,0,nan,0,nan,0,nan,0,nan,nan,nan,nan,nan,nan,nan,nan,nan
200,c_x_tangent:c_0p90_0p95,t_0p10_inf,0,0,nan,0,nan,0,nan,0,nan,nan,nan,nan,nan,nan,nan,nan,nan
200,c_x_tangent:c_0p95_1,t_0_0p005,0,0,nan,0,nan,0,nan,0,nan,nan,nan,nan,nan,nan,nan,nan,nan
200,c_x_tangent:c_0p95_1,t_0p005_0p01,0,0,nan,0,nan,0,nan,0,nan,nan,nan,nan,nan,nan,nan,nan,nan
200,c_x_tangent:c_0p95_1,t_0p01_0p02,4,0,0.0,4,1.0,4,1.0,0,0.0,0.031830971758502864,0.031830971758502864,0.2173802697007118,4.600233504985585,4.600234106649375,4.600234106649384,0.013838848312353907,0.013838848641417345
200,c_x_tangent:c_0p95_1,t_0p02_0p05,0,0,nan,0,nan,0,nan,0,nan,nan,nan,nan,nan,nan,nan,nan,nan
200,c_x_tangent:c_0p95_1,t_0p05_0p10,0,0,nan,0,nan,0,nan,0,nan,nan,nan,nan,nan,nan,nan,nan,nan
200,c_x_tangent:c_0p95_1,t_0p10_inf,0,0,nan,0,nan,0,nan,0,nan,nan,nan,nan,nan,nan,nan,nan,nan
300,region,none_or_unknown,0,0,nan,0,nan,0,nan,0,nan,nan,nan,nan,nan,nan,nan,nan,nan
300,region,sphere_upper,848,0,0.0,732,0.8632075471698113,776,0.9150943396226415,72,0.08490566037735849,0.5719591140289453,0.6360582832854509,0.12223291316217814,8.181102569920787,17.901979961764532,25.727166190175826,0.045065219941382496,0.10678713974929077
300,region,sphere_lower90,0,0,nan,0,nan,0,nan,0,nan,nan,nan,nan,nan,nan,nan,nan,nan
300,region,sphere_bottom120,0,0,nan,0,nan,0,nan,0,nan,nan,nan,nan,nan,nan,nan,nan,nan
300,region,outer_or_other_wall,0,0,nan,0,nan,0,nan,0,nan,nan,nan,nan,nan,nan,nan,nan,nan
300,theta_zone,sphere11,848,0,0.0,732,0.8632075471698113,776,0.9150943396226415,72,0.08490566037735849,0.5719591140289453,0.6360582832854509,0.12223291316217814,8.181102569920787,17.901979961764532,25.727166190175826,0.045065219941382496,0.10678713974929077
300,theta_zone,outer90,0,0,nan,0,nan,0,nan,0,nan,nan,nan,nan,nan,nan,nan,nan,nan
300,theta_zone,fallback,0,0,nan,0,nan,0,nan,0,nan,nan,nan,nan,nan,nan,nan,nan,nan
300,c_bin,c_0_0p05,200,0,0.0,88,0.44,200,1.0,0,0.0,0.051035202137314085,0.06255149291478246,1.0,0.849074456503005,3.932087270864644,13.679693180879942,0.01592588850535332,0.026040737067705228
300,c_bin,c_0p05_0p10,172,0,0.0,172,1.0,172,1.0,0,0.0,0.16638045369354207,0.17724321666238585,0.09860472714850128,10.141501618821735,17.653525890264742,17.901982022158546,0.03184935019246654,0.05075790182906576
300,c_bin,c_0p10_0p30,224,0,0.0,224,1.0,184,0.8214285714285714,40,0.17857142857142858,0.37211205869721853,0.40274372607508757,0.12590131752620842,7.94272863579711,12.864575020300386,14.417480581010324,0.06519380614947637,0.11175919050030698
300,c_bin,c_0p30_0p70,160,0,0.0,160,1.0,136,0.85,24,0.15,0.6360582833253484,0.6393086472815487,0.08471461880305066,11.804338072096586,16.0269649935967,16.132443102782975,0.08870182964856468,0.1017618371822139
300,c_bin,c_0p70_0p90,60,0,0.0,60,1.0,52,0.8666666666666667,8,0.13333333333333333,0.4477377715788985,0.44773777209840077,0.06411037752011284,15.598098758446369,22.60801957373393,22.608019736113082,0.05318006206881206,0.10149185403442644
300,c_bin,c_0p90_0p95,20,0,0.0,20,1.0,20,1.0,0,0.0,0.26807732033104276,0.2680773203310434,0.038869419049564646,25.727166097461918,27.981254563038934,27.981254563040405,0.015853144839367117,0.02084001947836533
300,c_bin,c_0p95_1,12,0,0.0,8,0.6666666666666666,12,1.0,0,0.0,0.061785376154667414,0.061785376154667414,0.09531802299828293,10.491195353663755,10.49119707236407,10.491197072364136,0.011778517939187383,0.011778518120741526
300,tangent_bin,t_0_0p005,0,0,nan,0,nan,0,nan,0,nan,nan,nan,nan,nan,nan,nan,nan,nan
300,tangent_bin,t_0p005_0p01,40,0,0.0,0,0.0,40,1.0,0,0.0,0.002813241505463259,0.002813242474479639,1.0,0.06391008721681389,0.3027468356861963,0.30274696970880227,0.015336900578216923,0.018584779087572303
300,tangent_bin,t_0p01_0p02,168,0,0.0,92,0.5476190476190477,168,1.0,0,0.0,0.04566734579965807,0.0513750411062299,0.8740349120278648,1.1460873849676187,2.8972726033048497,3.0388907653843664,0.020341131649299155,0.03546442200391041
300,tangent_bin,t_0p02_0p05,220,0,0.0,220,1.0,220,1.0,0,0.0,0.18799726417514015,0.2217954358914513,0.09860472714850128,10.141501618821735,23.950342170091147,27.981253988382,0.02780913224141609,0.05993902926037089
300,tangent_bin,t_0p05_0p10,300,0,0.0,300,1.0,244,0.8133333333333334,56,0.18666666666666668,0.44722886563952613,0.4477377715788984,0.11005147946420904,9.086656579889235,19.70251101133431,25.727166004747758,0.06719970122132818,0.11175918902792792
300,tangent_bin,t_0p10_inf,120,0,0.0,120,1.0,104,0.8666666666666667,16,0.13333333333333333,0.6360582841428475,0.6393086485103844,0.08245406335060762,12.130163327975197,16.026965049925714,16.13244317415396,0.08775318859894526,0.10678713671460183
300,normal_raw_abs_bin,normal_raw_abs_0_1e-4,0,0,nan,0,nan,0,nan,0,nan,nan,nan,nan,nan,nan,nan,nan,nan
300,normal_raw_abs_bin,normal_raw_abs_1e-4_1e-3,0,0,nan,0,nan,0,nan,0,nan,nan,nan,nan,nan,nan,nan,nan,nan
300,normal_raw_abs_bin,normal_raw_abs_1e-3_1e-2,36,0,0.0,4,0.1111111111111111,36,1.0,0,0.0,0.06255149335753803,0.06255149474114935,1.0,0.1630930748712019,13.679693185418822,13.679693199602843,0.008563723350387074,0.009882990720910957
300,normal_raw_abs_bin,normal_raw_abs_1e-2_5e-2,404,0,0.0,320,0.7920792079207921,404,1.0,0,0.0,0.2680773203310435,0.36579635765270374,0.2543178396850904,3.932087506083948,22.608019736113103,27.981253701753626,0.021418046812837013,0.04440152839060484
300,normal_raw_abs_bin,normal_raw_abs_5e-2_inf,408,0,0.0,408,1.0,336,0.8235294117647058,72,0.17647058823529413,0.5894730367135859,0.636058285272382,0.1054653013094928,9.481791523692273,15.59809875905961,17.85602633394744,0.08158998212843112,0.10991517432227467
300,cap_source,abs_cap_selected,72,0,0.0,72,1.0,0,0.0,72,1.0,0.5007959006741637,0.5007959019426065,0.16013225173709986,6.2448381831398265,10.015918013483272,10.01591803885213,0.10827736528092491,0.11597774240074064
300,cap_source,ratio_cap_selected,776,0,0.0,660,0.8505154639175257,776,1.0,0,0.0,0.5719591230870673,0.6360582834849376,0.11388774833315712,8.782006434470116,18.91472659930487,26.290688063003863,0.04049847802029337,0.09117445150852421
300,cap_source,none_or_inactive,0,0,nan,0,nan,0,nan,0,nan,nan,nan,nan,nan,nan,nan,nan,nan
300,limiter_class,none,116,0,0.0,0,0.0,116,1.0,0,0.0,0.008786269263724337,0.0087862721088568,1.0,0.4151685681471512,0.8604916881226948,0.8604929274344462,0.014602764542480176,0.02269862058223858
300,limiter_class,abs_cap_limiter,72,0,0.0,72,1.0,0,0.0,72,1.0,0.5007959006741637,0.5007959019426065,0.16013225173709986,6.2448381831398265,10.015918013483272,10.01591803885213,0.10827736528092491,0.11597774240074064
300,limiter_class,ratio_cap_limiter,660,0,0.0,660,1.0,660,1.0,0,0.0,0.5857624036149541,0.6360582840833977,0.09771010254006537,10.234356264133051,18.91472685614236,27.981253681487974,0.050149766064749024,0.09149539444512825
300,limiter_class,secondary_vector_safety,0,0,nan,0,nan,0,nan,0,nan,nan,nan,nan,nan,nan,nan,nan,nan
300,limiter_class,inactive_or_fallback,0,0,nan,0,nan,0,nan,0,nan,nan,nan,nan,nan,nan,nan,nan,nan
300,normal_agreement_bin,normal_0_0p5,0,0,nan,0,nan,0,nan,0,nan,nan,nan,nan,nan,nan,nan,nan,nan
300,normal_agreement_bin,normal_0p5_0p9,0,0,nan,0,nan,0,nan,0,nan,nan,nan,nan,nan,nan,nan,nan,nan
300,normal_agreement_bin,normal_0p9_0p99,220,0,0.0,188,0.8545454545454545,212,0.9636363636363636,8,0.03636363636363636,0.5857624045132227,0.5894730348632421,0.17682511547905416,5.655305227941193,18.914726806952203,19.702511011334323,0.05993902984270303,0.09735842072617039
300,normal_agreement_bin,normal_0p99_1p01,628,0,0.0,544,0.8662420382165605,564,0.8980891719745223,64,0.10191082802547771,0.5360609555499191,0.636058284083398,0.11269484918815953,8.873520016255247,17.78515116599271,27.981253681488017,0.04205984697950804,0.10873087852100247
300,c_x_tangent:c_0_0p05,t_0_0p005,0,0,nan,0,nan,0,nan,0,nan,nan,nan,nan,nan,nan,nan,nan,nan
300,c_x_tangent:c_0_0p05,t_0p005_0p01,40,0,0.0,0,0.0,40,1.0,0,0.0,0.002813241505463259,0.002813242474479639,1.0,0.06391008721681389,0.3027468356861963,0.30274696970880227,0.015336900578216923,0.018584779087572303
300,c_x_tangent:c_0_0p05,t_0p01_0p02,148,0,0.0,76,0.5135135135135135,148,1.0,0,0.0,0.03582026348985997,0.03956747815541943,0.9102570482488064,1.0985907793011283,2.7284116100195455,3.0388907810459944,0.02024055145642885,0.026040737244766556
300,c_x_tangent:c_0_0p05,t_0p02_0p05,12,0,0.0,12,1.0,12,1.0,0,0.0,0.0625514947411493,0.0625514947411494,0.25431779037450924,3.93208826849042,13.679693199602836,13.679693199602852,0.025958324525780344,0.02595832634814432
300,c_x_tangent:c_0_0p05,t_0p05_0p10,0,0,nan,0,nan,0,nan,0,nan,nan,nan,nan,nan,nan,nan,nan,nan
300,c_x_tangent:c_0_0p05,t_0p10_inf,0,0,nan,0,nan,0,nan,0,nan,nan,nan,nan,nan,nan,nan,nan,nan
300,c_x_tangent:c_0p05_0p10,t_0_0p005,0,0,nan,0,nan,0,nan,0,nan,nan,nan,nan,nan,nan,nan,nan,nan
300,c_x_tangent:c_0p05_0p10,t_0p005_0p01,0,0,nan,0,nan,0,nan,0,nan,nan,nan,nan,nan,nan,nan,nan,nan
300,c_x_tangent:c_0p05_0p10,t_0p01_0p02,16,0,0.0,16,1.0,16,1.0,0,0.0,0.05137504785117322,0.05137504785117329,0.37217735992570067,2.7011332641272308,2.897272603304846,2.897272603304851,0.035962724546891686,0.036461029637986524
300,c_x_tangent:c_0p05_0p10,t_0p02_0p05,156,0,0.0,156,1.0,156,1.0,0,0.0,0.16909614246305468,0.17724321732027806,0.09571241769479469,10.447965103010718,17.715638946865333,17.90198315892765,0.02780913224141609,0.05141911567182225
300,c_x_tangent:c_0p05_0p10,t_0p05_0p10,0,0,nan,0,nan,0,nan,0,nan,nan,nan,nan,nan,nan,nan,nan,nan
300,c_x_tangent:c_0p05_0p10,t_0p10_inf,0,0,nan,0,nan,0,nan,0,nan,nan,nan,nan,nan,nan,nan,nan,nan
300,c_x_tangent:c_0p10_0p30,t_0_0p005,0,0,nan,0,nan,0,nan,0,nan,nan,nan,nan,nan,nan,nan,nan,nan
300,c_x_tangent:c_0p10_0p30,t_0p005_0p01,0,0,nan,0,nan,0,nan,0,nan,nan,nan,nan,nan,nan,nan,nan,nan
300,c_x_tangent:c_0p10_0p30,t_0p01_0p02,0,0,nan,0,nan,0,nan,0,nan,nan,nan,nan,nan,nan,nan,nan,nan
300,c_x_tangent:c_0p10_0p30,t_0p02_0p05,32,0,0.0,32,1.0,32,1.0,0,0.0,0.18799726609840633,0.18799726844906503,0.19877541300587315,5.48788401250751,8.93951299424676,8.93951300550413,0.05283396921357622,0.06092612138857935
300,c_x_tangent:c_0p10_0p30,t_0p05_0p10,192,0,0.0,192,1.0,152,0.7916666666666666,40,0.20833333333333334,0.37211205982319345,0.40274372652596163,0.1171459524555069,8.53635980619825,12.864575085128083,14.417480644908926,0.06719970026213296,0.11175919092355957
300,c_x_tangent:c_0p10_0p30,t_0p10_inf,0,0,nan,0,nan,0,nan,0,nan,nan,nan,nan,nan,nan,nan,nan,nan
300,c_x_tangent:c_0p30_0p70,t_0_0p005,0,0,nan,0,nan,0,nan,0,nan,nan,nan,nan,nan,nan,nan,nan,nan
300,c_x_tangent:c_0p30_0p70,t_0p005_0p01,0,0,nan,0,nan,0,nan,0,nan,nan,nan,nan,nan,nan,nan,nan,nan
300,c_x_tangent:c_0p30_0p70,t_0p01_0p02,0,0,nan,0,nan,0,nan,0,nan,nan,nan,nan,nan,nan,nan,nan,nan
300,c_x_tangent:c_0p30_0p70,t_0p02_0p05,0,0,nan,0,nan,0,nan,0,nan,nan,nan,nan,nan,nan,nan,nan,nan
300,c_x_tangent:c_0p30_0p70,t_0p05_0p10,40,0,0.0,40,1.0,32,0.8,8,0.2,0.4313508049167035,0.43135080603199305,0.11243411683619385,8.894097522524305,11.385208117823694,11.385208142622558,0.09003391766932814,0.10117719041553491
300,c_x_tangent:c_0p30_0p70,t_0p10_inf,120,0,0.0,120,1.0,104,0.8666666666666667,16,0.13333333333333333,0.6360582841428475,0.6393086485103844,0.08245406335060762,12.130163327975197,16.026965049925714,16.13244317415396,0.08775318859894526,0.10678713671460183
300,c_x_tangent:c_0p70_0p90,t_0_0p005,0,0,nan,0,nan,0,nan,0,nan,nan,nan,nan,nan,nan,nan,nan,nan
300,c_x_tangent:c_0p70_0p90,t_0p005_0p01,0,0,nan,0,nan,0,nan,0,nan,nan,nan,nan,nan,nan,nan,nan,nan
300,c_x_tangent:c_0p70_0p90,t_0p01_0p02,0,0,nan,0,nan,0,nan,0,nan,nan,nan,nan,nan,nan,nan,nan,nan
300,c_x_tangent:c_0p70_0p90,t_0p02_0p05,0,0,nan,0,nan,0,nan,0,nan,nan,nan,nan,nan,nan,nan,nan,nan
300,c_x_tangent:c_0p70_0p90,t_0p05_0p10,60,0,0.0,60,1.0,52,0.8666666666666667,8,0.13333333333333333,0.4477377715788985,0.44773777209840077,0.06411037752011284,15.598098758446369,22.60801957373393,22.608019736113082,0.05318006206881206,0.10149185403442644
300,c_x_tangent:c_0p70_0p90,t_0p10_inf,0,0,nan,0,nan,0,nan,0,nan,nan,nan,nan,nan,nan,nan,nan,nan
300,c_x_tangent:c_0p90_0p95,t_0_0p005,0,0,nan,0,nan,0,nan,0,nan,nan,nan,nan,nan,nan,nan,nan,nan
300,c_x_tangent:c_0p90_0p95,t_0p005_0p01,0,0,nan,0,nan,0,nan,0,nan,nan,nan,nan,nan,nan,nan,nan,nan
300,c_x_tangent:c_0p90_0p95,t_0p01_0p02,0,0,nan,0,nan,0,nan,0,nan,nan,nan,nan,nan,nan,nan,nan,nan
300,c_x_tangent:c_0p90_0p95,t_0p02_0p05,12,0,0.0,12,1.0,12,1.0,0,0.0,0.2217954369261908,0.22179543692619144,0.035738212841387854,27.981253691620413,27.98125456303971,27.98125456304056,0.015853144646152423,0.0158531448565944
300,c_x_tangent:c_0p90_0p95,t_0p05_0p10,8,0,0.0,8,1.0,8,1.0,0,0.0,0.26807732033104326,0.26807732033104353,0.038869419415472235,25.727165855272418,25.72716619017583,25.72716619017584,0.020840019378999264,0.020840019478365425
300,c_x_tangent:c_0p90_0p95,t_0p10_inf,0,0,nan,0,nan,0,nan,0,nan,nan,nan,nan,nan,nan,nan,nan,nan
300,c_x_tangent:c_0p95_1,t_0_0p005,0,0,nan,0,nan,0,nan,0,nan,nan,nan,nan,nan,nan,nan,nan,nan
300,c_x_tangent:c_0p95_1,t_0p005_0p01,0,0,nan,0,nan,0,nan,0,nan,nan,nan,nan,nan,nan,nan,nan,nan
300,c_x_tangent:c_0p95_1,t_0p01_0p02,4,0,0.0,0,0.0,4,1.0,0,0.0,0.0033653380557680753,0.003365338055768103,1.0,0.7646520234137113,0.7646521468664659,0.7646521468664733,0.00880227199497341,0.008802272082232387
300,c_x_tangent:c_0p95_1,t_0p02_0p05,8,0,0.0,8,1.0,8,1.0,0,0.0,0.061785376154667414,0.061785376154667414,0.09531801719383483,10.491195992531424,10.4911970723641,10.491197072364141,0.011778518053922049,0.011778518120741594
300,c_x_tangent:c_0p95_1,t_0p05_0p10,0,0,nan,0,nan,0,nan,0,nan,nan,nan,nan,nan,nan,nan,nan,nan
300,c_x_tangent:c_0p95_1,t_0p10_inf,0,0,nan,0,nan,0,nan,0,nan,nan,nan,nan,nan,nan,nan,nan,nan
400,region,none_or_unknown,0,0,nan,0,nan,0,nan,0,nan,nan,nan,nan,nan,nan,nan,nan,nan
400,region,sphere_upper,848,0,0.0,732,0.8632075471698113,800,0.9433962264150944,48,0.05660377358490566,0.6092331723823416,0.6578852431100293,0.12718582639690718,7.8625113216571245,18.567903697931417,27.87848569588721,0.04617242601459075,0.10180636083289399
400,region,sphere_lower90,0,0,nan,0,nan,0,nan,0,nan,nan,nan,nan,nan,nan,nan,nan,nan
400,region,sphere_bottom120,0,0,nan,0,nan,0,nan,0,nan,nan,nan,nan,nan,nan,nan,nan,nan
400,region,outer_or_other_wall,0,0,nan,0,nan,0,nan,0,nan,nan,nan,nan,nan,nan,nan,nan,nan
400,theta_zone,sphere11,848,0,0.0,732,0.8632075471698113,800,0.9433962264150944,48,0.05660377358490566,0.6092331723823416,0.6578852431100293,0.12718582639690718,7.8625113216571245,18.567903697931417,27.87848569588721,0.04617242601459075,0.10180636083289399
400,theta_zone,outer90,0,0,nan,0,nan,0,nan,0,nan,nan,nan,nan,nan,nan,nan,nan,nan
400,theta_zone,fallback,0,0,nan,0,nan,0,nan,0,nan,nan,nan,nan,nan,nan,nan,nan,nan
400,c_bin,c_0_0p05,200,0,0.0,88,0.44,200,1.0,0,0.0,0.05702989210586293,0.05850072466462677,1.0,0.8764049610790545,4.212078157511736,9.948199942180388,0.01641971239590316,0.027302143163465274
400,c_bin,c_0p05_0p10,160,0,0.0,160,1.0,160,1.0,0,0.0,0.17452221588919636,0.1846108837725209,0.11439999491690181,8.759761953202162,14.193364208905166,14.74513944665531,0.0329727380388397,0.05175719867209209
400,c_bin,c_0p10_0p30,228,0,0.0,228,1.0,188,0.8245614035087719,40,0.17543859649122806,0.3905857429946833,0.3993951345740278,0.12718582974325965,7.862511114788683,11.632297120409952,11.97907207570788,0.06998688189138272,0.11274897280847017
400,c_bin,c_0p30_0p70,152,0,0.0,152,1.0,144,0.9473684210526315,8,0.05263157894736842,0.6588412884562933,0.6600097972159342,0.08108406136362467,12.333380301662082,17.56188846170541,17.670222484035854,0.08816815135435313,0.09903847019801029
400,c_bin,c_0p70_0p90,76,0,0.0,76,1.0,76,1.0,0,0.0,0.4403777868680979,0.4403777886528276,0.0648458457181475,15.421188341755936,21.9609522826358,24.165871291288674,0.05520419575643499,0.09849634670280281
400,c_bin,c_0p90_0p95,16,0,0.0,16,1.0,16,1.0,0,0.0,0.23276417504771987,0.2327641750477207,0.03526902583308251,28.361724435275278,28.84496452643835,28.844964526438854,0.014558215605613918,0.016698481121839175
400,c_bin,c_0p95_1,16,0,0.0,12,0.75,16,1.0,0,0.0,0.09255831135698066,0.09255831135698174,0.20096618740815897,4.975961443548809,17.239209645334096,17.239209645334267,0.009061552835181369,0.010738115407980017
400,tangent_bin,t_0_0p005,0,0,nan,0,nan,0,nan,0,nan,nan,nan,nan,nan,nan,nan,nan,nan
400,tangent_bin,t_0p005_0p01,44,0,0.0,0,0.0,44,1.0,0,0.0,0.0034892589497093375,0.003489265919111192,1.0,0.08402061157737792,0.3670167020724413,0.3670173133878666,0.015742422136639674,0.019014169818465838
400,tangent_bin,t_0p01_0p02,156,0,0.0,84,0.5384615384615384,156,1.0,0,0.0,0.05323962591224422,0.05735547704503477,0.8481371928208183,1.1790545308762101,2.8771319833513282,3.1564459152110746,0.020677848555725253,0.03657158287307414
400,tangent_bin,t_0p02_0p05,236,0,0.0,236,1.0,236,1.0,0,0.0,0.20510951977940028,0.23276417484056822,0.11965778286343344,8.357166379568552,27.87848496943153,28.84496421406397,0.030357090856422346,0.06064524144722369
400,tangent_bin,t_0p05_0p10,284,0,0.0,284,1.0,236,0.8309859154929577,48,0.16901408450704225,0.4229588993685146,0.42565715177547003,0.11425374617209154,8.752448243524356,20.168451385366517,24.165870366442793,0.07296222233816474,0.11274897223079496
400,tangent_bin,t_0p10_inf,128,0,0.0,128,1.0,128,1.0,0,0.0,0.6600097883239496,0.6600097973154994,0.07858120530598449,12.725689254906904,17.56188857405866,17.670222550885686,0.08761330556534674,0.09849634266895745
400,normal_raw_abs_bin,normal_raw_abs_0_1e-4,0,0,nan,0,nan,0,nan,0,nan,nan,nan,nan,nan,nan,nan,nan,nan
400,normal_raw_abs_bin,normal_raw_abs_1e-4_1e-3,0,0,nan,0,nan,0,nan,0,nan,nan,nan,nan,nan,nan,nan,nan,nan
400,normal_raw_abs_bin,normal_raw_abs_1e-3_1e-2,32,0,0.0,8,0.25,32,1.0,0,0.0,0.022544971282104732,0.02254497261377014,1.0,0.11782332247135396,4.975961937402278,4.975962191275101,0.008894114490477757,0.009582967499979653
400,normal_raw_abs_bin,normal_raw_abs_1e-2_5e-2,416,0,0.0,324,0.7788461538461539,416,1.0,0,0.0,0.3335878719264964,0.42295890758130805,0.2447667520718863,4.089213781198847,21.225979588033386,28.84496403600781,0.02291513880433608,0.04617242793656081
400,normal_raw_abs_bin,normal_raw_abs_5e-2_inf,400,0,0.0,400,1.0,352,0.88,48,0.12,0.6138289360869571,0.6600097962415803,0.10927672539240615,9.151079485673277,14.968171631433098,17.562971925367794,0.08315001723384974,0.11168606896540544
400,cap_source,abs_cap_selected,48,0,0.0,48,1.0,0,0.0,48,1.0,0.3507006885631436,0.350700688741464,0.15388393482320523,6.498435713926222,7.0140137712628725,7.014013774829279,0.11165598268164137,0.11713751337732
400,cap_source,ratio_cap_selected,800,0,0.0,684,0.855,800,1.0,0,0.0,0.6092331838519776,0.6579064885621688,0.11762272676663123,8.504303938021913,18.567903756996962,27.88815047067502,0.04537951857364815,0.09135112809245546
400,cap_source,none_or_inactive,0,0,nan,0,nan,0,nan,0,nan,nan,nan,nan,nan,nan,nan,nan,nan
400,limiter_class,none,116,0,0.0,0,0.0,116,1.0,0,0.0,0.010391949047927413,0.01039195411345952,1.0,0.3670170077301527,0.9516841308514512,0.9516844999394986,0.015117578485109135,0.02305708827276709
400,limiter_class,abs_cap_limiter,48,0,0.0,48,1.0,0,0.0,48,1.0,0.3507006885631436,0.350700688741464,0.15388393482320523,6.498435713926222,7.0140137712628725,7.014013774829279,0.11165598268164137,0.11713751337732
400,limiter_class,ratio_cap_limiter,684,0,0.0,684,1.0,684,1.0,0,0.0,0.6111451466598571,0.6600097883239492,0.1091422568629796,9.162354057378797,20.168450846538516,28.84496317466337,0.05388315754764424,0.0931792456661121
400,limiter_class,secondary_vector_safety,0,0,nan,0,nan,0,nan,0,nan,nan,nan,nan,nan,nan,nan,nan,nan
400,limiter_class,inactive_or_fallback,0,0,nan,0,nan,0,nan,0,nan,nan,nan,nan,nan,nan,nan,nan,nan
400,normal_agreement_bin,normal_0_0p5,0,0,nan,0,nan,0,nan,0,nan,nan,nan,nan,nan,nan,nan,nan,nan
400,normal_agreement_bin,normal_0p5_0p9,0,0,nan,0,nan,0,nan,0,nan,nan,nan,nan,nan,nan,nan,nan,nan
400,normal_agreement_bin,normal_0p9_0p99,220,0,0.0,188,0.8545454545454545,212,0.9636363636363636,8,0.03636363636363636,0.6111451606386025,0.6125975152437834,0.16400276310232528,6.09745824450577,20.168451385366282,21.22597911726545,0.06064524562230031,0.09998084973090113
400,normal_agreement_bin,normal_0p99_1p01,628,0,0.0,544,0.8662420382165605,588,0.9363057324840764,40,0.06369426751592357,0.5471891583431089,0.6600097883239497,0.12270442583603375,8.149665288652834,17.632305531627406,28.844963174663626,0.04537951968833406,0.10818905829242682
400,c_x_tangent:c_0_0p05,t_0_0p005,0,0,nan,0,nan,0,nan,0,nan,nan,nan,nan,nan,nan,nan,nan,nan
400,c_x_tangent:c_0_0p05,t_0p005_0p01,40,0,0.0,0,0.0,40,1.0,0,0.0,0.0034892592981794306,0.0034892659191111943,1.0,0.08402063305583932,0.3670167326382127,0.36701731338786675,0.015742422845428886,0.019014170133866273
400,c_x_tangent:c_0_0p05,t_0p01_0p02,140,0,0.0,68,0.4857142857142857,140,1.0,0,0.0,0.025780760088789493,0.03253870800128474,1.0,0.9516844622593166,2.2420955360440424,2.242096689063277,0.015937192513968752,0.02363616226197491
400,c_x_tangent:c_0_0p05,t_0p02_0p05,20,0,0.0,20,1.0,20,1.0,0,0.0,0.058500752182292205,0.058500752182293135,0.23741249850340573,4.212078160601367,9.948206461627207,9.948206461627379,0.02707922140194431,0.02730214516146881
400,c_x_tangent:c_0_0p05,t_0p05_0p10,0,0,nan,0,nan,0,nan,0,nan,nan,nan,nan,nan,nan,nan,nan,nan
400,c_x_tangent:c_0_0p05,t_0p10_inf,0,0,nan,0,nan,0,nan,0,nan,nan,nan,nan,nan,nan,nan,nan,nan
400,c_x_tangent:c_0p05_0p10,t_0_0p005,0,0,nan,0,nan,0,nan,0,nan,nan,nan,nan,nan,nan,nan,nan,nan
400,c_x_tangent:c_0p05_0p10,t_0p005_0p01,0,0,nan,0,nan,0,nan,0,nan,nan,nan,nan,nan,nan,nan,nan,nan
400,c_x_tangent:c_0p05_0p10,t_0p01_0p02,16,0,0.0,16,1.0,16,1.0,0,0.0,0.057355485334209956,0.057355485334210386,0.3380019508454144,2.970236576421105,3.156445940135624,3.1564459401356464,0.0368013519327645,0.03726089991945118
400,c_x_tangent:c_0p05_0p10,t_0p02_0p05,144,0,0.0,144,1.0,144,1.0,0,0.0,0.18301792943697434,0.184610884981059,0.10662343721872919,9.384037874464124,14.658013322889401,14.745140894633034,0.0311270811941208,0.05354747943453538
400,c_x_tangent:c_0p05_0p10,t_0p05_0p10,0,0,nan,0,nan,0,nan,0,nan,nan,nan,nan,nan,nan,nan,nan,nan
400,c_x_tangent:c_0p05_0p10,t_0p10_inf,0,0,nan,0,nan,0,nan,0,nan,nan,nan,nan,nan,nan,nan,nan,nan
400,c_x_tangent:c_0p10_0p30,t_0_0p005,0,0,nan,0,nan,0,nan,0,nan,nan,nan,nan,nan,nan,nan,nan,nan
400,c_x_tangent:c_0p10_0p30,t_0p005_0p01,0,0,nan,0,nan,0,nan,0,nan,nan,nan,nan,nan,nan,nan,nan,nan
400,c_x_tangent:c_0p10_0p30,t_0p01_0p02,0,0,nan,0,nan,0,nan,0,nan,nan,nan,nan,nan,nan,nan,nan,nan
400,c_x_tangent:c_0p10_0p30,t_0p02_0p05,44,0,0.0,44,1.0,44,1.0,0,0.0,0.20510951981904624,0.20510952093385043,0.1419464849305143,7.04490851245468,8.88450267853806,8.884502681651806,0.04948915935494612,0.06160025510465733
400,c_x_tangent:c_0p10_0p30,t_0p05_0p10,184,0,0.0,184,1.0,144,0.782608695652174,40,0.21739130434782608,0.39058574653635003,0.39939513469799526,0.12270442733787718,8.149665188904834,11.632298065400372,11.97907210343637,0.07317389852309104,0.11274897406821684
400,c_x_tangent:c_0p10_0p30,t_0p10_inf,0,0,nan,0,nan,0,nan,0,nan,nan,nan,nan,nan,nan,nan,nan,nan
400,c_x_tangent:c_0p30_0p70,t_0_0p005,0,0,nan,0,nan,0,nan,0,nan,nan,nan,nan,nan,nan,nan,nan,nan
400,c_x_tangent:c_0p30_0p70,t_0p005_0p01,0,0,nan,0,nan,0,nan,0,nan,nan,nan,nan,nan,nan,nan,nan,nan
400,c_x_tangent:c_0p30_0p70,t_0p01_0p02,0,0,nan,0,nan,0,nan,0,nan,nan,nan,nan,nan,nan,nan,nan,nan
400,c_x_tangent:c_0p30_0p70,t_0p02_0p05,0,0,nan,0,nan,0,nan,0,nan,nan,nan,nan,nan,nan,nan,nan,nan
400,c_x_tangent:c_0p30_0p70,t_0p05_0p10,32,0,0.0,32,1.0,24,0.75,8,0.25,0.3986335068691912,0.3986335078497256,0.1217147501653387,8.236803475437261,9.271861339510533,9.27186152616062,0.09363650512122143,0.10180636092693124
400,c_x_tangent:c_0p30_0p70,t_0p10_inf,120,0,0.0,120,1.0,120,1.0,0,0.0,0.660009788719442,0.6600097973486877,0.07683131750820346,13.022280945316854,17.56188857474425,17.670222573168964,0.08745783027362466,0.09402472809869175
400,c_x_tangent:c_0p70_0p90,t_0_0p005,0,0,nan,0,nan,0,nan,0,nan,nan,nan,nan,nan,nan,nan,nan,nan
400,c_x_tangent:c_0p70_0p90,t_0p005_0p01,0,0,nan,0,nan,0,nan,0,nan,nan,nan,nan,nan,nan,nan,nan,nan
400,c_x_tangent:c_0p70_0p90,t_0p01_0p02,0,0,nan,0,nan,0,nan,0,nan,nan,nan,nan,nan,nan,nan,nan,nan
400,c_x_tangent:c_0p70_0p90,t_0p02_0p05,0,0,nan,0,nan,0,nan,0,nan,nan,nan,nan,nan,nan,nan,nan,nan
400,c_x_tangent:c_0p70_0p90,t_0p05_0p10,68,0,0.0,68,1.0,68,1.0,0,0.0,0.42565715160229417,0.42565715389478387,0.06186574785283397,16.164033163856622,23.136908593999514,24.16587129128875,0.047609043367896675,0.09117567916973161
400,c_x_tangent:c_0p70_0p90,t_0p10_inf,8,0,0.0,8,1.0,8,1.0,0,0.0,0.44037778865282795,0.44037778865282823,0.11183164709321476,8.94201262337192,8.942012750996913,8.942012750996918,0.09849634677679817,0.09849634704295694
400,c_x_tangent:c_0p90_0p95,t_0_0p005,0,0,nan,0,nan,0,nan,0,nan,nan,nan,nan,nan,nan,nan,nan,nan
400,c_x_tangent:c_0p90_0p95,t_0p005_0p01,0,0,nan,0,nan,0,nan,0,nan,nan,nan,nan,nan,nan,nan,nan,nan
400,c_x_tangent:c_0p90_0p95,t_0p01_0p02,0,0,nan,0,nan,0,nan,0,nan,nan,nan,nan,nan,nan,nan,nan,nan
400,c_x_tangent:c_0p90_0p95,t_0p02_0p05,16,0,0.0,16,1.0,16,1.0,0,0.0,0.23276417504771987,0.2327641750477207,0.03526902583308251,28.361724435275278,28.84496452643835,28.844964526438854,0.014558215605613918,0.016698481121839175
400,c_x_tangent:c_0p90_0p95,t_0p05_0p10,0,0,nan,0,nan,0,nan,0,nan,nan,nan,nan,nan,nan,nan,nan,nan
400,c_x_tangent:c_0p90_0p95,t_0p10_inf,0,0,nan,0,nan,0,nan,0,nan,nan,nan,nan,nan,nan,nan,nan,nan
400,c_x_tangent:c_0p95_1,t_0_0p005,0,0,nan,0,nan,0,nan,0,nan,nan,nan,nan,nan,nan,nan,nan,nan
400,c_x_tangent:c_0p95_1,t_0p005_0p01,4,0,0.0,0,0.0,4,1.0,0,0.0,8.38108839523628e-05,8.381088395236462e-05,1.0,0.025045580438705105,0.025045602700354327,0.025045602700354747,0.006692662523312742,0.006692662576746625
400,c_x_tangent:c_0p95_1,t_0p01_0p02,0,0,nan,0,nan,0,nan,0,nan,nan,nan,nan,nan,nan,nan,nan,nan
400,c_x_tangent:c_0p95_1,t_0p02_0p05,12,0,0.0,12,1.0,12,1.0,0,0.0,0.09255831135698102,0.09255831135698182,0.2009661665305844,4.975961960481618,17.239209645334153,17.239209645334277,0.00906155295487171,0.010738115407980095
400,c_x_tangent:c_0p95_1,t_0p05_0p10,0,0,nan,0,nan,0,nan,0,nan,nan,nan,nan,nan,nan,nan,nan,nan
400,c_x_tangent:c_0p95_1,t_0p10_inf,0,0,nan,0,nan,0,nan,0,nan,nan,nan,nan,nan,nan,nan,nan,nan
500,region,none_or_unknown,0,0,nan,0,nan,0,nan,0,nan,nan,nan,nan,nan,nan,nan,nan,nan
500,region,sphere_upper,860,0,0.0,756,0.8790697674418605,804,0.9348837209302325,56,0.06511627906976744,0.618096398550009,0.6608078575058101,0.12780426217101765,7.824465186160059,18.972293992124364,25.07590825640738,0.04903705890023152,0.10293266030687183
500,region,sphere_lower90,0,0,nan,0,nan,0,nan,0,nan,nan,nan,nan,nan,nan,nan,nan,nan
500,region,sphere_bottom120,0,0,nan,0,nan,0,nan,0,nan,nan,nan,nan,nan,nan,nan,nan,nan
500,region,outer_or_other_wall,0,0,nan,0,nan,0,nan,0,nan,nan,nan,nan,nan,nan,nan,nan,nan
500,theta_zone,sphere11,860,0,0.0,756,0.8790697674418605,804,0.9348837209302325,56,0.06511627906976744,0.618096398550009,0.6608078575058101,0.12780426217101765,7.824465186160059,18.972293992124364,25.07590825640738,0.04903705890023152,0.10293266030687183
500,theta_zone,outer90,0,0,nan,0,nan,0,nan,0,nan,nan,nan,nan,nan,nan,nan,nan,nan
500,theta_zone,fallback,0,0,nan,0,nan,0,nan,0,nan,nan,nan,nan,nan,nan,nan,nan,nan
500,c_bin,c_0_0p05,204,0,0.0,100,0.49019607843137253,204,1.0,0,0.0,0.05262177165085631,0.058239749195656505,1.0,0.9017391406516999,3.679623590535811,8.057983927963992,0.016855061817642868,0.024908155580120318
500,c_bin,c_0p05_0p10,164,0,0.0,164,1.0,164,1.0,0,0.0,0.18350384629940722,0.1940643485163985,0.1364043594594852,7.331143989551323,12.483265076418096,13.053021772635299,0.03416500332890059,0.0466550938409955
500,c_bin,c_0p10_0p30,212,0,0.0,212,1.0,188,0.8867924528301887,24,0.11320754716981132,0.4118459251763307,0.4203275498824793,0.12697717009671616,7.87543145935855,10.394534286698795,11.473369768223607,0.07024779208019769,0.11330134028370713
500,c_bin,c_0p30_0p70,152,0,0.0,152,1.0,120,0.7894736842105263,32,0.21052631578947367,0.6634670446166361,0.6667171866756281,0.0795511750655645,12.570533005156253,18.612574061059572,18.72258013282514,0.08912885349876327,0.1161733505755729
500,c_bin,c_0p70_0p90,92,0,0.0,92,1.0,92,1.0,0,0.0,0.5217598446438121,0.5217598574212382,0.08815858954587849,11.343194181658177,20.894557128627305,25.07590825640733,0.0697438990152952,0.09203241769507155
500,c_bin,c_0p90_0p95,24,0,0.0,24,1.0,24,1.0,0,0.0,0.2710385397633052,0.271038539963136,0.04164437266602776,24.01284821888481,28.986112738268496,28.98611273829502,0.01425065062414995,0.024512974730861316
500,c_bin,c_0p95_1,12,0,0.0,12,1.0,12,1.0,0,0.0,0.05184340006568667,0.05184340006568771,0.4405950827857257,2.2696576495528644,11.523482031719738,11.523482031720095,0.007560865076114004,0.008997870595533797
500,tangent_bin,t_0_0p005,0,0,nan,0,nan,0,nan,0,nan,nan,nan,nan,nan,nan,nan,nan,nan
500,tangent_bin,t_0p005_0p01,40,0,0.0,0,0.0,40,1.0,0,0.0,0.0017365259761764884,0.001736531169423508,1.0,0.023743856405386142,0.20115754625830226,0.20115803528903678,0.015304740156629491,0.017265332655693928
500,tangent_bin,t_0p01_0p02,172,0,0.0,108,0.627906976744186,172,1.0,0,0.0,0.0385164384457395,0.059980130825640854,0.8694906389902394,1.150098638395153,2.481297080552713,3.1319201195602293,0.0172793729392667,0.03315417226051009
500,tangent_bin,t_0p02_0p05,228,0,0.0,228,1.0,228,1.0,0,0.0,0.19406434485962715,0.2065354843155927,0.1364043594594852,7.331143989551323,24.012848264165786,28.986112738117956,0.03528727785774649,0.06190090605094156
500,tangent_bin,t_0p05_0p10,292,0,0.0,292,1.0,236,0.8082191780821918,56,0.1917808219178082,0.41184591621086336,0.420327549882476,0.11736392789099309,8.520505558818668,20.894557103464223,25.075908095955423,0.07479757009213733,0.11450572859391223
500,tangent_bin,t_0p10_inf,128,0,0.0,128,1.0,128,1.0,0,0.0,0.6667171621965352,0.6667171867994691,0.07482231274697951,13.364997195176498,18.612574080773317,18.72258016919717,0.08733312784579625,0.0931966295533123
500,normal_raw_abs_bin,normal_raw_abs_0_1e-4,0,0,nan,0,nan,0,nan,0,nan,nan,nan,nan,nan,nan,nan,nan,nan
500,normal_raw_abs_bin,normal_raw_abs_1e-4_1e-3,0,0,nan,0,nan,0,nan,0,nan,nan,nan,nan,nan,nan,nan,nan,nan
500,normal_raw_abs_bin,normal_raw_abs_1e-3_1e-2,24,0,0.0,12,0.5,24,1.0,0,0.0,0.05184339940009853,0.051843400065687426,0.7202975805171341,1.1816072833844757,11.523481910181275,11.523482031719997,0.008896209594674371,0.009759435723215873
500,normal_raw_abs_bin,normal_raw_abs_1e-2_5e-2,416,0,0.0,324,0.7788461538461539,416,1.0,0,0.0,0.30665602630079586,0.39829858214529706,0.2594322098512002,3.8633044487769768,22.1138840021914,28.98611241327179,0.022553809021959977,0.046655085815797734
500,normal_raw_abs_bin,normal_raw_abs_5e-2_inf,420,0,0.0,420,1.0,364,0.8666666666666667,56,0.13333333333333333,0.6280037921365242,0.6667171731884746,0.10910096581120687,9.165821700702853,15.651750902564082,18.612574116261666,0.08361219210953826,0.11393246865575019
500,cap_source,abs_cap_selected,56,0,0.0,56,1.0,0,0.0,56,1.0,0.3809889731012804,0.3809889738795973,0.1406972972034577,7.107457071857842,7.619779462025607,7.619779477591946,0.11363008265816565,0.11891219692866263
500,cap_source,ratio_cap_selected,804,0,0.0,700,0.8706467661691543,804,1.0,0,0.0,0.6180964235256278,0.6608078575058103,0.12421172069843575,8.050770043092989,18.97229401605448,25.075908256407466,0.043424389955267,0.09081444789820993
500,cap_source,none_or_inactive,0,0,nan,0,nan,0,nan,0,nan,nan,nan,nan,nan,nan,nan,nan,nan
500,limiter_class,none,104,0,0.0,0,0.0,104,1.0,0,0.0,0.007390178428075715,0.007390190625120172,1.0,0.16613729166999125,0.9017376534341295,0.9017402307984318,0.014463240157238653,0.021225958714182067
500,limiter_class,abs_cap_limiter,56,0,0.0,56,1.0,0,0.0,56,1.0,0.3809889731012804,0.3809889738795973,0.1406972972034577,7.107457071857842,7.619779462025607,7.619779477591946,0.11363008265816565,0.11891219692866263
500,limiter_class,ratio_cap_limiter,700,0,0.0,700,1.0,700,1.0,0,0.0,0.6233857204421327,0.6667171621965343,0.11187385783067223,8.938638743588871,20.894556839767326,28.986112001601494,0.052941373399970085,0.09125167872776224
500,limiter_class,secondary_vector_safety,0,0,nan,0,nan,0,nan,0,nan,nan,nan,nan,nan,nan,nan,nan,nan
500,limiter_class,inactive_or_fallback,0,0,nan,0,nan,0,nan,0,nan,nan,nan,nan,nan,nan,nan,nan,nan
500,normal_agreement_bin,normal_0_0p5,0,0,nan,0,nan,0,nan,0,nan,nan,nan,nan,nan,nan,nan,nan,nan
500,normal_agreement_bin,normal_0p5_0p9,0,0,nan,0,nan,0,nan,0,nan,nan,nan,nan,nan,nan,nan,nan,nan
500,normal_agreement_bin,normal_0p9_0p99,220,0,0.0,204,0.9272727272727272,204,0.9272727272727272,16,0.07272727272727272,0.6233857468836563,0.6280037904902803,0.1548382827330434,6.458351141262007,20.894557103464034,22.113883950088564,0.061900915471219425,0.10293266030687183
500,normal_agreement_bin,normal_0p99_1p01,640,0,0.0,552,0.8625,600,0.9375,40,0.0625,0.5682665957747756,0.6667171621965352,0.12590309283696793,7.943194723795722,18.618074413376878,28.98611200160155,0.04392272079260221,0.1008140688175051
500,c_x_tangent:c_0_0p05,t_0_0p005,0,0,nan,0,nan,0,nan,0,nan,nan,nan,nan,nan,nan,nan,nan,nan
500,c_x_tangent:c_0_0p05,t_0p005_0p01,40,0,0.0,0,0.0,40,1.0,0,0.0,0.0017365259761764884,0.001736531169423508,1.0,0.023743856405386142,0.20115754625830226,0.20115803528903678,0.015304740156629491,0.017265332655693928
500,c_x_tangent:c_0_0p05,t_0p01_0p02,152,0,0.0,88,0.5789473684210527,152,1.0,0,0.0,0.028893443376102085,0.029974957370610796,0.9462276770450418,1.056828102009112,2.353504428882298,2.4812962340178193,0.017279369675071037,0.024497070150600504
500,c_x_tangent:c_0_0p05,t_0p02_0p05,12,0,0.0,12,1.0,12,1.0,0,0.0,0.05823980399152234,0.058239803991523134,0.2717668237139232,3.6796250047528156,8.05799353515346,8.057993535153557,0.028601714510799243,0.02860172022510665
500,c_x_tangent:c_0_0p05,t_0p05_0p10,0,0,nan,0,nan,0,nan,0,nan,nan,nan,nan,nan,nan,nan,nan,nan
500,c_x_tangent:c_0_0p05,t_0p10_inf,0,0,nan,0,nan,0,nan,0,nan,nan,nan,nan,nan,nan,nan,nan,nan
500,c_x_tangent:c_0p05_0p10,t_0_0p005,0,0,nan,0,nan,0,nan,0,nan,nan,nan,nan,nan,nan,nan,nan,nan
500,c_x_tangent:c_0p05_0p10,t_0p005_0p01,0,0,nan,0,nan,0,nan,0,nan,nan,nan,nan,nan,nan,nan,nan,nan
500,c_x_tangent:c_0p05_0p10,t_0p01_0p02,12,0,0.0,12,1.0,12,1.0,0,0.0,0.05998013203853514,0.05998013203853542,0.31929303852600294,3.1319192069345396,3.13192018413818,3.131920184138194,0.038302464868939276,0.038302483206775755
500,c_x_tangent:c_0p05_0p10,t_0p02_0p05,152,0,0.0,152,1.0,152,1.0,0,0.0,0.18825606731967312,0.19406434872716832,0.12046993714387666,8.30082611237447,12.739653460613228,13.053022519207884,0.034165003009063256,0.04948391931754481
500,c_x_tangent:c_0p05_0p10,t_0p05_0p10,0,0,nan,0,nan,0,nan,0,nan,nan,nan,nan,nan,nan,nan,nan,nan
500,c_x_tangent:c_0p05_0p10,t_0p10_inf,0,0,nan,0,nan,0,nan,0,nan,nan,nan,nan,nan,nan,nan,nan,nan
500,c_x_tangent:c_0p10_0p30,t_0_0p005,0,0,nan,0,nan,0,nan,0,nan,nan,nan,nan,nan,nan,nan,nan,nan
500,c_x_tangent:c_0p10_0p30,t_0p005_0p01,0,0,nan,0,nan,0,nan,0,nan,nan,nan,nan,nan,nan,nan,nan,nan
500,c_x_tangent:c_0p10_0p30,t_0p01_0p02,0,0,nan,0,nan,0,nan,0,nan,nan,nan,nan,nan,nan,nan,nan,nan
500,c_x_tangent:c_0p10_0p30,t_0p02_0p05,44,0,0.0,44,1.0,44,1.0,0,0.0,0.19309398370479713,0.19309398714824746,0.2095349469654052,4.7724735872584665,7.8754313443362145,7.875431574380903,0.05487697709710182,0.06289719176574711
500,c_x_tangent:c_0p10_0p30,t_0p05_0p10,168,0,0.0,168,1.0,144,0.8571428571428571,24,0.14285714285714285,0.41184592784358104,0.4203275502046141,0.1191699362295155,8.391378158280194,10.394534338633022,11.47336981820311,0.07389752246867778,0.11330135009911693
500,c_x_tangent:c_0p10_0p30,t_0p10_inf,0,0,nan,0,nan,0,nan,0,nan,nan,nan,nan,nan,nan,nan,nan,nan
500,c_x_tangent:c_0p30_0p70,t_0_0p005,0,0,nan,0,nan,0,nan,0,nan,nan,nan,nan,nan,nan,nan,nan,nan
500,c_x_tangent:c_0p30_0p70,t_0p005_0p01,0,0,nan,0,nan,0,nan,0,nan,nan,nan,nan,nan,nan,nan,nan,nan
500,c_x_tangent:c_0p30_0p70,t_0p01_0p02,0,0,nan,0,nan,0,nan,0,nan,nan,nan,nan,nan,nan,nan,nan,nan
500,c_x_tangent:c_0p30_0p70,t_0p02_0p05,0,0,nan,0,nan,0,nan,0,nan,nan,nan,nan,nan,nan,nan,nan,nan
500,c_x_tangent:c_0p30_0p70,t_0p05_0p10,48,0,0.0,48,1.0,16,0.3333333333333333,32,0.6666666666666666,0.38098897310128077,0.3809889738795973,0.1331727991171714,7.510627238359267,8.520505545473616,8.520505572163724,0.10688481199931305,0.11891219692866271
500,c_x_tangent:c_0p30_0p70,t_0p10_inf,104,0,0.0,104,1.0,104,1.0,0,0.0,0.6667171715396831,0.6667171869233102,0.0725056781496112,13.80611753322805,18.61257411093831,18.7225802055692,0.08720415825678465,0.09319662963169958
500,c_x_tangent:c_0p70_0p90,t_0_0p005,0,0,nan,0,nan,0,nan,0,nan,nan,nan,nan,nan,nan,nan,nan,nan
500,c_x_tangent:c_0p70_0p90,t_0p005_0p01,0,0,nan,0,nan,0,nan,0,nan,nan,nan,nan,nan,nan,nan,nan,nan
500,c_x_tangent:c_0p70_0p90,t_0p01_0p02,0,0,nan,0,nan,0,nan,0,nan,nan,nan,nan,nan,nan,nan,nan,nan
500,c_x_tangent:c_0p70_0p90,t_0p02_0p05,0,0,nan,0,nan,0,nan,0,nan,nan,nan,nan,nan,nan,nan,nan,nan
500,c_x_tangent:c_0p70_0p90,t_0p05_0p10,68,0,0.0,68,1.0,68,1.0,0,0.0,0.4030638172480251,0.4030638199734983,0.06389061612234301,15.65175076861237,23.612435257390608,25.075908256407367,0.051503991512035094,0.08392361349200995
500,c_x_tangent:c_0p70_0p90,t_0p10_inf,24,0,0.0,24,1.0,24,1.0,0,0.0,0.5217598573899819,0.5217598574212402,0.09027357998559013,11.07743816252357,13.975348037059817,13.975348038737575,0.0881755901170106,0.09203241846682211
500,c_x_tangent:c_0p90_0p95,t_0_0p005,0,0,nan,0,nan,0,nan,0,nan,nan,nan,nan,nan,nan,nan,nan,nan
500,c_x_tangent:c_0p90_0p95,t_0p005_0p01,0,0,nan,0,nan,0,nan,0,nan,nan,nan,nan,nan,nan,nan,nan,nan
500,c_x_tangent:c_0p90_0p95,t_0p01_0p02,0,0,nan,0,nan,0,nan,0,nan,nan,nan,nan,nan,nan,nan,nan,nan
500,c_x_tangent:c_0p90_0p95,t_0p02_0p05,16,0,0.0,16,1.0,16,1.0,0,0.0,0.20653548433357455,0.20653548433357533,0.038071826295224764,26.499480191168416,28.986112738295017,28.986112738295024,0.012356195267146451,0.014250650730545981
500,c_x_tangent:c_0p90_0p95,t_0p05_0p10,8,0,0.0,8,1.0,8,1.0,0,0.0,0.27103853996313587,0.2710385399631361,0.04522045979953848,22.113883946182384,22.11388400219145,22.113884002191487,0.024512974612086944,0.024512974738971825
500,c_x_tangent:c_0p90_0p95,t_0p10_inf,0,0,nan,0,nan,0,nan,0,nan,nan,nan,nan,nan,nan,nan,nan,nan
500,c_x_tangent:c_0p95_1,t_0_0p005,0,0,nan,0,nan,0,nan,0,nan,nan,nan,nan,nan,nan,nan,nan,nan
500,c_x_tangent:c_0p95_1,t_0p005_0p01,0,0,nan,0,nan,0,nan,0,nan,nan,nan,nan,nan,nan,nan,nan,nan
500,c_x_tangent:c_0p95_1,t_0p01_0p02,8,0,0.0,8,1.0,8,1.0,0,0.0,0.008580287629941532,0.008580287629941548,0.44059509246782513,2.269657599677024,2.2696576512326794,2.2696576512326887,0.007560865055488392,0.007560865082874879
500,c_x_tangent:c_0p95_1,t_0p02_0p05,4,0,0.0,4,1.0,4,1.0,0,0.0,0.05184340006568761,0.0518434000656879,0.08677932871367039,11.523481626592378,11.523482031720063,11.523482031720159,0.008997870526807561,0.008997870595533886
500,c_x_tangent:c_0p95_1,t_0p05_0p10,0,0,nan,0,nan,0,nan,0,nan,nan,nan,nan,nan,nan,nan,nan,nan
500,c_x_tangent:c_0p95_1,t_0p10_inf,0,0,nan,0,nan,0,nan,0,nan,nan,nan,nan,nan,nan,nan,nan,nan
600,region,none_or_unknown,0,0,nan,0,nan,0,nan,0,nan,nan,nan,nan,nan,nan,nan,nan,nan
600,region,sphere_upper,876,0,0.0,764,0.8721461187214612,828,0.9452054794520548,48,0.0547945205479452,0.6197182254218189,0.665254667717643,0.12982221929656662,7.702841666229689,19.22046683482389,25.66135260412313,0.048244959285139374,0.105938897388891
600,region,sphere_lower90,0,0,nan,0,nan,0,nan,0,nan,nan,nan,nan,nan,nan,nan,nan,nan
600,region,sphere_bottom120,0,0,nan,0,nan,0,nan,0,nan,nan,nan,nan,nan,nan,nan,nan,nan
600,region,outer_or_other_wall,0,0,nan,0,nan,0,nan,0,nan,nan,nan,nan,nan,nan,nan,nan,nan
600,theta_zone,sphere11,876,0,0.0,764,0.8721461187214612,828,0.9452054794520548,48,0.0547945205479452,0.6197182254218189,0.665254667717643,0.12982221929656662,7.702841666229689,19.22046683482389,25.66135260412313,0.048244959285139374,0.105938897388891
600,theta_zone,outer90,0,0,nan,0,nan,0,nan,0,nan,nan,nan,nan,nan,nan,nan,nan,nan
600,theta_zone,fallback,0,0,nan,0,nan,0,nan,0,nan,nan,nan,nan,nan,nan,nan,nan,nan
600,c_bin,c_0_0p05,212,0,0.0,108,0.5094339622641509,212,1.0,0,0.0,0.03601788670451893,0.06039055960085907,0.980381023320475,1.0200115834689223,2.8334988995470534,7.060115258817126,0.016620889873790862,0.02542290791844507
600,c_bin,c_0p05_0p10,164,0,0.0,164,1.0,164,1.0,0,0.0,0.17713558941717003,0.20372646295370575,0.17756286403365246,5.631808235591851,11.510797458967373,12.005832589710149,0.03559431522900715,0.04824496092626479
600,c_bin,c_0p10_0p30,196,0,0.0,196,1.0,180,0.9183673469387755,16,0.08163265306122448,0.39994800504510547,0.4285033949977554,0.12294013606355411,8.13404012732708,10.352160850092272,11.131728121663532,0.07349203343587785,0.10593890267640668
600,c_bin,c_0p30_0p70,160,0,0.0,160,1.0,128,0.8,32,0.2,0.6656433205139834,0.6730277506701761,0.07825562149296911,12.77863469642044,19.368371071273966,19.480798342812975,0.09055501707760229,0.11673474647724034
600,c_bin,c_0p70_0p90,104,0,0.0,104,1.0,104,1.0,0,0.0,0.5078353014229487,0.5078353295376359,0.08827947729639264,11.327661089820056,21.357656766044492,21.357656995831352,0.0718557456715258,0.09778026676907726
600,c_bin,c_0p90_0p95,20,0,0.0,20,1.0,20,1.0,0,0.0,0.26366527766637243,0.26366527766637593,0.03896910753745921,25.661352368379134,26.98372206494295,26.98372206494361,0.02054960037900369,0.0221028001811128
600,c_bin,c_0p95_1,20,0,0.0,12,0.6,20,1.0,0,0.0,0.08701862486714708,0.08701862486714822,0.13057291664176085,7.658556044540273,18.954194511739736,18.954194511740507,0.007869393160160137,0.009181991333184553
600,tangent_bin,t_0_0p005,0,0,nan,0,nan,0,nan,0,nan,nan,nan,nan,nan,nan,nan,nan,nan
600,tangent_bin,t_0p005_0p01,48,0,0.0,0,0.0,48,1.0,0,0.0,0.002449733678563498,0.002449739166573009,1.0,0.0347171753243638,0.27615374455213815,0.27615420908259747,0.015548238488198005,0.017741810327695826
600,tangent_bin,t_0p01_0p02,164,0,0.0,100,0.6097560975609756,164,1.0,0,0.0,0.03397718867579476,0.04616422755535269,0.7947792678084538,1.258210978197038,2.5871512815512707,2.6569060398451443,0.01828127126968441,0.02626610118865708
600,tangent_bin,t_0p02_0p05,228,0,0.0,228,1.0,228,1.0,0,0.0,0.19301265900800227,0.20372646162265057,0.1607200290790028,6.221999869776309,18.95419355631795,26.98372191865065,0.03672805585510805,0.06368174029920219
600,tangent_bin,t_0p05_0p10,292,0,0.0,292,1.0,260,0.8904109589041096,32,0.1095890410958904,0.4125244764311713,0.4285033948504348,0.11640347761085924,8.590808629816316,21.357656909332153,25.661352132634523,0.07557446498322717,0.11620922659818099
600,tangent_bin,t_0p10_inf,144,0,0.0,144,1.0,128,0.8888888888888888,16,0.1111111111111111,0.6718617652554094,0.6730277506813926,0.07706220442968803,12.976529900755768,19.368371151388313,19.48079838917419,0.0863413631772793,0.12003145577676318
600,normal_raw_abs_bin,normal_raw_abs_0_1e-4,0,0,nan,0,nan,0,nan,0,nan,nan,nan,nan,nan,nan,nan,nan,nan
600,normal_raw_abs_bin,normal_raw_abs_1e-4_1e-3,0,0,nan,0,nan,0,nan,0,nan,nan,nan,nan,nan,nan,nan,nan,nan
600,normal_raw_abs_bin,normal_raw_abs_1e-3_1e-2,32,0,0.0,12,0.375,32,1.0,0,0.0,0.08701862224012478,0.08701862486714804,1.0,0.9455585507226919,18.954194141619745,18.954194511740386,0.009181991115001537,0.009865704851285871
600,normal_raw_abs_bin,normal_raw_abs_1e-2_5e-2,416,0,0.0,324,0.7788461538461539,416,1.0,0,0.0,0.3354960901605747,0.38247418494073215,0.2765836551395443,3.6259535922466677,21.357656998506656,26.983720130385375,0.02287155536832458,0.0459266870412176
600,normal_raw_abs_bin,normal_raw_abs_5e-2_inf,428,0,0.0,428,1.0,380,0.8878504672897196,48,0.11214953271028037,0.6367001036154426,0.6730277277468396,0.11512773943129316,8.686003954735757,15.126649943104754,19.36837125633522,0.08238783492850413,0.11620922677532089
600,cap_source,abs_cap_selected,48,0,0.0,48,1.0,0,0.0,48,1.0,0.4045887463374941,0.40458874774911624,0.1315306376456951,7.60279602258688,8.091774926749881,8.091774954982325,0.11613118635916275,0.12080586613868763
600,cap_source,ratio_cap_selected,828,0,0.0,716,0.8647342995169082,828,1.0,0,0.0,0.6258758414888108,0.6652546677176439,0.1262464821581306,7.921012791053068,19.22046709952091,25.66135260412336,0.043820824323049234,0.0915457942661977
600,cap_source,none_or_inactive,0,0,nan,0,nan,0,nan,0,nan,nan,nan,nan,nan,nan,nan,nan,nan
600,limiter_class,none,112,0,0.0,0,0.0,112,1.0,0,0.0,0.009547518745012175,0.00954753868165397,1.0,0.146702456514851,0.9455583114580977,0.9455587036019263,0.014112526603674992,0.021777129840923018
600,limiter_class,abs_cap_limiter,48,0,0.0,48,1.0,0,0.0,48,1.0,0.4045887463374941,0.40458874774911624,0.1315306376456951,7.60279602258688,8.091774926749881,8.091774954982325,0.11613118635916275,0.12080586613868763
600,limiter_class,ratio_cap_limiter,716,0,0.0,716,1.0,716,1.0,0,0.0,0.6261307981809587,0.6718617652554095,0.11857430236112909,8.433530538129643,19.368371091302556,26.78536393820259,0.054653426083037686,0.0931503563527028
600,limiter_class,secondary_vector_safety,0,0,nan,0,nan,0,nan,0,nan,nan,nan,nan,nan,nan,nan,nan,nan
600,limiter_class,inactive_or_fallback,0,0,nan,0,nan,0,nan,0,nan,nan,nan,nan,nan,nan,nan,nan,nan
600,normal_agreement_bin,normal_0_0p5,0,0,nan,0,nan,0,nan,0,nan,nan,nan,nan,nan,nan,nan,nan,nan
600,normal_agreement_bin,normal_0p5_0p9,0,0,nan,0,nan,0,nan,0,nan,nan,nan,nan,nan,nan,nan,nan,nan
600,normal_agreement_bin,normal_0p9_0p99,220,0,0.0,204,0.9272727272727272,204,0.9272727272727272,16,0.07272727272727272,0.6268956221306083,0.6367001017081002,0.1447266380360449,6.909578040159718,21.357656909332054,22.68308233947303,0.06368175307342208,0.10593889982116209
600,normal_agreement_bin,normal_0p99_1p01,656,0,0.0,560,0.8536585365853658,624,0.9512195121951219,32,0.04878048780487805,0.5855200994392455,0.6730277236444273,0.12563060624581182,7.960035070480348,18.95419451173994,26.983718879510658,0.04214389877626326,0.09778027389392108
600,c_x_tangent:c_0_0p05,t_0_0p005,0,0,nan,0,nan,0,nan,0,nan,nan,nan,nan,nan,nan,nan,nan,nan
600,c_x_tangent:c_0_0p05,t_0p005_0p01,48,0,0.0,0,0.0,48,1.0,0,0.0,0.002449733678563498,0.002449739166573009,1.0,0.0347171753243638,0.27615374455213815,0.27615420908259747,0.015548238488198005,0.017741810327695826
600,c_x_tangent:c_0_0p05,t_0p01_0p02,152,0,0.0,96,0.631578947368421,152,1.0,0,0.0,0.02768144994999385,0.0339772245602988,0.7947789957470586,1.2582114088963174,2.247808841951961,2.5871533232535233,0.018281271526726373,0.025016222610524684
600,c_x_tangent:c_0_0p05,t_0p02_0p05,12,0,0.0,12,1.0,12,1.0,0,0.0,0.06039064360888009,0.06039064360888102,0.35292024899366436,2.83350134442981,7.06012701783938,7.0601270178394575,0.025422905210169815,0.025422917745136966
600,c_x_tangent:c_0_0p05,t_0p05_0p10,0,0,nan,0,nan,0,nan,0,nan,nan,nan,nan,nan,nan,nan,nan,nan
600,c_x_tangent:c_0_0p05,t_0p10_inf,0,0,nan,0,nan,0,nan,0,nan,nan,nan,nan,nan,nan,nan,nan,nan
600,c_x_tangent:c_0p05_0p10,t_0_0p005,0,0,nan,0,nan,0,nan,0,nan,nan,nan,nan,nan,nan,nan,nan,nan
600,c_x_tangent:c_0p05_0p10,t_0p005_0p01,0,0,nan,0,nan,0,nan,0,nan,nan,nan,nan,nan,nan,nan,nan,nan
600,c_x_tangent:c_0p05_0p10,t_0p01_0p02,4,0,0.0,4,1.0,4,1.0,0,0.0,0.04616424440754555,0.04616424440754572,0.376377614924328,2.6569061504921834,2.6569065760577746,2.6569065760577826,0.03475036634187198,0.03475037084370686
600,c_x_tangent:c_0p05_0p10,t_0p02_0p05,160,0,0.0,160,1.0,160,1.0,0,0.0,0.17846513193097466,0.2037264630976036,0.16391673867715112,6.143234650785744,11.535548931966135,12.005832754350461,0.0361611857751475,0.04856538414623036
600,c_x_tangent:c_0p05_0p10,t_0p05_0p10,0,0,nan,0,nan,0,nan,0,nan,nan,nan,nan,nan,nan,nan,nan,nan
600,c_x_tangent:c_0p05_0p10,t_0p10_inf,0,0,nan,0,nan,0,nan,0,nan,nan,nan,nan,nan,nan,nan,nan,nan
600,c_x_tangent:c_0p10_0p30,t_0_0p005,0,0,nan,0,nan,0,nan,0,nan,nan,nan,nan,nan,nan,nan,nan,nan
600,c_x_tangent:c_0p10_0p30,t_0p005_0p01,0,0,nan,0,nan,0,nan,0,nan,nan,nan,nan,nan,nan,nan,nan,nan
600,c_x_tangent:c_0p10_0p30,t_0p01_0p02,0,0,nan,0,nan,0,nan,0,nan,nan,nan,nan,nan,nan,nan,nan,nan
600,c_x_tangent:c_0p10_0p30,t_0p02_0p05,36,0,0.0,36,1.0,36,1.0,0,0.0,0.1930126671403805,0.19301266773849587,0.19616906200334472,5.097643786373171,8.754117330246979,8.754117556599978,0.05636994391575442,0.06473491105705209
600,c_x_tangent:c_0p10_0p30,t_0p05_0p10,160,0,0.0,160,1.0,144,0.9,16,0.1,0.40137577364222055,0.4285033960584374,0.11864994276140135,8.431176442092344,10.391139182471731,11.131728219853722,0.07487627333423919,0.10644462220753409
600,c_x_tangent:c_0p10_0p30,t_0p10_inf,0,0,nan,0,nan,0,nan,0,nan,nan,nan,nan,nan,nan,nan,nan,nan
600,c_x_tangent:c_0p30_0p70,t_0_0p005,0,0,nan,0,nan,0,nan,0,nan,nan,nan,nan,nan,nan,nan,nan,nan
600,c_x_tangent:c_0p30_0p70,t_0p005_0p01,0,0,nan,0,nan,0,nan,0,nan,nan,nan,nan,nan,nan,nan,nan,nan
600,c_x_tangent:c_0p30_0p70,t_0p01_0p02,0,0,nan,0,nan,0,nan,0,nan,nan,nan,nan,nan,nan,nan,nan,nan
600,c_x_tangent:c_0p30_0p70,t_0p02_0p05,0,0,nan,0,nan,0,nan,0,nan,nan,nan,nan,nan,nan,nan,nan,nan
600,c_x_tangent:c_0p30_0p70,t_0p05_0p10,32,0,0.0,32,1.0,16,0.5,16,0.5,0.3804364092029127,0.38043641111095,0.1315306376456951,7.60279602258688,8.060301317105102,8.060301338340224,0.10604639129905986,0.11652047319391369
600,c_x_tangent:c_0p30_0p70,t_0p10_inf,128,0,0.0,128,1.0,112,0.875,16,0.125,0.6730277236444275,0.6730277506926093,0.07706220442968803,12.976529900755768,19.36837116640987,19.480798435535405,0.08883802569074895,0.12080586045391646
600,c_x_tangent:c_0p70_0p90,t_0_0p005,0,0,nan,0,nan,0,nan,0,nan,nan,nan,nan,nan,nan,nan,nan,nan
600,c_x_tangent:c_0p70_0p90,t_0p005_0p01,0,0,nan,0,nan,0,nan,0,nan,nan,nan,nan,nan,nan,nan,nan,nan
600,c_x_tangent:c_0p70_0p90,t_0p01_0p02,0,0,nan,0,nan,0,nan,0,nan,nan,nan,nan,nan,nan,nan,nan,nan
600,c_x_tangent:c_0p70_0p90,t_0p02_0p05,0,0,nan,0,nan,0,nan,0,nan,nan,nan,nan,nan,nan,nan,nan,nan
600,c_x_tangent:c_0p70_0p90,t_0p05_0p10,88,0,0.0,88,1.0,88,1.0,0,0.0,0.41252451116961986,0.4125245233113692,0.09982333765972343,10.046455418024692,21.35765684237646,21.35765699850662,0.07002106676652302,0.09778026684995446
600,c_x_tangent:c_0p70_0p90,t_0p10_inf,16,0,0.0,16,1.0,16,1.0,0,0.0,0.5078353295701151,0.507835329570117,0.07870221150367454,12.889949688385755,14.429272428266955,14.429272428266996,0.07689516092616139,0.08340073012665203
600,c_x_tangent:c_0p90_0p95,t_0_0p005,0,0,nan,0,nan,0,nan,0,nan,nan,nan,nan,nan,nan,nan,nan,nan
600,c_x_tangent:c_0p90_0p95,t_0p005_0p01,0,0,nan,0,nan,0,nan,0,nan,nan,nan,nan,nan,nan,nan,nan,nan
600,c_x_tangent:c_0p90_0p95,t_0p01_0p02,0,0,nan,0,nan,0,nan,0,nan,nan,nan,nan,nan,nan,nan,nan,nan
600,c_x_tangent:c_0p90_0p95,t_0p02_0p05,8,0,0.0,8,1.0,8,1.0,0,0.0,0.1701648662371614,0.1701648662371629,0.037059381065027576,26.98372102451779,26.98372206494347,26.983722064943716,0.01261240845021558,0.012612408757221454
600,c_x_tangent:c_0p90_0p95,t_0p05_0p10,12,0,0.0,12,1.0,12,1.0,0,0.0,0.26366527766637426,0.2636652776663763,0.04408571923991964,22.683082350497287,25.661352604123223,25.661352604123433,0.022102798915356596,0.02210280018111296
600,c_x_tangent:c_0p90_0p95,t_0p10_inf,0,0,nan,0,nan,0,nan,0,nan,nan,nan,nan,nan,nan,nan,nan,nan
600,c_x_tangent:c_0p95_1,t_0_0p005,0,0,nan,0,nan,0,nan,0,nan,nan,nan,nan,nan,nan,nan,nan,nan
600,c_x_tangent:c_0p95_1,t_0p005_0p01,0,0,nan,0,nan,0,nan,0,nan,nan,nan,nan,nan,nan,nan,nan,nan
600,c_x_tangent:c_0p95_1,t_0p01_0p02,8,0,0.0,0,0.0,8,1.0,0,0.0,0.0031179739635110366,0.003117973963511112,1.0,0.9455585507226919,0.9455587126957575,0.9455587126957848,0.006594987427322341,0.006594987538366198
600,c_x_tangent:c_0p95_1,t_0p02_0p05,12,0,0.0,12,1.0,12,1.0,0,0.0,0.08701862486714768,0.08701862486714833,0.052758778936796265,18.95419151375702,18.95419451174014,18.95419451174059,0.009181990969726966,0.009181991333184685
600,c_x_tangent:c_0p95_1,t_0p05_0p10,0,0,nan,0,nan,0,nan,0,nan,nan,nan,nan,nan,nan,nan,nan,nan
600,c_x_tangent:c_0p95_1,t_0p10_inf,0,0,nan,0,nan,0,nan,0,nan,nan,nan,nan,nan,nan,nan,nan,nan
700,region,none_or_unknown,0,0,nan,0,nan,0,nan,0,nan,nan,nan,nan,nan,nan,nan,nan,nan
700,region,sphere_upper,892,0,0.0,772,0.8654708520179372,844,0.9461883408071748,48,0.053811659192825115,0.6134346516496848,0.659759415108906,0.12908685097373174,7.74672240012651,19.38504216225771,23.64788447141694,0.0476169621688383,0.10882849642724714
700,region,sphere_lower90,0,0,nan,0,nan,0,nan,0,nan,nan,nan,nan,nan,nan,nan,nan,nan
700,region,sphere_bottom120,0,0,nan,0,nan,0,nan,0,nan,nan,nan,nan,nan,nan,nan,nan,nan
700,region,outer_or_other_wall,0,0,nan,0,nan,0,nan,0,nan,nan,nan,nan,nan,nan,nan,nan,nan
700,theta_zone,sphere11,892,0,0.0,772,0.8654708520179372,844,0.9461883408071748,48,0.053811659192825115,0.6134346516496848,0.659759415108906,0.12908685097373174,7.74672240012651,19.38504216225771,23.64788447141694,0.0476169621688383,0.10882849642724714
700,theta_zone,outer90,0,0,nan,0,nan,0,nan,0,nan,nan,nan,nan,nan,nan,nan,nan,nan
700,theta_zone,fallback,0,0,nan,0,nan,0,nan,0,nan,nan,nan,nan,nan,nan,nan,nan,nan
700,c_bin,c_0_0p05,224,0,0.0,112,0.5,224,1.0,0,0.0,0.041427855872342094,0.04365207456833618,0.9516666728384032,0.936308495377667,2.992478835553854,3.2623061172169234,0.017120716126971514,0.026761481963033434
700,c_bin,c_0p05_0p10,152,0,0.0,152,1.0,152,1.0,0,0.0,0.16724462199188977,0.18468187237073033,0.166506967873379,6.007562326637716,10.995433223509327,11.190922726610808,0.03470736542847965,0.04874122462467872
700,c_bin,c_0p10_0p30,196,0,0.0,196,1.0,188,0.9591836734693877,8,0.04081632653061224,0.42118536335145107,0.4417088195135458,0.11962854833968661,8.359208682867978,10.589437629654066,10.879041959564441,0.0677638936894951,0.09837415695498881
700,c_bin,c_0p30_0p70,168,0,0.0,168,1.0,128,0.7619047619047619,40,0.23809523809523808,0.6597594151089076,0.678735645941078,0.08579474357127026,11.656036819229367,19.942975210032177,20.05832662382542,0.09237709123020107,0.11866579632878702
700,c_bin,c_0p70_0p90,104,0,0.0,104,1.0,104,1.0,0,0.0,0.5455474275632256,0.5455474707351323,0.08839973199043558,11.312251490855143,19.38504211400138,19.385042460771125,0.07144307464847027,0.09525453544561303
700,c_bin,c_0p90_0p95,28,0,0.0,28,1.0,28,1.0,0,0.0,0.2666429265614477,0.2666429288687375,0.043332099468990706,23.077580183153128,26.068782759157045,26.068782869081847,0.020280231102206805,0.024600942787375377
700,c_bin,c_0p95_1,20,0,0.0,12,0.6,20,1.0,0,0.0,0.061057958700433734,0.061057958700434796,0.1969932224069883,5.076316777711677,14.777193490427498,14.777193490427694,0.007064560629041261,0.008263809868901757
700,tangent_bin,t_0_0p005,0,0,nan,0,nan,0,nan,0,nan,nan,nan,nan,nan,nan,nan,nan,nan
700,tangent_bin,t_0p005_0p01,48,0,0.0,0,0.0,48,1.0,0,0.0,0.0021534204563333982,0.002153429699264399,1.0,0.020591689033862336,0.25065391952999977,0.2506547876668381,0.015012760408076515,0.01718241997070119
700,tangent_bin,t_0p01_0p02,168,0,0.0,96,0.5714285714285714,168,1.0,0,0.0,0.025388365277475337,0.028056823029538762,0.8412403556628467,1.1887209086779822,2.187568591833045,2.365976565445254,0.01807164810509921,0.0237169238455531
700,tangent_bin,t_0p02_0p05,248,0,0.0,248,1.0,248,1.0,0,0.0,0.21296901419627617,0.23400934942853607,0.1693953343175799,5.903350313800398,23.07758010589091,23.64788878159761,0.037381809874789805,0.06581413132401599
700,tangent_bin,t_0p05_0p10,260,0,0.0,260,1.0,244,0.9384615384615385,16,0.06153846153846154,0.39704580678074725,0.42118535984011796,0.11900931974535552,8.402703268447413,19.385042467382593,26.06878255501096,0.07796861578725375,0.10882849642724707
700,tangent_bin,t_0p10_inf,168,0,0.0,168,1.0,136,0.8095238095238095,32,0.19047619047619047,0.6597594151089076,0.678735645941078,0.07717748117799986,12.9571757491135,19.942975210032177,20.05832662382542,0.09000040789784088,0.11851576276799813
700,normal_raw_abs_bin,normal_raw_abs_0_1e-4,0,0,nan,0,nan,0,nan,0,nan,nan,nan,nan,nan,nan,nan,nan,nan
700,normal_raw_abs_bin,normal_raw_abs_1e-4_1e-3,0,0,nan,0,nan,0,nan,0,nan,nan,nan,nan,nan,nan,nan,nan,nan
700,normal_raw_abs_bin,normal_raw_abs_1e-3_1e-2,20,0,0.0,12,0.6,20,1.0,0,0.0,0.061057958700433734,0.061057958700434796,0.1969932224069883,5.076316777711677,14.777193490427498,14.777193490427694,0.007064560629041261,0.008263809868901757
700,normal_raw_abs_bin,normal_raw_abs_1e-2_5e-2,436,0,0.0,324,0.7431192660550459,436,1.0,0,0.0,0.3164098964417118,0.36420291786865494,0.3324716843239978,3.0077749388892636,21.67745596331636,23.64788933279807,0.02321146467407846,0.045862571117942404
700,normal_raw_abs_bin,normal_raw_abs_5e-2_inf,436,0,0.0,436,1.0,388,0.8899082568807339,48,0.11009174311926606,0.6397237972864116,0.6787356136117288,0.1178943984341369,8.482167204565389,15.492232633274398,19.9429753791392,0.08090897735900432,0.11851574606744271
700,cap_source,abs_cap_selected,48,0,0.0,48,1.0,0,0.0,48,1.0,0.4232214080622527,0.42322140988030926,0.12516360884133823,7.989544834123656,8.464428161245054,8.464428197606185,0.11842663045613992,0.12258438779920001
700,cap_source,ratio_cap_selected,844,0,0.0,724,0.8578199052132701,844,1.0,0,0.0,0.6239394088737754,0.6597594151089073,0.1290878222106085,7.746664114981288,19.38504224700146,23.647884471417385,0.042567157839323286,0.09345280286687803
700,cap_source,none_or_inactive,0,0,nan,0,nan,0,nan,0,nan,nan,nan,nan,nan,nan,nan,nan,nan
700,limiter_class,none,120,0,0.0,0,0.0,120,1.0,0,0.0,0.007917283244818583,0.007917311024874958,1.0,0.08902634487687953,0.7656037548424245,0.7656056438011136,0.01372584986989017,0.02068245667485814
700,limiter_class,abs_cap_limiter,48,0,0.0,48,1.0,0,0.0,48,1.0,0.4232214080622527,0.42322140988030926,0.12516360884133823,7.989544834123656,8.464428161245054,8.464428197606185,0.11842663045613992,0.12258438779920001
700,limiter_class,ratio_cap_limiter,724,0,0.0,724,1.0,724,1.0,0,0.0,0.6239394764606423,0.6743710835375898,0.11962854833968661,8.359208682867978,19.942975210032195,23.647887790255485,0.05665086322898617,0.09440076323148834
700,limiter_class,secondary_vector_safety,0,0,nan,0,nan,0,nan,0,nan,nan,nan,nan,nan,nan,nan,nan,nan
700,limiter_class,inactive_or_fallback,0,0,nan,0,nan,0,nan,0,nan,nan,nan,nan,nan,nan,nan,nan,nan
700,normal_agreement_bin,normal_0_0p5,0,0,nan,0,nan,0,nan,0,nan,nan,nan,nan,nan,nan,nan,nan,nan
700,normal_agreement_bin,normal_0p5_0p9,0,0,nan,0,nan,0,nan,0,nan,nan,nan,nan,nan,nan,nan,nan,nan
700,normal_agreement_bin,normal_0p9_0p99,220,0,0.0,212,0.9636363636363636,204,0.9272727272727272,16,0.07272727272727272,0.6371238101182722,0.6397237960512102,0.1377336193458767,7.2603915060766795,21.677455947624182,23.077580163577185,0.0658141519783285,0.10882850415370822
700,normal_agreement_bin,normal_0p99_1p01,672,0,0.0,560,0.8333333333333334,640,0.9523809523809523,32,0.047619047619047616,0.5958038834776916,0.6787356078734301,0.12725187814253858,7.858430182695383,16.833401736944506,23.64788878159716,0.041885077372675855,0.09846518366412288
700,c_x_tangent:c_0_0p05,t_0_0p005,0,0,nan,0,nan,0,nan,0,nan,nan,nan,nan,nan,nan,nan,nan,nan
700,c_x_tangent:c_0_0p05,t_0p005_0p01,48,0,0.0,0,0.0,48,1.0,0,0.0,0.0021534204563333982,0.002153429699264399,1.0,0.020591689033862336,0.25065391952999977,0.2506547876668381,0.015012760408076515,0.01718241997070119
700,c_x_tangent:c_0_0p05,t_0p01_0p02,160,0,0.0,96,0.6,160,1.0,0,0.0,0.02552178631342144,0.02805682846491396,0.8347000022985642,1.1981087175582625,2.1964888949146704,2.3659768226006683,0.018212402951209454,0.0237694364133289
700,c_x_tangent:c_0_0p05,t_0p02_0p05,16,0,0.0,16,1.0,16,1.0,0,0.0,0.0436521237141641,0.04365212371416559,0.3203513973224835,3.1273920724712854,3.262308476589368,3.26230847658946,0.02722473629351231,0.027687993087990883
700,c_x_tangent:c_0_0p05,t_0p05_0p10,0,0,nan,0,nan,0,nan,0,nan,nan,nan,nan,nan,nan,nan,nan,nan
700,c_x_tangent:c_0_0p05,t_0p10_inf,0,0,nan,0,nan,0,nan,0,nan,nan,nan,nan,nan,nan,nan,nan,nan
700,c_x_tangent:c_0p05_0p10,t_0_0p005,0,0,nan,0,nan,0,nan,0,nan,nan,nan,nan,nan,nan,nan,nan,nan
700,c_x_tangent:c_0p05_0p10,t_0p005_0p01,0,0,nan,0,nan,0,nan,0,nan,nan,nan,nan,nan,nan,nan,nan,nan
700,c_x_tangent:c_0p05_0p10,t_0p01_0p02,0,0,nan,0,nan,0,nan,0,nan,nan,nan,nan,nan,nan,nan,nan,nan
700,c_x_tangent:c_0p05_0p10,t_0p02_0p05,152,0,0.0,152,1.0,152,1.0,0,0.0,0.16724462199188977,0.18468187237073033,0.166506967873379,6.007562326637716,10.995433223509327,11.190922726610808,0.03470736542847965,0.04874122462467872
700,c_x_tangent:c_0p05_0p10,t_0p05_0p10,0,0,nan,0,nan,0,nan,0,nan,nan,nan,nan,nan,nan,nan,nan,nan
700,c_x_tangent:c_0p05_0p10,t_0p10_inf,0,0,nan,0,nan,0,nan,0,nan,nan,nan,nan,nan,nan,nan,nan,nan
700,c_x_tangent:c_0p10_0p30,t_0_0p005,0,0,nan,0,nan,0,nan,0,nan,nan,nan,nan,nan,nan,nan,nan,nan
700,c_x_tangent:c_0p10_0p30,t_0p005_0p01,0,0,nan,0,nan,0,nan,0,nan,nan,nan,nan,nan,nan,nan,nan,nan
700,c_x_tangent:c_0p10_0p30,t_0p01_0p02,0,0,nan,0,nan,0,nan,0,nan,nan,nan,nan,nan,nan,nan,nan,nan
700,c_x_tangent:c_0p10_0p30,t_0p02_0p05,52,0,0.0,52,1.0,52,1.0,0,0.0,0.21296903043389123,0.21296905624704043,0.1873571774615067,5.337398937948108,10.006260987561884,10.006261054027297,0.057467380938585,0.06691008865531904
700,c_x_tangent:c_0p10_0p30,t_0p05_0p10,136,0,0.0,136,1.0,128,0.9411764705882353,8,0.058823529411764705,0.4211853479863221,0.4211853689695816,0.11900932988499534,8.40270255253392,10.589436048490052,10.589437645904242,0.07796860793969893,0.10882849527194428
700,c_x_tangent:c_0p10_0p30,t_0p10_inf,8,0,0.0,8,1.0,8,1.0,0,0.0,0.44170882363629443,0.44170882363629543,0.09191986484149939,10.879041235801846,10.87904197585637,10.879041975856387,0.08120362718656948,0.08120362998508662
700,c_x_tangent:c_0p30_0p70,t_0_0p005,0,0,nan,0,nan,0,nan,0,nan,nan,nan,nan,nan,nan,nan,nan,nan
700,c_x_tangent:c_0p30_0p70,t_0p005_0p01,0,0,nan,0,nan,0,nan,0,nan,nan,nan,nan,nan,nan,nan,nan,nan
700,c_x_tangent:c_0p30_0p70,t_0p01_0p02,0,0,nan,0,nan,0,nan,0,nan,nan,nan,nan,nan,nan,nan,nan,nan
700,c_x_tangent:c_0p30_0p70,t_0p02_0p05,0,0,nan,0,nan,0,nan,0,nan,nan,nan,nan,nan,nan,nan,nan,nan
700,c_x_tangent:c_0p30_0p70,t_0p05_0p10,32,0,0.0,32,1.0,24,0.75,8,0.25,0.39040237057799065,0.3904023858981644,0.13078127486477012,7.651927429221203,8.402533860327068,8.40253433562345,0.09594273586508646,0.1186657895072205
700,c_x_tangent:c_0p30_0p70,t_0p10_inf,136,0,0.0,136,1.0,104,0.7647058823529411,32,0.23529411764705882,0.6787356078734301,0.6787356459943895,0.07717748117799986,12.9571757491135,19.94297528890221,20.058326629404046,0.0904084808888006,0.12258437826716978
700,c_x_tangent:c_0p70_0p90,t_0_0p005,0,0,nan,0,nan,0,nan,0,nan,nan,nan,nan,nan,nan,nan,nan,nan
700,c_x_tangent:c_0p70_0p90,t_0p005_0p01,0,0,nan,0,nan,0,nan,0,nan,nan,nan,nan,nan,nan,nan,nan,nan
700,c_x_tangent:c_0p70_0p90,t_0p01_0p02,0,0,nan,0,nan,0,nan,0,nan,nan,nan,nan,nan,nan,nan,nan,nan
700,c_x_tangent:c_0p70_0p90,t_0p02_0p05,0,0,nan,0,nan,0,nan,0,nan,nan,nan,nan,nan,nan,nan,nan,nan
700,c_x_tangent:c_0p70_0p90,t_0p05_0p10,80,0,0.0,80,1.0,80,1.0,0,0.0,0.39704580690000096,0.3970458283796329,0.10366943944189774,9.646044247788732,19.385042166494973,19.38504246738271,0.07075680564284723,0.09525453623884364
700,c_x_tangent:c_0p70_0p90,t_0p10_inf,24,0,0.0,24,1.0,24,1.0,0,0.0,0.5455474697206019,0.5455474709887681,0.06772541851240325,14.765504916250311,15.272227604113276,15.272227611203583,0.07144307464847027,0.07936462890635824
700,c_x_tangent:c_0p90_0p95,t_0_0p005,0,0,nan,0,nan,0,nan,0,nan,nan,nan,nan,nan,nan,nan,nan,nan
700,c_x_tangent:c_0p90_0p95,t_0p005_0p01,0,0,nan,0,nan,0,nan,0,nan,nan,nan,nan,nan,nan,nan,nan,nan
700,c_x_tangent:c_0p90_0p95,t_0p01_0p02,0,0,nan,0,nan,0,nan,0,nan,nan,nan,nan,nan,nan,nan,nan,nan
700,c_x_tangent:c_0p90_0p95,t_0p02_0p05,16,0,0.0,16,1.0,16,1.0,0,0.0,0.23400936088612534,0.23400936088612617,0.0428095924621292,23.36273100867291,23.64788933279791,23.64788933279815,0.015849371801685993,0.020280233873081935
700,c_x_tangent:c_0p90_0p95,t_0p05_0p10,12,0,0.0,12,1.0,12,1.0,0,0.0,0.2666429288687367,0.26664292886873797,0.04613087444247952,21.67745597900811,26.068782869081833,26.068782869081854,0.024600939515068355,0.0246009430490499
700,c_x_tangent:c_0p90_0p95,t_0p10_inf,0,0,nan,0,nan,0,nan,0,nan,nan,nan,nan,nan,nan,nan,nan,nan
700,c_x_tangent:c_0p95_1,t_0_0p005,0,0,nan,0,nan,0,nan,0,nan,nan,nan,nan,nan,nan,nan,nan,nan
700,c_x_tangent:c_0p95_1,t_0p005_0p01,0,0,nan,0,nan,0,nan,0,nan,nan,nan,nan,nan,nan,nan,nan,nan
700,c_x_tangent:c_0p95_1,t_0p01_0p02,8,0,0.0,0,0.0,8,1.0,0,0.0,0.0009267390521522517,0.0009267390521522888,1.0,0.31365023815883825,0.31365047600946755,0.3136504760094752,0.005909374170199988,0.005909374434517218
700,c_x_tangent:c_0p95_1,t_0p02_0p05,12,0,0.0,12,1.0,12,1.0,0,0.0,0.06105795870043429,0.06105795870043491,0.06767187584914813,14.777187531038752,14.777193490427601,14.777193490427715,0.008263808975388282,0.008263809868901888
700,c_x_tangent:c_0p95_1,t_0p05_0p10,0,0,nan,0,nan,0,nan,0,nan,nan,nan,nan,nan,nan,nan,nan,nan
700,c_x_tangent:c_0p95_1,t_0p10_inf,0,0,nan,0,nan,0,nan,0,nan,nan,nan,nan,nan,nan,nan,nan,nan
800,region,none_or_unknown,0,0,nan,0,nan,0,nan,0,nan,nan,nan,nan,nan,nan,nan,nan,nan
800,region,sphere_upper,900,0,0.0,772,0.8577777777777778,840,0.9333333333333333,60,0.06666666666666667,0.6071775831073923,0.6521984916633079,0.13542159194634018,7.384346806351566,19.501245880560294,23.367478247716853,0.04956322066261856,0.11153015609896377
800,region,sphere_lower90,0,0,nan,0,nan,0,nan,0,nan,nan,nan,nan,nan,nan,nan,nan,nan
800,region,sphere_bottom120,0,0,nan,0,nan,0,nan,0,nan,nan,nan,nan,nan,nan,nan,nan,nan
800,region,outer_or_other_wall,0,0,nan,0,nan,0,nan,0,nan,nan,nan,nan,nan,nan,nan,nan,nan
800,theta_zone,sphere11,900,0,0.0,772,0.8577777777777778,840,0.9333333333333333,60,0.06666666666666667,0.6071775831073923,0.6521984916633079,0.13542159194634018,7.384346806351566,19.501245880560294,23.367478247716853,0.04956322066261856,0.11153015609896377
800,theta_zone,outer90,0,0,nan,0,nan,0,nan,0,nan,nan,nan,nan,nan,nan,nan,nan,nan
800,theta_zone,fallback,0,0,nan,0,nan,0,nan,0,nan,nan,nan,nan,nan,nan,nan,nan,nan
800,c_bin,c_0_0p05,232,0,0.0,112,0.4827586206896552,232,1.0,0,0.0,0.05007037017196276,0.05258251022689166,1.0,0.9790280153249976,3.4356976170420364,3.7361563462342935,0.018324335197295698,0.02814791313039815
800,c_bin,c_0p05_0p10,144,0,0.0,144,1.0,144,1.0,0,0.0,0.15661191354378282,0.15714878410659355,0.16754922331841476,5.9683953180707725,10.41665286949923,10.44214730910814,0.035928630383539654,0.05162303943900296
800,c_bin,c_0p10_0p30,196,0,0.0,196,1.0,184,0.9387755102040817,12,0.061224489795918366,0.4114450645993867,0.4395916279970856,0.12320686665075029,8.116430741110108,10.262976561823827,10.769145578491676,0.07002049924453727,0.10056414546429218
800,c_bin,c_0p30_0p70,168,0,0.0,168,1.0,120,0.7142857142857143,48,0.2857142857142857,0.6521984916633097,0.6805084314809193,0.08482063933541245,11.789875266750723,20.401236475506106,20.519648410326745,0.09255628351206893,0.12106507651522545
800,c_bin,c_0p70_0p90,112,0,0.0,112,1.0,112,1.0,0,0.0,0.5341608302532393,0.5341609214811048,0.09163069127043474,10.92600968050362,19.50124555452807,19.501247095185622,0.06879836097710351,0.09274712437608792
800,c_bin,c_0p90_0p95,28,0,0.0,28,1.0,28,1.0,0,0.0,0.25135059053277725,0.25135059464633636,0.04563722706498517,21.91193602924317,26.369476419389166,26.369476631917284,0.018831439086323967,0.022941888554338465
800,c_bin,c_0p95_1,20,0,0.0,12,0.6,20,1.0,0,0.0,0.04340868211662024,0.04340868211662099,0.30053334819901045,3.3274177591044674,11.480414630976805,11.480414630976991,0.006452334253255115,0.007562215043957171
800,tangent_bin,t_0_0p005,0,0,nan,0,nan,0,nan,0,nan,nan,nan,nan,nan,nan,nan,nan,nan
800,tangent_bin,t_0p005_0p01,44,0,0.0,0,0.0,44,1.0,0,0.0,0.0010496158672566324,0.0010496182372432199,1.0,0.02844006421986577,0.12403041097232957,0.12403065962950098,0.015107375441744286,0.01692513729541371
800,tangent_bin,t_0p01_0p02,180,0,0.0,96,0.5333333333333333,180,1.0,0,0.0,0.03160525394152114,0.03471253002810367,0.7241654227680316,1.3808999553965928,2.611761370202413,2.806108620153217,0.018431901495765034,0.024740715016479904
800,tangent_bin,t_0p02_0p05,228,0,0.0,228,1.0,228,1.0,0,0.0,0.21017480821755113,0.23020911398548188,0.16754926478156418,5.968393841081436,22.287533235035028,26.36947602469429,0.03520227449325572,0.06042525909171761
800,tangent_bin,t_0p05_0p10,272,0,0.0,272,1.0,244,0.8970588235294118,28,0.10294117647058823,0.4077308249827991,0.411445057101853,0.1210207745574835,8.263044123263496,19.50124555452807,21.911936011393653,0.07573396362139465,0.11153015455985661
800,tangent_bin,t_0p10_inf,176,0,0.0,176,1.0,144,0.8181818181818182,32,0.18181818181818182,0.6521984916633086,0.6805084314224855,0.07657376284806025,13.059303380248245,20.401236475506046,20.519648335987664,0.0891519782324196,0.12037479569411139
800,normal_raw_abs_bin,normal_raw_abs_0_1e-4,0,0,nan,0,nan,0,nan,0,nan,nan,nan,nan,nan,nan,nan,nan,nan
800,normal_raw_abs_bin,normal_raw_abs_1e-4_1e-3,0,0,nan,0,nan,0,nan,0,nan,nan,nan,nan,nan,nan,nan,nan,nan
800,normal_raw_abs_bin,normal_raw_abs_1e-3_1e-2,28,0,0.0,12,0.42857142857142855,28,1.0,0,0.0,0.043408676387120565,0.04340868211662091,1.0,0.052474730185577995,11.48041351802528,11.480414630976972,0.0075622131127492664,0.009346737152089552
800,normal_raw_abs_bin,normal_raw_abs_1e-2_5e-2,428,0,0.0,316,0.7383177570093458,428,1.0,0,0.0,0.30000653163287466,0.3479805225623729,0.29106182570242045,3.4356961706905427,20.281921094147886,23.367478612231412,0.02349741420452802,0.045663135409363294
800,normal_raw_abs_bin,normal_raw_abs_5e-2_inf,444,0,0.0,444,1.0,384,0.8648648648648649,60,0.13513513513513514,0.6430151801784055,0.6805083880339667,0.11727635770814615,8.526867814982788,15.780516567685849,20.401237304698963,0.0801804623693505,0.1203747737052355
800,cap_source,abs_cap_selected,60,0,0.0,60,1.0,0,0.0,60,1.0,0.4381917410976245,0.4381917457510718,0.12048868631374446,8.299534425963174,8.76383482195249,8.763834915021436,0.12025153336066771,0.12416591052203128
800,cap_source,ratio_cap_selected,840,0,0.0,712,0.8476190476190476,840,1.0,0,0.0,0.6195358050658245,0.6521984916633096,0.13787454635807694,7.25307850473465,19.501246556326887,23.367478247717,0.04364739957816709,0.09328758770238069
800,cap_source,none_or_inactive,0,0,nan,0,nan,0,nan,0,nan,nan,nan,nan,nan,nan,nan,nan,nan
800,limiter_class,none,128,0,0.0,0,0.0,128,1.0,0,0.0,0.010537946499568756,0.010537990956736262,1.0,0.10081849006917099,0.9790273838400106,0.979030229537205,0.014239879215687524,0.02152737844417809
800,limiter_class,abs_cap_limiter,60,0,0.0,60,1.0,0,0.0,60,1.0,0.4381917410976245,0.4381917457510718,0.12048868631374446,8.299534425963174,8.76383482195249,8.763834915021436,0.12025153336066771,0.12416591052203128
800,limiter_class,ratio_cap_limiter,712,0,0.0,712,1.0,712,1.0,0,0.0,0.6278748395476698,0.6773942910912141,0.12214068328481231,8.187280217420803,20.281915646949376,23.367478303233206,0.058699842812064855,0.09396629171845339
800,limiter_class,secondary_vector_safety,0,0,nan,0,nan,0,nan,0,nan,nan,nan,nan,nan,nan,nan,nan,nan
800,limiter_class,inactive_or_fallback,0,0,nan,0,nan,0,nan,0,nan,nan,nan,nan,nan,nan,nan,nan,nan
800,normal_agreement_bin,normal_0_0p5,0,0,nan,0,nan,0,nan,0,nan,nan,nan,nan,nan,nan,nan,nan,nan
800,normal_agreement_bin,normal_0p5_0p9,0,0,nan,0,nan,0,nan,0,nan,nan,nan,nan,nan,nan,nan,nan,nan
800,normal_agreement_bin,normal_0p9_0p99,220,0,0.0,212,0.9636363636363636,200,0.9090909090909091,20,0.09090909090909091,0.6393870405897019,0.643015224505018,0.13803575833985537,7.2444996284072865,21.911936011393607,23.367478310095084,0.06815283728329133,0.11153016683644974
800,normal_agreement_bin,normal_0p99_1p01,680,0,0.0,560,0.8235294117647058,640,0.9411764705882353,40,0.058823529411764705,0.6015707092013501,0.6805083786609556,0.13197967712184067,7.58208084122435,17.125438407569533,20.5196481036779,0.04292386242050215,0.10099786350441858
800,c_x_tangent:c_0_0p05,t_0_0p005,0,0,nan,0,nan,0,nan,0,nan,nan,nan,nan,nan,nan,nan,nan,nan
800,c_x_tangent:c_0_0p05,t_0p005_0p01,44,0,0.0,0,0.0,44,1.0,0,0.0,0.0010496158672566324,0.0010496182372432199,1.0,0.02844006421986577,0.12403041097232957,0.12403065962950098,0.015107375441744286,0.01692513729541371
800,c_x_tangent:c_0_0p05,t_0p01_0p02,172,0,0.0,96,0.5581395348837209,172,1.0,0,0.0,0.031605253941521444,0.034712538729390834,0.7175908085083961,1.3935518517563734,2.6117613702024323,2.8061090222173837,0.01908487930707908,0.024740715016479925
800,c_x_tangent:c_0_0p05,t_0p02_0p05,16,0,0.0,16,1.0,16,1.0,0,0.0,0.05258259752585758,0.052582597525859275,0.2793581811261825,3.5859273006238688,3.7361605019075723,3.736160501907665,0.02864753095924001,0.029147149411163017
800,c_x_tangent:c_0_0p05,t_0p05_0p10,0,0,nan,0,nan,0,nan,0,nan,nan,nan,nan,nan,nan,nan,nan,nan
800,c_x_tangent:c_0_0p05,t_0p10_inf,0,0,nan,0,nan,0,nan,0,nan,nan,nan,nan,nan,nan,nan,nan,nan
800,c_x_tangent:c_0p05_0p10,t_0_0p005,0,0,nan,0,nan,0,nan,0,nan,nan,nan,nan,nan,nan,nan,nan,nan
800,c_x_tangent:c_0p05_0p10,t_0p005_0p01,0,0,nan,0,nan,0,nan,0,nan,nan,nan,nan,nan,nan,nan,nan,nan
800,c_x_tangent:c_0p05_0p10,t_0p01_0p02,0,0,nan,0,nan,0,nan,0,nan,nan,nan,nan,nan,nan,nan,nan,nan
800,c_x_tangent:c_0p05_0p10,t_0p02_0p05,144,0,0.0,144,1.0,144,1.0,0,0.0,0.15661191354378282,0.15714878410659355,0.16754922331841476,5.9683953180707725,10.41665286949923,10.44214730910814,0.035928630383539654,0.05162303943900296
800,c_x_tangent:c_0p05_0p10,t_0p05_0p10,0,0,nan,0,nan,0,nan,0,nan,nan,nan,nan,nan,nan,nan,nan,nan
800,c_x_tangent:c_0p05_0p10,t_0p10_inf,0,0,nan,0,nan,0,nan,0,nan,nan,nan,nan,nan,nan,nan,nan,nan
800,c_x_tangent:c_0p10_0p30,t_0_0p005,0,0,nan,0,nan,0,nan,0,nan,nan,nan,nan,nan,nan,nan,nan,nan
800,c_x_tangent:c_0p10_0p30,t_0p005_0p01,0,0,nan,0,nan,0,nan,0,nan,nan,nan,nan,nan,nan,nan,nan,nan
800,c_x_tangent:c_0p10_0p30,t_0p01_0p02,0,0,nan,0,nan,0,nan,0,nan,nan,nan,nan,nan,nan,nan,nan,nan
800,c_x_tangent:c_0p10_0p30,t_0p02_0p05,36,0,0.0,36,1.0,36,1.0,0,0.0,0.1918879038858622,0.19188792055099052,0.18266451391182534,5.474517072772771,9.19147775105875,9.191477845184245,0.060242413359285,0.06815282848583039
800,c_x_tangent:c_0p10_0p30,t_0p05_0p10,152,0,0.0,152,1.0,140,0.9210526315789473,12,0.07894736842105263,0.40940223896052147,0.41144507179701745,0.12223039849741063,8.18127088100099,10.045321032988586,10.262976583996577,0.07466946140699793,0.10549885524668585
800,c_x_tangent:c_0p10_0p30,t_0p10_inf,8,0,0.0,8,1.0,8,1.0,0,0.0,0.43959165935682565,0.439591659356826,0.09285787747140534,10.769145572037656,10.769145596053265,10.76914559605327,0.08163909023718904,0.08163910880878437
800,c_x_tangent:c_0p30_0p70,t_0_0p005,0,0,nan,0,nan,0,nan,0,nan,nan,nan,nan,nan,nan,nan,nan,nan
800,c_x_tangent:c_0p30_0p70,t_0p005_0p01,0,0,nan,0,nan,0,nan,0,nan,nan,nan,nan,nan,nan,nan,nan,nan
800,c_x_tangent:c_0p30_0p70,t_0p01_0p02,0,0,nan,0,nan,0,nan,0,nan,nan,nan,nan,nan,nan,nan,nan,nan
800,c_x_tangent:c_0p30_0p70,t_0p02_0p05,0,0,nan,0,nan,0,nan,0,nan,nan,nan,nan,nan,nan,nan,nan,nan
800,c_x_tangent:c_0p30_0p70,t_0p05_0p10,24,0,0.0,24,1.0,8,0.3333333333333333,16,0.6666666666666666,0.39735729001767367,0.39735729965770256,0.12853775513531557,7.779815346450308,8.22997488871883,8.229975176708965,0.10099786325195838,0.12106507430956122
800,c_x_tangent:c_0p30_0p70,t_0p10_inf,144,0,0.0,144,1.0,112,0.7777777777777778,32,0.2222222222222222,0.6762618956113085,0.680508431656221,0.07657376284806025,13.059303380248245,20.401236972490103,20.519648633343987,0.09103793024111045,0.12359723293728668
800,c_x_tangent:c_0p70_0p90,t_0_0p005,0,0,nan,0,nan,0,nan,0,nan,nan,nan,nan,nan,nan,nan,nan,nan
800,c_x_tangent:c_0p70_0p90,t_0p005_0p01,0,0,nan,0,nan,0,nan,0,nan,nan,nan,nan,nan,nan,nan,nan,nan
800,c_x_tangent:c_0p70_0p90,t_0p01_0p02,0,0,nan,0,nan,0,nan,0,nan,nan,nan,nan,nan,nan,nan,nan,nan
800,c_x_tangent:c_0p70_0p90,t_0p02_0p05,0,0,nan,0,nan,0,nan,0,nan,nan,nan,nan,nan,nan,nan,nan,nan
800,c_x_tangent:c_0p70_0p90,t_0p05_0p10,88,0,0.0,88,1.0,88,1.0,0,0.0,0.3821304974665389,0.38213053240576833,0.10695735353419802,9.364468245793375,19.501245880560298,19.501247165750463,0.06894629254384613,0.09274712597255921
800,c_x_tangent:c_0p70_0p90,t_0p10_inf,24,0,0.0,24,1.0,24,1.0,0,0.0,0.5341609208720917,0.5341609231558934,0.06653996993024888,15.028561044561021,15.561762763530732,15.561762810382206,0.06865043514084516,0.07586214670704529
800,c_x_tangent:c_0p90_0p95,t_0_0p005,0,0,nan,0,nan,0,nan,0,nan,nan,nan,nan,nan,nan,nan,nan,nan
800,c_x_tangent:c_0p90_0p95,t_0p005_0p01,0,0,nan,0,nan,0,nan,0,nan,nan,nan,nan,nan,nan,nan,nan,nan
800,c_x_tangent:c_0p90_0p95,t_0p01_0p02,0,0,nan,0,nan,0,nan,0,nan,nan,nan,nan,nan,nan,nan,nan,nan
800,c_x_tangent:c_0p90_0p95,t_0p02_0p05,20,0,0.0,20,1.0,20,1.0,0,0.0,0.23020917247411657,0.2302091724741188,0.042794519587758706,23.367478117129004,26.369476631917117,26.369476631917305,0.017460274171822346,0.018831444532693677
800,c_x_tangent:c_0p90_0p95,t_0p05_0p10,8,0,0.0,8,1.0,8,1.0,0,0.0,0.2513505946463361,0.2513505946463371,0.045637227496696485,21.91193582196435,21.91193604709293,21.911936047093093,0.022941885890377434,0.022941889033647946
800,c_x_tangent:c_0p90_0p95,t_0p10_inf,0,0,nan,0,nan,0,nan,0,nan,nan,nan,nan,nan,nan,nan,nan,nan
800,c_x_tangent:c_0p95_1,t_0_0p005,0,0,nan,0,nan,0,nan,0,nan,nan,nan,nan,nan,nan,nan,nan,nan
800,c_x_tangent:c_0p95_1,t_0p005_0p01,0,0,nan,0,nan,0,nan,0,nan,nan,nan,nan,nan,nan,nan,nan,nan
800,c_x_tangent:c_0p95_1,t_0p01_0p02,8,0,0.0,0,0.0,8,1.0,0,0.0,0.0001414087935317122,0.0001414087935317257,1.0,0.052474579981067304,0.0524747918150795,0.0524747918150836,0.005389588949105517,0.0053895895015662
800,c_x_tangent:c_0p95_1,t_0p02_0p05,12,0,0.0,12,1.0,12,1.0,0,0.0,0.043408682116620634,0.043408682116621064,0.0871049485519057,11.480404002583935,11.480414630976902,11.48041463097701,0.0075622131127492664,0.0075622150439573045
800,c_x_tangent:c_0p95_1,t_0p05_0p10,0,0,nan,0,nan,0,nan,0,nan,nan,nan,nan,nan,nan,nan,nan,nan
800,c_x_tangent:c_0p95_1,t_0p10_inf,0,0,nan,0,nan,0,nan,0,nan,nan,nan,nan,nan,nan,nan,nan,nan
900,region,none_or_unknown,0,0,nan,0,nan,0,nan,0,nan,nan,nan,nan,nan,nan,nan,nan,nan
900,region,sphere_upper,908,0,0.0,780,0.8590308370044053,848,0.933920704845815,60,0.06607929515418502,0.6091436242926025,0.6460376616819115,0.13259837797650353,7.541570381631674,17.41095376102435,23.557347569745147,0.049281285719050924,0.11402455706965095
900,region,sphere_lower90,0,0,nan,0,nan,0,nan,0,nan,nan,nan,nan,nan,nan,nan,nan,nan
900,region,sphere_bottom120,0,0,nan,0,nan,0,nan,0,nan,nan,nan,nan,nan,nan,nan,nan,nan
900,region,outer_or_other_wall,0,0,nan,0,nan,0,nan,0,nan,nan,nan,nan,nan,nan,nan,nan,nan
900,theta_zone,sphere11,908,0,0.0,780,0.8590308370044053,848,0.933920704845815,60,0.06607929515418502,0.6091436242926025,0.6460376616819115,0.13259837797650353,7.541570381631674,17.41095376102435,23.557347569745147,0.049281285719050924,0.11402455706965095
900,theta_zone,outer90,0,0,nan,0,nan,0,nan,0,nan,nan,nan,nan,nan,nan,nan,nan,nan
900,theta_zone,fallback,0,0,nan,0,nan,0,nan,0,nan,nan,nan,nan,nan,nan,nan,nan,nan
900,c_bin,c_0_0p05,232,0,0.0,104,0.4482758620689655,232,1.0,0,0.0,0.03878259608442366,0.04232160647177369,1.0,0.6830205844457933,3.062535531561094,3.2675927209046236,0.018334300576178617,0.025903843708863283
900,c_bin,c_0p05_0p10,160,0,0.0,160,1.0,160,1.0,0,0.0,0.15766828326882784,0.1611132953508249,0.17394776983026056,5.748852089198283,9.860508557090606,10.007310779367083,0.03795670398354947,0.05166783003896489
900,c_bin,c_0p10_0p30,188,0,0.0,188,1.0,176,0.9361702127659575,12,0.06382978723404255,0.42733682538079654,0.45572915283720444,0.12471480408280804,8.018294278328185,10.395112562390313,10.90890825589564,0.07286978515884915,0.1025500408468916
900,c_bin,c_0p30_0p70,176,0,0.0,176,1.0,128,0.7272727272727273,48,0.2727272727272727,0.6460376617040604,0.6797815487203643,0.08736034465693095,11.459455032820859,20.780766935160976,20.902150761536383,0.09559025766425469,0.12323459697016734
900,c_bin,c_0p70_0p90,112,0,0.0,112,1.0,112,1.0,0,0.0,0.5227183983826685,0.5227185350473406,0.09174074319907624,10.912882260798451,19.58711594242195,19.58711891918732,0.06583274522311053,0.09097029010064128
900,c_bin,c_0p90_0p95,20,0,0.0,20,1.0,20,1.0,0,0.0,0.23817640076381852,0.23817640076382193,0.04244960192229108,23.557346941217894,26.601416211448065,26.601416211448793,0.017637271458676083,0.021562501644406432
900,c_bin,c_0p95_1,20,0,0.0,20,1.0,20,1.0,0,0.0,0.08403951446345806,0.08403951446346308,0.11241659167230166,8.895484066223144,17.236684968569158,17.236684968570632,0.007001345659518626,0.009751238665288634
900,tangent_bin,t_0_0p005,0,0,nan,0,nan,0,nan,0,nan,nan,nan,nan,nan,nan,nan,nan,nan
900,tangent_bin,t_0p005_0p01,52,0,0.0,0,0.0,52,1.0,0,0.0,0.0005993429707200996,0.0005993525284701504,1.0,0.02930959087652906,0.09054327878149826,0.0905447120297964,0.012498071685891454,0.016438995259728743
900,tangent_bin,t_0p01_0p02,184,0,0.0,108,0.5869565217391305,184,1.0,0,0.0,0.038782733594093316,0.042321634625107685,0.6035085067906463,1.6576012967641662,3.062541400750101,3.267593850871478,0.019815105493736385,0.02590388562891384
900,tangent_bin,t_0p02_0p05,220,0,0.0,220,1.0,220,1.0,0,0.0,0.2077435265266583,0.21732381262053832,0.1675187489266991,5.969481066508793,23.55734621037137,26.60141442667,0.03795670683320733,0.062397805816787194
900,tangent_bin,t_0p05_0p10,264,0,0.0,264,1.0,248,0.9393939393939394,16,0.06060606060606061,0.42727361373954015,0.42733678806243036,0.12218731186741247,8.185205991710834,19.587116362007812,22.091724057222798,0.07352449691042093,0.10389804027702251
900,tangent_bin,t_0p10_inf,188,0,0.0,188,1.0,144,0.7659574468085106,44,0.23404255319148937,0.6460376615933163,0.6797815485784192,0.0836522562567088,11.954250187003193,20.780766768558873,20.90215048555833,0.09126655671108273,0.12323458908544421
900,normal_raw_abs_bin,normal_raw_abs_0_1e-4,0,0,nan,0,nan,0,nan,0,nan,nan,nan,nan,nan,nan,nan,nan,nan
900,normal_raw_abs_bin,normal_raw_abs_1e-4_1e-3,0,0,nan,0,nan,0,nan,0,nan,nan,nan,nan,nan,nan,nan,nan,nan
900,normal_raw_abs_bin,normal_raw_abs_1e-3_1e-2,20,0,0.0,20,1.0,20,1.0,0,0.0,0.08403951446345806,0.08403951446346308,0.11241659167230166,8.895484066223144,17.236684968569158,17.236684968570632,0.007001345659518626,0.009751238665288634
900,normal_raw_abs_bin,normal_raw_abs_1e-2_5e-2,436,0,0.0,308,0.7064220183486238,436,1.0,0,0.0,0.28568207396612433,0.33346757138137895,0.326526913027661,3.0625346950048327,19.587117981141972,23.557348127040676,0.02445051980352362,0.04741962107325097
900,normal_raw_abs_bin,normal_raw_abs_5e-2_inf,452,0,0.0,452,1.0,392,0.8672566371681416,60,0.13274336283185842,0.6435653897030494,0.6797814869816795,0.115409193169133,8.664820995104721,16.017037907055695,20.78076915607902,0.08133580665792456,0.12205846496993715
900,cap_source,abs_cap_selected,60,0,0.0,60,1.0,0,0.0,60,1.0,0.4504124443730327,0.4504124613894486,0.11685239008998885,8.557805272360223,9.008248887460653,9.008249227788971,0.1219403691315233,0.1255349727649453
900,cap_source,ratio_cap_selected,848,0,0.0,720,0.8490566037735849,848,1.0,0,0.0,0.6137069803198533,0.6460376617040605,0.1425566818504096,7.014753619541648,17.410956263321907,23.557347672063887,0.044656458972052906,0.09599140331380349
900,cap_source,none_or_inactive,0,0,nan,0,nan,0,nan,0,nan,nan,nan,nan,nan,nan,nan,nan,nan
900,limiter_class,none,128,0,0.0,0,0.0,128,1.0,0,0.0,0.008054508700376136,0.008054575241449372,1.0,0.14206116913544226,0.8854966901694437,0.8855035064849656,0.014377000479111314,0.019915521086953627
900,limiter_class,abs_cap_limiter,60,0,0.0,60,1.0,0,0.0,60,1.0,0.4504124443730327,0.4504124613894486,0.11685239008998885,8.557805272360223,9.008248887460653,9.008249227788971,0.1219403691315233,0.1255349727649453
900,limiter_class,ratio_cap_limiter,720,0,0.0,720,1.0,720,1.0,0,0.0,0.6144111456422269,0.6733701487419231,0.12463054140410122,8.023715511757644,19.587116574120905,23.557347771412857,0.059275394676189475,0.09600320905028123
900,limiter_class,secondary_vector_safety,0,0,nan,0,nan,0,nan,0,nan,nan,nan,nan,nan,nan,nan,nan,nan
900,limiter_class,inactive_or_fallback,0,0,nan,0,nan,0,nan,0,nan,nan,nan,nan,nan,nan,nan,nan,nan
900,normal_agreement_bin,normal_0_0p5,0,0,nan,0,nan,0,nan,0,nan,nan,nan,nan,nan,nan,nan,nan,nan
900,normal_agreement_bin,normal_0p5_0p9,0,0,nan,0,nan,0,nan,0,nan,nan,nan,nan,nan,nan,nan,nan,nan
900,normal_agreement_bin,normal_0p9_0p99,228,0,0.0,212,0.9298245614035088,208,0.9122807017543859,20,0.08771929824561403,0.6369632505151483,0.6460376613876493,0.13259837797650353,7.541570381631674,22.091723689082013,23.557347794717003,0.07059941476890727,0.11402456671126451
900,normal_agreement_bin,normal_0p99_1p01,680,0,0.0,568,0.8352941176470589,640,0.9411764705882353,40,0.058823529411764705,0.6048454212035362,0.6797814728619179,0.13189666892769858,7.586302459087101,17.236682840431957,20.90215018658204,0.04456697572964059,0.10389804220680234
900,c_x_tangent:c_0_0p05,t_0_0p005,0,0,nan,0,nan,0,nan,0,nan,nan,nan,nan,nan,nan,nan,nan,nan
900,c_x_tangent:c_0_0p05,t_0p005_0p01,52,0,0.0,0,0.0,52,1.0,0,0.0,0.0005993429707200996,0.0005993525284701504,1.0,0.02930959087652906,0.09054327878149826,0.0905447120297964,0.012498071685891454,0.016438995259728743
900,c_x_tangent:c_0_0p05,t_0p01_0p02,180,0,0.0,104,0.5777777777777777,180,1.0,0,0.0,0.038782756731375545,0.0423216412494215,0.6152178529023402,1.6254404765545827,3.062542383989165,3.267594116746028,0.019815112874501405,0.025903892929519702
900,c_x_tangent:c_0_0p05,t_0p02_0p05,0,0,nan,0,nan,0,nan,0,nan,nan,nan,nan,nan,nan,nan,nan,nan
900,c_x_tangent:c_0_0p05,t_0p05_0p10,0,0,nan,0,nan,0,nan,0,nan,nan,nan,nan,nan,nan,nan,nan,nan
900,c_x_tangent:c_0_0p05,t_0p10_inf,0,0,nan,0,nan,0,nan,0,nan,nan,nan,nan,nan,nan,nan,nan,nan
900,c_x_tangent:c_0p05_0p10,t_0_0p005,0,0,nan,0,nan,0,nan,0,nan,nan,nan,nan,nan,nan,nan,nan,nan
900,c_x_tangent:c_0p05_0p10,t_0p005_0p01,0,0,nan,0,nan,0,nan,0,nan,nan,nan,nan,nan,nan,nan,nan,nan
900,c_x_tangent:c_0p05_0p10,t_0p01_0p02,0,0,nan,0,nan,0,nan,0,nan,nan,nan,nan,nan,nan,nan,nan,nan
900,c_x_tangent:c_0p05_0p10,t_0p02_0p05,160,0,0.0,160,1.0,160,1.0,0,0.0,0.15766828326882784,0.1611132953508249,0.17394776983026056,5.748852089198283,9.860508557090606,10.007310779367083,0.03795670398354947,0.05166783003896489
900,c_x_tangent:c_0p05_0p10,t_0p05_0p10,0,0,nan,0,nan,0,nan,0,nan,nan,nan,nan,nan,nan,nan,nan,nan
900,c_x_tangent:c_0p05_0p10,t_0p10_inf,0,0,nan,0,nan,0,nan,0,nan,nan,nan,nan,nan,nan,nan,nan,nan
900,c_x_tangent:c_0p10_0p30,t_0_0p005,0,0,nan,0,nan,0,nan,0,nan,nan,nan,nan,nan,nan,nan,nan,nan
900,c_x_tangent:c_0p10_0p30,t_0p005_0p01,0,0,nan,0,nan,0,nan,0,nan,nan,nan,nan,nan,nan,nan,nan,nan
900,c_x_tangent:c_0p10_0p30,t_0p01_0p02,0,0,nan,0,nan,0,nan,0,nan,nan,nan,nan,nan,nan,nan,nan,nan
900,c_x_tangent:c_0p10_0p30,t_0p02_0p05,32,0,0.0,32,1.0,32,1.0,0,0.0,0.19870678660575206,0.19870680448800784,0.1903758464342341,5.273074626579419,8.917220224325405,8.917220278420439,0.0617408857247551,0.07059945555932444
900,c_x_tangent:c_0p10_0p30,t_0p05_0p10,136,0,0.0,136,1.0,128,0.9411764705882353,8,0.058823529411764705,0.4273367356352796,0.42733682538079654,0.12471480510084329,8.018294212875599,10.39511073420184,10.395112562390313,0.07352449691042093,0.11402455438487585
900,c_x_tangent:c_0p10_0p30,t_0p10_inf,20,0,0.0,20,1.0,16,0.8,4,0.2,0.45572920640110515,0.4557292064011056,0.1155367314552172,8.655256102580733,10.908908354907505,10.908908354907533,0.09763162754805499,0.10255004761328539
900,c_x_tangent:c_0p30_0p70,t_0_0p005,0,0,nan,0,nan,0,nan,0,nan,nan,nan,nan,nan,nan,nan,nan,nan
900,c_x_tangent:c_0p30_0p70,t_0p005_0p01,0,0,nan,0,nan,0,nan,0,nan,nan,nan,nan,nan,nan,nan,nan,nan
900,c_x_tangent:c_0p30_0p70,t_0p01_0p02,0,0,nan,0,nan,0,nan,0,nan,nan,nan,nan,nan,nan,nan,nan,nan
900,c_x_tangent:c_0p30_0p70,t_0p02_0p05,0,0,nan,0,nan,0,nan,0,nan,nan,nan,nan,nan,nan,nan,nan,nan
900,c_x_tangent:c_0p30_0p70,t_0p05_0p10,24,0,0.0,24,1.0,16,0.6666666666666666,8,0.3333333333333333,0.40299795674600786,0.402997971811941,0.12474172611719073,8.016563752376983,8.092491813087408,8.092492229927572,0.09959799751802909,0.10389804728395871
900,c_x_tangent:c_0p30_0p70,t_0p10_inf,152,0,0.0,152,1.0,112,0.7368421052631579,40,0.2631578947368421,0.6612223767250961,0.6797815490042545,0.07983327509090485,12.554835321109108,20.780767675303924,20.90215131349249,0.09144581144032114,0.12426975977092478
900,c_x_tangent:c_0p70_0p90,t_0_0p005,0,0,nan,0,nan,0,nan,0,nan,nan,nan,nan,nan,nan,nan,nan,nan
900,c_x_tangent:c_0p70_0p90,t_0p005_0p01,0,0,nan,0,nan,0,nan,0,nan,nan,nan,nan,nan,nan,nan,nan,nan
900,c_x_tangent:c_0p70_0p90,t_0p01_0p02,0,0,nan,0,nan,0,nan,0,nan,nan,nan,nan,nan,nan,nan,nan,nan
900,c_x_tangent:c_0p70_0p90,t_0p02_0p05,0,0,nan,0,nan,0,nan,0,nan,nan,nan,nan,nan,nan,nan,nan,nan
900,c_x_tangent:c_0p70_0p90,t_0p05_0p10,96,0,0.0,96,1.0,96,1.0,0,0.0,0.427273635198423,0.4272737076797446,0.10200782478191854,9.803169532708786,19.58711651935254,19.587119080413874,0.06912709086335486,0.09097029693892834
900,c_x_tangent:c_0p70_0p90,t_0p10_inf,16,0,0.0,16,1.0,16,1.0,0,0.0,0.5227185376035325,0.5227185376035343,0.06445082760400234,15.52066961767137,15.798269445338207,15.798269445338272,0.06368850080776922,0.06617415678293982
900,c_x_tangent:c_0p90_0p95,t_0_0p005,0,0,nan,0,nan,0,nan,0,nan,nan,nan,nan,nan,nan,nan,nan,nan
900,c_x_tangent:c_0p90_0p95,t_0p005_0p01,0,0,nan,0,nan,0,nan,0,nan,nan,nan,nan,nan,nan,nan,nan,nan
900,c_x_tangent:c_0p90_0p95,t_0p01_0p02,0,0,nan,0,nan,0,nan,0,nan,nan,nan,nan,nan,nan,nan,nan,nan
900,c_x_tangent:c_0p90_0p95,t_0p02_0p05,12,0,0.0,12,1.0,12,1.0,0,0.0,0.21732390175863123,0.21732390175863284,0.042449600084894366,23.557347960878637,26.60141621144845,26.601416211448868,0.01763726432788083,0.01763727302213305
900,c_x_tangent:c_0p90_0p95,t_0p05_0p10,8,0,0.0,8,1.0,8,1.0,0,0.0,0.2381764007638212,0.2381764007638225,0.04526582086648164,22.09172353130746,22.091724283030693,22.09172428303087,0.021562496648521626,0.02156250164440665
900,c_x_tangent:c_0p90_0p95,t_0p10_inf,0,0,nan,0,nan,0,nan,0,nan,nan,nan,nan,nan,nan,nan,nan,nan
900,c_x_tangent:c_0p95_1,t_0_0p005,0,0,nan,0,nan,0,nan,0,nan,nan,nan,nan,nan,nan,nan,nan,nan
900,c_x_tangent:c_0p95_1,t_0p005_0p01,0,0,nan,0,nan,0,nan,0,nan,nan,nan,nan,nan,nan,nan,nan,nan
900,c_x_tangent:c_0p95_1,t_0p01_0p02,4,0,0.0,4,1.0,4,1.0,0,0.0,0.0063497538136297075,0.006349753813629865,0.469672111376428,2.129144941290088,2.129148067909876,2.1291480679099313,0.0059645946748364265,0.005964595801797026
900,c_x_tangent:c_0p95_1,t_0p02_0p05,16,0,0.0,16,1.0,16,1.0,0,0.0,0.08403951446345938,0.08403951446346335,0.08521621852580222,13.06607388926399,17.23668496856955,17.23668496857071,0.008376289732640398,0.0097512386652887
900,c_x_tangent:c_0p95_1,t_0p05_0p10,0,0,nan,0,nan,0,nan,0,nan,nan,nan,nan,nan,nan,nan,nan,nan
900,c_x_tangent:c_0p95_1,t_0p10_inf,0,0,nan,0,nan,0,nan,0,nan,nan,nan,nan,nan,nan,nan,nan,nan
1000,region,none_or_unknown,0,0,nan,0,nan,0,nan,0,nan,nan,nan,nan,nan,nan,nan,nan,nan
1000,region,sphere_upper,924,0,0.0,788,0.8528138528138528,856,0.9264069264069265,68,0.0735930735930736,0.6070379072658013,0.6470816609500727,0.13520012159572392,7.3964430519538045,17.6527587498893,23.033118069924257,0.05119266378058963,0.11631380800816471
1000,region,sphere_lower90,0,0,nan,0,nan,0,nan,0,nan,nan,nan,nan,nan,nan,nan,nan,nan
1000,region,sphere_bottom120,0,0,nan,0,nan,0,nan,0,nan,nan,nan,nan,nan,nan,nan,nan,nan
1000,region,outer_or_other_wall,0,0,nan,0,nan,0,nan,0,nan,nan,nan,nan,nan,nan,nan,nan,nan
1000,theta_zone,sphere11,924,0,0.0,788,0.8528138528138528,856,0.9264069264069265,68,0.0735930735930736,0.6070379072658013,0.6470816609500727,0.13520012159572392,7.3964430519538045,17.6527587498893,23.033118069924257,0.05119266378058963,0.11631380800816471
1000,theta_zone,outer90,0,0,nan,0,nan,0,nan,0,nan,nan,nan,nan,nan,nan,nan,nan,nan
1000,theta_zone,fallback,0,0,nan,0,nan,0,nan,0,nan,nan,nan,nan,nan,nan,nan,nan,nan
1000,c_bin,c_0_0p05,232,0,0.0,96,0.41379310344827586,232,1.0,0,0.0,0.03579395813347641,0.03948805070576905,1.0,0.5572140988702607,2.8366829302327967,2.939803116992168,0.018725257837858486,0.026864399862618734
1000,c_bin,c_0p05_0p10,160,0,0.0,160,1.0,160,1.0,0,0.0,0.15810559808940672,0.16505813203670494,0.17837177588139932,5.606268116458667,9.401504721745075,9.708397141226625,0.03610239547851013,0.05131178391203247
1000,c_bin,c_0p10_0p30,204,0,0.0,204,1.0,192,0.9411764705882353,12,0.058823529411764705,0.44148971388577757,0.4700342593630856,0.12817963251455136,7.801551466349219,10.499665468548185,11.020748345306991,0.07417824155231206,0.10434568693295584
1000,c_bin,c_0p30_0p70,172,0,0.0,172,1.0,116,0.6744186046511628,56,0.32558139534883723,0.6470816611518765,0.6773997829227955,0.08996603674866926,11.115305688007835,17.652763417720234,21.104762201922945,0.0973518522115439,0.12518056088772037
1000,c_bin,c_0p70_0p90,116,0,0.0,116,1.0,116,1.0,0,0.0,0.511473681510009,0.6172508647872124,0.08872531922998651,11.270739949753034,19.653287266394596,21.22892419736709,0.06245817335366068,0.08920964885799416
1000,c_bin,c_0p90_0p95,20,0,0.0,20,1.0,20,1.0,0,0.0,0.22663876552089665,0.22663876552089976,0.04341575135881705,23.03311514144673,26.378489455924562,26.37848945592471,0.016625254034876025,0.020385467184074926
1000,c_bin,c_0p95_1,20,0,0.0,20,1.0,20,1.0,0,0.0,0.06656180415455157,0.06656180415455472,0.1457354224281112,6.861749760896255,14.579118828215309,14.57911882821608,0.006537234031328221,0.009131114841554417
1000,tangent_bin,t_0_0p005,0,0,nan,0,nan,0,nan,0,nan,nan,nan,nan,nan,nan,nan,nan,nan
1000,tangent_bin,t_0p005_0p01,60,0,0.0,0,0.0,60,1.0,0,0.0,0.0010947298923745755,0.0010947456023909083,1.0,0.03414693575610235,0.1349872228519297,0.13498949399154275,0.012357112660199825,0.017241387317793542
1000,tangent_bin,t_0p01_0p02,184,0,0.0,108,0.5869565217391305,184,1.0,0,0.0,0.046721509430408155,0.050642562760458316,0.6655208226691881,1.5025825878588028,3.518959546162946,3.7275318985602905,0.02082505014639664,0.02717221225993861
1000,tangent_bin,t_0p02_0p05,236,0,0.0,236,1.0,236,1.0,0,0.0,0.20515340005312488,0.22663873926186215,0.1628283135240478,6.14143804819493,22.434774638882672,26.378482679256894,0.04022504074613584,0.06460974180545943
1000,tangent_bin,t_0p05_0p10,256,0,0.0,256,1.0,232,0.90625,24,0.09375,0.41322480562491615,0.4539189801626193,0.12266076965521402,8.152565835114935,17.06731982292712,19.653286789268613,0.07387950969581952,0.1063261253131211
1000,tangent_bin,t_0p10_inf,188,0,0.0,188,1.0,144,0.7659574468085106,44,0.23404255319148937,0.647081660844784,0.6773997825999587,0.08382650531038105,11.9294010444235,21.10475896455621,21.228921529084626,0.0912861352421073,0.12518055020309413
1000,normal_raw_abs_bin,normal_raw_abs_0_1e-4,0,0,nan,0,nan,0,nan,0,nan,nan,nan,nan,nan,nan,nan,nan,nan
1000,normal_raw_abs_bin,normal_raw_abs_1e-4_1e-3,0,0,nan,0,nan,0,nan,0,nan,nan,nan,nan,nan,nan,nan,nan,nan
1000,normal_raw_abs_bin,normal_raw_abs_1e-3_1e-2,20,0,0.0,20,1.0,20,1.0,0,0.0,0.06656180415455157,0.06656180415455472,0.1457354224281112,6.861749760896255,14.579118828215309,14.57911882821608,0.006537234031328221,0.009131114841554417
1000,normal_raw_abs_bin,normal_raw_abs_1e-2_5e-2,428,0,0.0,292,0.6822429906542056,428,1.0,0,0.0,0.27299779333714846,0.3203715673533002,0.3623220086030431,2.75997586748092,19.653288029796123,23.03312486681187,0.024849321059197058,0.04565182826666726
1000,normal_raw_abs_bin,normal_raw_abs_5e-2_inf,476,0,0.0,476,1.0,408,0.8571428571428571,68,0.14285714285714285,0.6334926396865412,0.6773996915793334,0.1139826928508599,8.773261755698694,16.217393271259805,21.104762858893693,0.07856712235399141,0.12345005739791526
1000,cap_source,abs_cap_selected,68,0,0.0,68,1.0,0,0.0,68,1.0,0.4605184395962529,0.4605184735971857,0.11572284313161807,8.641336255994473,9.210368791925056,9.210369471943713,0.12177968697973425,0.12669979044810156
1000,cap_source,ratio_cap_selected,856,0,0.0,720,0.8411214953271028,856,1.0,0,0.0,0.6120433285436457,0.6470816611518766,0.14935155875920172,6.696270114032879,17.652762922530457,23.033120564553485,0.04565183524199854,0.09790180289557984
1000,cap_source,none_or_inactive,0,0,nan,0,nan,0,nan,0,nan,nan,nan,nan,nan,nan,nan,nan,nan
1000,limiter_class,none,136,0,0.0,0,0.0,136,1.0,0,0.0,0.009166873799142737,0.009166936341008947,1.0,0.1269882255588422,0.8803703854769945,0.8803747521593965,0.014923132829648232,0.020825038984417954
1000,limiter_class,abs_cap_limiter,68,0,0.0,68,1.0,0,0.0,68,1.0,0.4605184395962529,0.4605184735971857,0.11572284313161807,8.641336255994473,9.210368791925056,9.210369471943713,0.12177968697973425,0.12669979044810156
1000,limiter_class,ratio_cap_limiter,720,0,0.0,720,1.0,720,1.0,0,0.0,0.6123037192165584,0.6716392506030269,0.126950381521209,7.877093302259608,19.653285302815572,23.033121495788915,0.05683925749834784,0.09790378105453343
1000,limiter_class,secondary_vector_safety,0,0,nan,0,nan,0,nan,0,nan,nan,nan,nan,nan,nan,nan,nan,nan
1000,limiter_class,inactive_or_fallback,0,0,nan,0,nan,0,nan,0,nan,nan,nan,nan,nan,nan,nan,nan,nan
1000,normal_agreement_bin,normal_0_0p5,0,0,nan,0,nan,0,nan,0,nan,nan,nan,nan,nan,nan,nan,nan,nan
1000,normal_agreement_bin,normal_0p5_0p9,0,0,nan,0,nan,0,nan,0,nan,nan,nan,nan,nan,nan,nan,nan,nan
1000,normal_agreement_bin,normal_0p9_0p99,228,0,0.0,220,0.9649122807017544,208,0.9122807017543859,20,0.08771929824561403,0.6331931781764166,0.6470816602744702,0.12817966619776144,7.80154941624794,22.235328841100404,23.03312171422753,0.07252599380361369,0.11631382378031521
1000,normal_agreement_bin,normal_0p99_1p01,696,0,0.0,568,0.8160919540229885,648,0.9310344827586207,48,0.06896551724137931,0.6063664298319835,0.6773996728199654,0.13613749721361237,7.345863060069619,17.06732226328148,21.228921047311328,0.04565183524199854,0.10632612563442362
1000,c_x_tangent:c_0_0p05,t_0_0p005,0,0,nan,0,nan,0,nan,0,nan,nan,nan,nan,nan,nan,nan,nan,nan
1000,c_x_tangent:c_0_0p05,t_0p005_0p01,60,0,0.0,0,0.0,60,1.0,0,0.0,0.0010947298923745755,0.0010947456023909083,1.0,0.03414693575610235,0.1349872228519297,0.13498949399154275,0.012357112660199825,0.017241387317793542
1000,c_x_tangent:c_0_0p05,t_0p01_0p02,164,0,0.0,88,0.5365853658536586,164,1.0,0,0.0,0.03579408858807795,0.03948805738860984,0.9452540293369426,1.057916675279675,2.759979373045659,2.939803354561719,0.019554808146194015,0.0268644249777854
1000,c_x_tangent:c_0_0p05,t_0p02_0p05,8,0,0.0,8,1.0,8,1.0,0,0.0,0.030067139222718465,0.03006713922271904,0.3525243709661114,2.836683311458025,2.8366953853148282,2.836695385314872,0.021198689642626438,0.02119870845376758
1000,c_x_tangent:c_0_0p05,t_0p05_0p10,0,0,nan,0,nan,0,nan,0,nan,nan,nan,nan,nan,nan,nan,nan,nan
1000,c_x_tangent:c_0_0p05,t_0p10_inf,0,0,nan,0,nan,0,nan,0,nan,nan,nan,nan,nan,nan,nan,nan,nan
1000,c_x_tangent:c_0p05_0p10,t_0_0p005,0,0,nan,0,nan,0,nan,0,nan,nan,nan,nan,nan,nan,nan,nan,nan
1000,c_x_tangent:c_0p05_0p10,t_0p005_0p01,0,0,nan,0,nan,0,nan,0,nan,nan,nan,nan,nan,nan,nan,nan,nan
1000,c_x_tangent:c_0p05_0p10,t_0p01_0p02,16,0,0.0,16,1.0,16,1.0,0,0.0,0.050642743860248224,0.050642743860248425,0.2762245498259841,3.6232445138997553,3.7275379317960624,3.727537931796074,0.026863159011409482,0.02717222187238573
1000,c_x_tangent:c_0p05_0p10,t_0p02_0p05,144,0,0.0,144,1.0,144,1.0,0,0.0,0.16396021436644775,0.1650581585805496,0.16747810142849806,5.975535754446649,9.659926091802657,9.70839860458716,0.04022503692238594,0.053217535498777994
1000,c_x_tangent:c_0p05_0p10,t_0p05_0p10,0,0,nan,0,nan,0,nan,0,nan,nan,nan,nan,nan,nan,nan,nan,nan
1000,c_x_tangent:c_0p05_0p10,t_0p10_inf,0,0,nan,0,nan,0,nan,0,nan,nan,nan,nan,nan,nan,nan,nan,nan
1000,c_x_tangent:c_0p10_0p30,t_0_0p005,0,0,nan,0,nan,0,nan,0,nan,nan,nan,nan,nan,nan,nan,nan,nan
1000,c_x_tangent:c_0p10_0p30,t_0p005_0p01,0,0,nan,0,nan,0,nan,0,nan,nan,nan,nan,nan,nan,nan,nan,nan
1000,c_x_tangent:c_0p10_0p30,t_0p01_0p02,0,0,nan,0,nan,0,nan,0,nan,nan,nan,nan,nan,nan,nan,nan,nan
1000,c_x_tangent:c_0p10_0p30,t_0p02_0p05,48,0,0.0,48,1.0,48,1.0,0,0.0,0.20515350191612586,0.20515354742690847,0.17531280938126537,5.704118340757484,8.68753905458034,8.687539258740125,0.059711906672976434,0.0730903248540189
1000,c_x_tangent:c_0p10_0p30,t_0p05_0p10,128,0,0.0,128,1.0,120,0.9375,8,0.0625,0.3972704155875994,0.39727058252513553,0.1272090623592267,7.86153279341921,10.068405312297884,10.068406880742442,0.0751734624639423,0.11631380800816461
1000,c_x_tangent:c_0p10_0p30,t_0p10_inf,28,0,0.0,28,1.0,24,0.8571428571428571,4,0.14285714285714285,0.4700343254317043,0.4700343610071145,0.09524114042574738,10.499664278795892,11.020748471025412,11.020748538719966,0.08529989644399907,0.10434570271311072
1000,c_x_tangent:c_0p30_0p70,t_0_0p005,0,0,nan,0,nan,0,nan,0,nan,nan,nan,nan,nan,nan,nan,nan,nan
1000,c_x_tangent:c_0p30_0p70,t_0p005_0p01,0,0,nan,0,nan,0,nan,0,nan,nan,nan,nan,nan,nan,nan,nan,nan
1000,c_x_tangent:c_0p30_0p70,t_0p01_0p02,0,0,nan,0,nan,0,nan,0,nan,nan,nan,nan,nan,nan,nan,nan,nan
1000,c_x_tangent:c_0p30_0p70,t_0p02_0p05,0,0,nan,0,nan,0,nan,0,nan,nan,nan,nan,nan,nan,nan,nan,nan
1000,c_x_tangent:c_0p30_0p70,t_0p05_0p10,24,0,0.0,24,1.0,8,0.3333333333333333,16,0.6666666666666666,0.40762841925795246,0.4076284398037528,0.12579948648312952,7.949158044727838,8.152568385159048,8.152568796075055,0.10216531831417901,0.10632613341320915
1000,c_x_tangent:c_0p30_0p70,t_0p10_inf,148,0,0.0,148,1.0,108,0.7297297297297297,40,0.2702702702702703,0.6667883687361346,0.6773997834070506,0.08304550574249127,12.041590824924533,19.896560208333774,21.104762423997567,0.0915489651468421,0.12616805316189217
1000,c_x_tangent:c_0p70_0p90,t_0_0p005,0,0,nan,0,nan,0,nan,0,nan,nan,nan,nan,nan,nan,nan,nan,nan
1000,c_x_tangent:c_0p70_0p90,t_0p005_0p01,0,0,nan,0,nan,0,nan,0,nan,nan,nan,nan,nan,nan,nan,nan,nan
1000,c_x_tangent:c_0p70_0p90,t_0p01_0p02,0,0,nan,0,nan,0,nan,0,nan,nan,nan,nan,nan,nan,nan,nan,nan
1000,c_x_tangent:c_0p70_0p90,t_0p02_0p05,0,0,nan,0,nan,0,nan,0,nan,nan,nan,nan,nan,nan,nan,nan,nan
1000,c_x_tangent:c_0p70_0p90,t_0p05_0p10,104,0,0.0,104,1.0,104,1.0,0,0.0,0.45391882368995146,0.4539189906223022,0.09824435370725401,10.190100085644895,19.653285000243162,19.653288640517342,0.06245815915805365,0.08920965895748709
1000,c_x_tangent:c_0p70_0p90,t_0p10_inf,12,0,0.0,12,1.0,12,1.0,0,0.0,0.6172508923681619,0.6172508923681634,0.06250813050610224,15.997918861169218,21.228924753259363,21.228924753259456,0.0639425065347228,0.06394253801649874
1000,c_x_tangent:c_0p90_0p95,t_0_0p005,0,0,nan,0,nan,0,nan,0,nan,nan,nan,nan,nan,nan,nan,nan,nan
1000,c_x_tangent:c_0p90_0p95,t_0p005_0p01,0,0,nan,0,nan,0,nan,0,nan,nan,nan,nan,nan,nan,nan,nan,nan
1000,c_x_tangent:c_0p90_0p95,t_0p01_0p02,0,0,nan,0,nan,0,nan,0,nan,nan,nan,nan,nan,nan,nan,nan,nan
1000,c_x_tangent:c_0p90_0p95,t_0p02_0p05,20,0,0.0,20,1.0,20,1.0,0,0.0,0.22663876552089665,0.22663876552089976,0.04341575135881705,23.03311514144673,26.378489455924562,26.37848945592471,0.016625254034876025,0.020385467184074926
1000,c_x_tangent:c_0p90_0p95,t_0p05_0p10,0,0,nan,0,nan,0,nan,0,nan,nan,nan,nan,nan,nan,nan,nan,nan
1000,c_x_tangent:c_0p90_0p95,t_0p10_inf,0,0,nan,0,nan,0,nan,0,nan,nan,nan,nan,nan,nan,nan,nan,nan
1000,c_x_tangent:c_0p95_1,t_0_0p005,0,0,nan,0,nan,0,nan,0,nan,nan,nan,nan,nan,nan,nan,nan,nan
1000,c_x_tangent:c_0p95_1,t_0p005_0p01,0,0,nan,0,nan,0,nan,0,nan,nan,nan,nan,nan,nan,nan,nan,nan
1000,c_x_tangent:c_0p95_1,t_0p01_0p02,4,0,0.0,4,1.0,4,1.0,0,0.0,0.0036316133984717345,0.003631613398471834,0.7657882210251008,1.3058440604742476,1.3058474577213033,1.3058474577213484,0.005562077535055804,0.005562079057547858
1000,c_x_tangent:c_0p95_1,t_0p02_0p05,16,0,0.0,16,1.0,16,1.0,0,0.0,0.0665618041545524,0.06656180415455488,0.10716338010462191,10.720419598918646,14.579118828215512,14.57911882821612,0.007834171141590058,0.009131114841554431
1000,c_x_tangent:c_0p95_1,t_0p05_0p10,0,0,nan,0,nan,0,nan,0,nan,nan,nan,nan,nan,nan,nan,nan,nan
1000,c_x_tangent:c_0p95_1,t_0p10_inf,0,0,nan,0,nan,0,nan,0,nan,nan,nan,nan,nan,nan,nan,nan,nan
