step,group,bin,active_count,limiter_count,limiter_fraction,normal_limiter_count,normal_limiter_fraction,ratio_cap_selected_count,ratio_cap_selected_fraction,abs_cap_selected_count,abs_cap_selected_fraction,raw_delta_p95,raw_delta_p99,limiter_ratio_p50,cap_demand_ratio_p50,cap_demand_ratio_p95,cap_demand_ratio_p99,normal_raw_abs_p50,normal_raw_abs_p95
0,region,none_or_unknown,7536,0,0.0,6768,0.8980891719745223,5048,0.6698513800424628,2488,0.33014861995753714,0.7405717608357846,0.7470770483681689,0.09205785323511155,10.862847795758011,14.81143521671569,14.941540967363377,0.06133080428151852,0.15245514100433458
0,region,sphere_upper,0,0,nan,0,nan,0,nan,0,nan,nan,nan,nan,nan,nan,nan,nan,nan
0,region,sphere_lower90,0,0,nan,0,nan,0,nan,0,nan,nan,nan,nan,nan,nan,nan,nan,nan
0,region,sphere_bottom120,0,0,nan,0,nan,0,nan,0,nan,nan,nan,nan,nan,nan,nan,nan,nan
0,region,outer_or_other_wall,0,0,nan,0,nan,0,nan,0,nan,nan,nan,nan,nan,nan,nan,nan,nan
0,theta_zone,sphere11,0,0,nan,0,nan,0,nan,0,nan,nan,nan,nan,nan,nan,nan,nan,nan
0,theta_zone,outer90,0,0,nan,0,nan,0,nan,0,nan,nan,nan,nan,nan,nan,nan,nan,nan
0,theta_zone,fallback,7536,0,0.0,6768,0.8980891719745223,5048,0.6698513800424628,2488,0.33014861995753714,0.7405717608357846,0.7470770483681689,0.09205785323511155,10.862847795758011,14.81143521671569,14.941540967363377,0.06133080428151852,0.15245514100433458
0,c_bin,c_0_0p05,1000,0,0.0,640,0.64,1000,1.0,0,0.0,0.10087606835238574,0.1076603008744746,0.5185609492661835,1.9284159221258672,8.220337259001049,8.622335144066867,0.01608859262834797,0.024543048581596616
0,c_bin,c_0p05_0p10,740,0,0.0,740,1.0,740,1.0,0,0.0,0.30349553560069054,0.30958904154800226,0.07803074861982404,12.815460798308242,13.132432640071096,13.189204797829287,0.036112298180738744,0.0476526612431514
0,c_bin,c_0p10_0p30,1324,0,0.0,1324,1.0,960,0.7250755287009063,364,0.27492447129909364,0.6493691038090998,0.6598158463381165,0.08222580774798129,12.161631820814199,12.987382076181996,13.19631692676233,0.08324426169947649,0.11862949547187074
0,c_bin,c_0p30_0p70,1632,0,0.0,1632,1.0,0,0.0,1632,1.0,0.7468882526435799,0.7483487885156332,0.07000914384235382,14.283848821306778,14.937765052871598,14.966975770312665,0.14636025225266994,0.15386520038625762
0,c_bin,c_0p70_0p90,1276,0,0.0,1276,1.0,784,0.6144200626959248,492,0.38557993730407525,0.5701279326086399,0.585065823133011,0.11261136291318485,8.880098545392146,11.402558652172798,11.70131646266022,0.09072827106264036,0.12775463181251415
0,c_bin,c_0p90_0p95,696,0,0.0,696,1.0,696,1.0,0,0.0,0.22569709132804727,0.23070650797032086,0.11210205186423083,8.920444299404373,8.971544915747739,8.98186672627269,0.03641927559553615,0.05062270342068331
0,c_bin,c_0p95_1,868,0,0.0,460,0.5299539170506913,868,1.0,0,0.0,0.06695578681230575,0.07159280489365441,0.8973507219354033,1.1143914810066715,5.335728714522707,5.5926267463605255,0.016411549453357488,0.025097148072789566
0,tangent_bin,t_0_0p005,60,0,0.0,0,0.0,60,1.0,0,0.0,3.134310098330714e-05,3.134310098330714e-05,1.0,0.002094587197499247,0.005846703948977111,0.005846703948977111,0.010501676465884013,0.010721630941751603
0,tangent_bin,t_0p005_0p01,952,0,0.0,244,0.25630252100840334,952,1.0,0,0.0,0.026963580326597434,0.03229015358457559,1.0,0.3234960634781514,2.717192788629282,3.124856253395969,0.013139095655361144,0.019846644992900564
0,tangent_bin,t_0p01_0p02,1460,0,0.0,1460,1.0,1460,1.0,0,0.0,0.17357988036735966,0.1837050524371431,0.15707526007185996,6.3663749437213255,10.423533150318367,11.70483247943617,0.023842514113010416,0.0383225874953903
0,tangent_bin,t_0p02_0p05,2356,0,0.0,2356,1.0,2276,0.966044142614601,80,0.03395585738539898,0.45949737558959497,0.4842598665912247,0.08385124153031202,11.92588185636467,13.0698524268152,13.148601822165217,0.0586252057640998,0.09753693620185777
0,tangent_bin,t_0p05_0p10,2708,0,0.0,2708,1.0,300,0.11078286558345643,2408,0.8892171344165436,0.7457127450945745,0.748346791620864,0.0753243520181802,13.275919051499322,14.91425490189149,14.96693583241728,0.13478554577951907,0.15368599521798243
0,tangent_bin,t_0p10_inf,0,0,nan,0,nan,0,nan,0,nan,nan,nan,nan,nan,nan,nan,nan,nan
0,normal_raw_abs_bin,normal_raw_abs_0_1e-4,0,0,nan,0,nan,0,nan,0,nan,nan,nan,nan,nan,nan,nan,nan,nan
0,normal_raw_abs_bin,normal_raw_abs_1e-4_1e-3,0,0,nan,0,nan,0,nan,0,nan,nan,nan,nan,nan,nan,nan,nan,nan
0,normal_raw_abs_bin,normal_raw_abs_1e-3_1e-2,0,0,nan,0,nan,0,nan,0,nan,nan,nan,nan,nan,nan,nan,nan,nan
0,normal_raw_abs_bin,normal_raw_abs_1e-2_5e-2,3272,0,0.0,2504,0.7652811735941321,3272,1.0,0,0.0,0.2822979259199737,0.3086151151174251,0.18103612898091484,5.523759293955196,12.996707183440893,13.132432640071096,0.02289279099363306,0.046155033582219146
0,normal_raw_abs_bin,normal_raw_abs_5e-2_inf,4264,0,0.0,4264,1.0,1776,0.4165103189493433,2488,0.5834896810506567,0.7439722299117789,0.7482293487157561,0.08188320981965597,12.212515965163888,14.879444598235578,14.964586974315122,0.11170836273937218,0.15340541704949062
0,cap_source,abs_cap_selected,2488,0,0.0,2488,1.0,0,0.0,2488,1.0,0.7457487629387543,0.748346791620864,0.07395285493115036,13.522129335116361,14.914975258775085,14.96693583241728,0.1371438539412676,0.15375696772891978
0,cap_source,ratio_cap_selected,5048,0,0.0,4280,0.8478605388272583,5048,1.0,0,0.0,0.5003985092859966,0.5504145501204109,0.11315226188528876,8.837649460355504,12.931595195865011,13.11875758996827,0.03572669779428761,0.09257014959162937
0,cap_source,none_or_inactive,0,0,nan,0,nan,0,nan,0,nan,nan,nan,nan,nan,nan,nan,nan,nan
0,limiter_class,none,768,0,0.0,0,0.0,768,1.0,0,0.0,0.006377956734737789,0.00685959982574369,1.0,0.16627795183047028,0.8765126797053132,0.9201079516140932,0.012302057038668296,0.015120473653078559
0,limiter_class,abs_cap_limiter,2488,0,0.0,2488,1.0,0,0.0,2488,1.0,0.7457487629387543,0.748346791620864,0.07395285493115036,13.522129335116361,14.914975258775085,14.96693583241728,0.1371438539412676,0.15375696772891978
0,limiter_class,ratio_cap_limiter,4280,0,0.0,4280,1.0,4280,1.0,0,0.0,0.5132616467525744,0.5556804077390651,0.11233058878413316,8.902294653878386,12.965148725850995,13.130482437175514,0.042233463102658644,0.09447415579041415
0,limiter_class,secondary_vector_safety,0,0,nan,0,nan,0,nan,0,nan,nan,nan,nan,nan,nan,nan,nan,nan
0,limiter_class,inactive_or_fallback,0,0,nan,0,nan,0,nan,0,nan,nan,nan,nan,nan,nan,nan,nan,nan
0,normal_agreement_bin,normal_0_0p5,0,0,nan,0,nan,0,nan,0,nan,nan,nan,nan,nan,nan,nan,nan,nan
0,normal_agreement_bin,normal_0p5_0p9,0,0,nan,0,nan,0,nan,0,nan,nan,nan,nan,nan,nan,nan,nan,nan
0,normal_agreement_bin,normal_0p9_0p99,0,0,nan,0,nan,0,nan,0,nan,nan,nan,nan,nan,nan,nan,nan,nan
0,normal_agreement_bin,normal_0p99_1p01,7536,0,0.0,6768,0.8980891719745223,5048,0.6698513800424628,2488,0.33014861995753714,0.7405717608357846,0.7470770483681689,0.09205785323511155,10.862847795758011,14.81143521671569,14.941540967363377,0.06133080428151852,0.15245514100433458
0,c_x_tangent:c_0_0p05,t_0_0p005,0,0,nan,0,nan,0,nan,0,nan,nan,nan,nan,nan,nan,nan,nan,nan
0,c_x_tangent:c_0_0p05,t_0p005_0p01,360,0,0.0,0,0.0,360,1.0,0,0.0,0.006377956734737789,0.006685647236068156,1.0,0.12691676869232849,0.9037090637408087,0.9416746902964429,0.011655925696507391,0.0141150664315281
0,c_x_tangent:c_0_0p05,t_0p01_0p02,640,0,0.0,640,1.0,640,1.0,0,0.0,0.10678810784588048,0.10766030087447465,0.2521067616911133,3.9665734996240274,8.552482649305354,8.62233514406687,0.019095642358162107,0.02497242314886286
0,c_x_tangent:c_0_0p05,t_0p02_0p05,0,0,nan,0,nan,0,nan,0,nan,nan,nan,nan,nan,nan,nan,nan,nan
0,c_x_tangent:c_0_0p05,t_0p05_0p10,0,0,nan,0,nan,0,nan,0,nan,nan,nan,nan,nan,nan,nan,nan,nan
0,c_x_tangent:c_0_0p05,t_0p10_inf,0,0,nan,0,nan,0,nan,0,nan,nan,nan,nan,nan,nan,nan,nan,nan
0,c_x_tangent:c_0p05_0p10,t_0_0p005,0,0,nan,0,nan,0,nan,0,nan,nan,nan,nan,nan,nan,nan,nan,nan
0,c_x_tangent:c_0p05_0p10,t_0p005_0p01,0,0,nan,0,nan,0,nan,0,nan,nan,nan,nan,nan,nan,nan,nan,nan
0,c_x_tangent:c_0p05_0p10,t_0p01_0p02,144,0,0.0,144,1.0,144,1.0,0,0.0,0.17451181289919265,0.17467627158128082,0.09561161665015055,10.459101098007071,11.767674521636891,11.77876429378996,0.02753830244265365,0.029659524076455834
0,c_x_tangent:c_0p05_0p10,t_0p02_0p05,596,0,0.0,596,1.0,596,1.0,0,0.0,0.30572999611784957,0.31021171582328927,0.0774863389091304,12.90550068667869,13.142985830538612,13.196746850531113,0.03880322507922837,0.04816039843590489
0,c_x_tangent:c_0p05_0p10,t_0p05_0p10,0,0,nan,0,nan,0,nan,0,nan,nan,nan,nan,nan,nan,nan,nan,nan
0,c_x_tangent:c_0p05_0p10,t_0p10_inf,0,0,nan,0,nan,0,nan,0,nan,nan,nan,nan,nan,nan,nan,nan,nan
0,c_x_tangent:c_0p10_0p30,t_0_0p005,0,0,nan,0,nan,0,nan,0,nan,nan,nan,nan,nan,nan,nan,nan,nan
0,c_x_tangent:c_0p10_0p30,t_0p005_0p01,0,0,nan,0,nan,0,nan,0,nan,nan,nan,nan,nan,nan,nan,nan,nan
0,c_x_tangent:c_0p10_0p30,t_0p01_0p02,0,0,nan,0,nan,0,nan,0,nan,nan,nan,nan,nan,nan,nan,nan,nan
0,c_x_tangent:c_0p10_0p30,t_0p02_0p05,660,0,0.0,660,1.0,660,1.0,0,0.0,0.48109738586275996,0.48780881466104786,0.08145567478591066,12.276615504423631,12.657224330968853,12.685803223665923,0.06475327962746971,0.08106619805218623
0,c_x_tangent:c_0p10_0p30,t_0p05_0p10,664,0,0.0,664,1.0,300,0.45180722891566266,364,0.5481927710843374,0.6579103196865344,0.6629792417251575,0.08493701477132001,11.773430113625892,13.158206393730687,13.25958483450315,0.10235990587930383,0.12085609133466357
0,c_x_tangent:c_0p10_0p30,t_0p10_inf,0,0,nan,0,nan,0,nan,0,nan,nan,nan,nan,nan,nan,nan,nan,nan
0,c_x_tangent:c_0p30_0p70,t_0_0p005,0,0,nan,0,nan,0,nan,0,nan,nan,nan,nan,nan,nan,nan,nan,nan
0,c_x_tangent:c_0p30_0p70,t_0p005_0p01,0,0,nan,0,nan,0,nan,0,nan,nan,nan,nan,nan,nan,nan,nan,nan
0,c_x_tangent:c_0p30_0p70,t_0p01_0p02,0,0,nan,0,nan,0,nan,0,nan,nan,nan,nan,nan,nan,nan,nan,nan
0,c_x_tangent:c_0p30_0p70,t_0p02_0p05,0,0,nan,0,nan,0,nan,0,nan,nan,nan,nan,nan,nan,nan,nan,nan
0,c_x_tangent:c_0p30_0p70,t_0p05_0p10,1632,0,0.0,1632,1.0,0,0.0,1632,1.0,0.7468882526435799,0.7483487885156332,0.07000914384235382,14.283848821306778,14.937765052871598,14.966975770312665,0.14636025225266994,0.15386520038625762
0,c_x_tangent:c_0p30_0p70,t_0p10_inf,0,0,nan,0,nan,0,nan,0,nan,nan,nan,nan,nan,nan,nan,nan,nan
0,c_x_tangent:c_0p70_0p90,t_0_0p005,0,0,nan,0,nan,0,nan,0,nan,nan,nan,nan,nan,nan,nan,nan,nan
0,c_x_tangent:c_0p70_0p90,t_0p005_0p01,0,0,nan,0,nan,0,nan,0,nan,nan,nan,nan,nan,nan,nan,nan,nan
0,c_x_tangent:c_0p70_0p90,t_0p01_0p02,0,0,nan,0,nan,0,nan,0,nan,nan,nan,nan,nan,nan,nan,nan,nan
0,c_x_tangent:c_0p70_0p90,t_0p02_0p05,864,0,0.0,864,1.0,784,0.9074074074074074,80,0.09259259259259259,0.4489654658757689,0.4642892511396223,0.11307968895252588,8.843321106231809,8.979309317515378,9.285785022792446,0.07635014006733704,0.1018186767742349
0,c_x_tangent:c_0p70_0p90,t_0p05_0p10,412,0,0.0,412,1.0,0,0.0,412,1.0,0.5845445329711745,0.5853025311401481,0.09471928995151399,10.557511574589418,11.69089065942349,11.70605062280296,0.1190540784429932,0.13060380568799246
0,c_x_tangent:c_0p70_0p90,t_0p10_inf,0,0,nan,0,nan,0,nan,0,nan,nan,nan,nan,nan,nan,nan,nan,nan
0,c_x_tangent:c_0p90_0p95,t_0_0p005,0,0,nan,0,nan,0,nan,0,nan,nan,nan,nan,nan,nan,nan,nan,nan
0,c_x_tangent:c_0p90_0p95,t_0p005_0p01,0,0,nan,0,nan,0,nan,0,nan,nan,nan,nan,nan,nan,nan,nan,nan
0,c_x_tangent:c_0p90_0p95,t_0p01_0p02,460,0,0.0,460,1.0,460,1.0,0,0.0,0.18247884263450412,0.18632695912592723,0.11758791132914541,8.504275556020863,8.977396332037602,8.98186672627269,0.033069214250144585,0.04081932050400772
0,c_x_tangent:c_0p90_0p95,t_0p02_0p05,236,0,0.0,236,1.0,236,1.0,0,0.0,0.2286988454438218,0.23070650797032086,0.11194837165477288,8.932689106759021,8.956151153961633,8.964106578630275,0.04649969849406416,0.0512338344047063
0,c_x_tangent:c_0p90_0p95,t_0p05_0p10,0,0,nan,0,nan,0,nan,0,nan,nan,nan,nan,nan,nan,nan,nan,nan
0,c_x_tangent:c_0p90_0p95,t_0p10_inf,0,0,nan,0,nan,0,nan,0,nan,nan,nan,nan,nan,nan,nan,nan,nan
0,c_x_tangent:c_0p95_1,t_0_0p005,60,0,0.0,0,0.0,60,1.0,0,0.0,3.134310098330714e-05,3.134310098330714e-05,1.0,0.002094587197499247,0.005846703948977111,0.005846703948977111,0.010501676465884013,0.010721630941751603
0,c_x_tangent:c_0p95_1,t_0p005_0p01,592,0,0.0,244,0.41216216216216217,592,1.0,0,0.0,0.02867695619112287,0.03229015358457559,1.0,0.580242066117863,2.8510871942211353,3.124856253395969,0.014813310062430918,0.02011650590641223
0,c_x_tangent:c_0p95_1,t_0p01_0p02,216,0,0.0,216,1.0,216,1.0,0,0.0,0.07159280489365441,0.07172198967642983,0.23707907221416083,4.21800199680497,5.5926267463605255,5.6027182949797725,0.022858132402095332,0.025602568574863094
0,c_x_tangent:c_0p95_1,t_0p02_0p05,0,0,nan,0,nan,0,nan,0,nan,nan,nan,nan,nan,nan,nan,nan,nan
0,c_x_tangent:c_0p95_1,t_0p05_0p10,0,0,nan,0,nan,0,nan,0,nan,nan,nan,nan,nan,nan,nan,nan,nan
0,c_x_tangent:c_0p95_1,t_0p10_inf,0,0,nan,0,nan,0,nan,0,nan,nan,nan,nan,nan,nan,nan,nan,nan
100,region,none_or_unknown,7500,0,0.0,6736,0.8981333333333333,4940,0.6586666666666666,2560,0.3413333333333333,0.7268327054401272,0.733784322125516,0.09158929670519506,10.918306352092326,14.536654108802544,14.67568644251032,0.06446460700581097,0.15072153301382085
100,region,sphere_upper,0,0,nan,0,nan,0,nan,0,nan,nan,nan,nan,nan,nan,nan,nan,nan
100,region,sphere_lower90,0,0,nan,0,nan,0,nan,0,nan,nan,nan,nan,nan,nan,nan,nan,nan
100,region,sphere_bottom120,0,0,nan,0,nan,0,nan,0,nan,nan,nan,nan,nan,nan,nan,nan,nan
100,region,outer_or_other_wall,0,0,nan,0,nan,0,nan,0,nan,nan,nan,nan,nan,nan,nan,nan,nan
100,theta_zone,sphere11,0,0,nan,0,nan,0,nan,0,nan,nan,nan,nan,nan,nan,nan,nan,nan
100,theta_zone,outer90,0,0,nan,0,nan,0,nan,0,nan,nan,nan,nan,nan,nan,nan,nan,nan
100,theta_zone,fallback,7500,0,0.0,6736,0.8981333333333333,4940,0.6586666666666666,2560,0.3413333333333333,0.7268327054401272,0.733784322125516,0.09158929670519506,10.918306352092326,14.536654108802544,14.67568644251032,0.06446460700581097,0.15072153301382085
100,c_bin,c_0_0p05,972,0,0.0,604,0.6213991769547325,972,1.0,0,0.0,0.08918189159554589,0.10467332765263841,0.5776521188653929,1.731145731732397,7.0494335819639895,7.915835625924169,0.017131004564013425,0.025160827086341115
100,c_bin,c_0p05_0p10,760,0,0.0,760,1.0,760,1.0,0,0.0,0.294736606799473,0.2996040048369282,0.08406122227419534,11.896091606654235,12.1637262594494,12.222792657538934,0.0372706887055321,0.049763791562509596
100,c_bin,c_0p10_0p30,1356,0,0.0,1356,1.0,944,0.696165191740413,412,0.30383480825958703,0.6316747660434898,0.642347134728671,0.08733463966085012,11.450210407729827,12.633495320869796,12.84694269457342,0.08514254717352901,0.12019513086203334
100,c_bin,c_0p30_0p70,1648,0,0.0,1648,1.0,0,0.0,1648,1.0,0.7337827428562945,0.7354098432694696,0.07092474697771649,14.099451074731157,14.67565485712589,14.70819686538939,0.14525838627678156,0.15211969103190726
100,c_bin,c_0p70_0p90,1252,0,0.0,1252,1.0,752,0.6006389776357828,500,0.3993610223642173,0.5790248915562043,0.5892414353926778,0.11257409388504472,8.883038410428178,11.580497831124084,11.784828707853556,0.09282691889786993,0.1281662928233658
100,c_bin,c_0p90_0p95,680,0,0.0,680,1.0,680,1.0,0,0.0,0.23373246276906734,0.2389959656225197,0.11241740143683943,8.89541999404091,8.94349154345845,8.956968351659011,0.03813435190852407,0.05257112286983656
100,c_bin,c_0p95_1,832,0,0.0,436,0.5240384615384616,832,1.0,0,0.0,0.06958252581977664,0.07597809142627818,0.89723325953262,1.1145373729468215,5.355538568622226,5.688837386195407,0.01680579059178322,0.025985261932371877
100,tangent_bin,t_0_0p005,8,0,0.0,0,0.0,8,1.0,0,0.0,5.899971780081765e-07,5.899971780081771e-07,1.0,0.00011216466440705392,0.00011216466440713804,0.00011216466440713816,0.0105201969109735,0.010520196910973978
100,tangent_bin,t_0p005_0p01,924,0,0.0,192,0.2077922077922078,924,1.0,0,0.0,0.020566771349365905,0.028014834124043878,1.0,0.2478260706445634,2.1384319468525246,2.733451663184514,0.013562939725499625,0.019235376070430337
100,tangent_bin,t_0p01_0p02,1472,0,0.0,1448,0.9836956521739131,1472,1.0,0,0.0,0.1744231079270412,0.185487835693581,0.16424265178944572,6.088733540024932,9.766028771918517,10.965306406929287,0.025013623817711553,0.03863203137008872
100,tangent_bin,t_0p02_0p05,2380,0,0.0,2380,1.0,2300,0.9663865546218487,80,0.03361344537815126,0.45770220829172525,0.47503401290186664,0.08911770647025319,11.221114631510321,12.098075125582591,12.170872577049943,0.061298000106180556,0.09698715735826458
100,tangent_bin,t_0p05_0p10,2716,0,0.0,2716,1.0,236,0.08689248895434462,2480,0.9131075110456554,0.7328138848043716,0.7352106660140694,0.07618100553261946,13.126631671615524,14.65627769608743,14.704213320281388,0.134950857328533,0.15192605398704806
100,tangent_bin,t_0p10_inf,0,0,nan,0,nan,0,nan,0,nan,nan,nan,nan,nan,nan,nan,nan,nan
100,normal_raw_abs_bin,normal_raw_abs_0_1e-4,0,0,nan,0,nan,0,nan,0,nan,nan,nan,nan,nan,nan,nan,nan,nan
100,normal_raw_abs_bin,normal_raw_abs_1e-4_1e-3,0,0,nan,0,nan,0,nan,0,nan,nan,nan,nan,nan,nan,nan,nan,nan
100,normal_raw_abs_bin,normal_raw_abs_1e-3_1e-2,0,0,nan,0,nan,0,nan,0,nan,nan,nan,nan,nan,nan,nan,nan,nan
100,normal_raw_abs_bin,normal_raw_abs_1e-2_5e-2,3132,0,0.0,2368,0.756066411238825,3132,1.0,0,0.0,0.26498651791614153,0.2892601502629703,0.1932304430608398,5.175167971255668,12.080703959241973,12.168492577695957,0.023962561925815272,0.04678189185471304
100,normal_raw_abs_bin,normal_raw_abs_5e-2_inf,4368,0,0.0,4368,1.0,1808,0.4139194139194139,2560,0.5860805860805861,0.7315890142367061,0.734651237510277,0.08584461772344837,11.64895396495954,14.631780284734122,14.69302475020554,0.11223263217071686,0.15163595302201685
100,cap_source,abs_cap_selected,2560,0,0.0,2560,1.0,0,0.0,2560,1.0,0.7333013815497047,0.7352640213486111,0.07512102438656897,13.311852549481365,14.666027630994094,14.705280426972221,0.13608730000232883,0.15193132923464614
100,cap_source,ratio_cap_selected,4940,0,0.0,4176,0.8453441295546559,4940,1.0,0,0.0,0.478012662907957,0.528792514565959,0.1127799562821343,8.866823795341478,12.012209503700143,12.15077266552514,0.037071718002635215,0.09324227706684407
100,cap_source,none_or_inactive,0,0,nan,0,nan,0,nan,0,nan,nan,nan,nan,nan,nan,nan,nan,nan
100,limiter_class,none,764,0,0.0,0,0.0,764,1.0,0,0.0,0.007732730176060242,0.00809519992345521,1.0,0.16223244269846682,0.9806768648478723,0.9925771570165097,0.012884988362259042,0.01621605761088213
100,limiter_class,abs_cap_limiter,2560,0,0.0,2560,1.0,0,0.0,2560,1.0,0.7333013815497047,0.7352640213486111,0.07512102438656897,13.311852549481365,14.666027630994094,14.705280426972221,0.13608730000232883,0.15193132923464614
100,limiter_class,ratio_cap_limiter,4176,0,0.0,4176,1.0,4176,1.0,0,0.0,0.48629115336279727,0.5287953660350816,0.1125111118599525,8.888011003598464,12.02306455336239,12.160449687493857,0.044372048196157976,0.09412504429108935
100,limiter_class,secondary_vector_safety,0,0,nan,0,nan,0,nan,0,nan,nan,nan,nan,nan,nan,nan,nan,nan
100,limiter_class,inactive_or_fallback,0,0,nan,0,nan,0,nan,0,nan,nan,nan,nan,nan,nan,nan,nan,nan
100,normal_agreement_bin,normal_0_0p5,0,0,nan,0,nan,0,nan,0,nan,nan,nan,nan,nan,nan,nan,nan,nan
100,normal_agreement_bin,normal_0p5_0p9,0,0,nan,0,nan,0,nan,0,nan,nan,nan,nan,nan,nan,nan,nan,nan
100,normal_agreement_bin,normal_0p9_0p99,0,0,nan,0,nan,0,nan,0,nan,nan,nan,nan,nan,nan,nan,nan,nan
100,normal_agreement_bin,normal_0p99_1p01,7500,0,0.0,6736,0.8981333333333333,4940,0.6586666666666666,2560,0.3413333333333333,0.7268327054401272,0.733784322125516,0.09158929670519506,10.918306352092326,14.536654108802544,14.67568644251032,0.06446460700581097,0.15072153301382085
100,c_x_tangent:c_0_0p05,t_0_0p005,0,0,nan,0,nan,0,nan,0,nan,nan,nan,nan,nan,nan,nan,nan,nan
100,c_x_tangent:c_0_0p05,t_0p005_0p01,344,0,0.0,0,0.0,344,1.0,0,0.0,0.005065145481234107,0.007056561860835648,1.0,0.16198482960177935,0.6881024689610197,0.9202156499641243,0.0127791169914125,0.014722067452779456
100,c_x_tangent:c_0_0p05,t_0p01_0p02,628,0,0.0,604,0.9617834394904459,628,1.0,0,0.0,0.0932358896383909,0.10568360563231292,0.2852236941876496,3.50602008310746,7.3033980989911536,7.9405303238145395,0.020140670508960838,0.025558840629602682
100,c_x_tangent:c_0_0p05,t_0p02_0p05,0,0,nan,0,nan,0,nan,0,nan,nan,nan,nan,nan,nan,nan,nan,nan
100,c_x_tangent:c_0_0p05,t_0p05_0p10,0,0,nan,0,nan,0,nan,0,nan,nan,nan,nan,nan,nan,nan,nan,nan
100,c_x_tangent:c_0_0p05,t_0p10_inf,0,0,nan,0,nan,0,nan,0,nan,nan,nan,nan,nan,nan,nan,nan,nan
100,c_x_tangent:c_0p05_0p10,t_0_0p005,0,0,nan,0,nan,0,nan,0,nan,nan,nan,nan,nan,nan,nan,nan,nan
100,c_x_tangent:c_0p05_0p10,t_0p005_0p01,0,0,nan,0,nan,0,nan,0,nan,nan,nan,nan,nan,nan,nan,nan,nan
100,c_x_tangent:c_0p05_0p10,t_0p01_0p02,180,0,0.0,180,1.0,180,1.0,0,0.0,0.17442310792704122,0.17687948333175169,0.10692070611366813,9.352725363943007,10.965306406929294,11.058624924174518,0.028790349790290545,0.03181363136680216
100,c_x_tangent:c_0p05_0p10,t_0p02_0p05,580,0,0.0,580,1.0,580,1.0,0,0.0,0.2953969030568089,0.300881440526204,0.08337706015247703,11.99370664030652,12.170633967053107,12.250851980135488,0.04060862789335462,0.05001827241873223
100,c_x_tangent:c_0p05_0p10,t_0p05_0p10,0,0,nan,0,nan,0,nan,0,nan,nan,nan,nan,nan,nan,nan,nan,nan
100,c_x_tangent:c_0p05_0p10,t_0p10_inf,0,0,nan,0,nan,0,nan,0,nan,nan,nan,nan,nan,nan,nan,nan,nan
100,c_x_tangent:c_0p10_0p30,t_0_0p005,0,0,nan,0,nan,0,nan,0,nan,nan,nan,nan,nan,nan,nan,nan,nan
100,c_x_tangent:c_0p10_0p30,t_0p005_0p01,0,0,nan,0,nan,0,nan,0,nan,nan,nan,nan,nan,nan,nan,nan,nan
100,c_x_tangent:c_0p10_0p30,t_0p01_0p02,0,0,nan,0,nan,0,nan,0,nan,nan,nan,nan,nan,nan,nan,nan,nan
100,c_x_tangent:c_0p10_0p30,t_0p02_0p05,708,0,0.0,708,1.0,708,1.0,0,0.0,0.4730201067931406,0.47921403056364237,0.08714450874813351,11.475192348495721,11.7770522154492,11.843512061032229,0.06770667083349279,0.08479551460218046
100,c_x_tangent:c_0p10_0p30,t_0p05_0p10,648,0,0.0,648,1.0,236,0.36419753086419754,412,0.6358024691358025,0.6377645366471161,0.6438908240748727,0.08816933239132574,11.34190808193797,12.75529073294232,12.877816481497455,0.10510496251067414,0.12157608349420973
100,c_x_tangent:c_0p10_0p30,t_0p10_inf,0,0,nan,0,nan,0,nan,0,nan,nan,nan,nan,nan,nan,nan,nan,nan
100,c_x_tangent:c_0p30_0p70,t_0_0p005,0,0,nan,0,nan,0,nan,0,nan,nan,nan,nan,nan,nan,nan,nan,nan
100,c_x_tangent:c_0p30_0p70,t_0p005_0p01,0,0,nan,0,nan,0,nan,0,nan,nan,nan,nan,nan,nan,nan,nan,nan
100,c_x_tangent:c_0p30_0p70,t_0p01_0p02,0,0,nan,0,nan,0,nan,0,nan,nan,nan,nan,nan,nan,nan,nan,nan
100,c_x_tangent:c_0p30_0p70,t_0p02_0p05,0,0,nan,0,nan,0,nan,0,nan,nan,nan,nan,nan,nan,nan,nan,nan
100,c_x_tangent:c_0p30_0p70,t_0p05_0p10,1648,0,0.0,1648,1.0,0,0.0,1648,1.0,0.7337827428562945,0.7354098432694696,0.07092474697771649,14.099451074731157,14.67565485712589,14.70819686538939,0.14525838627678156,0.15211969103190726
100,c_x_tangent:c_0p30_0p70,t_0p10_inf,0,0,nan,0,nan,0,nan,0,nan,nan,nan,nan,nan,nan,nan,nan,nan
100,c_x_tangent:c_0p70_0p90,t_0_0p005,0,0,nan,0,nan,0,nan,0,nan,nan,nan,nan,nan,nan,nan,nan,nan
100,c_x_tangent:c_0p70_0p90,t_0p005_0p01,0,0,nan,0,nan,0,nan,0,nan,nan,nan,nan,nan,nan,nan,nan,nan
100,c_x_tangent:c_0p70_0p90,t_0p01_0p02,0,0,nan,0,nan,0,nan,0,nan,nan,nan,nan,nan,nan,nan,nan,nan
100,c_x_tangent:c_0p70_0p90,t_0p02_0p05,832,0,0.0,832,1.0,752,0.9038461538461539,80,0.09615384615384616,0.4556969762997016,0.46355756819245025,0.11274291130360375,8.869737281288277,9.11393952599403,9.271151363849004,0.07854528231416769,0.10239515042511156
100,c_x_tangent:c_0p70_0p90,t_0p05_0p10,420,0,0.0,420,1.0,0,0.0,420,1.0,0.5864742728961115,0.5905431128137644,0.0936262317216619,10.680767362002399,11.72948545792223,11.810862256275287,0.11894570648830416,0.12954877100628365
100,c_x_tangent:c_0p70_0p90,t_0p10_inf,0,0,nan,0,nan,0,nan,0,nan,nan,nan,nan,nan,nan,nan,nan,nan
100,c_x_tangent:c_0p90_0p95,t_0_0p005,0,0,nan,0,nan,0,nan,0,nan,nan,nan,nan,nan,nan,nan,nan,nan
100,c_x_tangent:c_0p90_0p95,t_0p005_0p01,0,0,nan,0,nan,0,nan,0,nan,nan,nan,nan,nan,nan,nan,nan,nan
100,c_x_tangent:c_0p90_0p95,t_0p01_0p02,420,0,0.0,420,1.0,420,1.0,0,0.0,0.18507027320211983,0.1863212269737551,0.11949406519543504,8.368616452745826,8.950611960899543,8.956968351659112,0.03363637758262164,0.041479959989285
100,c_x_tangent:c_0p90_0p95,t_0p02_0p05,260,0,0.0,260,1.0,260,1.0,0,0.0,0.23685650223751908,0.23899596562252093,0.11229892013177774,8.90480512926166,8.930449397777648,8.93516563645042,0.047663649378481304,0.05320881603703087
100,c_x_tangent:c_0p90_0p95,t_0p05_0p10,0,0,nan,0,nan,0,nan,0,nan,nan,nan,nan,nan,nan,nan,nan,nan
100,c_x_tangent:c_0p90_0p95,t_0p10_inf,0,0,nan,0,nan,0,nan,0,nan,nan,nan,nan,nan,nan,nan,nan,nan
100,c_x_tangent:c_0p95_1,t_0_0p005,8,0,0.0,0,0.0,8,1.0,0,0.0,5.899971780081765e-07,5.899971780081771e-07,1.0,0.00011216466440705392,0.00011216466440713804,0.00011216466440713816,0.0105201969109735,0.010520196910973978
100,c_x_tangent:c_0p95_1,t_0p005_0p01,580,0,0.0,192,0.3310344827586207,580,1.0,0,0.0,0.02709465034216311,0.02979430072129382,1.0,0.47707972269734716,2.6623741424700444,2.8664195877967504,0.01477379645851068,0.020353751120062664
100,c_x_tangent:c_0p95_1,t_0p01_0p02,244,0,0.0,244,1.0,244,1.0,0,0.0,0.07597809142627714,0.07615337554506638,0.24770662223016549,4.0370337740539455,5.688837386195357,5.701965569007725,0.023255089578509025,0.026711271621487214
100,c_x_tangent:c_0p95_1,t_0p02_0p05,0,0,nan,0,nan,0,nan,0,nan,nan,nan,nan,nan,nan,nan,nan,nan
100,c_x_tangent:c_0p95_1,t_0p05_0p10,0,0,nan,0,nan,0,nan,0,nan,nan,nan,nan,nan,nan,nan,nan,nan
100,c_x_tangent:c_0p95_1,t_0p10_inf,0,0,nan,0,nan,0,nan,0,nan,nan,nan,nan,nan,nan,nan,nan,nan
200,region,none_or_unknown,7524,0,0.0,6800,0.9037745879851143,4956,0.6586921850079744,2568,0.3413078149920255,0.7197007731897028,0.7257877141274213,0.09355537927474301,10.688856244848427,14.394015463794055,14.515754282548423,0.06504168466653079,0.15106159756695242
200,region,sphere_upper,0,0,nan,0,nan,0,nan,0,nan,nan,nan,nan,nan,nan,nan,nan,nan
200,region,sphere_lower90,0,0,nan,0,nan,0,nan,0,nan,nan,nan,nan,nan,nan,nan,nan,nan
200,region,sphere_bottom120,0,0,nan,0,nan,0,nan,0,nan,nan,nan,nan,nan,nan,nan,nan,nan
200,region,outer_or_other_wall,0,0,nan,0,nan,0,nan,0,nan,nan,nan,nan,nan,nan,nan,nan,nan
200,theta_zone,sphere11,0,0,nan,0,nan,0,nan,0,nan,nan,nan,nan,nan,nan,nan,nan,nan
200,theta_zone,outer90,0,0,nan,0,nan,0,nan,0,nan,nan,nan,nan,nan,nan,nan,nan,nan
200,theta_zone,fallback,7524,0,0.0,6800,0.9037745879851143,4956,0.6586921850079744,2568,0.3413078149920255,0.7197007731897028,0.7257877141274213,0.09355537927474301,10.688856244848427,14.394015463794055,14.515754282548423,0.06504168466653079,0.15106159756695242
200,c_bin,c_0_0p05,980,0,0.0,620,0.6326530612244898,980,1.0,0,0.0,0.09546300328882494,0.10276831656536868,0.5121663732822143,1.9524905424608565,7.413836938741063,7.788058992134514,0.01765964103195822,0.02581599888861148
200,c_bin,c_0p05_0p10,760,0,0.0,760,1.0,760,1.0,0,0.0,0.29235847754359734,0.2967413167183229,0.08528921398263503,11.724813413761312,12.061432434826926,12.132930947779993,0.03794864151392517,0.050300983072675685
200,c_bin,c_0p10_0p30,1372,0,0.0,1372,1.0,960,0.6997084548104956,412,0.30029154518950435,0.6225442039623021,0.6329968879069923,0.08905527152582043,11.228981539964906,12.450884079246043,12.659937758139845,0.08605246725377763,0.12103966239811526
200,c_bin,c_0p30_0p70,1648,0,0.0,1648,1.0,0,0.0,1648,1.0,0.7257760669810855,0.7271429524365314,0.07161197868429062,13.964180525621,14.515521339621712,14.542859048730627,0.1456956735318719,0.15242498924686096
200,c_bin,c_0p70_0p90,1260,0,0.0,1260,1.0,752,0.5968253968253968,508,0.4031746031746032,0.580116228238035,0.5900742506059752,0.11228075607449106,8.906245691261326,11.6023245647607,11.801485012119501,0.09314554516285892,0.12853532857036515
200,c_bin,c_0p90_0p95,672,0,0.0,672,1.0,672,1.0,0,0.0,0.23215451745235421,0.23818366462666912,0.11225056724106655,8.908640950138139,8.94946399304011,8.961719264517987,0.037789448907516204,0.05213046570680795
200,c_bin,c_0p95_1,832,0,0.0,468,0.5625,832,1.0,0,0.0,0.07063793886898737,0.07707921816811135,0.8719887886348491,1.1468037353617357,5.410986644717056,5.74425728466469,0.01690303054055564,0.02610908107657184
200,tangent_bin,t_0_0p005,8,0,0.0,0,0.0,8,1.0,0,0.0,2.133309479661638e-06,2.1333094796616845e-06,1.0,0.00040281017730717337,0.00040281017730754904,0.00040281017730755544,0.010592132969037882,0.010592132969038392
200,tangent_bin,t_0p005_0p01,924,0,0.0,216,0.23376623376623376,924,1.0,0,0.0,0.02046045252500047,0.027795331226084415,1.0,0.2911201186238365,2.1307919433517117,2.7167342933673306,0.013637482533278372,0.019204552174921362
200,tangent_bin,t_0p01_0p02,1472,0,0.0,1464,0.9945652173913043,1472,1.0,0,0.0,0.1730844548574904,0.1859141391222072,0.16604762999903513,6.02240966261089,9.764453820847253,10.894858757915623,0.02560942122290215,0.03778944890751642
200,tangent_bin,t_0p02_0p05,2432,0,0.0,2432,1.0,2352,0.9671052631578947,80,0.03289473684210526,0.4640088978690469,0.480186701337857,0.09115058623358108,10.97086105013419,11.897287616463466,12.087876181990294,0.062441633415876316,0.09731715162062471
200,tangent_bin,t_0p05_0p10,2688,0,0.0,2688,1.0,200,0.0744047619047619,2488,0.9255952380952381,0.7245862247147585,0.7268774252739733,0.07673077803348585,13.032579958508865,14.491724494295168,14.537548505479464,0.1354385986787853,0.15224160545313162
200,tangent_bin,t_0p10_inf,0,0,nan,0,nan,0,nan,0,nan,nan,nan,nan,nan,nan,nan,nan,nan
200,normal_raw_abs_bin,normal_raw_abs_0_1e-4,0,0,nan,0,nan,0,nan,0,nan,nan,nan,nan,nan,nan,nan,nan,nan
200,normal_raw_abs_bin,normal_raw_abs_1e-4_1e-3,0,0,nan,0,nan,0,nan,0,nan,nan,nan,nan,nan,nan,nan,nan,nan
200,normal_raw_abs_bin,normal_raw_abs_1e-3_1e-2,0,0,nan,0,nan,0,nan,0,nan,nan,nan,nan,nan,nan,nan,nan,nan
200,normal_raw_abs_bin,normal_raw_abs_1e-2_5e-2,3124,0,0.0,2400,0.7682458386683739,3124,1.0,0,0.0,0.26236913607789303,0.284992216668095,0.18716761126099732,5.342804736688883,11.885029980924212,12.081794120142694,0.023864250026681327,0.046958533976066474
200,normal_raw_abs_bin,normal_raw_abs_5e-2_inf,4400,0,0.0,4400,1.0,1832,0.4163636363636364,2568,0.5836363636363636,0.7236396344329156,0.7262818326742396,0.08731330362853319,11.453008401267377,14.472792688658311,14.525636653484794,0.11229072920964994,0.15194468565955427
200,cap_source,abs_cap_selected,2568,0,0.0,2568,1.0,0,0.0,2568,1.0,0.7247211108913101,0.726877425273974,0.07614248333098014,13.133285453106353,14.494422217826202,14.53754850547948,0.13652467910307026,0.15224160545313184
200,cap_source,ratio_cap_selected,4956,0,0.0,4232,0.8539144471347861,4956,1.0,0,0.0,0.47369841969632914,0.5228779123509769,0.11244160903968767,8.89350489147694,11.82362289382261,12.037778237061907,0.037430510494059405,0.09351591418521553
200,cap_source,none_or_inactive,0,0,nan,0,nan,0,nan,0,nan,nan,nan,nan,nan,nan,nan,nan,nan
200,limiter_class,none,724,0,0.0,0,0.0,724,1.0,0,0.0,0.006231880800017733,0.007541199228676146,1.0,0.1912640690161323,0.8224006085245715,0.957027856751968,0.01306140125158925,0.015437589804916704
200,limiter_class,abs_cap_limiter,2568,0,0.0,2568,1.0,0,0.0,2568,1.0,0.7247211108913101,0.726877425273974,0.07614248333098014,13.133285453106353,14.494422217826202,14.53754850547948,0.13652467910307026,0.15224160545313184
200,limiter_class,ratio_cap_limiter,4232,0,0.0,4232,1.0,4232,1.0,0,0.0,0.4817576801120052,0.5232450597678229,0.11226452078934696,8.907533679998501,11.849570518386493,12.043423651963478,0.04473886653354478,0.09494019416007447
200,limiter_class,secondary_vector_safety,0,0,nan,0,nan,0,nan,0,nan,nan,nan,nan,nan,nan,nan,nan,nan
200,limiter_class,inactive_or_fallback,0,0,nan,0,nan,0,nan,0,nan,nan,nan,nan,nan,nan,nan,nan,nan
200,normal_agreement_bin,normal_0_0p5,0,0,nan,0,nan,0,nan,0,nan,nan,nan,nan,nan,nan,nan,nan,nan
200,normal_agreement_bin,normal_0p5_0p9,0,0,nan,0,nan,0,nan,0,nan,nan,nan,nan,nan,nan,nan,nan,nan
200,normal_agreement_bin,normal_0p9_0p99,0,0,nan,0,nan,0,nan,0,nan,nan,nan,nan,nan,nan,nan,nan,nan
200,normal_agreement_bin,normal_0p99_1p01,7524,0,0.0,6800,0.9037745879851143,4956,0.6586921850079744,2568,0.3413078149920255,0.7197007731897028,0.7257877141274213,0.09355537927474301,10.688856244848427,14.394015463794055,14.515754282548423,0.06504168466653079,0.15106159756695242
200,c_x_tangent:c_0_0p05,t_0_0p005,0,0,nan,0,nan,0,nan,0,nan,nan,nan,nan,nan,nan,nan,nan,nan
200,c_x_tangent:c_0_0p05,t_0p005_0p01,352,0,0.0,0,0.0,352,1.0,0,0.0,0.006198586000932481,0.006978300188176878,1.0,0.21641034241429147,0.8224006085245733,0.9075512964681935,0.01327552780440907,0.015074371143895548
200,c_x_tangent:c_0_0p05,t_0p01_0p02,628,0,0.0,620,0.9872611464968153,628,1.0,0,0.0,0.09837867517714526,0.10623198193112977,0.26394860510036455,3.7886163468064447,7.530252345785541,7.915235522409388,0.02069117577238595,0.026201744974178702
200,c_x_tangent:c_0_0p05,t_0p02_0p05,0,0,nan,0,nan,0,nan,0,nan,nan,nan,nan,nan,nan,nan,nan,nan
200,c_x_tangent:c_0_0p05,t_0p05_0p10,0,0,nan,0,nan,0,nan,0,nan,nan,nan,nan,nan,nan,nan,nan,nan
200,c_x_tangent:c_0_0p05,t_0p10_inf,0,0,nan,0,nan,0,nan,0,nan,nan,nan,nan,nan,nan,nan,nan,nan
200,c_x_tangent:c_0p05_0p10,t_0_0p005,0,0,nan,0,nan,0,nan,0,nan,nan,nan,nan,nan,nan,nan,nan,nan
200,c_x_tangent:c_0p05_0p10,t_0p005_0p01,0,0,nan,0,nan,0,nan,0,nan,nan,nan,nan,nan,nan,nan,nan,nan
200,c_x_tangent:c_0p05_0p10,t_0p01_0p02,180,0,0.0,180,1.0,180,1.0,0,0.0,0.1726959454088342,0.1746115348351423,0.10319504056322085,9.690388167320556,10.894858757915628,11.004054370221493,0.029652299080133032,0.03170228256210526
200,c_x_tangent:c_0p05_0p10,t_0p02_0p05,580,0,0.0,580,1.0,580,1.0,0,0.0,0.29516301053262384,0.2969900938945222,0.08495178723640108,11.771382716378085,12.08787618199027,12.147816959264764,0.041415700429898665,0.05046455037041716
200,c_x_tangent:c_0p05_0p10,t_0p05_0p10,0,0,nan,0,nan,0,nan,0,nan,nan,nan,nan,nan,nan,nan,nan,nan
200,c_x_tangent:c_0p05_0p10,t_0p10_inf,0,0,nan,0,nan,0,nan,0,nan,nan,nan,nan,nan,nan,nan,nan,nan
200,c_x_tangent:c_0p10_0p30,t_0_0p005,0,0,nan,0,nan,0,nan,0,nan,nan,nan,nan,nan,nan,nan,nan,nan
200,c_x_tangent:c_0p10_0p30,t_0p005_0p01,0,0,nan,0,nan,0,nan,0,nan,nan,nan,nan,nan,nan,nan,nan,nan
200,c_x_tangent:c_0p10_0p30,t_0p01_0p02,0,0,nan,0,nan,0,nan,0,nan,nan,nan,nan,nan,nan,nan,nan,nan
200,c_x_tangent:c_0p10_0p30,t_0p02_0p05,760,0,0.0,760,1.0,760,1.0,0,0.0,0.4750071852453944,0.48201614071113813,0.0892577071659092,11.203518629493313,11.555752197506338,11.617445897168082,0.06968375789559478,0.08745782712495638
200,c_x_tangent:c_0p10_0p30,t_0p05_0p10,612,0,0.0,612,1.0,200,0.32679738562091504,412,0.673202614379085,0.6291889476464801,0.6344963494157598,0.08834100449904952,11.31977166968663,12.583778952929602,12.689926988315197,0.10761738756393403,0.12273696533525613
200,c_x_tangent:c_0p10_0p30,t_0p10_inf,0,0,nan,0,nan,0,nan,0,nan,nan,nan,nan,nan,nan,nan,nan,nan
200,c_x_tangent:c_0p30_0p70,t_0_0p005,0,0,nan,0,nan,0,nan,0,nan,nan,nan,nan,nan,nan,nan,nan,nan
200,c_x_tangent:c_0p30_0p70,t_0p005_0p01,0,0,nan,0,nan,0,nan,0,nan,nan,nan,nan,nan,nan,nan,nan,nan
200,c_x_tangent:c_0p30_0p70,t_0p01_0p02,0,0,nan,0,nan,0,nan,0,nan,nan,nan,nan,nan,nan,nan,nan,nan
200,c_x_tangent:c_0p30_0p70,t_0p02_0p05,0,0,nan,0,nan,0,nan,0,nan,nan,nan,nan,nan,nan,nan,nan,nan
200,c_x_tangent:c_0p30_0p70,t_0p05_0p10,1648,0,0.0,1648,1.0,0,0.0,1648,1.0,0.7257760669810855,0.7271429524365314,0.07161197868429062,13.964180525621,14.515521339621712,14.542859048730627,0.1456956735318719,0.15242498924686096
200,c_x_tangent:c_0p30_0p70,t_0p10_inf,0,0,nan,0,nan,0,nan,0,nan,nan,nan,nan,nan,nan,nan,nan,nan
200,c_x_tangent:c_0p70_0p90,t_0_0p005,0,0,nan,0,nan,0,nan,0,nan,nan,nan,nan,nan,nan,nan,nan,nan
200,c_x_tangent:c_0p70_0p90,t_0p005_0p01,0,0,nan,0,nan,0,nan,0,nan,nan,nan,nan,nan,nan,nan,nan,nan
200,c_x_tangent:c_0p70_0p90,t_0p01_0p02,0,0,nan,0,nan,0,nan,0,nan,nan,nan,nan,nan,nan,nan,nan,nan
200,c_x_tangent:c_0p70_0p90,t_0p02_0p05,832,0,0.0,832,1.0,752,0.9038461538461539,80,0.09615384615384616,0.45464373389470175,0.4659979600888567,0.11242449216954677,8.894858968621515,9.092874677894034,9.319959201777134,0.07802401745972434,0.1019061066152647
200,c_x_tangent:c_0p70_0p90,t_0p05_0p10,428,0,0.0,428,1.0,0,0.0,428,1.0,0.5874212027164933,0.591436898603344,0.09328382407400945,10.719972191605489,11.748424054329867,11.828737972066879,0.1193144260440561,0.129916720556799
200,c_x_tangent:c_0p70_0p90,t_0p10_inf,0,0,nan,0,nan,0,nan,0,nan,nan,nan,nan,nan,nan,nan,nan,nan
200,c_x_tangent:c_0p90_0p95,t_0_0p005,0,0,nan,0,nan,0,nan,0,nan,nan,nan,nan,nan,nan,nan,nan,nan
200,c_x_tangent:c_0p90_0p95,t_0p005_0p01,0,0,nan,0,nan,0,nan,0,nan,nan,nan,nan,nan,nan,nan,nan,nan
200,c_x_tangent:c_0p90_0p95,t_0p01_0p02,412,0,0.0,412,1.0,412,1.0,0,0.0,0.18040033460809365,0.1863390094440582,0.11895587860055168,8.406478198172564,8.954823784946441,8.961719264518088,0.03377921919653276,0.04032509614776081
200,c_x_tangent:c_0p90_0p95,t_0p02_0p05,260,0,0.0,260,1.0,260,1.0,0,0.0,0.2374958944502504,0.2381836646266698,0.11210775244943252,8.919989725519306,8.938636331482181,8.943188241797246,0.047252590213212375,0.05340307455455757
200,c_x_tangent:c_0p90_0p95,t_0p05_0p10,0,0,nan,0,nan,0,nan,0,nan,nan,nan,nan,nan,nan,nan,nan,nan
200,c_x_tangent:c_0p90_0p95,t_0p10_inf,0,0,nan,0,nan,0,nan,0,nan,nan,nan,nan,nan,nan,nan,nan,nan
200,c_x_tangent:c_0p95_1,t_0_0p005,8,0,0.0,0,0.0,8,1.0,0,0.0,2.133309479661638e-06,2.1333094796616845e-06,1.0,0.00040281017730717337,0.00040281017730754904,0.00040281017730755544,0.010592132969037882,0.010592132969038392
200,c_x_tangent:c_0p95_1,t_0p005_0p01,572,0,0.0,216,0.3776223776223776,572,1.0,0,0.0,0.026084895152162765,0.02863980212616337,1.0,0.49685812905733845,2.585683952401868,2.779668699996329,0.01486377771962083,0.020176398687807184
200,c_x_tangent:c_0p95_1,t_0p01_0p02,252,0,0.0,252,1.0,252,1.0,0,0.0,0.0770792181681103,0.07725873996023037,0.24454169507479442,4.089282196617409,5.744257284664562,5.757639509306515,0.02337171455190723,0.02683694935584313
200,c_x_tangent:c_0p95_1,t_0p02_0p05,0,0,nan,0,nan,0,nan,0,nan,nan,nan,nan,nan,nan,nan,nan,nan
200,c_x_tangent:c_0p95_1,t_0p05_0p10,0,0,nan,0,nan,0,nan,0,nan,nan,nan,nan,nan,nan,nan,nan,nan
200,c_x_tangent:c_0p95_1,t_0p10_inf,0,0,nan,0,nan,0,nan,0,nan,nan,nan,nan,nan,nan,nan,nan,nan
300,region,none_or_unknown,7592,0,0.0,6840,0.9009483667017913,5016,0.660695468914647,2576,0.339304531085353,0.7130332332929425,0.719153949537049,0.09503875426025304,10.522023439634019,14.260664665858851,14.38307899074098,0.06484888369984138,0.15130621332827054
300,region,sphere_upper,0,0,nan,0,nan,0,nan,0,nan,nan,nan,nan,nan,nan,nan,nan,nan
300,region,sphere_lower90,0,0,nan,0,nan,0,nan,0,nan,nan,nan,nan,nan,nan,nan,nan,nan
300,region,sphere_bottom120,0,0,nan,0,nan,0,nan,0,nan,nan,nan,nan,nan,nan,nan,nan,nan
300,region,outer_or_other_wall,0,0,nan,0,nan,0,nan,0,nan,nan,nan,nan,nan,nan,nan,nan,nan
300,theta_zone,sphere11,0,0,nan,0,nan,0,nan,0,nan,nan,nan,nan,nan,nan,nan,nan,nan
300,theta_zone,outer90,0,0,nan,0,nan,0,nan,0,nan,nan,nan,nan,nan,nan,nan,nan,nan
300,theta_zone,fallback,7592,0,0.0,6840,0.9009483667017913,5016,0.660695468914647,2576,0.339304531085353,0.7130332332929425,0.719153949537049,0.09503875426025304,10.522023439634019,14.260664665858851,14.38307899074098,0.06484888369984138,0.15130621332827054
300,c_bin,c_0_0p05,1008,0,0.0,620,0.6150793650793651,1008,1.0,0,0.0,0.0950478473184458,0.10312656696446014,0.5429061985071315,1.8419388151208667,7.316618725316743,7.747902616864842,0.017505139284278312,0.02610149879575614
300,c_bin,c_0p05_0p10,768,0,0.0,768,1.0,768,1.0,0,0.0,0.2875220526431045,0.292490877404605,0.08665139443447345,11.540495253492836,11.891013111315957,11.98275482536529,0.03688185163412672,0.05017553831709614
300,c_bin,c_0p10_0p30,1396,0,0.0,1396,1.0,984,0.7048710601719198,412,0.29512893982808025,0.6122783217438348,0.6220447818467616,0.09059307650460649,11.038371127060154,12.245566434876695,12.440895636935231,0.08606128057269603,0.12103635262156612
300,c_bin,c_0p30_0p70,1672,0,0.0,1672,1.0,0,0.0,1672,1.0,0.7188716838106932,0.7201901939182751,0.072382578679039,13.815479059322135,14.377433676213863,14.403803878365501,0.1458320568103245,0.15267838938401088
300,c_bin,c_0p70_0p90,1244,0,0.0,1244,1.0,752,0.6045016077170418,492,0.3954983922829582,0.5787557644639338,0.5859272485711298,0.1118625954441466,8.93953869056528,11.575115289278674,11.718544971422595,0.09175106845006756,0.12817763211593908
300,c_bin,c_0p90_0p95,672,0,0.0,672,1.0,672,1.0,0,0.0,0.23361590130639198,0.23970937997841224,0.11180532059228986,8.944118175257577,8.981186010636454,8.990588345048547,0.037844577920880446,0.05223336092664414
300,c_bin,c_0p95_1,832,0,0.0,468,0.5625,832,1.0,0,0.0,0.07104942059213866,0.07752789020996852,0.8661323662895708,1.1545579393181038,5.4362605347856015,5.770991629149232,0.016922250865256977,0.02613908286525668
300,tangent_bin,t_0_0p005,8,0,0.0,0,0.0,8,1.0,0,0.0,2.5492694093642155e-06,2.5492694093642316e-06,1.0,0.0004807008965492278,0.00048070089654942116,0.0004807008965494242,0.010606468295205868,0.010606468295206095
300,tangent_bin,t_0p005_0p01,968,0,0.0,224,0.23140495867768596,968,1.0,0,0.0,0.019805296173562706,0.02796440122734546,1.0,0.3347853847554544,2.0748940768516873,2.730242813830244,0.013897723775632382,0.019090416609232087
300,tangent_bin,t_0p01_0p02,1472,0,0.0,1472,1.0,1472,1.0,0,0.0,0.17428282717589869,0.1812945605442429,0.1687895000881487,5.924602709333141,10.00663392323949,10.81303847159479,0.025839584492378286,0.037844328369441724
300,tangent_bin,t_0p02_0p05,2448,0,0.0,2448,1.0,2384,0.9738562091503268,64,0.026143790849673203,0.46090359632231487,0.47734332020183295,0.09293667712505643,10.760014572099038,11.731082679763166,11.94524941222116,0.0626599874054572,0.09593224880501638
300,tangent_bin,t_0p05_0p10,2696,0,0.0,2696,1.0,184,0.06824925816023739,2512,0.9317507418397626,0.7178601525712949,0.7200711650830793,0.07711631316241774,12.967432015827,14.357203051425897,14.401423301661588,0.13577296807679531,0.15250007959353953
300,tangent_bin,t_0p10_inf,0,0,nan,0,nan,0,nan,0,nan,nan,nan,nan,nan,nan,nan,nan,nan
300,normal_raw_abs_bin,normal_raw_abs_0_1e-4,0,0,nan,0,nan,0,nan,0,nan,nan,nan,nan,nan,nan,nan,nan,nan
300,normal_raw_abs_bin,normal_raw_abs_1e-4_1e-3,0,0,nan,0,nan,0,nan,0,nan,nan,nan,nan,nan,nan,nan,nan,nan
300,normal_raw_abs_bin,normal_raw_abs_1e-3_1e-2,0,0,nan,0,nan,0,nan,0,nan,nan,nan,nan,nan,nan,nan,nan,nan
300,normal_raw_abs_bin,normal_raw_abs_1e-2_5e-2,3152,0,0.0,2400,0.7614213197969543,3152,1.0,0,0.0,0.2548899288330202,0.27978910789165107,0.1926852806458716,5.189984714893553,11.71796666082606,11.917588898759492,0.023860965312647486,0.04674978211632974
300,normal_raw_abs_bin,normal_raw_abs_5e-2_inf,4440,0,0.0,4440,1.0,1864,0.4198198198198198,2576,0.5801801801801801,0.7169364801405564,0.719609564546017,0.08852064187170847,11.296800550141892,14.338729602811128,14.392191290920339,0.11292668534231257,0.15220550339783478
300,cap_source,abs_cap_selected,2576,0,0.0,2576,1.0,0,0.0,2576,1.0,0.7179175425423014,0.7200711650830803,0.07667939166973414,13.041313685782757,14.358350850846028,14.401423301661605,0.1368668712660336,0.15250007959353984
300,cap_source,ratio_cap_selected,5016,0,0.0,4264,0.8500797448165869,5016,1.0,0,0.0,0.46940524313249066,0.5174118713518425,0.11195710919864289,8.93199196699658,11.656040472586382,11.846646889023743,0.03710716267295286,0.09378776965402952
300,cap_source,none_or_inactive,0,0,nan,0,nan,0,nan,0,nan,nan,nan,nan,nan,nan,nan,nan,nan
300,limiter_class,none,752,0,0.0,0,0.0,752,1.0,0,0.0,0.006200630721451786,0.007352330867527426,1.0,0.17218982541498057,0.8171376587351785,0.9253710776167957,0.013068724780677478,0.015460180826191508
300,limiter_class,abs_cap_limiter,2576,0,0.0,2576,1.0,0,0.0,2576,1.0,0.7179175425423014,0.7200711650830803,0.07667939166973414,13.041313685782757,14.358350850846028,14.401423301661605,0.1368668712660336,0.15250007959353984
300,limiter_class,ratio_cap_limiter,4264,0,0.0,4264,1.0,4264,1.0,0,0.0,0.4759515710860225,0.5178662418919309,0.11180947316970968,8.943786005158213,11.665927604161114,11.884983838243267,0.04460051294319235,0.09484046523107811
300,limiter_class,secondary_vector_safety,0,0,nan,0,nan,0,nan,0,nan,nan,nan,nan,nan,nan,nan,nan,nan
300,limiter_class,inactive_or_fallback,0,0,nan,0,nan,0,nan,0,nan,nan,nan,nan,nan,nan,nan,nan,nan
300,normal_agreement_bin,normal_0_0p5,0,0,nan,0,nan,0,nan,0,nan,nan,nan,nan,nan,nan,nan,nan,nan
300,normal_agreement_bin,normal_0p5_0p9,0,0,nan,0,nan,0,nan,0,nan,nan,nan,nan,nan,nan,nan,nan,nan
300,normal_agreement_bin,normal_0p9_0p99,0,0,nan,0,nan,0,nan,0,nan,nan,nan,nan,nan,nan,nan,nan,nan
300,normal_agreement_bin,normal_0p99_1p01,7592,0,0.0,6840,0.9009483667017913,5016,0.660695468914647,2576,0.339304531085353,0.7130332332929425,0.719153949537049,0.09503875426025304,10.522023439634019,14.260664665858851,14.38307899074098,0.06484888369984138,0.15130621332827054
300,c_x_tangent:c_0_0p05,t_0_0p005,0,0,nan,0,nan,0,nan,0,nan,nan,nan,nan,nan,nan,nan,nan,nan
300,c_x_tangent:c_0_0p05,t_0p005_0p01,396,0,0.0,8,0.020202020202020204,396,1.0,0,0.0,0.006213943031987053,0.008177421731526907,1.0,0.20081179634255497,0.8181354589774716,1.0312826160511916,0.013347129718041938,0.015190499235306121
300,c_x_tangent:c_0_0p05,t_0p01_0p02,612,0,0.0,612,1.0,612,1.0,0,0.0,0.10218304939187302,0.10499610994163158,0.27917402732821156,3.5819951073899423,7.659463049355672,7.845137606926084,0.020529905658307895,0.026620511915052922
300,c_x_tangent:c_0_0p05,t_0p02_0p05,0,0,nan,0,nan,0,nan,0,nan,nan,nan,nan,nan,nan,nan,nan,nan
300,c_x_tangent:c_0_0p05,t_0p05_0p10,0,0,nan,0,nan,0,nan,0,nan,nan,nan,nan,nan,nan,nan,nan,nan
300,c_x_tangent:c_0_0p05,t_0p10_inf,0,0,nan,0,nan,0,nan,0,nan,nan,nan,nan,nan,nan,nan,nan,nan
300,c_x_tangent:c_0p05_0p10,t_0_0p005,0,0,nan,0,nan,0,nan,0,nan,nan,nan,nan,nan,nan,nan,nan,nan
300,c_x_tangent:c_0p05_0p10,t_0p005_0p01,0,0,nan,0,nan,0,nan,0,nan,nan,nan,nan,nan,nan,nan,nan,nan
300,c_x_tangent:c_0p05_0p10,t_0p01_0p02,204,0,0.0,204,1.0,204,1.0,0,0.0,0.17443887788824805,0.1753610153658229,0.10606513663720839,9.428168686761424,10.813038471594803,10.844377988160819,0.029344465648719648,0.03223568058760342
300,c_x_tangent:c_0p05_0p10,t_0p02_0p05,564,0,0.0,564,1.0,564,1.0,0,0.0,0.2883771656073155,0.2932891924500828,0.08597424342838135,11.631390520266974,11.94524941222115,11.98787862841075,0.04095310596837966,0.05067800243573227
300,c_x_tangent:c_0p05_0p10,t_0p05_0p10,0,0,nan,0,nan,0,nan,0,nan,nan,nan,nan,nan,nan,nan,nan,nan
300,c_x_tangent:c_0p05_0p10,t_0p10_inf,0,0,nan,0,nan,0,nan,0,nan,nan,nan,nan,nan,nan,nan,nan,nan
300,c_x_tangent:c_0p10_0p30,t_0_0p005,0,0,nan,0,nan,0,nan,0,nan,nan,nan,nan,nan,nan,nan,nan,nan
300,c_x_tangent:c_0p10_0p30,t_0p005_0p01,0,0,nan,0,nan,0,nan,0,nan,nan,nan,nan,nan,nan,nan,nan,nan
300,c_x_tangent:c_0p10_0p30,t_0p01_0p02,0,0,nan,0,nan,0,nan,0,nan,nan,nan,nan,nan,nan,nan,nan,nan
300,c_x_tangent:c_0p10_0p30,t_0p02_0p05,800,0,0.0,800,1.0,800,1.0,0,0.0,0.47574205672780057,0.47881093500930527,0.090911778505338,10.999674810467862,11.358807725304308,11.449446316958472,0.07019962346945229,0.08954818119063469
300,c_x_tangent:c_0p10_0p30,t_0p05_0p10,596,0,0.0,596,1.0,184,0.3087248322147651,412,0.6912751677852349,0.6205868925063053,0.6249567453734424,0.08929911575521808,11.19831917195178,12.411737850126105,12.499134907468846,0.10843726054145202,0.12305706156924118
300,c_x_tangent:c_0p10_0p30,t_0p10_inf,0,0,nan,0,nan,0,nan,0,nan,nan,nan,nan,nan,nan,nan,nan,nan
300,c_x_tangent:c_0p30_0p70,t_0_0p005,0,0,nan,0,nan,0,nan,0,nan,nan,nan,nan,nan,nan,nan,nan,nan
300,c_x_tangent:c_0p30_0p70,t_0p005_0p01,0,0,nan,0,nan,0,nan,0,nan,nan,nan,nan,nan,nan,nan,nan,nan
300,c_x_tangent:c_0p30_0p70,t_0p01_0p02,0,0,nan,0,nan,0,nan,0,nan,nan,nan,nan,nan,nan,nan,nan,nan
300,c_x_tangent:c_0p30_0p70,t_0p02_0p05,0,0,nan,0,nan,0,nan,0,nan,nan,nan,nan,nan,nan,nan,nan,nan
300,c_x_tangent:c_0p30_0p70,t_0p05_0p10,1672,0,0.0,1672,1.0,0,0.0,1672,1.0,0.7188716838106932,0.7201901939182751,0.072382578679039,13.815479059322135,14.377433676213863,14.403803878365501,0.1458320568103245,0.15267838938401088
300,c_x_tangent:c_0p30_0p70,t_0p10_inf,0,0,nan,0,nan,0,nan,0,nan,nan,nan,nan,nan,nan,nan,nan,nan
300,c_x_tangent:c_0p70_0p90,t_0_0p005,0,0,nan,0,nan,0,nan,0,nan,nan,nan,nan,nan,nan,nan,nan,nan
300,c_x_tangent:c_0p70_0p90,t_0p005_0p01,0,0,nan,0,nan,0,nan,0,nan,nan,nan,nan,nan,nan,nan,nan,nan
300,c_x_tangent:c_0p70_0p90,t_0p01_0p02,0,0,nan,0,nan,0,nan,0,nan,nan,nan,nan,nan,nan,nan,nan,nan
300,c_x_tangent:c_0p70_0p90,t_0p02_0p05,816,0,0.0,816,1.0,752,0.9215686274509803,64,0.0784313725490196,0.4553914777023653,0.462942086193632,0.11194680776838983,8.932813895712714,9.107829554047305,9.258841723872639,0.07704476227260557,0.10179382316084218
300,c_x_tangent:c_0p70_0p90,t_0p05_0p10,428,0,0.0,428,1.0,0,0.0,428,1.0,0.5848126750538895,0.5883723386731669,0.09362730534571774,10.680644885672098,11.69625350107779,11.767446773463337,0.11888052107871086,0.12957288492811725
300,c_x_tangent:c_0p70_0p90,t_0p10_inf,0,0,nan,0,nan,0,nan,0,nan,nan,nan,nan,nan,nan,nan,nan,nan
300,c_x_tangent:c_0p90_0p95,t_0_0p005,0,0,nan,0,nan,0,nan,0,nan,nan,nan,nan,nan,nan,nan,nan,nan
300,c_x_tangent:c_0p90_0p95,t_0p005_0p01,0,0,nan,0,nan,0,nan,0,nan,nan,nan,nan,nan,nan,nan,nan,nan
300,c_x_tangent:c_0p90_0p95,t_0p01_0p02,404,0,0.0,404,1.0,404,1.0,0,0.0,0.18078274759378865,0.1868657529064975,0.11853214934293568,8.436529714034062,8.985171364396518,8.990588345048637,0.033824100936063,0.04038701230718977
300,c_x_tangent:c_0p90_0p95,t_0p02_0p05,268,0,0.0,268,1.0,268,1.0,0,0.0,0.2390173881866015,0.23970937997841357,0.11165178633590775,8.956417383161877,8.976439839100024,8.981186010636451,0.04733747632452484,0.0535107982194053
300,c_x_tangent:c_0p90_0p95,t_0p05_0p10,0,0,nan,0,nan,0,nan,0,nan,nan,nan,nan,nan,nan,nan,nan,nan
300,c_x_tangent:c_0p90_0p95,t_0p10_inf,0,0,nan,0,nan,0,nan,0,nan,nan,nan,nan,nan,nan,nan,nan,nan
300,c_x_tangent:c_0p95_1,t_0_0p005,8,0,0.0,0,0.0,8,1.0,0,0.0,2.5492694093642155e-06,2.5492694093642316e-06,1.0,0.0004807008965492278,0.00048070089654942116,0.0004807008965494242,0.010606468295205868,0.010606468295206095
300,c_x_tangent:c_0p95_1,t_0p005_0p01,572,0,0.0,216,0.3776223776223776,572,1.0,0,0.0,0.026247643262745868,0.028811520322467567,1.0,0.5010783155337486,2.59894306697997,2.7932497932160256,0.014881340906419793,0.020198705847947807
300,c_x_tangent:c_0p95_1,t_0p01_0p02,252,0,0.0,252,1.0,252,1.0,0,0.0,0.07752789020996678,0.07771115983171768,0.24340941281107747,4.108304557540473,5.770991629149037,5.784637845451965,0.0233977780950535,0.026868115829521113
300,c_x_tangent:c_0p95_1,t_0p02_0p05,0,0,nan,0,nan,0,nan,0,nan,nan,nan,nan,nan,nan,nan,nan,nan
300,c_x_tangent:c_0p95_1,t_0p05_0p10,0,0,nan,0,nan,0,nan,0,nan,nan,nan,nan,nan,nan,nan,nan,nan
300,c_x_tangent:c_0p95_1,t_0p10_inf,0,0,nan,0,nan,0,nan,0,nan,nan,nan,nan,nan,nan,nan,nan,nan
400,region,none_or_unknown,7632,0,0.0,6864,0.89937106918239,5016,0.6572327044025157,2616,0.34276729559748426,0.7069016833304678,0.7129421330686644,0.09639278260700929,10.374220703952531,14.138033666609354,14.258842661373286,0.0650081944357499,0.15153459139368428
400,region,sphere_upper,0,0,nan,0,nan,0,nan,0,nan,nan,nan,nan,nan,nan,nan,nan,nan
400,region,sphere_lower90,0,0,nan,0,nan,0,nan,0,nan,nan,nan,nan,nan,nan,nan,nan,nan
400,region,sphere_bottom120,0,0,nan,0,nan,0,nan,0,nan,nan,nan,nan,nan,nan,nan,nan,nan
400,region,outer_or_other_wall,0,0,nan,0,nan,0,nan,0,nan,nan,nan,nan,nan,nan,nan,nan,nan
400,theta_zone,sphere11,0,0,nan,0,nan,0,nan,0,nan,nan,nan,nan,nan,nan,nan,nan,nan
400,theta_zone,outer90,0,0,nan,0,nan,0,nan,0,nan,nan,nan,nan,nan,nan,nan,nan,nan
400,theta_zone,fallback,7632,0,0.0,6864,0.89937106918239,5016,0.6572327044025157,2616,0.34276729559748426,0.7069016833304678,0.7129421330686644,0.09639278260700929,10.374220703952531,14.138033666609354,14.258842661373286,0.0650081944357499,0.15153459139368428
400,c_bin,c_0_0p05,1000,0,0.0,596,0.596,1000,1.0,0,0.0,0.09422984250669815,0.10262433672619173,0.5558277397672939,1.7994779264811385,7.19370419883904,7.670545300254589,0.017522451387661855,0.026194874249752413
400,c_bin,c_0p05_0p10,784,0,0.0,784,1.0,784,1.0,0,0.0,0.2826554596695064,0.28727147215948085,0.08813584791112765,11.346133528712759,11.717701635530291,11.741673789705432,0.03706594280103763,0.04979574512613221
400,c_bin,c_0p10_0p30,1428,0,0.0,1428,1.0,992,0.6946778711484594,436,0.30532212885154064,0.6043984496929667,0.6149084470046997,0.09207789052843764,10.860370434867388,12.087968993859334,12.298168940093994,0.0848834476065486,0.12141116819432769
400,c_bin,c_0p30_0p70,1672,0,0.0,1672,1.0,0,0.0,1672,1.0,0.7126599668758666,0.7136621066877796,0.07291784318550751,13.714064436271627,14.253199337517332,14.273242133755593,0.14611677817296564,0.1529119327452822
400,c_bin,c_0p70_0p90,1244,0,0.0,1244,1.0,736,0.5916398713826366,508,0.40836012861736337,0.5795401752618726,0.5864212310889825,0.1113705418780355,8.979035058436938,11.590803505237451,11.728424621779649,0.09202633732600884,0.12851423336014642
400,c_bin,c_0p90_0p95,672,0,0.0,672,1.0,672,1.0,0,0.0,0.23515379810978862,0.24130668086785656,0.11132391631883651,8.982795728601182,9.018605892034083,9.025951734999792,0.03789204529781115,0.0523357587144359
400,c_bin,c_0p95_1,832,0,0.0,468,0.5625,832,1.0,0,0.0,0.07142881511629702,0.07795013757119067,0.8625369331710486,1.159370644366009,5.461624979826643,5.7983412197072415,0.016928304338711564,0.0261566165308423
400,tangent_bin,t_0_0p005,8,0,0.0,0,0.0,8,1.0,0,0.0,2.6618917925499105e-06,2.6618917925508956e-06,1.0,0.0005017761393742595,0.0005017761393749356,0.0005017761393751258,0.01060987792630394,0.010609877926304134
400,tangent_bin,t_0p005_0p01,992,0,0.0,232,0.23387096774193547,992,1.0,0,0.0,0.01989510468509665,0.028085553144138187,1.0,0.35955686701047085,2.08345000092287,2.740835505916512,0.014171271619043063,0.019098230988297674
400,tangent_bin,t_0p01_0p02,1480,0,0.0,1480,1.0,1480,1.0,0,0.0,0.17481199908819808,0.18228687476346433,0.16163413727355003,6.186811875684389,10.25104878196281,10.963246149808686,0.026156622117184836,0.03789155674651751
400,tangent_bin,t_0p02_0p05,2456,0,0.0,2456,1.0,2384,0.9706840390879479,72,0.029315960912052116,0.45971090053145586,0.47355660814585254,0.09470394678505725,10.559222017110102,11.563606327860986,11.730732230889926,0.06340409134631259,0.0962220481734326
400,tangent_bin,t_0p05_0p10,2696,0,0.0,2696,1.0,152,0.05637982195845697,2544,0.9436201780415431,0.7116912148565586,0.7135699890200224,0.07798928495456864,12.82227667239595,14.233824297131171,14.271399780400449,0.13609841641435133,0.1527357144265325
400,tangent_bin,t_0p10_inf,0,0,nan,0,nan,0,nan,0,nan,nan,nan,nan,nan,nan,nan,nan,nan
400,normal_raw_abs_bin,normal_raw_abs_0_1e-4,0,0,nan,0,nan,0,nan,0,nan,nan,nan,nan,nan,nan,nan,nan,nan
400,normal_raw_abs_bin,normal_raw_abs_1e-4_1e-3,0,0,nan,0,nan,0,nan,0,nan,nan,nan,nan,nan,nan,nan,nan,nan
400,normal_raw_abs_bin,normal_raw_abs_1e-3_1e-2,0,0,nan,0,nan,0,nan,0,nan,nan,nan,nan,nan,nan,nan,nan,nan
400,normal_raw_abs_bin,normal_raw_abs_1e-2_5e-2,3192,0,0.0,2424,0.7593984962406015,3192,1.0,0,0.0,0.2559662272461208,0.27996259184615574,0.1915820209516073,5.219696477951839,11.532441001957363,11.726134520405521,0.024000431869775227,0.04741903836043289
400,normal_raw_abs_bin,normal_raw_abs_5e-2_inf,4440,0,0.0,4440,1.0,1824,0.41081081081081083,2616,0.5891891891891892,0.710874996162889,0.7135014537719635,0.08993833157820377,11.118730675348258,14.217499923257778,14.270029075439268,0.1132590267966018,0.15244546775396328
400,cap_source,abs_cap_selected,2616,0,0.0,2616,1.0,0,0.0,2616,1.0,0.7117540956320857,0.7135699890200228,0.07717013415190369,12.958384452835915,14.235081912641713,14.271399780400456,0.1365964939510923,0.15273571442653266
400,cap_source,ratio_cap_selected,5016,0,0.0,4248,0.84688995215311,5016,1.0,0,0.0,0.4597539724160999,0.5124703388965158,0.11156644784169552,8.963268252646401,11.459301862735458,11.66885833771465,0.03706625666404078,0.09327895875877171
400,cap_source,none_or_inactive,0,0,nan,0,nan,0,nan,0,nan,nan,nan,nan,nan,nan,nan,nan,nan
400,limiter_class,none,768,0,0.0,0,0.0,768,1.0,0,0.0,0.006594937754710263,0.007489006145178485,1.0,0.19948571103794183,0.8497938848133422,0.9417198314850396,0.013307739261067453,0.015650891002415936
400,limiter_class,abs_cap_limiter,2616,0,0.0,2616,1.0,0,0.0,2616,1.0,0.7117540956320857,0.7135699890200228,0.07717013415190369,12.958384452835915,14.235081912641713,14.271399780400456,0.1365964939510923,0.15273571442653266
400,limiter_class,ratio_cap_limiter,4248,0,0.0,4248,1.0,4248,1.0,0,0.0,0.4662237978726576,0.5124876871252201,0.11132684092499767,8.982559752718121,11.490301313604508,11.672492026747012,0.04480761243827343,0.09433752545237516
400,limiter_class,secondary_vector_safety,0,0,nan,0,nan,0,nan,0,nan,nan,nan,nan,nan,nan,nan,nan,nan
400,limiter_class,inactive_or_fallback,0,0,nan,0,nan,0,nan,0,nan,nan,nan,nan,nan,nan,nan,nan,nan
400,normal_agreement_bin,normal_0_0p5,0,0,nan,0,nan,0,nan,0,nan,nan,nan,nan,nan,nan,nan,nan,nan
400,normal_agreement_bin,normal_0p5_0p9,0,0,nan,0,nan,0,nan,0,nan,nan,nan,nan,nan,nan,nan,nan,nan
400,normal_agreement_bin,normal_0p9_0p99,0,0,nan,0,nan,0,nan,0,nan,nan,nan,nan,nan,nan,nan,nan,nan
400,normal_agreement_bin,normal_0p99_1p01,7632,0,0.0,6864,0.89937106918239,5016,0.6572327044025157,2616,0.34276729559748426,0.7069016833304678,0.7129421330686644,0.09639278260700929,10.374220703952531,14.138033666609354,14.258842661373286,0.0650081944357499,0.15153459139368428
400,c_x_tangent:c_0_0p05,t_0_0p005,0,0,nan,0,nan,0,nan,0,nan,nan,nan,nan,nan,nan,nan,nan,nan
400,c_x_tangent:c_0_0p05,t_0p005_0p01,420,0,0.0,16,0.0380952380952381,420,1.0,0,0.0,0.007403046175628799,0.008047999716365637,1.0,0.24849169462162646,0.9487468583279178,1.0206840792927685,0.013448403764240195,0.015749486470506016
400,c_x_tangent:c_0_0p05,t_0p01_0p02,580,0,0.0,580,1.0,580,1.0,0,0.0,0.09980538767457026,0.10325449203746843,0.29052551531601695,3.4420384691935144,7.512881328600522,7.683557975702525,0.020441302455543015,0.02656913727483612
400,c_x_tangent:c_0_0p05,t_0p02_0p05,0,0,nan,0,nan,0,nan,0,nan,nan,nan,nan,nan,nan,nan,nan,nan
400,c_x_tangent:c_0_0p05,t_0p05_0p10,0,0,nan,0,nan,0,nan,0,nan,nan,nan,nan,nan,nan,nan,nan,nan
400,c_x_tangent:c_0_0p05,t_0p10_inf,0,0,nan,0,nan,0,nan,0,nan,nan,nan,nan,nan,nan,nan,nan,nan
400,c_x_tangent:c_0p05_0p10,t_0_0p005,0,0,nan,0,nan,0,nan,0,nan,nan,nan,nan,nan,nan,nan,nan,nan
400,c_x_tangent:c_0p05_0p10,t_0p005_0p01,0,0,nan,0,nan,0,nan,0,nan,nan,nan,nan,nan,nan,nan,nan,nan
400,c_x_tangent:c_0p05_0p10,t_0p01_0p02,252,0,0.0,252,1.0,252,1.0,0,0.0,0.18155154694874667,0.18248575636640577,0.10647691064263626,9.391707497564948,10.96324614980869,10.990238192977616,0.029763889965063163,0.03311546624668909
400,c_x_tangent:c_0p05_0p10,t_0p02_0p05,532,0,0.0,532,1.0,532,1.0,0,0.0,0.28391574841235095,0.28821861661407133,0.08735986272108277,11.446904434737252,11.730732230889917,11.748041442255964,0.04175197529355445,0.04998966953429138
400,c_x_tangent:c_0p05_0p10,t_0p05_0p10,0,0,nan,0,nan,0,nan,0,nan,nan,nan,nan,nan,nan,nan,nan,nan
400,c_x_tangent:c_0p05_0p10,t_0p10_inf,0,0,nan,0,nan,0,nan,0,nan,nan,nan,nan,nan,nan,nan,nan,nan
400,c_x_tangent:c_0p10_0p30,t_0_0p005,0,0,nan,0,nan,0,nan,0,nan,nan,nan,nan,nan,nan,nan,nan,nan
400,c_x_tangent:c_0p10_0p30,t_0p005_0p01,0,0,nan,0,nan,0,nan,0,nan,nan,nan,nan,nan,nan,nan,nan,nan
400,c_x_tangent:c_0p10_0p30,t_0p01_0p02,0,0,nan,0,nan,0,nan,0,nan,nan,nan,nan,nan,nan,nan,nan,nan
400,c_x_tangent:c_0p10_0p30,t_0p02_0p05,840,0,0.0,840,1.0,840,1.0,0,0.0,0.4720802946385572,0.4767040804271768,0.09241924534826422,10.820264564019254,11.166595487795558,11.247447674809095,0.0701833928853913,0.09049135225919835
400,c_x_tangent:c_0p10_0p30,t_0p05_0p10,588,0,0.0,588,1.0,152,0.2585034013605442,436,0.7414965986394558,0.6134718950111245,0.6177767104468578,0.09016365592746672,11.090943348664371,12.26943790022249,12.355534208937154,0.10915943149597157,0.12364620762499834
400,c_x_tangent:c_0p10_0p30,t_0p10_inf,0,0,nan,0,nan,0,nan,0,nan,nan,nan,nan,nan,nan,nan,nan,nan
400,c_x_tangent:c_0p30_0p70,t_0_0p005,0,0,nan,0,nan,0,nan,0,nan,nan,nan,nan,nan,nan,nan,nan,nan
400,c_x_tangent:c_0p30_0p70,t_0p005_0p01,0,0,nan,0,nan,0,nan,0,nan,nan,nan,nan,nan,nan,nan,nan,nan
400,c_x_tangent:c_0p30_0p70,t_0p01_0p02,0,0,nan,0,nan,0,nan,0,nan,nan,nan,nan,nan,nan,nan,nan,nan
400,c_x_tangent:c_0p30_0p70,t_0p02_0p05,0,0,nan,0,nan,0,nan,0,nan,nan,nan,nan,nan,nan,nan,nan,nan
400,c_x_tangent:c_0p30_0p70,t_0p05_0p10,1672,0,0.0,1672,1.0,0,0.0,1672,1.0,0.7126599668758666,0.7136621066877796,0.07291784318550751,13.714064436271627,14.253199337517332,14.273242133755593,0.14611677817296564,0.1529119327452822
400,c_x_tangent:c_0p30_0p70,t_0p10_inf,0,0,nan,0,nan,0,nan,0,nan,nan,nan,nan,nan,nan,nan,nan,nan
400,c_x_tangent:c_0p70_0p90,t_0_0p005,0,0,nan,0,nan,0,nan,0,nan,nan,nan,nan,nan,nan,nan,nan,nan
400,c_x_tangent:c_0p70_0p90,t_0p005_0p01,0,0,nan,0,nan,0,nan,0,nan,nan,nan,nan,nan,nan,nan,nan,nan
400,c_x_tangent:c_0p70_0p90,t_0p01_0p02,0,0,nan,0,nan,0,nan,0,nan,nan,nan,nan,nan,nan,nan,nan,nan
400,c_x_tangent:c_0p70_0p90,t_0p02_0p05,808,0,0.0,808,1.0,736,0.9108910891089109,72,0.0891089108910891,0.4575933674956336,0.46320999068106905,0.11153366076847843,8.965903146977205,9.151867349912672,9.26419981362138,0.07725967902941627,0.10210162096609711
400,c_x_tangent:c_0p70_0p90,t_0p05_0p10,436,0,0.0,436,1.0,0,0.0,436,1.0,0.5854161231904045,0.5889140257482892,0.09437338392009538,10.596207939800971,11.708322463808088,11.778280514965783,0.11804740113697143,0.1299085131784828
400,c_x_tangent:c_0p70_0p90,t_0p10_inf,0,0,nan,0,nan,0,nan,0,nan,nan,nan,nan,nan,nan,nan,nan,nan
400,c_x_tangent:c_0p90_0p95,t_0_0p005,0,0,nan,0,nan,0,nan,0,nan,nan,nan,nan,nan,nan,nan,nan,nan
400,c_x_tangent:c_0p90_0p95,t_0p005_0p01,0,0,nan,0,nan,0,nan,0,nan,nan,nan,nan,nan,nan,nan,nan,nan
400,c_x_tangent:c_0p90_0p95,t_0p01_0p02,396,0,0.0,396,1.0,396,1.0,0,0.0,0.18125496712340944,0.1822868747634649,0.11794773249856567,8.47833170520816,9.021805208785516,9.025951734999968,0.033859417245947016,0.04018152973351753
400,c_x_tangent:c_0p90_0p95,t_0p02_0p05,276,0,0.0,276,1.0,276,1.0,0,0.0,0.24061208376568055,0.24130668086785848,0.11115291285018661,8.996615332499776,9.015026386146236,9.018770348133966,0.04741864781971514,0.053618666410445104
400,c_x_tangent:c_0p90_0p95,t_0p05_0p10,0,0,nan,0,nan,0,nan,0,nan,nan,nan,nan,nan,nan,nan,nan,nan
400,c_x_tangent:c_0p90_0p95,t_0p10_inf,0,0,nan,0,nan,0,nan,0,nan,nan,nan,nan,nan,nan,nan,nan,nan
400,c_x_tangent:c_0p95_1,t_0_0p005,8,0,0.0,0,0.0,8,1.0,0,0.0,2.6618917925499105e-06,2.6618917925508956e-06,1.0,0.0005017761393742595,0.0005017761393749356,0.0005017761393751258,0.01060987792630394,0.010609877926304134
400,c_x_tangent:c_0p95_1,t_0p005_0p01,572,0,0.0,216,0.3776223776223776,572,1.0,0,0.0,0.02636320392844731,0.028935028493055678,1.0,0.5031046565135378,2.6092333580385794,2.80394673354118,0.014886198618269342,0.02020762447117036
400,c_x_tangent:c_0p95_1,t_0p01_0p02,252,0,0.0,252,1.0,252,1.0,0,0.0,0.07795013757118922,0.07813687379118125,0.2423847749026738,4.12567167389757,5.798341219707115,5.812236406627795,0.0234107728915057,0.02688702534607179
400,c_x_tangent:c_0p95_1,t_0p02_0p05,0,0,nan,0,nan,0,nan,0,nan,nan,nan,nan,nan,nan,nan,nan,nan
400,c_x_tangent:c_0p95_1,t_0p05_0p10,0,0,nan,0,nan,0,nan,0,nan,nan,nan,nan,nan,nan,nan,nan,nan
400,c_x_tangent:c_0p95_1,t_0p10_inf,0,0,nan,0,nan,0,nan,0,nan,nan,nan,nan,nan,nan,nan,nan,nan
500,region,none_or_unknown,7696,0,0.0,6904,0.8970893970893971,5024,0.6528066528066528,2672,0.3471933471933472,0.7009815921156036,0.7072121916512336,0.09757396976199424,10.248634983687085,14.019631842312073,14.144243833024671,0.06554558002253869,0.15176573516524303
500,region,sphere_upper,0,0,nan,0,nan,0,nan,0,nan,nan,nan,nan,nan,nan,nan,nan,nan
500,region,sphere_lower90,0,0,nan,0,nan,0,nan,0,nan,nan,nan,nan,nan,nan,nan,nan,nan
500,region,sphere_bottom120,0,0,nan,0,nan,0,nan,0,nan,nan,nan,nan,nan,nan,nan,nan,nan
500,region,outer_or_other_wall,0,0,nan,0,nan,0,nan,0,nan,nan,nan,nan,nan,nan,nan,nan,nan
500,theta_zone,sphere11,0,0,nan,0,nan,0,nan,0,nan,nan,nan,nan,nan,nan,nan,nan,nan
500,theta_zone,outer90,0,0,nan,0,nan,0,nan,0,nan,nan,nan,nan,nan,nan,nan,nan,nan
500,theta_zone,fallback,7696,0,0.0,6904,0.8970893970893971,5024,0.6528066528066528,2672,0.3471933471933472,0.7009815921156036,0.7072121916512336,0.09757396976199424,10.248634983687085,14.019631842312073,14.144243833024671,0.06554558002253869,0.15176573516524303
500,c_bin,c_0_0p05,1024,0,0.0,596,0.58203125,1024,1.0,0,0.0,0.0834084351312491,0.10171339147202516,0.6684623605028247,1.4959705423769694,6.56070710409228,7.519665304372498,0.017206047240573886,0.025428607294545116
500,c_bin,c_0p05_0p10,808,0,0.0,808,1.0,808,1.0,0,0.0,0.27679626167412946,0.2840739108988447,0.0896245996795206,11.15765095270492,11.487991756964343,11.519617654297093,0.03752230139748491,0.04976011999805994
500,c_bin,c_0p10_0p30,1436,0,0.0,1436,1.0,952,0.6629526462395543,484,0.3370473537604457,0.592615139740558,0.6084301729817375,0.09359543152721977,10.684282167224971,11.852302794811159,12.16860345963475,0.08521628935164628,0.12054137079924064
500,c_bin,c_0p30_0p70,1680,0,0.0,1680,1.0,0,0.0,1680,1.0,0.7067485697088243,0.708018417526725,0.07354022896279716,13.597999611863045,14.134971394176485,14.160368350534497,0.146387058212701,0.15313202633402367
500,c_bin,c_0p70_0p90,1244,0,0.0,1244,1.0,736,0.5916398713826366,508,0.40836012861736337,0.5799589531156237,0.5865672295325234,0.11090686135172992,9.016574698914262,11.599179062312475,11.731344590650467,0.09230813802795729,0.12884259942003765
500,c_bin,c_0p90_0p95,672,0,0.0,672,1.0,672,1.0,0,0.0,0.23670021159679636,0.2429037315964942,0.11083793990341234,9.022181401706234,9.055362971698186,9.06283247789835,0.037944182722769865,0.05244727437135659
500,c_bin,c_0p95_1,832,0,0.0,468,0.5625,832,1.0,0,0.0,0.07184831823722769,0.07841766371568973,0.8588433611196987,1.164356674651675,5.489984518359369,5.828923712534344,0.016932071204126875,0.02617432453478008
500,tangent_bin,t_0_0p005,8,0,0.0,0,0.0,8,1.0,0,0.0,2.711104325853816e-06,2.7111043258543806e-06,1.0,0.0005110021167991344,0.0005110021167999282,0.0005110021168000429,0.010610931879624336,0.010610931879624586
500,tangent_bin,t_0p005_0p01,1032,0,0.0,248,0.24031007751937986,1032,1.0,0,0.0,0.019989761766092885,0.028214488026092895,1.0,0.35926968673011855,2.092713769607201,2.752390027981246,0.013997463181038517,0.01910415275744564
500,tangent_bin,t_0p01_0p02,1480,0,0.0,1480,1.0,1480,1.0,0,0.0,0.17648035949765575,0.1828081205094506,0.16120262661798648,6.2033728666827015,9.94565432041955,10.811279117176008,0.026174274557708543,0.03794364562462683
500,tangent_bin,t_0p02_0p05,2480,0,0.0,2480,1.0,2408,0.9709677419354839,72,0.02903225806451613,0.4596228023478684,0.46992906070863394,0.09630756589596721,10.383400746097205,11.37241017789116,11.502003026871343,0.06330337498783567,0.09651741678059372
500,tangent_bin,t_0p05_0p10,2696,0,0.0,2696,1.0,96,0.03560830860534125,2600,0.9643916913946587,0.7060758197764301,0.7078439922461743,0.07832698637345582,12.766996355148603,14.121516395528602,14.156879844923486,0.1364112202440098,0.15295482330659177
500,tangent_bin,t_0p10_inf,0,0,nan,0,nan,0,nan,0,nan,nan,nan,nan,nan,nan,nan,nan,nan
500,normal_raw_abs_bin,normal_raw_abs_0_1e-4,0,0,nan,0,nan,0,nan,0,nan,nan,nan,nan,nan,nan,nan,nan,nan
500,normal_raw_abs_bin,normal_raw_abs_1e-4_1e-3,0,0,nan,0,nan,0,nan,0,nan,nan,nan,nan,nan,nan,nan,nan,nan
500,normal_raw_abs_bin,normal_raw_abs_1e-3_1e-2,0,0,nan,0,nan,0,nan,0,nan,nan,nan,nan,nan,nan,nan,nan,nan
500,normal_raw_abs_bin,normal_raw_abs_1e-2_5e-2,3216,0,0.0,2424,0.753731343283582,3216,1.0,0,0.0,0.2512136041402492,0.2709033275702648,0.19684399954957593,5.080197009708447,11.347311783912343,11.496145654750004,0.023917853161906866,0.04721189393556552
500,normal_raw_abs_bin,normal_raw_abs_5e-2_inf,4480,0,0.0,4480,1.0,1808,0.4035714285714286,2672,0.5964285714285714,0.705380831641099,0.7075759992885904,0.09122448404802026,10.96196937078431,14.10761663282198,14.151519985771808,0.11290892606498516,0.1526669582402312
500,cap_source,abs_cap_selected,2672,0,0.0,2672,1.0,0,0.0,2672,1.0,0.7060758197764306,0.7078439922461743,0.07818054701405353,12.790905643321256,14.121516395528612,14.156879844923486,0.1365808079808412,0.15295482330659183
500,cap_source,ratio_cap_selected,5024,0,0.0,4232,0.8423566878980892,5024,1.0,0,0.0,0.4408919527205165,0.49195268325174135,0.11122405023876553,8.99086122150791,11.272357281678822,11.476326247557097,0.03701318748980311,0.09153345246925657
500,cap_source,none_or_inactive,0,0,nan,0,nan,0,nan,0,nan,nan,nan,nan,nan,nan,nan,nan,nan
500,limiter_class,none,792,0,0.0,0,0.0,792,1.0,0,0.0,0.006130111268315399,0.007373905330892049,1.0,0.18057495046823835,0.7977621854627935,0.9389331066973405,0.01319627285028806,0.015673761420600972
500,limiter_class,abs_cap_limiter,2672,0,0.0,2672,1.0,0,0.0,2672,1.0,0.7060758197764306,0.7078439922461743,0.07818054701405353,12.790905643321256,14.121516395528612,14.156879844923486,0.1365808079808412,0.15295482330659183
500,limiter_class,ratio_cap_limiter,4232,0,0.0,4232,1.0,4232,1.0,0,0.0,0.44986210986501607,0.49252049449394464,0.11087171099899698,9.01943328068542,11.315524919659072,11.48799175696434,0.044277201318537414,0.09239896424303165
500,limiter_class,secondary_vector_safety,0,0,nan,0,nan,0,nan,0,nan,nan,nan,nan,nan,nan,nan,nan,nan
500,limiter_class,inactive_or_fallback,0,0,nan,0,nan,0,nan,0,nan,nan,nan,nan,nan,nan,nan,nan,nan
500,normal_agreement_bin,normal_0_0p5,0,0,nan,0,nan,0,nan,0,nan,nan,nan,nan,nan,nan,nan,nan,nan
500,normal_agreement_bin,normal_0p5_0p9,0,0,nan,0,nan,0,nan,0,nan,nan,nan,nan,nan,nan,nan,nan,nan
500,normal_agreement_bin,normal_0p9_0p99,0,0,nan,0,nan,0,nan,0,nan,nan,nan,nan,nan,nan,nan,nan,nan
500,normal_agreement_bin,normal_0p99_1p01,7696,0,0.0,6904,0.8970893970893971,5024,0.6528066528066528,2672,0.3471933471933472,0.7009815921156036,0.7072121916512336,0.09757396976199424,10.248634983687085,14.019631842312073,14.144243833024671,0.06554558002253869,0.15176573516524303
500,c_x_tangent:c_0_0p05,t_0_0p005,0,0,nan,0,nan,0,nan,0,nan,nan,nan,nan,nan,nan,nan,nan,nan
500,c_x_tangent:c_0_0p05,t_0p005_0p01,460,0,0.0,32,0.06956521739130435,460,1.0,0,0.0,0.008313772499292105,0.00936938326043793,1.0,0.2564908954626255,1.0456520191212904,1.1399707260087282,0.013647452768944014,0.015901604639521567
500,c_x_tangent:c_0_0p05,t_0p01_0p02,564,0,0.0,564,1.0,564,1.0,0,0.0,0.08996395645850593,0.10186381540054354,0.28826074406587493,3.469081449992631,6.924861930199293,7.551032160572463,0.020999964312446745,0.025982888139956542
500,c_x_tangent:c_0_0p05,t_0p02_0p05,0,0,nan,0,nan,0,nan,0,nan,nan,nan,nan,nan,nan,nan,nan,nan
500,c_x_tangent:c_0_0p05,t_0p05_0p10,0,0,nan,0,nan,0,nan,0,nan,nan,nan,nan,nan,nan,nan,nan,nan
500,c_x_tangent:c_0_0p05,t_0p10_inf,0,0,nan,0,nan,0,nan,0,nan,nan,nan,nan,nan,nan,nan,nan,nan
500,c_x_tangent:c_0p05_0p10,t_0_0p005,0,0,nan,0,nan,0,nan,0,nan,nan,nan,nan,nan,nan,nan,nan,nan
500,c_x_tangent:c_0p05_0p10,t_0p005_0p01,0,0,nan,0,nan,0,nan,0,nan,nan,nan,nan,nan,nan,nan,nan,nan
500,c_x_tangent:c_0p05_0p10,t_0p01_0p02,268,0,0.0,268,1.0,268,1.0,0,0.0,0.17984877055275084,0.18129581548027732,0.10694276612301051,9.350796096388173,10.811279117176015,10.836527335781048,0.02977584625536757,0.03319306360422488
500,c_x_tangent:c_0p05_0p10,t_0p02_0p05,540,0,0.0,540,1.0,540,1.0,0,0.0,0.28041916674261413,0.28416015621942287,0.08876835011992464,11.2652764036846,11.502003026871337,11.540119304484335,0.04223396321581316,0.05054805324129876
500,c_x_tangent:c_0p05_0p10,t_0p05_0p10,0,0,nan,0,nan,0,nan,0,nan,nan,nan,nan,nan,nan,nan,nan,nan
500,c_x_tangent:c_0p05_0p10,t_0p10_inf,0,0,nan,0,nan,0,nan,0,nan,nan,nan,nan,nan,nan,nan,nan,nan
500,c_x_tangent:c_0p10_0p30,t_0_0p005,0,0,nan,0,nan,0,nan,0,nan,nan,nan,nan,nan,nan,nan,nan,nan
500,c_x_tangent:c_0p10_0p30,t_0p005_0p01,0,0,nan,0,nan,0,nan,0,nan,nan,nan,nan,nan,nan,nan,nan,nan
500,c_x_tangent:c_0p10_0p30,t_0p01_0p02,0,0,nan,0,nan,0,nan,0,nan,nan,nan,nan,nan,nan,nan,nan,nan
500,c_x_tangent:c_0p10_0p30,t_0p02_0p05,856,0,0.0,856,1.0,856,1.0,0,0.0,0.46853480334026354,0.4730202938725918,0.09394832843210574,10.644150861571685,11.007585724206052,11.087931749207915,0.07077604045237482,0.09136263621968205
500,c_x_tangent:c_0p10_0p30,t_0p05_0p10,580,0,0.0,580,1.0,96,0.16551724137931034,484,0.8344827586206897,0.6068821785840495,0.6086388152241319,0.09097362293360739,10.992197163894428,12.13764357168099,12.172776304482637,0.10982330374544601,0.12418865814617686
500,c_x_tangent:c_0p10_0p30,t_0p10_inf,0,0,nan,0,nan,0,nan,0,nan,nan,nan,nan,nan,nan,nan,nan,nan
500,c_x_tangent:c_0p30_0p70,t_0_0p005,0,0,nan,0,nan,0,nan,0,nan,nan,nan,nan,nan,nan,nan,nan,nan
500,c_x_tangent:c_0p30_0p70,t_0p005_0p01,0,0,nan,0,nan,0,nan,0,nan,nan,nan,nan,nan,nan,nan,nan,nan
500,c_x_tangent:c_0p30_0p70,t_0p01_0p02,0,0,nan,0,nan,0,nan,0,nan,nan,nan,nan,nan,nan,nan,nan,nan
500,c_x_tangent:c_0p30_0p70,t_0p02_0p05,0,0,nan,0,nan,0,nan,0,nan,nan,nan,nan,nan,nan,nan,nan,nan
500,c_x_tangent:c_0p30_0p70,t_0p05_0p10,1680,0,0.0,1680,1.0,0,0.0,1680,1.0,0.7067485697088243,0.708018417526725,0.07354022896279716,13.597999611863045,14.134971394176485,14.160368350534497,0.146387058212701,0.15313202633402367
500,c_x_tangent:c_0p30_0p70,t_0p10_inf,0,0,nan,0,nan,0,nan,0,nan,nan,nan,nan,nan,nan,nan,nan,nan
500,c_x_tangent:c_0p70_0p90,t_0_0p005,0,0,nan,0,nan,0,nan,0,nan,nan,nan,nan,nan,nan,nan,nan,nan
500,c_x_tangent:c_0p70_0p90,t_0p005_0p01,0,0,nan,0,nan,0,nan,0,nan,nan,nan,nan,nan,nan,nan,nan,nan
500,c_x_tangent:c_0p70_0p90,t_0p01_0p02,0,0,nan,0,nan,0,nan,0,nan,nan,nan,nan,nan,nan,nan,nan,nan
500,c_x_tangent:c_0p70_0p90,t_0p02_0p05,808,0,0.0,808,1.0,736,0.9108910891089109,72,0.0891089108910891,0.4596129192816478,0.465175407217686,0.11110944186495393,9.000135228081524,9.192258385632957,9.303508144353719,0.07748500159007643,0.10241235216879313
500,c_x_tangent:c_0p70_0p90,t_0p05_0p10,436,0,0.0,436,1.0,0,0.0,436,1.0,0.5856505887916781,0.5890944476733402,0.09415978667771674,10.62024496107587,11.71301177583356,11.781888953466803,0.11838131827733772,0.13023546719244028
500,c_x_tangent:c_0p70_0p90,t_0p10_inf,0,0,nan,0,nan,0,nan,0,nan,nan,nan,nan,nan,nan,nan,nan,nan
500,c_x_tangent:c_0p90_0p95,t_0_0p005,0,0,nan,0,nan,0,nan,0,nan,nan,nan,nan,nan,nan,nan,nan,nan
500,c_x_tangent:c_0p90_0p95,t_0p005_0p01,0,0,nan,0,nan,0,nan,0,nan,nan,nan,nan,nan,nan,nan,nan,nan
500,c_x_tangent:c_0p90_0p95,t_0p01_0p02,396,0,0.0,396,1.0,396,1.0,0,0.0,0.18229096481321844,0.18333189425183705,0.11732108021385598,8.523617394053765,9.059708140067542,9.062832477898455,0.03389786931819874,0.04024212744934175
500,c_x_tangent:c_0p90_0p95,t_0p02_0p05,276,0,0.0,276,1.0,276,1.0,0,0.0,0.24220978260144993,0.2429037315964961,0.11066536819618154,9.03625060215093,9.05422676605852,9.057263806391106,0.04750873659743418,0.053736148496806635
500,c_x_tangent:c_0p90_0p95,t_0p05_0p10,0,0,nan,0,nan,0,nan,0,nan,nan,nan,nan,nan,nan,nan,nan,nan
500,c_x_tangent:c_0p90_0p95,t_0p10_inf,0,0,nan,0,nan,0,nan,0,nan,nan,nan,nan,nan,nan,nan,nan,nan
500,c_x_tangent:c_0p95_1,t_0_0p005,8,0,0.0,0,0.0,8,1.0,0,0.0,2.711104325853816e-06,2.7111043258543806e-06,1.0,0.0005110021167991344,0.0005110021167999282,0.0005110021168000429,0.010610931879624336,0.010610931879624586
500,c_x_tangent:c_0p95_1,t_0p005_0p01,572,0,0.0,216,0.3776223776223776,572,1.0,0,0.0,0.026486081334531123,0.029066657137788592,1.0,0.5049831467441668,2.6204533426241876,2.8156295310013792,0.014888583607872041,0.020214884885534547
500,c_x_tangent:c_0p95_1,t_0p01_0p02,252,0,0.0,252,1.0,252,1.0,0,0.0,0.07841766371568826,0.07860751766671736,0.2412509473209785,4.145061443715388,5.828923712534155,5.84304374000796,0.023423017643723093,0.026906359481269237
500,c_x_tangent:c_0p95_1,t_0p02_0p05,0,0,nan,0,nan,0,nan,0,nan,nan,nan,nan,nan,nan,nan,nan,nan
500,c_x_tangent:c_0p95_1,t_0p05_0p10,0,0,nan,0,nan,0,nan,0,nan,nan,nan,nan,nan,nan,nan,nan,nan
500,c_x_tangent:c_0p95_1,t_0p10_inf,0,0,nan,0,nan,0,nan,0,nan,nan,nan,nan,nan,nan,nan,nan,nan
600,region,none_or_unknown,7752,0,0.0,6920,0.8926728586171311,5080,0.6553147574819401,2672,0.3446852425180599,0.6956105582308341,0.7016145737237733,0.09878643047206191,10.12284779621441,13.91221116461668,14.032291474475466,0.06535705858549762,0.151984330802031
600,region,sphere_upper,0,0,nan,0,nan,0,nan,0,nan,nan,nan,nan,nan,nan,nan,nan,nan
600,region,sphere_lower90,0,0,nan,0,nan,0,nan,0,nan,nan,nan,nan,nan,nan,nan,nan,nan
600,region,sphere_bottom120,0,0,nan,0,nan,0,nan,0,nan,nan,nan,nan,nan,nan,nan,nan,nan
600,region,outer_or_other_wall,0,0,nan,0,nan,0,nan,0,nan,nan,nan,nan,nan,nan,nan,nan,nan
600,theta_zone,sphere11,0,0,nan,0,nan,0,nan,0,nan,nan,nan,nan,nan,nan,nan,nan,nan
600,theta_zone,outer90,0,0,nan,0,nan,0,nan,0,nan,nan,nan,nan,nan,nan,nan,nan,nan
600,theta_zone,fallback,7752,0,0.0,6920,0.8926728586171311,5080,0.6553147574819401,2672,0.3446852425180599,0.6956105582308341,0.7016145737237733,0.09878643047206191,10.12284779621441,13.91221116461668,14.032291474475466,0.06535705858549762,0.151984330802031
600,c_bin,c_0_0p05,1064,0,0.0,596,0.5601503759398496,1064,1.0,0,0.0,0.08920692644736862,0.09704744090456399,0.6929416241086486,1.44312909705373,6.844299265423481,7.262589693805262,0.017007516533207125,0.02599997195109016
600,c_bin,c_0p05_0p10,824,0,0.0,824,1.0,824,1.0,0,0.0,0.2765816152167472,0.28371753800859506,0.09111231339460109,10.975464926118928,11.27502716719341,11.329114235183685,0.03829517359564913,0.0506978573752237
600,c_bin,c_0p10_0p30,1436,0,0.0,1436,1.0,952,0.6629526462395543,484,0.3370473537604457,0.5869920544160905,0.6024897142064225,0.09508598472262995,10.516797011852425,11.73984108832181,12.049794284128449,0.08607742689185788,0.12108805741294815
600,c_bin,c_0p30_0p70,1688,0,0.0,1688,1.0,0,0.0,1688,1.0,0.7015903152091975,0.7027971344811969,0.07414426616970518,13.487219601191395,14.031806304183949,14.055942689623938,0.14664390832069935,0.1533408229252615
600,c_bin,c_0p70_0p90,1252,0,0.0,1252,1.0,752,0.6006389776357828,500,0.3993610223642173,0.5781553030418776,0.5856011605814894,0.11047759407217053,9.051609137566306,11.563106060837551,11.712023211629786,0.09175167518680122,0.12881017017341165
600,c_bin,c_0p90_0p95,672,0,0.0,672,1.0,672,1.0,0,0.0,0.23580257885123207,0.24250524497839637,0.11037322687628645,9.060168197500158,9.092163780519591,9.099657787061787,0.03800216456382152,0.0519281203907883
600,c_bin,c_0p95_1,816,0,0.0,452,0.553921568627451,816,1.0,0,0.0,0.06892010790942346,0.07393228947823234,0.926150069030941,1.0797386227550905,5.335511114308515,5.605941802926824,0.016695938952149325,0.02583449136657119
600,tangent_bin,t_0_0p005,8,0,0.0,0,0.0,8,1.0,0,0.0,2.7367932457665557e-06,2.736793245766599e-06,1.0,0.0005158337426818104,0.0005158337426825493,0.0005158337426825634,0.010611144713155662,0.01061114471315594
600,tangent_bin,t_0p005_0p01,1064,0,0.0,240,0.22556390977443608,1064,1.0,0,0.0,0.020097465352904728,0.028360140101298253,1.0,0.36386234438721443,2.103289307107839,2.765456236033399,0.014219436256839975,0.019110509700198768
600,tangent_bin,t_0p01_0p02,1504,0,0.0,1504,1.0,1504,1.0,0,0.0,0.17748774445554982,0.184905765787086,0.15771781805942228,6.340850450949709,10.124320814598596,10.857880584136202,0.026194632630869102,0.03800216456382158
600,tangent_bin,t_0p02_0p05,2472,0,0.0,2472,1.0,2408,0.9741100323624595,64,0.025889967637540454,0.4564444100042927,0.4668451952887967,0.09784549018602251,10.220195106578888,11.19947831781902,11.277266273297514,0.06380113791109505,0.09639164172727098
600,tangent_bin,t_0p05_0p10,2704,0,0.0,2704,1.0,96,0.03550295857988166,2608,0.9644970414201184,0.7008808514332413,0.7023642919836782,0.07882153834594335,12.686887632299888,14.017617028664825,14.047285839673563,0.1367111855699309,0.15315994485079368
600,tangent_bin,t_0p10_inf,0,0,nan,0,nan,0,nan,0,nan,nan,nan,nan,nan,nan,nan,nan,nan
600,normal_raw_abs_bin,normal_raw_abs_0_1e-4,0,0,nan,0,nan,0,nan,0,nan,nan,nan,nan,nan,nan,nan,nan,nan
600,normal_raw_abs_bin,normal_raw_abs_1e-4_1e-3,0,0,nan,0,nan,0,nan,0,nan,nan,nan,nan,nan,nan,nan,nan,nan
600,normal_raw_abs_bin,normal_raw_abs_1e-3_1e-2,0,0,nan,0,nan,0,nan,0,nan,nan,nan,nan,nan,nan,nan,nan,nan
600,normal_raw_abs_bin,normal_raw_abs_1e-2_5e-2,3256,0,0.0,2424,0.7444717444717445,3256,1.0,0,0.0,0.2487070065105288,0.2706300274194399,0.2083965335112491,4.798544309500334,11.177604206749002,11.27558376712569,0.023932859581023896,0.04730924270146053
600,normal_raw_abs_bin,normal_raw_abs_5e-2_inf,4496,0,0.0,4496,1.0,1824,0.40569395017793597,2672,0.594306049822064,0.6999562803762416,0.7022004396361503,0.09227428499495466,10.837255472146738,13.999125607524832,14.044008792723005,0.11310336167734325,0.1528771816832315
600,cap_source,abs_cap_selected,2672,0,0.0,2672,1.0,0,0.0,2672,1.0,0.7008808514332414,0.7023642919836782,0.07853896440304611,12.732533559625281,14.017617028664828,14.047285839673563,0.13695943968677649,0.15316037977169258
600,cap_source,ratio_cap_selected,5080,0,0.0,4248,0.8362204724409449,5080,1.0,0,0.0,0.4424952634056986,0.4883610172316524,0.11093105916312128,9.014607879381423,11.092141674215311,11.261991609428462,0.037257496703332116,0.09217896154709876
600,cap_source,none_or_inactive,0,0,nan,0,nan,0,nan,0,nan,nan,nan,nan,nan,nan,nan,nan,nan
600,limiter_class,none,832,0,0.0,0,0.0,832,1.0,0,0.0,0.00694470476579632,0.007734401658354578,1.0,0.1606019554451692,0.8912266640134835,0.9772436303119256,0.013084059864147679,0.015995660496339603
600,limiter_class,abs_cap_limiter,2672,0,0.0,2672,1.0,0,0.0,2672,1.0,0.7008808514332414,0.7023642919836782,0.07853896440304611,12.732533559625281,14.017617028664828,14.047285839673563,0.13695943968677649,0.15316037977169258
600,limiter_class,ratio_cap_limiter,4248,0,0.0,4248,1.0,4248,1.0,0,0.0,0.44632352974827955,0.4889421350054962,0.11042978836482431,9.05552764517994,11.142767284196161,11.275027167193409,0.044012095021366895,0.09321032883415384
600,limiter_class,secondary_vector_safety,0,0,nan,0,nan,0,nan,0,nan,nan,nan,nan,nan,nan,nan,nan,nan
600,limiter_class,inactive_or_fallback,0,0,nan,0,nan,0,nan,0,nan,nan,nan,nan,nan,nan,nan,nan,nan
600,normal_agreement_bin,normal_0_0p5,0,0,nan,0,nan,0,nan,0,nan,nan,nan,nan,nan,nan,nan,nan,nan
600,normal_agreement_bin,normal_0p5_0p9,0,0,nan,0,nan,0,nan,0,nan,nan,nan,nan,nan,nan,nan,nan,nan
600,normal_agreement_bin,normal_0p9_0p99,0,0,nan,0,nan,0,nan,0,nan,nan,nan,nan,nan,nan,nan,nan,nan
600,normal_agreement_bin,normal_0p99_1p01,7752,0,0.0,6920,0.8926728586171311,5080,0.6553147574819401,2672,0.3446852425180599,0.6956105582308341,0.7016145737237733,0.09878643047206191,10.12284779621441,13.91221116461668,14.032291474475466,0.06535705858549762,0.151984330802031
600,c_x_tangent:c_0_0p05,t_0_0p005,0,0,nan,0,nan,0,nan,0,nan,nan,nan,nan,nan,nan,nan,nan,nan
600,c_x_tangent:c_0_0p05,t_0p005_0p01,492,0,0.0,24,0.04878048780487805,492,1.0,0,0.0,0.00800631647190596,0.011626487381131827,1.0,0.24166017798294676,0.9890470032309728,1.3586516762877643,0.01367197710347334,0.016252061096742508
600,c_x_tangent:c_0_0p05,t_0p01_0p02,572,0,0.0,572,1.0,572,1.0,0,0.0,0.09143519899678618,0.10002082149596218,0.2726324576525299,3.6679418459943607,6.97999241657208,7.364054172667091,0.02149213776933795,0.0261992258844575
600,c_x_tangent:c_0_0p05,t_0p02_0p05,0,0,nan,0,nan,0,nan,0,nan,nan,nan,nan,nan,nan,nan,nan,nan
600,c_x_tangent:c_0_0p05,t_0p05_0p10,0,0,nan,0,nan,0,nan,0,nan,nan,nan,nan,nan,nan,nan,nan,nan
600,c_x_tangent:c_0_0p05,t_0p10_inf,0,0,nan,0,nan,0,nan,0,nan,nan,nan,nan,nan,nan,nan,nan,nan
600,c_x_tangent:c_0p05_0p10,t_0_0p005,0,0,nan,0,nan,0,nan,0,nan,nan,nan,nan,nan,nan,nan,nan,nan
600,c_x_tangent:c_0p05_0p10,t_0p005_0p01,0,0,nan,0,nan,0,nan,0,nan,nan,nan,nan,nan,nan,nan,nan,nan
600,c_x_tangent:c_0p05_0p10,t_0p01_0p02,284,0,0.0,284,1.0,284,1.0,0,0.0,0.18492132597244731,0.1867395463597015,0.10836019637613147,9.22848087621471,10.85933745986206,10.865264034162442,0.030179768430223033,0.0340575705757276
600,c_x_tangent:c_0p05_0p10,t_0p02_0p05,540,0,0.0,540,1.0,540,1.0,0,0.0,0.2806979663840385,0.2841964799947808,0.0901992311967067,11.086568995462919,11.277266273297512,11.346834199195927,0.04312480470277693,0.05148206151732881
600,c_x_tangent:c_0p05_0p10,t_0p05_0p10,0,0,nan,0,nan,0,nan,0,nan,nan,nan,nan,nan,nan,nan,nan,nan
600,c_x_tangent:c_0p05_0p10,t_0p10_inf,0,0,nan,0,nan,0,nan,0,nan,nan,nan,nan,nan,nan,nan,nan,nan
600,c_x_tangent:c_0p10_0p30,t_0_0p005,0,0,nan,0,nan,0,nan,0,nan,nan,nan,nan,nan,nan,nan,nan,nan
600,c_x_tangent:c_0p10_0p30,t_0p005_0p01,0,0,nan,0,nan,0,nan,0,nan,nan,nan,nan,nan,nan,nan,nan,nan
600,c_x_tangent:c_0p10_0p30,t_0p01_0p02,0,0,nan,0,nan,0,nan,0,nan,nan,nan,nan,nan,nan,nan,nan,nan
600,c_x_tangent:c_0p10_0p30,t_0p02_0p05,856,0,0.0,856,1.0,856,1.0,0,0.0,0.46525972314715314,0.46961762693207476,0.09551989974401881,10.469026442306674,10.824888830263003,10.90358346920342,0.07168851393698197,0.09217896154709872
600,c_x_tangent:c_0p10_0p30,t_0p05_0p10,580,0,0.0,580,1.0,96,0.16551724137931034,484,0.8344827586206897,0.6010868295456638,0.603044867976196,0.09174497518340544,10.899779502920147,12.021736590913276,12.06089735952392,0.11044623301760945,0.12469962109222249
600,c_x_tangent:c_0p10_0p30,t_0p10_inf,0,0,nan,0,nan,0,nan,0,nan,nan,nan,nan,nan,nan,nan,nan,nan
600,c_x_tangent:c_0p30_0p70,t_0_0p005,0,0,nan,0,nan,0,nan,0,nan,nan,nan,nan,nan,nan,nan,nan,nan
600,c_x_tangent:c_0p30_0p70,t_0p005_0p01,0,0,nan,0,nan,0,nan,0,nan,nan,nan,nan,nan,nan,nan,nan,nan
600,c_x_tangent:c_0p30_0p70,t_0p01_0p02,0,0,nan,0,nan,0,nan,0,nan,nan,nan,nan,nan,nan,nan,nan,nan
600,c_x_tangent:c_0p30_0p70,t_0p02_0p05,0,0,nan,0,nan,0,nan,0,nan,nan,nan,nan,nan,nan,nan,nan,nan
600,c_x_tangent:c_0p30_0p70,t_0p05_0p10,1688,0,0.0,1688,1.0,0,0.0,1688,1.0,0.7015903152091975,0.7027971344811969,0.07414426616970518,13.487219601191395,14.031806304183949,14.055942689623938,0.14664390832069935,0.1533408229252615
600,c_x_tangent:c_0p30_0p70,t_0p10_inf,0,0,nan,0,nan,0,nan,0,nan,nan,nan,nan,nan,nan,nan,nan,nan
600,c_x_tangent:c_0p70_0p90,t_0_0p005,0,0,nan,0,nan,0,nan,0,nan,nan,nan,nan,nan,nan,nan,nan,nan
600,c_x_tangent:c_0p70_0p90,t_0p005_0p01,0,0,nan,0,nan,0,nan,0,nan,nan,nan,nan,nan,nan,nan,nan,nan
600,c_x_tangent:c_0p70_0p90,t_0p01_0p02,0,0,nan,0,nan,0,nan,0,nan,nan,nan,nan,nan,nan,nan,nan,nan
600,c_x_tangent:c_0p70_0p90,t_0p02_0p05,816,0,0.0,816,1.0,752,0.9215686274509803,64,0.0784313725490196,0.4560048563658924,0.46350227102408653,0.1107627668581797,9.028304622259904,9.120097127317848,9.27004542048173,0.07771705713155802,0.10145921164316729
600,c_x_tangent:c_0p70_0p90,t_0p05_0p10,436,0,0.0,436,1.0,0,0.0,436,1.0,0.5852403895930456,0.5864654650904989,0.0944408053899957,10.588643286876627,11.704807791860912,11.729309301809979,0.1179180633297989,0.13020696235804877
600,c_x_tangent:c_0p70_0p90,t_0p10_inf,0,0,nan,0,nan,0,nan,0,nan,nan,nan,nan,nan,nan,nan,nan,nan
600,c_x_tangent:c_0p90_0p95,t_0_0p005,0,0,nan,0,nan,0,nan,0,nan,nan,nan,nan,nan,nan,nan,nan,nan
600,c_x_tangent:c_0p90_0p95,t_0p005_0p01,0,0,nan,0,nan,0,nan,0,nan,nan,nan,nan,nan,nan,nan,nan,nan
600,c_x_tangent:c_0p90_0p95,t_0p01_0p02,412,0,0.0,412,1.0,412,1.0,0,0.0,0.1833518740827698,0.18440265312707088,0.11931288887554374,8.381324175656399,9.09714287642935,9.099657787061842,0.03326474536289112,0.040309771226707425
600,c_x_tangent:c_0p90_0p95,t_0p02_0p05,260,0,0.0,260,1.0,260,1.0,0,0.0,0.2412057484180322,0.242505244978398,0.11020671711390345,9.07385707684638,9.092039262823628,9.094983905203508,0.047309360482033325,0.05321241803866383
600,c_x_tangent:c_0p90_0p95,t_0p05_0p10,0,0,nan,0,nan,0,nan,0,nan,nan,nan,nan,nan,nan,nan,nan,nan
600,c_x_tangent:c_0p90_0p95,t_0p10_inf,0,0,nan,0,nan,0,nan,0,nan,nan,nan,nan,nan,nan,nan,nan,nan
600,c_x_tangent:c_0p95_1,t_0_0p005,8,0,0.0,0,0.0,8,1.0,0,0.0,2.7367932457665557e-06,2.736793245766599e-06,1.0,0.0005158337426818104,0.0005158337426825493,0.0005158337426825634,0.010611144713155662,0.01061114471315594
600,c_x_tangent:c_0p95_1,t_0p005_0p01,572,0,0.0,216,0.3776223776223776,572,1.0,0,0.0,0.02662522843039221,0.02921526198639618,1.0,0.5070980186115241,2.633177521800283,2.8288292458735405,0.01489050851742929,0.020222889045618607
600,c_x_tangent:c_0p95_1,t_0p01_0p02,236,0,0.0,236,1.0,236,1.0,0,0.0,0.07393228947823158,0.07408009308158715,0.24485841910622713,4.08399271566876,5.605941802926754,5.617161046611149,0.023273755938183704,0.0263763465091605
600,c_x_tangent:c_0p95_1,t_0p02_0p05,0,0,nan,0,nan,0,nan,0,nan,nan,nan,nan,nan,nan,nan,nan,nan
600,c_x_tangent:c_0p95_1,t_0p05_0p10,0,0,nan,0,nan,0,nan,0,nan,nan,nan,nan,nan,nan,nan,nan,nan
600,c_x_tangent:c_0p95_1,t_0p10_inf,0,0,nan,0,nan,0,nan,0,nan,nan,nan,nan,nan,nan,nan,nan,nan
700,region,none_or_unknown,7784,0,0.0,6984,0.8972250770811921,5088,0.6536485097636177,2696,0.34635149023638234,0.6906883360221671,0.6966558470578601,0.09989178410779898,10.010833319294786,13.81376672044334,13.9331169411572,0.06554322626246831,0.15219512318269696
700,region,sphere_upper,0,0,nan,0,nan,0,nan,0,nan,nan,nan,nan,nan,nan,nan,nan,nan
700,region,sphere_lower90,0,0,nan,0,nan,0,nan,0,nan,nan,nan,nan,nan,nan,nan,nan,nan
700,region,sphere_bottom120,0,0,nan,0,nan,0,nan,0,nan,nan,nan,nan,nan,nan,nan,nan,nan
700,region,outer_or_other_wall,0,0,nan,0,nan,0,nan,0,nan,nan,nan,nan,nan,nan,nan,nan,nan
700,theta_zone,sphere11,0,0,nan,0,nan,0,nan,0,nan,nan,nan,nan,nan,nan,nan,nan,nan
700,theta_zone,outer90,0,0,nan,0,nan,0,nan,0,nan,nan,nan,nan,nan,nan,nan,nan,nan
700,theta_zone,fallback,7784,0,0.0,6984,0.8972250770811921,5088,0.6536485097636177,2696,0.34635149023638234,0.6906883360221671,0.6966558470578601,0.09989178410779898,10.010833319294786,13.81376672044334,13.9331169411572,0.06554322626246831,0.15219512318269696
700,c_bin,c_0_0p05,1080,0,0.0,644,0.5962962962962963,1080,1.0,0,0.0,0.09375468568194942,0.0979793736715657,0.6496268486167405,1.5403911190032171,7.066669468824412,7.272889747487508,0.01727642369082935,0.02653433448261904
700,c_bin,c_0p05_0p10,808,0,0.0,808,1.0,808,1.0,0,0.0,0.27129622606782794,0.2762812898143348,0.09239196961238497,10.823451477388485,11.075888220128903,11.137871105386726,0.03850035255404491,0.050386173559775496
700,c_bin,c_0p10_0p30,1452,0,0.0,1452,1.0,960,0.6611570247933884,492,0.33884297520661155,0.5779140296294797,0.5956693889306837,0.09647644934563124,10.36522391508683,11.558280592589593,11.913387778613673,0.08556147042614226,0.12046812132589962
700,c_bin,c_0p30_0p70,1712,0,0.0,1712,1.0,0,0.0,1712,1.0,0.6966281567802862,0.6978159916953826,0.07475858402124948,13.376392876851288,13.932563135605724,13.956319833907651,0.14657424718090561,0.1535349333458547
700,c_bin,c_0p70_0p90,1244,0,0.0,1244,1.0,752,0.6045016077170418,492,0.3954983922829582,0.5756719681601457,0.5850517863124952,0.1100898422439705,9.08349017145375,11.513439363202913,11.701035726249902,0.09161475725098928,0.12841148544589184
700,c_bin,c_0p90_0p95,672,0,0.0,672,1.0,672,1.0,0,0.0,0.23726425555540442,0.24402380717955283,0.10993440292203172,9.096333571841251,9.128161454915173,9.13557610371277,0.03806678369196054,0.052053788671299034
700,c_bin,c_0p95_1,816,0,0.0,452,0.553921568627451,816,1.0,0,0.0,0.06940071821625773,0.07445557823134798,0.9209801742512729,1.0857997033573143,5.368049780031436,5.6404961657457005,0.016699969784634894,0.025856957763104635
700,tangent_bin,t_0_0p005,8,0,0.0,0,0.0,8,1.0,0,0.0,2.7559158708594737e-06,2.7559158708594834e-06,1.0,0.0005194477748863811,0.0005194477748864131,0.0005194477748864165,0.010610944946148448,0.010610944946148814
700,tangent_bin,t_0p005_0p01,1072,0,0.0,280,0.26119402985074625,1072,1.0,0,0.0,0.020220031395325036,0.028524007903152473,1.0,0.36705745444881094,2.115285126006867,2.7800787771767883,0.014264729972916779,0.01911801973807209
700,tangent_bin,t_0p01_0p02,1496,0,0.0,1496,1.0,1496,1.0,0,0.0,0.17850551088715233,0.1849500950484096,0.15925643787671276,6.279181007264164,10.002350163215956,10.629326014521576,0.026400314523038537,0.03806678369196055
700,tangent_bin,t_0p02_0p05,2504,0,0.0,2504,1.0,2448,0.9776357827476039,56,0.022364217252396165,0.4540112175224397,0.46577113111780866,0.09907838084179585,10.093019198575295,11.02133758215007,11.09992360683911,0.06424914985730384,0.09668720517057038
700,tangent_bin,t_0p05_0p10,2704,0,0.0,2704,1.0,64,0.023668639053254437,2640,0.9763313609467456,0.6959457690504824,0.697572636048085,0.07914013326249268,12.63581395147758,13.918915381009649,13.951452720961699,0.13700001937232092,0.15335430476115144
700,tangent_bin,t_0p10_inf,0,0,nan,0,nan,0,nan,0,nan,nan,nan,nan,nan,nan,nan,nan,nan
700,normal_raw_abs_bin,normal_raw_abs_0_1e-4,0,0,nan,0,nan,0,nan,0,nan,nan,nan,nan,nan,nan,nan,nan,nan
700,normal_raw_abs_bin,normal_raw_abs_1e-4_1e-3,0,0,nan,0,nan,0,nan,0,nan,nan,nan,nan,nan,nan,nan,nan,nan
700,normal_raw_abs_bin,normal_raw_abs_1e-3_1e-2,0,0,nan,0,nan,0,nan,0,nan,nan,nan,nan,nan,nan,nan,nan,nan
700,normal_raw_abs_bin,normal_raw_abs_1e-2_5e-2,3232,0,0.0,2432,0.7524752475247525,3232,1.0,0,0.0,0.23979909437759991,0.2592252678136852,0.21304018773138356,4.693950900019129,10.998821343674553,11.093746706722827,0.023496102858139654,0.047115570738750244
700,normal_raw_abs_bin,normal_raw_abs_5e-2_inf,4552,0,0.0,4552,1.0,1856,0.4077328646748682,2696,0.5922671353251318,0.6951500754378472,0.6970511552666306,0.09324887813972438,10.723990855787255,13.903001508756946,13.941023105332613,0.11342090941948424,0.15306814044847755
700,cap_source,abs_cap_selected,2696,0,0.0,2696,1.0,0,0.0,2696,1.0,0.6959457690504826,0.697572636048085,0.07911307321325828,12.640137418219222,13.91891538100965,13.951452720961699,0.13700015846455713,0.15335458447794492
700,cap_source,ratio_cap_selected,5088,0,0.0,4288,0.8427672955974843,5088,1.0,0,0.0,0.4366549936366326,0.4780381529718184,0.11070326853294737,9.033156983147943,10.946364737719366,11.067975298022494,0.037319246194176314,0.0919324601792326
700,cap_source,none_or_inactive,0,0,nan,0,nan,0,nan,0,nan,nan,nan,nan,nan,nan,nan,nan,nan
700,limiter_class,none,800,0,0.0,0,0.0,800,1.0,0,0.0,0.00671064347405973,0.0077820037945909035,1.0,0.16112763910077532,0.8381132634881219,0.9518134023302849,0.013222804722104603,0.015896693069598757
700,limiter_class,abs_cap_limiter,2696,0,0.0,2696,1.0,0,0.0,2696,1.0,0.6959457690504826,0.697572636048085,0.07911307321325828,12.640137418219222,13.91891538100965,13.951452720961699,0.13700015846455713,0.15335458447794492
700,limiter_class,ratio_cap_limiter,4288,0,0.0,4288,1.0,4288,1.0,0,0.0,0.44407487905362497,0.4785829764770573,0.11005940260963507,9.086002434038797,10.9760364600186,11.075888220128892,0.04414818184650876,0.09305100963947947
700,limiter_class,secondary_vector_safety,0,0,nan,0,nan,0,nan,0,nan,nan,nan,nan,nan,nan,nan,nan,nan
700,limiter_class,inactive_or_fallback,0,0,nan,0,nan,0,nan,0,nan,nan,nan,nan,nan,nan,nan,nan,nan
700,normal_agreement_bin,normal_0_0p5,0,0,nan,0,nan,0,nan,0,nan,nan,nan,nan,nan,nan,nan,nan,nan
700,normal_agreement_bin,normal_0p5_0p9,0,0,nan,0,nan,0,nan,0,nan,nan,nan,nan,nan,nan,nan,nan,nan
700,normal_agreement_bin,normal_0p9_0p99,0,0,nan,0,nan,0,nan,0,nan,nan,nan,nan,nan,nan,nan,nan,nan
700,normal_agreement_bin,normal_0p99_1p01,7784,0,0.0,6984,0.8972250770811921,5088,0.6536485097636177,2696,0.34635149023638234,0.6906883360221671,0.6966558470578601,0.09989178410779898,10.010833319294786,13.81376672044334,13.9331169411572,0.06554322626246831,0.15219512318269696
700,c_x_tangent:c_0_0p05,t_0_0p005,0,0,nan,0,nan,0,nan,0,nan,nan,nan,nan,nan,nan,nan,nan,nan
700,c_x_tangent:c_0_0p05,t_0p005_0p01,500,0,0.0,64,0.128,500,1.0,0,0.0,0.00896768357908922,0.009989907814450113,1.0,0.20512933877106881,1.0731471099849363,1.187191565419316,0.013511374296935073,0.016829479092401876
700,c_x_tangent:c_0_0p05,t_0p01_0p02,580,0,0.0,580,1.0,580,1.0,0,0.0,0.09659145387931294,0.09810370558553222,0.271515037780468,3.6830372570691443,7.179484687608225,7.3062926168281,0.02154953141067706,0.026854578848806692
700,c_x_tangent:c_0_0p05,t_0p02_0p05,0,0,nan,0,nan,0,nan,0,nan,nan,nan,nan,nan,nan,nan,nan,nan
700,c_x_tangent:c_0_0p05,t_0p05_0p10,0,0,nan,0,nan,0,nan,0,nan,nan,nan,nan,nan,nan,nan,nan,nan
700,c_x_tangent:c_0_0p05,t_0p10_inf,0,0,nan,0,nan,0,nan,0,nan,nan,nan,nan,nan,nan,nan,nan,nan
700,c_x_tangent:c_0p05_0p10,t_0_0p005,0,0,nan,0,nan,0,nan,0,nan,nan,nan,nan,nan,nan,nan,nan,nan
700,c_x_tangent:c_0p05_0p10,t_0p005_0p01,0,0,nan,0,nan,0,nan,0,nan,nan,nan,nan,nan,nan,nan,nan,nan
700,c_x_tangent:c_0p05_0p10,t_0p01_0p02,268,0,0.0,268,1.0,268,1.0,0,0.0,0.1801510583096218,0.18128246425256855,0.10914721495506907,9.161937850742728,10.629326014521586,10.638420516114158,0.030293313253762402,0.03393908409051911
700,c_x_tangent:c_0p05_0p10,t_0p02_0p05,540,0,0.0,540,1.0,540,1.0,0,0.0,0.2731729114965207,0.2797680336302375,0.09155141030643238,10.922824636484496,11.099923606839104,11.138140890109375,0.04240891309207149,0.05074494307590557
700,c_x_tangent:c_0p05_0p10,t_0p05_0p10,0,0,nan,0,nan,0,nan,0,nan,nan,nan,nan,nan,nan,nan,nan,nan
700,c_x_tangent:c_0p05_0p10,t_0p10_inf,0,0,nan,0,nan,0,nan,0,nan,nan,nan,nan,nan,nan,nan,nan,nan
700,c_x_tangent:c_0p10_0p30,t_0_0p005,0,0,nan,0,nan,0,nan,0,nan,nan,nan,nan,nan,nan,nan,nan,nan
700,c_x_tangent:c_0p10_0p30,t_0p005_0p01,0,0,nan,0,nan,0,nan,0,nan,nan,nan,nan,nan,nan,nan,nan,nan
700,c_x_tangent:c_0p10_0p30,t_0p01_0p02,0,0,nan,0,nan,0,nan,0,nan,nan,nan,nan,nan,nan,nan,nan,nan
700,c_x_tangent:c_0p10_0p30,t_0p02_0p05,896,0,0.0,896,1.0,896,1.0,0,0.0,0.4622091906882833,0.467926011020509,0.0969671806700337,10.312767609515902,10.670710816168883,10.769941721393531,0.07127763655787321,0.09295133459271174
700,c_x_tangent:c_0p10_0p30,t_0p05_0p10,556,0,0.0,556,1.0,64,0.11510791366906475,492,0.8848920863309353,0.5909093660228484,0.5957358946032182,0.09350729949617365,10.694352263278873,11.818187320456968,11.914717892064363,0.11016632340817513,0.1239026531888699
700,c_x_tangent:c_0p10_0p30,t_0p10_inf,0,0,nan,0,nan,0,nan,0,nan,nan,nan,nan,nan,nan,nan,nan,nan
700,c_x_tangent:c_0p30_0p70,t_0_0p005,0,0,nan,0,nan,0,nan,0,nan,nan,nan,nan,nan,nan,nan,nan,nan
700,c_x_tangent:c_0p30_0p70,t_0p005_0p01,0,0,nan,0,nan,0,nan,0,nan,nan,nan,nan,nan,nan,nan,nan,nan
700,c_x_tangent:c_0p30_0p70,t_0p01_0p02,0,0,nan,0,nan,0,nan,0,nan,nan,nan,nan,nan,nan,nan,nan,nan
700,c_x_tangent:c_0p30_0p70,t_0p02_0p05,0,0,nan,0,nan,0,nan,0,nan,nan,nan,nan,nan,nan,nan,nan,nan
700,c_x_tangent:c_0p30_0p70,t_0p05_0p10,1712,0,0.0,1712,1.0,0,0.0,1712,1.0,0.6966281567802862,0.6978159916953826,0.07475858402124948,13.376392876851288,13.932563135605724,13.956319833907651,0.14657424718090561,0.1535349333458547
700,c_x_tangent:c_0p30_0p70,t_0p10_inf,0,0,nan,0,nan,0,nan,0,nan,nan,nan,nan,nan,nan,nan,nan,nan
700,c_x_tangent:c_0p70_0p90,t_0_0p005,0,0,nan,0,nan,0,nan,0,nan,nan,nan,nan,nan,nan,nan,nan,nan
700,c_x_tangent:c_0p70_0p90,t_0p005_0p01,0,0,nan,0,nan,0,nan,0,nan,nan,nan,nan,nan,nan,nan,nan,nan
700,c_x_tangent:c_0p70_0p90,t_0p01_0p02,0,0,nan,0,nan,0,nan,0,nan,nan,nan,nan,nan,nan,nan,nan,nan
700,c_x_tangent:c_0p70_0p90,t_0p02_0p05,808,0,0.0,808,1.0,752,0.9306930693069307,56,0.06930693069306931,0.45384245526123634,0.46443680579751223,0.11050587545820777,9.049292590612115,9.111028724390493,9.288736115950245,0.07795428920096148,0.10092135126501718
700,c_x_tangent:c_0p70_0p90,t_0p05_0p10,436,0,0.0,436,1.0,0,0.0,436,1.0,0.5831216732259792,0.5853364155978611,0.09490401171805932,10.53696236752139,11.662433464519584,11.706728311957221,0.11744720655032231,0.13051068160920268
700,c_x_tangent:c_0p70_0p90,t_0p10_inf,0,0,nan,0,nan,0,nan,0,nan,nan,nan,nan,nan,nan,nan,nan,nan
700,c_x_tangent:c_0p90_0p95,t_0_0p005,0,0,nan,0,nan,0,nan,0,nan,nan,nan,nan,nan,nan,nan,nan,nan
700,c_x_tangent:c_0p90_0p95,t_0p005_0p01,0,0,nan,0,nan,0,nan,0,nan,nan,nan,nan,nan,nan,nan,nan,nan
700,c_x_tangent:c_0p90_0p95,t_0p01_0p02,412,0,0.0,412,1.0,412,1.0,0,0.0,0.1844194641377026,0.18548126196083528,0.11862115567344514,8.430199438900448,9.13329194077045,9.135576103712904,0.03331106449019855,0.0403840072853609
700,c_x_tangent:c_0p90_0p95,t_0p02_0p05,260,0,0.0,260,1.0,260,1.0,0,0.0,0.24271414703448269,0.2440238071795543,0.10977140044107189,9.109840960231036,9.128106480037179,9.131165005980938,0.047413992213850314,0.05334365302370753
700,c_x_tangent:c_0p90_0p95,t_0p05_0p10,0,0,nan,0,nan,0,nan,0,nan,nan,nan,nan,nan,nan,nan,nan,nan
700,c_x_tangent:c_0p90_0p95,t_0p10_inf,0,0,nan,0,nan,0,nan,0,nan,nan,nan,nan,nan,nan,nan,nan,nan
700,c_x_tangent:c_0p95_1,t_0_0p005,8,0,0.0,0,0.0,8,1.0,0,0.0,2.7559158708594737e-06,2.7559158708594834e-06,1.0,0.0005194477748863811,0.0005194477748864131,0.0005194477748864165,0.010610944946148448,0.010610944946148814
700,c_x_tangent:c_0p95_1,t_0p005_0p01,572,0,0.0,216,0.3776223776223776,572,1.0,0,0.0,0.02678219990301632,0.029382216278523058,1.0,0.5095814351559733,2.6474600967711477,2.8435779216978614,0.014892609096981979,0.02023237285855955
700,c_x_tangent:c_0p95_1,t_0p01_0p02,236,0,0.0,236,1.0,236,1.0,0,0.0,0.07445557823134713,0.0746062619867988,0.2434637922967851,4.107386936538756,5.640496165745562,5.6519222088579815,0.023289672867925354,0.026400314523038537
700,c_x_tangent:c_0p95_1,t_0p02_0p05,0,0,nan,0,nan,0,nan,0,nan,nan,nan,nan,nan,nan,nan,nan,nan
700,c_x_tangent:c_0p95_1,t_0p05_0p10,0,0,nan,0,nan,0,nan,0,nan,nan,nan,nan,nan,nan,nan,nan,nan
700,c_x_tangent:c_0p95_1,t_0p10_inf,0,0,nan,0,nan,0,nan,0,nan,nan,nan,nan,nan,nan,nan,nan,nan
800,region,none_or_unknown,7840,0,0.0,7016,0.8948979591836734,5144,0.6561224489795918,2696,0.3438775510204082,0.6862375644885524,0.6921601282716521,0.10090753069205333,9.910063135443984,13.724751289771048,13.84320256543304,0.06510246975679193,0.15239596041516285
800,region,sphere_upper,0,0,nan,0,nan,0,nan,0,nan,nan,nan,nan,nan,nan,nan,nan,nan
800,region,sphere_lower90,0,0,nan,0,nan,0,nan,0,nan,nan,nan,nan,nan,nan,nan,nan,nan
800,region,sphere_bottom120,0,0,nan,0,nan,0,nan,0,nan,nan,nan,nan,nan,nan,nan,nan,nan
800,region,outer_or_other_wall,0,0,nan,0,nan,0,nan,0,nan,nan,nan,nan,nan,nan,nan,nan,nan
800,theta_zone,sphere11,0,0,nan,0,nan,0,nan,0,nan,nan,nan,nan,nan,nan,nan,nan,nan
800,theta_zone,outer90,0,0,nan,0,nan,0,nan,0,nan,nan,nan,nan,nan,nan,nan,nan,nan
800,theta_zone,fallback,7840,0,0.0,7016,0.8948979591836734,5144,0.6561224489795918,2696,0.3438775510204082,0.6862375644885524,0.6921601282716521,0.10090753069205333,9.910063135443984,13.724751289771048,13.84320256543304,0.06510246975679193,0.15239596041516285
800,c_bin,c_0_0p05,1080,0,0.0,620,0.5740740740740741,1080,1.0,0,0.0,0.08344909724394135,0.09510214545455926,0.7545072783183442,1.326069173171525,6.454093634439102,7.081797227129211,0.017412762243644197,0.025859276908737794
800,c_bin,c_0p05_0p10,848,0,0.0,848,1.0,848,1.0,0,0.0,0.2713343379265585,0.2734453680869319,0.09389918034981884,10.649720413339995,10.92965847396791,10.97624507150002,0.038645639509667346,0.05108591521067924
800,c_bin,c_0p10_0p30,1468,0,0.0,1468,1.0,976,0.6648501362397821,492,0.335149863760218,0.5732419843846183,0.5905984576294936,0.09760241113141788,10.245648528636641,11.464839687692365,11.811969152589871,0.0856879003836798,0.12094487228235438
800,c_bin,c_0p30_0p70,1720,0,0.0,1720,1.0,0,0.0,1720,1.0,0.6917661512843724,0.6930520614354063,0.07537384246459401,13.267202086317127,13.835323025687446,13.861041228708126,0.14681048506084207,0.15371857651842336
800,c_bin,c_0p70_0p90,1244,0,0.0,1244,1.0,760,0.6109324758842444,484,0.3890675241157556,0.5749055730092855,0.5827608674116658,0.10977141801537914,9.10983950175353,11.49811146018571,11.655217348233315,0.09189629842621275,0.12871116201874705
800,c_bin,c_0p90_0p95,664,0,0.0,664,1.0,664,1.0,0,0.0,0.23855664701240278,0.24417559170446698,0.10952770570297835,9.130109993569553,9.162848992061223,9.170110780512307,0.03813696056627669,0.052185439362533614
800,c_bin,c_0p95_1,816,0,0.0,452,0.553921568627451,816,1.0,0,0.0,0.06991943330681036,0.07501847277253666,0.9151476719575321,1.09271982068311,5.402805190148972,5.677267002193828,0.016705007108692688,0.025882640904504983
800,tangent_bin,t_0_0p005,16,0,0.0,0,0.0,16,1.0,0,0.0,2.778522832936645e-06,2.7785228329367223e-06,1.0,0.0002618767913738604,0.0005237224537739491,0.0005237224537739636,0.011322609925143777,0.012034550733793734
800,tangent_bin,t_0p005_0p01,1088,0,0.0,280,0.25735294117647056,1088,1.0,0,0.0,0.020306433272657003,0.02861645289786446,1.0,0.3128179287818451,2.1233253214399426,2.7874829540948287,0.014240569636174174,0.019127010889585128
800,tangent_bin,t_0p01_0p02,1528,0,0.0,1528,1.0,1528,1.0,0,0.0,0.17995485385769744,0.1859479228009238,0.15576508617824422,6.419923902945014,10.070387636007458,10.650373404764865,0.026579641759994034,0.03813702105989203
800,tangent_bin,t_0p02_0p05,2512,0,0.0,2512,1.0,2456,0.9777070063694268,56,0.022292993630573247,0.4546021050587451,0.4656718284917688,0.1006131938473719,9.93906448640508,10.845949156932114,10.954926369280454,0.06462358629675646,0.09698084606840107
800,tangent_bin,t_0p05_0p10,2696,0,0.0,2696,1.0,56,0.020771513353115726,2640,0.9792284866468842,0.6912798352445496,0.6930249488097487,0.07975003017034937,12.539180288791336,13.825596704890991,13.860498976194974,0.13727746248853887,0.1535391491928581
800,tangent_bin,t_0p10_inf,0,0,nan,0,nan,0,nan,0,nan,nan,nan,nan,nan,nan,nan,nan,nan
800,normal_raw_abs_bin,normal_raw_abs_0_1e-4,0,0,nan,0,nan,0,nan,0,nan,nan,nan,nan,nan,nan,nan,nan,nan
800,normal_raw_abs_bin,normal_raw_abs_1e-4_1e-3,0,0,nan,0,nan,0,nan,0,nan,nan,nan,nan,nan,nan,nan,nan,nan
800,normal_raw_abs_bin,normal_raw_abs_1e-3_1e-2,0,0,nan,0,nan,0,nan,0,nan,nan,nan,nan,nan,nan,nan,nan,nan
800,normal_raw_abs_bin,normal_raw_abs_1e-2_5e-2,3280,0,0.0,2456,0.748780487804878,3280,1.0,0,0.0,0.23596807139428094,0.25861917743166846,0.21356444896943105,4.6824784824310655,10.821682125074648,10.939596734728083,0.023624094451896296,0.047225010754163
800,normal_raw_abs_bin,normal_raw_abs_5e-2_inf,4560,0,0.0,4560,1.0,1864,0.4087719298245614,2696,0.5912280701754385,0.6901353102787335,0.6922797652462179,0.09455836345975155,10.575479137026804,13.80270620557467,13.845595304924359,0.11373372211153626,0.15325008756993902
800,cap_source,abs_cap_selected,2696,0,0.0,2696,1.0,0,0.0,2696,1.0,0.6912798352445496,0.6930249488097487,0.07975003017034937,12.539180288791336,13.825596704890991,13.860498976194974,0.13727746248853887,0.1535391491928581
800,cap_source,ratio_cap_selected,5144,0,0.0,4320,0.8398133748055988,5144,1.0,0,0.0,0.4373995275830937,0.47483185892790924,0.11053556790329508,9.04686173843044,10.771174101996978,10.919780339177805,0.03689290130301692,0.09233937110323948
800,cap_source,none_or_inactive,0,0,nan,0,nan,0,nan,0,nan,nan,nan,nan,nan,nan,nan,nan,nan
800,limiter_class,none,824,0,0.0,0,0.0,824,1.0,0,0.0,0.006371584681659258,0.007828622234433237,1.0,0.16104445995505023,0.8136543829495804,0.9576188639825055,0.013371806628143246,0.015999703951769504
800,limiter_class,abs_cap_limiter,2696,0,0.0,2696,1.0,0,0.0,2696,1.0,0.6912798352445496,0.6930249488097487,0.07975003017034937,12.539180288791336,13.825596704890991,13.860498976194974,0.13727746248853887,0.1535391491928581
800,limiter_class,ratio_cap_limiter,4320,0,0.0,4320,1.0,4320,1.0,0,0.0,0.44546217579403014,0.47546577000489376,0.1096963654138254,9.116072316776748,10.795683886669913,10.929658473967907,0.04412001201407697,0.09375468531294182
800,limiter_class,secondary_vector_safety,0,0,nan,0,nan,0,nan,0,nan,nan,nan,nan,nan,nan,nan,nan,nan
800,limiter_class,inactive_or_fallback,0,0,nan,0,nan,0,nan,0,nan,nan,nan,nan,nan,nan,nan,nan,nan
800,normal_agreement_bin,normal_0_0p5,0,0,nan,0,nan,0,nan,0,nan,nan,nan,nan,nan,nan,nan,nan,nan
800,normal_agreement_bin,normal_0p5_0p9,0,0,nan,0,nan,0,nan,0,nan,nan,nan,nan,nan,nan,nan,nan,nan
800,normal_agreement_bin,normal_0p9_0p99,0,0,nan,0,nan,0,nan,0,nan,nan,nan,nan,nan,nan,nan,nan,nan
800,normal_agreement_bin,normal_0p99_1p01,7840,0,0.0,7016,0.8948979591836734,5144,0.6561224489795918,2696,0.3438775510204082,0.6862375644885524,0.6921601282716521,0.10090753069205333,9.910063135443984,13.724751289771048,13.84320256543304,0.06510246975679193,0.15239596041516285
800,c_x_tangent:c_0_0p05,t_0_0p005,8,0,0.0,0,0.0,8,1.0,0,0.0,1.8731161164250192e-10,1.8731161164250192e-10,1.0,3.1128974530986054e-08,3.1128974531059104e-08,3.112897453105911e-08,0.012034550733793732,0.012034550733793736
800,c_x_tangent:c_0_0p05,t_0p005_0p01,524,0,0.0,72,0.13740458015267176,524,1.0,0,0.0,0.010467744296561733,0.012129009291067602,1.0,0.23725176968940026,1.2211275760408575,1.38954382363404,0.013770998044166167,0.01745754122291286
800,c_x_tangent:c_0_0p05,t_0p01_0p02,548,0,0.0,548,1.0,548,1.0,0,0.0,0.09160641492068168,0.09528450774165588,0.2629262288825268,3.803348202460209,6.842476830666117,7.099681201593229,0.021640583651972696,0.026579641759994034
800,c_x_tangent:c_0_0p05,t_0p02_0p05,0,0,nan,0,nan,0,nan,0,nan,nan,nan,nan,nan,nan,nan,nan,nan
800,c_x_tangent:c_0_0p05,t_0p05_0p10,0,0,nan,0,nan,0,nan,0,nan,nan,nan,nan,nan,nan,nan,nan,nan
800,c_x_tangent:c_0_0p05,t_0p10_inf,0,0,nan,0,nan,0,nan,0,nan,nan,nan,nan,nan,nan,nan,nan,nan
800,c_x_tangent:c_0p05_0p10,t_0_0p005,0,0,nan,0,nan,0,nan,0,nan,nan,nan,nan,nan,nan,nan,nan,nan
800,c_x_tangent:c_0p05_0p10,t_0p005_0p01,0,0,nan,0,nan,0,nan,0,nan,nan,nan,nan,nan,nan,nan,nan,nan
800,c_x_tangent:c_0p05_0p10,t_0p01_0p02,324,0,0.0,324,1.0,324,1.0,0,0.0,0.18445376662099344,0.18574202942102508,0.1096244758784381,9.122050454397554,10.648300866764192,10.672161634650507,0.03080367215620427,0.034622989320510646
800,c_x_tangent:c_0p05_0p10,t_0p02_0p05,524,0,0.0,524,1.0,524,1.0,0,0.0,0.27141034106278583,0.27593289408182065,0.09284038959268157,10.771174101996962,10.954926369280452,10.98351634717888,0.042839069292402845,0.05124026159608596
800,c_x_tangent:c_0p05_0p10,t_0p05_0p10,0,0,nan,0,nan,0,nan,0,nan,nan,nan,nan,nan,nan,nan,nan,nan
800,c_x_tangent:c_0p05_0p10,t_0p10_inf,0,0,nan,0,nan,0,nan,0,nan,nan,nan,nan,nan,nan,nan,nan,nan
800,c_x_tangent:c_0p10_0p30,t_0_0p005,0,0,nan,0,nan,0,nan,0,nan,nan,nan,nan,nan,nan,nan,nan,nan
800,c_x_tangent:c_0p10_0p30,t_0p005_0p01,0,0,nan,0,nan,0,nan,0,nan,nan,nan,nan,nan,nan,nan,nan,nan
800,c_x_tangent:c_0p10_0p30,t_0p01_0p02,0,0,nan,0,nan,0,nan,0,nan,nan,nan,nan,nan,nan,nan,nan,nan
800,c_x_tangent:c_0p10_0p30,t_0p02_0p05,920,0,0.0,920,1.0,920,1.0,0,0.0,0.4605158959279615,0.4704795269637893,0.09842859477303093,10.159649662940012,10.544117815440636,10.58661441328005,0.07181793271097561,0.09375468531294184
800,c_x_tangent:c_0p10_0p30,t_0p05_0p10,548,0,0.0,548,1.0,56,0.10218978102189781,492,0.8978102189781022,0.5860426552737916,0.5907519232698656,0.09319684450647536,10.729977021169631,11.72085310547583,11.815038465397311,0.11160198740689892,0.12437919698992164
800,c_x_tangent:c_0p10_0p30,t_0p10_inf,0,0,nan,0,nan,0,nan,0,nan,nan,nan,nan,nan,nan,nan,nan,nan
800,c_x_tangent:c_0p30_0p70,t_0_0p005,0,0,nan,0,nan,0,nan,0,nan,nan,nan,nan,nan,nan,nan,nan,nan
800,c_x_tangent:c_0p30_0p70,t_0p005_0p01,0,0,nan,0,nan,0,nan,0,nan,nan,nan,nan,nan,nan,nan,nan,nan
800,c_x_tangent:c_0p30_0p70,t_0p01_0p02,0,0,nan,0,nan,0,nan,0,nan,nan,nan,nan,nan,nan,nan,nan,nan
800,c_x_tangent:c_0p30_0p70,t_0p02_0p05,0,0,nan,0,nan,0,nan,0,nan,nan,nan,nan,nan,nan,nan,nan,nan
800,c_x_tangent:c_0p30_0p70,t_0p05_0p10,1720,0,0.0,1720,1.0,0,0.0,1720,1.0,0.6917661512843724,0.6930520614354063,0.07537384246459401,13.267202086317127,13.835323025687446,13.861041228708126,0.14681048506084207,0.15371857651842336
800,c_x_tangent:c_0p30_0p70,t_0p10_inf,0,0,nan,0,nan,0,nan,0,nan,nan,nan,nan,nan,nan,nan,nan,nan
800,c_x_tangent:c_0p70_0p90,t_0_0p005,0,0,nan,0,nan,0,nan,0,nan,nan,nan,nan,nan,nan,nan,nan,nan
800,c_x_tangent:c_0p70_0p90,t_0p005_0p01,0,0,nan,0,nan,0,nan,0,nan,nan,nan,nan,nan,nan,nan,nan,nan
800,c_x_tangent:c_0p70_0p90,t_0p01_0p02,0,0,nan,0,nan,0,nan,0,nan,nan,nan,nan,nan,nan,nan,nan,nan
800,c_x_tangent:c_0p70_0p90,t_0p02_0p05,816,0,0.0,816,1.0,760,0.9313725490196079,56,0.06862745098039216,0.45522709000711925,0.46567182849176963,0.11026101261992122,9.069388864104507,9.141448878769012,9.313436569835392,0.07819440186130375,0.1012213219545417
800,c_x_tangent:c_0p70_0p90,t_0p05_0p10,428,0,0.0,428,1.0,0,0.0,428,1.0,0.5815679800057166,0.5846866956608106,0.09479285315414297,10.549318505836053,11.631359600114333,11.69373391321621,0.11775857856997554,0.13046297857606734
800,c_x_tangent:c_0p70_0p90,t_0p10_inf,0,0,nan,0,nan,0,nan,0,nan,nan,nan,nan,nan,nan,nan,nan,nan
800,c_x_tangent:c_0p90_0p95,t_0_0p005,0,0,nan,0,nan,0,nan,0,nan,nan,nan,nan,nan,nan,nan,nan,nan
800,c_x_tangent:c_0p90_0p95,t_0p005_0p01,0,0,nan,0,nan,0,nan,0,nan,nan,nan,nan,nan,nan,nan,nan,nan
800,c_x_tangent:c_0p90_0p95,t_0p01_0p02,412,0,0.0,412,1.0,412,1.0,0,0.0,0.18548213557331272,0.1865558086594484,0.11792620413902893,8.47987949159333,9.167740954414898,9.170110780512426,0.033362204260979106,0.0404640873898143
800,c_x_tangent:c_0p90_0p95,t_0p02_0p05,252,0,0.0,252,1.0,252,1.0,0,0.0,0.24116160221170185,0.2441755917044675,0.10937393436429362,9.142946222171027,9.162053514343391,9.165437999119272,0.04752493728007812,0.05283066408147627
800,c_x_tangent:c_0p90_0p95,t_0p05_0p10,0,0,nan,0,nan,0,nan,0,nan,nan,nan,nan,nan,nan,nan,nan,nan
800,c_x_tangent:c_0p90_0p95,t_0p10_inf,0,0,nan,0,nan,0,nan,0,nan,nan,nan,nan,nan,nan,nan,nan,nan
800,c_x_tangent:c_0p95_1,t_0_0p005,8,0,0.0,0,0.0,8,1.0,0,0.0,2.7785228329366964e-06,2.7785228329367324e-06,1.0,0.0005237224537737323,0.0005237224537739587,0.0005237224537739655,0.010610669116493304,0.010610669116493832
800,c_x_tangent:c_0p95_1,t_0p005_0p01,564,0,0.0,208,0.36879432624113473,564,1.0,0,0.0,0.02182784641305502,0.028705549555976376,1.0,0.4892023243963522,2.2502319851835764,2.796149181289796,0.014788889719967724,0.019400529862501514
800,c_x_tangent:c_0p95_1,t_0p01_0p02,244,0,0.0,244,1.0,244,1.0,0,0.0,0.07501847277253577,0.07517212666811225,0.24596158514666416,4.065675537924799,5.6772670021937595,5.688896670135242,0.023145430702498637,0.026427664634072374
800,c_x_tangent:c_0p95_1,t_0p02_0p05,0,0,nan,0,nan,0,nan,0,nan,nan,nan,nan,nan,nan,nan,nan,nan
800,c_x_tangent:c_0p95_1,t_0p05_0p10,0,0,nan,0,nan,0,nan,0,nan,nan,nan,nan,nan,nan,nan,nan,nan
800,c_x_tangent:c_0p95_1,t_0p10_inf,0,0,nan,0,nan,0,nan,0,nan,nan,nan,nan,nan,nan,nan,nan,nan
900,region,none_or_unknown,7896,0,0.0,7040,0.8915906788247214,5176,0.6555217831813577,2720,0.3444782168186423,0.681974558483772,0.6874864473293237,0.10222950854201028,9.781911502966636,13.63949116967544,13.749728946586474,0.06521673374880574,0.15258465172442556
900,region,sphere_upper,0,0,nan,0,nan,0,nan,0,nan,nan,nan,nan,nan,nan,nan,nan,nan
900,region,sphere_lower90,0,0,nan,0,nan,0,nan,0,nan,nan,nan,nan,nan,nan,nan,nan,nan
900,region,sphere_bottom120,0,0,nan,0,nan,0,nan,0,nan,nan,nan,nan,nan,nan,nan,nan,nan
900,region,outer_or_other_wall,0,0,nan,0,nan,0,nan,0,nan,nan,nan,nan,nan,nan,nan,nan,nan
900,theta_zone,sphere11,0,0,nan,0,nan,0,nan,0,nan,nan,nan,nan,nan,nan,nan,nan,nan
900,theta_zone,outer90,0,0,nan,0,nan,0,nan,0,nan,nan,nan,nan,nan,nan,nan,nan,nan
900,theta_zone,fallback,7896,0,0.0,7040,0.8915906788247214,5176,0.6555217831813577,2720,0.3444782168186423,0.681974558483772,0.6874864473293237,0.10222950854201028,9.781911502966636,13.63949116967544,13.749728946586474,0.06521673374880574,0.15258465172442556
900,c_bin,c_0_0p05,1104,0,0.0,612,0.5543478260869565,1104,1.0,0,0.0,0.08224730512127945,0.09157194198297683,0.710706580385747,1.4070504306534415,6.365182308281096,6.863207663309159,0.01723146531120375,0.02584264980447272
900,c_bin,c_0p05_0p10,856,0,0.0,856,1.0,856,1.0,0,0.0,0.26707867404286734,0.2713099302647143,0.09534029703614912,10.488744330436072,10.761998158177311,10.848360241451038,0.038372302751861986,0.05133715045004453
900,c_bin,c_0p10_0p30,1476,0,0.0,1476,1.0,984,0.6666666666666666,492,0.3333333333333333,0.566193762146213,0.5814655220233604,0.09889695988916183,10.111534278917611,11.32387524292426,11.629310440467208,0.0860268708380392,0.12063748394147658
900,c_bin,c_0p30_0p70,1736,0,0.0,1736,1.0,0,0.0,1736,1.0,0.6872503456388168,0.6884862796503404,0.07584832035735209,13.18420757755209,13.745006912776336,13.769725593006807,0.14699806874444787,0.15389505816718554
900,c_bin,c_0p70_0p90,1244,0,0.0,1244,1.0,752,0.6045016077170418,492,0.3954983922829582,0.574562397436561,0.5822855565305414,0.1094574323819931,9.135971658006024,11.49124794873122,11.645711130610826,0.09217548940553788,0.12900129468789387
900,c_bin,c_0p90_0p95,664,0,0.0,664,1.0,664,1.0,0,0.0,0.2399311924701002,0.24558635407776194,0.109147579572754,9.161907245685565,9.197669215854724,9.203043047133765,0.03821212703352472,0.05232249371417841
900,c_bin,c_0p95_1,816,0,0.0,452,0.553921568627451,816,1.0,0,0.0,0.07047172436812701,0.07561605376107204,0.9087037280341738,1.1004686886927715,5.439423970795217,5.715881300810085,0.01671119872320284,0.02591146590024869
900,tangent_bin,t_0_0p005,48,0,0.0,0,0.0,48,1.0,0,0.0,1.620342817572748e-05,1.6203428175727723e-05,1.0,0.0005914474442195988,0.002659706827376128,0.0026597068273761667,0.012324985712916797,0.012639600819881407
900,tangent_bin,t_0p005_0p01,1096,0,0.0,288,0.26277372262773724,1096,1.0,0,0.0,0.020457402306185205,0.028813801109338573,1.0,0.3682322408236722,2.1379124851407316,2.8048085323969336,0.014403324217817148,0.019137735944171008
900,tangent_bin,t_0p01_0p02,1544,0,0.0,1544,1.0,1544,1.0,0,0.0,0.18232594482367787,0.1884088419141905,0.1534200519371005,6.5180528058352,10.159451632119083,10.63168973978432,0.026986144681372896,0.03821224444526203
900,tangent_bin,t_0p02_0p05,2528,0,0.0,2528,1.0,2464,0.9746835443037974,64,0.02531645569620253,0.45616974167530516,0.46753519613876776,0.10215138810877165,9.789396844112678,10.690150236045048,10.780608711916958,0.06536211555352922,0.09769376443500946
900,tangent_bin,t_0p05_0p10,2680,0,0.0,2680,1.0,24,0.008955223880597015,2656,0.991044776119403,0.6868346293247527,0.6884665720100381,0.0801874819926987,12.470774811786578,13.736692586495053,13.769331440200762,0.13769387858143414,0.15371539296144354
900,tangent_bin,t_0p10_inf,0,0,nan,0,nan,0,nan,0,nan,nan,nan,nan,nan,nan,nan,nan,nan
900,normal_raw_abs_bin,normal_raw_abs_0_1e-4,0,0,nan,0,nan,0,nan,0,nan,nan,nan,nan,nan,nan,nan,nan,nan
900,normal_raw_abs_bin,normal_raw_abs_1e-4_1e-3,0,0,nan,0,nan,0,nan,0,nan,nan,nan,nan,nan,nan,nan,nan,nan
900,normal_raw_abs_bin,normal_raw_abs_1e-3_1e-2,0,0,nan,0,nan,0,nan,0,nan,nan,nan,nan,nan,nan,nan,nan,nan
900,normal_raw_abs_bin,normal_raw_abs_1e-2_5e-2,3312,0,0.0,2456,0.7415458937198067,3312,1.0,0,0.0,0.23421161239185403,0.2571871098149919,0.22063769929197946,4.532462520681409,10.666671720198138,10.767368931434973,0.023751359877735106,0.04733981092096838
900,normal_raw_abs_bin,normal_raw_abs_5e-2_inf,4584,0,0.0,4584,1.0,1864,0.40663176265270506,2720,0.5933682373472949,0.6858471584458752,0.6880077780365188,0.09571686221169351,10.44748008824028,13.716943168917503,13.760155560730375,0.1140335551705304,0.15342444721210363
900,cap_source,abs_cap_selected,2720,0,0.0,2720,1.0,0,0.0,2720,1.0,0.6868048359515853,0.688466572010038,0.08026581064999286,12.458604627574257,13.736096719031705,13.769331440200759,0.13754288492324615,0.1537148303491169
900,cap_source,ratio_cap_selected,5176,0,0.0,4320,0.8346213292117465,5176,1.0,0,0.0,0.4338663977690526,0.46753519613876754,0.11045032117131064,9.053844202489735,10.622930206735793,10.753873239721893,0.03696258771952593,0.09238340109879198
900,cap_source,none_or_inactive,0,0,nan,0,nan,0,nan,0,nan,nan,nan,nan,nan,nan,nan,nan,nan
900,limiter_class,none,856,0,0.0,0,0.0,856,1.0,0,0.0,0.007184115703154624,0.007885696997066292,1.0,0.1469691940506151,0.9090300526955117,0.9681456124304277,0.013373684395946217,0.0159824068557497
900,limiter_class,abs_cap_limiter,2720,0,0.0,2720,1.0,0,0.0,2720,1.0,0.6868048359515853,0.688466572010038,0.08026581064999286,12.458604627574257,13.736096719031705,13.769331440200759,0.13754288492324615,0.1537148303491169
900,limiter_class,ratio_cap_limiter,4320,0,0.0,4320,1.0,4320,1.0,0,0.0,0.4393634319597269,0.46990273641171,0.1093959598767871,9.141105403950036,10.634693301123532,10.761998158177311,0.04412579037767053,0.09344744815220613
900,limiter_class,secondary_vector_safety,0,0,nan,0,nan,0,nan,0,nan,nan,nan,nan,nan,nan,nan,nan,nan
900,limiter_class,inactive_or_fallback,0,0,nan,0,nan,0,nan,0,nan,nan,nan,nan,nan,nan,nan,nan,nan
900,normal_agreement_bin,normal_0_0p5,0,0,nan,0,nan,0,nan,0,nan,nan,nan,nan,nan,nan,nan,nan,nan
900,normal_agreement_bin,normal_0p5_0p9,0,0,nan,0,nan,0,nan,0,nan,nan,nan,nan,nan,nan,nan,nan,nan
900,normal_agreement_bin,normal_0p9_0p99,0,0,nan,0,nan,0,nan,0,nan,nan,nan,nan,nan,nan,nan,nan,nan
900,normal_agreement_bin,normal_0p99_1p01,7896,0,0.0,7040,0.8915906788247214,5176,0.6555217831813577,2720,0.3444782168186423,0.681974558483772,0.6874864473293237,0.10222950854201028,9.781911502966636,13.63949116967544,13.749728946586474,0.06521673374880574,0.15258465172442556
900,c_x_tangent:c_0_0p05,t_0_0p005,40,0,0.0,0,0.0,40,1.0,0,0.0,1.6203428175727486e-05,1.6203428175727757e-05,1.0,0.0006539111040917427,0.002659706827376129,0.002659706827376172,0.012428720660129424,0.012639600819881407
900,c_x_tangent:c_0_0p05,t_0p005_0p01,532,0,0.0,80,0.15037593984962405,532,1.0,0,0.0,0.012253148580646574,0.014398659845807618,1.0,0.3027952876230569,1.3359943725045522,1.593298108583644,0.014188393616863169,0.018074031178769503
900,c_x_tangent:c_0_0p05,t_0p01_0p02,532,0,0.0,532,1.0,532,1.0,0,0.0,0.08854878037797495,0.09603983921194616,0.27179858280875036,3.679195048281929,6.705648048718486,7.117714689956241,0.021772592903461285,0.026511895885290255
900,c_x_tangent:c_0_0p05,t_0p02_0p05,0,0,nan,0,nan,0,nan,0,nan,nan,nan,nan,nan,nan,nan,nan,nan
900,c_x_tangent:c_0_0p05,t_0p05_0p10,0,0,nan,0,nan,0,nan,0,nan,nan,nan,nan,nan,nan,nan,nan,nan
900,c_x_tangent:c_0_0p05,t_0p10_inf,0,0,nan,0,nan,0,nan,0,nan,nan,nan,nan,nan,nan,nan,nan,nan
900,c_x_tangent:c_0p05_0p10,t_0_0p005,0,0,nan,0,nan,0,nan,0,nan,nan,nan,nan,nan,nan,nan,nan,nan
900,c_x_tangent:c_0p05_0p10,t_0p005_0p01,0,0,nan,0,nan,0,nan,0,nan,nan,nan,nan,nan,nan,nan,nan,nan
900,c_x_tangent:c_0p05_0p10,t_0p01_0p02,356,0,0.0,356,1.0,356,1.0,0,0.0,0.18823758049164263,0.1893586439798328,0.10964658986431927,9.120210680855983,10.629378134618936,10.66554647454072,0.031270358906196886,0.03535459520573896
900,c_x_tangent:c_0p05_0p10,t_0p02_0p05,500,0,0.0,500,1.0,500,1.0,0,0.0,0.2708142934182887,0.27157448503190723,0.09427858548333977,10.606862575136034,10.78060871191696,10.856543092715011,0.04305725207165132,0.051823615741094335
900,c_x_tangent:c_0p05_0p10,t_0p05_0p10,0,0,nan,0,nan,0,nan,0,nan,nan,nan,nan,nan,nan,nan,nan,nan
900,c_x_tangent:c_0p05_0p10,t_0p10_inf,0,0,nan,0,nan,0,nan,0,nan,nan,nan,nan,nan,nan,nan,nan,nan
900,c_x_tangent:c_0p10_0p30,t_0_0p005,0,0,nan,0,nan,0,nan,0,nan,nan,nan,nan,nan,nan,nan,nan,nan
900,c_x_tangent:c_0p10_0p30,t_0p005_0p01,0,0,nan,0,nan,0,nan,0,nan,nan,nan,nan,nan,nan,nan,nan,nan
900,c_x_tangent:c_0p10_0p30,t_0p01_0p02,0,0,nan,0,nan,0,nan,0,nan,nan,nan,nan,nan,nan,nan,nan,nan
900,c_x_tangent:c_0p10_0p30,t_0p02_0p05,960,0,0.0,960,1.0,960,1.0,0,0.0,0.45998745594253987,0.4718186278413873,0.0998096786033562,10.019069062303911,10.391887927245373,10.430051199671503,0.07231794329974328,0.09475208065749026
900,c_x_tangent:c_0p10_0p30,t_0p05_0p10,516,0,0.0,516,1.0,24,0.046511627906976744,492,0.9534883720930233,0.5784175256897421,0.5821796844779785,0.093883576239951,10.65149028243411,11.568350513794842,11.64359368955957,0.11214382547812907,0.12419632021189593
900,c_x_tangent:c_0p10_0p30,t_0p10_inf,0,0,nan,0,nan,0,nan,0,nan,nan,nan,nan,nan,nan,nan,nan,nan
900,c_x_tangent:c_0p30_0p70,t_0_0p005,0,0,nan,0,nan,0,nan,0,nan,nan,nan,nan,nan,nan,nan,nan,nan
900,c_x_tangent:c_0p30_0p70,t_0p005_0p01,0,0,nan,0,nan,0,nan,0,nan,nan,nan,nan,nan,nan,nan,nan,nan
900,c_x_tangent:c_0p30_0p70,t_0p01_0p02,0,0,nan,0,nan,0,nan,0,nan,nan,nan,nan,nan,nan,nan,nan,nan
900,c_x_tangent:c_0p30_0p70,t_0p02_0p05,0,0,nan,0,nan,0,nan,0,nan,nan,nan,nan,nan,nan,nan,nan,nan
900,c_x_tangent:c_0p30_0p70,t_0p05_0p10,1736,0,0.0,1736,1.0,0,0.0,1736,1.0,0.6872503456388168,0.6884862796503404,0.07584832035735209,13.18420757755209,13.745006912776336,13.769725593006807,0.14699806874444787,0.15389505816718554
900,c_x_tangent:c_0p30_0p70,t_0p10_inf,0,0,nan,0,nan,0,nan,0,nan,nan,nan,nan,nan,nan,nan,nan,nan
900,c_x_tangent:c_0p70_0p90,t_0_0p005,0,0,nan,0,nan,0,nan,0,nan,nan,nan,nan,nan,nan,nan,nan,nan
900,c_x_tangent:c_0p70_0p90,t_0p005_0p01,0,0,nan,0,nan,0,nan,0,nan,nan,nan,nan,nan,nan,nan,nan,nan
900,c_x_tangent:c_0p70_0p90,t_0p01_0p02,0,0,nan,0,nan,0,nan,0,nan,nan,nan,nan,nan,nan,nan,nan,nan
900,c_x_tangent:c_0p70_0p90,t_0p02_0p05,816,0,0.0,816,1.0,752,0.9215686274509803,64,0.0784313725490196,0.45643253376206355,0.46673864971482476,0.11005805659058752,9.086113556592846,9.168862869603272,9.334772994296495,0.07843531105361351,0.10151821277163131
900,c_x_tangent:c_0p70_0p90,t_0p05_0p10,428,0,0.0,428,1.0,0,0.0,428,1.0,0.5810825487599175,0.5841801987270723,0.0947137350326979,10.55813076799021,11.621650975198348,11.683603974541445,0.118061845403833,0.13074733085825924
900,c_x_tangent:c_0p70_0p90,t_0p10_inf,0,0,nan,0,nan,0,nan,0,nan,nan,nan,nan,nan,nan,nan,nan,nan
900,c_x_tangent:c_0p90_0p95,t_0_0p005,0,0,nan,0,nan,0,nan,0,nan,nan,nan,nan,nan,nan,nan,nan,nan
900,c_x_tangent:c_0p90_0p95,t_0p005_0p01,0,0,nan,0,nan,0,nan,0,nan,nan,nan,nan,nan,nan,nan,nan,nan
900,c_x_tangent:c_0p90_0p95,t_0p01_0p02,412,0,0.0,412,1.0,412,1.0,0,0.0,0.18653292983274097,0.18761878960659145,0.1172355177262899,8.52983822133752,9.200320728230839,9.203043047133882,0.03341777789722508,0.040549223302698764
900,c_x_tangent:c_0p90_0p95,t_0p02_0p05,252,0,0.0,252,1.0,252,1.0,0,0.0,0.24255963640404093,0.24558635407776336,0.10901022917084524,9.17345103855125,9.193764266616894,9.197669215854718,0.04764099938845626,0.052970412368089415
900,c_x_tangent:c_0p90_0p95,t_0p05_0p10,0,0,nan,0,nan,0,nan,0,nan,nan,nan,nan,nan,nan,nan,nan,nan
900,c_x_tangent:c_0p90_0p95,t_0p10_inf,0,0,nan,0,nan,0,nan,0,nan,nan,nan,nan,nan,nan,nan,nan,nan
900,c_x_tangent:c_0p95_1,t_0_0p005,8,0,0.0,0,0.0,8,1.0,0,0.0,2.8063663777495833e-06,2.8063663777501017e-06,1.0,0.0005289837843467214,0.0005289837843473349,0.000528983784347438,0.01061040606835309,0.010610406068353465
900,c_x_tangent:c_0p95_1,t_0p005_0p01,564,0,0.0,208,0.36879432624113473,564,1.0,0,0.0,0.02198869969574037,0.02890334431848603,1.0,0.49240133258010355,2.2654926593669433,2.813508757996309,0.014792180907734709,0.019411848107143897
900,c_x_tangent:c_0p95_1,t_0p01_0p02,244,0,0.0,244,1.0,244,1.0,0,0.0,0.075616053761071,0.07577250150737794,0.24435245723176144,4.092449125860552,5.715881300809923,5.727692787688243,0.023166213703913974,0.026458230946942867
900,c_x_tangent:c_0p95_1,t_0p02_0p05,0,0,nan,0,nan,0,nan,0,nan,nan,nan,nan,nan,nan,nan,nan,nan
900,c_x_tangent:c_0p95_1,t_0p05_0p10,0,0,nan,0,nan,0,nan,0,nan,nan,nan,nan,nan,nan,nan,nan,nan
900,c_x_tangent:c_0p95_1,t_0p10_inf,0,0,nan,0,nan,0,nan,0,nan,nan,nan,nan,nan,nan,nan,nan,nan
1000,region,none_or_unknown,7984,0,0.0,7088,0.8877755511022044,5264,0.6593186372745491,2720,0.3406813627254509,0.6773910765827362,0.6829911164345396,0.10356944893568075,9.655356963625685,13.547821531654725,13.65982232869079,0.06500727636089093,0.15274508046646046
1000,region,sphere_upper,0,0,nan,0,nan,0,nan,0,nan,nan,nan,nan,nan,nan,nan,nan,nan
1000,region,sphere_lower90,0,0,nan,0,nan,0,nan,0,nan,nan,nan,nan,nan,nan,nan,nan,nan
1000,region,sphere_bottom120,0,0,nan,0,nan,0,nan,0,nan,nan,nan,nan,nan,nan,nan,nan,nan
1000,region,outer_or_other_wall,0,0,nan,0,nan,0,nan,0,nan,nan,nan,nan,nan,nan,nan,nan,nan
1000,theta_zone,sphere11,0,0,nan,0,nan,0,nan,0,nan,nan,nan,nan,nan,nan,nan,nan,nan
1000,theta_zone,outer90,0,0,nan,0,nan,0,nan,0,nan,nan,nan,nan,nan,nan,nan,nan,nan
1000,theta_zone,fallback,7984,0,0.0,7088,0.8877755511022044,5264,0.6593186372745491,2720,0.3406813627254509,0.6773910765827362,0.6829911164345396,0.10356944893568075,9.655356963625685,13.547821531654725,13.65982232869079,0.06500727636089093,0.15274508046646046
1000,c_bin,c_0_0p05,1176,0,0.0,644,0.5476190476190477,1176,1.0,0,0.0,0.07787009274247678,0.0942513726271387,0.8139954415954849,1.229421393287546,6.010843948693484,6.970320568530369,0.017392464174015784,0.02599306177810759
1000,c_bin,c_0p05_0p10,832,0,0.0,832,1.0,832,1.0,0,0.0,0.2589974379118597,0.2653837073187404,0.0965535232882367,10.356949873081406,10.621947803757854,10.696906906176464,0.037813214897840106,0.05016130925529704
1000,c_bin,c_0p10_0p30,1516,0,0.0,1516,1.0,1024,0.6754617414248021,492,0.3245382585751979,0.5619981494971859,0.5770644811762331,0.10009523340070575,9.990485720701153,11.239962989943717,11.54128962352466,0.08622417225305452,0.12110276552305718
1000,c_bin,c_0p30_0p70,1752,0,0.0,1752,1.0,0,0.0,1752,1.0,0.6829853884808101,0.6841463084557696,0.07631922704755972,13.10285806978668,13.659707769616203,13.682926169115392,0.1471637263843949,0.15406396715120826
1000,c_bin,c_0p70_0p90,1236,0,0.0,1236,1.0,760,0.6148867313915858,476,0.3851132686084142,0.5686609159095978,0.5802630076377604,0.10921162465522727,9.156534417988226,11.373218318191954,11.605260152755207,0.09245151896998516,0.12785327600303026
1000,c_bin,c_0p90_0p95,656,0,0.0,656,1.0,656,1.0,0,0.0,0.2367986941265998,0.24390792051221138,0.10876993867739163,9.193717098488332,9.227825580047313,9.234265008206785,0.03829151442556,0.051497594359671994
1000,c_bin,c_0p95_1,816,0,0.0,452,0.553921568627451,816,1.0,0,0.0,0.07105353401426293,0.07624391989749231,0.9017025118499689,1.109013213180875,5.477602040915915,5.756018458967583,0.016718648496822197,0.02594329908727111
1000,tangent_bin,t_0_0p005,56,0,0.0,0,0.0,56,1.0,0,0.0,2.064976527699011e-05,2.064976527699036e-05,1.0,0.00151594183025601,0.003120630722293383,0.003120630722293419,0.012800333817275383,0.013234353638494201
1000,tangent_bin,t_0p005_0p01,1152,0,0.0,312,0.2708333333333333,1152,1.0,0,0.0,0.017677840349168465,0.02735140768882287,1.0,0.35256410570109964,1.8996540823958858,2.6984074269132243,0.014455368812857443,0.019150192832650736
1000,tangent_bin,t_0p01_0p02,1528,0,0.0,1528,1.0,1528,1.0,0,0.0,0.17671192171360475,0.1873049927020402,0.15479769413712152,6.460044547654494,10.054307087398522,10.416905461910138,0.02704362638718947,0.038037753069498303
1000,tangent_bin,t_0p02_0p05,2560,0,0.0,2560,1.0,2512,0.98125,48,0.01875,0.4535715667353635,0.4670090503749784,0.10331192623725693,9.679431902551807,10.547327374165553,10.64789750023311,0.06574166381228566,0.09756698391509164
1000,tangent_bin,t_0p05_0p10,2688,0,0.0,2688,1.0,16,0.005952380952380952,2672,0.9940476190476191,0.682592870000035,0.684102329253679,0.08046912958879074,12.427125844533787,13.651857400000699,13.682046585073579,0.13780109496240786,0.15388432320812825
1000,tangent_bin,t_0p10_inf,0,0,nan,0,nan,0,nan,0,nan,nan,nan,nan,nan,nan,nan,nan,nan
1000,normal_raw_abs_bin,normal_raw_abs_0_1e-4,0,0,nan,0,nan,0,nan,0,nan,nan,nan,nan,nan,nan,nan,nan,nan
1000,normal_raw_abs_bin,normal_raw_abs_1e-4_1e-3,0,0,nan,0,nan,0,nan,0,nan,nan,nan,nan,nan,nan,nan,nan,nan
1000,normal_raw_abs_bin,normal_raw_abs_1e-3_1e-2,24,0,0.0,0,0.0,24,1.0,0,0.0,4.655122704479651e-07,4.655122704479679e-07,1.0,5.916284726944053e-05,0.00010324231742488045,0.00010324231742488119,0.00896789175232399,0.0090178578330862
1000,normal_raw_abs_bin,normal_raw_abs_1e-2_5e-2,3340,0,0.0,2468,0.7389221556886227,3340,1.0,0,0.0,0.2279174422499799,0.25168150064456174,0.22251832747208167,4.494011847745284,10.525926291344947,10.638853084821816,0.02344520001312914,0.04687286058316103
1000,normal_raw_abs_bin,normal_raw_abs_5e-2_inf,4620,0,0.0,4620,1.0,1900,0.41125541125541126,2720,0.5887445887445888,0.6814278968620218,0.6839260647786155,0.09682424988612395,10.327991192042393,13.628557937240435,13.67852129557231,0.1139206862604687,0.15359221179270802
1000,cap_source,abs_cap_selected,2720,0,0.0,2720,1.0,0,0.0,2720,1.0,0.6825811027365812,0.684102329253679,0.08087961973753263,12.364054173908837,13.651622054731625,13.682046585073579,0.1377985814410342,0.15388397562571718
1000,cap_source,ratio_cap_selected,5264,0,0.0,4368,0.8297872340425532,5264,1.0,0,0.0,0.43275890297350883,0.46475476578827846,0.11046444452103843,9.052688703098415,10.457438263452621,10.620378365683043,0.03689676995168448,0.09245315838640032
1000,cap_source,none_or_inactive,0,0,nan,0,nan,0,nan,0,nan,nan,nan,nan,nan,nan,nan,nan,nan
1000,limiter_class,none,896,0,0.0,0,0.0,896,1.0,0,0.0,0.00683783504784323,0.0078063233692034105,1.0,0.14029867680728283,0.8539829595344102,0.936527078804507,0.013322739422312366,0.016013984755787677
1000,limiter_class,abs_cap_limiter,2720,0,0.0,2720,1.0,0,0.0,2720,1.0,0.6825811027365812,0.684102329253679,0.08087961973753263,12.364054173908837,13.651622054731625,13.682046585073579,0.1377985814410342,0.15388397562571718
1000,limiter_class,ratio_cap_limiter,4368,0,0.0,4368,1.0,4368,1.0,0,0.0,0.44049680923911827,0.46700905037497814,0.10912922455668499,9.163448233617476,10.492373442058307,10.621947803757848,0.04408842284958975,0.09406095930529434
1000,limiter_class,secondary_vector_safety,0,0,nan,0,nan,0,nan,0,nan,nan,nan,nan,nan,nan,nan,nan,nan
1000,limiter_class,inactive_or_fallback,0,0,nan,0,nan,0,nan,0,nan,nan,nan,nan,nan,nan,nan,nan,nan
1000,normal_agreement_bin,normal_0_0p5,0,0,nan,0,nan,0,nan,0,nan,nan,nan,nan,nan,nan,nan,nan,nan
1000,normal_agreement_bin,normal_0p5_0p9,0,0,nan,0,nan,0,nan,0,nan,nan,nan,nan,nan,nan,nan,nan,nan
1000,normal_agreement_bin,normal_0p9_0p99,0,0,nan,0,nan,0,nan,0,nan,nan,nan,nan,nan,nan,nan,nan,nan
1000,normal_agreement_bin,normal_0p99_1p01,7984,0,0.0,7088,0.8877755511022044,5264,0.6593186372745491,2720,0.3406813627254509,0.6773910765827362,0.6829911164345396,0.10356944893568075,9.655356963625685,13.547821531654725,13.65982232869079,0.06500727636089093,0.15274508046646046
1000,c_x_tangent:c_0_0p05,t_0_0p005,56,0,0.0,0,0.0,56,1.0,0,0.0,2.064976527699011e-05,2.064976527699036e-05,1.0,0.00151594183025601,0.003120630722293383,0.003120630722293419,0.012800333817275383,0.013234353638494201
1000,c_x_tangent:c_0_0p05,t_0p005_0p01,588,0,0.0,112,0.19047619047619047,588,1.0,0,0.0,0.013184769094623296,0.015888438110599475,1.0,0.23791882699607902,1.4944705236833566,1.644905327006451,0.014324964272400096,0.018707011318427176
1000,c_x_tangent:c_0_0p05,t_0p01_0p02,532,0,0.0,532,1.0,532,1.0,0,0.0,0.09088397899267417,0.09491552579962743,0.26188744414287035,3.8184343020830696,6.677232698447258,6.97461647155668,0.021940425114987446,0.026895982902200462
1000,c_x_tangent:c_0_0p05,t_0p02_0p05,0,0,nan,0,nan,0,nan,0,nan,nan,nan,nan,nan,nan,nan,nan,nan
1000,c_x_tangent:c_0_0p05,t_0p05_0p10,0,0,nan,0,nan,0,nan,0,nan,nan,nan,nan,nan,nan,nan,nan,nan
1000,c_x_tangent:c_0_0p05,t_0p10_inf,0,0,nan,0,nan,0,nan,0,nan,nan,nan,nan,nan,nan,nan,nan,nan
1000,c_x_tangent:c_0p05_0p10,t_0_0p005,0,0,nan,0,nan,0,nan,0,nan,nan,nan,nan,nan,nan,nan,nan,nan
1000,c_x_tangent:c_0p05_0p10,t_0p005_0p01,0,0,nan,0,nan,0,nan,0,nan,nan,nan,nan,nan,nan,nan,nan,nan
1000,c_x_tangent:c_0p05_0p10,t_0p01_0p02,348,0,0.0,348,1.0,348,1.0,0,0.0,0.1809922560739617,0.19008625232553775,0.10945861747643655,9.135872744010062,10.405633348067258,10.57909177421639,0.03169870272954565,0.034735814303753255
1000,c_x_tangent:c_0p05_0p10,t_0p02_0p05,484,0,0.0,484,1.0,484,1.0,0,0.0,0.2604650440447708,0.26735519190138435,0.09560260257255353,10.459966288481453,10.647897500233114,10.700689210501384,0.042705377975099205,0.050717713308472946
1000,c_x_tangent:c_0p05_0p10,t_0p05_0p10,0,0,nan,0,nan,0,nan,0,nan,nan,nan,nan,nan,nan,nan,nan,nan
1000,c_x_tangent:c_0p05_0p10,t_0p10_inf,0,0,nan,0,nan,0,nan,0,nan,nan,nan,nan,nan,nan,nan,nan,nan
1000,c_x_tangent:c_0p10_0p30,t_0_0p005,0,0,nan,0,nan,0,nan,0,nan,nan,nan,nan,nan,nan,nan,nan,nan
1000,c_x_tangent:c_0p10_0p30,t_0p005_0p01,0,0,nan,0,nan,0,nan,0,nan,nan,nan,nan,nan,nan,nan,nan,nan
1000,c_x_tangent:c_0p10_0p30,t_0p01_0p02,0,0,nan,0,nan,0,nan,0,nan,nan,nan,nan,nan,nan,nan,nan,nan
1000,c_x_tangent:c_0p10_0p30,t_0p02_0p05,1008,0,0.0,1008,1.0,1008,1.0,0,0.0,0.45806877338823293,0.46973363910490357,0.10107336275194115,9.893807090172682,10.250913667531734,10.327991192042393,0.07247113562619928,0.0958713387811423
1000,c_x_tangent:c_0p10_0p30,t_0p05_0p10,508,0,0.0,508,1.0,16,0.031496062992125984,492,0.968503937007874,0.5740705335778323,0.5777265626245673,0.09454690379573383,10.576760949892918,11.481410671556645,11.554531252491346,0.11266540413634857,0.12463423329998745
1000,c_x_tangent:c_0p10_0p30,t_0p10_inf,0,0,nan,0,nan,0,nan,0,nan,nan,nan,nan,nan,nan,nan,nan,nan
1000,c_x_tangent:c_0p30_0p70,t_0_0p005,0,0,nan,0,nan,0,nan,0,nan,nan,nan,nan,nan,nan,nan,nan,nan
1000,c_x_tangent:c_0p30_0p70,t_0p005_0p01,0,0,nan,0,nan,0,nan,0,nan,nan,nan,nan,nan,nan,nan,nan,nan
1000,c_x_tangent:c_0p30_0p70,t_0p01_0p02,0,0,nan,0,nan,0,nan,0,nan,nan,nan,nan,nan,nan,nan,nan,nan
1000,c_x_tangent:c_0p30_0p70,t_0p02_0p05,0,0,nan,0,nan,0,nan,0,nan,nan,nan,nan,nan,nan,nan,nan,nan
1000,c_x_tangent:c_0p30_0p70,t_0p05_0p10,1752,0,0.0,1752,1.0,0,0.0,1752,1.0,0.6829853884808101,0.6841463084557696,0.07631922704755972,13.10285806978668,13.659707769616203,13.682926169115392,0.1471637263843949,0.15406396715120826
1000,c_x_tangent:c_0p30_0p70,t_0p10_inf,0,0,nan,0,nan,0,nan,0,nan,nan,nan,nan,nan,nan,nan,nan,nan
1000,c_x_tangent:c_0p70_0p90,t_0_0p005,0,0,nan,0,nan,0,nan,0,nan,nan,nan,nan,nan,nan,nan,nan,nan
1000,c_x_tangent:c_0p70_0p90,t_0p005_0p01,0,0,nan,0,nan,0,nan,0,nan,nan,nan,nan,nan,nan,nan,nan,nan
1000,c_x_tangent:c_0p70_0p90,t_0p01_0p02,0,0,nan,0,nan,0,nan,0,nan,nan,nan,nan,nan,nan,nan,nan,nan
1000,c_x_tangent:c_0p70_0p90,t_0p02_0p05,808,0,0.0,808,1.0,760,0.9405940594059405,48,0.0594059405940594,0.45152052218208893,0.4661331075388194,0.10991105739028709,9.098265726014043,9.183713410552995,9.322662150776388,0.07766018424627757,0.10053505840080204
1000,c_x_tangent:c_0p70_0p90,t_0p05_0p10,428,0,0.0,428,1.0,0,0.0,428,1.0,0.5787423822815728,0.5804973915993562,0.09519921848617224,10.504287912250568,11.574847645631456,11.609947831987123,0.11795310908848036,0.13033445939576005
1000,c_x_tangent:c_0p70_0p90,t_0p10_inf,0,0,nan,0,nan,0,nan,0,nan,nan,nan,nan,nan,nan,nan,nan,nan
1000,c_x_tangent:c_0p90_0p95,t_0_0p005,0,0,nan,0,nan,0,nan,0,nan,nan,nan,nan,nan,nan,nan,nan,nan
1000,c_x_tangent:c_0p90_0p95,t_0p005_0p01,0,0,nan,0,nan,0,nan,0,nan,nan,nan,nan,nan,nan,nan,nan,nan
1000,c_x_tangent:c_0p90_0p95,t_0p01_0p02,396,0,0.0,396,1.0,396,1.0,0,0.0,0.18334420386076483,0.18756727165860576,0.11661603654024931,8.57514995079477,9.231966702113276,9.234265008206872,0.03347737293372299,0.039843449655021734
1000,c_x_tangent:c_0p90_0p95,t_0p02_0p05,260,0,0.0,260,1.0,260,1.0,0,0.0,0.24373530119671882,0.24390792051221277,0.10867868232868712,9.201436551978118,9.224236275613052,9.22782558004724,0.04745933094731025,0.053114251313779455
1000,c_x_tangent:c_0p90_0p95,t_0p05_0p10,0,0,nan,0,nan,0,nan,0,nan,nan,nan,nan,nan,nan,nan,nan,nan
1000,c_x_tangent:c_0p90_0p95,t_0p10_inf,0,0,nan,0,nan,0,nan,0,nan,nan,nan,nan,nan,nan,nan,nan,nan
1000,c_x_tangent:c_0p95_1,t_0_0p005,0,0,nan,0,nan,0,nan,0,nan,nan,nan,nan,nan,nan,nan,nan,nan
1000,c_x_tangent:c_0p95_1,t_0p005_0p01,564,0,0.0,200,0.3546099290780142,564,1.0,0,0.0,0.02150178427400415,0.029026106148262468,1.0,0.49231691580821907,2.229610223398539,2.8232889465147877,0.014796140620374487,0.01928748267150435
1000,c_x_tangent:c_0p95_1,t_0p01_0p02,252,0,0.0,252,1.0,252,1.0,0,0.0,0.07624391989749149,0.07640276368634076,0.2426764716311957,4.120712623182261,5.75601845896753,5.767976482433473,0.02318952278530706,0.026491895549329958
1000,c_x_tangent:c_0p95_1,t_0p02_0p05,0,0,nan,0,nan,0,nan,0,nan,nan,nan,nan,nan,nan,nan,nan,nan
1000,c_x_tangent:c_0p95_1,t_0p05_0p10,0,0,nan,0,nan,0,nan,0,nan,nan,nan,nan,nan,nan,nan,nan,nan
1000,c_x_tangent:c_0p95_1,t_0p10_inf,0,0,nan,0,nan,0,nan,0,nan,nan,nan,nan,nan,nan,nan,nan,nan
