MPMD: TCLB: local:0/1 work:0/1 ---  connected to:
[  ]    ---- : Using std::chrono::steady_clock::now() for walltime
[  ]    #### : -------------------------------------------------------------------------
[  ]    #### : -  CLB version:                   ded67cd                               -
[  ]    #### : -        Model: d3q27_pf_velocity_q27_geometric                               -
[  ]    #### : -------------------------------------------------------------------------
[  ]    #### : Setting output path to: case
[  ]    ---- : Discarding 1 comments
[ 0]    ---- : Selecting device 0/1
[  ]    ---- :   Threads  |      Action
[  ]    ==== :    32x4    | BorderExecutor<(eOperationType)0, (eCalculateGlobals)0, (eStage)0> --- Reduced from maximum 512
[  ]    ==== :    32x4    | BorderExecutor<(eOperationType)0, (eCalculateGlobals)0, (eStage)1> --- Reduced from maximum 384
[  ]    ==== :    32x4    | BorderExecutor<(eOperationType)0, (eCalculateGlobals)0, (eStage)2> --- Reduced from maximum 384
[  ]    ==== :    32x4    | BorderExecutor<(eOperationType)0, (eCalculateGlobals)0, (eStage)3> --- Reduced from maximum 256
[  ]    ==== :    32x4    | BorderExecutor<(eOperationType)0, (eCalculateGlobals)0, (eStage)4> --- Reduced from maximum 1024
[  ]    ==== :    32x4    | BorderExecutor<(eOperationType)0, (eCalculateGlobals)0, (eStage)5> --- Reduced from maximum 512
[  ]    ==== :    32x4    | BorderExecutor<(eOperationType)0, (eCalculateGlobals)0, (eStage)6> --- Reduced from maximum 1024
[  ]    ==== :    32x4    | BorderExecutor<(eOperationType)0, (eCalculateGlobals)0, (eStage)7> --- Reduced from maximum 640
[  ]    ==== :    32x4    | BorderExecutor<(eOperationType)0, (eCalculateGlobals)0, (eStage)8> --- Reduced from maximum 640
[  ]    ==== :    32x4    | BorderExecutor<(eOperationType)0, (eCalculateGlobals)0, (eStage)9> --- Reduced from maximum 1024
[  ]    ==== :    32x4    | BorderExecutor<(eOperationType)0, (eCalculateGlobals)1, (eStage)0> --- Reduced from maximum 640
[  ]    ==== :    32x4    | BorderExecutor<(eOperationType)0, (eCalculateGlobals)1, (eStage)1> --- Reduced from maximum 384
[  ]    ==== :    32x4    | BorderExecutor<(eOperationType)0, (eCalculateGlobals)1, (eStage)2> --- Reduced from maximum 256
[  ]    ==== :    32x4    | BorderExecutor<(eOperationType)0, (eCalculateGlobals)1, (eStage)3> --- Reduced from maximum 256
[  ]    ==== :    32x4    | BorderExecutor<(eOperationType)0, (eCalculateGlobals)1, (eStage)4> --- Reduced from maximum 1024
[  ]    ==== :    32x4    | BorderExecutor<(eOperationType)0, (eCalculateGlobals)1, (eStage)5> --- Reduced from maximum 512
[  ]    ==== :    32x4    | BorderExecutor<(eOperationType)0, (eCalculateGlobals)1, (eStage)6> --- Reduced from maximum 1024
[  ]    ==== :    32x4    | BorderExecutor<(eOperationType)0, (eCalculateGlobals)1, (eStage)7> --- Reduced from maximum 640
[  ]    ==== :    32x4    | BorderExecutor<(eOperationType)0, (eCalculateGlobals)1, (eStage)8> --- Reduced from maximum 640
[  ]    ==== :    32x4    | BorderExecutor<(eOperationType)0, (eCalculateGlobals)1, (eStage)9> --- Reduced from maximum 1024
[  ]    ==== :    32x4    | BorderExecutor<(eOperationType)0, (eCalculateGlobals)2, (eStage)0> --- Reduced from maximum 1024
[  ]    ==== :    32x4    | BorderExecutor<(eOperationType)0, (eCalculateGlobals)2, (eStage)1> --- Reduced from maximum 1024
[  ]    ==== :    32x4    | BorderExecutor<(eOperationType)0, (eCalculateGlobals)2, (eStage)2> --- Reduced from maximum 1024
[  ]    ==== :    32x4    | BorderExecutor<(eOperationType)0, (eCalculateGlobals)2, (eStage)3> --- Reduced from maximum 1024
[  ]    ==== :    32x4    | BorderExecutor<(eOperationType)0, (eCalculateGlobals)2, (eStage)4> --- Reduced from maximum 1024
[  ]    ==== :    32x4    | BorderExecutor<(eOperationType)0, (eCalculateGlobals)2, (eStage)5> --- Reduced from maximum 1024
[  ]    ==== :    32x4    | BorderExecutor<(eOperationType)0, (eCalculateGlobals)2, (eStage)6> --- Reduced from maximum 1024
[  ]    ==== :    32x4    | BorderExecutor<(eOperationType)0, (eCalculateGlobals)2, (eStage)7> --- Reduced from maximum 1024
[  ]    ==== :    32x4    | BorderExecutor<(eOperationType)0, (eCalculateGlobals)2, (eStage)8> --- Reduced from maximum 1024
[  ]    ==== :    32x4    | BorderExecutor<(eOperationType)0, (eCalculateGlobals)2, (eStage)9> --- Reduced from maximum 1024
[  ]    ==== :    32x4    | BorderExecutor<(eOperationType)1, (eCalculateGlobals)0, (eStage)0> --- Reduced from maximum 1024
[  ]    ==== :    32x4    | BorderExecutor<(eOperationType)1, (eCalculateGlobals)0, (eStage)1> --- Reduced from maximum 1024
[  ]    ==== :    32x4    | BorderExecutor<(eOperationType)1, (eCalculateGlobals)0, (eStage)2> --- Reduced from maximum 1024
[  ]    ==== :    32x4    | BorderExecutor<(eOperationType)1, (eCalculateGlobals)0, (eStage)3> --- Reduced from maximum 1024
[  ]    ==== :    32x4    | BorderExecutor<(eOperationType)1, (eCalculateGlobals)0, (eStage)4> --- Reduced from maximum 1024
[  ]    ==== :    32x4    | BorderExecutor<(eOperationType)1, (eCalculateGlobals)0, (eStage)5> --- Reduced from maximum 1024
[  ]    ==== :    32x4    | BorderExecutor<(eOperationType)1, (eCalculateGlobals)0, (eStage)6> --- Reduced from maximum 1024
[  ]    ==== :    32x4    | BorderExecutor<(eOperationType)1, (eCalculateGlobals)0, (eStage)7> --- Reduced from maximum 1024
[  ]    ==== :    32x4    | BorderExecutor<(eOperationType)1, (eCalculateGlobals)0, (eStage)8> --- Reduced from maximum 1024
[  ]    ==== :    32x4    | BorderExecutor<(eOperationType)1, (eCalculateGlobals)0, (eStage)9> --- Reduced from maximum 1024
[  ]    ==== :    32x4    | BorderExecutor<(eOperationType)1, (eCalculateGlobals)1, (eStage)0> --- Reduced from maximum 1024
[  ]    ==== :    32x4    | BorderExecutor<(eOperationType)1, (eCalculateGlobals)1, (eStage)1> --- Reduced from maximum 1024
[  ]    ==== :    32x4    | BorderExecutor<(eOperationType)1, (eCalculateGlobals)1, (eStage)2> --- Reduced from maximum 1024
[  ]    ==== :    32x4    | BorderExecutor<(eOperationType)1, (eCalculateGlobals)1, (eStage)3> --- Reduced from maximum 1024
[  ]    ==== :    32x4    | BorderExecutor<(eOperationType)1, (eCalculateGlobals)1, (eStage)4> --- Reduced from maximum 1024
[  ]    ==== :    32x4    | BorderExecutor<(eOperationType)1, (eCalculateGlobals)1, (eStage)5> --- Reduced from maximum 1024
[  ]    ==== :    32x4    | BorderExecutor<(eOperationType)1, (eCalculateGlobals)1, (eStage)6> --- Reduced from maximum 1024
[  ]    ==== :    32x4    | BorderExecutor<(eOperationType)1, (eCalculateGlobals)1, (eStage)7> --- Reduced from maximum 1024
[  ]    ==== :    32x4    | BorderExecutor<(eOperationType)1, (eCalculateGlobals)1, (eStage)8> --- Reduced from maximum 1024
[  ]    ==== :    32x4    | BorderExecutor<(eOperationType)1, (eCalculateGlobals)1, (eStage)9> --- Reduced from maximum 1024
[  ]    ==== :    32x4    | BorderExecutor<(eOperationType)1, (eCalculateGlobals)2, (eStage)0> --- Reduced from maximum 1024
[  ]    ==== :    32x4    | BorderExecutor<(eOperationType)1, (eCalculateGlobals)2, (eStage)1> --- Reduced from maximum 1024
[  ]    ==== :    32x4    | BorderExecutor<(eOperationType)1, (eCalculateGlobals)2, (eStage)2> --- Reduced from maximum 1024
[  ]    ==== :    32x4    | BorderExecutor<(eOperationType)1, (eCalculateGlobals)2, (eStage)3> --- Reduced from maximum 1024
[  ]    ==== :    32x4    | BorderExecutor<(eOperationType)1, (eCalculateGlobals)2, (eStage)4> --- Reduced from maximum 1024
[  ]    ==== :    32x4    | BorderExecutor<(eOperationType)1, (eCalculateGlobals)2, (eStage)5> --- Reduced from maximum 1024
[  ]    ==== :    32x4    | BorderExecutor<(eOperationType)1, (eCalculateGlobals)2, (eStage)6> --- Reduced from maximum 1024
[  ]    ==== :    32x4    | BorderExecutor<(eOperationType)1, (eCalculateGlobals)2, (eStage)7> --- Reduced from maximum 1024
[  ]    ==== :    32x4    | BorderExecutor<(eOperationType)1, (eCalculateGlobals)2, (eStage)8> --- Reduced from maximum 1024
[  ]    ==== :    32x4    | BorderExecutor<(eOperationType)1, (eCalculateGlobals)2, (eStage)9> --- Reduced from maximum 1024
[  ]    ==== :    32x4    | BorderExecutor<(eOperationType)3, (eCalculateGlobals)0, (eStage)0> --- Reduced from maximum 1024
[  ]    ==== :    32x4    | BorderExecutor<(eOperationType)3, (eCalculateGlobals)0, (eStage)1> --- Reduced from maximum 1024
[  ]    ==== :    32x4    | BorderExecutor<(eOperationType)3, (eCalculateGlobals)0, (eStage)2> --- Reduced from maximum 1024
[  ]    ==== :    32x4    | BorderExecutor<(eOperationType)3, (eCalculateGlobals)0, (eStage)3> --- Reduced from maximum 1024
[  ]    ==== :    32x4    | BorderExecutor<(eOperationType)3, (eCalculateGlobals)0, (eStage)4> --- Reduced from maximum 1024
[  ]    ==== :    32x4    | BorderExecutor<(eOperationType)3, (eCalculateGlobals)0, (eStage)5> --- Reduced from maximum 1024
[  ]    ==== :    32x4    | BorderExecutor<(eOperationType)3, (eCalculateGlobals)0, (eStage)6> --- Reduced from maximum 1024
[  ]    ==== :    32x4    | BorderExecutor<(eOperationType)3, (eCalculateGlobals)0, (eStage)7> --- Reduced from maximum 1024
[  ]    ==== :    32x4    | BorderExecutor<(eOperationType)3, (eCalculateGlobals)0, (eStage)8> --- Reduced from maximum 1024
[  ]    ==== :    32x4    | BorderExecutor<(eOperationType)3, (eCalculateGlobals)0, (eStage)9> --- Reduced from maximum 1024
[  ]    ==== :    32x4    | BorderExecutor<(eOperationType)3, (eCalculateGlobals)1, (eStage)0> --- Reduced from maximum 1024
[  ]    ==== :    32x4    | BorderExecutor<(eOperationType)3, (eCalculateGlobals)1, (eStage)1> --- Reduced from maximum 1024
[  ]    ==== :    32x4    | BorderExecutor<(eOperationType)3, (eCalculateGlobals)1, (eStage)2> --- Reduced from maximum 1024
[  ]    ==== :    32x4    | BorderExecutor<(eOperationType)3, (eCalculateGlobals)1, (eStage)3> --- Reduced from maximum 1024
[  ]    ==== :    32x4    | BorderExecutor<(eOperationType)3, (eCalculateGlobals)1, (eStage)4> --- Reduced from maximum 1024
[  ]    ==== :    32x4    | BorderExecutor<(eOperationType)3, (eCalculateGlobals)1, (eStage)5> --- Reduced from maximum 1024
[  ]    ==== :    32x4    | BorderExecutor<(eOperationType)3, (eCalculateGlobals)1, (eStage)6> --- Reduced from maximum 1024
[  ]    ==== :    32x4    | BorderExecutor<(eOperationType)3, (eCalculateGlobals)1, (eStage)7> --- Reduced from maximum 1024
[  ]    ==== :    32x4    | BorderExecutor<(eOperationType)3, (eCalculateGlobals)1, (eStage)8> --- Reduced from maximum 1024
[  ]    ==== :    32x4    | BorderExecutor<(eOperationType)3, (eCalculateGlobals)1, (eStage)9> --- Reduced from maximum 1024
[  ]    ==== :    32x4    | BorderExecutor<(eOperationType)3, (eCalculateGlobals)2, (eStage)0> --- Reduced from maximum 1024
[  ]    ==== :    32x4    | BorderExecutor<(eOperationType)3, (eCalculateGlobals)2, (eStage)1> --- Reduced from maximum 1024
[  ]    ==== :    32x4    | BorderExecutor<(eOperationType)3, (eCalculateGlobals)2, (eStage)2> --- Reduced from maximum 1024
[  ]    ==== :    32x4    | BorderExecutor<(eOperationType)3, (eCalculateGlobals)2, (eStage)3> --- Reduced from maximum 1024
[  ]    ==== :    32x4    | BorderExecutor<(eOperationType)3, (eCalculateGlobals)2, (eStage)4> --- Reduced from maximum 1024
[  ]    ==== :    32x4    | BorderExecutor<(eOperationType)3, (eCalculateGlobals)2, (eStage)5> --- Reduced from maximum 1024
[  ]    ==== :    32x4    | BorderExecutor<(eOperationType)3, (eCalculateGlobals)2, (eStage)6> --- Reduced from maximum 1024
[  ]    ==== :    32x4    | BorderExecutor<(eOperationType)3, (eCalculateGlobals)2, (eStage)7> --- Reduced from maximum 1024
[  ]    ==== :    32x4    | BorderExecutor<(eOperationType)3, (eCalculateGlobals)2, (eStage)8> --- Reduced from maximum 1024
[  ]    ==== :    32x4    | BorderExecutor<(eOperationType)3, (eCalculateGlobals)2, (eStage)9> --- Reduced from maximum 1024
[  ]    ==== :    32x4    | BorderExecutor<(eOperationType)4, (eCalculateGlobals)0, (eStage)0> --- Reduced from maximum 1024
[  ]    ==== :    32x4    | BorderExecutor<(eOperationType)4, (eCalculateGlobals)0, (eStage)1> --- Reduced from maximum 1024
[  ]    ==== :    32x4    | BorderExecutor<(eOperationType)4, (eCalculateGlobals)0, (eStage)2> --- Reduced from maximum 1024
[  ]    ==== :    32x4    | BorderExecutor<(eOperationType)4, (eCalculateGlobals)0, (eStage)3> --- Reduced from maximum 1024
[  ]    ==== :    32x4    | BorderExecutor<(eOperationType)4, (eCalculateGlobals)0, (eStage)4> --- Reduced from maximum 1024
[  ]    ==== :    32x4    | BorderExecutor<(eOperationType)4, (eCalculateGlobals)0, (eStage)5> --- Reduced from maximum 1024
[  ]    ==== :    32x4    | BorderExecutor<(eOperationType)4, (eCalculateGlobals)0, (eStage)6> --- Reduced from maximum 1024
[  ]    ==== :    32x4    | BorderExecutor<(eOperationType)4, (eCalculateGlobals)0, (eStage)7> --- Reduced from maximum 1024
[  ]    ==== :    32x4    | BorderExecutor<(eOperationType)4, (eCalculateGlobals)0, (eStage)8> --- Reduced from maximum 1024
[  ]    ==== :    32x4    | BorderExecutor<(eOperationType)4, (eCalculateGlobals)0, (eStage)9> --- Reduced from maximum 1024
[  ]    ==== :    32x4    | BorderExecutor<(eOperationType)4, (eCalculateGlobals)1, (eStage)0> --- Reduced from maximum 1024
[  ]    ==== :    32x4    | BorderExecutor<(eOperationType)4, (eCalculateGlobals)1, (eStage)1> --- Reduced from maximum 1024
[  ]    ==== :    32x4    | BorderExecutor<(eOperationType)4, (eCalculateGlobals)1, (eStage)2> --- Reduced from maximum 1024
[  ]    ==== :    32x4    | BorderExecutor<(eOperationType)4, (eCalculateGlobals)1, (eStage)3> --- Reduced from maximum 1024
[  ]    ==== :    32x4    | BorderExecutor<(eOperationType)4, (eCalculateGlobals)1, (eStage)4> --- Reduced from maximum 1024
[  ]    ==== :    32x4    | BorderExecutor<(eOperationType)4, (eCalculateGlobals)1, (eStage)5> --- Reduced from maximum 1024
[  ]    ==== :    32x4    | BorderExecutor<(eOperationType)4, (eCalculateGlobals)1, (eStage)6> --- Reduced from maximum 1024
[  ]    ==== :    32x4    | BorderExecutor<(eOperationType)4, (eCalculateGlobals)1, (eStage)7> --- Reduced from maximum 1024
[  ]    ==== :    32x4    | BorderExecutor<(eOperationType)4, (eCalculateGlobals)1, (eStage)8> --- Reduced from maximum 1024
[  ]    ==== :    32x4    | BorderExecutor<(eOperationType)4, (eCalculateGlobals)1, (eStage)9> --- Reduced from maximum 1024
[  ]    ==== :    32x4    | BorderExecutor<(eOperationType)4, (eCalculateGlobals)2, (eStage)0> --- Reduced from maximum 1024
[  ]    ==== :    32x4    | BorderExecutor<(eOperationType)4, (eCalculateGlobals)2, (eStage)1> --- Reduced from maximum 1024
[  ]    ==== :    32x4    | BorderExecutor<(eOperationType)4, (eCalculateGlobals)2, (eStage)2> --- Reduced from maximum 1024
[  ]    ==== :    32x4    | BorderExecutor<(eOperationType)4, (eCalculateGlobals)2, (eStage)3> --- Reduced from maximum 1024
[  ]    ==== :    32x4    | BorderExecutor<(eOperationType)4, (eCalculateGlobals)2, (eStage)4> --- Reduced from maximum 1024
[  ]    ==== :    32x4    | BorderExecutor<(eOperationType)4, (eCalculateGlobals)2, (eStage)5> --- Reduced from maximum 1024
[  ]    ==== :    32x4    | BorderExecutor<(eOperationType)4, (eCalculateGlobals)2, (eStage)6> --- Reduced from maximum 1024
[  ]    ==== :    32x4    | BorderExecutor<(eOperationType)4, (eCalculateGlobals)2, (eStage)7> --- Reduced from maximum 1024
[  ]    ==== :    32x4    | BorderExecutor<(eOperationType)4, (eCalculateGlobals)2, (eStage)8> --- Reduced from maximum 1024
[  ]    ==== :    32x4    | BorderExecutor<(eOperationType)4, (eCalculateGlobals)2, (eStage)9> --- Reduced from maximum 1024
[  ]    ==== :    32x4    | InteriorExecutor<(eOperationType)0, (eCalculateGlobals)0, (eStage)0> --- Reduced from maximum 1024
[  ]    ==== :    32x4    | InteriorExecutor<(eOperationType)0, (eCalculateGlobals)0, (eStage)1> --- Reduced from maximum 640
[  ]    ==== :    32x4    | InteriorExecutor<(eOperationType)0, (eCalculateGlobals)0, (eStage)2> --- Reduced from maximum 384
[  ]    ==== :    32x4    | InteriorExecutor<(eOperationType)0, (eCalculateGlobals)0, (eStage)3> --- Reduced from maximum 256
[  ]    ==== :    32x4    | InteriorExecutor<(eOperationType)0, (eCalculateGlobals)0, (eStage)4> --- Reduced from maximum 1024
[  ]    ==== :    32x4    | InteriorExecutor<(eOperationType)0, (eCalculateGlobals)0, (eStage)5> --- Reduced from maximum 640
[  ]    ==== :    32x4    | InteriorExecutor<(eOperationType)0, (eCalculateGlobals)0, (eStage)6> --- Reduced from maximum 1024
[  ]    ==== :    32x4    | InteriorExecutor<(eOperationType)0, (eCalculateGlobals)0, (eStage)7> --- Reduced from maximum 1024
[  ]    ==== :    32x4    | InteriorExecutor<(eOperationType)0, (eCalculateGlobals)0, (eStage)8> --- Reduced from maximum 1024
[  ]    ==== :    32x4    | InteriorExecutor<(eOperationType)0, (eCalculateGlobals)0, (eStage)9> --- Reduced from maximum 1024
[  ]    ==== :    32x4    | InteriorExecutor<(eOperationType)0, (eCalculateGlobals)1, (eStage)0> --- Reduced from maximum 1024
[  ]    ==== :    32x4    | InteriorExecutor<(eOperationType)0, (eCalculateGlobals)1, (eStage)1> --- Reduced from maximum 256
[  ]    ==== :    32x4    | InteriorExecutor<(eOperationType)0, (eCalculateGlobals)1, (eStage)2> --- Reduced from maximum 256
[  ]    ==== :    32x4    | InteriorExecutor<(eOperationType)0, (eCalculateGlobals)1, (eStage)3> --- Reduced from maximum 256
[  ]    ==== :    32x4    | InteriorExecutor<(eOperationType)0, (eCalculateGlobals)1, (eStage)4> --- Reduced from maximum 1024
[  ]    ==== :    32x4    | InteriorExecutor<(eOperationType)0, (eCalculateGlobals)1, (eStage)5> --- Reduced from maximum 768
[  ]    ==== :    32x4    | InteriorExecutor<(eOperationType)0, (eCalculateGlobals)1, (eStage)6> --- Reduced from maximum 1024
[  ]    ==== :    32x4    | InteriorExecutor<(eOperationType)0, (eCalculateGlobals)1, (eStage)7> --- Reduced from maximum 1024
[  ]    ==== :    32x4    | InteriorExecutor<(eOperationType)0, (eCalculateGlobals)1, (eStage)8> --- Reduced from maximum 896
[  ]    ==== :    32x4    | InteriorExecutor<(eOperationType)0, (eCalculateGlobals)1, (eStage)9> --- Reduced from maximum 1024
[  ]    ==== :    32x4    | InteriorExecutor<(eOperationType)0, (eCalculateGlobals)2, (eStage)0> --- Reduced from maximum 1024
[  ]    ==== :    32x4    | InteriorExecutor<(eOperationType)0, (eCalculateGlobals)2, (eStage)1> --- Reduced from maximum 1024
[  ]    ==== :    32x4    | InteriorExecutor<(eOperationType)0, (eCalculateGlobals)2, (eStage)2> --- Reduced from maximum 1024
[  ]    ==== :    32x4    | InteriorExecutor<(eOperationType)0, (eCalculateGlobals)2, (eStage)3> --- Reduced from maximum 1024
[  ]    ==== :    32x4    | InteriorExecutor<(eOperationType)0, (eCalculateGlobals)2, (eStage)4> --- Reduced from maximum 1024
[  ]    ==== :    32x4    | InteriorExecutor<(eOperationType)0, (eCalculateGlobals)2, (eStage)5> --- Reduced from maximum 1024
[  ]    ==== :    32x4    | InteriorExecutor<(eOperationType)0, (eCalculateGlobals)2, (eStage)6> --- Reduced from maximum 1024
[  ]    ==== :    32x4    | InteriorExecutor<(eOperationType)0, (eCalculateGlobals)2, (eStage)7> --- Reduced from maximum 1024
[  ]    ==== :    32x4    | InteriorExecutor<(eOperationType)0, (eCalculateGlobals)2, (eStage)8> --- Reduced from maximum 1024
[  ]    ==== :    32x4    | InteriorExecutor<(eOperationType)0, (eCalculateGlobals)2, (eStage)9> --- Reduced from maximum 1024
[  ]    ==== :    32x4    | InteriorExecutor<(eOperationType)1, (eCalculateGlobals)0, (eStage)0> --- Reduced from maximum 1024
[  ]    ==== :    32x4    | InteriorExecutor<(eOperationType)1, (eCalculateGlobals)0, (eStage)1> --- Reduced from maximum 1024
[  ]    ==== :    32x4    | InteriorExecutor<(eOperationType)1, (eCalculateGlobals)0, (eStage)2> --- Reduced from maximum 1024
[  ]    ==== :    32x4    | InteriorExecutor<(eOperationType)1, (eCalculateGlobals)0, (eStage)3> --- Reduced from maximum 1024
[  ]    ==== :    32x4    | InteriorExecutor<(eOperationType)1, (eCalculateGlobals)0, (eStage)4> --- Reduced from maximum 1024
[  ]    ==== :    32x4    | InteriorExecutor<(eOperationType)1, (eCalculateGlobals)0, (eStage)5> --- Reduced from maximum 1024
[  ]    ==== :    32x4    | InteriorExecutor<(eOperationType)1, (eCalculateGlobals)0, (eStage)6> --- Reduced from maximum 1024
[  ]    ==== :    32x4    | InteriorExecutor<(eOperationType)1, (eCalculateGlobals)0, (eStage)7> --- Reduced from maximum 1024
[  ]    ==== :    32x4    | InteriorExecutor<(eOperationType)1, (eCalculateGlobals)0, (eStage)8> --- Reduced from maximum 1024
[  ]    ==== :    32x4    | InteriorExecutor<(eOperationType)1, (eCalculateGlobals)0, (eStage)9> --- Reduced from maximum 1024
[  ]    ==== :    32x4    | InteriorExecutor<(eOperationType)1, (eCalculateGlobals)1, (eStage)0> --- Reduced from maximum 1024
[  ]    ==== :    32x4    | InteriorExecutor<(eOperationType)1, (eCalculateGlobals)1, (eStage)1> --- Reduced from maximum 1024
[  ]    ==== :    32x4    | InteriorExecutor<(eOperationType)1, (eCalculateGlobals)1, (eStage)2> --- Reduced from maximum 1024
[  ]    ==== :    32x4    | InteriorExecutor<(eOperationType)1, (eCalculateGlobals)1, (eStage)3> --- Reduced from maximum 1024
[  ]    ==== :    32x4    | InteriorExecutor<(eOperationType)1, (eCalculateGlobals)1, (eStage)4> --- Reduced from maximum 1024
[  ]    ==== :    32x4    | InteriorExecutor<(eOperationType)1, (eCalculateGlobals)1, (eStage)5> --- Reduced from maximum 1024
[  ]    ==== :    32x4    | InteriorExecutor<(eOperationType)1, (eCalculateGlobals)1, (eStage)6> --- Reduced from maximum 1024
[  ]    ==== :    32x4    | InteriorExecutor<(eOperationType)1, (eCalculateGlobals)1, (eStage)7> --- Reduced from maximum 1024
[  ]    ==== :    32x4    | InteriorExecutor<(eOperationType)1, (eCalculateGlobals)1, (eStage)8> --- Reduced from maximum 1024
[  ]    ==== :    32x4    | InteriorExecutor<(eOperationType)1, (eCalculateGlobals)1, (eStage)9> --- Reduced from maximum 1024
[  ]    ==== :    32x4    | InteriorExecutor<(eOperationType)1, (eCalculateGlobals)2, (eStage)0> --- Reduced from maximum 1024
[  ]    ==== :    32x4    | InteriorExecutor<(eOperationType)1, (eCalculateGlobals)2, (eStage)1> --- Reduced from maximum 1024
[  ]    ==== :    32x4    | InteriorExecutor<(eOperationType)1, (eCalculateGlobals)2, (eStage)2> --- Reduced from maximum 1024
[  ]    ==== :    32x4    | InteriorExecutor<(eOperationType)1, (eCalculateGlobals)2, (eStage)3> --- Reduced from maximum 1024
[  ]    ==== :    32x4    | InteriorExecutor<(eOperationType)1, (eCalculateGlobals)2, (eStage)4> --- Reduced from maximum 1024
[  ]    ==== :    32x4    | InteriorExecutor<(eOperationType)1, (eCalculateGlobals)2, (eStage)5> --- Reduced from maximum 1024
[  ]    ==== :    32x4    | InteriorExecutor<(eOperationType)1, (eCalculateGlobals)2, (eStage)6> --- Reduced from maximum 1024
[  ]    ==== :    32x4    | InteriorExecutor<(eOperationType)1, (eCalculateGlobals)2, (eStage)7> --- Reduced from maximum 1024
[  ]    ==== :    32x4    | InteriorExecutor<(eOperationType)1, (eCalculateGlobals)2, (eStage)8> --- Reduced from maximum 1024
[  ]    ==== :    32x4    | InteriorExecutor<(eOperationType)1, (eCalculateGlobals)2, (eStage)9> --- Reduced from maximum 1024
[  ]    ==== :    32x4    | InteriorExecutor<(eOperationType)3, (eCalculateGlobals)0, (eStage)0> --- Reduced from maximum 1024
[  ]    ==== :    32x4    | InteriorExecutor<(eOperationType)3, (eCalculateGlobals)0, (eStage)1> --- Reduced from maximum 1024
[  ]    ==== :    32x4    | InteriorExecutor<(eOperationType)3, (eCalculateGlobals)0, (eStage)2> --- Reduced from maximum 1024
[  ]    ==== :    32x4    | InteriorExecutor<(eOperationType)3, (eCalculateGlobals)0, (eStage)3> --- Reduced from maximum 1024
[  ]    ==== :    32x4    | InteriorExecutor<(eOperationType)3, (eCalculateGlobals)0, (eStage)4> --- Reduced from maximum 1024
[  ]    ==== :    32x4    | InteriorExecutor<(eOperationType)3, (eCalculateGlobals)0, (eStage)5> --- Reduced from maximum 1024
[  ]    ==== :    32x4    | InteriorExecutor<(eOperationType)3, (eCalculateGlobals)0, (eStage)6> --- Reduced from maximum 1024
[  ]    ==== :    32x4    | InteriorExecutor<(eOperationType)3, (eCalculateGlobals)0, (eStage)7> --- Reduced from maximum 1024
[  ]    ==== :    32x4    | InteriorExecutor<(eOperationType)3, (eCalculateGlobals)0, (eStage)8> --- Reduced from maximum 1024
[  ]    ==== :    32x4    | InteriorExecutor<(eOperationType)3, (eCalculateGlobals)0, (eStage)9> --- Reduced from maximum 1024
[  ]    ==== :    32x4    | InteriorExecutor<(eOperationType)3, (eCalculateGlobals)1, (eStage)0> --- Reduced from maximum 1024
[  ]    ==== :    32x4    | InteriorExecutor<(eOperationType)3, (eCalculateGlobals)1, (eStage)1> --- Reduced from maximum 1024
[  ]    ==== :    32x4    | InteriorExecutor<(eOperationType)3, (eCalculateGlobals)1, (eStage)2> --- Reduced from maximum 1024
[  ]    ==== :    32x4    | InteriorExecutor<(eOperationType)3, (eCalculateGlobals)1, (eStage)3> --- Reduced from maximum 1024
[  ]    ==== :    32x4    | InteriorExecutor<(eOperationType)3, (eCalculateGlobals)1, (eStage)4> --- Reduced from maximum 1024
[  ]    ==== :    32x4    | InteriorExecutor<(eOperationType)3, (eCalculateGlobals)1, (eStage)5> --- Reduced from maximum 1024
[  ]    ==== :    32x4    | InteriorExecutor<(eOperationType)3, (eCalculateGlobals)1, (eStage)6> --- Reduced from maximum 1024
[  ]    ==== :    32x4    | InteriorExecutor<(eOperationType)3, (eCalculateGlobals)1, (eStage)7> --- Reduced from maximum 1024
[  ]    ==== :    32x4    | InteriorExecutor<(eOperationType)3, (eCalculateGlobals)1, (eStage)8> --- Reduced from maximum 1024
[  ]    ==== :    32x4    | InteriorExecutor<(eOperationType)3, (eCalculateGlobals)1, (eStage)9> --- Reduced from maximum 1024
[  ]    ==== :    32x4    | InteriorExecutor<(eOperationType)3, (eCalculateGlobals)2, (eStage)0> --- Reduced from maximum 1024
[  ]    ==== :    32x4    | InteriorExecutor<(eOperationType)3, (eCalculateGlobals)2, (eStage)1> --- Reduced from maximum 1024
[  ]    ==== :    32x4    | InteriorExecutor<(eOperationType)3, (eCalculateGlobals)2, (eStage)2> --- Reduced from maximum 1024
[  ]    ==== :    32x4    | InteriorExecutor<(eOperationType)3, (eCalculateGlobals)2, (eStage)3> --- Reduced from maximum 1024
[  ]    ==== :    32x4    | InteriorExecutor<(eOperationType)3, (eCalculateGlobals)2, (eStage)4> --- Reduced from maximum 1024
[  ]    ==== :    32x4    | InteriorExecutor<(eOperationType)3, (eCalculateGlobals)2, (eStage)5> --- Reduced from maximum 1024
[  ]    ==== :    32x4    | InteriorExecutor<(eOperationType)3, (eCalculateGlobals)2, (eStage)6> --- Reduced from maximum 1024
[  ]    ==== :    32x4    | InteriorExecutor<(eOperationType)3, (eCalculateGlobals)2, (eStage)7> --- Reduced from maximum 1024
[  ]    ==== :    32x4    | InteriorExecutor<(eOperationType)3, (eCalculateGlobals)2, (eStage)8> --- Reduced from maximum 1024
[  ]    ==== :    32x4    | InteriorExecutor<(eOperationType)3, (eCalculateGlobals)2, (eStage)9> --- Reduced from maximum 1024
[  ]    ==== :    32x4    | InteriorExecutor<(eOperationType)4, (eCalculateGlobals)0, (eStage)0> --- Reduced from maximum 1024
[  ]    ==== :    32x4    | InteriorExecutor<(eOperationType)4, (eCalculateGlobals)0, (eStage)1> --- Reduced from maximum 1024
[  ]    ==== :    32x4    | InteriorExecutor<(eOperationType)4, (eCalculateGlobals)0, (eStage)2> --- Reduced from maximum 1024
[  ]    ==== :    32x4    | InteriorExecutor<(eOperationType)4, (eCalculateGlobals)0, (eStage)3> --- Reduced from maximum 1024
[  ]    ==== :    32x4    | InteriorExecutor<(eOperationType)4, (eCalculateGlobals)0, (eStage)4> --- Reduced from maximum 1024
[  ]    ==== :    32x4    | InteriorExecutor<(eOperationType)4, (eCalculateGlobals)0, (eStage)5> --- Reduced from maximum 1024
[  ]    ==== :    32x4    | InteriorExecutor<(eOperationType)4, (eCalculateGlobals)0, (eStage)6> --- Reduced from maximum 1024
[  ]    ==== :    32x4    | InteriorExecutor<(eOperationType)4, (eCalculateGlobals)0, (eStage)7> --- Reduced from maximum 1024
[  ]    ==== :    32x4    | InteriorExecutor<(eOperationType)4, (eCalculateGlobals)0, (eStage)8> --- Reduced from maximum 1024
[  ]    ==== :    32x4    | InteriorExecutor<(eOperationType)4, (eCalculateGlobals)0, (eStage)9> --- Reduced from maximum 1024
[  ]    ==== :    32x4    | InteriorExecutor<(eOperationType)4, (eCalculateGlobals)1, (eStage)0> --- Reduced from maximum 1024
[  ]    ==== :    32x4    | InteriorExecutor<(eOperationType)4, (eCalculateGlobals)1, (eStage)1> --- Reduced from maximum 1024
[  ]    ==== :    32x4    | InteriorExecutor<(eOperationType)4, (eCalculateGlobals)1, (eStage)2> --- Reduced from maximum 1024
[  ]    ==== :    32x4    | InteriorExecutor<(eOperationType)4, (eCalculateGlobals)1, (eStage)3> --- Reduced from maximum 1024
[  ]    ==== :    32x4    | InteriorExecutor<(eOperationType)4, (eCalculateGlobals)1, (eStage)4> --- Reduced from maximum 1024
[  ]    ==== :    32x4    | InteriorExecutor<(eOperationType)4, (eCalculateGlobals)1, (eStage)5> --- Reduced from maximum 1024
[  ]    ==== :    32x4    | InteriorExecutor<(eOperationType)4, (eCalculateGlobals)1, (eStage)6> --- Reduced from maximum 1024
[  ]    ==== :    32x4    | InteriorExecutor<(eOperationType)4, (eCalculateGlobals)1, (eStage)7> --- Reduced from maximum 1024
[  ]    ==== :    32x4    | InteriorExecutor<(eOperationType)4, (eCalculateGlobals)1, (eStage)8> --- Reduced from maximum 1024
[  ]    ==== :    32x4    | InteriorExecutor<(eOperationType)4, (eCalculateGlobals)1, (eStage)9> --- Reduced from maximum 1024
[  ]    ==== :    32x4    | InteriorExecutor<(eOperationType)4, (eCalculateGlobals)2, (eStage)0> --- Reduced from maximum 1024
[  ]    ==== :    32x4    | InteriorExecutor<(eOperationType)4, (eCalculateGlobals)2, (eStage)1> --- Reduced from maximum 1024
[  ]    ==== :    32x4    | InteriorExecutor<(eOperationType)4, (eCalculateGlobals)2, (eStage)2> --- Reduced from maximum 1024
[  ]    ==== :    32x4    | InteriorExecutor<(eOperationType)4, (eCalculateGlobals)2, (eStage)3> --- Reduced from maximum 1024
[  ]    ==== :    32x4    | InteriorExecutor<(eOperationType)4, (eCalculateGlobals)2, (eStage)4> --- Reduced from maximum 1024
[  ]    ==== :    32x4    | InteriorExecutor<(eOperationType)4, (eCalculateGlobals)2, (eStage)5> --- Reduced from maximum 1024
[  ]    ==== :    32x4    | InteriorExecutor<(eOperationType)4, (eCalculateGlobals)2, (eStage)6> --- Reduced from maximum 1024
[  ]    ==== :    32x4    | InteriorExecutor<(eOperationType)4, (eCalculateGlobals)2, (eStage)7> --- Reduced from maximum 1024
[  ]    ==== :    32x4    | InteriorExecutor<(eOperationType)4, (eCalculateGlobals)2, (eStage)8> --- Reduced from maximum 1024
[  ]    ==== :    32x4    | InteriorExecutor<(eOperationType)4, (eCalculateGlobals)2, (eStage)9> --- Reduced from maximum 1024
[ 0] warning ! No "Units" element in config file
[  ]    ==== : Mesh size in config file: 80x80x140
[  ]    ---- : Global lattice size: 80x80x140
[  ]    ==== : Max region size: 1075200. Mesh size 1075200. Overhead:  0%
[  ]    ---- : Local lattice size: 96x80x140
[  ]    #### : [0] Cumulative allocation of 1269176320 b (1.3 GB)
[  ]    ---- : Creating geom size:1075200
[  ]    #### : Setting output path to: case
[  ]    #### : Setting output path to: /media/yuan/8A0E24070E23EAC1/runs/tclb_pre2025_sphere_tableII_q27_geometric_200k_20260610/theta040/output/case
[  ]    ---- : loading geometry ...
[  ]    ---- : overwriting all flags
[  ]    ---- : Setting number of zones to 3
[  ]    ---- : Setting Density_h to 1 (1.000000)
[  ]    ---- : Setting Density_l to 0.001 (0.001000)
[  ]    ---- : Setting Viscosity_h to 0.09 (0.090000)
[  ]    ---- : Setting Viscosity_l to 0.1 (0.100000)
[  ]    ---- : Setting tauUpdate to 3 (3.000000)
[  ]    ---- : Setting sigma to 5e-05 (0.000050)
[  ]    ---- : Setting M to 0.2 (0.200000)
[  ]    ---- : Setting IntWidth to 6 (6.000000)
[  ]    ---- : Setting Radius to 24 (24.000000)
[  ]    ---- : Setting BubbleType to 1 (1.000000)
[  ]    ---- : Setting CenterX to 40 (40.000000)
[  ]    ---- : Setting CenterY to 40 (40.000000)
[  ]    ---- : Setting CenterZ to 72 (72.000000)
[  ]    ---- : Setting VelocityX in zone  (-1) to 0.0 (0.000000)
[  ]    ---- : Setting VelocityY in zone  (-1) to 0.0 (0.000000)
[  ]    ---- : Setting VelocityZ in zone  (-1) to 0.0 (0.000000)
[  ]    ---- : Setting DropletOnlyVelocity to 0.0 (0.000000)
[  ]    ---- : Setting DropletVelocityX to 0.0 (0.000000)
[  ]    ---- : Setting DropletVelocityY to 0.0 (0.000000)
[  ]    ---- : Setting DropletVelocityZ to 0.0 (0.000000)
[  ]    ---- : Setting GravitationX to 0.0 (0.000000)
[  ]    ---- : Setting GravitationY to 0.0 (0.000000)
[  ]    ---- : Setting GravitationZ to 0.0 (0.000000)
[  ]    ---- : Setting BuoyancyX to 0.0 (0.000000)
[  ]    ---- : Setting BuoyancyY to 0.0 (0.000000)
[  ]    ---- : Setting BuoyancyZ to 0.0 (0.000000)
[  ]    ---- : Setting radAngle in zone  (-1) to 40d (0.698132)
[ 0] WARNING ! Zone-specific settings in zone 0 were overwritten from 1.570796 to 0.698132
[  ]    ---- : Setting minGradient to 1e-08 (0.000000)
[  ]    ---- : Initializing Lattice ...
[  ]    120.1 MLBUps    138.63 GB/s [====================]  0s
[  ]    ---- : Callback VTK with no Iterations attribute
[  ]    ---- :        0 it writing vtk
[  ]    ---- : Setting callback Log at 1000.000000 iterations
[  ]    ---- : Adding Log to the solver hands
[  ]    ---- : Setting callback Failcheck at 1000.000000 iterations
[  ]    ---- : Adding Failcheck to the solver hands
[  ]    ---- : Setting action Solve at 200000.000000 iterations
[  ]    ---- : Setting callback VTK at 20000.000000 iterations
[  ]    ---- : Adding VTK to the solver hands
[  ]    ---- : Setting callback Log at 1000.000000 iterations
[  ]    ---- : Adding Log to the solver hands
[  ]    ---- : Setting callback Failcheck at 1000.000000 iterations
[  ]    ---- : Adding Failcheck to the solver hands
[  ]    145.3 MLBUps    167.69 GB/s [==                  ]  0s
[  ]    220.6 MLBUps    254.53 GB/s [====                ]  1s
[  ]    220.5 MLBUps    254.44 GB/s [=========           ]  2s
[  ]    220.3 MLBUps    254.20 GB/s [=============       ]  3s
[  ]    219.8 MLBUps    253.65 GB/s [=================   ]  4s
[  ]    ---- :    216.0 MLBUps    249.27 GB/s [====================]
[  ]    219.9 MLBUps    253.71 GB/s [===                 ]  0s
[  ]    220.3 MLBUps    254.28 GB/s [=======             ]  1s
[  ]    220.3 MLBUps    254.26 GB/s [============        ]  2s
[  ]    220.4 MLBUps    254.30 GB/s [================    ]  3s
[  ]    ---- :    217.5 MLBUps    250.98 GB/s [====================]
[  ]    220.3 MLBUps    254.19 GB/s [====                ]  0s
[  ]    220.2 MLBUps    254.16 GB/s [========            ]  1s
[  ]    220.3 MLBUps    254.19 GB/s [============        ]  2s
[  ]    220.2 MLBUps    254.16 GB/s [================    ]  3s
[  ]    ---- :    217.4 MLBUps    250.83 GB/s [====================]
[  ]    220.2 MLBUps    254.11 GB/s [====                ]  0s
[  ]    220.1 MLBUps    254.04 GB/s [========            ]  1s
[  ]    220.2 MLBUps    254.16 GB/s [============        ]  2s
[  ]    220.2 MLBUps    254.10 GB/s [================    ]  3s
[  ]    ---- :    217.3 MLBUps    250.71 GB/s [====================]
[  ]    220.2 MLBUps    254.09 GB/s [====                ]  0s
[  ]    220.1 MLBUps    254.05 GB/s [========            ]  1s
[  ]    220.4 MLBUps    254.36 GB/s [============        ]  2s
[  ]    220.3 MLBUps    254.18 GB/s [================    ]  3s
[  ]    ---- :    217.3 MLBUps    250.76 GB/s [====================]
[  ]    220.3 MLBUps    254.18 GB/s [====                ]  0s
[  ]    220.3 MLBUps    254.22 GB/s [========            ]  1s
[  ]    220.1 MLBUps    254.03 GB/s [============        ]  2s
[  ]    220.4 MLBUps    254.31 GB/s [================    ]  3s
[  ]    ---- :    217.4 MLBUps    250.93 GB/s [====================]
[  ]    220.3 MLBUps    254.28 GB/s [====                ]  0s
[  ]    220.3 MLBUps    254.25 GB/s [========            ]  1s
[  ]    220.2 MLBUps    254.16 GB/s [============        ]  2s
[  ]    220.2 MLBUps    254.17 GB/s [================    ]  3s
[  ]    ---- :    217.4 MLBUps    250.87 GB/s [====================]
[  ]    220.2 MLBUps    254.14 GB/s [====                ]  0s
[  ]    220.3 MLBUps    254.23 GB/s [========            ]  1s
[  ]    220.1 MLBUps    254.05 GB/s [============        ]  2s
[  ]    220.5 MLBUps    254.43 GB/s [================    ]  3s
[  ]    ---- :    217.6 MLBUps    251.11 GB/s [====================]
[  ]    220.3 MLBUps    254.25 GB/s [====                ]  0s
[  ]    220.4 MLBUps    254.39 GB/s [========            ]  1s
[  ]    220.3 MLBUps    254.17 GB/s [============        ]  2s
[  ]    220.4 MLBUps    254.35 GB/s [================    ]  3s
[  ]    ---- :    217.5 MLBUps    250.96 GB/s [====================]
[  ]    220.3 MLBUps    254.17 GB/s [====                ]  0s
[  ]    220.3 MLBUps    254.22 GB/s [========            ]  1s
[  ]    220.3 MLBUps    254.28 GB/s [============        ]  2s
[  ]    220.2 MLBUps    254.12 GB/s [================    ]  3s
[  ]    ---- :    217.2 MLBUps    250.69 GB/s [====================]
[  ]    219.3 MLBUps    253.07 GB/s [====                ]  1s
[  ]    217.3 MLBUps    250.80 GB/s [========            ]  2s
[  ]    217.6 MLBUps    251.08 GB/s [============        ]  3s
[  ]    217.8 MLBUps    251.29 GB/s [================    ]  4s
[  ]    ---- :    214.6 MLBUps    247.65 GB/s [====================]
[  ]    217.6 MLBUps    251.13 GB/s [====                ]  0s
[  ]    217.5 MLBUps    251.05 GB/s [========            ]  1s
[  ]    217.5 MLBUps    251.05 GB/s [============        ]  2s
[  ]    217.6 MLBUps    251.06 GB/s [================    ]  3s
[  ]    ---- :    214.9 MLBUps    247.96 GB/s [====================]
[  ]    217.5 MLBUps    250.94 GB/s [====                ]  0s
[  ]    217.4 MLBUps    250.90 GB/s [========            ]  1s
[  ]    217.5 MLBUps    251.04 GB/s [============        ]  2s
[  ]    217.5 MLBUps    251.00 GB/s [================    ]  3s
[  ]    ---- :    210.2 MLBUps    242.54 GB/s [====================]
[  ]    211.9 MLBUps    244.59 GB/s [====                ]  1s
[  ]    211.8 MLBUps    244.38 GB/s [=======             ]  2s
[  ]    212.3 MLBUps    244.98 GB/s [===========         ]  3s
[  ]    212.4 MLBUps    245.09 GB/s [===============     ]  4s
[  ]    211.7 MLBUps    244.28 GB/s [=================== ]  5s
[  ]    ---- :    170.8 MLBUps    197.07 GB/s [====================]
[  ]    211.4 MLBUps    243.98 GB/s [===                 ]  0s
[  ]    211.9 MLBUps    244.50 GB/s [=======             ]  1s
[  ]    212.1 MLBUps    244.71 GB/s [===========         ]  2s
[  ]    211.7 MLBUps    244.26 GB/s [===============     ]  4s
[  ]    212.1 MLBUps    244.71 GB/s [=================== ]  4s
[  ]    ---- :    183.9 MLBUps    212.22 GB/s [====================]
[  ]    211.5 MLBUps    244.11 GB/s [===                 ]  0s
[  ]    211.8 MLBUps    244.42 GB/s [=======             ]  1s
[  ]    212.1 MLBUps    244.74 GB/s [===========         ]  2s
[  ]    212.4 MLBUps    245.12 GB/s [===============     ]  3s
[  ]    211.6 MLBUps    244.21 GB/s [=================== ]  4s
[  ]    ---- :    183.9 MLBUps    212.25 GB/s [====================]
[  ]    212.0 MLBUps    244.70 GB/s [===                 ]  0s
[  ]    212.2 MLBUps    244.84 GB/s [=======             ]  1s
[  ]    212.4 MLBUps    245.11 GB/s [===========         ]  2s
[  ]    212.1 MLBUps    244.80 GB/s [===============     ]  4s
[  ]    211.8 MLBUps    244.37 GB/s [=================== ]  5s
[  ]    ---- :    176.3 MLBUps    203.45 GB/s [====================]
[  ]    212.2 MLBUps    244.87 GB/s [===                 ]  0s
[  ]    212.1 MLBUps    244.73 GB/s [=======             ]  1s
[  ]    211.6 MLBUps    244.14 GB/s [===========         ]  3s
[  ]    212.3 MLBUps    245.01 GB/s [===============     ]  3s
[  ]    212.4 MLBUps    245.11 GB/s [=================== ]  4s
[  ]    ---- :    181.3 MLBUps    209.23 GB/s [====================]
[  ]    211.9 MLBUps    244.51 GB/s [===                 ]  0s
[  ]    211.8 MLBUps    244.40 GB/s [=======             ]  1s
[  ]    212.2 MLBUps    244.84 GB/s [===========         ]  2s
[  ]    212.0 MLBUps    244.69 GB/s [===============     ]  3s
[  ]    211.9 MLBUps    244.54 GB/s [=================== ]  5s
[  ]    ---- :    182.7 MLBUps    210.81 GB/s [====================]
[  ]    211.7 MLBUps    244.34 GB/s [===                 ]  0s
[  ]    212.2 MLBUps    244.82 GB/s [=======             ]  1s
[  ]    212.0 MLBUps    244.65 GB/s [===========         ]  2s
[  ]    212.5 MLBUps    245.18 GB/s [===============     ]  3s
[  ]    212.3 MLBUps    244.96 GB/s [=================== ]  4s
[  ]    ---- :    180.8 MLBUps    208.67 GB/s [====================]
[  ]    ---- :    20000 it writing vtk
[  ]    170.7 MLBUps    197.01 GB/s [===                 ]  1s
[  ]    216.5 MLBUps    249.82 GB/s [=======             ]  2s
[  ]    216.2 MLBUps    249.49 GB/s [===========         ]  3s
[  ]    216.5 MLBUps    249.84 GB/s [===============     ]  4s
[  ]    216.5 MLBUps    249.82 GB/s [=================== ]  5s
[  ]    ---- :    203.9 MLBUps    235.32 GB/s [====================]
[  ]    216.2 MLBUps    249.48 GB/s [===                 ]  0s
[  ]    216.1 MLBUps    249.39 GB/s [=======             ]  1s
[  ]    216.7 MLBUps    250.02 GB/s [===========         ]  2s
[  ]    216.5 MLBUps    249.88 GB/s [===============     ]  3s
[  ]    215.9 MLBUps    249.12 GB/s [=================== ]  4s
[  ]    ---- :    134.2 MLBUps    154.85 GB/s [====================]
[  ]    213.6 MLBUps    246.50 GB/s [====                ]  1s
[  ]    211.8 MLBUps    244.45 GB/s [=======             ]  2s
[  ]    211.6 MLBUps    244.21 GB/s [===========         ]  3s
[  ]    211.6 MLBUps    244.23 GB/s [===============     ]  4s
[  ]    211.4 MLBUps    244.01 GB/s [=================== ]  5s
[  ]    ---- :    177.0 MLBUps    204.26 GB/s [====================]
[  ]    211.6 MLBUps    244.22 GB/s [===                 ]  0s
[  ]    211.7 MLBUps    244.29 GB/s [=======             ]  1s
[  ]    211.2 MLBUps    243.70 GB/s [===========         ]  2s
[  ]    211.5 MLBUps    244.13 GB/s [===============     ]  3s
[  ]    212.2 MLBUps    244.90 GB/s [=================== ]  4s
[  ]    ---- :    188.7 MLBUps    217.78 GB/s [====================]
[  ]    212.2 MLBUps    244.91 GB/s [===                 ]  0s
[  ]    211.9 MLBUps    244.55 GB/s [=======             ]  1s
[  ]    211.8 MLBUps    244.40 GB/s [===========         ]  3s
[  ]    211.5 MLBUps    244.10 GB/s [===============     ]  3s
[  ]    211.6 MLBUps    244.23 GB/s [=================== ]  4s
[  ]    ---- :    183.7 MLBUps    211.97 GB/s [====================]
[  ]    211.8 MLBUps    244.45 GB/s [===                 ]  0s
[  ]    211.4 MLBUps    244.00 GB/s [=======             ]  2s
[  ]    211.6 MLBUps    244.15 GB/s [===========         ]  2s
[  ]    211.6 MLBUps    244.24 GB/s [===============     ]  3s
[  ]    211.4 MLBUps    243.99 GB/s [=================== ]  4s
[  ]    ---- :    187.3 MLBUps    216.17 GB/s [====================]
[  ]    211.2 MLBUps    243.74 GB/s [===                 ]  0s
[  ]    212.1 MLBUps    244.73 GB/s [=======             ]  1s
[  ]    211.2 MLBUps    243.77 GB/s [===========         ]  2s
[  ]    211.9 MLBUps    244.50 GB/s [===============     ]  3s
[  ]    211.5 MLBUps    244.04 GB/s [=================== ]  5s
[  ]    ---- :    185.0 MLBUps    213.47 GB/s [====================]
[  ]    211.5 MLBUps    244.01 GB/s [===                 ]  0s
[  ]    212.1 MLBUps    244.72 GB/s [=======             ]  1s
[  ]    211.7 MLBUps    244.29 GB/s [===========         ]  2s
[  ]    211.4 MLBUps    243.96 GB/s [===============     ]  3s
[  ]    211.8 MLBUps    244.45 GB/s [=================== ]  4s
[  ]    ---- :    186.2 MLBUps    214.89 GB/s [====================]
[  ]    211.7 MLBUps    244.33 GB/s [===                 ]  0s
[  ]    212.1 MLBUps    244.79 GB/s [=======             ]  1s
[  ]    211.4 MLBUps    243.92 GB/s [===========         ]  2s
[  ]    211.8 MLBUps    244.39 GB/s [===============     ]  3s
[  ]    211.6 MLBUps    244.15 GB/s [=================== ]  4s
[  ]    ---- :    186.8 MLBUps    215.56 GB/s [====================]
[  ]    211.2 MLBUps    243.71 GB/s [===                 ]  0s
[  ]    211.9 MLBUps    244.57 GB/s [=======             ]  1s
[  ]    212.3 MLBUps    244.97 GB/s [===========         ]  2s
[  ]    211.5 MLBUps    244.11 GB/s [===============     ]  4s
[  ]    211.8 MLBUps    244.40 GB/s [=================== ]  4s
[  ]    ---- :    185.5 MLBUps    214.09 GB/s [====================]
[  ]    211.9 MLBUps    244.56 GB/s [===                 ]  0s
[  ]    211.7 MLBUps    244.29 GB/s [=======             ]  2s
[  ]    212.1 MLBUps    244.74 GB/s [===========         ]  2s
[  ]    212.1 MLBUps    244.73 GB/s [===============     ]  3s
[  ]    212.3 MLBUps    244.99 GB/s [=================== ]  5s
[  ]    ---- :    181.9 MLBUps    209.97 GB/s [====================]
[  ]    212.0 MLBUps    244.63 GB/s [===                 ]  0s
[  ]    212.4 MLBUps    245.06 GB/s [=======             ]  1s
[  ]    212.1 MLBUps    244.73 GB/s [===========         ]  3s
[  ]    211.8 MLBUps    244.39 GB/s [===============     ]  4s
[  ]    211.7 MLBUps    244.33 GB/s [=================== ]  5s
[  ]    ---- :    180.5 MLBUps    208.30 GB/s [====================]
[  ]    211.9 MLBUps    244.57 GB/s [===                 ]  0s
[  ]    211.7 MLBUps    244.34 GB/s [=======             ]  1s
[  ]    212.3 MLBUps    245.00 GB/s [===========         ]  2s
[  ]    214.2 MLBUps    247.21 GB/s [===============     ]  3s
[  ]    214.2 MLBUps    247.17 GB/s [=================== ]  4s
[  ]    ---- :    177.5 MLBUps    204.82 GB/s [====================]
[  ]    214.0 MLBUps    246.97 GB/s [===                 ]  0s
[  ]    214.0 MLBUps    246.99 GB/s [=======             ]  1s
[  ]    214.6 MLBUps    247.63 GB/s [===========         ]  3s
[  ]    214.0 MLBUps    246.94 GB/s [===============     ]  4s
[  ]    213.7 MLBUps    246.56 GB/s [=================== ]  5s
[  ]    ---- :     96.9 MLBUps    111.81 GB/s [====================]
[  ]    213.7 MLBUps    246.57 GB/s [===                 ]  0s
[  ]    214.1 MLBUps    247.03 GB/s [=======             ]  1s
[  ]    214.4 MLBUps    247.46 GB/s [===========         ]  2s
[  ]    213.9 MLBUps    246.84 GB/s [===============     ]  3s
[  ]    213.5 MLBUps    246.42 GB/s [=================== ]  4s
[  ]    ---- :    152.1 MLBUps    175.53 GB/s [====================]
[  ]    213.7 MLBUps    246.59 GB/s [===                 ]  0s
[  ]    213.7 MLBUps    246.63 GB/s [=======             ]  1s
[  ]    213.6 MLBUps    246.50 GB/s [===========         ]  2s
[  ]    214.3 MLBUps    247.33 GB/s [===============     ]  3s
[  ]    214.5 MLBUps    247.56 GB/s [=================== ]  4s
[  ]    ---- :    163.9 MLBUps    189.12 GB/s [====================]
[  ]    214.0 MLBUps    247.01 GB/s [===                 ]  0s
[  ]    214.7 MLBUps    247.71 GB/s [=======             ]  1s
[  ]    214.4 MLBUps    247.45 GB/s [===========         ]  2s
[  ]    213.7 MLBUps    246.59 GB/s [===============     ]  4s
[  ]    214.1 MLBUps    247.02 GB/s [=================== ]  5s
[  ]    ---- :    134.2 MLBUps    154.84 GB/s [====================]
[  ]    214.6 MLBUps    247.66 GB/s [===                 ]  0s
[  ]    214.4 MLBUps    247.42 GB/s [=======             ]  1s
[  ]    214.4 MLBUps    247.45 GB/s [===========         ]  2s
[  ]    213.8 MLBUps    246.73 GB/s [===============     ]  4s
[  ]    214.2 MLBUps    247.18 GB/s [=================== ]  4s
[  ]    ---- :    133.0 MLBUps    153.48 GB/s [====================]
[  ]    213.8 MLBUps    246.67 GB/s [===                 ]  0s
[  ]    214.3 MLBUps    247.31 GB/s [=======             ]  1s
[  ]    213.6 MLBUps    246.54 GB/s [===========         ]  2s
[  ]    213.1 MLBUps    245.93 GB/s [===============     ]  3s
[  ]    213.2 MLBUps    246.01 GB/s [=================== ]  4s
[  ]    ---- :    164.6 MLBUps    189.99 GB/s [====================]
[  ]    213.8 MLBUps    246.76 GB/s [===                 ]  0s
[  ]    213.8 MLBUps    246.75 GB/s [=======             ]  1s
[  ]    213.6 MLBUps    246.46 GB/s [===========         ]  2s
[  ]    214.8 MLBUps    247.85 GB/s [===============     ]  3s
[  ]    213.8 MLBUps    246.72 GB/s [=================== ]  4s
[  ]    ---- :    164.7 MLBUps    190.06 GB/s [====================]
[  ]    ---- :    40000 it writing vtk
[  ]    169.7 MLBUps    195.87 GB/s [===                 ]  1s
[  ]    214.1 MLBUps    247.07 GB/s [=======             ]  2s
[  ]    212.7 MLBUps    245.49 GB/s [===========         ]  3s
[  ]    212.4 MLBUps    245.06 GB/s [===============     ]  4s
[  ]    212.1 MLBUps    244.81 GB/s [=================== ]  5s
[  ]    ---- :    202.7 MLBUps    233.92 GB/s [====================]
[  ]    212.4 MLBUps    245.15 GB/s [===                 ]  0s
[  ]    212.5 MLBUps    245.19 GB/s [=======             ]  1s
[  ]    213.6 MLBUps    246.54 GB/s [===========         ]  2s
[  ]    213.6 MLBUps    246.47 GB/s [===============     ]  3s
[  ]    213.6 MLBUps    246.48 GB/s [=================== ]  4s
[  ]    ---- :    190.6 MLBUps    219.96 GB/s [====================]
[  ]    213.6 MLBUps    246.53 GB/s [===                 ]  0s
[  ]    213.3 MLBUps    246.16 GB/s [=======             ]  1s
[  ]    213.6 MLBUps    246.45 GB/s [===========         ]  2s
[  ]    212.7 MLBUps    245.50 GB/s [===============     ]  3s
[  ]    213.6 MLBUps    246.48 GB/s [=================== ]  4s
[  ]    ---- :    172.4 MLBUps    198.99 GB/s [====================]
[  ]    211.8 MLBUps    244.46 GB/s [===                 ]  1s
[  ]    209.8 MLBUps    242.09 GB/s [=======             ]  2s
[  ]    209.9 MLBUps    242.17 GB/s [===========         ]  3s
[  ]    209.6 MLBUps    241.86 GB/s [===============     ]  4s
[  ]    209.7 MLBUps    242.04 GB/s [=================== ]  5s
[  ]    ---- :    185.8 MLBUps    214.45 GB/s [====================]
[  ]    210.5 MLBUps    242.87 GB/s [===                 ]  1s
[  ]    210.0 MLBUps    242.35 GB/s [=======             ]  2s
[  ]    210.1 MLBUps    242.41 GB/s [===========         ]  3s
[  ]    209.7 MLBUps    241.94 GB/s [===============     ]  4s
[  ]    209.6 MLBUps    241.91 GB/s [=================== ]  5s
[  ]    ---- :    189.3 MLBUps    218.50 GB/s [====================]
[  ]    210.4 MLBUps    242.79 GB/s [===                 ]  0s
[  ]    210.1 MLBUps    242.42 GB/s [=======             ]  1s
[  ]    210.3 MLBUps    242.74 GB/s [===========         ]  2s
[  ]    210.0 MLBUps    242.40 GB/s [===============     ]  3s
[  ]    210.1 MLBUps    242.45 GB/s [=================== ]  5s
[  ]    ---- :    189.2 MLBUps    218.39 GB/s [====================]
[  ]    210.4 MLBUps    242.84 GB/s [===                 ]  1s
[  ]    210.3 MLBUps    242.65 GB/s [=======             ]  2s
[  ]    210.2 MLBUps    242.62 GB/s [===========         ]  3s
[  ]    210.3 MLBUps    242.68 GB/s [===============     ]  4s
[  ]    210.3 MLBUps    242.72 GB/s [=================== ]  5s
[  ]    ---- :    187.6 MLBUps    216.48 GB/s [====================]
[  ]    212.4 MLBUps    245.09 GB/s [===                 ]  0s
[  ]    212.0 MLBUps    244.60 GB/s [=======             ]  1s
[  ]    212.3 MLBUps    245.05 GB/s [===========         ]  2s
[  ]    212.4 MLBUps    245.09 GB/s [===============     ]  4s
[  ]    212.3 MLBUps    245.01 GB/s [=================== ]  5s
[  ]    ---- :    176.5 MLBUps    203.70 GB/s [====================]
[  ]    212.7 MLBUps    245.51 GB/s [===                 ]  0s
[  ]    212.4 MLBUps    245.15 GB/s [=======             ]  1s
[  ]    212.2 MLBUps    244.87 GB/s [===========         ]  2s
[  ]    212.9 MLBUps    245.66 GB/s [===============     ]  3s
[  ]    212.8 MLBUps    245.63 GB/s [=================== ]  4s
[  ]    ---- :    177.4 MLBUps    204.67 GB/s [====================]
[  ]    212.1 MLBUps    244.75 GB/s [===                 ]  1s
[  ]    212.1 MLBUps    244.76 GB/s [=======             ]  2s
[  ]    212.3 MLBUps    245.05 GB/s [===========         ]  3s
[  ]    212.1 MLBUps    244.80 GB/s [===============     ]  4s
[  ]    211.8 MLBUps    244.44 GB/s [=================== ]  5s
[  ]    ---- :    171.1 MLBUps    197.49 GB/s [====================]
[  ]    211.9 MLBUps    244.58 GB/s [===                 ]  0s
[  ]    211.9 MLBUps    244.56 GB/s [=======             ]  1s
[  ]    211.8 MLBUps    244.42 GB/s [===========         ]  3s
[  ]    211.4 MLBUps    243.95 GB/s [===============     ]  4s
[  ]    211.9 MLBUps    244.49 GB/s [=================== ]  4s
[  ]    ---- :    184.1 MLBUps    212.41 GB/s [====================]
[  ]    212.5 MLBUps    245.22 GB/s [===                 ]  0s
[  ]    212.1 MLBUps    244.71 GB/s [=======             ]  1s
[  ]    212.6 MLBUps    245.40 GB/s [===========         ]  2s
[  ]    212.1 MLBUps    244.76 GB/s [===============     ]  4s
[  ]    212.5 MLBUps    245.18 GB/s [=================== ]  5s
[  ]    ---- :    176.5 MLBUps    203.63 GB/s [====================]
[  ]    212.2 MLBUps    244.91 GB/s [===                 ]  1s
[  ]    212.1 MLBUps    244.77 GB/s [=======             ]  2s
[  ]    212.2 MLBUps    244.89 GB/s [===========         ]  3s
[  ]    212.0 MLBUps    244.67 GB/s [===============     ]  4s
[  ]    211.9 MLBUps    244.57 GB/s [=================== ]  5s
[  ]    ---- :    172.5 MLBUps    199.11 GB/s [====================]
[  ]    212.3 MLBUps    245.01 GB/s [===                 ]  0s
[  ]    212.2 MLBUps    244.84 GB/s [=======             ]  1s
[  ]    211.9 MLBUps    244.53 GB/s [===========         ]  3s
[  ]    212.3 MLBUps    244.94 GB/s [===============     ]  4s
[  ]    211.7 MLBUps    244.28 GB/s [=================== ]  5s
[  ]    ---- :    176.5 MLBUps    203.67 GB/s [====================]
[  ]    211.8 MLBUps    244.44 GB/s [===                 ]  0s
[  ]    212.1 MLBUps    244.72 GB/s [=======             ]  1s
[  ]    212.2 MLBUps    244.86 GB/s [===========         ]  3s
[  ]    211.5 MLBUps    244.03 GB/s [===============     ]  4s
[  ]    211.9 MLBUps    244.48 GB/s [=================== ]  5s
[  ]    ---- :    181.2 MLBUps    209.10 GB/s [====================]
[  ]    212.2 MLBUps    244.86 GB/s [===                 ]  0s
[  ]    212.1 MLBUps    244.81 GB/s [=======             ]  1s
[  ]    212.3 MLBUps    244.97 GB/s [===========         ]  2s
[  ]    211.4 MLBUps    243.94 GB/s [===============     ]  4s
[  ]    212.2 MLBUps    244.92 GB/s [=================== ]  4s
[  ]    ---- :    181.0 MLBUps    208.93 GB/s [====================]
[  ]    212.0 MLBUps    244.70 GB/s [===                 ]  0s
[  ]    212.3 MLBUps    245.04 GB/s [=======             ]  1s
[  ]    212.2 MLBUps    244.89 GB/s [===========         ]  2s
[  ]    212.5 MLBUps    245.24 GB/s [===============     ]  4s
[  ]    211.9 MLBUps    244.57 GB/s [=================== ]  5s
[  ]    ---- :    177.6 MLBUps    204.94 GB/s [====================]
[  ]    212.3 MLBUps    244.95 GB/s [===                 ]  0s
[  ]    211.9 MLBUps    244.55 GB/s [=======             ]  1s
[  ]    212.2 MLBUps    244.91 GB/s [===========         ]  3s
[  ]    212.2 MLBUps    244.92 GB/s [===============     ]  4s
[  ]    211.8 MLBUps    244.40 GB/s [=================== ]  5s
[  ]    ---- :    176.7 MLBUps    203.90 GB/s [====================]
[  ]    212.1 MLBUps    244.78 GB/s [===                 ]  0s
[  ]    212.2 MLBUps    244.91 GB/s [=======             ]  1s
[  ]    212.3 MLBUps    244.95 GB/s [===========         ]  2s
[  ]    212.1 MLBUps    244.81 GB/s [===============     ]  4s
[  ]    212.3 MLBUps    245.00 GB/s [=================== ]  5s
[  ]    ---- :    177.1 MLBUps    204.40 GB/s [====================]
[  ]    211.9 MLBUps    244.58 GB/s [===                 ]  0s
[  ]    212.1 MLBUps    244.78 GB/s [=======             ]  1s
[  ]    211.8 MLBUps    244.41 GB/s [===========         ]  3s
[  ]    211.9 MLBUps    244.54 GB/s [===============     ]  3s
[  ]    212.2 MLBUps    244.85 GB/s [=================== ]  5s
[  ]    ---- :    180.7 MLBUps    208.53 GB/s [====================]
[  ]    ---- :    60000 it writing vtk
[  ]    170.5 MLBUps    196.77 GB/s [===                 ]  1s
[  ]    216.8 MLBUps    250.24 GB/s [=======             ]  2s
[  ]    217.1 MLBUps    250.50 GB/s [===========         ]  3s
[  ]    216.7 MLBUps    250.09 GB/s [===============     ]  4s
[  ]    212.3 MLBUps    245.00 GB/s [=================== ]  5s
[  ]    ---- :    198.9 MLBUps    229.57 GB/s [====================]
[  ]    211.3 MLBUps    243.84 GB/s [===                 ]  0s
[  ]    211.0 MLBUps    243.47 GB/s [=======             ]  1s
[  ]    211.4 MLBUps    243.99 GB/s [===========         ]  2s
[  ]    211.0 MLBUps    243.55 GB/s [===============     ]  3s
[  ]    211.6 MLBUps    244.15 GB/s [=================== ]  4s
[  ]    ---- :    193.6 MLBUps    223.43 GB/s [====================]
[  ]    211.5 MLBUps    244.05 GB/s [===                 ]  0s
[  ]    211.0 MLBUps    243.53 GB/s [=======             ]  1s
[  ]    211.8 MLBUps    244.38 GB/s [===========         ]  2s
[  ]    211.5 MLBUps    244.03 GB/s [===============     ]  3s
[  ]    211.9 MLBUps    244.48 GB/s [=================== ]  4s
[  ]    ---- :    188.6 MLBUps    217.65 GB/s [====================]
[  ]    211.5 MLBUps    244.07 GB/s [===                 ]  0s
[  ]    211.9 MLBUps    244.49 GB/s [=======             ]  1s
[  ]    211.7 MLBUps    244.32 GB/s [===========         ]  2s
[  ]    211.6 MLBUps    244.15 GB/s [===============     ]  3s
[  ]    211.7 MLBUps    244.32 GB/s [=================== ]  4s
[  ]    ---- :    186.4 MLBUps    215.06 GB/s [====================]
[  ]    211.7 MLBUps    244.30 GB/s [===                 ]  0s
[  ]    211.8 MLBUps    244.45 GB/s [=======             ]  1s
[  ]    210.9 MLBUps    243.42 GB/s [===========         ]  2s
[  ]    211.4 MLBUps    243.93 GB/s [===============     ]  3s
[  ]    211.1 MLBUps    243.65 GB/s [=================== ]  4s
[  ]    ---- :    187.6 MLBUps    216.46 GB/s [====================]
[  ]    211.6 MLBUps    244.21 GB/s [===                 ]  0s
[  ]    212.2 MLBUps    244.87 GB/s [=======             ]  1s
[  ]    211.5 MLBUps    244.09 GB/s [===========         ]  2s
[  ]    211.4 MLBUps    243.92 GB/s [===============     ]  3s
[  ]    211.0 MLBUps    243.50 GB/s [=================== ]  4s
[  ]    ---- :    186.3 MLBUps    215.01 GB/s [====================]
[  ]    211.5 MLBUps    244.08 GB/s [===                 ]  0s
[  ]    211.1 MLBUps    243.63 GB/s [=======             ]  1s
[  ]    212.3 MLBUps    245.03 GB/s [===========         ]  2s
[  ]    211.5 MLBUps    244.04 GB/s [===============     ]  3s
[  ]    211.4 MLBUps    243.95 GB/s [=================== ]  4s
[  ]    ---- :    186.0 MLBUps    214.69 GB/s [====================]
[  ]    211.5 MLBUps    244.11 GB/s [===                 ]  0s
[  ]    211.4 MLBUps    243.94 GB/s [=======             ]  1s
[  ]    211.4 MLBUps    243.96 GB/s [===========         ]  2s
[  ]    211.9 MLBUps    244.53 GB/s [===============     ]  3s
[  ]    211.5 MLBUps    244.04 GB/s [=================== ]  4s
[  ]    ---- :    185.5 MLBUps    214.12 GB/s [====================]
[  ]    211.1 MLBUps    243.66 GB/s [===                 ]  0s
[  ]    211.3 MLBUps    243.82 GB/s [=======             ]  1s
[  ]    211.3 MLBUps    243.84 GB/s [===========         ]  2s
[  ]    211.5 MLBUps    244.04 GB/s [===============     ]  3s
[  ]    211.9 MLBUps    244.56 GB/s [=================== ]  4s
[  ]    ---- :    188.7 MLBUps    217.72 GB/s [====================]
[  ]    211.5 MLBUps    244.10 GB/s [===                 ]  0s
[  ]    212.2 MLBUps    244.87 GB/s [=======             ]  1s
[  ]    211.9 MLBUps    244.49 GB/s [===========         ]  2s
[  ]    211.9 MLBUps    244.59 GB/s [===============     ]  3s
[  ]    211.2 MLBUps    243.70 GB/s [=================== ]  5s
[  ]    ---- :    179.7 MLBUps    207.33 GB/s [====================]
[  ]    212.9 MLBUps    245.73 GB/s [===                 ]  0s
[  ]    213.2 MLBUps    246.04 GB/s [=======             ]  1s
[  ]    213.7 MLBUps    246.57 GB/s [===========         ]  2s
[  ]    213.6 MLBUps    246.46 GB/s [===============     ]  3s
[  ]    214.3 MLBUps    247.35 GB/s [=================== ]  4s
[  ]    ---- :    177.7 MLBUps    205.09 GB/s [====================]
[  ]    213.4 MLBUps    246.22 GB/s [===                 ]  0s
[  ]    213.6 MLBUps    246.46 GB/s [=======             ]  1s
[  ]    213.6 MLBUps    246.48 GB/s [===========         ]  2s
[  ]    213.4 MLBUps    246.26 GB/s [===============     ]  3s
[  ]    213.0 MLBUps    245.82 GB/s [=================== ]  4s
[  ]    ---- :    171.5 MLBUps    197.93 GB/s [====================]
[  ]    213.5 MLBUps    246.36 GB/s [===                 ]  0s
[  ]    213.4 MLBUps    246.29 GB/s [=======             ]  1s
[  ]    214.1 MLBUps    247.11 GB/s [===========         ]  2s
[  ]    212.9 MLBUps    245.66 GB/s [===============     ]  3s
[  ]    213.3 MLBUps    246.10 GB/s [=================== ]  4s
[  ]    ---- :    163.3 MLBUps    188.44 GB/s [====================]
[  ]    213.6 MLBUps    246.53 GB/s [===                 ]  0s
[  ]    213.0 MLBUps    245.85 GB/s [=======             ]  1s
[  ]    212.8 MLBUps    245.60 GB/s [===========         ]  2s
[  ]    213.1 MLBUps    245.89 GB/s [===============     ]  3s
[  ]    212.9 MLBUps    245.67 GB/s [=================== ]  4s
[  ]    ---- :    172.3 MLBUps    198.89 GB/s [====================]
[  ]    212.8 MLBUps    245.53 GB/s [===                 ]  1s
[  ]    212.6 MLBUps    245.31 GB/s [=======             ]  2s
[  ]    212.7 MLBUps    245.40 GB/s [===========         ]  3s
[  ]    212.9 MLBUps    245.70 GB/s [===============     ]  4s
[  ]    212.9 MLBUps    245.67 GB/s [=================== ]  5s
[  ]    ---- :    171.1 MLBUps    197.41 GB/s [====================]
[  ]    212.8 MLBUps    245.56 GB/s [===                 ]  1s
[  ]    212.6 MLBUps    245.37 GB/s [=======             ]  2s
[  ]    213.0 MLBUps    245.82 GB/s [===========         ]  3s
[  ]    212.7 MLBUps    245.40 GB/s [===============     ]  4s
[  ]    213.0 MLBUps    245.83 GB/s [=================== ]  5s
[  ]    ---- :    172.8 MLBUps    199.39 GB/s [====================]
[  ]    213.1 MLBUps    245.96 GB/s [===                 ]  0s
[  ]    213.7 MLBUps    246.56 GB/s [=======             ]  1s
[  ]    213.0 MLBUps    245.80 GB/s [===========         ]  2s
[  ]    212.8 MLBUps    245.63 GB/s [===============     ]  3s
[  ]    212.6 MLBUps    245.31 GB/s [=================== ]  4s
[  ]    ---- :    171.3 MLBUps    197.63 GB/s [====================]
[  ]    212.4 MLBUps    245.16 GB/s [===                 ]  1s
[  ]    212.7 MLBUps    245.43 GB/s [=======             ]  2s
[  ]    213.3 MLBUps    246.17 GB/s [===========         ]  3s
[  ]    212.7 MLBUps    245.46 GB/s [===============     ]  4s
[  ]    213.0 MLBUps    245.86 GB/s [=================== ]  5s
[  ]    ---- :    172.2 MLBUps    198.67 GB/s [====================]
[  ]    213.3 MLBUps    246.17 GB/s [===                 ]  0s
[  ]    213.4 MLBUps    246.30 GB/s [=======             ]  1s
[  ]    213.0 MLBUps    245.78 GB/s [===========         ]  2s
[  ]    212.8 MLBUps    245.58 GB/s [===============     ]  3s
[  ]    213.4 MLBUps    246.25 GB/s [=================== ]  4s
[  ]    ---- :    172.5 MLBUps    199.04 GB/s [====================]
[  ]    213.6 MLBUps    246.49 GB/s [===                 ]  0s
[  ]    213.5 MLBUps    246.38 GB/s [=======             ]  1s
[  ]    210.9 MLBUps    243.43 GB/s [===========         ]  3s
[  ]    210.1 MLBUps    242.47 GB/s [===============     ]  4s
[  ]    209.6 MLBUps    241.83 GB/s [=================== ]  5s
[  ]    ---- :    177.5 MLBUps    204.84 GB/s [====================]
[  ]    ---- :    80000 it writing vtk
[  ]    148.8 MLBUps    171.70 GB/s [===                 ]  1s
[  ]    216.0 MLBUps    249.26 GB/s [======              ]  2s
[  ]    215.3 MLBUps    248.43 GB/s [==========          ]  3s
[  ]    207.5 MLBUps    239.49 GB/s [==============      ]  4s
[  ]    205.3 MLBUps    236.90 GB/s [==================  ]  5s
[  ]    ---- :    198.7 MLBUps    229.32 GB/s [====================]
[  ]    205.2 MLBUps    236.82 GB/s [===                 ]  0s
[  ]    207.9 MLBUps    239.93 GB/s [=======             ]  1s
[  ]    208.2 MLBUps    240.27 GB/s [===========         ]  2s
[  ]    208.1 MLBUps    240.12 GB/s [===============     ]  3s
[  ]    208.0 MLBUps    240.01 GB/s [=================== ]  4s
[  ]    ---- :    197.5 MLBUps    227.93 GB/s [====================]
[  ]    208.0 MLBUps    240.01 GB/s [===                 ]  0s
[  ]    207.9 MLBUps    239.93 GB/s [=======             ]  1s
[  ]    208.1 MLBUps    240.16 GB/s [===========         ]  2s
[  ]    208.0 MLBUps    240.07 GB/s [===============     ]  4s
[  ]    208.0 MLBUps    240.03 GB/s [=================== ]  5s
[  ]    ---- :    193.9 MLBUps    223.72 GB/s [====================]
[  ]    210.3 MLBUps    242.73 GB/s [===                 ]  0s
[  ]    210.1 MLBUps    242.45 GB/s [=======             ]  1s
[  ]    210.4 MLBUps    242.80 GB/s [===========         ]  2s
[  ]    210.3 MLBUps    242.65 GB/s [===============     ]  3s
[  ]    210.2 MLBUps    242.57 GB/s [=================== ]  5s
[  ]    ---- :    189.5 MLBUps    218.64 GB/s [====================]
[  ]    210.1 MLBUps    242.46 GB/s [===                 ]  1s
[  ]    210.1 MLBUps    242.46 GB/s [=======             ]  2s
[  ]    210.2 MLBUps    242.54 GB/s [===========         ]  3s
[  ]    210.1 MLBUps    242.51 GB/s [===============     ]  4s
[  ]    210.2 MLBUps    242.55 GB/s [=================== ]  5s
[  ]    ---- :    188.0 MLBUps    217.00 GB/s [====================]
[  ]    210.4 MLBUps    242.81 GB/s [===                 ]  0s
[  ]    210.1 MLBUps    242.45 GB/s [=======             ]  1s
[  ]    210.3 MLBUps    242.66 GB/s [===========         ]  2s
[  ]    210.2 MLBUps    242.63 GB/s [===============     ]  3s
[  ]    210.2 MLBUps    242.61 GB/s [=================== ]  5s
[  ]    ---- :    189.6 MLBUps    218.75 GB/s [====================]
[  ]    210.3 MLBUps    242.64 GB/s [===                 ]  1s
[  ]    210.2 MLBUps    242.61 GB/s [=======             ]  2s
[  ]    211.0 MLBUps    243.44 GB/s [===========         ]  3s
[  ]    212.4 MLBUps    245.15 GB/s [===============     ]  3s
[  ]    212.4 MLBUps    245.07 GB/s [=================== ]  4s
[  ]    ---- :    188.0 MLBUps    216.91 GB/s [====================]
[  ]    212.5 MLBUps    245.25 GB/s [===                 ]  0s
[  ]    212.5 MLBUps    245.22 GB/s [=======             ]  1s
[  ]    212.4 MLBUps    245.16 GB/s [===========         ]  2s
[  ]    212.8 MLBUps    245.53 GB/s [===============     ]  3s
[  ]    212.4 MLBUps    245.15 GB/s [=================== ]  4s
[  ]    ---- :    176.2 MLBUps    203.33 GB/s [====================]
[  ]    212.4 MLBUps    245.09 GB/s [===                 ]  1s
[  ]    212.6 MLBUps    245.29 GB/s [=======             ]  2s
[  ]    212.3 MLBUps    245.02 GB/s [===========         ]  3s
[  ]    212.7 MLBUps    245.43 GB/s [===============     ]  4s
[  ]    212.6 MLBUps    245.32 GB/s [=================== ]  5s
[  ]    ---- :    171.2 MLBUps    197.59 GB/s [====================]
[  ]    212.4 MLBUps    245.15 GB/s [===                 ]  1s
[  ]    212.2 MLBUps    244.82 GB/s [=======             ]  2s
[  ]    212.4 MLBUps    245.10 GB/s [===========         ]  3s
[  ]    212.4 MLBUps    245.16 GB/s [===============     ]  4s
[  ]    212.2 MLBUps    244.89 GB/s [=================== ]  5s
[  ]    ---- :    171.7 MLBUps    198.17 GB/s [====================]
[  ]    212.2 MLBUps    244.85 GB/s [===                 ]  1s
[  ]    212.2 MLBUps    244.92 GB/s [=======             ]  2s
[  ]    212.5 MLBUps    245.17 GB/s [===========         ]  3s
[  ]    211.9 MLBUps    244.50 GB/s [===============     ]  4s
[  ]    212.4 MLBUps    245.06 GB/s [=================== ]  5s
[  ]    ---- :    171.5 MLBUps    197.91 GB/s [====================]
[  ]    212.2 MLBUps    244.87 GB/s [===                 ]  0s
[  ]    212.5 MLBUps    245.21 GB/s [=======             ]  1s
[  ]    212.6 MLBUps    245.32 GB/s [===========         ]  2s
[  ]    212.2 MLBUps    244.92 GB/s [===============     ]  3s
[  ]    212.2 MLBUps    244.91 GB/s [=================== ]  5s
[  ]    ---- :    177.9 MLBUps    205.30 GB/s [====================]
[  ]    212.1 MLBUps    244.76 GB/s [===                 ]  1s
[  ]    212.4 MLBUps    245.13 GB/s [=======             ]  2s
[  ]    211.9 MLBUps    244.58 GB/s [===========         ]  3s
[  ]    212.4 MLBUps    245.11 GB/s [===============     ]  4s
[  ]    212.7 MLBUps    245.49 GB/s [=================== ]  5s
[  ]    ---- :    172.2 MLBUps    198.76 GB/s [====================]
[  ]    212.9 MLBUps    245.68 GB/s [===                 ]  0s
[  ]    212.5 MLBUps    245.19 GB/s [=======             ]  2s
[  ]    212.5 MLBUps    245.22 GB/s [===========         ]  3s
[  ]    211.9 MLBUps    244.56 GB/s [===============     ]  4s
[  ]    212.3 MLBUps    244.97 GB/s [=================== ]  5s
[  ]    ---- :    171.4 MLBUps    197.74 GB/s [====================]
[  ]    212.8 MLBUps    245.52 GB/s [===                 ]  1s
[  ]    212.4 MLBUps    245.05 GB/s [=======             ]  2s
[  ]    212.8 MLBUps    245.54 GB/s [===========         ]  3s
[  ]    212.5 MLBUps    245.20 GB/s [===============     ]  4s
[  ]    212.9 MLBUps    245.66 GB/s [=================== ]  5s
[  ]    ---- :    170.6 MLBUps    196.83 GB/s [====================]
[  ]    212.4 MLBUps    245.10 GB/s [===                 ]  1s
[  ]    212.8 MLBUps    245.54 GB/s [=======             ]  2s
[  ]    212.2 MLBUps    244.88 GB/s [===========         ]  3s
[  ]    212.4 MLBUps    245.11 GB/s [===============     ]  4s
[  ]    212.1 MLBUps    244.78 GB/s [=================== ]  5s
[  ]    ---- :    170.6 MLBUps    196.88 GB/s [====================]
[  ]    212.5 MLBUps    245.18 GB/s [===                 ]  1s
[  ]    212.2 MLBUps    244.85 GB/s [=======             ]  2s
[  ]    212.0 MLBUps    244.64 GB/s [===========         ]  3s
[  ]    212.6 MLBUps    245.32 GB/s [===============     ]  4s
[  ]    212.1 MLBUps    244.82 GB/s [=================== ]  5s
[  ]    ---- :    170.8 MLBUps    197.11 GB/s [====================]
[  ]    212.1 MLBUps    244.74 GB/s [===                 ]  0s
[  ]    212.1 MLBUps    244.77 GB/s [=======             ]  1s
[  ]    212.8 MLBUps    245.61 GB/s [===========         ]  2s
[  ]    212.4 MLBUps    245.11 GB/s [===============     ]  3s
[  ]    212.1 MLBUps    244.71 GB/s [=================== ]  5s
[  ]    ---- :    175.9 MLBUps    203.03 GB/s [====================]
[  ]    211.9 MLBUps    244.53 GB/s [===                 ]  0s
[  ]    212.3 MLBUps    244.95 GB/s [=======             ]  1s
[  ]    212.1 MLBUps    244.81 GB/s [===========         ]  3s
[  ]    212.9 MLBUps    245.65 GB/s [===============     ]  4s
[  ]    212.2 MLBUps    244.88 GB/s [=================== ]  5s
[  ]    ---- :    176.5 MLBUps    203.64 GB/s [====================]
[  ]    212.1 MLBUps    244.78 GB/s [===                 ]  0s
[  ]    212.3 MLBUps    245.04 GB/s [=======             ]  1s
[  ]    212.2 MLBUps    244.93 GB/s [===========         ]  2s
[  ]    212.1 MLBUps    244.73 GB/s [===============     ]  4s
[  ]    212.2 MLBUps    244.85 GB/s [=================== ]  5s
[  ]    ---- :    177.0 MLBUps    204.22 GB/s [====================]
[  ]    ---- :   100000 it writing vtk
[  ]    161.1 MLBUps    185.91 GB/s [===                 ]  1s
[  ]    218.1 MLBUps    251.68 GB/s [======              ]  2s
[  ]    218.2 MLBUps    251.75 GB/s [==========          ]  3s
[  ]    214.8 MLBUps    247.90 GB/s [===============     ]  4s
[  ]    211.7 MLBUps    244.28 GB/s [=================== ]  5s
[  ]    ---- :    201.5 MLBUps    232.49 GB/s [====================]
[  ]    211.4 MLBUps    243.98 GB/s [===                 ]  0s
[  ]    211.8 MLBUps    244.41 GB/s [=======             ]  1s
[  ]    211.9 MLBUps    244.49 GB/s [===========         ]  2s
[  ]    211.7 MLBUps    244.33 GB/s [===============     ]  3s
[  ]    212.0 MLBUps    244.69 GB/s [=================== ]  4s
[  ]    ---- :    193.4 MLBUps    223.15 GB/s [====================]
[  ]    211.5 MLBUps    244.05 GB/s [===                 ]  0s
[  ]    211.7 MLBUps    244.30 GB/s [=======             ]  1s
[  ]    211.3 MLBUps    243.84 GB/s [===========         ]  2s
[  ]    211.8 MLBUps    244.45 GB/s [===============     ]  3s
[  ]    211.2 MLBUps    243.73 GB/s [=================== ]  4s
[  ]    ---- :    186.9 MLBUps    215.67 GB/s [====================]
[  ]    211.6 MLBUps    244.16 GB/s [===                 ]  0s
[  ]    211.6 MLBUps    244.18 GB/s [=======             ]  1s
[  ]    212.1 MLBUps    244.80 GB/s [===========         ]  2s
[  ]    212.5 MLBUps    245.26 GB/s [===============     ]  3s
[  ]    212.2 MLBUps    244.83 GB/s [=================== ]  4s
[  ]    ---- :    184.6 MLBUps    213.03 GB/s [====================]
[  ]    212.2 MLBUps    244.86 GB/s [===                 ]  0s
[  ]    211.8 MLBUps    244.46 GB/s [=======             ]  1s
[  ]    211.1 MLBUps    243.65 GB/s [===========         ]  3s
[  ]    211.9 MLBUps    244.57 GB/s [===============     ]  4s
[  ]    211.9 MLBUps    244.58 GB/s [=================== ]  5s
[  ]    ---- :    181.8 MLBUps    209.85 GB/s [====================]
[  ]    211.8 MLBUps    244.39 GB/s [===                 ]  0s
[  ]    211.9 MLBUps    244.48 GB/s [=======             ]  1s
[  ]    211.8 MLBUps    244.44 GB/s [===========         ]  2s
[  ]    211.7 MLBUps    244.25 GB/s [===============     ]  4s
[  ]    211.5 MLBUps    244.07 GB/s [=================== ]  4s
[  ]    ---- :    183.8 MLBUps    212.12 GB/s [====================]
[  ]    212.2 MLBUps    244.84 GB/s [===                 ]  0s
[  ]    212.0 MLBUps    244.60 GB/s [=======             ]  1s
[  ]    211.1 MLBUps    243.67 GB/s [===========         ]  3s
[  ]    212.4 MLBUps    245.11 GB/s [===============     ]  3s
[  ]    211.3 MLBUps    243.87 GB/s [=================== ]  5s
[  ]    ---- :    181.2 MLBUps    209.06 GB/s [====================]
[  ]    211.3 MLBUps    243.85 GB/s [===                 ]  0s
[  ]    212.0 MLBUps    244.61 GB/s [=======             ]  1s
[  ]    211.4 MLBUps    243.90 GB/s [===========         ]  2s
[  ]    211.2 MLBUps    243.69 GB/s [===============     ]  3s
[  ]    211.3 MLBUps    243.89 GB/s [=================== ]  4s
[  ]    ---- :    186.1 MLBUps    214.76 GB/s [====================]
[  ]    211.1 MLBUps    243.63 GB/s [===                 ]  0s
[  ]    211.7 MLBUps    244.29 GB/s [=======             ]  1s
[  ]    211.6 MLBUps    244.17 GB/s [===========         ]  2s
[  ]    211.6 MLBUps    244.15 GB/s [===============     ]  3s
[  ]    210.7 MLBUps    243.20 GB/s [=================== ]  4s
[  ]    ---- :    188.2 MLBUps    217.19 GB/s [====================]
[  ]    211.0 MLBUps    243.48 GB/s [===                 ]  0s
[  ]    211.5 MLBUps    244.05 GB/s [=======             ]  1s
[  ]    212.0 MLBUps    244.61 GB/s [===========         ]  2s
[  ]    211.6 MLBUps    244.21 GB/s [===============     ]  3s
[  ]    211.5 MLBUps    244.08 GB/s [=================== ]  4s
[  ]    ---- :    188.5 MLBUps    217.55 GB/s [====================]
[  ]    212.0 MLBUps    244.63 GB/s [===                 ]  0s
[  ]    211.0 MLBUps    243.52 GB/s [=======             ]  2s
[  ]    210.9 MLBUps    243.39 GB/s [===========         ]  3s
[  ]    211.4 MLBUps    243.98 GB/s [===============     ]  3s
[  ]    211.3 MLBUps    243.88 GB/s [=================== ]  4s
[  ]    ---- :    186.5 MLBUps    215.19 GB/s [====================]
[  ]    211.3 MLBUps    243.90 GB/s [===                 ]  0s
[  ]    211.4 MLBUps    243.97 GB/s [=======             ]  1s
[  ]    211.5 MLBUps    244.06 GB/s [===========         ]  2s
[  ]    211.0 MLBUps    243.53 GB/s [===============     ]  3s
[  ]    211.0 MLBUps    243.49 GB/s [=================== ]  4s
[  ]    ---- :    188.5 MLBUps    217.55 GB/s [====================]
[  ]    210.9 MLBUps    243.34 GB/s [===                 ]  0s
[  ]    211.9 MLBUps    244.57 GB/s [=======             ]  1s
[  ]    212.0 MLBUps    244.65 GB/s [===========         ]  2s
[  ]    212.1 MLBUps    244.82 GB/s [===============     ]  4s
[  ]    211.4 MLBUps    243.94 GB/s [=================== ]  5s
[  ]    ---- :    180.7 MLBUps    208.48 GB/s [====================]
[  ]    211.4 MLBUps    243.94 GB/s [===                 ]  0s
[  ]    211.2 MLBUps    243.70 GB/s [=======             ]  1s
[  ]    211.1 MLBUps    243.60 GB/s [===========         ]  2s
[  ]    211.1 MLBUps    243.57 GB/s [===============     ]  3s
[  ]    211.7 MLBUps    244.34 GB/s [=================== ]  4s
[  ]    ---- :    188.6 MLBUps    217.61 GB/s [====================]
[  ]    211.2 MLBUps    243.75 GB/s [===                 ]  0s
[  ]    211.6 MLBUps    244.21 GB/s [=======             ]  1s
[  ]    211.9 MLBUps    244.55 GB/s [===========         ]  2s
[  ]    211.4 MLBUps    243.99 GB/s [===============     ]  3s
[  ]    211.3 MLBUps    243.79 GB/s [=================== ]  4s
[  ]    ---- :    188.2 MLBUps    217.18 GB/s [====================]
[  ]    211.2 MLBUps    243.73 GB/s [===                 ]  0s
[  ]    211.1 MLBUps    243.61 GB/s [=======             ]  1s
[  ]    211.2 MLBUps    243.78 GB/s [===========         ]  2s
[  ]    211.3 MLBUps    243.84 GB/s [===============     ]  3s
[  ]    211.3 MLBUps    243.84 GB/s [=================== ]  4s
[  ]    ---- :    189.4 MLBUps    218.61 GB/s [====================]
[  ]    210.9 MLBUps    243.38 GB/s [===                 ]  0s
[  ]    211.5 MLBUps    244.02 GB/s [=======             ]  1s
[  ]    211.5 MLBUps    244.06 GB/s [===========         ]  2s
[  ]    211.8 MLBUps    244.38 GB/s [===============     ]  3s
[  ]    211.2 MLBUps    243.78 GB/s [=================== ]  4s
[  ]    ---- :    189.0 MLBUps    218.10 GB/s [====================]
[  ]    211.1 MLBUps    243.64 GB/s [===                 ]  0s
[  ]    211.5 MLBUps    244.07 GB/s [=======             ]  1s
[  ]    211.9 MLBUps    244.51 GB/s [===========         ]  2s
[  ]    211.3 MLBUps    243.83 GB/s [===============     ]  3s
[  ]    211.1 MLBUps    243.60 GB/s [=================== ]  4s
[  ]    ---- :    186.5 MLBUps    215.17 GB/s [====================]
[  ]    211.2 MLBUps    243.73 GB/s [===                 ]  0s
[  ]    211.0 MLBUps    243.45 GB/s [=======             ]  1s
[  ]    211.8 MLBUps    244.38 GB/s [===========         ]  2s
[  ]    211.0 MLBUps    243.47 GB/s [===============     ]  3s
[  ]    211.4 MLBUps    244.01 GB/s [=================== ]  4s
[  ]    ---- :    188.7 MLBUps    217.75 GB/s [====================]
[  ]    211.6 MLBUps    244.22 GB/s [===                 ]  0s
[  ]    212.0 MLBUps    244.71 GB/s [=======             ]  1s
[  ]    211.6 MLBUps    244.22 GB/s [===========         ]  2s
[  ]    211.5 MLBUps    244.12 GB/s [===============     ]  3s
[  ]    212.0 MLBUps    244.62 GB/s [=================== ]  4s
[  ]    ---- :    186.2 MLBUps    214.93 GB/s [====================]
[  ]    ---- :   120000 it writing vtk
[  ]    121.6 MLBUps    140.32 GB/s [===                 ]  1s
[  ]    219.2 MLBUps    252.94 GB/s [======              ]  2s
[  ]    217.0 MLBUps    250.37 GB/s [==========          ]  3s
[  ]    214.7 MLBUps    247.81 GB/s [==============      ]  4s
[  ]    212.1 MLBUps    244.81 GB/s [==================  ]  5s
[  ]    ---- :    206.1 MLBUps    237.90 GB/s [====================]
[  ]    212.1 MLBUps    244.78 GB/s [===                 ]  0s
[  ]    212.3 MLBUps    244.94 GB/s [=======             ]  1s
[  ]    211.7 MLBUps    244.32 GB/s [===========         ]  2s
[  ]    212.4 MLBUps    245.13 GB/s [===============     ]  3s
[  ]    211.4 MLBUps    243.94 GB/s [=================== ]  4s
[  ]    ---- :    197.8 MLBUps    228.21 GB/s [====================]
[  ]    211.9 MLBUps    244.55 GB/s [===                 ]  0s
[  ]    211.7 MLBUps    244.32 GB/s [=======             ]  1s
[  ]    212.1 MLBUps    244.75 GB/s [===========         ]  2s
[  ]    212.2 MLBUps    244.86 GB/s [===============     ]  3s
[  ]    212.0 MLBUps    244.67 GB/s [=================== ]  5s
[  ]    ---- :    181.5 MLBUps    209.48 GB/s [====================]
[  ]    212.3 MLBUps    245.02 GB/s [===                 ]  0s
[  ]    211.8 MLBUps    244.42 GB/s [=======             ]  1s
[  ]    212.1 MLBUps    244.74 GB/s [===========         ]  2s
[  ]    211.2 MLBUps    243.68 GB/s [===============     ]  3s
[  ]    212.3 MLBUps    245.04 GB/s [=================== ]  4s
[  ]    ---- :    183.7 MLBUps    211.97 GB/s [====================]
[  ]    211.8 MLBUps    244.43 GB/s [===                 ]  0s
[  ]    211.6 MLBUps    244.22 GB/s [=======             ]  1s
[  ]    211.6 MLBUps    244.20 GB/s [===========         ]  2s
[  ]    211.9 MLBUps    244.53 GB/s [===============     ]  3s
[  ]    212.1 MLBUps    244.81 GB/s [=================== ]  4s
[  ]    ---- :    185.9 MLBUps    214.48 GB/s [====================]
[  ]    211.9 MLBUps    244.57 GB/s [===                 ]  0s
[  ]    212.4 MLBUps    245.10 GB/s [=======             ]  1s
[  ]    211.5 MLBUps    244.10 GB/s [===========         ]  3s
[  ]    211.7 MLBUps    244.32 GB/s [===============     ]  3s
[  ]    211.5 MLBUps    244.12 GB/s [=================== ]  4s
[  ]    ---- :    184.4 MLBUps    212.82 GB/s [====================]
[  ]    212.0 MLBUps    244.65 GB/s [===                 ]  0s
[  ]    211.8 MLBUps    244.43 GB/s [=======             ]  1s
[  ]    211.4 MLBUps    243.97 GB/s [===========         ]  2s
[  ]    211.3 MLBUps    243.81 GB/s [===============     ]  3s
[  ]    211.3 MLBUps    243.87 GB/s [=================== ]  4s
[  ]    ---- :    186.9 MLBUps    215.64 GB/s [====================]
[  ]    211.3 MLBUps    243.82 GB/s [===                 ]  0s
[  ]    211.4 MLBUps    243.96 GB/s [=======             ]  1s
[  ]    211.5 MLBUps    244.12 GB/s [===========         ]  2s
[  ]    211.3 MLBUps    243.85 GB/s [===============     ]  3s
[  ]    211.2 MLBUps    243.76 GB/s [=================== ]  4s
[  ]    ---- :    188.8 MLBUps    217.88 GB/s [====================]
[  ]    211.9 MLBUps    244.54 GB/s [===                 ]  0s
[  ]    211.3 MLBUps    243.87 GB/s [=======             ]  2s
[  ]    211.9 MLBUps    244.58 GB/s [===========         ]  2s
[  ]    211.2 MLBUps    243.77 GB/s [===============     ]  4s
[  ]    211.8 MLBUps    244.38 GB/s [=================== ]  4s
[  ]    ---- :    184.4 MLBUps    212.76 GB/s [====================]
[  ]    211.3 MLBUps    243.86 GB/s [===                 ]  0s
[  ]    212.1 MLBUps    244.80 GB/s [=======             ]  1s
[  ]    211.4 MLBUps    243.92 GB/s [===========         ]  2s
[  ]    211.4 MLBUps    244.01 GB/s [===============     ]  3s
[  ]    211.2 MLBUps    243.76 GB/s [=================== ]  4s
[  ]    ---- :    186.1 MLBUps    214.74 GB/s [====================]
[  ]    211.4 MLBUps    243.92 GB/s [===                 ]  0s
[  ]    211.0 MLBUps    243.50 GB/s [=======             ]  1s
[  ]    211.2 MLBUps    243.77 GB/s [===========         ]  2s
[  ]    211.8 MLBUps    244.40 GB/s [===============     ]  3s
[  ]    212.0 MLBUps    244.61 GB/s [=================== ]  4s
[  ]    ---- :    188.2 MLBUps    217.19 GB/s [====================]
[  ]    211.0 MLBUps    243.54 GB/s [===                 ]  0s
[  ]    211.6 MLBUps    244.24 GB/s [=======             ]  1s
[  ]    211.3 MLBUps    243.79 GB/s [===========         ]  2s
[  ]    211.3 MLBUps    243.81 GB/s [===============     ]  3s
[  ]    211.5 MLBUps    244.02 GB/s [=================== ]  4s
[  ]    ---- :    188.6 MLBUps    217.69 GB/s [====================]
[  ]    211.9 MLBUps    244.52 GB/s [===                 ]  0s
[  ]    211.0 MLBUps    243.52 GB/s [=======             ]  2s
[  ]    211.4 MLBUps    243.92 GB/s [===========         ]  3s
[  ]    211.8 MLBUps    244.36 GB/s [===============     ]  3s
[  ]    211.3 MLBUps    243.87 GB/s [=================== ]  4s
[  ]    ---- :    186.1 MLBUps    214.75 GB/s [====================]
[  ]    211.9 MLBUps    244.49 GB/s [===                 ]  0s
[  ]    211.2 MLBUps    243.74 GB/s [=======             ]  2s
[  ]    211.1 MLBUps    243.63 GB/s [===========         ]  3s
[  ]    211.7 MLBUps    244.27 GB/s [===============     ]  3s
[  ]    212.4 MLBUps    245.06 GB/s [=================== ]  4s
[  ]    ---- :    188.0 MLBUps    216.93 GB/s [====================]
[  ]    211.6 MLBUps    244.17 GB/s [===                 ]  0s
[  ]    211.4 MLBUps    243.95 GB/s [=======             ]  1s
[  ]    211.8 MLBUps    244.39 GB/s [===========         ]  2s
[  ]    211.9 MLBUps    244.55 GB/s [===============     ]  3s
[  ]    211.5 MLBUps    244.02 GB/s [=================== ]  4s
[  ]    ---- :    186.8 MLBUps    215.51 GB/s [====================]
[  ]    212.0 MLBUps    244.70 GB/s [===                 ]  0s
[  ]    211.7 MLBUps    244.25 GB/s [=======             ]  1s
[  ]    211.7 MLBUps    244.35 GB/s [===========         ]  2s
[  ]    211.8 MLBUps    244.42 GB/s [===============     ]  3s
[  ]    212.0 MLBUps    244.60 GB/s [=================== ]  4s
[  ]    ---- :    187.2 MLBUps    216.08 GB/s [====================]
[  ]    212.1 MLBUps    244.72 GB/s [===                 ]  0s
[  ]    212.2 MLBUps    244.93 GB/s [=======             ]  1s
[  ]    211.7 MLBUps    244.36 GB/s [===========         ]  3s
[  ]    211.2 MLBUps    243.74 GB/s [===============     ]  3s
[  ]    212.1 MLBUps    244.73 GB/s [=================== ]  4s
[  ]    ---- :    183.5 MLBUps    211.76 GB/s [====================]
[  ]    211.6 MLBUps    244.15 GB/s [===                 ]  0s
[  ]    212.1 MLBUps    244.74 GB/s [=======             ]  1s
[  ]    211.7 MLBUps    244.30 GB/s [===========         ]  2s
[  ]    211.9 MLBUps    244.59 GB/s [===============     ]  3s
[  ]    211.4 MLBUps    243.97 GB/s [=================== ]  4s
[  ]    ---- :    184.4 MLBUps    212.79 GB/s [====================]
[  ]    211.4 MLBUps    243.92 GB/s [===                 ]  0s
[  ]    211.8 MLBUps    244.45 GB/s [=======             ]  1s
[  ]    211.8 MLBUps    244.43 GB/s [===========         ]  2s
[  ]    211.5 MLBUps    244.07 GB/s [===============     ]  3s
[  ]    211.9 MLBUps    244.51 GB/s [=================== ]  4s
[  ]    ---- :    187.2 MLBUps    216.02 GB/s [====================]
[  ]    211.8 MLBUps    244.46 GB/s [===                 ]  0s
[  ]    211.4 MLBUps    244.00 GB/s [=======             ]  2s
[  ]    211.8 MLBUps    244.40 GB/s [===========         ]  2s
[  ]    211.3 MLBUps    243.88 GB/s [===============     ]  3s
[  ]    211.9 MLBUps    244.56 GB/s [=================== ]  4s
[  ]    ---- :    186.4 MLBUps    215.07 GB/s [====================]
[  ]    ---- :   140000 it writing vtk
[  ]    160.4 MLBUps    185.12 GB/s [===                 ]  1s
[  ]    215.0 MLBUps    248.12 GB/s [======              ]  2s
[  ]    211.5 MLBUps    244.10 GB/s [==========          ]  3s
[  ]    211.1 MLBUps    243.58 GB/s [==============      ]  4s
[  ]    211.2 MLBUps    243.77 GB/s [==================  ]  5s
[  ]    ---- :    203.8 MLBUps    235.22 GB/s [====================]
[  ]    211.7 MLBUps    244.29 GB/s [===                 ]  0s
[  ]    212.0 MLBUps    244.60 GB/s [=======             ]  1s
[  ]    211.9 MLBUps    244.58 GB/s [===========         ]  2s
[  ]    211.4 MLBUps    243.92 GB/s [===============     ]  3s
[  ]    211.5 MLBUps    244.05 GB/s [=================== ]  4s
[  ]    ---- :    194.6 MLBUps    224.62 GB/s [====================]
[  ]    211.6 MLBUps    244.16 GB/s [===                 ]  0s
[  ]    211.2 MLBUps    243.75 GB/s [=======             ]  1s
[  ]    211.4 MLBUps    243.94 GB/s [===========         ]  2s
[  ]    211.2 MLBUps    243.68 GB/s [===============     ]  3s
[  ]    211.1 MLBUps    243.63 GB/s [=================== ]  4s
[  ]    ---- :    188.1 MLBUps    217.04 GB/s [====================]
[  ]    212.0 MLBUps    244.60 GB/s [===                 ]  0s
[  ]    212.0 MLBUps    244.61 GB/s [=======             ]  1s
[  ]    211.6 MLBUps    244.18 GB/s [===========         ]  3s
[  ]    211.7 MLBUps    244.35 GB/s [===============     ]  3s
[  ]    211.5 MLBUps    244.01 GB/s [=================== ]  4s
[  ]    ---- :    184.5 MLBUps    212.88 GB/s [====================]
[  ]    211.8 MLBUps    244.39 GB/s [===                 ]  0s
[  ]    211.4 MLBUps    243.99 GB/s [=======             ]  1s
[  ]    211.1 MLBUps    243.65 GB/s [===========         ]  2s
[  ]    211.2 MLBUps    243.77 GB/s [===============     ]  3s
[  ]    211.7 MLBUps    244.31 GB/s [=================== ]  4s
[  ]    ---- :    190.1 MLBUps    219.42 GB/s [====================]
[  ]    211.7 MLBUps    244.25 GB/s [===                 ]  0s
[  ]    211.1 MLBUps    243.60 GB/s [=======             ]  1s
[  ]    211.4 MLBUps    243.92 GB/s [===========         ]  2s
[  ]    210.9 MLBUps    243.44 GB/s [===============     ]  3s
[  ]    211.2 MLBUps    243.67 GB/s [=================== ]  4s
[  ]    ---- :    189.0 MLBUps    218.15 GB/s [====================]
[  ]    212.1 MLBUps    244.73 GB/s [===                 ]  0s
[  ]    211.4 MLBUps    244.01 GB/s [=======             ]  2s
[  ]    211.7 MLBUps    244.36 GB/s [===========         ]  2s
[  ]    212.1 MLBUps    244.81 GB/s [===============     ]  3s
[  ]    211.7 MLBUps    244.32 GB/s [=================== ]  4s
[  ]    ---- :    183.3 MLBUps    211.50 GB/s [====================]
[  ]    211.6 MLBUps    244.16 GB/s [===                 ]  0s
[  ]    212.1 MLBUps    244.82 GB/s [=======             ]  1s
[  ]    211.8 MLBUps    244.41 GB/s [===========         ]  2s
[  ]    212.0 MLBUps    244.69 GB/s [===============     ]  3s
[  ]    211.9 MLBUps    244.58 GB/s [=================== ]  4s
[  ]    ---- :    184.5 MLBUps    212.97 GB/s [====================]
[  ]    211.6 MLBUps    244.18 GB/s [===                 ]  0s
[  ]    212.0 MLBUps    244.62 GB/s [=======             ]  1s
[  ]    211.5 MLBUps    244.02 GB/s [===========         ]  2s
[  ]    211.7 MLBUps    244.25 GB/s [===============     ]  3s
[  ]    211.5 MLBUps    244.09 GB/s [=================== ]  4s
[  ]    ---- :    187.6 MLBUps    216.44 GB/s [====================]
[  ]    211.0 MLBUps    243.51 GB/s [===                 ]  0s
[  ]    211.4 MLBUps    243.95 GB/s [=======             ]  1s
[  ]    211.1 MLBUps    243.65 GB/s [===========         ]  2s
[  ]    212.1 MLBUps    244.76 GB/s [===============     ]  3s
[  ]    211.6 MLBUps    244.21 GB/s [=================== ]  4s
[  ]    ---- :    186.5 MLBUps    215.19 GB/s [====================]
[  ]    211.3 MLBUps    243.87 GB/s [===                 ]  0s
[  ]    211.2 MLBUps    243.68 GB/s [=======             ]  1s
[  ]    211.1 MLBUps    243.65 GB/s [===========         ]  2s
[  ]    211.7 MLBUps    244.30 GB/s [===============     ]  3s
[  ]    211.9 MLBUps    244.54 GB/s [=================== ]  4s
[  ]    ---- :    188.7 MLBUps    217.78 GB/s [====================]
[  ]    211.5 MLBUps    244.11 GB/s [===                 ]  0s
[  ]    211.7 MLBUps    244.29 GB/s [=======             ]  1s
[  ]    211.7 MLBUps    244.35 GB/s [===========         ]  2s
[  ]    211.8 MLBUps    244.47 GB/s [===============     ]  3s
[  ]    211.1 MLBUps    243.60 GB/s [=================== ]  4s
[  ]    ---- :    187.1 MLBUps    215.90 GB/s [====================]
[  ]    211.8 MLBUps    244.45 GB/s [===                 ]  0s
[  ]    211.0 MLBUps    243.44 GB/s [=======             ]  2s
[  ]    211.3 MLBUps    243.89 GB/s [===========         ]  3s
[  ]    212.0 MLBUps    244.64 GB/s [===============     ]  3s
[  ]    211.3 MLBUps    243.87 GB/s [=================== ]  5s
[  ]    ---- :    184.3 MLBUps    212.68 GB/s [====================]
[  ]    212.0 MLBUps    244.60 GB/s [===                 ]  0s
[  ]    211.7 MLBUps    244.28 GB/s [=======             ]  1s
[  ]    211.1 MLBUps    243.62 GB/s [===========         ]  2s
[  ]    211.7 MLBUps    244.35 GB/s [===============     ]  3s
[  ]    212.1 MLBUps    244.79 GB/s [=================== ]  4s
[  ]    ---- :    187.1 MLBUps    215.93 GB/s [====================]
[  ]    211.6 MLBUps    244.16 GB/s [===                 ]  0s
[  ]    212.3 MLBUps    244.96 GB/s [=======             ]  1s
[  ]    211.3 MLBUps    243.83 GB/s [===========         ]  2s
[  ]    211.3 MLBUps    243.82 GB/s [===============     ]  3s
[  ]    211.3 MLBUps    243.79 GB/s [=================== ]  4s
[  ]    ---- :    186.5 MLBUps    215.22 GB/s [====================]
[  ]    211.1 MLBUps    243.58 GB/s [===                 ]  0s
[  ]    211.5 MLBUps    244.11 GB/s [=======             ]  1s
[  ]    211.5 MLBUps    244.07 GB/s [===========         ]  2s
[  ]    211.6 MLBUps    244.20 GB/s [===============     ]  3s
[  ]    212.2 MLBUps    244.92 GB/s [=================== ]  4s
[  ]    ---- :    190.2 MLBUps    219.50 GB/s [====================]
[  ]    211.3 MLBUps    243.83 GB/s [===                 ]  0s
[  ]    211.3 MLBUps    243.89 GB/s [=======             ]  1s
[  ]    211.9 MLBUps    244.57 GB/s [===========         ]  2s
[  ]    211.3 MLBUps    243.86 GB/s [===============     ]  3s
[  ]    211.9 MLBUps    244.54 GB/s [=================== ]  4s
[  ]    ---- :    188.0 MLBUps    217.00 GB/s [====================]
[  ]    211.7 MLBUps    244.27 GB/s [===                 ]  0s
[  ]    210.8 MLBUps    243.32 GB/s [=======             ]  1s
[  ]    211.1 MLBUps    243.60 GB/s [===========         ]  2s
[  ]    211.7 MLBUps    244.26 GB/s [===============     ]  3s
[  ]    211.9 MLBUps    244.56 GB/s [=================== ]  4s
[  ]    ---- :    188.8 MLBUps    217.86 GB/s [====================]
[  ]    211.3 MLBUps    243.84 GB/s [===                 ]  0s
[  ]    211.9 MLBUps    244.51 GB/s [=======             ]  1s
[  ]    211.4 MLBUps    244.01 GB/s [===========         ]  2s
[  ]    212.3 MLBUps    244.95 GB/s [===============     ]  3s
[  ]    211.3 MLBUps    243.86 GB/s [=================== ]  4s
[  ]    ---- :    184.0 MLBUps    212.33 GB/s [====================]
[  ]    211.5 MLBUps    244.12 GB/s [===                 ]  0s
[  ]    211.5 MLBUps    244.11 GB/s [=======             ]  1s
[  ]    211.2 MLBUps    243.71 GB/s [===========         ]  2s
[  ]    211.8 MLBUps    244.43 GB/s [===============     ]  3s
[  ]    211.7 MLBUps    244.26 GB/s [=================== ]  4s
[  ]    ---- :    190.0 MLBUps    219.26 GB/s [====================]
[  ]    ---- :   160000 it writing vtk
[  ]    160.7 MLBUps    185.43 GB/s [===                 ]  1s
[  ]    215.8 MLBUps    249.08 GB/s [======              ]  2s
[  ]    210.4 MLBUps    242.83 GB/s [==========          ]  3s
[  ]    210.9 MLBUps    243.39 GB/s [==============      ]  4s
[  ]    211.5 MLBUps    244.02 GB/s [==================  ]  5s
[  ]    ---- :    202.6 MLBUps    233.85 GB/s [====================]
[  ]    210.5 MLBUps    242.95 GB/s [===                 ]  0s
[  ]    210.9 MLBUps    243.39 GB/s [=======             ]  1s
[  ]    210.7 MLBUps    243.10 GB/s [===========         ]  2s
[  ]    210.7 MLBUps    243.11 GB/s [===============     ]  3s
[  ]    210.7 MLBUps    243.10 GB/s [=================== ]  4s
[  ]    ---- :    196.3 MLBUps    226.51 GB/s [====================]
[  ]    210.7 MLBUps    243.11 GB/s [===                 ]  1s
[  ]    210.7 MLBUps    243.12 GB/s [=======             ]  2s
[  ]    210.9 MLBUps    243.33 GB/s [===========         ]  3s
[  ]    210.8 MLBUps    243.22 GB/s [===============     ]  3s
[  ]    210.6 MLBUps    243.04 GB/s [=================== ]  5s
[  ]    ---- :    188.7 MLBUps    217.72 GB/s [====================]
[  ]    210.9 MLBUps    243.34 GB/s [===                 ]  0s
[  ]    210.5 MLBUps    242.93 GB/s [=======             ]  2s
[  ]    211.1 MLBUps    243.64 GB/s [===========         ]  2s
[  ]    211.0 MLBUps    243.50 GB/s [===============     ]  3s
[  ]    210.7 MLBUps    243.17 GB/s [=================== ]  4s
[  ]    ---- :    188.6 MLBUps    217.66 GB/s [====================]
[  ]    210.3 MLBUps    242.70 GB/s [===                 ]  1s
[  ]    210.5 MLBUps    242.88 GB/s [=======             ]  2s
[  ]    210.6 MLBUps    243.07 GB/s [===========         ]  3s
[  ]    210.6 MLBUps    243.06 GB/s [===============     ]  4s
[  ]    210.6 MLBUps    243.04 GB/s [=================== ]  5s
[  ]    ---- :    188.8 MLBUps    217.92 GB/s [====================]
[  ]    210.9 MLBUps    243.38 GB/s [===                 ]  0s
[  ]    210.6 MLBUps    243.06 GB/s [=======             ]  1s
[  ]    210.7 MLBUps    243.16 GB/s [===========         ]  2s
[  ]    210.9 MLBUps    243.33 GB/s [===============     ]  3s
[  ]    210.7 MLBUps    243.19 GB/s [=================== ]  4s
[  ]    ---- :    187.8 MLBUps    216.77 GB/s [====================]
[  ]    210.5 MLBUps    242.91 GB/s [===                 ]  1s
[  ]    210.8 MLBUps    243.32 GB/s [=======             ]  2s
[  ]    210.7 MLBUps    243.16 GB/s [===========         ]  3s
[  ]    210.7 MLBUps    243.13 GB/s [===============     ]  4s
[  ]    210.9 MLBUps    243.36 GB/s [=================== ]  5s
[  ]    ---- :    188.5 MLBUps    217.56 GB/s [====================]
[  ]    210.4 MLBUps    242.85 GB/s [===                 ]  1s
[  ]    210.6 MLBUps    243.05 GB/s [=======             ]  2s
[  ]    210.5 MLBUps    242.94 GB/s [===========         ]  3s
[  ]    210.8 MLBUps    243.27 GB/s [===============     ]  4s
[  ]    210.6 MLBUps    242.98 GB/s [=================== ]  5s
[  ]    ---- :    188.7 MLBUps    217.72 GB/s [====================]
[  ]    211.1 MLBUps    243.61 GB/s [===                 ]  0s
[  ]    210.7 MLBUps    243.14 GB/s [=======             ]  1s
[  ]    210.7 MLBUps    243.16 GB/s [===========         ]  2s
[  ]    210.6 MLBUps    243.08 GB/s [===============     ]  3s
[  ]    210.7 MLBUps    243.19 GB/s [=================== ]  4s
[  ]    ---- :    188.8 MLBUps    217.86 GB/s [====================]
[  ]    210.8 MLBUps    243.27 GB/s [===                 ]  0s
[  ]    210.6 MLBUps    243.01 GB/s [=======             ]  2s
[  ]    210.7 MLBUps    243.18 GB/s [===========         ]  3s
[  ]    210.7 MLBUps    243.15 GB/s [===============     ]  4s
[  ]    211.1 MLBUps    243.60 GB/s [=================== ]  4s
[  ]    ---- :    188.8 MLBUps    217.86 GB/s [====================]
[  ]    210.8 MLBUps    243.22 GB/s [===                 ]  0s
[  ]    210.9 MLBUps    243.34 GB/s [=======             ]  1s
[  ]    210.6 MLBUps    243.04 GB/s [===========         ]  2s
[  ]    210.7 MLBUps    243.10 GB/s [===============     ]  4s
[  ]    210.9 MLBUps    243.38 GB/s [=================== ]  4s
[  ]    ---- :    188.8 MLBUps    217.87 GB/s [====================]
[  ]    210.5 MLBUps    242.94 GB/s [===                 ]  1s
[  ]    210.6 MLBUps    243.08 GB/s [=======             ]  2s
[  ]    210.7 MLBUps    243.14 GB/s [===========         ]  3s
[  ]    210.7 MLBUps    243.11 GB/s [===============     ]  4s
[  ]    210.9 MLBUps    243.36 GB/s [=================== ]  5s
[  ]    ---- :    188.2 MLBUps    217.22 GB/s [====================]
[  ]    210.6 MLBUps    243.05 GB/s [===                 ]  1s
[  ]    211.1 MLBUps    243.62 GB/s [=======             ]  1s
[  ]    211.2 MLBUps    243.68 GB/s [===========         ]  2s
[  ]    210.7 MLBUps    243.14 GB/s [===============     ]  3s
[  ]    210.6 MLBUps    242.98 GB/s [=================== ]  4s
[  ]    ---- :    188.3 MLBUps    217.32 GB/s [====================]
[  ]    211.3 MLBUps    243.87 GB/s [===                 ]  0s
[  ]    210.6 MLBUps    243.08 GB/s [=======             ]  1s
[  ]    210.8 MLBUps    243.22 GB/s [===========         ]  2s
[  ]    210.7 MLBUps    243.18 GB/s [===============     ]  3s
[  ]    210.7 MLBUps    243.10 GB/s [=================== ]  4s
[  ]    ---- :    187.9 MLBUps    216.89 GB/s [====================]
[  ]    210.8 MLBUps    243.29 GB/s [===                 ]  0s
[  ]    211.0 MLBUps    243.49 GB/s [=======             ]  1s
[  ]    210.7 MLBUps    243.13 GB/s [===========         ]  2s
[  ]    210.9 MLBUps    243.34 GB/s [===============     ]  3s
[  ]    210.7 MLBUps    243.18 GB/s [=================== ]  4s
[  ]    ---- :    188.6 MLBUps    217.65 GB/s [====================]
[  ]    211.4 MLBUps    243.93 GB/s [===                 ]  0s
[  ]    210.7 MLBUps    243.17 GB/s [=======             ]  1s
[  ]    210.7 MLBUps    243.16 GB/s [===========         ]  2s
[  ]    210.8 MLBUps    243.23 GB/s [===============     ]  3s
[  ]    210.9 MLBUps    243.37 GB/s [=================== ]  4s
[  ]    ---- :    189.6 MLBUps    218.81 GB/s [====================]
[  ]    210.7 MLBUps    243.12 GB/s [===                 ]  1s
[  ]    210.8 MLBUps    243.24 GB/s [=======             ]  2s
[  ]    211.2 MLBUps    243.69 GB/s [===========         ]  2s
[  ]    210.6 MLBUps    243.03 GB/s [===============     ]  3s
[  ]    210.5 MLBUps    242.95 GB/s [=================== ]  4s
[  ]    ---- :    188.4 MLBUps    217.38 GB/s [====================]
[  ]    211.1 MLBUps    243.57 GB/s [===                 ]  0s
[  ]    210.7 MLBUps    243.16 GB/s [=======             ]  1s
[  ]    210.8 MLBUps    243.21 GB/s [===========         ]  2s
[  ]    210.7 MLBUps    243.20 GB/s [===============     ]  3s
[  ]    212.0 MLBUps    244.61 GB/s [=================== ]  4s
[  ]    ---- :    189.6 MLBUps    218.79 GB/s [====================]
[  ]    213.5 MLBUps    246.37 GB/s [===                 ]  0s
[  ]    212.9 MLBUps    245.67 GB/s [=======             ]  1s
[  ]    212.5 MLBUps    245.18 GB/s [===========         ]  2s
[  ]    212.6 MLBUps    245.29 GB/s [===============     ]  3s
[  ]    212.8 MLBUps    245.53 GB/s [=================== ]  4s
[  ]    ---- :    177.7 MLBUps    205.05 GB/s [====================]
[  ]    212.7 MLBUps    245.40 GB/s [===                 ]  1s
[  ]    212.7 MLBUps    245.43 GB/s [=======             ]  2s
[  ]    212.7 MLBUps    245.43 GB/s [===========         ]  3s
[  ]    212.6 MLBUps    245.37 GB/s [===============     ]  4s
[  ]    212.8 MLBUps    245.61 GB/s [=================== ]  5s
[  ]    ---- :    171.3 MLBUps    197.72 GB/s [====================]
[  ]    ---- :   180000 it writing vtk
[  ]    162.6 MLBUps    187.63 GB/s [===                 ]  1s
[  ]    217.7 MLBUps    251.23 GB/s [=======             ]  2s
[  ]    212.9 MLBUps    245.73 GB/s [===========         ]  3s
[  ]    212.9 MLBUps    245.70 GB/s [===============     ]  4s
[  ]    212.8 MLBUps    245.58 GB/s [==================  ]  5s
[  ]    ---- :    204.7 MLBUps    236.24 GB/s [====================]
[  ]    212.7 MLBUps    245.49 GB/s [===                 ]  0s
[  ]    213.9 MLBUps    246.86 GB/s [=======             ]  1s
[  ]    212.9 MLBUps    245.73 GB/s [===========         ]  2s
[  ]    212.7 MLBUps    245.48 GB/s [===============     ]  3s
[  ]    213.0 MLBUps    245.82 GB/s [=================== ]  4s
[  ]    ---- :    191.9 MLBUps    221.42 GB/s [====================]
[  ]    212.3 MLBUps    244.94 GB/s [===                 ]  1s
[  ]    212.9 MLBUps    245.71 GB/s [=======             ]  2s
[  ]    213.0 MLBUps    245.84 GB/s [===========         ]  3s
[  ]    212.4 MLBUps    245.13 GB/s [===============     ]  4s
[  ]    213.1 MLBUps    245.88 GB/s [=================== ]  5s
[  ]    ---- :    172.2 MLBUps    198.75 GB/s [====================]
[  ]    212.9 MLBUps    245.72 GB/s [===                 ]  0s
[  ]    213.3 MLBUps    246.17 GB/s [=======             ]  1s
[  ]    212.6 MLBUps    245.33 GB/s [===========         ]  2s
[  ]    212.8 MLBUps    245.54 GB/s [===============     ]  3s
[  ]    212.6 MLBUps    245.39 GB/s [=================== ]  5s
[  ]    ---- :    171.8 MLBUps    198.27 GB/s [====================]
[  ]    212.6 MLBUps    245.33 GB/s [===                 ]  1s
[  ]    213.7 MLBUps    246.59 GB/s [=======             ]  1s
[  ]    213.3 MLBUps    246.11 GB/s [===========         ]  2s
[  ]    212.9 MLBUps    245.64 GB/s [===============     ]  3s
[  ]    213.3 MLBUps    246.19 GB/s [=================== ]  4s
[  ]    ---- :    171.0 MLBUps    197.35 GB/s [====================]
[  ]    212.9 MLBUps    245.70 GB/s [===                 ]  0s
[  ]    212.7 MLBUps    245.42 GB/s [=======             ]  2s
[  ]    212.4 MLBUps    245.16 GB/s [===========         ]  3s
[  ]    212.7 MLBUps    245.46 GB/s [===============     ]  4s
[  ]    212.7 MLBUps    245.45 GB/s [=================== ]  5s
[  ]    ---- :    171.6 MLBUps    198.08 GB/s [====================]
[  ]    205.3 MLBUps    236.88 GB/s [===                 ]  1s
[  ]    204.2 MLBUps    235.65 GB/s [=======             ]  2s
[  ]    203.9 MLBUps    235.30 GB/s [===========         ]  3s
[  ]    204.1 MLBUps    235.51 GB/s [===============     ]  4s
[  ]    207.2 MLBUps    239.07 GB/s [=================== ]  5s
[  ]    ---- :    196.0 MLBUps    226.19 GB/s [====================]
[  ]    207.0 MLBUps    238.93 GB/s [===                 ]  0s
[  ]    208.7 MLBUps    240.85 GB/s [=======             ]  1s
[  ]    209.6 MLBUps    241.82 GB/s [===========         ]  2s
[  ]    209.4 MLBUps    241.65 GB/s [===============     ]  3s
[  ]    209.4 MLBUps    241.66 GB/s [=================== ]  4s
[  ]    ---- :    196.8 MLBUps    227.09 GB/s [====================]
[  ]    209.7 MLBUps    241.99 GB/s [===                 ]  0s
[  ]    209.8 MLBUps    242.08 GB/s [=======             ]  1s
[  ]    209.6 MLBUps    241.83 GB/s [===========         ]  3s
[  ]    209.9 MLBUps    242.20 GB/s [===============     ]  3s
[  ]    209.3 MLBUps    241.57 GB/s [=================== ]  5s
[  ]    ---- :    190.6 MLBUps    219.93 GB/s [====================]
[  ]    209.8 MLBUps    242.15 GB/s [===                 ]  0s
[  ]    209.7 MLBUps    241.94 GB/s [=======             ]  1s
[  ]    209.7 MLBUps    241.94 GB/s [===========         ]  2s
[  ]    210.9 MLBUps    243.38 GB/s [===============     ]  3s
[  ]    211.7 MLBUps    244.26 GB/s [=================== ]  4s
[  ]    ---- :    193.7 MLBUps    223.55 GB/s [====================]
[  ]    211.3 MLBUps    243.81 GB/s [===                 ]  0s
[  ]    211.2 MLBUps    243.78 GB/s [=======             ]  1s
[  ]    211.6 MLBUps    244.17 GB/s [===========         ]  2s
[  ]    211.4 MLBUps    243.91 GB/s [===============     ]  3s
[  ]    211.4 MLBUps    243.91 GB/s [=================== ]  4s
[  ]    ---- :    188.7 MLBUps    217.75 GB/s [====================]
[  ]    211.9 MLBUps    244.59 GB/s [===                 ]  0s
[  ]    211.5 MLBUps    244.09 GB/s [=======             ]  2s
[  ]    211.6 MLBUps    244.20 GB/s [===========         ]  2s
[  ]    211.8 MLBUps    244.37 GB/s [===============     ]  3s
[  ]    211.6 MLBUps    244.22 GB/s [=================== ]  4s
[  ]    ---- :    186.4 MLBUps    215.11 GB/s [====================]
[  ]    211.3 MLBUps    243.87 GB/s [===                 ]  0s
[  ]    211.6 MLBUps    244.21 GB/s [=======             ]  1s
[  ]    212.1 MLBUps    244.79 GB/s [===========         ]  2s
[  ]    211.3 MLBUps    243.83 GB/s [===============     ]  3s
[  ]    211.3 MLBUps    243.81 GB/s [=================== ]  4s
[  ]    ---- :    186.6 MLBUps    215.37 GB/s [====================]
[  ]    211.9 MLBUps    244.57 GB/s [===                 ]  0s
[  ]    211.5 MLBUps    244.09 GB/s [=======             ]  2s
[  ]    212.4 MLBUps    245.06 GB/s [===========         ]  2s
[  ]    211.9 MLBUps    244.58 GB/s [===============     ]  3s
[  ]    212.6 MLBUps    245.33 GB/s [=================== ]  4s
[  ]    ---- :    180.9 MLBUps    208.73 GB/s [====================]
[  ]    212.5 MLBUps    245.27 GB/s [===                 ]  0s
[  ]    212.4 MLBUps    245.16 GB/s [=======             ]  1s
[  ]    212.9 MLBUps    245.70 GB/s [===========         ]  2s
[  ]    212.4 MLBUps    245.09 GB/s [===============     ]  3s
[  ]    212.8 MLBUps    245.60 GB/s [=================== ]  4s
[  ]    ---- :    177.9 MLBUps    205.24 GB/s [====================]
[  ]    212.9 MLBUps    245.69 GB/s [===                 ]  0s
[  ]    212.9 MLBUps    245.66 GB/s [=======             ]  1s
[  ]    212.9 MLBUps    245.72 GB/s [===========         ]  2s
[  ]    212.8 MLBUps    245.57 GB/s [===============     ]  4s
[  ]    212.6 MLBUps    245.35 GB/s [=================== ]  5s
[  ]    ---- :    172.7 MLBUps    199.34 GB/s [====================]
[  ]    212.7 MLBUps    245.43 GB/s [===                 ]  1s
[  ]    212.9 MLBUps    245.68 GB/s [=======             ]  2s
[  ]    212.5 MLBUps    245.26 GB/s [===========         ]  3s
[  ]    213.2 MLBUps    246.02 GB/s [===============     ]  4s
[  ]    212.8 MLBUps    245.53 GB/s [=================== ]  5s
[  ]    ---- :    170.7 MLBUps    196.97 GB/s [====================]
[  ]    212.7 MLBUps    245.45 GB/s [===                 ]  1s
[  ]    212.8 MLBUps    245.51 GB/s [=======             ]  2s
[  ]    213.0 MLBUps    245.82 GB/s [===========         ]  3s
[  ]    212.7 MLBUps    245.50 GB/s [===============     ]  4s
[  ]    212.6 MLBUps    245.33 GB/s [=================== ]  5s
[  ]    ---- :    171.7 MLBUps    198.09 GB/s [====================]
[  ]    212.5 MLBUps    245.28 GB/s [===                 ]  1s
[  ]    212.4 MLBUps    245.15 GB/s [=======             ]  2s
[  ]    212.4 MLBUps    245.16 GB/s [===========         ]  3s
[  ]    212.5 MLBUps    245.22 GB/s [===============     ]  4s
[  ]    212.2 MLBUps    244.90 GB/s [=================== ]  5s
[  ]    ---- :    170.3 MLBUps    196.56 GB/s [====================]
[  ]    212.5 MLBUps    245.18 GB/s [===                 ]  1s
[  ]    212.4 MLBUps    245.10 GB/s [=======             ]  2s
[  ]    212.5 MLBUps    245.28 GB/s [===========         ]  3s
[  ]    212.3 MLBUps    245.04 GB/s [===============     ]  4s
[  ]    212.1 MLBUps    244.71 GB/s [=================== ]  5s
[  ]    ---- :    172.5 MLBUps    199.10 GB/s [====================]
[  ]    ---- :   200000 it writing vtk
[  ]    ---- : Total duration: 1019.044326 s = 16.984072 min = 0.283068 h
