MPMD: TCLB: local:0/1 work:0/1 ---  connected to:
[  ]    ---- : Using std::chrono::steady_clock::now() for walltime
[  ]    #### : -------------------------------------------------------------------------
[  ]    #### : -  CLB version:                   ded67cd                               -
[  ]    #### : -        Model: d3q27_pf_velocity_q27_geometric                               -
[  ]    #### : -------------------------------------------------------------------------
[  ]    #### : Setting output path to: case
[  ]    ---- : Discarding 1 comments
[ 0]    ---- : Selecting device 0/1
[  ]    ---- :   Threads  |      Action
[  ]    ==== :    32x4    | BorderExecutor<(eOperationType)0, (eCalculateGlobals)0, (eStage)0> --- Reduced from maximum 1024
[  ]    ==== :    32x4    | BorderExecutor<(eOperationType)0, (eCalculateGlobals)0, (eStage)1> --- Reduced from maximum 384
[  ]    ==== :    32x4    | BorderExecutor<(eOperationType)0, (eCalculateGlobals)0, (eStage)2> --- Reduced from maximum 384
[  ]    ==== :    32x4    | BorderExecutor<(eOperationType)0, (eCalculateGlobals)0, (eStage)3> --- Reduced from maximum 256
[  ]    ==== :    32x4    | BorderExecutor<(eOperationType)0, (eCalculateGlobals)0, (eStage)4> --- Reduced from maximum 1024
[  ]    ==== :    32x4    | BorderExecutor<(eOperationType)0, (eCalculateGlobals)0, (eStage)5> --- Reduced from maximum 512
[  ]    ==== :    32x4    | BorderExecutor<(eOperationType)0, (eCalculateGlobals)0, (eStage)6> --- Reduced from maximum 512
[  ]    ==== :    32x4    | BorderExecutor<(eOperationType)0, (eCalculateGlobals)0, (eStage)7> --- Reduced from maximum 640
[  ]    ==== :    32x4    | BorderExecutor<(eOperationType)0, (eCalculateGlobals)0, (eStage)8> --- Reduced from maximum 640
[  ]    ==== :    32x4    | BorderExecutor<(eOperationType)0, (eCalculateGlobals)0, (eStage)9> --- Reduced from maximum 512
[  ]    ==== :    32x4    | BorderExecutor<(eOperationType)0, (eCalculateGlobals)1, (eStage)0> --- Reduced from maximum 896
[  ]    ==== :    32x4    | BorderExecutor<(eOperationType)0, (eCalculateGlobals)1, (eStage)1> --- Reduced from maximum 384
[  ]    ==== :    32x4    | BorderExecutor<(eOperationType)0, (eCalculateGlobals)1, (eStage)2> --- Reduced from maximum 256
[  ]    ==== :    32x4    | BorderExecutor<(eOperationType)0, (eCalculateGlobals)1, (eStage)3> --- Reduced from maximum 256
[  ]    ==== :    32x4    | BorderExecutor<(eOperationType)0, (eCalculateGlobals)1, (eStage)4> --- Reduced from maximum 1024
[  ]    ==== :    32x4    | BorderExecutor<(eOperationType)0, (eCalculateGlobals)1, (eStage)5> --- Reduced from maximum 512
[  ]    ==== :    32x4    | BorderExecutor<(eOperationType)0, (eCalculateGlobals)1, (eStage)6> --- Reduced from maximum 512
[  ]    ==== :    32x4    | BorderExecutor<(eOperationType)0, (eCalculateGlobals)1, (eStage)7> --- Reduced from maximum 640
[  ]    ==== :    32x4    | BorderExecutor<(eOperationType)0, (eCalculateGlobals)1, (eStage)8> --- Reduced from maximum 640
[  ]    ==== :    32x4    | BorderExecutor<(eOperationType)0, (eCalculateGlobals)1, (eStage)9> --- Reduced from maximum 768
[  ]    ==== :    32x4    | BorderExecutor<(eOperationType)0, (eCalculateGlobals)2, (eStage)0> --- Reduced from maximum 1024
[  ]    ==== :    32x4    | BorderExecutor<(eOperationType)0, (eCalculateGlobals)2, (eStage)1> --- Reduced from maximum 1024
[  ]    ==== :    32x4    | BorderExecutor<(eOperationType)0, (eCalculateGlobals)2, (eStage)2> --- Reduced from maximum 1024
[  ]    ==== :    32x4    | BorderExecutor<(eOperationType)0, (eCalculateGlobals)2, (eStage)3> --- Reduced from maximum 1024
[  ]    ==== :    32x4    | BorderExecutor<(eOperationType)0, (eCalculateGlobals)2, (eStage)4> --- Reduced from maximum 1024
[  ]    ==== :    32x4    | BorderExecutor<(eOperationType)0, (eCalculateGlobals)2, (eStage)5> --- Reduced from maximum 1024
[  ]    ==== :    32x4    | BorderExecutor<(eOperationType)0, (eCalculateGlobals)2, (eStage)6> --- Reduced from maximum 1024
[  ]    ==== :    32x4    | BorderExecutor<(eOperationType)0, (eCalculateGlobals)2, (eStage)7> --- Reduced from maximum 1024
[  ]    ==== :    32x4    | BorderExecutor<(eOperationType)0, (eCalculateGlobals)2, (eStage)8> --- Reduced from maximum 1024
[  ]    ==== :    32x4    | BorderExecutor<(eOperationType)0, (eCalculateGlobals)2, (eStage)9> --- Reduced from maximum 1024
[  ]    ==== :    32x4    | BorderExecutor<(eOperationType)1, (eCalculateGlobals)0, (eStage)0> --- Reduced from maximum 1024
[  ]    ==== :    32x4    | BorderExecutor<(eOperationType)1, (eCalculateGlobals)0, (eStage)1> --- Reduced from maximum 1024
[  ]    ==== :    32x4    | BorderExecutor<(eOperationType)1, (eCalculateGlobals)0, (eStage)2> --- Reduced from maximum 1024
[  ]    ==== :    32x4    | BorderExecutor<(eOperationType)1, (eCalculateGlobals)0, (eStage)3> --- Reduced from maximum 1024
[  ]    ==== :    32x4    | BorderExecutor<(eOperationType)1, (eCalculateGlobals)0, (eStage)4> --- Reduced from maximum 1024
[  ]    ==== :    32x4    | BorderExecutor<(eOperationType)1, (eCalculateGlobals)0, (eStage)5> --- Reduced from maximum 1024
[  ]    ==== :    32x4    | BorderExecutor<(eOperationType)1, (eCalculateGlobals)0, (eStage)6> --- Reduced from maximum 1024
[  ]    ==== :    32x4    | BorderExecutor<(eOperationType)1, (eCalculateGlobals)0, (eStage)7> --- Reduced from maximum 1024
[  ]    ==== :    32x4    | BorderExecutor<(eOperationType)1, (eCalculateGlobals)0, (eStage)8> --- Reduced from maximum 1024
[  ]    ==== :    32x4    | BorderExecutor<(eOperationType)1, (eCalculateGlobals)0, (eStage)9> --- Reduced from maximum 1024
[  ]    ==== :    32x4    | BorderExecutor<(eOperationType)1, (eCalculateGlobals)1, (eStage)0> --- Reduced from maximum 1024
[  ]    ==== :    32x4    | BorderExecutor<(eOperationType)1, (eCalculateGlobals)1, (eStage)1> --- Reduced from maximum 1024
[  ]    ==== :    32x4    | BorderExecutor<(eOperationType)1, (eCalculateGlobals)1, (eStage)2> --- Reduced from maximum 1024
[  ]    ==== :    32x4    | BorderExecutor<(eOperationType)1, (eCalculateGlobals)1, (eStage)3> --- Reduced from maximum 1024
[  ]    ==== :    32x4    | BorderExecutor<(eOperationType)1, (eCalculateGlobals)1, (eStage)4> --- Reduced from maximum 1024
[  ]    ==== :    32x4    | BorderExecutor<(eOperationType)1, (eCalculateGlobals)1, (eStage)5> --- Reduced from maximum 1024
[  ]    ==== :    32x4    | BorderExecutor<(eOperationType)1, (eCalculateGlobals)1, (eStage)6> --- Reduced from maximum 1024
[  ]    ==== :    32x4    | BorderExecutor<(eOperationType)1, (eCalculateGlobals)1, (eStage)7> --- Reduced from maximum 1024
[  ]    ==== :    32x4    | BorderExecutor<(eOperationType)1, (eCalculateGlobals)1, (eStage)8> --- Reduced from maximum 1024
[  ]    ==== :    32x4    | BorderExecutor<(eOperationType)1, (eCalculateGlobals)1, (eStage)9> --- Reduced from maximum 1024
[  ]    ==== :    32x4    | BorderExecutor<(eOperationType)1, (eCalculateGlobals)2, (eStage)0> --- Reduced from maximum 1024
[  ]    ==== :    32x4    | BorderExecutor<(eOperationType)1, (eCalculateGlobals)2, (eStage)1> --- Reduced from maximum 1024
[  ]    ==== :    32x4    | BorderExecutor<(eOperationType)1, (eCalculateGlobals)2, (eStage)2> --- Reduced from maximum 1024
[  ]    ==== :    32x4    | BorderExecutor<(eOperationType)1, (eCalculateGlobals)2, (eStage)3> --- Reduced from maximum 1024
[  ]    ==== :    32x4    | BorderExecutor<(eOperationType)1, (eCalculateGlobals)2, (eStage)4> --- Reduced from maximum 1024
[  ]    ==== :    32x4    | BorderExecutor<(eOperationType)1, (eCalculateGlobals)2, (eStage)5> --- Reduced from maximum 1024
[  ]    ==== :    32x4    | BorderExecutor<(eOperationType)1, (eCalculateGlobals)2, (eStage)6> --- Reduced from maximum 1024
[  ]    ==== :    32x4    | BorderExecutor<(eOperationType)1, (eCalculateGlobals)2, (eStage)7> --- Reduced from maximum 1024
[  ]    ==== :    32x4    | BorderExecutor<(eOperationType)1, (eCalculateGlobals)2, (eStage)8> --- Reduced from maximum 1024
[  ]    ==== :    32x4    | BorderExecutor<(eOperationType)1, (eCalculateGlobals)2, (eStage)9> --- Reduced from maximum 1024
[  ]    ==== :    32x4    | BorderExecutor<(eOperationType)3, (eCalculateGlobals)0, (eStage)0> --- Reduced from maximum 1024
[  ]    ==== :    32x4    | BorderExecutor<(eOperationType)3, (eCalculateGlobals)0, (eStage)1> --- Reduced from maximum 1024
[  ]    ==== :    32x4    | BorderExecutor<(eOperationType)3, (eCalculateGlobals)0, (eStage)2> --- Reduced from maximum 1024
[  ]    ==== :    32x4    | BorderExecutor<(eOperationType)3, (eCalculateGlobals)0, (eStage)3> --- Reduced from maximum 1024
[  ]    ==== :    32x4    | BorderExecutor<(eOperationType)3, (eCalculateGlobals)0, (eStage)4> --- Reduced from maximum 1024
[  ]    ==== :    32x4    | BorderExecutor<(eOperationType)3, (eCalculateGlobals)0, (eStage)5> --- Reduced from maximum 1024
[  ]    ==== :    32x4    | BorderExecutor<(eOperationType)3, (eCalculateGlobals)0, (eStage)6> --- Reduced from maximum 1024
[  ]    ==== :    32x4    | BorderExecutor<(eOperationType)3, (eCalculateGlobals)0, (eStage)7> --- Reduced from maximum 1024
[  ]    ==== :    32x4    | BorderExecutor<(eOperationType)3, (eCalculateGlobals)0, (eStage)8> --- Reduced from maximum 1024
[  ]    ==== :    32x4    | BorderExecutor<(eOperationType)3, (eCalculateGlobals)0, (eStage)9> --- Reduced from maximum 1024
[  ]    ==== :    32x4    | BorderExecutor<(eOperationType)3, (eCalculateGlobals)1, (eStage)0> --- Reduced from maximum 1024
[  ]    ==== :    32x4    | BorderExecutor<(eOperationType)3, (eCalculateGlobals)1, (eStage)1> --- Reduced from maximum 1024
[  ]    ==== :    32x4    | BorderExecutor<(eOperationType)3, (eCalculateGlobals)1, (eStage)2> --- Reduced from maximum 1024
[  ]    ==== :    32x4    | BorderExecutor<(eOperationType)3, (eCalculateGlobals)1, (eStage)3> --- Reduced from maximum 1024
[  ]    ==== :    32x4    | BorderExecutor<(eOperationType)3, (eCalculateGlobals)1, (eStage)4> --- Reduced from maximum 1024
[  ]    ==== :    32x4    | BorderExecutor<(eOperationType)3, (eCalculateGlobals)1, (eStage)5> --- Reduced from maximum 1024
[  ]    ==== :    32x4    | BorderExecutor<(eOperationType)3, (eCalculateGlobals)1, (eStage)6> --- Reduced from maximum 1024
[  ]    ==== :    32x4    | BorderExecutor<(eOperationType)3, (eCalculateGlobals)1, (eStage)7> --- Reduced from maximum 1024
[  ]    ==== :    32x4    | BorderExecutor<(eOperationType)3, (eCalculateGlobals)1, (eStage)8> --- Reduced from maximum 1024
[  ]    ==== :    32x4    | BorderExecutor<(eOperationType)3, (eCalculateGlobals)1, (eStage)9> --- Reduced from maximum 1024
[  ]    ==== :    32x4    | BorderExecutor<(eOperationType)3, (eCalculateGlobals)2, (eStage)0> --- Reduced from maximum 1024
[  ]    ==== :    32x4    | BorderExecutor<(eOperationType)3, (eCalculateGlobals)2, (eStage)1> --- Reduced from maximum 1024
[  ]    ==== :    32x4    | BorderExecutor<(eOperationType)3, (eCalculateGlobals)2, (eStage)2> --- Reduced from maximum 1024
[  ]    ==== :    32x4    | BorderExecutor<(eOperationType)3, (eCalculateGlobals)2, (eStage)3> --- Reduced from maximum 1024
[  ]    ==== :    32x4    | BorderExecutor<(eOperationType)3, (eCalculateGlobals)2, (eStage)4> --- Reduced from maximum 1024
[  ]    ==== :    32x4    | BorderExecutor<(eOperationType)3, (eCalculateGlobals)2, (eStage)5> --- Reduced from maximum 1024
[  ]    ==== :    32x4    | BorderExecutor<(eOperationType)3, (eCalculateGlobals)2, (eStage)6> --- Reduced from maximum 1024
[  ]    ==== :    32x4    | BorderExecutor<(eOperationType)3, (eCalculateGlobals)2, (eStage)7> --- Reduced from maximum 1024
[  ]    ==== :    32x4    | BorderExecutor<(eOperationType)3, (eCalculateGlobals)2, (eStage)8> --- Reduced from maximum 1024
[  ]    ==== :    32x4    | BorderExecutor<(eOperationType)3, (eCalculateGlobals)2, (eStage)9> --- Reduced from maximum 1024
[  ]    ==== :    32x4    | BorderExecutor<(eOperationType)4, (eCalculateGlobals)0, (eStage)0> --- Reduced from maximum 1024
[  ]    ==== :    32x4    | BorderExecutor<(eOperationType)4, (eCalculateGlobals)0, (eStage)1> --- Reduced from maximum 1024
[  ]    ==== :    32x4    | BorderExecutor<(eOperationType)4, (eCalculateGlobals)0, (eStage)2> --- Reduced from maximum 1024
[  ]    ==== :    32x4    | BorderExecutor<(eOperationType)4, (eCalculateGlobals)0, (eStage)3> --- Reduced from maximum 1024
[  ]    ==== :    32x4    | BorderExecutor<(eOperationType)4, (eCalculateGlobals)0, (eStage)4> --- Reduced from maximum 1024
[  ]    ==== :    32x4    | BorderExecutor<(eOperationType)4, (eCalculateGlobals)0, (eStage)5> --- Reduced from maximum 1024
[  ]    ==== :    32x4    | BorderExecutor<(eOperationType)4, (eCalculateGlobals)0, (eStage)6> --- Reduced from maximum 1024
[  ]    ==== :    32x4    | BorderExecutor<(eOperationType)4, (eCalculateGlobals)0, (eStage)7> --- Reduced from maximum 1024
[  ]    ==== :    32x4    | BorderExecutor<(eOperationType)4, (eCalculateGlobals)0, (eStage)8> --- Reduced from maximum 1024
[  ]    ==== :    32x4    | BorderExecutor<(eOperationType)4, (eCalculateGlobals)0, (eStage)9> --- Reduced from maximum 1024
[  ]    ==== :    32x4    | BorderExecutor<(eOperationType)4, (eCalculateGlobals)1, (eStage)0> --- Reduced from maximum 1024
[  ]    ==== :    32x4    | BorderExecutor<(eOperationType)4, (eCalculateGlobals)1, (eStage)1> --- Reduced from maximum 1024
[  ]    ==== :    32x4    | BorderExecutor<(eOperationType)4, (eCalculateGlobals)1, (eStage)2> --- Reduced from maximum 1024
[  ]    ==== :    32x4    | BorderExecutor<(eOperationType)4, (eCalculateGlobals)1, (eStage)3> --- Reduced from maximum 1024
[  ]    ==== :    32x4    | BorderExecutor<(eOperationType)4, (eCalculateGlobals)1, (eStage)4> --- Reduced from maximum 1024
[  ]    ==== :    32x4    | BorderExecutor<(eOperationType)4, (eCalculateGlobals)1, (eStage)5> --- Reduced from maximum 1024
[  ]    ==== :    32x4    | BorderExecutor<(eOperationType)4, (eCalculateGlobals)1, (eStage)6> --- Reduced from maximum 1024
[  ]    ==== :    32x4    | BorderExecutor<(eOperationType)4, (eCalculateGlobals)1, (eStage)7> --- Reduced from maximum 1024
[  ]    ==== :    32x4    | BorderExecutor<(eOperationType)4, (eCalculateGlobals)1, (eStage)8> --- Reduced from maximum 1024
[  ]    ==== :    32x4    | BorderExecutor<(eOperationType)4, (eCalculateGlobals)1, (eStage)9> --- Reduced from maximum 1024
[  ]    ==== :    32x4    | BorderExecutor<(eOperationType)4, (eCalculateGlobals)2, (eStage)0> --- Reduced from maximum 1024
[  ]    ==== :    32x4    | BorderExecutor<(eOperationType)4, (eCalculateGlobals)2, (eStage)1> --- Reduced from maximum 1024
[  ]    ==== :    32x4    | BorderExecutor<(eOperationType)4, (eCalculateGlobals)2, (eStage)2> --- Reduced from maximum 1024
[  ]    ==== :    32x4    | BorderExecutor<(eOperationType)4, (eCalculateGlobals)2, (eStage)3> --- Reduced from maximum 1024
[  ]    ==== :    32x4    | BorderExecutor<(eOperationType)4, (eCalculateGlobals)2, (eStage)4> --- Reduced from maximum 1024
[  ]    ==== :    32x4    | BorderExecutor<(eOperationType)4, (eCalculateGlobals)2, (eStage)5> --- Reduced from maximum 1024
[  ]    ==== :    32x4    | BorderExecutor<(eOperationType)4, (eCalculateGlobals)2, (eStage)6> --- Reduced from maximum 1024
[  ]    ==== :    32x4    | BorderExecutor<(eOperationType)4, (eCalculateGlobals)2, (eStage)7> --- Reduced from maximum 1024
[  ]    ==== :    32x4    | BorderExecutor<(eOperationType)4, (eCalculateGlobals)2, (eStage)8> --- Reduced from maximum 1024
[  ]    ==== :    32x4    | BorderExecutor<(eOperationType)4, (eCalculateGlobals)2, (eStage)9> --- Reduced from maximum 1024
[  ]    ==== :    32x4    | InteriorExecutor<(eOperationType)0, (eCalculateGlobals)0, (eStage)0> --- Reduced from maximum 1024
[  ]    ==== :    32x4    | InteriorExecutor<(eOperationType)0, (eCalculateGlobals)0, (eStage)1> --- Reduced from maximum 640
[  ]    ==== :    32x4    | InteriorExecutor<(eOperationType)0, (eCalculateGlobals)0, (eStage)2> --- Reduced from maximum 384
[  ]    ==== :    32x4    | InteriorExecutor<(eOperationType)0, (eCalculateGlobals)0, (eStage)3> --- Reduced from maximum 256
[  ]    ==== :    32x4    | InteriorExecutor<(eOperationType)0, (eCalculateGlobals)0, (eStage)4> --- Reduced from maximum 1024
[  ]    ==== :    32x4    | InteriorExecutor<(eOperationType)0, (eCalculateGlobals)0, (eStage)5> --- Reduced from maximum 640
[  ]    ==== :    32x4    | InteriorExecutor<(eOperationType)0, (eCalculateGlobals)0, (eStage)6> --- Reduced from maximum 768
[  ]    ==== :    32x4    | InteriorExecutor<(eOperationType)0, (eCalculateGlobals)0, (eStage)7> --- Reduced from maximum 1024
[  ]    ==== :    32x4    | InteriorExecutor<(eOperationType)0, (eCalculateGlobals)0, (eStage)8> --- Reduced from maximum 1024
[  ]    ==== :    32x4    | InteriorExecutor<(eOperationType)0, (eCalculateGlobals)0, (eStage)9> --- Reduced from maximum 896
[  ]    ==== :    32x4    | InteriorExecutor<(eOperationType)0, (eCalculateGlobals)1, (eStage)0> --- Reduced from maximum 1024
[  ]    ==== :    32x4    | InteriorExecutor<(eOperationType)0, (eCalculateGlobals)1, (eStage)1> --- Reduced from maximum 256
[  ]    ==== :    32x4    | InteriorExecutor<(eOperationType)0, (eCalculateGlobals)1, (eStage)2> --- Reduced from maximum 256
[  ]    ==== :    32x4    | InteriorExecutor<(eOperationType)0, (eCalculateGlobals)1, (eStage)3> --- Reduced from maximum 256
[  ]    ==== :    32x4    | InteriorExecutor<(eOperationType)0, (eCalculateGlobals)1, (eStage)4> --- Reduced from maximum 1024
[  ]    ==== :    32x4    | InteriorExecutor<(eOperationType)0, (eCalculateGlobals)1, (eStage)5> --- Reduced from maximum 768
[  ]    ==== :    32x4    | InteriorExecutor<(eOperationType)0, (eCalculateGlobals)1, (eStage)6> --- Reduced from maximum 896
[  ]    ==== :    32x4    | InteriorExecutor<(eOperationType)0, (eCalculateGlobals)1, (eStage)7> --- Reduced from maximum 1024
[  ]    ==== :    32x4    | InteriorExecutor<(eOperationType)0, (eCalculateGlobals)1, (eStage)8> --- Reduced from maximum 896
[  ]    ==== :    32x4    | InteriorExecutor<(eOperationType)0, (eCalculateGlobals)1, (eStage)9> --- Reduced from maximum 768
[  ]    ==== :    32x4    | InteriorExecutor<(eOperationType)0, (eCalculateGlobals)2, (eStage)0> --- Reduced from maximum 1024
[  ]    ==== :    32x4    | InteriorExecutor<(eOperationType)0, (eCalculateGlobals)2, (eStage)1> --- Reduced from maximum 1024
[  ]    ==== :    32x4    | InteriorExecutor<(eOperationType)0, (eCalculateGlobals)2, (eStage)2> --- Reduced from maximum 1024
[  ]    ==== :    32x4    | InteriorExecutor<(eOperationType)0, (eCalculateGlobals)2, (eStage)3> --- Reduced from maximum 1024
[  ]    ==== :    32x4    | InteriorExecutor<(eOperationType)0, (eCalculateGlobals)2, (eStage)4> --- Reduced from maximum 1024
[  ]    ==== :    32x4    | InteriorExecutor<(eOperationType)0, (eCalculateGlobals)2, (eStage)5> --- Reduced from maximum 1024
[  ]    ==== :    32x4    | InteriorExecutor<(eOperationType)0, (eCalculateGlobals)2, (eStage)6> --- Reduced from maximum 1024
[  ]    ==== :    32x4    | InteriorExecutor<(eOperationType)0, (eCalculateGlobals)2, (eStage)7> --- Reduced from maximum 1024
[  ]    ==== :    32x4    | InteriorExecutor<(eOperationType)0, (eCalculateGlobals)2, (eStage)8> --- Reduced from maximum 1024
[  ]    ==== :    32x4    | InteriorExecutor<(eOperationType)0, (eCalculateGlobals)2, (eStage)9> --- Reduced from maximum 1024
[  ]    ==== :    32x4    | InteriorExecutor<(eOperationType)1, (eCalculateGlobals)0, (eStage)0> --- Reduced from maximum 1024
[  ]    ==== :    32x4    | InteriorExecutor<(eOperationType)1, (eCalculateGlobals)0, (eStage)1> --- Reduced from maximum 1024
[  ]    ==== :    32x4    | InteriorExecutor<(eOperationType)1, (eCalculateGlobals)0, (eStage)2> --- Reduced from maximum 1024
[  ]    ==== :    32x4    | InteriorExecutor<(eOperationType)1, (eCalculateGlobals)0, (eStage)3> --- Reduced from maximum 1024
[  ]    ==== :    32x4    | InteriorExecutor<(eOperationType)1, (eCalculateGlobals)0, (eStage)4> --- Reduced from maximum 1024
[  ]    ==== :    32x4    | InteriorExecutor<(eOperationType)1, (eCalculateGlobals)0, (eStage)5> --- Reduced from maximum 1024
[  ]    ==== :    32x4    | InteriorExecutor<(eOperationType)1, (eCalculateGlobals)0, (eStage)6> --- Reduced from maximum 1024
[  ]    ==== :    32x4    | InteriorExecutor<(eOperationType)1, (eCalculateGlobals)0, (eStage)7> --- Reduced from maximum 1024
[  ]    ==== :    32x4    | InteriorExecutor<(eOperationType)1, (eCalculateGlobals)0, (eStage)8> --- Reduced from maximum 1024
[  ]    ==== :    32x4    | InteriorExecutor<(eOperationType)1, (eCalculateGlobals)0, (eStage)9> --- Reduced from maximum 1024
[  ]    ==== :    32x4    | InteriorExecutor<(eOperationType)1, (eCalculateGlobals)1, (eStage)0> --- Reduced from maximum 1024
[  ]    ==== :    32x4    | InteriorExecutor<(eOperationType)1, (eCalculateGlobals)1, (eStage)1> --- Reduced from maximum 1024
[  ]    ==== :    32x4    | InteriorExecutor<(eOperationType)1, (eCalculateGlobals)1, (eStage)2> --- Reduced from maximum 1024
[  ]    ==== :    32x4    | InteriorExecutor<(eOperationType)1, (eCalculateGlobals)1, (eStage)3> --- Reduced from maximum 1024
[  ]    ==== :    32x4    | InteriorExecutor<(eOperationType)1, (eCalculateGlobals)1, (eStage)4> --- Reduced from maximum 1024
[  ]    ==== :    32x4    | InteriorExecutor<(eOperationType)1, (eCalculateGlobals)1, (eStage)5> --- Reduced from maximum 1024
[  ]    ==== :    32x4    | InteriorExecutor<(eOperationType)1, (eCalculateGlobals)1, (eStage)6> --- Reduced from maximum 1024
[  ]    ==== :    32x4    | InteriorExecutor<(eOperationType)1, (eCalculateGlobals)1, (eStage)7> --- Reduced from maximum 1024
[  ]    ==== :    32x4    | InteriorExecutor<(eOperationType)1, (eCalculateGlobals)1, (eStage)8> --- Reduced from maximum 1024
[  ]    ==== :    32x4    | InteriorExecutor<(eOperationType)1, (eCalculateGlobals)1, (eStage)9> --- Reduced from maximum 1024
[  ]    ==== :    32x4    | InteriorExecutor<(eOperationType)1, (eCalculateGlobals)2, (eStage)0> --- Reduced from maximum 1024
[  ]    ==== :    32x4    | InteriorExecutor<(eOperationType)1, (eCalculateGlobals)2, (eStage)1> --- Reduced from maximum 1024
[  ]    ==== :    32x4    | InteriorExecutor<(eOperationType)1, (eCalculateGlobals)2, (eStage)2> --- Reduced from maximum 1024
[  ]    ==== :    32x4    | InteriorExecutor<(eOperationType)1, (eCalculateGlobals)2, (eStage)3> --- Reduced from maximum 1024
[  ]    ==== :    32x4    | InteriorExecutor<(eOperationType)1, (eCalculateGlobals)2, (eStage)4> --- Reduced from maximum 1024
[  ]    ==== :    32x4    | InteriorExecutor<(eOperationType)1, (eCalculateGlobals)2, (eStage)5> --- Reduced from maximum 1024
[  ]    ==== :    32x4    | InteriorExecutor<(eOperationType)1, (eCalculateGlobals)2, (eStage)6> --- Reduced from maximum 1024
[  ]    ==== :    32x4    | InteriorExecutor<(eOperationType)1, (eCalculateGlobals)2, (eStage)7> --- Reduced from maximum 1024
[  ]    ==== :    32x4    | InteriorExecutor<(eOperationType)1, (eCalculateGlobals)2, (eStage)8> --- Reduced from maximum 1024
[  ]    ==== :    32x4    | InteriorExecutor<(eOperationType)1, (eCalculateGlobals)2, (eStage)9> --- Reduced from maximum 1024
[  ]    ==== :    32x4    | InteriorExecutor<(eOperationType)3, (eCalculateGlobals)0, (eStage)0> --- Reduced from maximum 1024
[  ]    ==== :    32x4    | InteriorExecutor<(eOperationType)3, (eCalculateGlobals)0, (eStage)1> --- Reduced from maximum 1024
[  ]    ==== :    32x4    | InteriorExecutor<(eOperationType)3, (eCalculateGlobals)0, (eStage)2> --- Reduced from maximum 1024
[  ]    ==== :    32x4    | InteriorExecutor<(eOperationType)3, (eCalculateGlobals)0, (eStage)3> --- Reduced from maximum 1024
[  ]    ==== :    32x4    | InteriorExecutor<(eOperationType)3, (eCalculateGlobals)0, (eStage)4> --- Reduced from maximum 1024
[  ]    ==== :    32x4    | InteriorExecutor<(eOperationType)3, (eCalculateGlobals)0, (eStage)5> --- Reduced from maximum 1024
[  ]    ==== :    32x4    | InteriorExecutor<(eOperationType)3, (eCalculateGlobals)0, (eStage)6> --- Reduced from maximum 1024
[  ]    ==== :    32x4    | InteriorExecutor<(eOperationType)3, (eCalculateGlobals)0, (eStage)7> --- Reduced from maximum 1024
[  ]    ==== :    32x4    | InteriorExecutor<(eOperationType)3, (eCalculateGlobals)0, (eStage)8> --- Reduced from maximum 1024
[  ]    ==== :    32x4    | InteriorExecutor<(eOperationType)3, (eCalculateGlobals)0, (eStage)9> --- Reduced from maximum 1024
[  ]    ==== :    32x4    | InteriorExecutor<(eOperationType)3, (eCalculateGlobals)1, (eStage)0> --- Reduced from maximum 1024
[  ]    ==== :    32x4    | InteriorExecutor<(eOperationType)3, (eCalculateGlobals)1, (eStage)1> --- Reduced from maximum 1024
[  ]    ==== :    32x4    | InteriorExecutor<(eOperationType)3, (eCalculateGlobals)1, (eStage)2> --- Reduced from maximum 1024
[  ]    ==== :    32x4    | InteriorExecutor<(eOperationType)3, (eCalculateGlobals)1, (eStage)3> --- Reduced from maximum 1024
[  ]    ==== :    32x4    | InteriorExecutor<(eOperationType)3, (eCalculateGlobals)1, (eStage)4> --- Reduced from maximum 1024
[  ]    ==== :    32x4    | InteriorExecutor<(eOperationType)3, (eCalculateGlobals)1, (eStage)5> --- Reduced from maximum 1024
[  ]    ==== :    32x4    | InteriorExecutor<(eOperationType)3, (eCalculateGlobals)1, (eStage)6> --- Reduced from maximum 1024
[  ]    ==== :    32x4    | InteriorExecutor<(eOperationType)3, (eCalculateGlobals)1, (eStage)7> --- Reduced from maximum 1024
[  ]    ==== :    32x4    | InteriorExecutor<(eOperationType)3, (eCalculateGlobals)1, (eStage)8> --- Reduced from maximum 1024
[  ]    ==== :    32x4    | InteriorExecutor<(eOperationType)3, (eCalculateGlobals)1, (eStage)9> --- Reduced from maximum 1024
[  ]    ==== :    32x4    | InteriorExecutor<(eOperationType)3, (eCalculateGlobals)2, (eStage)0> --- Reduced from maximum 1024
[  ]    ==== :    32x4    | InteriorExecutor<(eOperationType)3, (eCalculateGlobals)2, (eStage)1> --- Reduced from maximum 1024
[  ]    ==== :    32x4    | InteriorExecutor<(eOperationType)3, (eCalculateGlobals)2, (eStage)2> --- Reduced from maximum 1024
[  ]    ==== :    32x4    | InteriorExecutor<(eOperationType)3, (eCalculateGlobals)2, (eStage)3> --- Reduced from maximum 1024
[  ]    ==== :    32x4    | InteriorExecutor<(eOperationType)3, (eCalculateGlobals)2, (eStage)4> --- Reduced from maximum 1024
[  ]    ==== :    32x4    | InteriorExecutor<(eOperationType)3, (eCalculateGlobals)2, (eStage)5> --- Reduced from maximum 1024
[  ]    ==== :    32x4    | InteriorExecutor<(eOperationType)3, (eCalculateGlobals)2, (eStage)6> --- Reduced from maximum 1024
[  ]    ==== :    32x4    | InteriorExecutor<(eOperationType)3, (eCalculateGlobals)2, (eStage)7> --- Reduced from maximum 1024
[  ]    ==== :    32x4    | InteriorExecutor<(eOperationType)3, (eCalculateGlobals)2, (eStage)8> --- Reduced from maximum 1024
[  ]    ==== :    32x4    | InteriorExecutor<(eOperationType)3, (eCalculateGlobals)2, (eStage)9> --- Reduced from maximum 1024
[  ]    ==== :    32x4    | InteriorExecutor<(eOperationType)4, (eCalculateGlobals)0, (eStage)0> --- Reduced from maximum 1024
[  ]    ==== :    32x4    | InteriorExecutor<(eOperationType)4, (eCalculateGlobals)0, (eStage)1> --- Reduced from maximum 1024
[  ]    ==== :    32x4    | InteriorExecutor<(eOperationType)4, (eCalculateGlobals)0, (eStage)2> --- Reduced from maximum 1024
[  ]    ==== :    32x4    | InteriorExecutor<(eOperationType)4, (eCalculateGlobals)0, (eStage)3> --- Reduced from maximum 1024
[  ]    ==== :    32x4    | InteriorExecutor<(eOperationType)4, (eCalculateGlobals)0, (eStage)4> --- Reduced from maximum 1024
[  ]    ==== :    32x4    | InteriorExecutor<(eOperationType)4, (eCalculateGlobals)0, (eStage)5> --- Reduced from maximum 1024
[  ]    ==== :    32x4    | InteriorExecutor<(eOperationType)4, (eCalculateGlobals)0, (eStage)6> --- Reduced from maximum 1024
[  ]    ==== :    32x4    | InteriorExecutor<(eOperationType)4, (eCalculateGlobals)0, (eStage)7> --- Reduced from maximum 1024
[  ]    ==== :    32x4    | InteriorExecutor<(eOperationType)4, (eCalculateGlobals)0, (eStage)8> --- Reduced from maximum 1024
[  ]    ==== :    32x4    | InteriorExecutor<(eOperationType)4, (eCalculateGlobals)0, (eStage)9> --- Reduced from maximum 1024
[  ]    ==== :    32x4    | InteriorExecutor<(eOperationType)4, (eCalculateGlobals)1, (eStage)0> --- Reduced from maximum 1024
[  ]    ==== :    32x4    | InteriorExecutor<(eOperationType)4, (eCalculateGlobals)1, (eStage)1> --- Reduced from maximum 1024
[  ]    ==== :    32x4    | InteriorExecutor<(eOperationType)4, (eCalculateGlobals)1, (eStage)2> --- Reduced from maximum 1024
[  ]    ==== :    32x4    | InteriorExecutor<(eOperationType)4, (eCalculateGlobals)1, (eStage)3> --- Reduced from maximum 1024
[  ]    ==== :    32x4    | InteriorExecutor<(eOperationType)4, (eCalculateGlobals)1, (eStage)4> --- Reduced from maximum 1024
[  ]    ==== :    32x4    | InteriorExecutor<(eOperationType)4, (eCalculateGlobals)1, (eStage)5> --- Reduced from maximum 1024
[  ]    ==== :    32x4    | InteriorExecutor<(eOperationType)4, (eCalculateGlobals)1, (eStage)6> --- Reduced from maximum 1024
[  ]    ==== :    32x4    | InteriorExecutor<(eOperationType)4, (eCalculateGlobals)1, (eStage)7> --- Reduced from maximum 1024
[  ]    ==== :    32x4    | InteriorExecutor<(eOperationType)4, (eCalculateGlobals)1, (eStage)8> --- Reduced from maximum 1024
[  ]    ==== :    32x4    | InteriorExecutor<(eOperationType)4, (eCalculateGlobals)1, (eStage)9> --- Reduced from maximum 1024
[  ]    ==== :    32x4    | InteriorExecutor<(eOperationType)4, (eCalculateGlobals)2, (eStage)0> --- Reduced from maximum 1024
[  ]    ==== :    32x4    | InteriorExecutor<(eOperationType)4, (eCalculateGlobals)2, (eStage)1> --- Reduced from maximum 1024
[  ]    ==== :    32x4    | InteriorExecutor<(eOperationType)4, (eCalculateGlobals)2, (eStage)2> --- Reduced from maximum 1024
[  ]    ==== :    32x4    | InteriorExecutor<(eOperationType)4, (eCalculateGlobals)2, (eStage)3> --- Reduced from maximum 1024
[  ]    ==== :    32x4    | InteriorExecutor<(eOperationType)4, (eCalculateGlobals)2, (eStage)4> --- Reduced from maximum 1024
[  ]    ==== :    32x4    | InteriorExecutor<(eOperationType)4, (eCalculateGlobals)2, (eStage)5> --- Reduced from maximum 1024
[  ]    ==== :    32x4    | InteriorExecutor<(eOperationType)4, (eCalculateGlobals)2, (eStage)6> --- Reduced from maximum 1024
[  ]    ==== :    32x4    | InteriorExecutor<(eOperationType)4, (eCalculateGlobals)2, (eStage)7> --- Reduced from maximum 1024
[  ]    ==== :    32x4    | InteriorExecutor<(eOperationType)4, (eCalculateGlobals)2, (eStage)8> --- Reduced from maximum 1024
[  ]    ==== :    32x4    | InteriorExecutor<(eOperationType)4, (eCalculateGlobals)2, (eStage)9> --- Reduced from maximum 1024
[ 0] warning ! No "Units" element in config file
[  ]    ==== : Mesh size in config file: 80x80x180
[  ]    ---- : Global lattice size: 80x80x180
[  ]    ==== : Max region size: 1382400. Mesh size 1382400. Overhead:  0%
[  ]    ---- : Local lattice size: 96x80x180
[  ]    #### : [0] Cumulative allocation of 1629672448 b (1.6 GB)
[  ]    ---- : Creating geom size:1382400
[  ]    #### : Setting output path to: case
[  ]    #### : Setting output path to: /mnt/8A0E24070E23EAC1/runs/tclb_pre2025_sphere_theta030_z48_gap24_outer90_sphere11_unified_special_v5diag_50k_20260611/theta030/output/case
[  ]    ---- : loading geometry ...
[  ]    ---- : overwriting all flags
[  ]    ---- : Setting number of zones to 3
[  ]    ---- : Setting Density_h to 1 (1.000000)
[  ]    ---- : Setting Density_l to 0.001 (0.001000)
[  ]    ---- : Setting Viscosity_h to 0.09 (0.090000)
[  ]    ---- : Setting Viscosity_l to 0.1 (0.100000)
[  ]    ---- : Setting tauUpdate to 3 (3.000000)
[  ]    ---- : Setting sigma to 5e-05 (0.000050)
[  ]    ---- : Setting M to 0.2 (0.200000)
[  ]    ---- : Setting IntWidth to 6 (6.000000)
[  ]    ---- : Setting Radius to 24 (24.000000)
[  ]    ---- : Setting BubbleType to 1 (1.000000)
[  ]    ---- : Setting CenterX to 40 (40.000000)
[  ]    ---- : Setting CenterY to 40 (40.000000)
[  ]    ---- : Setting CenterZ to 96 (96.000000)
[  ]    ---- : Setting VelocityX in zone  (-1) to 0.0 (0.000000)
[  ]    ---- : Setting VelocityY in zone  (-1) to 0.0 (0.000000)
[  ]    ---- : Setting VelocityZ in zone  (-1) to 0.0 (0.000000)
[  ]    ---- : Setting GravitationX to 0.0 (0.000000)
[  ]    ---- : Setting GravitationY to 0.0 (0.000000)
[  ]    ---- : Setting GravitationZ to 0.0 (0.000000)
[  ]    ---- : Setting BuoyancyX to 0.0 (0.000000)
[  ]    ---- : Setting BuoyancyY to 0.0 (0.000000)
[  ]    ---- : Setting BuoyancyZ to 0.0 (0.000000)
[  ]    ---- : Setting radAngle in zone  (-1) to 90d (1.570796)
[ 0] WARNING ! Zone-specific settings in zone 0 were overwritten from 1.570796 to 1.570796
[  ]    ---- : Setting radAngle in zone OuterDomain (1) to 90d (1.570796)
[  ]    ---- : Setting radAngle in zone SolidSphere (2) to 11d (0.191986)
[  ]    ---- : Setting minGradient to 1e-08 (0.000000)
[  ]    ---- : Initializing Lattice ...
[  ]    129.8 MLBUps    149.73 GB/s [====================]  0s
[  ]    ---- : Callback VTK with no Iterations attribute
[  ]    ---- :        0 it writing vtk
[  ]    ---- : Setting callback Log at 10.000000 iterations
[  ]    ---- : Adding Log to the solver hands
[  ]    ---- : Setting callback Failcheck at 10.000000 iterations
[  ]    ---- : Adding Failcheck to the solver hands
[  ]    ---- : Setting action Solve at 50000.000000 iterations
[  ]    ---- : Setting callback VTK at 50000.000000 iterations
[  ]    ---- : Adding VTK to the solver hands
[  ]    ---- : Setting callback Log at 10.000000 iterations
[  ]    ---- : Adding Log to the solver hands
[  ]    ---- : Setting callback Failcheck at 10.000000 iterations
[  ]    ---- : Adding Failcheck to the solver hands
[  ]    ---- :      6.3 MLBUps      7.28 GB/s [====================]
[  ]    201.1 MLBUps    232.03 GB/s [========            ]  0s
[  ]    ---- :    155.1 MLBUps    178.95 GB/s [====================]
[  ]    ---- :    175.4 MLBUps    202.44 GB/s [====================]
[  ]    ---- :    179.6 MLBUps    207.21 GB/s [====================]
[  ]    ---- :    180.0 MLBUps    207.67 GB/s [====================]
[  ]    ---- :    179.9 MLBUps    207.62 GB/s [====================]
[  ]    ---- :    179.6 MLBUps    207.22 GB/s [====================]
[  ]    ---- :    180.1 MLBUps    207.81 GB/s [====================]
[  ]    ---- :    179.8 MLBUps    207.48 GB/s [====================]
[  ]    ---- :    180.3 MLBUps    208.07 GB/s [====================]
[  ]    ---- :    180.2 MLBUps    207.97 GB/s [====================]
[  ]    ---- :    180.0 MLBUps    207.67 GB/s [====================]
[  ]    ---- :    179.5 MLBUps    207.16 GB/s [====================]
[  ]    ---- :    180.3 MLBUps    208.02 GB/s [====================]
[  ]    ---- :    179.9 MLBUps    207.58 GB/s [====================]
[  ]    ---- :    180.0 MLBUps    207.67 GB/s [====================]
[  ]    ---- :    179.6 MLBUps    207.23 GB/s [====================]
[  ]    ---- :    180.2 MLBUps    207.95 GB/s [====================]
[  ]    ---- :    180.1 MLBUps    207.86 GB/s [====================]
[  ]    ---- :    179.9 MLBUps    207.56 GB/s [====================]
[  ]    ---- :    179.9 MLBUps    207.64 GB/s [====================]
[  ]    ---- :    180.0 MLBUps    207.78 GB/s [====================]
[  ]    ---- :    180.1 MLBUps    207.81 GB/s [====================]
[  ]    ---- :    180.4 MLBUps    208.21 GB/s [====================]
[  ]    ---- :    180.3 MLBUps    208.05 GB/s [====================]
[  ]    ---- :    180.4 MLBUps    208.14 GB/s [====================]
[  ]    ---- :    180.4 MLBUps    208.19 GB/s [====================]
[  ]    ---- :    179.9 MLBUps    207.58 GB/s [====================]
[  ]    ---- :    180.4 MLBUps    208.14 GB/s [====================]
[  ]    ---- :    180.5 MLBUps    208.32 GB/s [====================]
[  ]    ---- :    180.7 MLBUps    208.51 GB/s [====================]
[  ]    ---- :    179.9 MLBUps    207.58 GB/s [====================]
[  ]    ---- :    180.5 MLBUps    208.34 GB/s [====================]
[  ]    ---- :    180.3 MLBUps    208.02 GB/s [====================]
[  ]    ---- :    180.2 MLBUps    207.94 GB/s [====================]
[  ]    ---- :    180.2 MLBUps    208.00 GB/s [====================]
[  ]    ---- :    180.3 MLBUps    208.10 GB/s [====================]
[  ]    ---- :    180.0 MLBUps    207.71 GB/s [====================]
[  ]    ---- :    180.0 MLBUps    207.69 GB/s [====================]
[  ]    ---- :    180.1 MLBUps    207.84 GB/s [====================]
[  ]    ---- :    180.0 MLBUps    207.70 GB/s [====================]
[  ]    ---- :    180.1 MLBUps    207.84 GB/s [====================]
[  ]    ---- :    180.1 MLBUps    207.78 GB/s [====================]
[  ]    ---- :    180.0 MLBUps    207.77 GB/s [====================]
[  ]    ---- :    180.5 MLBUps    208.26 GB/s [====================]
[  ]    ---- :    180.0 MLBUps    207.72 GB/s [====================]
[  ]    ---- :    180.2 MLBUps    207.90 GB/s [====================]
[  ]    ---- :    180.2 MLBUps    207.97 GB/s [====================]
[  ]    ---- :    180.1 MLBUps    207.82 GB/s [====================]
[  ]    ---- :    180.4 MLBUps    208.20 GB/s [====================]
[  ]    ---- :    180.4 MLBUps    208.23 GB/s [====================]
[  ]    ---- :    180.5 MLBUps    208.28 GB/s [====================]
[  ]    ---- :    180.4 MLBUps    208.18 GB/s [====================]
[  ]    ---- :    180.0 MLBUps    207.74 GB/s [====================]
[  ]    ---- :    180.4 MLBUps    208.18 GB/s [====================]
[  ]    ---- :    180.2 MLBUps    207.99 GB/s [====================]
[  ]    ---- :    180.3 MLBUps    208.04 GB/s [====================]
[  ]    ---- :    180.4 MLBUps    208.19 GB/s [====================]
[  ]    ---- :    180.5 MLBUps    208.32 GB/s [====================]
[  ]    ---- :    180.4 MLBUps    208.13 GB/s [====================]
[  ]    ---- :    180.2 MLBUps    207.95 GB/s [====================]
[  ]    ---- :    180.2 MLBUps    207.93 GB/s [====================]
[  ]    ---- :    180.5 MLBUps    208.32 GB/s [====================]
[  ]    ---- :    180.2 MLBUps    207.95 GB/s [====================]
[  ]    ---- :    179.9 MLBUps    207.60 GB/s [====================]
[  ]    ---- :    180.2 MLBUps    207.99 GB/s [====================]
[  ]    ---- :    180.5 MLBUps    208.35 GB/s [====================]
[  ]    ---- :    180.4 MLBUps    208.16 GB/s [====================]
[  ]    ---- :    180.3 MLBUps    208.02 GB/s [====================]
[  ]    ---- :    180.1 MLBUps    207.83 GB/s [====================]
[  ]    ---- :    180.3 MLBUps    208.01 GB/s [====================]
[  ]    ---- :    180.5 MLBUps    208.25 GB/s [====================]
[  ]    ---- :    180.1 MLBUps    207.87 GB/s [====================]
[  ]    ---- :    180.4 MLBUps    208.15 GB/s [====================]
[  ]    ---- :    180.3 MLBUps    208.06 GB/s [====================]
[  ]    ---- :    180.4 MLBUps    208.16 GB/s [====================]
[  ]    ---- :    180.3 MLBUps    208.11 GB/s [====================]
[  ]    ---- :    180.1 MLBUps    207.84 GB/s [====================]
[  ]    ---- :    180.5 MLBUps    208.33 GB/s [====================]
[  ]    ---- :    180.0 MLBUps    207.72 GB/s [====================]
[  ]    ---- :    180.0 MLBUps    207.68 GB/s [====================]
[  ]    ---- :    179.6 MLBUps    207.30 GB/s [====================]
[  ]    ---- :    179.9 MLBUps    207.58 GB/s [====================]
[  ]    ---- :    180.1 MLBUps    207.86 GB/s [====================]
[  ]    ---- :    180.5 MLBUps    208.27 GB/s [====================]
[  ]    ---- :    180.2 MLBUps    207.96 GB/s [====================]
[  ]    ---- :    180.0 MLBUps    207.69 GB/s [====================]
[  ]    ---- :    180.2 MLBUps    208.00 GB/s [====================]
[  ]    ---- :    180.0 MLBUps    207.67 GB/s [====================]
[  ]    ---- :    180.3 MLBUps    208.11 GB/s [====================]
[  ]    ---- :    180.0 MLBUps    207.74 GB/s [====================]
[  ]    ---- :    180.0 MLBUps    207.72 GB/s [====================]
[  ]    ---- :    180.2 MLBUps    207.98 GB/s [====================]
[  ]    ---- :    179.9 MLBUps    207.60 GB/s [====================]
[  ]    ---- :    180.1 MLBUps    207.89 GB/s [====================]
[  ]    ---- :    180.4 MLBUps    208.20 GB/s [====================]
[  ]    ---- :    180.1 MLBUps    207.82 GB/s [====================]
[  ]    ---- :    180.1 MLBUps    207.86 GB/s [====================]
[  ]    ---- :    180.3 MLBUps    208.03 GB/s [====================]
[  ]    ---- :    180.2 MLBUps    207.99 GB/s [====================]
[  ]    ---- :    179.8 MLBUps    207.54 GB/s [====================]
[  ]    ---- :    180.4 MLBUps    208.18 GB/s [====================]
[  ]    ---- :    180.1 MLBUps    207.83 GB/s [====================]
[  ]    ---- :    179.9 MLBUps    207.55 GB/s [====================]
[  ]    ---- :    180.2 MLBUps    207.94 GB/s [====================]
[  ]    ---- :    180.0 MLBUps    207.75 GB/s [====================]
[  ]    ---- :    180.1 MLBUps    207.78 GB/s [====================]
[  ]    ---- :    179.9 MLBUps    207.64 GB/s [====================]
[  ]    ---- :    180.6 MLBUps    208.36 GB/s [====================]
[  ]    ---- :    180.3 MLBUps    208.08 GB/s [====================]
[  ]    ---- :    179.9 MLBUps    207.64 GB/s [====================]
[  ]    ---- :    179.9 MLBUps    207.56 GB/s [====================]
[  ]    ---- :    180.1 MLBUps    207.88 GB/s [====================]
[  ]    ---- :    180.2 MLBUps    207.93 GB/s [====================]
[  ]    ---- :    180.4 MLBUps    208.14 GB/s [====================]
[  ]    ---- :    180.3 MLBUps    208.07 GB/s [====================]
[  ]    ---- :    180.3 MLBUps    208.04 GB/s [====================]
[  ]    ---- :    180.2 MLBUps    207.91 GB/s [====================]
[  ]    ---- :    180.1 MLBUps    207.85 GB/s [====================]
[  ]    ---- :    180.2 MLBUps    207.90 GB/s [====================]
[  ]    ---- :    180.1 MLBUps    207.86 GB/s [====================]
[  ]    ---- :    180.5 MLBUps    208.30 GB/s [====================]
[  ]    ---- :    180.2 MLBUps    207.92 GB/s [====================]
[  ]    ---- :    180.4 MLBUps    208.17 GB/s [====================]
[  ]    ---- :    179.9 MLBUps    207.63 GB/s [====================]
[  ]    ---- :    180.4 MLBUps    208.20 GB/s [====================]
[  ]    ---- :    180.3 MLBUps    208.09 GB/s [====================]
[  ]    ---- :    180.3 MLBUps    208.03 GB/s [====================]
[  ]    ---- :    180.5 MLBUps    208.31 GB/s [====================]
[  ]    ---- :    180.0 MLBUps    207.73 GB/s [====================]
[  ]    ---- :    180.3 MLBUps    208.07 GB/s [====================]
[  ]    ---- :    180.2 MLBUps    207.99 GB/s [====================]
[  ]    ---- :    180.4 MLBUps    208.18 GB/s [====================]
[  ]    ---- :    180.3 MLBUps    208.02 GB/s [====================]
[  ]    ---- :    179.9 MLBUps    207.62 GB/s [====================]
[  ]    ---- :    180.3 MLBUps    208.05 GB/s [====================]
[  ]    ---- :    180.3 MLBUps    208.04 GB/s [====================]
[  ]    ---- :    179.9 MLBUps    207.62 GB/s [====================]
[  ]    ---- :    180.3 MLBUps    208.02 GB/s [====================]
[  ]    ---- :    180.0 MLBUps    207.69 GB/s [====================]
[  ]    ---- :    179.9 MLBUps    207.65 GB/s [====================]
[  ]    ---- :    180.0 MLBUps    207.71 GB/s [====================]
[  ]    ---- :    180.0 MLBUps    207.72 GB/s [====================]
[  ]    ---- :    180.0 MLBUps    207.73 GB/s [====================]
[  ]    ---- :    180.1 MLBUps    207.84 GB/s [====================]
[  ]    ---- :    180.1 MLBUps    207.85 GB/s [====================]
[  ]    ---- :    180.6 MLBUps    208.40 GB/s [====================]
[  ]    ---- :    180.1 MLBUps    207.81 GB/s [====================]
[  ]    ---- :    180.3 MLBUps    208.12 GB/s [====================]
[  ]    ---- :    180.3 MLBUps    208.06 GB/s [====================]
[  ]    ---- :    180.2 MLBUps    207.92 GB/s [====================]
[  ]    ---- :    180.4 MLBUps    208.16 GB/s [====================]
[  ]    ---- :    180.0 MLBUps    207.73 GB/s [====================]
[  ]    ---- :    180.3 MLBUps    208.12 GB/s [====================]
[  ]    ---- :    180.2 MLBUps    207.95 GB/s [====================]
[  ]    ---- :    180.3 MLBUps    208.03 GB/s [====================]
[  ]    ---- :    179.8 MLBUps    207.47 GB/s [====================]
[  ]    ---- :    180.0 MLBUps    207.66 GB/s [====================]
[  ]    ---- :    179.4 MLBUps    207.06 GB/s [====================]
[  ]    ---- :    180.2 MLBUps    207.99 GB/s [====================]
[  ]    ---- :    180.2 MLBUps    207.98 GB/s [====================]
[  ]    ---- :    179.9 MLBUps    207.66 GB/s [====================]
[  ]    ---- :    180.0 MLBUps    207.76 GB/s [====================]
[  ]    ---- :    180.0 MLBUps    207.67 GB/s [====================]
[  ]    ---- :    180.3 MLBUps    208.12 GB/s [====================]
[  ]    ---- :    180.2 MLBUps    207.94 GB/s [====================]
[  ]    ---- :    179.9 MLBUps    207.55 GB/s [====================]
[  ]    ---- :    180.2 MLBUps    207.93 GB/s [====================]
[  ]    ---- :    180.4 MLBUps    208.17 GB/s [====================]
[  ]    ---- :    180.2 MLBUps    207.96 GB/s [====================]
[  ]    ---- :    180.1 MLBUps    207.81 GB/s [====================]
[  ]    ---- :    180.3 MLBUps    208.06 GB/s [====================]
[  ]    ---- :    180.2 MLBUps    207.94 GB/s [====================]
[  ]    ---- :    180.4 MLBUps    208.17 GB/s [====================]
[  ]    ---- :    180.4 MLBUps    208.23 GB/s [====================]
[  ]    ---- :    180.2 MLBUps    207.99 GB/s [====================]
[  ]    ---- :    180.0 MLBUps    207.70 GB/s [====================]
[  ]    ---- :    180.3 MLBUps    208.02 GB/s [====================]
[  ]    ---- :    180.3 MLBUps    208.09 GB/s [====================]
[  ]    ---- :    180.1 MLBUps    207.87 GB/s [====================]
[  ]    ---- :    180.3 MLBUps    208.09 GB/s [====================]
[  ]    ---- :    179.8 MLBUps    207.47 GB/s [====================]
[  ]    ---- :    180.0 MLBUps    207.71 GB/s [====================]
[  ]    ---- :    179.9 MLBUps    207.61 GB/s [====================]
[  ]    ---- :    180.2 MLBUps    207.99 GB/s [====================]
[  ]    ---- :    180.1 MLBUps    207.82 GB/s [====================]
[  ]    ---- :    180.1 MLBUps    207.85 GB/s [====================]
[  ]    ---- :    179.9 MLBUps    207.62 GB/s [====================]
[  ]    ---- :    180.1 MLBUps    207.89 GB/s [====================]
[  ]    ---- :    180.6 MLBUps    208.36 GB/s [====================]
[  ]    ---- :    180.2 MLBUps    207.92 GB/s [====================]
[  ]    ---- :    180.3 MLBUps    208.09 GB/s [====================]
[  ]    ---- :    180.4 MLBUps    208.17 GB/s [====================]
[  ]    ---- :    180.4 MLBUps    208.17 GB/s [====================]
[  ]    ---- :    180.2 MLBUps    207.93 GB/s [====================]
[  ]    ---- :    180.0 MLBUps    207.76 GB/s [====================]
[  ]    ---- :    180.1 MLBUps    207.80 GB/s [====================]
[  ]    ---- :    180.0 MLBUps    207.69 GB/s [====================]
[  ]    ---- :    179.5 MLBUps    207.18 GB/s [====================]
[  ]    ---- :    180.1 MLBUps    207.85 GB/s [====================]
[  ]    ---- :    180.4 MLBUps    208.17 GB/s [====================]
[  ]    ---- :    180.2 MLBUps    207.99 GB/s [====================]
[  ]    ---- :    180.1 MLBUps    207.80 GB/s [====================]
[  ]    ---- :    180.4 MLBUps    208.15 GB/s [====================]
[  ]    ---- :    180.3 MLBUps    208.04 GB/s [====================]
[  ]    ---- :    180.2 MLBUps    207.92 GB/s [====================]
[  ]    ---- :    180.1 MLBUps    207.78 GB/s [====================]
[  ]    ---- :    180.4 MLBUps    208.20 GB/s [====================]
[  ]    ---- :    180.0 MLBUps    207.73 GB/s [====================]
[  ]    ---- :    179.7 MLBUps    207.42 GB/s [====================]
[  ]    ---- :    179.9 MLBUps    207.63 GB/s [====================]
[  ]    ---- :    180.3 MLBUps    208.05 GB/s [====================]
[  ]    ---- :    180.1 MLBUps    207.83 GB/s [====================]
[  ]    ---- :    180.3 MLBUps    208.07 GB/s [====================]
[  ]    ---- :    180.0 MLBUps    207.76 GB/s [====================]
[  ]    ---- :    180.2 MLBUps    208.00 GB/s [====================]
[  ]    ---- :    180.1 MLBUps    207.85 GB/s [====================]
[  ]    ---- :    180.3 MLBUps    208.07 GB/s [====================]
[  ]    ---- :    180.0 MLBUps    207.74 GB/s [====================]
[  ]    ---- :    180.1 MLBUps    207.87 GB/s [====================]
[  ]    ---- :    180.1 MLBUps    207.83 GB/s [====================]
[  ]    ---- :    180.1 MLBUps    207.79 GB/s [====================]
[  ]    ---- :    180.3 MLBUps    208.06 GB/s [====================]
[  ]    ---- :    180.1 MLBUps    207.79 GB/s [====================]
[  ]    ---- :    179.9 MLBUps    207.63 GB/s [====================]
[  ]    ---- :    180.1 MLBUps    207.82 GB/s [====================]
[  ]    ---- :    180.6 MLBUps    208.40 GB/s [====================]
[  ]    ---- :    180.3 MLBUps    208.11 GB/s [====================]
[  ]    ---- :    180.1 MLBUps    207.81 GB/s [====================]
[  ]    ---- :    180.0 MLBUps    207.72 GB/s [====================]
[  ]    ---- :    180.4 MLBUps    208.21 GB/s [====================]
[  ]    ---- :    180.0 MLBUps    207.74 GB/s [====================]
[  ]    ---- :    180.3 MLBUps    208.10 GB/s [====================]
[  ]    ---- :    180.4 MLBUps    208.14 GB/s [====================]
[  ]    ---- :    180.4 MLBUps    208.18 GB/s [====================]
[  ]    ---- :    180.3 MLBUps    208.07 GB/s [====================]
[  ]    ---- :    180.3 MLBUps    208.12 GB/s [====================]
[  ]    ---- :    180.3 MLBUps    208.07 GB/s [====================]
[  ]    ---- :    180.6 MLBUps    208.41 GB/s [====================]
[  ]    ---- :    180.1 MLBUps    207.80 GB/s [====================]
[  ]    ---- :    180.4 MLBUps    208.17 GB/s [====================]
[  ]    ---- :    180.3 MLBUps    208.12 GB/s [====================]
[  ]    ---- :    180.3 MLBUps    208.09 GB/s [====================]
[  ]    ---- :    180.2 MLBUps    207.94 GB/s [====================]
[  ]    ---- :    180.3 MLBUps    208.09 GB/s [====================]
[  ]    ---- :    180.2 MLBUps    207.92 GB/s [====================]
[  ]    ---- :    180.3 MLBUps    208.02 GB/s [====================]
[  ]    ---- :    180.7 MLBUps    208.57 GB/s [====================]
[  ]    ---- :    180.6 MLBUps    208.41 GB/s [====================]
[  ]    ---- :    179.5 MLBUps    207.12 GB/s [====================]
[  ]    ---- :    180.0 MLBUps    207.73 GB/s [====================]
[  ]    ---- :    180.5 MLBUps    208.27 GB/s [====================]
[  ]    ---- :    180.3 MLBUps    208.06 GB/s [====================]
[  ]    ---- :    180.3 MLBUps    208.10 GB/s [====================]
[  ]    ---- :    180.3 MLBUps    208.01 GB/s [====================]
[  ]    ---- :    180.0 MLBUps    207.73 GB/s [====================]
[  ]    ---- :    180.0 MLBUps    207.71 GB/s [====================]
[  ]    ---- :    180.2 MLBUps    208.01 GB/s [====================]
[  ]    ---- :    180.3 MLBUps    208.11 GB/s [====================]
[  ]    ---- :    180.0 MLBUps    207.76 GB/s [====================]
[  ]    ---- :    180.0 MLBUps    207.76 GB/s [====================]
[  ]    ---- :    180.1 MLBUps    207.86 GB/s [====================]
[  ]    ---- :    179.8 MLBUps    207.51 GB/s [====================]
[  ]    ---- :    180.4 MLBUps    208.20 GB/s [====================]
[  ]    ---- :    180.1 MLBUps    207.88 GB/s [====================]
[  ]    ---- :    180.1 MLBUps    207.78 GB/s [====================]
[  ]    ---- :    180.2 MLBUps    207.96 GB/s [====================]
[  ]    ---- :    180.1 MLBUps    207.81 GB/s [====================]
[  ]    ---- :    180.3 MLBUps    208.07 GB/s [====================]
[  ]    ---- :    180.3 MLBUps    208.02 GB/s [====================]
[  ]    ---- :    180.2 MLBUps    207.99 GB/s [====================]
[  ]    ---- :    179.9 MLBUps    207.59 GB/s [====================]
[  ]    ---- :    179.5 MLBUps    207.14 GB/s [====================]
[  ]    ---- :    179.6 MLBUps    207.31 GB/s [====================]
[  ]    ---- :    180.2 MLBUps    207.89 GB/s [====================]
[  ]    ---- :    179.8 MLBUps    207.51 GB/s [====================]
[  ]    ---- :    179.9 MLBUps    207.63 GB/s [====================]
[  ]    ---- :    180.2 MLBUps    207.90 GB/s [====================]
[  ]    ---- :    180.2 MLBUps    208.00 GB/s [====================]
[  ]    ---- :    179.8 MLBUps    207.48 GB/s [====================]
[  ]    ---- :    180.0 MLBUps    207.75 GB/s [====================]
[  ]    ---- :    179.8 MLBUps    207.53 GB/s [====================]
[  ]    ---- :    180.1 MLBUps    207.89 GB/s [====================]
[  ]    ---- :    180.2 MLBUps    207.93 GB/s [====================]
[  ]    ---- :    180.0 MLBUps    207.67 GB/s [====================]
[  ]    ---- :    179.9 MLBUps    207.63 GB/s [====================]
[  ]    ---- :    179.7 MLBUps    207.41 GB/s [====================]
[  ]    ---- :    180.0 MLBUps    207.72 GB/s [====================]
[  ]    ---- :    180.4 MLBUps    208.12 GB/s [====================]
[  ]    ---- :    180.0 MLBUps    207.77 GB/s [====================]
[  ]    ---- :    180.4 MLBUps    208.20 GB/s [====================]
[  ]    ---- :    180.0 MLBUps    207.74 GB/s [====================]
[  ]    ---- :    180.2 MLBUps    208.01 GB/s [====================]
[  ]    ---- :    179.9 MLBUps    207.58 GB/s [====================]
[  ]    ---- :    180.3 MLBUps    208.11 GB/s [====================]
[  ]    ---- :    180.5 MLBUps    208.27 GB/s [====================]
[  ]    ---- :    180.4 MLBUps    208.18 GB/s [====================]
[  ]    ---- :    180.0 MLBUps    207.78 GB/s [====================]
[  ]    ---- :    180.2 MLBUps    207.99 GB/s [====================]
[  ]    ---- :    180.2 MLBUps    207.92 GB/s [====================]
[  ]    ---- :    180.3 MLBUps    208.01 GB/s [====================]
[  ]    ---- :    179.6 MLBUps    207.31 GB/s [====================]
[  ]    ---- :    180.2 MLBUps    207.97 GB/s [====================]
[  ]    ---- :    180.5 MLBUps    208.25 GB/s [====================]
[  ]    ---- :    180.2 MLBUps    207.97 GB/s [====================]
[  ]    ---- :    179.9 MLBUps    207.64 GB/s [====================]
[  ]    ---- :    180.1 MLBUps    207.81 GB/s [====================]
[  ]    ---- :    180.2 MLBUps    207.91 GB/s [====================]
[  ]    ---- :    180.4 MLBUps    208.21 GB/s [====================]
[  ]    ---- :    179.9 MLBUps    207.64 GB/s [====================]
[  ]    ---- :    180.2 MLBUps    207.91 GB/s [====================]
[  ]    ---- :    180.1 MLBUps    207.78 GB/s [====================]
[  ]    ---- :    180.2 MLBUps    207.99 GB/s [====================]
[  ]    ---- :    180.0 MLBUps    207.67 GB/s [====================]
[  ]    ---- :    180.6 MLBUps    208.42 GB/s [====================]
[  ]    ---- :    180.6 MLBUps    208.38 GB/s [====================]
[  ]    ---- :    180.3 MLBUps    208.06 GB/s [====================]
[  ]    ---- :    180.3 MLBUps    208.04 GB/s [====================]
[  ]    ---- :    180.3 MLBUps    208.04 GB/s [====================]
[  ]    ---- :    180.1 MLBUps    207.79 GB/s [====================]
[  ]    ---- :    179.9 MLBUps    207.65 GB/s [====================]
[  ]    ---- :    180.0 MLBUps    207.76 GB/s [====================]
[  ]    ---- :    180.1 MLBUps    207.79 GB/s [====================]
[  ]    ---- :    179.8 MLBUps    207.48 GB/s [====================]
[  ]    ---- :    180.0 MLBUps    207.77 GB/s [====================]
[  ]    ---- :    180.5 MLBUps    208.29 GB/s [====================]
[  ]    ---- :    180.1 MLBUps    207.88 GB/s [====================]
[  ]    ---- :    180.0 MLBUps    207.71 GB/s [====================]
[  ]    ---- :    180.1 MLBUps    207.86 GB/s [====================]
[  ]    ---- :    180.3 MLBUps    208.10 GB/s [====================]
[  ]    ---- :    180.3 MLBUps    208.02 GB/s [====================]
[  ]    ---- :    180.3 MLBUps    208.03 GB/s [====================]
[  ]    ---- :    180.5 MLBUps    208.33 GB/s [====================]
[  ]    ---- :    180.5 MLBUps    208.30 GB/s [====================]
[  ]    ---- :    180.1 MLBUps    207.83 GB/s [====================]
[  ]    ---- :    180.2 MLBUps    207.92 GB/s [====================]
[  ]    ---- :    180.3 MLBUps    208.01 GB/s [====================]
[  ]    ---- :    180.3 MLBUps    208.03 GB/s [====================]
[  ]    ---- :    179.8 MLBUps    207.55 GB/s [====================]
[  ]    ---- :    180.3 MLBUps    208.03 GB/s [====================]
[  ]    ---- :    179.8 MLBUps    207.49 GB/s [====================]
[  ]    ---- :    180.2 MLBUps    208.00 GB/s [====================]
[  ]    ---- :    180.1 MLBUps    207.81 GB/s [====================]
[  ]    ---- :    179.8 MLBUps    207.53 GB/s [====================]
[  ]    ---- :    180.4 MLBUps    208.20 GB/s [====================]
[  ]    ---- :    180.3 MLBUps    208.08 GB/s [====================]
[  ]    ---- :    180.5 MLBUps    208.35 GB/s [====================]
[  ]    ---- :    180.2 MLBUps    207.92 GB/s [====================]
[  ]    ---- :    180.1 MLBUps    207.85 GB/s [====================]
[  ]    ---- :    180.5 MLBUps    208.30 GB/s [====================]
[  ]    ---- :    180.3 MLBUps    208.04 GB/s [====================]
[  ]    ---- :    180.0 MLBUps    207.74 GB/s [====================]
[  ]    ---- :    179.5 MLBUps    207.17 GB/s [====================]
[  ]    ---- :    179.7 MLBUps    207.39 GB/s [====================]
[  ]    ---- :    180.2 MLBUps    207.91 GB/s [====================]
[  ]    ---- :    180.3 MLBUps    208.02 GB/s [====================]
[  ]    ---- :    180.5 MLBUps    208.28 GB/s [====================]
[  ]    ---- :    180.3 MLBUps    208.04 GB/s [====================]
[  ]    ---- :    179.8 MLBUps    207.47 GB/s [====================]
[  ]    ---- :    180.4 MLBUps    208.19 GB/s [====================]
[  ]    ---- :    180.6 MLBUps    208.44 GB/s [====================]
[  ]    ---- :    180.1 MLBUps    207.88 GB/s [====================]
[  ]    ---- :    179.9 MLBUps    207.65 GB/s [====================]
[  ]    ---- :    180.0 MLBUps    207.71 GB/s [====================]
[  ]    ---- :    180.3 MLBUps    208.06 GB/s [====================]
[  ]    ---- :    179.9 MLBUps    207.59 GB/s [====================]
[  ]    ---- :    180.6 MLBUps    208.44 GB/s [====================]
[  ]    ---- :    180.1 MLBUps    207.86 GB/s [====================]
[  ]    ---- :    180.3 MLBUps    208.12 GB/s [====================]
[  ]    ---- :    180.2 MLBUps    207.95 GB/s [====================]
[  ]    ---- :    180.1 MLBUps    207.89 GB/s [====================]
[  ]    ---- :    179.8 MLBUps    207.48 GB/s [====================]
[  ]    ---- :    180.4 MLBUps    208.12 GB/s [====================]
[  ]    ---- :    180.1 MLBUps    207.78 GB/s [====================]
[  ]    ---- :    180.5 MLBUps    208.30 GB/s [====================]
[  ]    ---- :    179.8 MLBUps    207.53 GB/s [====================]
[  ]    ---- :    180.5 MLBUps    208.27 GB/s [====================]
[  ]    ---- :    179.9 MLBUps    207.57 GB/s [====================]
[  ]    ---- :    180.3 MLBUps    208.06 GB/s [====================]
[  ]    ---- :    178.5 MLBUps    206.02 GB/s [====================]
[  ]    ---- :    179.4 MLBUps    207.08 GB/s [====================]
[  ]    ---- :    180.1 MLBUps    207.80 GB/s [====================]
[  ]    ---- :    180.0 MLBUps    207.67 GB/s [====================]
[  ]    ---- :    180.1 MLBUps    207.87 GB/s [====================]
[  ]    ---- :    180.0 MLBUps    207.76 GB/s [====================]
[  ]    ---- :    180.1 MLBUps    207.84 GB/s [====================]
[  ]    ---- :    179.9 MLBUps    207.64 GB/s [====================]
[  ]    ---- :    179.7 MLBUps    207.36 GB/s [====================]
[  ]    ---- :    180.2 MLBUps    207.99 GB/s [====================]
[  ]    ---- :    180.3 MLBUps    208.11 GB/s [====================]
[  ]    ---- :    180.5 MLBUps    208.29 GB/s [====================]
[  ]    ---- :    180.1 MLBUps    207.79 GB/s [====================]
[  ]    ---- :    180.4 MLBUps    208.16 GB/s [====================]
[  ]    ---- :    180.0 MLBUps    207.72 GB/s [====================]
[  ]    ---- :    180.0 MLBUps    207.77 GB/s [====================]
[  ]    ---- :    180.1 MLBUps    207.80 GB/s [====================]
[  ]    ---- :    180.3 MLBUps    208.10 GB/s [====================]
[  ]    ---- :    179.9 MLBUps    207.66 GB/s [====================]
[  ]    ---- :    180.1 MLBUps    207.81 GB/s [====================]
[  ]    ---- :    179.7 MLBUps    207.38 GB/s [====================]
[  ]    ---- :    180.1 MLBUps    207.88 GB/s [====================]
[  ]    ---- :    180.2 MLBUps    207.91 GB/s [====================]
[  ]    ---- :    180.4 MLBUps    208.19 GB/s [====================]
[  ]    ---- :    179.9 MLBUps    207.62 GB/s [====================]
[  ]    ---- :    180.5 MLBUps    208.33 GB/s [====================]
[  ]    ---- :    180.3 MLBUps    208.03 GB/s [====================]
[  ]    ---- :    180.1 MLBUps    207.81 GB/s [====================]
[  ]    ---- :    180.1 MLBUps    207.78 GB/s [====================]
[  ]    ---- :    179.9 MLBUps    207.63 GB/s [====================]
[  ]    ---- :    179.8 MLBUps    207.50 GB/s [====================]
[  ]    ---- :    179.9 MLBUps    207.64 GB/s [====================]
[  ]    ---- :    180.3 MLBUps    208.07 GB/s [====================]
[  ]    ---- :    180.3 MLBUps    208.06 GB/s [====================]
[  ]    ---- :    180.3 MLBUps    208.11 GB/s [====================]
[  ]    ---- :    180.1 MLBUps    207.87 GB/s [====================]
[  ]    ---- :    180.1 MLBUps    207.83 GB/s [====================]
[  ]    ---- :    180.3 MLBUps    208.06 GB/s [====================]
[  ]    ---- :    179.9 MLBUps    207.58 GB/s [====================]
[  ]    ---- :    180.0 MLBUps    207.76 GB/s [====================]
[  ]    ---- :    180.3 MLBUps    208.03 GB/s [====================]
[  ]    ---- :    180.2 MLBUps    207.94 GB/s [====================]
[  ]    ---- :    180.2 MLBUps    207.97 GB/s [====================]
[  ]    ---- :    180.2 MLBUps    208.00 GB/s [====================]
[  ]    ---- :    180.2 MLBUps    207.95 GB/s [====================]
[  ]    ---- :    180.3 MLBUps    208.01 GB/s [====================]
[  ]    ---- :    180.2 MLBUps    207.99 GB/s [====================]
[  ]    ---- :    180.6 MLBUps    208.44 GB/s [====================]
[  ]    ---- :    180.2 MLBUps    207.92 GB/s [====================]
[  ]    ---- :    180.3 MLBUps    208.01 GB/s [====================]
[  ]    ---- :    179.9 MLBUps    207.66 GB/s [====================]
[  ]    ---- :    180.2 MLBUps    207.90 GB/s [====================]
[  ]    ---- :    180.4 MLBUps    208.19 GB/s [====================]
[  ]    ---- :    180.1 MLBUps    207.82 GB/s [====================]
[  ]    ---- :    180.2 MLBUps    207.91 GB/s [====================]
[  ]    ---- :    180.3 MLBUps    208.07 GB/s [====================]
[  ]    ---- :    179.9 MLBUps    207.66 GB/s [====================]
[  ]    ---- :    180.3 MLBUps    208.09 GB/s [====================]
[  ]    ---- :    180.2 MLBUps    207.94 GB/s [====================]
[  ]    ---- :    180.3 MLBUps    208.04 GB/s [====================]
[  ]    ---- :    180.5 MLBUps    208.25 GB/s [====================]
[  ]    ---- :    180.3 MLBUps    208.12 GB/s [====================]
[  ]    ---- :    180.1 MLBUps    207.87 GB/s [====================]
[  ]    ---- :    180.6 MLBUps    208.37 GB/s [====================]
[  ]    ---- :    180.1 MLBUps    207.78 GB/s [====================]
[  ]    ---- :    180.3 MLBUps    208.02 GB/s [====================]
[  ]    ---- :    180.1 MLBUps    207.87 GB/s [====================]
[  ]    ---- :    180.1 MLBUps    207.85 GB/s [====================]
[  ]    ---- :    179.9 MLBUps    207.60 GB/s [====================]
[  ]    ---- :    180.3 MLBUps    208.01 GB/s [====================]
[  ]    ---- :    180.4 MLBUps    208.15 GB/s [====================]
[  ]    ---- :    179.6 MLBUps    207.25 GB/s [====================]
[  ]    ---- :    180.1 MLBUps    207.83 GB/s [====================]
[  ]    ---- :    180.3 MLBUps    208.03 GB/s [====================]
[  ]    ---- :    180.1 MLBUps    207.89 GB/s [====================]
[  ]    ---- :    180.1 MLBUps    207.87 GB/s [====================]
[  ]    ---- :    180.2 MLBUps    207.94 GB/s [====================]
[  ]    ---- :    180.2 MLBUps    207.91 GB/s [====================]
[  ]    ---- :    179.1 MLBUps    206.64 GB/s [====================]
[  ]    ---- :    180.1 MLBUps    207.85 GB/s [====================]
[  ]    ---- :    180.2 MLBUps    207.94 GB/s [====================]
[  ]    ---- :    180.0 MLBUps    207.75 GB/s [====================]
[  ]    ---- :    180.1 MLBUps    207.79 GB/s [====================]
[  ]    ---- :    180.3 MLBUps    208.03 GB/s [====================]
[  ]    ---- :    180.2 MLBUps    208.00 GB/s [====================]
[  ]    ---- :    180.4 MLBUps    208.17 GB/s [====================]
[  ]    ---- :    179.9 MLBUps    207.62 GB/s [====================]
[  ]    ---- :    180.0 MLBUps    207.70 GB/s [====================]
[  ]    ---- :    180.5 MLBUps    208.28 GB/s [====================]
[  ]    ---- :    180.3 MLBUps    208.12 GB/s [====================]
[  ]    ---- :    180.3 MLBUps    208.03 GB/s [====================]
[  ]    ---- :    179.9 MLBUps    207.64 GB/s [====================]
[  ]    ---- :    180.2 MLBUps    207.97 GB/s [====================]
[  ]    ---- :    180.4 MLBUps    208.12 GB/s [====================]
[  ]    ---- :    180.2 MLBUps    207.92 GB/s [====================]
[  ]    ---- :    180.0 MLBUps    207.70 GB/s [====================]
[  ]    ---- :    179.9 MLBUps    207.65 GB/s [====================]
[  ]    ---- :    180.3 MLBUps    208.06 GB/s [====================]
[  ]    ---- :    180.2 MLBUps    207.92 GB/s [====================]
[  ]    ---- :    179.1 MLBUps    206.64 GB/s [====================]
[  ]    ---- :    180.2 MLBUps    207.94 GB/s [====================]
[  ]    ---- :    179.8 MLBUps    207.52 GB/s [====================]
[  ]    ---- :    179.8 MLBUps    207.47 GB/s [====================]
[  ]    ---- :    180.0 MLBUps    207.70 GB/s [====================]
[  ]    ---- :    180.1 MLBUps    207.80 GB/s [====================]
[  ]    ---- :    179.9 MLBUps    207.56 GB/s [====================]
[  ]    ---- :    179.5 MLBUps    207.19 GB/s [====================]
[  ]    ---- :    179.9 MLBUps    207.63 GB/s [====================]
[  ]    ---- :    179.9 MLBUps    207.63 GB/s [====================]
[  ]    ---- :    180.3 MLBUps    208.08 GB/s [====================]
[  ]    ---- :    180.3 MLBUps    208.01 GB/s [====================]
[  ]    ---- :    180.0 MLBUps    207.76 GB/s [====================]
[  ]    ---- :    180.3 MLBUps    208.10 GB/s [====================]
[  ]    ---- :    180.4 MLBUps    208.12 GB/s [====================]
[  ]    ---- :    180.0 MLBUps    207.77 GB/s [====================]
[  ]    ---- :    179.8 MLBUps    207.50 GB/s [====================]
[  ]    ---- :    180.1 MLBUps    207.88 GB/s [====================]
[  ]    ---- :    180.3 MLBUps    208.09 GB/s [====================]
[  ]    ---- :    180.1 MLBUps    207.86 GB/s [====================]
[  ]    ---- :    180.1 MLBUps    207.82 GB/s [====================]
[  ]    ---- :    179.9 MLBUps    207.55 GB/s [====================]
[  ]    ---- :    180.3 MLBUps    208.07 GB/s [====================]
[  ]    ---- :    180.2 MLBUps    207.99 GB/s [====================]
[  ]    ---- :    180.2 MLBUps    207.92 GB/s [====================]
[  ]    ---- :    180.2 MLBUps    207.94 GB/s [====================]
[  ]    ---- :    180.2 MLBUps    207.94 GB/s [====================]
[  ]    ---- :    180.1 MLBUps    207.89 GB/s [====================]
[  ]    ---- :    179.6 MLBUps    207.24 GB/s [====================]
[  ]    ---- :    180.0 MLBUps    207.73 GB/s [====================]
[  ]    ---- :    179.8 MLBUps    207.53 GB/s [====================]
[  ]    ---- :    180.3 MLBUps    208.05 GB/s [====================]
[  ]    ---- :    180.1 MLBUps    207.83 GB/s [====================]
[  ]    ---- :    180.1 MLBUps    207.87 GB/s [====================]
[  ]    ---- :    180.1 MLBUps    207.78 GB/s [====================]
[  ]    ---- :    180.2 MLBUps    207.97 GB/s [====================]
[  ]    ---- :    179.8 MLBUps    207.53 GB/s [====================]
[  ]    ---- :    180.1 MLBUps    207.78 GB/s [====================]
[  ]    ---- :    179.6 MLBUps    207.25 GB/s [====================]
[  ]    ---- :    180.0 MLBUps    207.74 GB/s [====================]
[  ]    ---- :    180.2 MLBUps    207.95 GB/s [====================]
[  ]    ---- :    180.2 MLBUps    207.96 GB/s [====================]
[  ]    ---- :    180.3 MLBUps    208.03 GB/s [====================]
[  ]    ---- :    180.3 MLBUps    208.05 GB/s [====================]
[  ]    ---- :    180.1 MLBUps    207.81 GB/s [====================]
[  ]    ---- :    180.2 MLBUps    207.92 GB/s [====================]
[  ]    ---- :    180.4 MLBUps    208.22 GB/s [====================]
[  ]    ---- :    180.0 MLBUps    207.77 GB/s [====================]
[  ]    ---- :    179.9 MLBUps    207.59 GB/s [====================]
[  ]    ---- :    180.2 MLBUps    207.96 GB/s [====================]
[  ]    ---- :    179.7 MLBUps    207.41 GB/s [====================]
[  ]    ---- :    180.1 MLBUps    207.88 GB/s [====================]
[  ]    ---- :    180.2 MLBUps    207.97 GB/s [====================]
[  ]    ---- :    180.3 MLBUps    208.01 GB/s [====================]
[  ]    ---- :    180.2 MLBUps    207.94 GB/s [====================]
[  ]    ---- :    180.2 MLBUps    207.96 GB/s [====================]
[  ]    ---- :    180.0 MLBUps    207.77 GB/s [====================]
[  ]    ---- :    180.4 MLBUps    208.13 GB/s [====================]
[  ]    ---- :    180.3 MLBUps    208.04 GB/s [====================]
[  ]    ---- :    180.3 MLBUps    208.03 GB/s [====================]
[  ]    ---- :    180.6 MLBUps    208.40 GB/s [====================]
[  ]    ---- :    180.4 MLBUps    208.13 GB/s [====================]
[  ]    ---- :    180.4 MLBUps    208.19 GB/s [====================]
[  ]    ---- :    180.3 MLBUps    208.01 GB/s [====================]
[  ]    ---- :    180.2 MLBUps    208.01 GB/s [====================]
[  ]    ---- :    180.0 MLBUps    207.76 GB/s [====================]
[  ]    ---- :    180.5 MLBUps    208.29 GB/s [====================]
[  ]    ---- :    180.1 MLBUps    207.83 GB/s [====================]
[  ]    ---- :    180.1 MLBUps    207.85 GB/s [====================]
[  ]    ---- :    180.3 MLBUps    208.01 GB/s [====================]
[  ]    ---- :    180.3 MLBUps    208.07 GB/s [====================]
[  ]    ---- :    180.2 MLBUps    207.97 GB/s [====================]
[  ]    ---- :    179.9 MLBUps    207.60 GB/s [====================]
[  ]    ---- :    179.8 MLBUps    207.52 GB/s [====================]
[  ]    ---- :    180.4 MLBUps    208.16 GB/s [====================]
[  ]    ---- :    180.4 MLBUps    208.15 GB/s [====================]
[  ]    ---- :    180.5 MLBUps    208.25 GB/s [====================]
[  ]    ---- :    180.5 MLBUps    208.29 GB/s [====================]
[  ]    ---- :    180.3 MLBUps    208.03 GB/s [====================]
[  ]    ---- :    180.2 MLBUps    207.93 GB/s [====================]
[  ]    ---- :    180.1 MLBUps    207.88 GB/s [====================]
[  ]    ---- :    180.1 MLBUps    207.81 GB/s [====================]
[  ]    ---- :    180.3 MLBUps    208.02 GB/s [====================]
[  ]    ---- :    180.3 MLBUps    208.05 GB/s [====================]
[  ]    ---- :    180.2 MLBUps    207.93 GB/s [====================]
[  ]    ---- :    180.3 MLBUps    208.07 GB/s [====================]
[  ]    ---- :    180.5 MLBUps    208.28 GB/s [====================]
[  ]    ---- :    180.5 MLBUps    208.30 GB/s [====================]
[  ]    ---- :    180.1 MLBUps    207.86 GB/s [====================]
[  ]    ---- :    180.5 MLBUps    208.33 GB/s [====================]
[  ]    ---- :    180.0 MLBUps    207.72 GB/s [====================]
[  ]    ---- :    180.2 MLBUps    207.98 GB/s [====================]
[  ]    ---- :    180.4 MLBUps    208.14 GB/s [====================]
[  ]    ---- :    180.2 MLBUps    207.92 GB/s [====================]
[  ]    ---- :    180.0 MLBUps    207.66 GB/s [====================]
[  ]    ---- :    179.8 MLBUps    207.49 GB/s [====================]
[  ]    ---- :    180.0 MLBUps    207.67 GB/s [====================]
[  ]    ---- :    180.3 MLBUps    208.05 GB/s [====================]
[  ]    ---- :    180.2 MLBUps    207.94 GB/s [====================]
[  ]    ---- :    180.0 MLBUps    207.75 GB/s [====================]
[  ]    ---- :    180.2 MLBUps    207.93 GB/s [====================]
[  ]    ---- :    179.6 MLBUps    207.30 GB/s [====================]
[  ]    ---- :    180.3 MLBUps    208.06 GB/s [====================]
[  ]    ---- :    179.9 MLBUps    207.64 GB/s [====================]
[  ]    ---- :    180.5 MLBUps    208.30 GB/s [====================]
[  ]    ---- :    180.1 MLBUps    207.84 GB/s [====================]
[  ]    ---- :    180.1 MLBUps    207.83 GB/s [====================]
[  ]    ---- :    179.9 MLBUps    207.59 GB/s [====================]
[  ]    ---- :    180.2 MLBUps    207.92 GB/s [====================]
[  ]    ---- :    180.1 MLBUps    207.85 GB/s [====================]
[  ]    ---- :    180.6 MLBUps    208.39 GB/s [====================]
[  ]    ---- :    180.3 MLBUps    208.09 GB/s [====================]
[  ]    ---- :    179.8 MLBUps    207.44 GB/s [====================]
[  ]    ---- :    180.4 MLBUps    208.22 GB/s [====================]
[  ]    ---- :    180.4 MLBUps    208.13 GB/s [====================]
[  ]    ---- :    180.0 MLBUps    207.71 GB/s [====================]
[  ]    ---- :    180.3 MLBUps    208.05 GB/s [====================]
[  ]    ---- :    180.0 MLBUps    207.71 GB/s [====================]
[  ]    ---- :    180.2 MLBUps    207.95 GB/s [====================]
[  ]    ---- :    180.0 MLBUps    207.73 GB/s [====================]
[  ]    ---- :    180.5 MLBUps    208.34 GB/s [====================]
[  ]    ---- :    180.2 MLBUps    207.94 GB/s [====================]
[  ]    ---- :    180.3 MLBUps    208.04 GB/s [====================]
[  ]    ---- :    180.3 MLBUps    208.09 GB/s [====================]
[  ]    ---- :    180.4 MLBUps    208.19 GB/s [====================]
[  ]    ---- :    180.0 MLBUps    207.68 GB/s [====================]
[  ]    ---- :    180.2 MLBUps    208.01 GB/s [====================]
[  ]    ---- :    180.1 MLBUps    207.82 GB/s [====================]
[  ]    ---- :    179.8 MLBUps    207.48 GB/s [====================]
[  ]    ---- :    180.2 MLBUps    207.99 GB/s [====================]
[  ]    ---- :    180.1 MLBUps    207.87 GB/s [====================]
[  ]    ---- :    180.3 MLBUps    208.07 GB/s [====================]
[  ]    ---- :    180.2 MLBUps    207.99 GB/s [====================]
[  ]    ---- :    180.2 MLBUps    207.94 GB/s [====================]
[  ]    ---- :    180.4 MLBUps    208.16 GB/s [====================]
[  ]    ---- :    180.5 MLBUps    208.25 GB/s [====================]
[  ]    ---- :    180.1 MLBUps    207.88 GB/s [====================]
[  ]    ---- :    180.2 MLBUps    207.92 GB/s [====================]
[  ]    ---- :    180.1 MLBUps    207.88 GB/s [====================]
[  ]    ---- :    180.4 MLBUps    208.17 GB/s [====================]
[  ]    ---- :    180.1 MLBUps    207.89 GB/s [====================]
[  ]    ---- :    180.5 MLBUps    208.24 GB/s [====================]
[  ]    ---- :    180.3 MLBUps    208.07 GB/s [====================]
[  ]    ---- :    180.2 MLBUps    207.94 GB/s [====================]
[  ]    ---- :    180.3 MLBUps    208.04 GB/s [====================]
[  ]    ---- :    180.3 MLBUps    208.07 GB/s [====================]
[  ]    ---- :    180.2 MLBUps    207.96 GB/s [====================]
[  ]    ---- :    179.7 MLBUps    207.35 GB/s [====================]
[  ]    ---- :    179.7 MLBUps    207.41 GB/s [====================]
[  ]    ---- :    180.4 MLBUps    208.14 GB/s [====================]
[  ]    ---- :    180.3 MLBUps    208.07 GB/s [====================]
[  ]    ---- :    180.3 MLBUps    208.11 GB/s [====================]
[  ]    ---- :    180.2 MLBUps    207.96 GB/s [====================]
[  ]    ---- :    180.2 MLBUps    207.93 GB/s [====================]
[  ]    ---- :    179.8 MLBUps    207.46 GB/s [====================]
[  ]    ---- :    180.4 MLBUps    208.16 GB/s [====================]
[  ]    ---- :    179.9 MLBUps    207.63 GB/s [====================]
[  ]    ---- :    180.2 MLBUps    207.93 GB/s [====================]
[  ]    ---- :    180.3 MLBUps    208.04 GB/s [====================]
[  ]    ---- :    180.3 MLBUps    208.05 GB/s [====================]
[  ]    ---- :    180.5 MLBUps    208.25 GB/s [====================]
[  ]    ---- :    180.1 MLBUps    207.83 GB/s [====================]
[  ]    ---- :    180.7 MLBUps    208.49 GB/s [====================]
[  ]    ---- :    180.3 MLBUps    208.02 GB/s [====================]
[  ]    ---- :    180.4 MLBUps    208.19 GB/s [====================]
[  ]    ---- :    179.9 MLBUps    207.65 GB/s [====================]
[  ]    ---- :    180.3 MLBUps    208.09 GB/s [====================]
[  ]    ---- :    180.4 MLBUps    208.16 GB/s [====================]
[  ]    ---- :    180.4 MLBUps    208.21 GB/s [====================]
[  ]    ---- :    180.2 MLBUps    207.98 GB/s [====================]
[  ]    ---- :    180.0 MLBUps    207.68 GB/s [====================]
[  ]    ---- :    180.0 MLBUps    207.76 GB/s [====================]
[  ]    ---- :    180.1 MLBUps    207.87 GB/s [====================]
[  ]    ---- :    180.2 MLBUps    207.93 GB/s [====================]
[  ]    ---- :    180.3 MLBUps    208.11 GB/s [====================]
[  ]    ---- :    180.4 MLBUps    208.20 GB/s [====================]
[  ]    ---- :    180.3 MLBUps    208.01 GB/s [====================]
[  ]    ---- :    179.8 MLBUps    207.43 GB/s [====================]
[  ]    ---- :    180.6 MLBUps    208.37 GB/s [====================]
[  ]    ---- :    180.2 MLBUps    207.97 GB/s [====================]
[  ]    ---- :    180.1 MLBUps    207.79 GB/s [====================]
[  ]    ---- :    180.2 MLBUps    207.93 GB/s [====================]
[  ]    ---- :    179.9 MLBUps    207.58 GB/s [====================]
[  ]    ---- :    180.0 MLBUps    207.71 GB/s [====================]
[  ]    ---- :    180.4 MLBUps    208.15 GB/s [====================]
[  ]    ---- :    180.1 MLBUps    207.87 GB/s [====================]
[  ]    ---- :    180.4 MLBUps    208.20 GB/s [====================]
[  ]    ---- :    180.1 MLBUps    207.82 GB/s [====================]
[  ]    ---- :    180.4 MLBUps    208.16 GB/s [====================]
[  ]    ---- :    180.3 MLBUps    208.02 GB/s [====================]
[  ]    ---- :    180.4 MLBUps    208.20 GB/s [====================]
[  ]    ---- :    180.1 MLBUps    207.79 GB/s [====================]
[  ]    ---- :    180.4 MLBUps    208.18 GB/s [====================]
[  ]    ---- :    179.8 MLBUps    207.53 GB/s [====================]
[  ]    ---- :    180.5 MLBUps    208.25 GB/s [====================]
[  ]    ---- :    180.3 MLBUps    208.08 GB/s [====================]
[  ]    ---- :    180.1 MLBUps    207.85 GB/s [====================]
[  ]    ---- :    180.5 MLBUps    208.26 GB/s [====================]
[  ]    ---- :    180.1 MLBUps    207.79 GB/s [====================]
[  ]    ---- :    180.4 MLBUps    208.20 GB/s [====================]
[  ]    ---- :    180.0 MLBUps    207.74 GB/s [====================]
[  ]    ---- :    180.5 MLBUps    208.30 GB/s [====================]
[  ]    ---- :    180.5 MLBUps    208.31 GB/s [====================]
[  ]    ---- :    180.2 MLBUps    207.93 GB/s [====================]
[  ]    ---- :    180.0 MLBUps    207.70 GB/s [====================]
[  ]    ---- :    180.1 MLBUps    207.81 GB/s [====================]
[  ]    ---- :    179.7 MLBUps    207.38 GB/s [====================]
[  ]    ---- :    179.7 MLBUps    207.37 GB/s [====================]
[  ]    ---- :    180.2 MLBUps    207.90 GB/s [====================]
[  ]    ---- :    179.8 MLBUps    207.45 GB/s [====================]
[  ]    ---- :    179.8 MLBUps    207.52 GB/s [====================]
[  ]    ---- :    180.1 MLBUps    207.78 GB/s [====================]
[  ]    ---- :    180.3 MLBUps    208.05 GB/s [====================]
[  ]    ---- :    180.2 MLBUps    207.97 GB/s [====================]
[  ]    ---- :    179.9 MLBUps    207.63 GB/s [====================]
[  ]    ---- :    180.1 MLBUps    207.82 GB/s [====================]
[  ]    ---- :    180.3 MLBUps    208.07 GB/s [====================]
[  ]    ---- :    180.2 MLBUps    207.93 GB/s [====================]
[  ]    ---- :    179.7 MLBUps    207.37 GB/s [====================]
[  ]    ---- :    180.4 MLBUps    208.19 GB/s [====================]
[  ]    ---- :    180.2 MLBUps    207.98 GB/s [====================]
[  ]    ---- :    180.0 MLBUps    207.73 GB/s [====================]
[  ]    ---- :    179.9 MLBUps    207.56 GB/s [====================]
[  ]    ---- :    180.1 MLBUps    207.89 GB/s [====================]
[  ]    ---- :    180.2 MLBUps    207.92 GB/s [====================]
[  ]    ---- :    180.4 MLBUps    208.14 GB/s [====================]
[  ]    ---- :    180.0 MLBUps    207.68 GB/s [====================]
[  ]    ---- :    180.3 MLBUps    208.11 GB/s [====================]
[  ]    ---- :    180.5 MLBUps    208.35 GB/s [====================]
[  ]    ---- :    180.3 MLBUps    208.07 GB/s [====================]
[  ]    ---- :    179.8 MLBUps    207.52 GB/s [====================]
[  ]    ---- :    180.0 MLBUps    207.72 GB/s [====================]
[  ]    ---- :    179.9 MLBUps    207.60 GB/s [====================]
[  ]    ---- :    179.9 MLBUps    207.56 GB/s [====================]
[  ]    ---- :    180.2 MLBUps    207.90 GB/s [====================]
[  ]    ---- :    180.4 MLBUps    208.17 GB/s [====================]
[  ]    ---- :    179.9 MLBUps    207.64 GB/s [====================]
[  ]    ---- :    179.9 MLBUps    207.65 GB/s [====================]
[  ]    ---- :    179.8 MLBUps    207.49 GB/s [====================]
[  ]    ---- :    179.9 MLBUps    207.58 GB/s [====================]
[  ]    ---- :    180.4 MLBUps    208.18 GB/s [====================]
[  ]    ---- :    180.4 MLBUps    208.13 GB/s [====================]
[  ]    ---- :    179.6 MLBUps    207.30 GB/s [====================]
[  ]    ---- :    180.3 MLBUps    208.06 GB/s [====================]
[  ]    ---- :    180.3 MLBUps    208.08 GB/s [====================]
[  ]    ---- :    179.9 MLBUps    207.62 GB/s [====================]
[  ]    ---- :    180.4 MLBUps    208.20 GB/s [====================]
[  ]    ---- :    180.3 MLBUps    208.08 GB/s [====================]
[  ]    ---- :    180.1 MLBUps    207.80 GB/s [====================]
[  ]    ---- :    180.3 MLBUps    208.03 GB/s [====================]
[  ]    ---- :    180.4 MLBUps    208.22 GB/s [====================]
[  ]    ---- :    179.4 MLBUps    207.03 GB/s [====================]
[  ]    ---- :    180.1 MLBUps    207.85 GB/s [====================]
[  ]    ---- :    180.3 MLBUps    208.12 GB/s [====================]
[  ]    ---- :    180.3 MLBUps    208.10 GB/s [====================]
[  ]    ---- :    180.3 MLBUps    208.04 GB/s [====================]
[  ]    ---- :    180.6 MLBUps    208.37 GB/s [====================]
[  ]    ---- :    180.6 MLBUps    208.41 GB/s [====================]
[  ]    ---- :    180.4 MLBUps    208.18 GB/s [====================]
[  ]    ---- :    179.8 MLBUps    207.53 GB/s [====================]
[  ]    ---- :    180.2 MLBUps    207.95 GB/s [====================]
[  ]    ---- :    180.4 MLBUps    208.14 GB/s [====================]
[  ]    ---- :    180.4 MLBUps    208.22 GB/s [====================]
[  ]    ---- :    180.3 MLBUps    208.12 GB/s [====================]
[  ]    ---- :    180.1 MLBUps    207.87 GB/s [====================]
[  ]    ---- :    180.3 MLBUps    208.01 GB/s [====================]
[  ]    ---- :    179.8 MLBUps    207.48 GB/s [====================]
[  ]    ---- :    179.8 MLBUps    207.51 GB/s [====================]
[  ]    ---- :    180.1 MLBUps    207.80 GB/s [====================]
[  ]    ---- :    180.3 MLBUps    208.08 GB/s [====================]
[  ]    ---- :    180.5 MLBUps    208.34 GB/s [====================]
[  ]    ---- :    180.3 MLBUps    208.01 GB/s [====================]
[  ]    ---- :    180.3 MLBUps    208.11 GB/s [====================]
[  ]    ---- :    180.5 MLBUps    208.26 GB/s [====================]
[  ]    ---- :    180.2 MLBUps    207.90 GB/s [====================]
[  ]    ---- :    180.1 MLBUps    207.87 GB/s [====================]
[  ]    ---- :    180.1 MLBUps    207.80 GB/s [====================]
[  ]    ---- :    180.1 MLBUps    207.78 GB/s [====================]
[  ]    ---- :    180.1 MLBUps    207.80 GB/s [====================]
[  ]    ---- :    180.2 MLBUps    207.93 GB/s [====================]
[  ]    ---- :    180.4 MLBUps    208.22 GB/s [====================]
[  ]    ---- :    180.1 MLBUps    207.85 GB/s [====================]
[  ]    ---- :    180.2 MLBUps    207.93 GB/s [====================]
[  ]    ---- :    180.3 MLBUps    208.06 GB/s [====================]
[  ]    ---- :    180.5 MLBUps    208.31 GB/s [====================]
[  ]    ---- :    180.3 MLBUps    208.03 GB/s [====================]
[  ]    ---- :    180.3 MLBUps    208.02 GB/s [====================]
[  ]    ---- :    180.1 MLBUps    207.87 GB/s [====================]
[  ]    ---- :    180.0 MLBUps    207.77 GB/s [====================]
[  ]    ---- :    180.0 MLBUps    207.76 GB/s [====================]
[  ]    ---- :    180.2 MLBUps    208.01 GB/s [====================]
[  ]    ---- :    180.2 MLBUps    207.89 GB/s [====================]
[  ]    ---- :    180.2 MLBUps    207.98 GB/s [====================]
[  ]    ---- :    179.7 MLBUps    207.42 GB/s [====================]
[  ]    ---- :    180.2 MLBUps    207.92 GB/s [====================]
[  ]    ---- :    180.1 MLBUps    207.87 GB/s [====================]
[  ]    ---- :    180.0 MLBUps    207.71 GB/s [====================]
[  ]    ---- :    180.0 MLBUps    207.72 GB/s [====================]
[  ]    ---- :    180.3 MLBUps    208.04 GB/s [====================]
[  ]    ---- :    180.1 MLBUps    207.88 GB/s [====================]
[  ]    ---- :    180.0 MLBUps    207.74 GB/s [====================]
[  ]    ---- :    179.9 MLBUps    207.55 GB/s [====================]
[  ]    ---- :    180.1 MLBUps    207.89 GB/s [====================]
[  ]    ---- :    180.0 MLBUps    207.66 GB/s [====================]
[  ]    ---- :    180.2 MLBUps    207.92 GB/s [====================]
[  ]    ---- :    179.9 MLBUps    207.62 GB/s [====================]
[  ]    ---- :    180.1 MLBUps    207.79 GB/s [====================]
[  ]    ---- :    180.2 MLBUps    207.97 GB/s [====================]
[  ]    ---- :    179.9 MLBUps    207.63 GB/s [====================]
[  ]    ---- :    179.7 MLBUps    207.39 GB/s [====================]
[  ]    ---- :    180.3 MLBUps    208.12 GB/s [====================]
[  ]    ---- :    180.4 MLBUps    208.18 GB/s [====================]
[  ]    ---- :    180.4 MLBUps    208.20 GB/s [====================]
[  ]    ---- :    180.0 MLBUps    207.71 GB/s [====================]
[  ]    ---- :    180.1 MLBUps    207.84 GB/s [====================]
[  ]    ---- :    180.2 MLBUps    207.99 GB/s [====================]
[  ]    ---- :    180.0 MLBUps    207.67 GB/s [====================]
[  ]    ---- :    179.9 MLBUps    207.62 GB/s [====================]
[  ]    ---- :    180.2 MLBUps    207.97 GB/s [====================]
[  ]    ---- :    180.1 MLBUps    207.81 GB/s [====================]
[  ]    ---- :    179.8 MLBUps    207.52 GB/s [====================]
[  ]    ---- :    179.9 MLBUps    207.63 GB/s [====================]
[  ]    ---- :    180.2 MLBUps    207.90 GB/s [====================]
[  ]    ---- :    180.0 MLBUps    207.77 GB/s [====================]
[  ]    ---- :    180.2 MLBUps    208.01 GB/s [====================]
[  ]    ---- :    180.1 MLBUps    207.85 GB/s [====================]
[  ]    ---- :    179.9 MLBUps    207.56 GB/s [====================]
[  ]    ---- :    180.2 MLBUps    207.97 GB/s [====================]
[  ]    ---- :    180.1 MLBUps    207.89 GB/s [====================]
[  ]    ---- :    180.4 MLBUps    208.13 GB/s [====================]
[  ]    ---- :    180.3 MLBUps    208.06 GB/s [====================]
[  ]    ---- :    179.9 MLBUps    207.58 GB/s [====================]
[  ]    ---- :    179.9 MLBUps    207.64 GB/s [====================]
[  ]    ---- :    180.2 MLBUps    207.93 GB/s [====================]
[  ]    ---- :    180.4 MLBUps    208.13 GB/s [====================]
[  ]    ---- :    180.3 MLBUps    208.03 GB/s [====================]
[  ]    ---- :    180.0 MLBUps    207.77 GB/s [====================]
[  ]    ---- :    180.5 MLBUps    208.33 GB/s [====================]
[  ]    ---- :    180.2 MLBUps    207.94 GB/s [====================]
[  ]    ---- :    180.5 MLBUps    208.30 GB/s [====================]
[  ]    ---- :    180.3 MLBUps    208.02 GB/s [====================]
[  ]    ---- :    180.5 MLBUps    208.28 GB/s [====================]
[  ]    ---- :    180.4 MLBUps    208.19 GB/s [====================]
[  ]    ---- :    180.2 MLBUps    207.94 GB/s [====================]
[  ]    ---- :    179.8 MLBUps    207.52 GB/s [====================]
[  ]    ---- :    180.1 MLBUps    207.80 GB/s [====================]
[  ]    ---- :    180.5 MLBUps    208.25 GB/s [====================]
[  ]    ---- :    180.1 MLBUps    207.87 GB/s [====================]
[  ]    ---- :    180.0 MLBUps    207.76 GB/s [====================]
[  ]    ---- :    179.7 MLBUps    207.42 GB/s [====================]
[  ]    ---- :    180.0 MLBUps    207.73 GB/s [====================]
[  ]    ---- :    180.3 MLBUps    208.02 GB/s [====================]
[  ]    ---- :    180.1 MLBUps    207.84 GB/s [====================]
[  ]    ---- :    179.9 MLBUps    207.66 GB/s [====================]
[  ]    ---- :    180.0 MLBUps    207.73 GB/s [====================]
[  ]    ---- :    179.9 MLBUps    207.56 GB/s [====================]
[  ]    ---- :    180.4 MLBUps    208.24 GB/s [====================]
[  ]    ---- :    180.2 MLBUps    207.94 GB/s [====================]
[  ]    ---- :    180.4 MLBUps    208.19 GB/s [====================]
[  ]    ---- :    180.0 MLBUps    207.75 GB/s [====================]
[  ]    ---- :    180.2 MLBUps    207.92 GB/s [====================]
[  ]    ---- :    180.0 MLBUps    207.72 GB/s [====================]
[  ]    ---- :    179.9 MLBUps    207.57 GB/s [====================]
[  ]    ---- :    180.0 MLBUps    207.72 GB/s [====================]
[  ]    ---- :    180.3 MLBUps    208.02 GB/s [====================]
[  ]    ---- :    180.0 MLBUps    207.69 GB/s [====================]
[  ]    ---- :    180.4 MLBUps    208.23 GB/s [====================]
[  ]    ---- :    180.3 MLBUps    208.08 GB/s [====================]
[  ]    ---- :    180.2 MLBUps    207.93 GB/s [====================]
[  ]    ---- :    180.3 MLBUps    208.02 GB/s [====================]
[  ]    ---- :    180.1 MLBUps    207.88 GB/s [====================]
[  ]    ---- :    180.0 MLBUps    207.75 GB/s [====================]
[  ]    ---- :    180.0 MLBUps    207.71 GB/s [====================]
[  ]    ---- :    180.2 MLBUps    208.00 GB/s [====================]
[  ]    ---- :    179.6 MLBUps    207.30 GB/s [====================]
[  ]    ---- :    180.0 MLBUps    207.71 GB/s [====================]
[  ]    ---- :    180.0 MLBUps    207.74 GB/s [====================]
[  ]    ---- :    180.3 MLBUps    208.05 GB/s [====================]
[  ]    ---- :    179.7 MLBUps    207.39 GB/s [====================]
[  ]    ---- :    180.4 MLBUps    208.15 GB/s [====================]
[  ]    ---- :    180.0 MLBUps    207.75 GB/s [====================]
[  ]    ---- :    179.9 MLBUps    207.64 GB/s [====================]
[  ]    ---- :    180.1 MLBUps    207.85 GB/s [====================]
[  ]    ---- :    180.3 MLBUps    208.10 GB/s [====================]
[  ]    ---- :    180.2 MLBUps    208.00 GB/s [====================]
[  ]    ---- :    180.1 MLBUps    207.84 GB/s [====================]
[  ]    ---- :    180.5 MLBUps    208.34 GB/s [====================]
[  ]    ---- :    180.3 MLBUps    208.12 GB/s [====================]
[  ]    ---- :    180.0 MLBUps    207.69 GB/s [====================]
[  ]    ---- :    180.1 MLBUps    207.83 GB/s [====================]
[  ]    ---- :    180.1 MLBUps    207.88 GB/s [====================]
[  ]    ---- :    180.1 MLBUps    207.85 GB/s [====================]
[  ]    ---- :    180.2 MLBUps    207.90 GB/s [====================]
[  ]    ---- :    180.4 MLBUps    208.19 GB/s [====================]
[  ]    ---- :    180.4 MLBUps    208.21 GB/s [====================]
[  ]    ---- :    180.0 MLBUps    207.77 GB/s [====================]
[  ]    ---- :    180.2 MLBUps    207.93 GB/s [====================]
[  ]    ---- :    180.3 MLBUps    208.09 GB/s [====================]
[  ]    ---- :    180.3 MLBUps    208.06 GB/s [====================]
[  ]    ---- :    179.9 MLBUps    207.60 GB/s [====================]
[  ]    ---- :    180.4 MLBUps    208.16 GB/s [====================]
[  ]    ---- :    180.2 MLBUps    207.93 GB/s [====================]
[  ]    ---- :    180.6 MLBUps    208.37 GB/s [====================]
[  ]    ---- :    180.3 MLBUps    208.05 GB/s [====================]
[  ]    ---- :    180.1 MLBUps    207.82 GB/s [====================]
[  ]    ---- :    180.1 MLBUps    207.82 GB/s [====================]
[  ]    ---- :    180.3 MLBUps    208.04 GB/s [====================]
[  ]    ---- :    180.1 MLBUps    207.86 GB/s [====================]
[  ]    ---- :    180.1 MLBUps    207.79 GB/s [====================]
[  ]    ---- :    180.7 MLBUps    208.57 GB/s [====================]
[  ]    ---- :    180.6 MLBUps    208.43 GB/s [====================]
[  ]    ---- :    180.2 MLBUps    207.91 GB/s [====================]
[  ]    ---- :    179.8 MLBUps    207.45 GB/s [====================]
[  ]    ---- :    180.1 MLBUps    207.89 GB/s [====================]
[  ]    ---- :    180.2 MLBUps    207.94 GB/s [====================]
[  ]    ---- :    180.3 MLBUps    208.07 GB/s [====================]
[  ]    ---- :    180.0 MLBUps    207.78 GB/s [====================]
[  ]    ---- :    180.2 MLBUps    207.91 GB/s [====================]
[  ]    ---- :    180.2 MLBUps    207.91 GB/s [====================]
[  ]    ---- :    180.5 MLBUps    208.24 GB/s [====================]
[  ]    ---- :    180.6 MLBUps    208.36 GB/s [====================]
[  ]    ---- :    180.4 MLBUps    208.13 GB/s [====================]
[  ]    ---- :    180.3 MLBUps    208.08 GB/s [====================]
[  ]    ---- :    180.3 MLBUps    208.08 GB/s [====================]
[  ]    ---- :    180.8 MLBUps    208.59 GB/s [====================]
[  ]    ---- :    180.4 MLBUps    208.13 GB/s [====================]
[  ]    ---- :    180.5 MLBUps    208.28 GB/s [====================]
[  ]    ---- :    180.1 MLBUps    207.87 GB/s [====================]
[  ]    ---- :    180.1 MLBUps    207.81 GB/s [====================]
[  ]    ---- :    180.0 MLBUps    207.67 GB/s [====================]
[  ]    ---- :    180.1 MLBUps    207.83 GB/s [====================]
[  ]    ---- :    180.2 MLBUps    207.94 GB/s [====================]
[  ]    ---- :    180.3 MLBUps    208.02 GB/s [====================]
[  ]    ---- :    180.2 MLBUps    207.96 GB/s [====================]
[  ]    ---- :    180.0 MLBUps    207.68 GB/s [====================]
[  ]    ---- :    180.1 MLBUps    207.86 GB/s [====================]
[  ]    ---- :    180.3 MLBUps    208.06 GB/s [====================]
[  ]    ---- :    180.0 MLBUps    207.71 GB/s [====================]
[  ]    ---- :    180.3 MLBUps    208.02 GB/s [====================]
[  ]    ---- :    179.8 MLBUps    207.53 GB/s [====================]
[  ]    ---- :    180.1 MLBUps    207.87 GB/s [====================]
[  ]    ---- :    180.2 MLBUps    207.95 GB/s [====================]
[  ]    ---- :    180.3 MLBUps    208.11 GB/s [====================]
[  ]    ---- :    180.2 MLBUps    207.93 GB/s [====================]
[  ]    ---- :    180.1 MLBUps    207.79 GB/s [====================]
[  ]    ---- :    180.1 MLBUps    207.83 GB/s [====================]
[  ]    ---- :    180.1 MLBUps    207.83 GB/s [====================]
[  ]    ---- :    180.0 MLBUps    207.69 GB/s [====================]
[  ]    ---- :    180.3 MLBUps    208.02 GB/s [====================]
[  ]    ---- :    180.4 MLBUps    208.14 GB/s [====================]
[  ]    ---- :    180.2 MLBUps    207.92 GB/s [====================]
[  ]    ---- :    180.1 MLBUps    207.85 GB/s [====================]
[  ]    ---- :    180.4 MLBUps    208.16 GB/s [====================]
[  ]    ---- :    180.4 MLBUps    208.18 GB/s [====================]
[  ]    ---- :    180.2 MLBUps    207.92 GB/s [====================]
[  ]    ---- :    180.1 MLBUps    207.82 GB/s [====================]
[  ]    ---- :    180.1 MLBUps    207.85 GB/s [====================]
[  ]    ---- :    180.2 MLBUps    208.01 GB/s [====================]
[  ]    ---- :    180.4 MLBUps    208.18 GB/s [====================]
[  ]    ---- :    180.2 MLBUps    208.00 GB/s [====================]
[  ]    ---- :    179.9 MLBUps    207.59 GB/s [====================]
[  ]    ---- :    179.9 MLBUps    207.57 GB/s [====================]
[  ]    ---- :    180.4 MLBUps    208.23 GB/s [====================]
[  ]    ---- :    180.3 MLBUps    208.08 GB/s [====================]
[  ]    ---- :    179.8 MLBUps    207.48 GB/s [====================]
[  ]    ---- :    180.4 MLBUps    208.24 GB/s [====================]
[  ]    ---- :    180.5 MLBUps    208.27 GB/s [====================]
[  ]    ---- :    180.4 MLBUps    208.20 GB/s [====================]
[  ]    ---- :    180.3 MLBUps    208.06 GB/s [====================]
[  ]    ---- :    180.0 MLBUps    207.70 GB/s [====================]
[  ]    ---- :    180.2 MLBUps    207.99 GB/s [====================]
[  ]    ---- :    180.3 MLBUps    208.09 GB/s [====================]
[  ]    ---- :    180.5 MLBUps    208.24 GB/s [====================]
[  ]    ---- :    179.9 MLBUps    207.59 GB/s [====================]
[  ]    ---- :    180.1 MLBUps    207.89 GB/s [====================]
[  ]    ---- :    180.5 MLBUps    208.28 GB/s [====================]
[  ]    ---- :    180.3 MLBUps    208.06 GB/s [====================]
[  ]    ---- :    180.1 MLBUps    207.89 GB/s [====================]
[  ]    ---- :    180.5 MLBUps    208.29 GB/s [====================]
[  ]    ---- :    180.1 MLBUps    207.83 GB/s [====================]
[  ]    ---- :    180.2 MLBUps    207.93 GB/s [====================]
[  ]    ---- :    180.5 MLBUps    208.28 GB/s [====================]
[  ]    ---- :    180.7 MLBUps    208.48 GB/s [====================]
[  ]    ---- :    180.4 MLBUps    208.14 GB/s [====================]
[  ]    ---- :    180.4 MLBUps    208.23 GB/s [====================]
[  ]    ---- :    180.5 MLBUps    208.25 GB/s [====================]
[  ]    ---- :    180.3 MLBUps    208.12 GB/s [====================]
[  ]    ---- :    180.2 MLBUps    207.98 GB/s [====================]
[  ]    ---- :    180.1 MLBUps    207.86 GB/s [====================]
[  ]    ---- :    180.1 MLBUps    207.85 GB/s [====================]
[  ]    ---- :    180.2 MLBUps    207.95 GB/s [====================]
[  ]    ---- :    180.4 MLBUps    208.20 GB/s [====================]
[  ]    ---- :    180.0 MLBUps    207.78 GB/s [====================]
[  ]    ---- :    180.2 MLBUps    207.97 GB/s [====================]
[  ]    ---- :    180.5 MLBUps    208.30 GB/s [====================]
[  ]    ---- :    180.5 MLBUps    208.32 GB/s [====================]
[  ]    ---- :    180.3 MLBUps    208.08 GB/s [====================]
[  ]    ---- :    180.3 MLBUps    208.08 GB/s [====================]
[  ]    ---- :    180.4 MLBUps    208.18 GB/s [====================]
[  ]    ---- :    180.3 MLBUps    208.04 GB/s [====================]
[  ]    ---- :    180.0 MLBUps    207.71 GB/s [====================]
[  ]    ---- :    179.9 MLBUps    207.61 GB/s [====================]
[  ]    ---- :    180.6 MLBUps    208.38 GB/s [====================]
[  ]    ---- :    180.1 MLBUps    207.78 GB/s [====================]
[  ]    ---- :    180.3 MLBUps    208.08 GB/s [====================]
[  ]    ---- :    180.4 MLBUps    208.22 GB/s [====================]
[  ]    ---- :    180.1 MLBUps    207.84 GB/s [====================]
[  ]    ---- :    179.9 MLBUps    207.63 GB/s [====================]
[  ]    ---- :    180.3 MLBUps    208.09 GB/s [====================]
[  ]    ---- :    180.4 MLBUps    208.17 GB/s [====================]
[  ]    ---- :    180.3 MLBUps    208.02 GB/s [====================]
[  ]    ---- :    180.5 MLBUps    208.24 GB/s [====================]
[  ]    ---- :    180.0 MLBUps    207.69 GB/s [====================]
[  ]    ---- :    180.3 MLBUps    208.09 GB/s [====================]
[  ]    ---- :    179.6 MLBUps    207.29 GB/s [====================]
[  ]    ---- :    180.2 MLBUps    208.00 GB/s [====================]
[  ]    ---- :    180.7 MLBUps    208.53 GB/s [====================]
[  ]    ---- :    180.4 MLBUps    208.18 GB/s [====================]
[  ]    ---- :    180.3 MLBUps    208.02 GB/s [====================]
[  ]    ---- :    180.1 MLBUps    207.84 GB/s [====================]
[  ]    ---- :    180.0 MLBUps    207.73 GB/s [====================]
[  ]    ---- :    180.2 MLBUps    207.98 GB/s [====================]
[  ]    ---- :    180.1 MLBUps    207.85 GB/s [====================]
[  ]    ---- :    180.4 MLBUps    208.17 GB/s [====================]
[  ]    ---- :    180.2 MLBUps    208.01 GB/s [====================]
[  ]    ---- :    180.3 MLBUps    208.07 GB/s [====================]
[  ]    ---- :    180.2 MLBUps    208.00 GB/s [====================]
[  ]    ---- :    180.1 MLBUps    207.88 GB/s [====================]
[  ]    ---- :    179.9 MLBUps    207.59 GB/s [====================]
[  ]    ---- :    180.2 MLBUps    207.96 GB/s [====================]
[  ]    ---- :    180.1 MLBUps    207.83 GB/s [====================]
[  ]    ---- :    180.5 MLBUps    208.34 GB/s [====================]
[  ]    ---- :    180.4 MLBUps    208.14 GB/s [====================]
[  ]    ---- :    180.1 MLBUps    207.79 GB/s [====================]
[  ]    ---- :    180.1 MLBUps    207.89 GB/s [====================]
[  ]    ---- :    180.3 MLBUps    208.12 GB/s [====================]
[  ]    ---- :    180.3 MLBUps    208.04 GB/s [====================]
[  ]    ---- :    180.2 MLBUps    207.93 GB/s [====================]
[  ]    ---- :    180.6 MLBUps    208.37 GB/s [====================]
[  ]    ---- :    180.1 MLBUps    207.86 GB/s [====================]
[  ]    ---- :    180.3 MLBUps    208.01 GB/s [====================]
[  ]    ---- :    180.1 MLBUps    207.87 GB/s [====================]
[  ]    ---- :    180.2 MLBUps    207.99 GB/s [====================]
[  ]    ---- :    180.3 MLBUps    208.05 GB/s [====================]
[  ]    ---- :    179.9 MLBUps    207.58 GB/s [====================]
[  ]    ---- :    179.8 MLBUps    207.48 GB/s [====================]
[  ]    ---- :    180.1 MLBUps    207.83 GB/s [====================]
[  ]    ---- :    180.3 MLBUps    208.09 GB/s [====================]
[  ]    ---- :    180.2 MLBUps    207.95 GB/s [====================]
[  ]    ---- :    180.4 MLBUps    208.22 GB/s [====================]
[  ]    ---- :    180.3 MLBUps    208.10 GB/s [====================]
[  ]    ---- :    180.3 MLBUps    208.01 GB/s [====================]
[  ]    ---- :    180.4 MLBUps    208.16 GB/s [====================]
[  ]    ---- :    180.4 MLBUps    208.22 GB/s [====================]
[  ]    ---- :    180.7 MLBUps    208.49 GB/s [====================]
[  ]    ---- :    180.2 MLBUps    207.98 GB/s [====================]
[  ]    ---- :    180.3 MLBUps    208.11 GB/s [====================]
[  ]    ---- :    180.1 MLBUps    207.87 GB/s [====================]
[  ]    ---- :    180.1 MLBUps    207.83 GB/s [====================]
[  ]    ---- :    180.4 MLBUps    208.16 GB/s [====================]
[  ]    ---- :    180.1 MLBUps    207.83 GB/s [====================]
[  ]    ---- :    179.9 MLBUps    207.57 GB/s [====================]
[  ]    ---- :    180.3 MLBUps    208.01 GB/s [====================]
[  ]    ---- :    180.1 MLBUps    207.85 GB/s [====================]
[  ]    ---- :    180.2 MLBUps    207.99 GB/s [====================]
[  ]    ---- :    180.1 MLBUps    207.86 GB/s [====================]
[  ]    ---- :    180.1 MLBUps    207.83 GB/s [====================]
[  ]    ---- :    180.5 MLBUps    208.25 GB/s [====================]
[  ]    ---- :    180.4 MLBUps    208.20 GB/s [====================]
[  ]    ---- :    180.3 MLBUps    208.05 GB/s [====================]
[  ]    ---- :    180.3 MLBUps    208.07 GB/s [====================]
[  ]    ---- :    180.5 MLBUps    208.35 GB/s [====================]
[  ]    ---- :    180.3 MLBUps    208.05 GB/s [====================]
[  ]    ---- :    180.7 MLBUps    208.49 GB/s [====================]
[  ]    ---- :    180.0 MLBUps    207.71 GB/s [====================]
[  ]    ---- :    180.1 MLBUps    207.85 GB/s [====================]
[  ]    ---- :    180.3 MLBUps    208.10 GB/s [====================]
[  ]    ---- :    179.8 MLBUps    207.49 GB/s [====================]
[  ]    ---- :    180.3 MLBUps    208.12 GB/s [====================]
[  ]    ---- :    179.7 MLBUps    207.35 GB/s [====================]
[  ]    ---- :    179.9 MLBUps    207.61 GB/s [====================]
[  ]    ---- :    180.3 MLBUps    208.04 GB/s [====================]
[  ]    ---- :    179.8 MLBUps    207.45 GB/s [====================]
[  ]    ---- :    180.5 MLBUps    208.26 GB/s [====================]
[  ]    ---- :    180.0 MLBUps    207.67 GB/s [====================]
[  ]    ---- :    180.1 MLBUps    207.83 GB/s [====================]
[  ]    ---- :    179.8 MLBUps    207.52 GB/s [====================]
[  ]    ---- :    180.2 MLBUps    207.95 GB/s [====================]
[  ]    ---- :    180.3 MLBUps    208.01 GB/s [====================]
[  ]    ---- :    180.3 MLBUps    208.08 GB/s [====================]
[  ]    ---- :    179.9 MLBUps    207.60 GB/s [====================]
[  ]    ---- :    180.4 MLBUps    208.24 GB/s [====================]
[  ]    ---- :    180.6 MLBUps    208.44 GB/s [====================]
[  ]    ---- :    180.0 MLBUps    207.70 GB/s [====================]
[  ]    ---- :    179.7 MLBUps    207.38 GB/s [====================]
[  ]    ---- :    180.7 MLBUps    208.48 GB/s [====================]
[  ]    ---- :    180.1 MLBUps    207.89 GB/s [====================]
[  ]    ---- :    180.2 MLBUps    208.00 GB/s [====================]
[  ]    ---- :    179.8 MLBUps    207.47 GB/s [====================]
[  ]    ---- :    180.3 MLBUps    208.12 GB/s [====================]
[  ]    ---- :    180.4 MLBUps    208.19 GB/s [====================]
[  ]    ---- :    180.1 MLBUps    207.81 GB/s [====================]
[  ]    ---- :    179.9 MLBUps    207.65 GB/s [====================]
[  ]    ---- :    180.2 MLBUps    207.99 GB/s [====================]
[  ]    ---- :    180.1 MLBUps    207.89 GB/s [====================]
[  ]    ---- :    180.3 MLBUps    208.10 GB/s [====================]
[  ]    ---- :    180.3 MLBUps    208.05 GB/s [====================]
[  ]    ---- :    179.9 MLBUps    207.58 GB/s [====================]
[  ]    ---- :    180.2 MLBUps    207.98 GB/s [====================]
[  ]    ---- :    180.5 MLBUps    208.28 GB/s [====================]
[  ]    ---- :    180.0 MLBUps    207.72 GB/s [====================]
[  ]    ---- :    179.8 MLBUps    207.52 GB/s [====================]
[  ]    ---- :    180.2 MLBUps    207.91 GB/s [====================]
[  ]    ---- :    180.2 MLBUps    207.95 GB/s [====================]
[  ]    ---- :    180.0 MLBUps    207.75 GB/s [====================]
[  ]    ---- :    180.3 MLBUps    208.03 GB/s [====================]
[  ]    ---- :    180.4 MLBUps    208.13 GB/s [====================]
[  ]    ---- :    180.5 MLBUps    208.30 GB/s [====================]
[  ]    ---- :    180.3 MLBUps    208.02 GB/s [====================]
[  ]    ---- :    180.4 MLBUps    208.18 GB/s [====================]
[  ]    ---- :    180.5 MLBUps    208.34 GB/s [====================]
[  ]    ---- :    180.2 MLBUps    207.97 GB/s [====================]
[  ]    ---- :    180.1 MLBUps    207.80 GB/s [====================]
[  ]    ---- :    180.2 MLBUps    207.95 GB/s [====================]
[  ]    ---- :    180.5 MLBUps    208.24 GB/s [====================]
[  ]    ---- :    180.1 MLBUps    207.82 GB/s [====================]
[  ]    ---- :    180.5 MLBUps    208.33 GB/s [====================]
[  ]    ---- :    180.3 MLBUps    208.11 GB/s [====================]
[  ]    ---- :    180.1 MLBUps    207.80 GB/s [====================]
[  ]    ---- :    179.8 MLBUps    207.52 GB/s [====================]
[  ]    ---- :    180.0 MLBUps    207.77 GB/s [====================]
[  ]    ---- :    180.4 MLBUps    208.13 GB/s [====================]
[  ]    ---- :    180.3 MLBUps    208.11 GB/s [====================]
[  ]    ---- :    180.0 MLBUps    207.76 GB/s [====================]
[  ]    ---- :    180.2 MLBUps    207.98 GB/s [====================]
[  ]    ---- :    180.3 MLBUps    208.06 GB/s [====================]
[  ]    ---- :    180.1 MLBUps    207.81 GB/s [====================]
[  ]    ---- :    180.2 MLBUps    207.95 GB/s [====================]
[  ]    ---- :    180.0 MLBUps    207.76 GB/s [====================]
[  ]    ---- :    180.1 MLBUps    207.88 GB/s [====================]
[  ]    ---- :    180.1 MLBUps    207.88 GB/s [====================]
[  ]    ---- :    180.1 MLBUps    207.86 GB/s [====================]
[  ]    ---- :    180.0 MLBUps    207.68 GB/s [====================]
[  ]    ---- :    180.2 MLBUps    207.94 GB/s [====================]
[  ]    ---- :    180.2 MLBUps    207.95 GB/s [====================]
[  ]    ---- :    180.3 MLBUps    208.06 GB/s [====================]
[  ]    ---- :    179.7 MLBUps    207.38 GB/s [====================]
[  ]    ---- :    180.7 MLBUps    208.53 GB/s [====================]
[  ]    ---- :    180.2 MLBUps    207.91 GB/s [====================]
[  ]    ---- :    179.9 MLBUps    207.64 GB/s [====================]
[  ]    ---- :    180.3 MLBUps    208.08 GB/s [====================]
[  ]    ---- :    180.3 MLBUps    208.01 GB/s [====================]
[  ]    ---- :    180.4 MLBUps    208.16 GB/s [====================]
[  ]    ---- :    180.2 MLBUps    207.96 GB/s [====================]
[  ]    ---- :    180.3 MLBUps    208.07 GB/s [====================]
[  ]    ---- :    179.6 MLBUps    207.25 GB/s [====================]
[  ]    ---- :    179.8 MLBUps    207.46 GB/s [====================]
[  ]    ---- :    179.9 MLBUps    207.64 GB/s [====================]
[  ]    ---- :    180.4 MLBUps    208.18 GB/s [====================]
[  ]    ---- :    180.2 MLBUps    208.01 GB/s [====================]
[  ]    ---- :    180.4 MLBUps    208.13 GB/s [====================]
[  ]    ---- :    180.3 MLBUps    208.05 GB/s [====================]
[  ]    ---- :    180.2 MLBUps    207.99 GB/s [====================]
[  ]    ---- :    180.4 MLBUps    208.17 GB/s [====================]
[  ]    ---- :    180.3 MLBUps    208.11 GB/s [====================]
[  ]    ---- :    180.4 MLBUps    208.19 GB/s [====================]
[  ]    ---- :    179.9 MLBUps    207.55 GB/s [====================]
[  ]    ---- :    180.1 MLBUps    207.78 GB/s [====================]
[  ]    ---- :    180.3 MLBUps    208.03 GB/s [====================]
[  ]    ---- :    180.0 MLBUps    207.68 GB/s [====================]
[  ]    ---- :    180.6 MLBUps    208.40 GB/s [====================]
[  ]    ---- :    179.8 MLBUps    207.54 GB/s [====================]
[  ]    ---- :    180.2 MLBUps    207.93 GB/s [====================]
[  ]    ---- :    180.3 MLBUps    208.11 GB/s [====================]
[  ]    ---- :    180.2 MLBUps    207.89 GB/s [====================]
[  ]    ---- :    180.5 MLBUps    208.25 GB/s [====================]
[  ]    ---- :    180.5 MLBUps    208.28 GB/s [====================]
[  ]    ---- :    180.6 MLBUps    208.40 GB/s [====================]
[  ]    ---- :    180.3 MLBUps    208.07 GB/s [====================]
[  ]    ---- :    180.5 MLBUps    208.24 GB/s [====================]
[  ]    ---- :    180.5 MLBUps    208.34 GB/s [====================]
[  ]    ---- :    179.9 MLBUps    207.55 GB/s [====================]
[  ]    ---- :    180.0 MLBUps    207.77 GB/s [====================]
[  ]    ---- :    180.1 MLBUps    207.85 GB/s [====================]
[  ]    ---- :    180.3 MLBUps    208.07 GB/s [====================]
[  ]    ---- :    180.1 MLBUps    207.79 GB/s [====================]
[  ]    ---- :    180.2 MLBUps    207.99 GB/s [====================]
[  ]    ---- :    180.0 MLBUps    207.70 GB/s [====================]
[  ]    ---- :    180.4 MLBUps    208.20 GB/s [====================]
[  ]    ---- :    180.0 MLBUps    207.74 GB/s [====================]
[  ]    ---- :    180.1 MLBUps    207.85 GB/s [====================]
[  ]    ---- :    180.1 MLBUps    207.84 GB/s [====================]
[  ]    ---- :    180.4 MLBUps    208.20 GB/s [====================]
[  ]    ---- :    180.1 MLBUps    207.86 GB/s [====================]
[  ]    ---- :    180.1 MLBUps    207.78 GB/s [====================]
[  ]    ---- :    180.2 MLBUps    207.94 GB/s [====================]
[  ]    ---- :    180.0 MLBUps    207.75 GB/s [====================]
[  ]    ---- :    180.3 MLBUps    208.08 GB/s [====================]
[  ]    ---- :    180.0 MLBUps    207.76 GB/s [====================]
[  ]    ---- :    180.3 MLBUps    208.07 GB/s [====================]
[  ]    ---- :    180.2 MLBUps    207.90 GB/s [====================]
[  ]    ---- :    180.1 MLBUps    207.87 GB/s [====================]
[  ]    ---- :    180.3 MLBUps    208.11 GB/s [====================]
[  ]    ---- :    180.5 MLBUps    208.25 GB/s [====================]
[  ]    ---- :    180.5 MLBUps    208.32 GB/s [====================]
[  ]    ---- :    180.5 MLBUps    208.27 GB/s [====================]
[  ]    ---- :    180.5 MLBUps    208.24 GB/s [====================]
[  ]    ---- :    180.1 MLBUps    207.79 GB/s [====================]
[  ]    ---- :    180.2 MLBUps    207.97 GB/s [====================]
[  ]    ---- :    180.3 MLBUps    208.10 GB/s [====================]
[  ]    ---- :    180.0 MLBUps    207.72 GB/s [====================]
[  ]    ---- :    180.4 MLBUps    208.13 GB/s [====================]
[  ]    ---- :    180.5 MLBUps    208.33 GB/s [====================]
[  ]    ---- :    180.5 MLBUps    208.31 GB/s [====================]
[  ]    ---- :    180.4 MLBUps    208.22 GB/s [====================]
[  ]    ---- :    180.3 MLBUps    208.05 GB/s [====================]
[  ]    ---- :    180.2 MLBUps    207.94 GB/s [====================]
[  ]    ---- :    180.5 MLBUps    208.29 GB/s [====================]
[  ]    ---- :    180.2 MLBUps    207.96 GB/s [====================]
[  ]    ---- :    180.1 MLBUps    207.85 GB/s [====================]
[  ]    ---- :    180.2 MLBUps    207.93 GB/s [====================]
[  ]    ---- :    180.4 MLBUps    208.15 GB/s [====================]
[  ]    ---- :    180.2 MLBUps    207.99 GB/s [====================]
[  ]    ---- :    180.6 MLBUps    208.41 GB/s [====================]
[  ]    ---- :    180.2 MLBUps    208.01 GB/s [====================]
[  ]    ---- :    180.2 MLBUps    207.97 GB/s [====================]
[  ]    ---- :    180.3 MLBUps    208.03 GB/s [====================]
[  ]    ---- :    180.5 MLBUps    208.35 GB/s [====================]
[  ]    ---- :    180.2 MLBUps    207.93 GB/s [====================]
[  ]    ---- :    180.4 MLBUps    208.23 GB/s [====================]
[  ]    ---- :    180.2 MLBUps    207.99 GB/s [====================]
[  ]    ---- :    180.2 MLBUps    207.90 GB/s [====================]
[  ]    ---- :    180.2 MLBUps    207.99 GB/s [====================]
[  ]    ---- :    179.9 MLBUps    207.64 GB/s [====================]
[  ]    ---- :    180.1 MLBUps    207.86 GB/s [====================]
[  ]    ---- :    180.3 MLBUps    208.09 GB/s [====================]
[  ]    ---- :    180.2 MLBUps    207.94 GB/s [====================]
[  ]    ---- :    180.4 MLBUps    208.17 GB/s [====================]
[  ]    ---- :    180.5 MLBUps    208.27 GB/s [====================]
[  ]    ---- :    180.0 MLBUps    207.77 GB/s [====================]
[  ]    ---- :    180.1 MLBUps    207.83 GB/s [====================]
[  ]    ---- :    180.6 MLBUps    208.37 GB/s [====================]
[  ]    ---- :    180.4 MLBUps    208.13 GB/s [====================]
[  ]    ---- :    180.2 MLBUps    207.92 GB/s [====================]
[  ]    ---- :    180.3 MLBUps    208.04 GB/s [====================]
[  ]    ---- :    180.2 MLBUps    207.94 GB/s [====================]
[  ]    ---- :    180.4 MLBUps    208.22 GB/s [====================]
[  ]    ---- :    180.1 MLBUps    207.87 GB/s [====================]
[  ]    ---- :    180.8 MLBUps    208.67 GB/s [====================]
[  ]    ---- :    180.3 MLBUps    208.12 GB/s [====================]
[  ]    ---- :    179.9 MLBUps    207.60 GB/s [====================]
[  ]    ---- :    180.2 MLBUps    207.99 GB/s [====================]
[  ]    ---- :    179.7 MLBUps    207.43 GB/s [====================]
[  ]    ---- :    179.9 MLBUps    207.55 GB/s [====================]
[  ]    ---- :    180.4 MLBUps    208.17 GB/s [====================]
[  ]    ---- :    180.3 MLBUps    208.09 GB/s [====================]
[  ]    ---- :    180.0 MLBUps    207.78 GB/s [====================]
[  ]    ---- :    180.4 MLBUps    208.15 GB/s [====================]
[  ]    ---- :    180.0 MLBUps    207.71 GB/s [====================]
[  ]    ---- :    180.2 MLBUps    207.92 GB/s [====================]
[  ]    ---- :    179.9 MLBUps    207.57 GB/s [====================]
[  ]    ---- :    180.2 MLBUps    207.92 GB/s [====================]
[  ]    ---- :    180.4 MLBUps    208.17 GB/s [====================]
[  ]    ---- :    180.4 MLBUps    208.15 GB/s [====================]
[  ]    ---- :    180.4 MLBUps    208.20 GB/s [====================]
[  ]    ---- :    180.5 MLBUps    208.25 GB/s [====================]
[  ]    ---- :    180.0 MLBUps    207.70 GB/s [====================]
[  ]    ---- :    179.9 MLBUps    207.56 GB/s [====================]
[  ]    ---- :    180.1 MLBUps    207.81 GB/s [====================]
[  ]    ---- :    180.2 MLBUps    207.91 GB/s [====================]
[  ]    ---- :    180.4 MLBUps    208.22 GB/s [====================]
[  ]    ---- :    180.2 MLBUps    207.91 GB/s [====================]
[  ]    ---- :    180.3 MLBUps    208.03 GB/s [====================]
[  ]    ---- :    180.0 MLBUps    207.71 GB/s [====================]
[  ]    ---- :    180.2 MLBUps    207.99 GB/s [====================]
[  ]    ---- :    179.9 MLBUps    207.55 GB/s [====================]
[  ]    ---- :    180.0 MLBUps    207.68 GB/s [====================]
[  ]    ---- :    179.7 MLBUps    207.41 GB/s [====================]
[  ]    ---- :    180.3 MLBUps    208.07 GB/s [====================]
[  ]    ---- :    180.5 MLBUps    208.27 GB/s [====================]
[  ]    ---- :    180.1 MLBUps    207.82 GB/s [====================]
[  ]    ---- :    180.5 MLBUps    208.25 GB/s [====================]
[  ]    ---- :    179.7 MLBUps    207.42 GB/s [====================]
[  ]    ---- :    180.5 MLBUps    208.32 GB/s [====================]
[  ]    ---- :    180.2 MLBUps    207.90 GB/s [====================]
[  ]    ---- :    180.3 MLBUps    208.04 GB/s [====================]
[  ]    ---- :    180.1 MLBUps    207.82 GB/s [====================]
[  ]    ---- :    180.4 MLBUps    208.20 GB/s [====================]
[  ]    ---- :    180.6 MLBUps    208.38 GB/s [====================]
[  ]    ---- :    180.2 MLBUps    207.91 GB/s [====================]
[  ]    ---- :    180.3 MLBUps    208.05 GB/s [====================]
[  ]    ---- :    180.4 MLBUps    208.17 GB/s [====================]
[  ]    ---- :    179.9 MLBUps    207.61 GB/s [====================]
[  ]    ---- :    180.2 MLBUps    207.93 GB/s [====================]
[  ]    ---- :    180.3 MLBUps    208.02 GB/s [====================]
[  ]    ---- :    180.2 MLBUps    207.92 GB/s [====================]
[  ]    ---- :    180.0 MLBUps    207.77 GB/s [====================]
[  ]    ---- :    180.5 MLBUps    208.32 GB/s [====================]
[  ]    ---- :    180.3 MLBUps    208.11 GB/s [====================]
[  ]    ---- :    180.0 MLBUps    207.69 GB/s [====================]
[  ]    ---- :    180.1 MLBUps    207.82 GB/s [====================]
[  ]    ---- :    180.1 MLBUps    207.83 GB/s [====================]
[  ]    ---- :    180.0 MLBUps    207.68 GB/s [====================]
[  ]    ---- :    180.4 MLBUps    208.17 GB/s [====================]
[  ]    ---- :    180.0 MLBUps    207.68 GB/s [====================]
[  ]    ---- :    180.0 MLBUps    207.67 GB/s [====================]
[  ]    ---- :    180.0 MLBUps    207.70 GB/s [====================]
[  ]    ---- :    179.9 MLBUps    207.64 GB/s [====================]
[  ]    ---- :    180.0 MLBUps    207.75 GB/s [====================]
[  ]    ---- :    180.4 MLBUps    208.15 GB/s [====================]
[  ]    ---- :    179.8 MLBUps    207.53 GB/s [====================]
[  ]    ---- :    179.8 MLBUps    207.53 GB/s [====================]
[  ]    ---- :    180.2 MLBUps    207.99 GB/s [====================]
[  ]    ---- :    180.3 MLBUps    208.05 GB/s [====================]
[  ]    ---- :    180.2 MLBUps    207.91 GB/s [====================]
[  ]    ---- :    180.1 MLBUps    207.83 GB/s [====================]
[  ]    ---- :    180.3 MLBUps    208.04 GB/s [====================]
[  ]    ---- :    180.2 MLBUps    207.99 GB/s [====================]
[  ]    ---- :    180.3 MLBUps    208.12 GB/s [====================]
[  ]    ---- :    179.8 MLBUps    207.54 GB/s [====================]
[  ]    ---- :    180.5 MLBUps    208.29 GB/s [====================]
[  ]    ---- :    180.1 MLBUps    207.82 GB/s [====================]
[  ]    ---- :    180.1 MLBUps    207.80 GB/s [====================]
[  ]    ---- :    180.1 MLBUps    207.86 GB/s [====================]
[  ]    ---- :    180.1 MLBUps    207.81 GB/s [====================]
[  ]    ---- :    179.8 MLBUps    207.52 GB/s [====================]
[  ]    ---- :    180.2 MLBUps    207.99 GB/s [====================]
[  ]    ---- :    179.8 MLBUps    207.50 GB/s [====================]
[  ]    ---- :    180.4 MLBUps    208.19 GB/s [====================]
[  ]    ---- :    180.3 MLBUps    208.09 GB/s [====================]
[  ]    ---- :    180.1 MLBUps    207.86 GB/s [====================]
[  ]    ---- :    180.2 MLBUps    207.98 GB/s [====================]
[  ]    ---- :    180.4 MLBUps    208.24 GB/s [====================]
[  ]    ---- :    180.3 MLBUps    208.08 GB/s [====================]
[  ]    ---- :    180.4 MLBUps    208.14 GB/s [====================]
[  ]    ---- :    180.2 MLBUps    207.97 GB/s [====================]
[  ]    ---- :    180.0 MLBUps    207.76 GB/s [====================]
[  ]    ---- :    179.9 MLBUps    207.60 GB/s [====================]
[  ]    ---- :    180.5 MLBUps    208.34 GB/s [====================]
[  ]    ---- :    180.4 MLBUps    208.19 GB/s [====================]
[  ]    ---- :    180.1 MLBUps    207.80 GB/s [====================]
[  ]    ---- :    179.9 MLBUps    207.63 GB/s [====================]
[  ]    ---- :    180.4 MLBUps    208.23 GB/s [====================]
[  ]    ---- :    180.5 MLBUps    208.26 GB/s [====================]
[  ]    ---- :    180.4 MLBUps    208.24 GB/s [====================]
[  ]    ---- :    180.3 MLBUps    208.07 GB/s [====================]
[  ]    ---- :    180.4 MLBUps    208.23 GB/s [====================]
[  ]    ---- :    180.4 MLBUps    208.15 GB/s [====================]
[  ]    ---- :    180.3 MLBUps    208.08 GB/s [====================]
[  ]    ---- :    180.3 MLBUps    208.04 GB/s [====================]
[  ]    ---- :    180.2 MLBUps    207.98 GB/s [====================]
[  ]    ---- :    180.0 MLBUps    207.70 GB/s [====================]
[  ]    ---- :    180.3 MLBUps    208.07 GB/s [====================]
[  ]    ---- :    180.2 MLBUps    207.91 GB/s [====================]
[  ]    ---- :    180.1 MLBUps    207.79 GB/s [====================]
[  ]    ---- :    180.4 MLBUps    208.21 GB/s [====================]
[  ]    ---- :    180.2 MLBUps    207.92 GB/s [====================]
[  ]    ---- :    180.2 MLBUps    208.00 GB/s [====================]
[  ]    ---- :    180.2 MLBUps    207.93 GB/s [====================]
[  ]    ---- :    180.6 MLBUps    208.40 GB/s [====================]
[  ]    ---- :    180.6 MLBUps    208.42 GB/s [====================]
[  ]    ---- :    180.1 MLBUps    207.88 GB/s [====================]
[  ]    ---- :    180.3 MLBUps    208.06 GB/s [====================]
[  ]    ---- :    180.1 MLBUps    207.83 GB/s [====================]
[  ]    ---- :    180.0 MLBUps    207.77 GB/s [====================]
[  ]    ---- :    180.2 MLBUps    207.93 GB/s [====================]
[  ]    ---- :    180.5 MLBUps    208.34 GB/s [====================]
[  ]    ---- :    179.9 MLBUps    207.57 GB/s [====================]
[  ]    ---- :    180.0 MLBUps    207.69 GB/s [====================]
[  ]    ---- :    180.1 MLBUps    207.83 GB/s [====================]
[  ]    ---- :    180.1 MLBUps    207.87 GB/s [====================]
[  ]    ---- :    180.1 MLBUps    207.81 GB/s [====================]
[  ]    ---- :    179.7 MLBUps    207.42 GB/s [====================]
[  ]    ---- :    180.4 MLBUps    208.17 GB/s [====================]
[  ]    ---- :    180.6 MLBUps    208.36 GB/s [====================]
[  ]    ---- :    179.9 MLBUps    207.61 GB/s [====================]
[  ]    ---- :    180.1 MLBUps    207.88 GB/s [====================]
[  ]    ---- :    180.2 MLBUps    207.93 GB/s [====================]
[  ]    ---- :    180.0 MLBUps    207.72 GB/s [====================]
[  ]    ---- :    180.4 MLBUps    208.16 GB/s [====================]
[  ]    ---- :    179.9 MLBUps    207.59 GB/s [====================]
[  ]    ---- :    180.3 MLBUps    208.03 GB/s [====================]
[  ]    ---- :    180.2 MLBUps    207.98 GB/s [====================]
[  ]    ---- :    180.0 MLBUps    207.75 GB/s [====================]
[  ]    ---- :    180.2 MLBUps    207.93 GB/s [====================]
[  ]    ---- :    180.2 MLBUps    207.90 GB/s [====================]
[  ]    ---- :    180.4 MLBUps    208.13 GB/s [====================]
[  ]    ---- :    180.0 MLBUps    207.78 GB/s [====================]
[  ]    ---- :    180.2 MLBUps    208.00 GB/s [====================]
[  ]    ---- :    180.4 MLBUps    208.14 GB/s [====================]
[  ]    ---- :    180.4 MLBUps    208.21 GB/s [====================]
[  ]    ---- :    179.9 MLBUps    207.60 GB/s [====================]
[  ]    ---- :    180.1 MLBUps    207.83 GB/s [====================]
[  ]    ---- :    180.1 MLBUps    207.83 GB/s [====================]
[  ]    ---- :    180.2 MLBUps    207.91 GB/s [====================]
[  ]    ---- :    179.9 MLBUps    207.65 GB/s [====================]
[  ]    ---- :    180.0 MLBUps    207.76 GB/s [====================]
[  ]    ---- :    180.2 MLBUps    207.98 GB/s [====================]
[  ]    ---- :    180.4 MLBUps    208.23 GB/s [====================]
[  ]    ---- :    179.9 MLBUps    207.60 GB/s [====================]
[  ]    ---- :    180.5 MLBUps    208.24 GB/s [====================]
[  ]    ---- :    180.5 MLBUps    208.28 GB/s [====================]
[  ]    ---- :    180.3 MLBUps    208.08 GB/s [====================]
[  ]    ---- :    180.1 MLBUps    207.84 GB/s [====================]
[  ]    ---- :    180.2 MLBUps    207.92 GB/s [====================]
[  ]    ---- :    180.4 MLBUps    208.13 GB/s [====================]
[  ]    ---- :    180.1 MLBUps    207.82 GB/s [====================]
[  ]    ---- :    180.3 MLBUps    208.11 GB/s [====================]
[  ]    ---- :    180.3 MLBUps    208.02 GB/s [====================]
[  ]    ---- :    180.3 MLBUps    208.01 GB/s [====================]
[  ]    ---- :    180.4 MLBUps    208.20 GB/s [====================]
[  ]    ---- :    179.9 MLBUps    207.55 GB/s [====================]
[  ]    ---- :    180.3 MLBUps    208.08 GB/s [====================]
[  ]    ---- :    180.2 MLBUps    207.92 GB/s [====================]
[  ]    ---- :    180.0 MLBUps    207.68 GB/s [====================]
[  ]    ---- :    180.2 MLBUps    207.91 GB/s [====================]
[  ]    ---- :    180.1 MLBUps    207.79 GB/s [====================]
[  ]    ---- :    180.2 MLBUps    207.90 GB/s [====================]
[  ]    ---- :    180.2 MLBUps    207.89 GB/s [====================]
[  ]    ---- :    179.9 MLBUps    207.58 GB/s [====================]
[  ]    ---- :    180.0 MLBUps    207.68 GB/s [====================]
[  ]    ---- :    180.2 MLBUps    207.90 GB/s [====================]
[  ]    ---- :    180.2 MLBUps    207.97 GB/s [====================]
[  ]    ---- :    180.6 MLBUps    208.39 GB/s [====================]
[  ]    ---- :    180.2 MLBUps    207.89 GB/s [====================]
[  ]    ---- :    180.2 MLBUps    207.98 GB/s [====================]
[  ]    ---- :    180.2 MLBUps    207.90 GB/s [====================]
[  ]    ---- :    180.3 MLBUps    208.12 GB/s [====================]
[  ]    ---- :    180.2 MLBUps    207.96 GB/s [====================]
[  ]    ---- :    180.3 MLBUps    208.04 GB/s [====================]
[  ]    ---- :    179.3 MLBUps    206.93 GB/s [====================]
[  ]    ---- :    179.9 MLBUps    207.63 GB/s [====================]
[  ]    ---- :    180.3 MLBUps    208.10 GB/s [====================]
[  ]    ---- :    180.1 MLBUps    207.86 GB/s [====================]
[  ]    ---- :    179.9 MLBUps    207.65 GB/s [====================]
[  ]    ---- :    180.2 MLBUps    207.92 GB/s [====================]
[  ]    ---- :    180.4 MLBUps    208.23 GB/s [====================]
[  ]    ---- :    180.3 MLBUps    208.07 GB/s [====================]
[  ]    ---- :    180.0 MLBUps    207.68 GB/s [====================]
[  ]    ---- :    180.1 MLBUps    207.87 GB/s [====================]
[  ]    ---- :    180.3 MLBUps    208.09 GB/s [====================]
[  ]    ---- :    179.8 MLBUps    207.54 GB/s [====================]
[  ]    ---- :    180.3 MLBUps    208.11 GB/s [====================]
[  ]    ---- :    180.3 MLBUps    208.05 GB/s [====================]
[  ]    ---- :    180.3 MLBUps    208.04 GB/s [====================]
[  ]    ---- :    180.2 MLBUps    207.96 GB/s [====================]
[  ]    ---- :    180.1 MLBUps    207.88 GB/s [====================]
[  ]    ---- :    180.3 MLBUps    208.05 GB/s [====================]
[  ]    ---- :    180.4 MLBUps    208.18 GB/s [====================]
[  ]    ---- :    180.2 MLBUps    207.92 GB/s [====================]
[  ]    ---- :    180.1 MLBUps    207.86 GB/s [====================]
[  ]    ---- :    180.1 MLBUps    207.88 GB/s [====================]
[  ]    ---- :    180.2 MLBUps    208.00 GB/s [====================]
[  ]    ---- :    180.4 MLBUps    208.13 GB/s [====================]
[  ]    ---- :    180.2 MLBUps    208.01 GB/s [====================]
[  ]    ---- :    180.4 MLBUps    208.20 GB/s [====================]
[  ]    ---- :    180.0 MLBUps    207.75 GB/s [====================]
[  ]    ---- :    180.3 MLBUps    208.09 GB/s [====================]
[  ]    ---- :    180.2 MLBUps    207.98 GB/s [====================]
[  ]    ---- :    180.4 MLBUps    208.13 GB/s [====================]
[  ]    ---- :    180.4 MLBUps    208.18 GB/s [====================]
[  ]    ---- :    180.4 MLBUps    208.20 GB/s [====================]
[  ]    ---- :    180.2 MLBUps    207.92 GB/s [====================]
[  ]    ---- :    180.1 MLBUps    207.86 GB/s [====================]
[  ]    ---- :    180.8 MLBUps    208.60 GB/s [====================]
[  ]    ---- :    180.3 MLBUps    208.06 GB/s [====================]
[  ]    ---- :    180.3 MLBUps    208.07 GB/s [====================]
[  ]    ---- :    180.4 MLBUps    208.17 GB/s [====================]
[  ]    ---- :    180.1 MLBUps    207.78 GB/s [====================]
[  ]    ---- :    180.4 MLBUps    208.19 GB/s [====================]
[  ]    ---- :    180.2 MLBUps    207.93 GB/s [====================]
[  ]    ---- :    179.8 MLBUps    207.44 GB/s [====================]
[  ]    ---- :    180.2 MLBUps    207.97 GB/s [====================]
[  ]    ---- :    180.2 MLBUps    207.95 GB/s [====================]
[  ]    ---- :    180.2 MLBUps    208.01 GB/s [====================]
[  ]    ---- :    180.0 MLBUps    207.76 GB/s [====================]
[  ]    ---- :    180.1 MLBUps    207.86 GB/s [====================]
[  ]    ---- :    180.1 MLBUps    207.89 GB/s [====================]
[  ]    ---- :    180.0 MLBUps    207.68 GB/s [====================]
[  ]    ---- :    180.2 MLBUps    207.96 GB/s [====================]
[  ]    ---- :    180.3 MLBUps    208.12 GB/s [====================]
[  ]    ---- :    180.4 MLBUps    208.15 GB/s [====================]
[  ]    ---- :    180.0 MLBUps    207.66 GB/s [====================]
[  ]    ---- :    180.5 MLBUps    208.26 GB/s [====================]
[  ]    ---- :    180.2 MLBUps    207.93 GB/s [====================]
[  ]    ---- :    180.2 MLBUps    207.91 GB/s [====================]
[  ]    ---- :    180.3 MLBUps    208.03 GB/s [====================]
[  ]    ---- :    180.4 MLBUps    208.21 GB/s [====================]
[  ]    ---- :    180.2 MLBUps    208.00 GB/s [====================]
[  ]    ---- :    180.1 MLBUps    207.86 GB/s [====================]
[  ]    ---- :    180.3 MLBUps    208.03 GB/s [====================]
[  ]    ---- :    180.4 MLBUps    208.13 GB/s [====================]
[  ]    ---- :    180.4 MLBUps    208.13 GB/s [====================]
[  ]    ---- :    180.1 MLBUps    207.79 GB/s [====================]
[  ]    ---- :    180.0 MLBUps    207.76 GB/s [====================]
[  ]    ---- :    180.0 MLBUps    207.76 GB/s [====================]
[  ]    ---- :    180.7 MLBUps    208.58 GB/s [====================]
[  ]    ---- :    180.7 MLBUps    208.47 GB/s [====================]
[  ]    ---- :    179.7 MLBUps    207.37 GB/s [====================]
[  ]    ---- :    180.1 MLBUps    207.79 GB/s [====================]
[  ]    ---- :    180.2 MLBUps    207.94 GB/s [====================]
[  ]    ---- :    179.9 MLBUps    207.66 GB/s [====================]
[  ]    ---- :    180.3 MLBUps    208.10 GB/s [====================]
[  ]    ---- :    180.1 MLBUps    207.81 GB/s [====================]
[  ]    ---- :    180.0 MLBUps    207.67 GB/s [====================]
[  ]    ---- :    180.1 MLBUps    207.89 GB/s [====================]
[  ]    ---- :    180.5 MLBUps    208.25 GB/s [====================]
[  ]    ---- :    180.3 MLBUps    208.03 GB/s [====================]
[  ]    ---- :    180.3 MLBUps    208.03 GB/s [====================]
[  ]    ---- :    179.9 MLBUps    207.66 GB/s [====================]
[  ]    ---- :    180.2 MLBUps    207.93 GB/s [====================]
[  ]    ---- :    180.2 MLBUps    207.92 GB/s [====================]
[  ]    ---- :    180.1 MLBUps    207.87 GB/s [====================]
[  ]    ---- :    180.4 MLBUps    208.22 GB/s [====================]
[  ]    ---- :    180.4 MLBUps    208.23 GB/s [====================]
[  ]    ---- :    180.3 MLBUps    208.07 GB/s [====================]
[  ]    ---- :    180.1 MLBUps    207.79 GB/s [====================]
[  ]    ---- :    180.4 MLBUps    208.18 GB/s [====================]
[  ]    ---- :    179.8 MLBUps    207.54 GB/s [====================]
[  ]    ---- :    180.2 MLBUps    208.00 GB/s [====================]
[  ]    ---- :    179.9 MLBUps    207.58 GB/s [====================]
[  ]    ---- :    180.0 MLBUps    207.77 GB/s [====================]
[  ]    ---- :    179.8 MLBUps    207.52 GB/s [====================]
[  ]    ---- :    180.6 MLBUps    208.38 GB/s [====================]
[  ]    ---- :    180.2 MLBUps    207.94 GB/s [====================]
[  ]    ---- :    180.3 MLBUps    208.12 GB/s [====================]
[  ]    ---- :    179.9 MLBUps    207.59 GB/s [====================]
[  ]    ---- :    180.1 MLBUps    207.88 GB/s [====================]
[  ]    ---- :    180.4 MLBUps    208.16 GB/s [====================]
[  ]    ---- :    180.1 MLBUps    207.84 GB/s [====================]
[  ]    ---- :    180.4 MLBUps    208.15 GB/s [====================]
[  ]    ---- :    180.3 MLBUps    208.06 GB/s [====================]
[  ]    ---- :    180.2 MLBUps    207.90 GB/s [====================]
[  ]    ---- :    180.3 MLBUps    208.12 GB/s [====================]
[  ]    ---- :    180.0 MLBUps    207.74 GB/s [====================]
[  ]    ---- :    180.5 MLBUps    208.28 GB/s [====================]
[  ]    ---- :    180.1 MLBUps    207.81 GB/s [====================]
[  ]    ---- :    180.3 MLBUps    208.12 GB/s [====================]
[  ]    ---- :    180.2 MLBUps    208.00 GB/s [====================]
[  ]    ---- :    180.3 MLBUps    208.02 GB/s [====================]
[  ]    ---- :    180.2 MLBUps    208.00 GB/s [====================]
[  ]    ---- :    180.0 MLBUps    207.78 GB/s [====================]
[  ]    ---- :    180.1 MLBUps    207.88 GB/s [====================]
[  ]    ---- :    180.2 MLBUps    207.99 GB/s [====================]
[  ]    ---- :    180.1 MLBUps    207.81 GB/s [====================]
[  ]    ---- :    179.6 MLBUps    207.25 GB/s [====================]
[  ]    ---- :    180.1 MLBUps    207.84 GB/s [====================]
[  ]    ---- :    180.3 MLBUps    208.11 GB/s [====================]
[  ]    ---- :    180.6 MLBUps    208.43 GB/s [====================]
[  ]    ---- :    180.0 MLBUps    207.77 GB/s [====================]
[  ]    ---- :    180.3 MLBUps    208.08 GB/s [====================]
[  ]    ---- :    180.1 MLBUps    207.81 GB/s [====================]
[  ]    ---- :    180.1 MLBUps    207.81 GB/s [====================]
[  ]    ---- :    180.2 MLBUps    207.91 GB/s [====================]
[  ]    ---- :    180.0 MLBUps    207.69 GB/s [====================]
[  ]    ---- :    180.3 MLBUps    208.11 GB/s [====================]
[  ]    ---- :    180.2 MLBUps    208.00 GB/s [====================]
[  ]    ---- :    180.3 MLBUps    208.07 GB/s [====================]
[  ]    ---- :    180.0 MLBUps    207.76 GB/s [====================]
[  ]    ---- :    180.2 MLBUps    207.92 GB/s [====================]
[  ]    ---- :    180.3 MLBUps    208.06 GB/s [====================]
[  ]    ---- :    180.0 MLBUps    207.71 GB/s [====================]
[  ]    ---- :    179.9 MLBUps    207.65 GB/s [====================]
[  ]    ---- :    180.4 MLBUps    208.21 GB/s [====================]
[  ]    ---- :    180.4 MLBUps    208.21 GB/s [====================]
[  ]    ---- :    180.1 MLBUps    207.80 GB/s [====================]
[  ]    ---- :    180.5 MLBUps    208.26 GB/s [====================]
[  ]    ---- :    180.4 MLBUps    208.14 GB/s [====================]
[  ]    ---- :    180.0 MLBUps    207.67 GB/s [====================]
[  ]    ---- :    180.7 MLBUps    208.57 GB/s [====================]
[  ]    ---- :    179.8 MLBUps    207.55 GB/s [====================]
[  ]    ---- :    180.3 MLBUps    208.02 GB/s [====================]
[  ]    ---- :    180.5 MLBUps    208.24 GB/s [====================]
[  ]    ---- :    180.4 MLBUps    208.14 GB/s [====================]
[  ]    ---- :    180.2 MLBUps    207.96 GB/s [====================]
[  ]    ---- :    180.2 MLBUps    207.91 GB/s [====================]
[  ]    ---- :    180.4 MLBUps    208.18 GB/s [====================]
[  ]    ---- :    180.2 MLBUps    207.91 GB/s [====================]
[  ]    ---- :    180.5 MLBUps    208.29 GB/s [====================]
[  ]    ---- :    180.2 MLBUps    207.95 GB/s [====================]
[  ]    ---- :    180.4 MLBUps    208.19 GB/s [====================]
[  ]    ---- :    180.6 MLBUps    208.40 GB/s [====================]
[  ]    ---- :    180.2 MLBUps    207.93 GB/s [====================]
[  ]    ---- :    179.9 MLBUps    207.62 GB/s [====================]
[  ]    ---- :    180.4 MLBUps    208.18 GB/s [====================]
[  ]    ---- :    180.1 MLBUps    207.85 GB/s [====================]
[  ]    ---- :    180.4 MLBUps    208.17 GB/s [====================]
[  ]    ---- :    180.8 MLBUps    208.68 GB/s [====================]
[  ]    ---- :    180.0 MLBUps    207.70 GB/s [====================]
[  ]    ---- :    180.1 MLBUps    207.84 GB/s [====================]
[  ]    ---- :    180.6 MLBUps    208.36 GB/s [====================]
[  ]    ---- :    180.1 MLBUps    207.82 GB/s [====================]
[  ]    ---- :    180.4 MLBUps    208.23 GB/s [====================]
[  ]    ---- :    179.5 MLBUps    207.11 GB/s [====================]
[  ]    ---- :    180.1 MLBUps    207.80 GB/s [====================]
[  ]    ---- :    180.3 MLBUps    208.12 GB/s [====================]
[  ]    ---- :    180.4 MLBUps    208.17 GB/s [====================]
[  ]    ---- :    180.1 MLBUps    207.85 GB/s [====================]
[  ]    ---- :    180.3 MLBUps    208.11 GB/s [====================]
[  ]    ---- :    180.0 MLBUps    207.72 GB/s [====================]
[  ]    ---- :    180.2 MLBUps    207.96 GB/s [====================]
[  ]    ---- :    180.1 MLBUps    207.83 GB/s [====================]
[  ]    ---- :    179.8 MLBUps    207.47 GB/s [====================]
[  ]    ---- :    180.2 MLBUps    207.90 GB/s [====================]
[  ]    ---- :    180.1 MLBUps    207.86 GB/s [====================]
[  ]    ---- :    179.9 MLBUps    207.56 GB/s [====================]
[  ]    ---- :    180.4 MLBUps    208.21 GB/s [====================]
[  ]    ---- :    180.1 MLBUps    207.83 GB/s [====================]
[  ]    ---- :    179.7 MLBUps    207.42 GB/s [====================]
[  ]    ---- :    180.2 MLBUps    207.93 GB/s [====================]
[  ]    ---- :    179.8 MLBUps    207.55 GB/s [====================]
[  ]    ---- :    180.4 MLBUps    208.13 GB/s [====================]
[  ]    ---- :    180.6 MLBUps    208.45 GB/s [====================]
[  ]    ---- :    180.2 MLBUps    207.96 GB/s [====================]
[  ]    ---- :    180.1 MLBUps    207.84 GB/s [====================]
[  ]    ---- :    180.4 MLBUps    208.15 GB/s [====================]
[  ]    ---- :    180.1 MLBUps    207.80 GB/s [====================]
[  ]    ---- :    180.0 MLBUps    207.77 GB/s [====================]
[  ]    ---- :    180.4 MLBUps    208.22 GB/s [====================]
[  ]    ---- :    180.0 MLBUps    207.67 GB/s [====================]
[  ]    ---- :    180.0 MLBUps    207.73 GB/s [====================]
[  ]    ---- :    180.4 MLBUps    208.13 GB/s [====================]
[  ]    ---- :    179.8 MLBUps    207.54 GB/s [====================]
[  ]    ---- :    180.2 MLBUps    207.92 GB/s [====================]
[  ]    ---- :    179.9 MLBUps    207.66 GB/s [====================]
[  ]    ---- :    180.1 MLBUps    207.82 GB/s [====================]
[  ]    ---- :    180.1 MLBUps    207.85 GB/s [====================]
[  ]    ---- :    180.3 MLBUps    208.07 GB/s [====================]
[  ]    ---- :    180.0 MLBUps    207.73 GB/s [====================]
[  ]    ---- :    180.1 MLBUps    207.89 GB/s [====================]
[  ]    ---- :    180.3 MLBUps    208.08 GB/s [====================]
[  ]    ---- :    180.5 MLBUps    208.27 GB/s [====================]
[  ]    ---- :    180.5 MLBUps    208.26 GB/s [====================]
[  ]    ---- :    180.3 MLBUps    208.09 GB/s [====================]
[  ]    ---- :    180.4 MLBUps    208.19 GB/s [====================]
[  ]    ---- :    180.3 MLBUps    208.09 GB/s [====================]
[  ]    ---- :    180.5 MLBUps    208.25 GB/s [====================]
[  ]    ---- :    179.8 MLBUps    207.53 GB/s [====================]
[  ]    ---- :    179.9 MLBUps    207.66 GB/s [====================]
[  ]    ---- :    180.5 MLBUps    208.26 GB/s [====================]
[  ]    ---- :    180.3 MLBUps    208.01 GB/s [====================]
[  ]    ---- :    180.4 MLBUps    208.24 GB/s [====================]
[  ]    ---- :    180.1 MLBUps    207.86 GB/s [====================]
[  ]    ---- :    180.0 MLBUps    207.75 GB/s [====================]
[  ]    ---- :    180.3 MLBUps    208.09 GB/s [====================]
[  ]    ---- :    180.3 MLBUps    208.09 GB/s [====================]
[  ]    ---- :    180.1 MLBUps    207.87 GB/s [====================]
[  ]    ---- :    180.2 MLBUps    207.93 GB/s [====================]
[  ]    ---- :    180.2 MLBUps    207.97 GB/s [====================]
[  ]    ---- :    179.7 MLBUps    207.35 GB/s [====================]
[  ]    ---- :    180.1 MLBUps    207.82 GB/s [====================]
[  ]    ---- :    180.4 MLBUps    208.20 GB/s [====================]
[  ]    ---- :    180.0 MLBUps    207.68 GB/s [====================]
[  ]    ---- :    180.1 MLBUps    207.84 GB/s [====================]
[  ]    ---- :    180.2 MLBUps    207.93 GB/s [====================]
[  ]    ---- :    180.4 MLBUps    208.18 GB/s [====================]
[  ]    ---- :    180.1 MLBUps    207.84 GB/s [====================]
[  ]    ---- :    180.3 MLBUps    208.03 GB/s [====================]
[  ]    ---- :    180.2 MLBUps    207.91 GB/s [====================]
[  ]    ---- :    180.0 MLBUps    207.72 GB/s [====================]
[  ]    ---- :    180.1 MLBUps    207.82 GB/s [====================]
[  ]    ---- :    180.1 MLBUps    207.87 GB/s [====================]
[  ]    ---- :    179.2 MLBUps    206.79 GB/s [====================]
[  ]    ---- :    179.7 MLBUps    207.36 GB/s [====================]
[  ]    ---- :    180.0 MLBUps    207.76 GB/s [====================]
[  ]    ---- :    180.1 MLBUps    207.87 GB/s [====================]
[  ]    ---- :    180.3 MLBUps    208.06 GB/s [====================]
[  ]    ---- :    180.6 MLBUps    208.43 GB/s [====================]
[  ]    ---- :    179.9 MLBUps    207.65 GB/s [====================]
[  ]    ---- :    180.1 MLBUps    207.84 GB/s [====================]
[  ]    ---- :    180.5 MLBUps    208.33 GB/s [====================]
[  ]    ---- :    179.8 MLBUps    207.45 GB/s [====================]
[  ]    ---- :    180.1 MLBUps    207.87 GB/s [====================]
[  ]    ---- :    180.1 MLBUps    207.85 GB/s [====================]
[  ]    ---- :    180.1 MLBUps    207.89 GB/s [====================]
[  ]    ---- :    180.4 MLBUps    208.16 GB/s [====================]
[  ]    ---- :    180.0 MLBUps    207.73 GB/s [====================]
[  ]    ---- :    180.0 MLBUps    207.72 GB/s [====================]
[  ]    ---- :    180.3 MLBUps    208.03 GB/s [====================]
[  ]    ---- :    180.4 MLBUps    208.17 GB/s [====================]
[  ]    ---- :    180.0 MLBUps    207.76 GB/s [====================]
[  ]    ---- :    180.5 MLBUps    208.33 GB/s [====================]
[  ]    ---- :    180.2 MLBUps    207.94 GB/s [====================]
[  ]    ---- :    180.3 MLBUps    208.03 GB/s [====================]
[  ]    ---- :    180.0 MLBUps    207.66 GB/s [====================]
[  ]    ---- :    180.0 MLBUps    207.67 GB/s [====================]
[  ]    ---- :    180.4 MLBUps    208.16 GB/s [====================]
[  ]    ---- :    180.2 MLBUps    207.96 GB/s [====================]
[  ]    ---- :    179.8 MLBUps    207.44 GB/s [====================]
[  ]    ---- :    180.6 MLBUps    208.46 GB/s [====================]
[  ]    ---- :    180.3 MLBUps    208.11 GB/s [====================]
[  ]    ---- :    180.1 MLBUps    207.83 GB/s [====================]
[  ]    ---- :    179.8 MLBUps    207.46 GB/s [====================]
[  ]    ---- :    180.3 MLBUps    208.02 GB/s [====================]
[  ]    ---- :    180.5 MLBUps    208.27 GB/s [====================]
[  ]    ---- :    180.3 MLBUps    208.03 GB/s [====================]
[  ]    ---- :    180.1 MLBUps    207.78 GB/s [====================]
[  ]    ---- :    180.2 MLBUps    207.97 GB/s [====================]
[  ]    ---- :    180.2 MLBUps    207.93 GB/s [====================]
[  ]    ---- :    180.0 MLBUps    207.77 GB/s [====================]
[  ]    ---- :    180.1 MLBUps    207.82 GB/s [====================]
[  ]    ---- :    180.0 MLBUps    207.77 GB/s [====================]
[  ]    ---- :    180.5 MLBUps    208.30 GB/s [====================]
[  ]    ---- :    180.3 MLBUps    208.02 GB/s [====================]
[  ]    ---- :    179.6 MLBUps    207.30 GB/s [====================]
[  ]    ---- :    180.4 MLBUps    208.20 GB/s [====================]
[  ]    ---- :    179.9 MLBUps    207.57 GB/s [====================]
[  ]    ---- :    180.4 MLBUps    208.18 GB/s [====================]
[  ]    ---- :    180.1 MLBUps    207.79 GB/s [====================]
[  ]    ---- :    180.0 MLBUps    207.78 GB/s [====================]
[  ]    ---- :    180.3 MLBUps    208.06 GB/s [====================]
[  ]    ---- :    180.6 MLBUps    208.44 GB/s [====================]
[  ]    ---- :    180.2 MLBUps    207.99 GB/s [====================]
[  ]    ---- :    180.2 MLBUps    207.93 GB/s [====================]
[  ]    ---- :    180.5 MLBUps    208.24 GB/s [====================]
[  ]    ---- :    179.7 MLBUps    207.32 GB/s [====================]
[  ]    ---- :    180.4 MLBUps    208.23 GB/s [====================]
[  ]    ---- :    180.4 MLBUps    208.14 GB/s [====================]
[  ]    ---- :    180.1 MLBUps    207.78 GB/s [====================]
[  ]    ---- :    180.7 MLBUps    208.49 GB/s [====================]
[  ]    ---- :    180.3 MLBUps    208.07 GB/s [====================]
[  ]    ---- :    180.5 MLBUps    208.24 GB/s [====================]
[  ]    ---- :    180.2 MLBUps    207.99 GB/s [====================]
[  ]    ---- :    180.3 MLBUps    208.08 GB/s [====================]
[  ]    ---- :    180.2 MLBUps    207.99 GB/s [====================]
[  ]    ---- :    180.0 MLBUps    207.75 GB/s [====================]
[  ]    ---- :    180.5 MLBUps    208.32 GB/s [====================]
[  ]    ---- :    180.2 MLBUps    207.95 GB/s [====================]
[  ]    ---- :    180.0 MLBUps    207.71 GB/s [====================]
[  ]    ---- :    180.2 MLBUps    207.94 GB/s [====================]
[  ]    ---- :    180.4 MLBUps    208.20 GB/s [====================]
[  ]    ---- :    180.4 MLBUps    208.20 GB/s [====================]
[  ]    ---- :    180.3 MLBUps    208.02 GB/s [====================]
[  ]    ---- :    180.6 MLBUps    208.39 GB/s [====================]
[  ]    ---- :    180.2 MLBUps    207.96 GB/s [====================]
[  ]    ---- :    180.2 MLBUps    207.96 GB/s [====================]
[  ]    ---- :    180.2 MLBUps    207.98 GB/s [====================]
[  ]    ---- :    179.9 MLBUps    207.58 GB/s [====================]
[  ]    ---- :    180.2 MLBUps    207.96 GB/s [====================]
[  ]    ---- :    180.3 MLBUps    208.06 GB/s [====================]
[  ]    ---- :    180.2 MLBUps    207.96 GB/s [====================]
[  ]    ---- :    180.1 MLBUps    207.83 GB/s [====================]
[  ]    ---- :    180.4 MLBUps    208.20 GB/s [====================]
[  ]    ---- :    180.4 MLBUps    208.21 GB/s [====================]
[  ]    ---- :    179.7 MLBUps    207.33 GB/s [====================]
[  ]    ---- :    180.2 MLBUps    207.97 GB/s [====================]
[  ]    ---- :    180.4 MLBUps    208.16 GB/s [====================]
[  ]    ---- :    180.6 MLBUps    208.41 GB/s [====================]
[  ]    ---- :    180.1 MLBUps    207.84 GB/s [====================]
[  ]    ---- :    180.3 MLBUps    208.07 GB/s [====================]
[  ]    ---- :    180.3 MLBUps    208.10 GB/s [====================]
[  ]    ---- :    180.3 MLBUps    208.05 GB/s [====================]
[  ]    ---- :    180.1 MLBUps    207.83 GB/s [====================]
[  ]    ---- :    180.2 MLBUps    207.96 GB/s [====================]
[  ]    ---- :    180.2 MLBUps    207.98 GB/s [====================]
[  ]    ---- :    180.3 MLBUps    208.06 GB/s [====================]
[  ]    ---- :    180.1 MLBUps    207.87 GB/s [====================]
[  ]    ---- :    180.6 MLBUps    208.42 GB/s [====================]
[  ]    ---- :    180.4 MLBUps    208.19 GB/s [====================]
[  ]    ---- :    180.1 MLBUps    207.84 GB/s [====================]
[  ]    ---- :    180.4 MLBUps    208.14 GB/s [====================]
[  ]    ---- :    180.4 MLBUps    208.22 GB/s [====================]
[  ]    ---- :    180.4 MLBUps    208.13 GB/s [====================]
[  ]    ---- :    180.3 MLBUps    208.04 GB/s [====================]
[  ]    ---- :    180.4 MLBUps    208.16 GB/s [====================]
[  ]    ---- :    180.2 MLBUps    207.92 GB/s [====================]
[  ]    ---- :    180.1 MLBUps    207.88 GB/s [====================]
[  ]    ---- :    180.1 MLBUps    207.87 GB/s [====================]
[  ]    ---- :    180.5 MLBUps    208.30 GB/s [====================]
[  ]    ---- :    180.0 MLBUps    207.77 GB/s [====================]
[  ]    ---- :    179.8 MLBUps    207.46 GB/s [====================]
[  ]    ---- :    179.9 MLBUps    207.56 GB/s [====================]
[  ]    ---- :    180.0 MLBUps    207.72 GB/s [====================]
[  ]    ---- :    180.3 MLBUps    208.05 GB/s [====================]
[  ]    ---- :    180.2 MLBUps    207.92 GB/s [====================]
[  ]    ---- :    180.1 MLBUps    207.89 GB/s [====================]
[  ]    ---- :    180.2 MLBUps    207.96 GB/s [====================]
[  ]    ---- :    180.5 MLBUps    208.25 GB/s [====================]
[  ]    ---- :    180.6 MLBUps    208.36 GB/s [====================]
[  ]    ---- :    180.1 MLBUps    207.83 GB/s [====================]
[  ]    ---- :    180.0 MLBUps    207.75 GB/s [====================]
[  ]    ---- :    180.0 MLBUps    207.70 GB/s [====================]
[  ]    ---- :    180.4 MLBUps    208.17 GB/s [====================]
[  ]    ---- :    180.5 MLBUps    208.28 GB/s [====================]
[  ]    ---- :    180.3 MLBUps    208.09 GB/s [====================]
[  ]    ---- :    180.3 MLBUps    208.04 GB/s [====================]
[  ]    ---- :    179.8 MLBUps    207.53 GB/s [====================]
[  ]    ---- :    180.1 MLBUps    207.86 GB/s [====================]
[  ]    ---- :    180.2 MLBUps    208.00 GB/s [====================]
[  ]    ---- :    180.7 MLBUps    208.53 GB/s [====================]
[  ]    ---- :    180.0 MLBUps    207.68 GB/s [====================]
[  ]    ---- :    180.1 MLBUps    207.88 GB/s [====================]
[  ]    ---- :    180.7 MLBUps    208.54 GB/s [====================]
[  ]    ---- :    180.1 MLBUps    207.82 GB/s [====================]
[  ]    ---- :    180.4 MLBUps    208.19 GB/s [====================]
[  ]    ---- :    180.1 MLBUps    207.82 GB/s [====================]
[  ]    ---- :    180.3 MLBUps    208.07 GB/s [====================]
[  ]    ---- :    180.3 MLBUps    208.06 GB/s [====================]
[  ]    ---- :    180.3 MLBUps    208.10 GB/s [====================]
[  ]    ---- :    180.2 MLBUps    207.92 GB/s [====================]
[  ]    ---- :    180.3 MLBUps    208.12 GB/s [====================]
[  ]    ---- :    180.3 MLBUps    208.04 GB/s [====================]
[  ]    ---- :    180.4 MLBUps    208.15 GB/s [====================]
[  ]    ---- :    180.2 MLBUps    208.00 GB/s [====================]
[  ]    ---- :    180.2 MLBUps    207.97 GB/s [====================]
[  ]    ---- :    180.3 MLBUps    208.06 GB/s [====================]
[  ]    ---- :    180.2 MLBUps    207.93 GB/s [====================]
[  ]    ---- :    180.3 MLBUps    208.04 GB/s [====================]
[  ]    ---- :    180.5 MLBUps    208.27 GB/s [====================]
[  ]    ---- :    180.1 MLBUps    207.86 GB/s [====================]
[  ]    ---- :    179.9 MLBUps    207.55 GB/s [====================]
[  ]    ---- :    180.3 MLBUps    208.09 GB/s [====================]
[  ]    ---- :    180.5 MLBUps    208.26 GB/s [====================]
[  ]    ---- :    180.2 MLBUps    207.96 GB/s [====================]
[  ]    ---- :    179.9 MLBUps    207.61 GB/s [====================]
[  ]    ---- :    180.3 MLBUps    208.08 GB/s [====================]
[  ]    ---- :    180.3 MLBUps    208.07 GB/s [====================]
[  ]    ---- :    180.0 MLBUps    207.73 GB/s [====================]
[  ]    ---- :    180.2 MLBUps    207.99 GB/s [====================]
[  ]    ---- :    180.7 MLBUps    208.48 GB/s [====================]
[  ]    ---- :    180.2 MLBUps    207.91 GB/s [====================]
[  ]    ---- :    180.4 MLBUps    208.23 GB/s [====================]
[  ]    ---- :    179.9 MLBUps    207.65 GB/s [====================]
[  ]    ---- :    180.0 MLBUps    207.76 GB/s [====================]
[  ]    ---- :    180.0 MLBUps    207.71 GB/s [====================]
[  ]    ---- :    180.4 MLBUps    208.20 GB/s [====================]
[  ]    ---- :    180.5 MLBUps    208.27 GB/s [====================]
[  ]    ---- :    179.9 MLBUps    207.62 GB/s [====================]
[  ]    ---- :    180.3 MLBUps    208.06 GB/s [====================]
[  ]    ---- :    180.2 MLBUps    207.97 GB/s [====================]
[  ]    ---- :    180.3 MLBUps    208.04 GB/s [====================]
[  ]    ---- :    180.5 MLBUps    208.27 GB/s [====================]
[  ]    ---- :    180.3 MLBUps    208.07 GB/s [====================]
[  ]    ---- :    180.2 MLBUps    207.98 GB/s [====================]
[  ]    ---- :    180.0 MLBUps    207.73 GB/s [====================]
[  ]    ---- :    180.2 MLBUps    207.92 GB/s [====================]
[  ]    ---- :    180.3 MLBUps    208.06 GB/s [====================]
[  ]    ---- :    180.1 MLBUps    207.83 GB/s [====================]
[  ]    ---- :    180.2 MLBUps    208.01 GB/s [====================]
[  ]    ---- :    180.2 MLBUps    208.00 GB/s [====================]
[  ]    ---- :    180.1 MLBUps    207.79 GB/s [====================]
[  ]    ---- :    180.2 MLBUps    207.98 GB/s [====================]
[  ]    ---- :    180.2 MLBUps    207.90 GB/s [====================]
[  ]    ---- :    180.2 MLBUps    207.98 GB/s [====================]
[  ]    ---- :    180.4 MLBUps    208.14 GB/s [====================]
[  ]    ---- :    180.4 MLBUps    208.21 GB/s [====================]
[  ]    ---- :    179.9 MLBUps    207.66 GB/s [====================]
[  ]    ---- :    180.3 MLBUps    208.11 GB/s [====================]
[  ]    ---- :    180.3 MLBUps    208.05 GB/s [====================]
[  ]    ---- :    180.5 MLBUps    208.30 GB/s [====================]
[  ]    ---- :    180.6 MLBUps    208.39 GB/s [====================]
[  ]    ---- :    180.1 MLBUps    207.85 GB/s [====================]
[  ]    ---- :    180.0 MLBUps    207.71 GB/s [====================]
[  ]    ---- :    180.4 MLBUps    208.24 GB/s [====================]
[  ]    ---- :    180.2 MLBUps    207.95 GB/s [====================]
[  ]    ---- :    180.4 MLBUps    208.16 GB/s [====================]
[  ]    ---- :    180.5 MLBUps    208.26 GB/s [====================]
[  ]    ---- :    180.5 MLBUps    208.28 GB/s [====================]
[  ]    ---- :    180.2 MLBUps    208.00 GB/s [====================]
[  ]    ---- :    180.4 MLBUps    208.18 GB/s [====================]
[  ]    ---- :    180.0 MLBUps    207.75 GB/s [====================]
[  ]    ---- :    180.3 MLBUps    208.04 GB/s [====================]
[  ]    ---- :    180.3 MLBUps    208.10 GB/s [====================]
[  ]    ---- :    180.3 MLBUps    208.05 GB/s [====================]
[  ]    ---- :    180.4 MLBUps    208.21 GB/s [====================]
[  ]    ---- :    180.4 MLBUps    208.17 GB/s [====================]
[  ]    ---- :    180.3 MLBUps    208.12 GB/s [====================]
[  ]    ---- :    180.7 MLBUps    208.51 GB/s [====================]
[  ]    ---- :    180.3 MLBUps    208.02 GB/s [====================]
[  ]    ---- :    179.8 MLBUps    207.53 GB/s [====================]
[  ]    ---- :    179.8 MLBUps    207.44 GB/s [====================]
[  ]    ---- :    180.4 MLBUps    208.22 GB/s [====================]
[  ]    ---- :    180.2 MLBUps    207.97 GB/s [====================]
[  ]    ---- :    180.1 MLBUps    207.84 GB/s [====================]
[  ]    ---- :    180.2 MLBUps    207.92 GB/s [====================]
[  ]    ---- :    180.4 MLBUps    208.17 GB/s [====================]
[  ]    ---- :    180.3 MLBUps    208.02 GB/s [====================]
[  ]    ---- :    180.0 MLBUps    207.74 GB/s [====================]
[  ]    ---- :    179.7 MLBUps    207.39 GB/s [====================]
[  ]    ---- :    180.3 MLBUps    208.01 GB/s [====================]
[  ]    ---- :    180.0 MLBUps    207.70 GB/s [====================]
[  ]    ---- :    180.5 MLBUps    208.27 GB/s [====================]
[  ]    ---- :    180.0 MLBUps    207.71 GB/s [====================]
[  ]    ---- :    179.8 MLBUps    207.43 GB/s [====================]
[  ]    ---- :    180.1 MLBUps    207.82 GB/s [====================]
[  ]    ---- :    180.2 MLBUps    207.92 GB/s [====================]
[  ]    ---- :    180.0 MLBUps    207.73 GB/s [====================]
[  ]    ---- :    180.3 MLBUps    208.09 GB/s [====================]
[  ]    ---- :    179.9 MLBUps    207.63 GB/s [====================]
[  ]    ---- :    180.3 MLBUps    208.07 GB/s [====================]
[  ]    ---- :    180.1 MLBUps    207.80 GB/s [====================]
[  ]    ---- :    180.3 MLBUps    208.01 GB/s [====================]
[  ]    ---- :    180.2 MLBUps    207.95 GB/s [====================]
[  ]    ---- :    180.0 MLBUps    207.71 GB/s [====================]
[  ]    ---- :    180.1 MLBUps    207.88 GB/s [====================]
[  ]    ---- :    180.3 MLBUps    208.01 GB/s [====================]
[  ]    ---- :    180.2 MLBUps    207.93 GB/s [====================]
[  ]    ---- :    179.7 MLBUps    207.32 GB/s [====================]
[  ]    ---- :    180.0 MLBUps    207.77 GB/s [====================]
[  ]    ---- :    180.0 MLBUps    207.70 GB/s [====================]
[  ]    ---- :    180.0 MLBUps    207.77 GB/s [====================]
[  ]    ---- :    180.3 MLBUps    208.10 GB/s [====================]
[  ]    ---- :    180.3 MLBUps    208.05 GB/s [====================]
[  ]    ---- :    180.0 MLBUps    207.67 GB/s [====================]
[  ]    ---- :    180.2 MLBUps    208.01 GB/s [====================]
[  ]    ---- :    180.0 MLBUps    207.71 GB/s [====================]
[  ]    ---- :    180.2 MLBUps    207.99 GB/s [====================]
[  ]    ---- :    180.3 MLBUps    208.02 GB/s [====================]
[  ]    ---- :    180.1 MLBUps    207.79 GB/s [====================]
[  ]    ---- :    180.4 MLBUps    208.13 GB/s [====================]
[  ]    ---- :    180.4 MLBUps    208.17 GB/s [====================]
[  ]    ---- :    180.1 MLBUps    207.80 GB/s [====================]
[  ]    ---- :    180.3 MLBUps    208.02 GB/s [====================]
[  ]    ---- :    180.0 MLBUps    207.75 GB/s [====================]
[  ]    ---- :    180.2 MLBUps    207.90 GB/s [====================]
[  ]    ---- :    180.2 MLBUps    207.93 GB/s [====================]
[  ]    ---- :    180.1 MLBUps    207.89 GB/s [====================]
[  ]    ---- :    180.0 MLBUps    207.75 GB/s [====================]
[  ]    ---- :    180.1 MLBUps    207.82 GB/s [====================]
[  ]    ---- :    180.3 MLBUps    208.11 GB/s [====================]
[  ]    ---- :    180.3 MLBUps    208.03 GB/s [====================]
[  ]    ---- :    180.7 MLBUps    208.49 GB/s [====================]
[  ]    ---- :    180.3 MLBUps    208.07 GB/s [====================]
[  ]    ---- :    180.5 MLBUps    208.28 GB/s [====================]
[  ]    ---- :    180.4 MLBUps    208.15 GB/s [====================]
[  ]    ---- :    179.9 MLBUps    207.58 GB/s [====================]
[  ]    ---- :    180.3 MLBUps    208.01 GB/s [====================]
[  ]    ---- :    180.2 MLBUps    208.01 GB/s [====================]
[  ]    ---- :    180.3 MLBUps    208.12 GB/s [====================]
[  ]    ---- :    180.2 MLBUps    207.91 GB/s [====================]
[  ]    ---- :    180.1 MLBUps    207.88 GB/s [====================]
[  ]    ---- :    180.4 MLBUps    208.15 GB/s [====================]
[  ]    ---- :    179.9 MLBUps    207.60 GB/s [====================]
[  ]    ---- :    180.4 MLBUps    208.17 GB/s [====================]
[  ]    ---- :    180.5 MLBUps    208.30 GB/s [====================]
[  ]    ---- :    180.6 MLBUps    208.45 GB/s [====================]
[  ]    ---- :    180.2 MLBUps    207.97 GB/s [====================]
[  ]    ---- :    180.0 MLBUps    207.74 GB/s [====================]
[  ]    ---- :    180.7 MLBUps    208.58 GB/s [====================]
[  ]    ---- :    180.0 MLBUps    207.72 GB/s [====================]
[  ]    ---- :    180.0 MLBUps    207.71 GB/s [====================]
[  ]    ---- :    180.5 MLBUps    208.31 GB/s [====================]
[  ]    ---- :    179.9 MLBUps    207.64 GB/s [====================]
[  ]    ---- :    180.4 MLBUps    208.23 GB/s [====================]
[  ]    ---- :    180.5 MLBUps    208.29 GB/s [====================]
[  ]    ---- :    180.4 MLBUps    208.23 GB/s [====================]
[  ]    ---- :    180.3 MLBUps    208.08 GB/s [====================]
[  ]    ---- :    180.3 MLBUps    208.05 GB/s [====================]
[  ]    ---- :    180.3 MLBUps    208.08 GB/s [====================]
[  ]    ---- :    180.1 MLBUps    207.84 GB/s [====================]
[  ]    ---- :    180.5 MLBUps    208.30 GB/s [====================]
[  ]    ---- :    180.4 MLBUps    208.20 GB/s [====================]
[  ]    ---- :    180.5 MLBUps    208.33 GB/s [====================]
[  ]    ---- :    180.4 MLBUps    208.18 GB/s [====================]
[  ]    ---- :    180.0 MLBUps    207.75 GB/s [====================]
[  ]    ---- :    180.8 MLBUps    208.64 GB/s [====================]
[  ]    ---- :    180.3 MLBUps    208.11 GB/s [====================]
[  ]    ---- :    180.0 MLBUps    207.71 GB/s [====================]
[  ]    ---- :    180.3 MLBUps    208.12 GB/s [====================]
[  ]    ---- :    180.5 MLBUps    208.31 GB/s [====================]
[  ]    ---- :    180.4 MLBUps    208.19 GB/s [====================]
[  ]    ---- :    180.1 MLBUps    207.80 GB/s [====================]
[  ]    ---- :    180.5 MLBUps    208.24 GB/s [====================]
[  ]    ---- :    180.4 MLBUps    208.17 GB/s [====================]
[  ]    ---- :    180.1 MLBUps    207.87 GB/s [====================]
[  ]    ---- :    180.1 MLBUps    207.83 GB/s [====================]
[  ]    ---- :    180.5 MLBUps    208.24 GB/s [====================]
[  ]    ---- :    180.4 MLBUps    208.20 GB/s [====================]
[  ]    ---- :    180.5 MLBUps    208.27 GB/s [====================]
[  ]    ---- :    179.7 MLBUps    207.37 GB/s [====================]
[  ]    ---- :    180.2 MLBUps    207.96 GB/s [====================]
[  ]    ---- :    180.5 MLBUps    208.34 GB/s [====================]
[  ]    ---- :    180.3 MLBUps    208.09 GB/s [====================]
[  ]    ---- :    180.1 MLBUps    207.83 GB/s [====================]
[  ]    ---- :    179.9 MLBUps    207.58 GB/s [====================]
[  ]    ---- :    180.2 MLBUps    207.95 GB/s [====================]
[  ]    ---- :    180.5 MLBUps    208.27 GB/s [====================]
[  ]    ---- :    180.1 MLBUps    207.79 GB/s [====================]
[  ]    ---- :    180.3 MLBUps    208.06 GB/s [====================]
[  ]    ---- :    180.4 MLBUps    208.14 GB/s [====================]
[  ]    ---- :    180.2 MLBUps    207.90 GB/s [====================]
[  ]    ---- :    180.6 MLBUps    208.37 GB/s [====================]
[  ]    ---- :    180.3 MLBUps    208.11 GB/s [====================]
[  ]    ---- :    179.9 MLBUps    207.62 GB/s [====================]
[  ]    ---- :    180.5 MLBUps    208.30 GB/s [====================]
[  ]    ---- :    179.7 MLBUps    207.37 GB/s [====================]
[  ]    ---- :    180.2 MLBUps    208.00 GB/s [====================]
[  ]    ---- :    179.9 MLBUps    207.60 GB/s [====================]
[  ]    ---- :    179.9 MLBUps    207.55 GB/s [====================]
[  ]    ---- :    180.0 MLBUps    207.69 GB/s [====================]
[  ]    ---- :    180.3 MLBUps    208.02 GB/s [====================]
[  ]    ---- :    180.2 MLBUps    207.90 GB/s [====================]
[  ]    ---- :    180.1 MLBUps    207.85 GB/s [====================]
[  ]    ---- :    179.8 MLBUps    207.53 GB/s [====================]
[  ]    ---- :    180.3 MLBUps    208.05 GB/s [====================]
[  ]    ---- :    180.0 MLBUps    207.67 GB/s [====================]
[  ]    ---- :    180.5 MLBUps    208.27 GB/s [====================]
[  ]    ---- :    180.3 MLBUps    208.01 GB/s [====================]
[  ]    ---- :    180.1 MLBUps    207.87 GB/s [====================]
[  ]    ---- :    180.5 MLBUps    208.28 GB/s [====================]
[  ]    ---- :    179.9 MLBUps    207.56 GB/s [====================]
[  ]    ---- :    180.2 MLBUps    207.96 GB/s [====================]
[  ]    ---- :    180.4 MLBUps    208.16 GB/s [====================]
[  ]    ---- :    180.2 MLBUps    207.92 GB/s [====================]
[  ]    ---- :    180.4 MLBUps    208.17 GB/s [====================]
[  ]    ---- :    180.4 MLBUps    208.18 GB/s [====================]
[  ]    ---- :    180.1 MLBUps    207.80 GB/s [====================]
[  ]    ---- :    180.3 MLBUps    208.05 GB/s [====================]
[  ]    ---- :    180.4 MLBUps    208.19 GB/s [====================]
[  ]    ---- :    180.3 MLBUps    208.12 GB/s [====================]
[  ]    ---- :    180.5 MLBUps    208.31 GB/s [====================]
[  ]    ---- :    180.4 MLBUps    208.22 GB/s [====================]
[  ]    ---- :    180.2 MLBUps    207.92 GB/s [====================]
[  ]    ---- :    180.2 MLBUps    207.94 GB/s [====================]
[  ]    ---- :    180.0 MLBUps    207.78 GB/s [====================]
[  ]    ---- :    180.2 MLBUps    207.92 GB/s [====================]
[  ]    ---- :    180.2 MLBUps    207.97 GB/s [====================]
[  ]    ---- :    179.8 MLBUps    207.44 GB/s [====================]
[  ]    ---- :    180.1 MLBUps    207.81 GB/s [====================]
[  ]    ---- :    180.0 MLBUps    207.73 GB/s [====================]
[  ]    ---- :    180.2 MLBUps    207.90 GB/s [====================]
[  ]    ---- :    179.9 MLBUps    207.56 GB/s [====================]
[  ]    ---- :    180.7 MLBUps    208.57 GB/s [====================]
[  ]    ---- :    180.1 MLBUps    207.83 GB/s [====================]
[  ]    ---- :    180.1 MLBUps    207.78 GB/s [====================]
[  ]    ---- :    179.9 MLBUps    207.60 GB/s [====================]
[  ]    ---- :    180.3 MLBUps    208.01 GB/s [====================]
[  ]    ---- :    180.6 MLBUps    208.37 GB/s [====================]
[  ]    ---- :    180.3 MLBUps    208.12 GB/s [====================]
[  ]    ---- :    180.5 MLBUps    208.34 GB/s [====================]
[  ]    ---- :    180.3 MLBUps    208.09 GB/s [====================]
[  ]    ---- :    180.1 MLBUps    207.84 GB/s [====================]
[  ]    ---- :    180.2 MLBUps    207.96 GB/s [====================]
[  ]    ---- :    180.5 MLBUps    208.27 GB/s [====================]
[  ]    ---- :    180.3 MLBUps    208.08 GB/s [====================]
[  ]    ---- :    180.3 MLBUps    208.05 GB/s [====================]
[  ]    ---- :    180.3 MLBUps    208.06 GB/s [====================]
[  ]    ---- :    180.0 MLBUps    207.75 GB/s [====================]
[  ]    ---- :    180.5 MLBUps    208.32 GB/s [====================]
[  ]    ---- :    180.1 MLBUps    207.84 GB/s [====================]
[  ]    ---- :    180.3 MLBUps    208.08 GB/s [====================]
[  ]    ---- :    180.2 MLBUps    207.92 GB/s [====================]
[  ]    ---- :    180.2 MLBUps    207.99 GB/s [====================]
[  ]    ---- :    180.2 MLBUps    207.96 GB/s [====================]
[  ]    ---- :    180.1 MLBUps    207.78 GB/s [====================]
[  ]    ---- :    180.6 MLBUps    208.47 GB/s [====================]
[  ]    ---- :    180.1 MLBUps    207.89 GB/s [====================]
[  ]    ---- :    180.4 MLBUps    208.23 GB/s [====================]
[  ]    ---- :    180.5 MLBUps    208.32 GB/s [====================]
[  ]    ---- :    180.5 MLBUps    208.27 GB/s [====================]
[  ]    ---- :    180.2 MLBUps    207.93 GB/s [====================]
[  ]    ---- :    180.4 MLBUps    208.17 GB/s [====================]
[  ]    ---- :    180.4 MLBUps    208.19 GB/s [====================]
[  ]    ---- :    180.6 MLBUps    208.37 GB/s [====================]
[  ]    ---- :    180.4 MLBUps    208.18 GB/s [====================]
[  ]    ---- :    180.1 MLBUps    207.79 GB/s [====================]
[  ]    ---- :    180.4 MLBUps    208.17 GB/s [====================]
[  ]    ---- :    180.2 MLBUps    207.90 GB/s [====================]
[  ]    ---- :    180.5 MLBUps    208.27 GB/s [====================]
[  ]    ---- :    180.2 MLBUps    207.96 GB/s [====================]
[  ]    ---- :    180.1 MLBUps    207.83 GB/s [====================]
[  ]    ---- :    180.4 MLBUps    208.22 GB/s [====================]
[  ]    ---- :    180.2 MLBUps    207.92 GB/s [====================]
[  ]    ---- :    180.1 MLBUps    207.79 GB/s [====================]
[  ]    ---- :    179.8 MLBUps    207.54 GB/s [====================]
[  ]    ---- :    180.1 MLBUps    207.81 GB/s [====================]
[  ]    ---- :    180.2 MLBUps    207.96 GB/s [====================]
[  ]    ---- :    180.2 MLBUps    208.00 GB/s [====================]
[  ]    ---- :    180.4 MLBUps    208.16 GB/s [====================]
[  ]    ---- :    180.3 MLBUps    208.09 GB/s [====================]
[  ]    ---- :    180.5 MLBUps    208.29 GB/s [====================]
[  ]    ---- :    180.0 MLBUps    207.74 GB/s [====================]
[  ]    ---- :    179.8 MLBUps    207.46 GB/s [====================]
[  ]    ---- :    180.5 MLBUps    208.27 GB/s [====================]
[  ]    ---- :    180.3 MLBUps    208.02 GB/s [====================]
[  ]    ---- :    180.0 MLBUps    207.74 GB/s [====================]
[  ]    ---- :    180.3 MLBUps    208.06 GB/s [====================]
[  ]    ---- :    180.2 MLBUps    208.00 GB/s [====================]
[  ]    ---- :    180.5 MLBUps    208.31 GB/s [====================]
[  ]    ---- :    180.1 MLBUps    207.83 GB/s [====================]
[  ]    ---- :    180.6 MLBUps    208.40 GB/s [====================]
[  ]    ---- :    180.5 MLBUps    208.25 GB/s [====================]
[  ]    ---- :    180.5 MLBUps    208.33 GB/s [====================]
[  ]    ---- :    180.2 MLBUps    207.92 GB/s [====================]
[  ]    ---- :    180.4 MLBUps    208.16 GB/s [====================]
[  ]    ---- :    180.2 MLBUps    207.91 GB/s [====================]
[  ]    ---- :    180.3 MLBUps    208.09 GB/s [====================]
[  ]    ---- :    180.5 MLBUps    208.31 GB/s [====================]
[  ]    ---- :    180.1 MLBUps    207.81 GB/s [====================]
[  ]    ---- :    179.8 MLBUps    207.54 GB/s [====================]
[  ]    ---- :    180.3 MLBUps    208.08 GB/s [====================]
[  ]    ---- :    180.5 MLBUps    208.24 GB/s [====================]
[  ]    ---- :    180.3 MLBUps    208.02 GB/s [====================]
[  ]    ---- :    180.3 MLBUps    208.04 GB/s [====================]
[  ]    ---- :    180.1 MLBUps    207.83 GB/s [====================]
[  ]    ---- :    180.1 MLBUps    207.82 GB/s [====================]
[  ]    ---- :    180.2 MLBUps    207.91 GB/s [====================]
[  ]    ---- :    180.1 MLBUps    207.79 GB/s [====================]
[  ]    ---- :    180.1 MLBUps    207.80 GB/s [====================]
[  ]    ---- :    180.3 MLBUps    208.05 GB/s [====================]
[  ]    ---- :    180.5 MLBUps    208.25 GB/s [====================]
[  ]    ---- :    180.4 MLBUps    208.18 GB/s [====================]
[  ]    ---- :    180.2 MLBUps    207.94 GB/s [====================]
[  ]    ---- :    180.2 MLBUps    207.92 GB/s [====================]
[  ]    ---- :    180.1 MLBUps    207.82 GB/s [====================]
[  ]    ---- :    180.2 MLBUps    207.96 GB/s [====================]
[  ]    ---- :    180.2 MLBUps    207.91 GB/s [====================]
[  ]    ---- :    180.3 MLBUps    208.05 GB/s [====================]
[  ]    ---- :    180.4 MLBUps    208.14 GB/s [====================]
[  ]    ---- :    180.4 MLBUps    208.16 GB/s [====================]
[  ]    ---- :    180.1 MLBUps    207.83 GB/s [====================]
[  ]    ---- :    180.2 MLBUps    207.90 GB/s [====================]
[  ]    ---- :    179.8 MLBUps    207.50 GB/s [====================]
[  ]    ---- :    180.3 MLBUps    208.03 GB/s [====================]
[  ]    ---- :    180.3 MLBUps    208.06 GB/s [====================]
[  ]    ---- :    180.5 MLBUps    208.26 GB/s [====================]
[  ]    ---- :    180.2 MLBUps    207.96 GB/s [====================]
[  ]    ---- :    179.9 MLBUps    207.55 GB/s [====================]
[  ]    ---- :    180.1 MLBUps    207.89 GB/s [====================]
[  ]    ---- :    179.9 MLBUps    207.64 GB/s [====================]
[  ]    ---- :    180.0 MLBUps    207.67 GB/s [====================]
[  ]    ---- :    180.2 MLBUps    207.95 GB/s [====================]
[  ]    ---- :    180.5 MLBUps    208.29 GB/s [====================]
[  ]    ---- :    180.2 MLBUps    207.92 GB/s [====================]
[  ]    ---- :    180.2 MLBUps    207.99 GB/s [====================]
[  ]    ---- :    180.2 MLBUps    207.97 GB/s [====================]
[  ]    ---- :    180.5 MLBUps    208.31 GB/s [====================]
[  ]    ---- :    180.4 MLBUps    208.13 GB/s [====================]
[  ]    ---- :    180.1 MLBUps    207.80 GB/s [====================]
[  ]    ---- :    180.4 MLBUps    208.14 GB/s [====================]
[  ]    ---- :    179.9 MLBUps    207.57 GB/s [====================]
[  ]    ---- :    179.7 MLBUps    207.39 GB/s [====================]
[  ]    ---- :    180.0 MLBUps    207.74 GB/s [====================]
[  ]    ---- :    180.2 MLBUps    207.94 GB/s [====================]
[  ]    ---- :    180.3 MLBUps    208.10 GB/s [====================]
[  ]    ---- :    179.8 MLBUps    207.51 GB/s [====================]
[  ]    ---- :    180.0 MLBUps    207.69 GB/s [====================]
[  ]    ---- :    180.0 MLBUps    207.70 GB/s [====================]
[  ]    ---- :    180.1 MLBUps    207.78 GB/s [====================]
[  ]    ---- :    180.4 MLBUps    208.17 GB/s [====================]
[  ]    ---- :    180.1 MLBUps    207.85 GB/s [====================]
[  ]    ---- :    180.3 MLBUps    208.09 GB/s [====================]
[  ]    ---- :    180.1 MLBUps    207.80 GB/s [====================]
[  ]    ---- :    179.7 MLBUps    207.41 GB/s [====================]
[  ]    ---- :    180.3 MLBUps    208.04 GB/s [====================]
[  ]    ---- :    180.4 MLBUps    208.15 GB/s [====================]
[  ]    ---- :    180.2 MLBUps    207.89 GB/s [====================]
[  ]    ---- :    180.5 MLBUps    208.33 GB/s [====================]
[  ]    ---- :    180.0 MLBUps    207.71 GB/s [====================]
[  ]    ---- :    179.9 MLBUps    207.56 GB/s [====================]
[  ]    ---- :    180.4 MLBUps    208.23 GB/s [====================]
[  ]    ---- :    180.2 MLBUps    207.98 GB/s [====================]
[  ]    ---- :    180.3 MLBUps    208.08 GB/s [====================]
[  ]    ---- :    180.6 MLBUps    208.44 GB/s [====================]
[  ]    ---- :    180.7 MLBUps    208.47 GB/s [====================]
[  ]    ---- :    180.1 MLBUps    207.81 GB/s [====================]
[  ]    ---- :    180.3 MLBUps    208.07 GB/s [====================]
[  ]    ---- :    180.2 MLBUps    207.98 GB/s [====================]
[  ]    ---- :    179.8 MLBUps    207.51 GB/s [====================]
[  ]    ---- :    180.1 MLBUps    207.88 GB/s [====================]
[  ]    ---- :    180.4 MLBUps    208.14 GB/s [====================]
[  ]    ---- :    180.0 MLBUps    207.76 GB/s [====================]
[  ]    ---- :    180.4 MLBUps    208.24 GB/s [====================]
[  ]    ---- :    180.0 MLBUps    207.74 GB/s [====================]
[  ]    ---- :    180.2 MLBUps    207.98 GB/s [====================]
[  ]    ---- :    180.5 MLBUps    208.34 GB/s [====================]
[  ]    ---- :    180.5 MLBUps    208.30 GB/s [====================]
[  ]    ---- :    180.0 MLBUps    207.68 GB/s [====================]
[  ]    ---- :    180.3 MLBUps    208.08 GB/s [====================]
[  ]    ---- :    180.4 MLBUps    208.14 GB/s [====================]
[  ]    ---- :    180.3 MLBUps    208.09 GB/s [====================]
[  ]    ---- :    180.0 MLBUps    207.68 GB/s [====================]
[  ]    ---- :    180.0 MLBUps    207.76 GB/s [====================]
[  ]    ---- :    180.2 MLBUps    207.99 GB/s [====================]
[  ]    ---- :    180.4 MLBUps    208.23 GB/s [====================]
[  ]    ---- :    180.0 MLBUps    207.72 GB/s [====================]
[  ]    ---- :    180.8 MLBUps    208.60 GB/s [====================]
[  ]    ---- :    180.3 MLBUps    208.05 GB/s [====================]
[  ]    ---- :    180.0 MLBUps    207.69 GB/s [====================]
[  ]    ---- :    180.1 MLBUps    207.80 GB/s [====================]
[  ]    ---- :    180.1 MLBUps    207.81 GB/s [====================]
[  ]    ---- :    180.1 MLBUps    207.86 GB/s [====================]
[  ]    ---- :    180.1 MLBUps    207.81 GB/s [====================]
[  ]    ---- :    179.7 MLBUps    207.37 GB/s [====================]
[  ]    ---- :    180.2 MLBUps    207.97 GB/s [====================]
[  ]    ---- :    180.4 MLBUps    208.15 GB/s [====================]
[  ]    ---- :    180.0 MLBUps    207.75 GB/s [====================]
[  ]    ---- :    180.1 MLBUps    207.88 GB/s [====================]
[  ]    ---- :    180.5 MLBUps    208.34 GB/s [====================]
[  ]    ---- :    180.1 MLBUps    207.83 GB/s [====================]
[  ]    ---- :    180.2 MLBUps    207.90 GB/s [====================]
[  ]    ---- :    180.2 MLBUps    207.99 GB/s [====================]
[  ]    ---- :    180.0 MLBUps    207.71 GB/s [====================]
[  ]    ---- :    180.5 MLBUps    208.29 GB/s [====================]
[  ]    ---- :    180.0 MLBUps    207.67 GB/s [====================]
[  ]    ---- :    180.2 MLBUps    207.97 GB/s [====================]
[  ]    ---- :    180.4 MLBUps    208.17 GB/s [====================]
[  ]    ---- :    180.2 MLBUps    207.94 GB/s [====================]
[  ]    ---- :    180.5 MLBUps    208.28 GB/s [====================]
[  ]    ---- :    180.1 MLBUps    207.85 GB/s [====================]
[  ]    ---- :    180.2 MLBUps    207.93 GB/s [====================]
[  ]    ---- :    180.0 MLBUps    207.77 GB/s [====================]
[  ]    ---- :    180.0 MLBUps    207.76 GB/s [====================]
[  ]    ---- :    180.3 MLBUps    208.02 GB/s [====================]
[  ]    ---- :    180.3 MLBUps    208.04 GB/s [====================]
[  ]    ---- :    180.3 MLBUps    208.04 GB/s [====================]
[  ]    ---- :    180.5 MLBUps    208.32 GB/s [====================]
[  ]    ---- :    180.4 MLBUps    208.14 GB/s [====================]
[  ]    ---- :    180.1 MLBUps    207.86 GB/s [====================]
[  ]    ---- :    180.1 MLBUps    207.82 GB/s [====================]
[  ]    ---- :    180.2 MLBUps    207.94 GB/s [====================]
[  ]    ---- :    180.0 MLBUps    207.68 GB/s [====================]
[  ]    ---- :    180.4 MLBUps    208.15 GB/s [====================]
[  ]    ---- :    180.5 MLBUps    208.28 GB/s [====================]
[  ]    ---- :    180.2 MLBUps    208.00 GB/s [====================]
[  ]    ---- :    180.2 MLBUps    207.98 GB/s [====================]
[  ]    ---- :    180.2 MLBUps    207.99 GB/s [====================]
[  ]    ---- :    180.2 MLBUps    207.98 GB/s [====================]
[  ]    ---- :    180.3 MLBUps    208.10 GB/s [====================]
[  ]    ---- :    180.3 MLBUps    208.02 GB/s [====================]
[  ]    ---- :    180.7 MLBUps    208.54 GB/s [====================]
[  ]    ---- :    179.9 MLBUps    207.65 GB/s [====================]
[  ]    ---- :    180.0 MLBUps    207.75 GB/s [====================]
[  ]    ---- :    179.9 MLBUps    207.60 GB/s [====================]
[  ]    ---- :    179.9 MLBUps    207.59 GB/s [====================]
[  ]    ---- :    180.3 MLBUps    208.05 GB/s [====================]
[  ]    ---- :    180.1 MLBUps    207.86 GB/s [====================]
[  ]    ---- :    180.5 MLBUps    208.25 GB/s [====================]
[  ]    ---- :    180.2 MLBUps    207.92 GB/s [====================]
[  ]    ---- :    180.5 MLBUps    208.28 GB/s [====================]
[  ]    ---- :    180.0 MLBUps    207.70 GB/s [====================]
[  ]    ---- :    180.3 MLBUps    208.10 GB/s [====================]
[  ]    ---- :    180.2 MLBUps    207.92 GB/s [====================]
[  ]    ---- :    180.2 MLBUps    207.97 GB/s [====================]
[  ]    ---- :    179.5 MLBUps    207.12 GB/s [====================]
[  ]    ---- :    180.0 MLBUps    207.72 GB/s [====================]
[  ]    ---- :    180.1 MLBUps    207.86 GB/s [====================]
[  ]    ---- :    180.2 MLBUps    207.90 GB/s [====================]
[  ]    ---- :    180.4 MLBUps    208.15 GB/s [====================]
[  ]    ---- :    179.8 MLBUps    207.46 GB/s [====================]
[  ]    ---- :    179.9 MLBUps    207.60 GB/s [====================]
[  ]    ---- :    180.4 MLBUps    208.14 GB/s [====================]
[  ]    ---- :    180.4 MLBUps    208.13 GB/s [====================]
[  ]    ---- :    180.4 MLBUps    208.21 GB/s [====================]
[  ]    ---- :    180.1 MLBUps    207.79 GB/s [====================]
[  ]    ---- :    180.0 MLBUps    207.77 GB/s [====================]
[  ]    ---- :    180.4 MLBUps    208.23 GB/s [====================]
[  ]    ---- :    180.0 MLBUps    207.74 GB/s [====================]
[  ]    ---- :    180.3 MLBUps    208.10 GB/s [====================]
[  ]    ---- :    180.0 MLBUps    207.70 GB/s [====================]
[  ]    ---- :    180.0 MLBUps    207.72 GB/s [====================]
[  ]    ---- :    180.2 MLBUps    207.98 GB/s [====================]
[  ]    ---- :    179.9 MLBUps    207.55 GB/s [====================]
[  ]    ---- :    180.1 MLBUps    207.79 GB/s [====================]
[  ]    ---- :    180.5 MLBUps    208.27 GB/s [====================]
[  ]    ---- :    180.3 MLBUps    208.09 GB/s [====================]
[  ]    ---- :    180.1 MLBUps    207.83 GB/s [====================]
[  ]    ---- :    180.2 MLBUps    207.95 GB/s [====================]
[  ]    ---- :    180.1 MLBUps    207.79 GB/s [====================]
[  ]    ---- :    180.4 MLBUps    208.23 GB/s [====================]
[  ]    ---- :    180.3 MLBUps    208.05 GB/s [====================]
[  ]    ---- :    180.1 MLBUps    207.86 GB/s [====================]
[  ]    ---- :    179.8 MLBUps    207.47 GB/s [====================]
[  ]    ---- :    180.3 MLBUps    208.11 GB/s [====================]
[  ]    ---- :    180.2 MLBUps    207.94 GB/s [====================]
[  ]    ---- :    180.4 MLBUps    208.18 GB/s [====================]
[  ]    ---- :    180.0 MLBUps    207.74 GB/s [====================]
[  ]    ---- :    180.2 MLBUps    207.92 GB/s [====================]
[  ]    ---- :    180.5 MLBUps    208.28 GB/s [====================]
[  ]    ---- :    180.4 MLBUps    208.20 GB/s [====================]
[  ]    ---- :    180.0 MLBUps    207.69 GB/s [====================]
[  ]    ---- :    180.1 MLBUps    207.84 GB/s [====================]
[  ]    ---- :    180.4 MLBUps    208.23 GB/s [====================]
[  ]    ---- :    180.1 MLBUps    207.82 GB/s [====================]
[  ]    ---- :    179.7 MLBUps    207.42 GB/s [====================]
[  ]    ---- :    180.3 MLBUps    208.12 GB/s [====================]
[  ]    ---- :    180.5 MLBUps    208.30 GB/s [====================]
[  ]    ---- :    180.0 MLBUps    207.76 GB/s [====================]
[  ]    ---- :    180.2 MLBUps    207.91 GB/s [====================]
[  ]    ---- :    180.1 MLBUps    207.86 GB/s [====================]
[  ]    ---- :    180.3 MLBUps    208.05 GB/s [====================]
[  ]    ---- :    180.3 MLBUps    208.07 GB/s [====================]
[  ]    ---- :    179.9 MLBUps    207.58 GB/s [====================]
[  ]    ---- :    180.5 MLBUps    208.24 GB/s [====================]
[  ]    ---- :    180.0 MLBUps    207.72 GB/s [====================]
[  ]    ---- :    179.7 MLBUps    207.34 GB/s [====================]
[  ]    ---- :    180.0 MLBUps    207.71 GB/s [====================]
[  ]    ---- :    180.3 MLBUps    208.07 GB/s [====================]
[  ]    ---- :    180.4 MLBUps    208.14 GB/s [====================]
[  ]    ---- :    179.9 MLBUps    207.66 GB/s [====================]
[  ]    ---- :    180.3 MLBUps    208.04 GB/s [====================]
[  ]    ---- :    180.0 MLBUps    207.76 GB/s [====================]
[  ]    ---- :    180.7 MLBUps    208.52 GB/s [====================]
[  ]    ---- :    180.2 MLBUps    207.92 GB/s [====================]
[  ]    ---- :    180.3 MLBUps    208.05 GB/s [====================]
[  ]    ---- :    180.2 MLBUps    207.90 GB/s [====================]
[  ]    ---- :    180.1 MLBUps    207.84 GB/s [====================]
[  ]    ---- :    180.2 MLBUps    207.94 GB/s [====================]
[  ]    ---- :    179.9 MLBUps    207.60 GB/s [====================]
[  ]    ---- :    180.0 MLBUps    207.75 GB/s [====================]
[  ]    ---- :    179.9 MLBUps    207.55 GB/s [====================]
[  ]    ---- :    179.7 MLBUps    207.34 GB/s [====================]
[  ]    ---- :    180.0 MLBUps    207.75 GB/s [====================]
[  ]    ---- :    179.9 MLBUps    207.66 GB/s [====================]
[  ]    ---- :    180.1 MLBUps    207.85 GB/s [====================]
[  ]    ---- :    180.4 MLBUps    208.20 GB/s [====================]
[  ]    ---- :    180.3 MLBUps    208.06 GB/s [====================]
[  ]    ---- :    180.6 MLBUps    208.40 GB/s [====================]
[  ]    ---- :    180.0 MLBUps    207.76 GB/s [====================]
[  ]    ---- :    180.1 MLBUps    207.79 GB/s [====================]
[  ]    ---- :    180.4 MLBUps    208.15 GB/s [====================]
[  ]    ---- :    180.5 MLBUps    208.34 GB/s [====================]
[  ]    ---- :    180.0 MLBUps    207.76 GB/s [====================]
[  ]    ---- :    180.3 MLBUps    208.11 GB/s [====================]
[  ]    ---- :    180.1 MLBUps    207.89 GB/s [====================]
[  ]    ---- :    180.4 MLBUps    208.22 GB/s [====================]
[  ]    ---- :    179.9 MLBUps    207.65 GB/s [====================]
[  ]    ---- :    180.2 MLBUps    207.93 GB/s [====================]
[  ]    ---- :    180.4 MLBUps    208.14 GB/s [====================]
[  ]    ---- :    180.4 MLBUps    208.20 GB/s [====================]
[  ]    ---- :    180.1 MLBUps    207.83 GB/s [====================]
[  ]    ---- :    180.4 MLBUps    208.21 GB/s [====================]
[  ]    ---- :    180.3 MLBUps    208.09 GB/s [====================]
[  ]    ---- :    179.9 MLBUps    207.59 GB/s [====================]
[  ]    ---- :    180.6 MLBUps    208.45 GB/s [====================]
[  ]    ---- :    179.9 MLBUps    207.63 GB/s [====================]
[  ]    ---- :    180.4 MLBUps    208.15 GB/s [====================]
[  ]    ---- :    179.8 MLBUps    207.47 GB/s [====================]
[  ]    ---- :    180.3 MLBUps    208.09 GB/s [====================]
[  ]    ---- :    180.1 MLBUps    207.79 GB/s [====================]
[  ]    ---- :    180.2 MLBUps    207.95 GB/s [====================]
[  ]    ---- :    180.1 MLBUps    207.89 GB/s [====================]
[  ]    ---- :    180.5 MLBUps    208.35 GB/s [====================]
[  ]    ---- :    180.4 MLBUps    208.14 GB/s [====================]
[  ]    ---- :    180.3 MLBUps    208.09 GB/s [====================]
[  ]    ---- :    180.1 MLBUps    207.83 GB/s [====================]
[  ]    ---- :    180.5 MLBUps    208.29 GB/s [====================]
[  ]    ---- :    180.5 MLBUps    208.30 GB/s [====================]
[  ]    ---- :    180.1 MLBUps    207.82 GB/s [====================]
[  ]    ---- :    180.3 MLBUps    208.08 GB/s [====================]
[  ]    ---- :    180.0 MLBUps    207.72 GB/s [====================]
[  ]    ---- :    180.1 MLBUps    207.87 GB/s [====================]
[  ]    ---- :    180.2 MLBUps    207.92 GB/s [====================]
[  ]    ---- :    180.1 MLBUps    207.84 GB/s [====================]
[  ]    ---- :    180.5 MLBUps    208.25 GB/s [====================]
[  ]    ---- :    180.2 MLBUps    207.99 GB/s [====================]
[  ]    ---- :    180.3 MLBUps    208.09 GB/s [====================]
[  ]    ---- :    180.2 MLBUps    208.00 GB/s [====================]
[  ]    ---- :    180.3 MLBUps    208.08 GB/s [====================]
[  ]    ---- :    180.5 MLBUps    208.31 GB/s [====================]
[  ]    ---- :    180.3 MLBUps    208.07 GB/s [====================]
[  ]    ---- :    180.3 MLBUps    208.04 GB/s [====================]
[  ]    ---- :    180.3 MLBUps    208.05 GB/s [====================]
[  ]    ---- :    180.1 MLBUps    207.86 GB/s [====================]
[  ]    ---- :    180.1 MLBUps    207.79 GB/s [====================]
[  ]    ---- :    180.4 MLBUps    208.23 GB/s [====================]
[  ]    ---- :    180.3 MLBUps    208.08 GB/s [====================]
[  ]    ---- :    180.2 MLBUps    207.91 GB/s [====================]
[  ]    ---- :    180.5 MLBUps    208.27 GB/s [====================]
[  ]    ---- :    180.1 MLBUps    207.78 GB/s [====================]
[  ]    ---- :    180.3 MLBUps    208.09 GB/s [====================]
[  ]    ---- :    180.3 MLBUps    208.02 GB/s [====================]
[  ]    ---- :    180.3 MLBUps    208.06 GB/s [====================]
[  ]    ---- :    180.0 MLBUps    207.69 GB/s [====================]
[  ]    ---- :    180.3 MLBUps    208.04 GB/s [====================]
[  ]    ---- :    180.0 MLBUps    207.70 GB/s [====================]
[  ]    ---- :    179.6 MLBUps    207.32 GB/s [====================]
[  ]    ---- :    180.1 MLBUps    207.88 GB/s [====================]
[  ]    ---- :    180.3 MLBUps    208.02 GB/s [====================]
[  ]    ---- :    180.2 MLBUps    207.90 GB/s [====================]
[  ]    ---- :    180.6 MLBUps    208.40 GB/s [====================]
[  ]    ---- :    180.4 MLBUps    208.13 GB/s [====================]
[  ]    ---- :    180.5 MLBUps    208.31 GB/s [====================]
[  ]    ---- :    179.8 MLBUps    207.51 GB/s [====================]
[  ]    ---- :    180.4 MLBUps    208.18 GB/s [====================]
[  ]    ---- :    180.7 MLBUps    208.53 GB/s [====================]
[  ]    ---- :    179.8 MLBUps    207.50 GB/s [====================]
[  ]    ---- :    179.9 MLBUps    207.60 GB/s [====================]
[  ]    ---- :    179.9 MLBUps    207.62 GB/s [====================]
[  ]    ---- :    180.5 MLBUps    208.28 GB/s [====================]
[  ]    ---- :    179.9 MLBUps    207.66 GB/s [====================]
[  ]    ---- :    180.1 MLBUps    207.88 GB/s [====================]
[  ]    ---- :    180.2 MLBUps    208.01 GB/s [====================]
[  ]    ---- :    180.0 MLBUps    207.78 GB/s [====================]
[  ]    ---- :    180.2 MLBUps    207.95 GB/s [====================]
[  ]    ---- :    180.3 MLBUps    208.10 GB/s [====================]
[  ]    ---- :    180.2 MLBUps    207.90 GB/s [====================]
[  ]    ---- :    179.9 MLBUps    207.60 GB/s [====================]
[  ]    ---- :    179.6 MLBUps    207.23 GB/s [====================]
[  ]    ---- :    180.5 MLBUps    208.30 GB/s [====================]
[  ]    ---- :    180.2 MLBUps    207.90 GB/s [====================]
[  ]    ---- :    180.1 MLBUps    207.89 GB/s [====================]
[  ]    ---- :    180.0 MLBUps    207.78 GB/s [====================]
[  ]    ---- :    180.1 MLBUps    207.86 GB/s [====================]
[  ]    ---- :    180.3 MLBUps    208.05 GB/s [====================]
[  ]    ---- :    180.0 MLBUps    207.71 GB/s [====================]
[  ]    ---- :    180.5 MLBUps    208.32 GB/s [====================]
[  ]    ---- :    180.4 MLBUps    208.13 GB/s [====================]
[  ]    ---- :    180.2 MLBUps    207.98 GB/s [====================]
[  ]    ---- :    180.3 MLBUps    208.01 GB/s [====================]
[  ]    ---- :    180.4 MLBUps    208.23 GB/s [====================]
[  ]    ---- :    180.0 MLBUps    207.69 GB/s [====================]
[  ]    ---- :    180.4 MLBUps    208.20 GB/s [====================]
[  ]    ---- :    180.2 MLBUps    207.99 GB/s [====================]
[  ]    ---- :    180.6 MLBUps    208.42 GB/s [====================]
[  ]    ---- :    180.3 MLBUps    208.09 GB/s [====================]
[  ]    ---- :    180.3 MLBUps    208.12 GB/s [====================]
[  ]    ---- :    180.2 MLBUps    207.93 GB/s [====================]
[  ]    ---- :    180.3 MLBUps    208.05 GB/s [====================]
[  ]    ---- :    180.2 MLBUps    207.95 GB/s [====================]
[  ]    ---- :    180.1 MLBUps    207.87 GB/s [====================]
[  ]    ---- :    180.4 MLBUps    208.19 GB/s [====================]
[  ]    ---- :    180.2 MLBUps    207.98 GB/s [====================]
[  ]    ---- :    180.5 MLBUps    208.26 GB/s [====================]
[  ]    ---- :    180.3 MLBUps    208.02 GB/s [====================]
[  ]    ---- :    180.5 MLBUps    208.33 GB/s [====================]
[  ]    ---- :    180.4 MLBUps    208.21 GB/s [====================]
[  ]    ---- :    180.1 MLBUps    207.87 GB/s [====================]
[  ]    ---- :    180.2 MLBUps    207.96 GB/s [====================]
[  ]    ---- :    180.2 MLBUps    207.97 GB/s [====================]
[  ]    ---- :    180.0 MLBUps    207.71 GB/s [====================]
[  ]    ---- :    180.2 MLBUps    207.91 GB/s [====================]
[  ]    ---- :    180.5 MLBUps    208.30 GB/s [====================]
[  ]    ---- :    180.1 MLBUps    207.82 GB/s [====================]
[  ]    ---- :    180.2 MLBUps    207.96 GB/s [====================]
[  ]    ---- :    180.0 MLBUps    207.73 GB/s [====================]
[  ]    ---- :    180.5 MLBUps    208.25 GB/s [====================]
[  ]    ---- :    180.0 MLBUps    207.71 GB/s [====================]
[  ]    ---- :    180.4 MLBUps    208.18 GB/s [====================]
[  ]    ---- :    180.2 MLBUps    207.98 GB/s [====================]
[  ]    ---- :    180.1 MLBUps    207.83 GB/s [====================]
[  ]    ---- :    180.7 MLBUps    208.49 GB/s [====================]
[  ]    ---- :    180.4 MLBUps    208.20 GB/s [====================]
[  ]    ---- :    180.3 MLBUps    208.06 GB/s [====================]
[  ]    ---- :    180.4 MLBUps    208.23 GB/s [====================]
[  ]    ---- :    179.9 MLBUps    207.63 GB/s [====================]
[  ]    ---- :    180.4 MLBUps    208.23 GB/s [====================]
[  ]    ---- :    180.1 MLBUps    207.82 GB/s [====================]
[  ]    ---- :    180.2 MLBUps    207.96 GB/s [====================]
[  ]    ---- :    180.1 MLBUps    207.88 GB/s [====================]
[  ]    ---- :    180.5 MLBUps    208.25 GB/s [====================]
[  ]    ---- :    180.3 MLBUps    208.12 GB/s [====================]
[  ]    ---- :    180.2 MLBUps    207.96 GB/s [====================]
[  ]    ---- :    180.0 MLBUps    207.67 GB/s [====================]
[  ]    ---- :    180.5 MLBUps    208.35 GB/s [====================]
[  ]    ---- :    180.1 MLBUps    207.86 GB/s [====================]
[  ]    ---- :    180.3 MLBUps    208.07 GB/s [====================]
[  ]    ---- :    180.4 MLBUps    208.19 GB/s [====================]
[  ]    ---- :    180.6 MLBUps    208.46 GB/s [====================]
[  ]    ---- :    180.2 MLBUps    207.98 GB/s [====================]
[  ]    ---- :    180.5 MLBUps    208.27 GB/s [====================]
[  ]    ---- :    180.3 MLBUps    208.07 GB/s [====================]
[  ]    ---- :    180.0 MLBUps    207.76 GB/s [====================]
[  ]    ---- :    180.1 MLBUps    207.87 GB/s [====================]
[  ]    ---- :    180.1 MLBUps    207.84 GB/s [====================]
[  ]    ---- :    180.4 MLBUps    208.14 GB/s [====================]
[  ]    ---- :    180.0 MLBUps    207.69 GB/s [====================]
[  ]    ---- :    180.1 MLBUps    207.86 GB/s [====================]
[  ]    ---- :    180.3 MLBUps    208.09 GB/s [====================]
[  ]    ---- :    180.4 MLBUps    208.17 GB/s [====================]
[  ]    ---- :    180.2 MLBUps    207.95 GB/s [====================]
[  ]    ---- :    180.1 MLBUps    207.78 GB/s [====================]
[  ]    ---- :    179.8 MLBUps    207.53 GB/s [====================]
[  ]    ---- :    180.4 MLBUps    208.22 GB/s [====================]
[  ]    ---- :    179.9 MLBUps    207.62 GB/s [====================]
[  ]    ---- :    180.2 MLBUps    207.92 GB/s [====================]
[  ]    ---- :    180.4 MLBUps    208.21 GB/s [====================]
[  ]    ---- :    180.1 MLBUps    207.78 GB/s [====================]
[  ]    ---- :    179.9 MLBUps    207.61 GB/s [====================]
[  ]    ---- :    180.6 MLBUps    208.42 GB/s [====================]
[  ]    ---- :    180.4 MLBUps    208.14 GB/s [====================]
[  ]    ---- :    180.3 MLBUps    208.02 GB/s [====================]
[  ]    ---- :    179.9 MLBUps    207.59 GB/s [====================]
[  ]    ---- :    180.4 MLBUps    208.20 GB/s [====================]
[  ]    ---- :    180.4 MLBUps    208.23 GB/s [====================]
[  ]    ---- :    180.3 MLBUps    208.08 GB/s [====================]
[  ]    ---- :    179.9 MLBUps    207.58 GB/s [====================]
[  ]    ---- :    180.0 MLBUps    207.72 GB/s [====================]
[  ]    ---- :    180.3 MLBUps    208.02 GB/s [====================]
[  ]    ---- :    180.5 MLBUps    208.29 GB/s [====================]
[  ]    ---- :    179.8 MLBUps    207.54 GB/s [====================]
[  ]    ---- :    180.1 MLBUps    207.79 GB/s [====================]
[  ]    ---- :    180.4 MLBUps    208.20 GB/s [====================]
[  ]    ---- :    180.4 MLBUps    208.14 GB/s [====================]
[  ]    ---- :    180.0 MLBUps    207.67 GB/s [====================]
[  ]    ---- :    180.2 MLBUps    207.97 GB/s [====================]
[  ]    ---- :    180.2 MLBUps    207.97 GB/s [====================]
[  ]    ---- :    180.0 MLBUps    207.77 GB/s [====================]
[  ]    ---- :    180.0 MLBUps    207.71 GB/s [====================]
[  ]    ---- :    180.2 MLBUps    207.92 GB/s [====================]
[  ]    ---- :    179.9 MLBUps    207.61 GB/s [====================]
[  ]    ---- :    179.9 MLBUps    207.57 GB/s [====================]
[  ]    ---- :    180.3 MLBUps    208.02 GB/s [====================]
[  ]    ---- :    180.5 MLBUps    208.25 GB/s [====================]
[  ]    ---- :    180.6 MLBUps    208.43 GB/s [====================]
[  ]    ---- :    180.2 MLBUps    207.95 GB/s [====================]
[  ]    ---- :    179.6 MLBUps    207.26 GB/s [====================]
[  ]    ---- :    180.1 MLBUps    207.79 GB/s [====================]
[  ]    ---- :    180.3 MLBUps    208.07 GB/s [====================]
[  ]    ---- :    180.1 MLBUps    207.82 GB/s [====================]
[  ]    ---- :    180.3 MLBUps    208.12 GB/s [====================]
[  ]    ---- :    180.8 MLBUps    208.66 GB/s [====================]
[  ]    ---- :    180.3 MLBUps    208.03 GB/s [====================]
[  ]    ---- :    180.3 MLBUps    208.10 GB/s [====================]
[  ]    ---- :    180.5 MLBUps    208.35 GB/s [====================]
[  ]    ---- :    180.2 MLBUps    207.94 GB/s [====================]
[  ]    ---- :    180.1 MLBUps    207.80 GB/s [====================]
[  ]    ---- :    179.8 MLBUps    207.48 GB/s [====================]
[  ]    ---- :    180.4 MLBUps    208.18 GB/s [====================]
[  ]    ---- :    180.2 MLBUps    207.98 GB/s [====================]
[  ]    ---- :    180.0 MLBUps    207.69 GB/s [====================]
[  ]    ---- :    180.4 MLBUps    208.24 GB/s [====================]
[  ]    ---- :    179.8 MLBUps    207.51 GB/s [====================]
[  ]    ---- :    180.3 MLBUps    208.04 GB/s [====================]
[  ]    ---- :    180.4 MLBUps    208.19 GB/s [====================]
[  ]    ---- :    180.3 MLBUps    208.01 GB/s [====================]
[  ]    ---- :    180.4 MLBUps    208.14 GB/s [====================]
[  ]    ---- :    180.5 MLBUps    208.31 GB/s [====================]
[  ]    ---- :    180.3 MLBUps    208.02 GB/s [====================]
[  ]    ---- :    179.9 MLBUps    207.55 GB/s [====================]
[  ]    ---- :    180.1 MLBUps    207.86 GB/s [====================]
[  ]    ---- :    180.0 MLBUps    207.77 GB/s [====================]
[  ]    ---- :    180.3 MLBUps    208.06 GB/s [====================]
[  ]    ---- :    180.3 MLBUps    208.04 GB/s [====================]
[  ]    ---- :    180.4 MLBUps    208.15 GB/s [====================]
[  ]    ---- :    180.3 MLBUps    208.05 GB/s [====================]
[  ]    ---- :    180.4 MLBUps    208.20 GB/s [====================]
[  ]    ---- :    180.4 MLBUps    208.22 GB/s [====================]
[  ]    ---- :    180.1 MLBUps    207.83 GB/s [====================]
[  ]    ---- :    180.5 MLBUps    208.32 GB/s [====================]
[  ]    ---- :    180.2 MLBUps    207.90 GB/s [====================]
[  ]    ---- :    180.4 MLBUps    208.19 GB/s [====================]
[  ]    ---- :    180.4 MLBUps    208.16 GB/s [====================]
[  ]    ---- :    180.5 MLBUps    208.27 GB/s [====================]
[  ]    ---- :    180.6 MLBUps    208.45 GB/s [====================]
[  ]    ---- :    180.4 MLBUps    208.19 GB/s [====================]
[  ]    ---- :    180.7 MLBUps    208.50 GB/s [====================]
[  ]    ---- :    179.9 MLBUps    207.61 GB/s [====================]
[  ]    ---- :    180.5 MLBUps    208.30 GB/s [====================]
[  ]    ---- :    180.2 MLBUps    207.90 GB/s [====================]
[  ]    ---- :    180.2 MLBUps    207.91 GB/s [====================]
[  ]    ---- :    180.1 MLBUps    207.81 GB/s [====================]
[  ]    ---- :    180.3 MLBUps    208.01 GB/s [====================]
[  ]    ---- :    180.4 MLBUps    208.17 GB/s [====================]
[  ]    ---- :    180.1 MLBUps    207.86 GB/s [====================]
[  ]    ---- :    180.1 MLBUps    207.87 GB/s [====================]
[  ]    ---- :    180.3 MLBUps    208.06 GB/s [====================]
[  ]    ---- :    180.3 MLBUps    208.08 GB/s [====================]
[  ]    ---- :    180.2 MLBUps    207.98 GB/s [====================]
[  ]    ---- :    180.1 MLBUps    207.80 GB/s [====================]
[  ]    ---- :    180.4 MLBUps    208.18 GB/s [====================]
[  ]    ---- :    180.1 MLBUps    207.85 GB/s [====================]
[  ]    ---- :    180.5 MLBUps    208.34 GB/s [====================]
[  ]    ---- :    180.0 MLBUps    207.73 GB/s [====================]
[  ]    ---- :    180.1 MLBUps    207.79 GB/s [====================]
[  ]    ---- :    180.3 MLBUps    208.09 GB/s [====================]
[  ]    ---- :    180.2 MLBUps    207.98 GB/s [====================]
[  ]    ---- :    180.2 MLBUps    207.91 GB/s [====================]
[  ]    ---- :    180.5 MLBUps    208.35 GB/s [====================]
[  ]    ---- :    180.0 MLBUps    207.76 GB/s [====================]
[  ]    ---- :    179.9 MLBUps    207.62 GB/s [====================]
[  ]    ---- :    179.7 MLBUps    207.41 GB/s [====================]
[  ]    ---- :    180.0 MLBUps    207.70 GB/s [====================]
[  ]    ---- :    179.7 MLBUps    207.33 GB/s [====================]
[  ]    ---- :    180.3 MLBUps    208.07 GB/s [====================]
[  ]    ---- :    180.3 MLBUps    208.07 GB/s [====================]
[  ]    ---- :    180.2 MLBUps    207.91 GB/s [====================]
[  ]    ---- :    179.9 MLBUps    207.65 GB/s [====================]
[  ]    ---- :    179.9 MLBUps    207.61 GB/s [====================]
[  ]    ---- :    180.0 MLBUps    207.72 GB/s [====================]
[  ]    ---- :    180.3 MLBUps    208.04 GB/s [====================]
[  ]    ---- :    180.4 MLBUps    208.15 GB/s [====================]
[  ]    ---- :    180.0 MLBUps    207.76 GB/s [====================]
[  ]    ---- :    179.9 MLBUps    207.63 GB/s [====================]
[  ]    ---- :    180.2 MLBUps    207.92 GB/s [====================]
[  ]    ---- :    179.9 MLBUps    207.61 GB/s [====================]
[  ]    ---- :    180.2 MLBUps    208.00 GB/s [====================]
[  ]    ---- :    180.4 MLBUps    208.24 GB/s [====================]
[  ]    ---- :    180.3 MLBUps    208.01 GB/s [====================]
[  ]    ---- :    180.3 MLBUps    208.10 GB/s [====================]
[  ]    ---- :    180.4 MLBUps    208.16 GB/s [====================]
[  ]    ---- :    180.2 MLBUps    208.00 GB/s [====================]
[  ]    ---- :    180.1 MLBUps    207.83 GB/s [====================]
[  ]    ---- :    180.1 MLBUps    207.81 GB/s [====================]
[  ]    ---- :    180.0 MLBUps    207.69 GB/s [====================]
[  ]    ---- :    180.1 MLBUps    207.82 GB/s [====================]
[  ]    ---- :    180.2 MLBUps    207.99 GB/s [====================]
[  ]    ---- :    180.5 MLBUps    208.29 GB/s [====================]
[  ]    ---- :    180.5 MLBUps    208.34 GB/s [====================]
[  ]    ---- :    180.3 MLBUps    208.10 GB/s [====================]
[  ]    ---- :    180.6 MLBUps    208.43 GB/s [====================]
[  ]    ---- :    180.5 MLBUps    208.24 GB/s [====================]
[  ]    ---- :    180.5 MLBUps    208.27 GB/s [====================]
[  ]    ---- :    180.2 MLBUps    207.99 GB/s [====================]
[  ]    ---- :    180.1 MLBUps    207.88 GB/s [====================]
[  ]    ---- :    180.1 MLBUps    207.86 GB/s [====================]
[  ]    ---- :    180.1 MLBUps    207.79 GB/s [====================]
[  ]    ---- :    180.1 MLBUps    207.83 GB/s [====================]
[  ]    ---- :    180.5 MLBUps    208.31 GB/s [====================]
[  ]    ---- :    180.3 MLBUps    208.12 GB/s [====================]
[  ]    ---- :    180.2 MLBUps    207.91 GB/s [====================]
[  ]    ---- :    180.4 MLBUps    208.13 GB/s [====================]
[  ]    ---- :    180.3 MLBUps    208.08 GB/s [====================]
[  ]    ---- :    180.1 MLBUps    207.84 GB/s [====================]
[  ]    ---- :    180.2 MLBUps    207.89 GB/s [====================]
[  ]    ---- :    180.0 MLBUps    207.70 GB/s [====================]
[  ]    ---- :    180.5 MLBUps    208.26 GB/s [====================]
[  ]    ---- :    180.2 MLBUps    207.98 GB/s [====================]
[  ]    ---- :    180.1 MLBUps    207.89 GB/s [====================]
[  ]    ---- :    180.4 MLBUps    208.16 GB/s [====================]
[  ]    ---- :    180.3 MLBUps    208.06 GB/s [====================]
[  ]    ---- :    180.2 MLBUps    207.97 GB/s [====================]
[  ]    ---- :    180.2 MLBUps    207.99 GB/s [====================]
[  ]    ---- :    180.2 MLBUps    207.93 GB/s [====================]
[  ]    ---- :    179.9 MLBUps    207.55 GB/s [====================]
[  ]    ---- :    180.4 MLBUps    208.13 GB/s [====================]
[  ]    ---- :    180.0 MLBUps    207.77 GB/s [====================]
[  ]    ---- :    180.5 MLBUps    208.24 GB/s [====================]
[  ]    ---- :    180.5 MLBUps    208.25 GB/s [====================]
[  ]    ---- :    180.6 MLBUps    208.36 GB/s [====================]
[  ]    ---- :    180.4 MLBUps    208.16 GB/s [====================]
[  ]    ---- :    180.0 MLBUps    207.75 GB/s [====================]
[  ]    ---- :    180.1 MLBUps    207.78 GB/s [====================]
[  ]    ---- :    179.6 MLBUps    207.24 GB/s [====================]
[  ]    ---- :    179.9 MLBUps    207.64 GB/s [====================]
[  ]    ---- :    180.2 MLBUps    207.93 GB/s [====================]
[  ]    ---- :    180.6 MLBUps    208.45 GB/s [====================]
[  ]    ---- :    180.3 MLBUps    208.07 GB/s [====================]
[  ]    ---- :    180.3 MLBUps    208.02 GB/s [====================]
[  ]    ---- :    180.3 MLBUps    208.07 GB/s [====================]
[  ]    ---- :    180.3 MLBUps    208.08 GB/s [====================]
[  ]    ---- :    180.1 MLBUps    207.87 GB/s [====================]
[  ]    ---- :    180.4 MLBUps    208.18 GB/s [====================]
[  ]    ---- :    180.4 MLBUps    208.17 GB/s [====================]
[  ]    ---- :    180.2 MLBUps    207.92 GB/s [====================]
[  ]    ---- :    180.4 MLBUps    208.20 GB/s [====================]
[  ]    ---- :    180.5 MLBUps    208.32 GB/s [====================]
[  ]    ---- :    180.5 MLBUps    208.26 GB/s [====================]
[  ]    ---- :    180.4 MLBUps    208.23 GB/s [====================]
[  ]    ---- :    180.3 MLBUps    208.10 GB/s [====================]
[  ]    ---- :    180.3 MLBUps    208.03 GB/s [====================]
[  ]    ---- :    180.3 MLBUps    208.05 GB/s [====================]
[  ]    ---- :    180.2 MLBUps    207.90 GB/s [====================]
[  ]    ---- :    180.4 MLBUps    208.13 GB/s [====================]
[  ]    ---- :    180.4 MLBUps    208.24 GB/s [====================]
[  ]    ---- :    180.1 MLBUps    207.83 GB/s [====================]
[  ]    ---- :    180.3 MLBUps    208.10 GB/s [====================]
[  ]    ---- :    180.2 MLBUps    207.90 GB/s [====================]
[  ]    ---- :    180.6 MLBUps    208.42 GB/s [====================]
[  ]    ---- :    180.5 MLBUps    208.27 GB/s [====================]
[  ]    ---- :    180.3 MLBUps    208.04 GB/s [====================]
[  ]    ---- :    180.3 MLBUps    208.04 GB/s [====================]
[  ]    ---- :    180.5 MLBUps    208.27 GB/s [====================]
[  ]    ---- :    180.3 MLBUps    208.06 GB/s [====================]
[  ]    ---- :    180.2 MLBUps    207.96 GB/s [====================]
[  ]    ---- :    180.2 MLBUps    208.01 GB/s [====================]
[  ]    ---- :    180.2 MLBUps    207.96 GB/s [====================]
[  ]    ---- :    180.2 MLBUps    207.98 GB/s [====================]
[  ]    ---- :    180.5 MLBUps    208.30 GB/s [====================]
[  ]    ---- :    180.4 MLBUps    208.16 GB/s [====================]
[  ]    ---- :    180.1 MLBUps    207.87 GB/s [====================]
[  ]    ---- :    180.3 MLBUps    208.10 GB/s [====================]
[  ]    ---- :    180.0 MLBUps    207.74 GB/s [====================]
[  ]    ---- :    180.4 MLBUps    208.17 GB/s [====================]
[  ]    ---- :    180.5 MLBUps    208.29 GB/s [====================]
[  ]    ---- :    180.6 MLBUps    208.44 GB/s [====================]
[  ]    ---- :    180.1 MLBUps    207.80 GB/s [====================]
[  ]    ---- :    180.4 MLBUps    208.19 GB/s [====================]
[  ]    ---- :    180.3 MLBUps    208.08 GB/s [====================]
[  ]    ---- :    180.3 MLBUps    208.04 GB/s [====================]
[  ]    ---- :    180.1 MLBUps    207.88 GB/s [====================]
[  ]    ---- :    180.5 MLBUps    208.34 GB/s [====================]
[  ]    ---- :    180.1 MLBUps    207.82 GB/s [====================]
[  ]    ---- :    180.3 MLBUps    208.09 GB/s [====================]
[  ]    ---- :    180.1 MLBUps    207.82 GB/s [====================]
[  ]    ---- :    180.1 MLBUps    207.79 GB/s [====================]
[  ]    ---- :    180.2 MLBUps    207.96 GB/s [====================]
[  ]    ---- :    180.0 MLBUps    207.70 GB/s [====================]
[  ]    ---- :    180.2 MLBUps    207.98 GB/s [====================]
[  ]    ---- :    180.3 MLBUps    208.06 GB/s [====================]
[  ]    ---- :    180.1 MLBUps    207.85 GB/s [====================]
[  ]    ---- :    180.3 MLBUps    208.09 GB/s [====================]
[  ]    ---- :    180.3 MLBUps    208.05 GB/s [====================]
[  ]    ---- :    180.5 MLBUps    208.29 GB/s [====================]
[  ]    ---- :    180.3 MLBUps    208.03 GB/s [====================]
[  ]    ---- :    180.4 MLBUps    208.24 GB/s [====================]
[  ]    ---- :    180.2 MLBUps    207.90 GB/s [====================]
[  ]    ---- :    180.2 MLBUps    207.90 GB/s [====================]
[  ]    ---- :    180.5 MLBUps    208.30 GB/s [====================]
[  ]    ---- :    180.6 MLBUps    208.38 GB/s [====================]
[  ]    ---- :    180.4 MLBUps    208.18 GB/s [====================]
[  ]    ---- :    180.2 MLBUps    207.90 GB/s [====================]
[  ]    ---- :    180.5 MLBUps    208.28 GB/s [====================]
[  ]    ---- :    180.6 MLBUps    208.45 GB/s [====================]
[  ]    ---- :    180.4 MLBUps    208.15 GB/s [====================]
[  ]    ---- :    180.3 MLBUps    208.07 GB/s [====================]
[  ]    ---- :    180.2 MLBUps    207.93 GB/s [====================]
[  ]    ---- :    180.3 MLBUps    208.10 GB/s [====================]
[  ]    ---- :    180.1 MLBUps    207.89 GB/s [====================]
[  ]    ---- :    180.1 MLBUps    207.83 GB/s [====================]
[  ]    ---- :    180.1 MLBUps    207.82 GB/s [====================]
[  ]    ---- :    180.2 MLBUps    207.98 GB/s [====================]
[  ]    ---- :    180.4 MLBUps    208.13 GB/s [====================]
[  ]    ---- :    179.9 MLBUps    207.61 GB/s [====================]
[  ]    ---- :    179.6 MLBUps    207.29 GB/s [====================]
[  ]    ---- :    180.0 MLBUps    207.69 GB/s [====================]
[  ]    ---- :    180.2 MLBUps    208.00 GB/s [====================]
[  ]    ---- :    180.4 MLBUps    208.19 GB/s [====================]
[  ]    ---- :    179.9 MLBUps    207.57 GB/s [====================]
[  ]    ---- :    180.0 MLBUps    207.70 GB/s [====================]
[  ]    ---- :    180.4 MLBUps    208.23 GB/s [====================]
[  ]    ---- :    180.4 MLBUps    208.16 GB/s [====================]
[  ]    ---- :    180.2 MLBUps    207.90 GB/s [====================]
[  ]    ---- :    179.8 MLBUps    207.47 GB/s [====================]
[  ]    ---- :    180.1 MLBUps    207.88 GB/s [====================]
[  ]    ---- :    180.2 MLBUps    207.91 GB/s [====================]
[  ]    ---- :    180.1 MLBUps    207.88 GB/s [====================]
[  ]    ---- :    180.1 MLBUps    207.80 GB/s [====================]
[  ]    ---- :    180.2 MLBUps    207.91 GB/s [====================]
[  ]    ---- :    180.1 MLBUps    207.89 GB/s [====================]
[  ]    ---- :    180.2 MLBUps    207.97 GB/s [====================]
[  ]    ---- :    180.6 MLBUps    208.36 GB/s [====================]
[  ]    ---- :    180.5 MLBUps    208.26 GB/s [====================]
[  ]    ---- :    180.2 MLBUps    207.92 GB/s [====================]
[  ]    ---- :    180.6 MLBUps    208.42 GB/s [====================]
[  ]    ---- :    180.0 MLBUps    207.70 GB/s [====================]
[  ]    ---- :    179.5 MLBUps    207.13 GB/s [====================]
[  ]    ---- :    180.4 MLBUps    208.14 GB/s [====================]
[  ]    ---- :    180.3 MLBUps    208.01 GB/s [====================]
[  ]    ---- :    180.5 MLBUps    208.32 GB/s [====================]
[  ]    ---- :    180.4 MLBUps    208.16 GB/s [====================]
[  ]    ---- :    180.7 MLBUps    208.48 GB/s [====================]
[  ]    ---- :    180.4 MLBUps    208.15 GB/s [====================]
[  ]    ---- :    180.4 MLBUps    208.13 GB/s [====================]
[  ]    ---- :    180.2 MLBUps    207.94 GB/s [====================]
[  ]    ---- :    180.3 MLBUps    208.02 GB/s [====================]
[  ]    ---- :    180.2 MLBUps    207.96 GB/s [====================]
[  ]    ---- :    180.2 MLBUps    207.89 GB/s [====================]
[  ]    ---- :    180.0 MLBUps    207.67 GB/s [====================]
[  ]    ---- :    180.4 MLBUps    208.15 GB/s [====================]
[  ]    ---- :    180.0 MLBUps    207.71 GB/s [====================]
[  ]    ---- :    180.1 MLBUps    207.82 GB/s [====================]
[  ]    ---- :    180.4 MLBUps    208.19 GB/s [====================]
[  ]    ---- :    180.1 MLBUps    207.82 GB/s [====================]
[  ]    ---- :    180.3 MLBUps    208.07 GB/s [====================]
[  ]    ---- :    180.4 MLBUps    208.19 GB/s [====================]
[  ]    ---- :    180.4 MLBUps    208.22 GB/s [====================]
[  ]    ---- :    180.3 MLBUps    208.01 GB/s [====================]
[  ]    ---- :    180.0 MLBUps    207.78 GB/s [====================]
[  ]    ---- :    180.5 MLBUps    208.33 GB/s [====================]
[  ]    ---- :    180.5 MLBUps    208.33 GB/s [====================]
[  ]    ---- :    180.4 MLBUps    208.15 GB/s [====================]
[  ]    ---- :    180.2 MLBUps    207.91 GB/s [====================]
[  ]    ---- :    180.1 MLBUps    207.84 GB/s [====================]
[  ]    ---- :    180.4 MLBUps    208.22 GB/s [====================]
[  ]    ---- :    180.3 MLBUps    208.01 GB/s [====================]
[  ]    ---- :    180.4 MLBUps    208.13 GB/s [====================]
[  ]    ---- :    180.2 MLBUps    207.99 GB/s [====================]
[  ]    ---- :    180.3 MLBUps    208.04 GB/s [====================]
[  ]    ---- :    180.1 MLBUps    207.82 GB/s [====================]
[  ]    ---- :    179.8 MLBUps    207.51 GB/s [====================]
[  ]    ---- :    180.0 MLBUps    207.69 GB/s [====================]
[  ]    ---- :    179.8 MLBUps    207.46 GB/s [====================]
[  ]    ---- :    180.4 MLBUps    208.23 GB/s [====================]
[  ]    ---- :    180.4 MLBUps    208.18 GB/s [====================]
[  ]    ---- :    180.4 MLBUps    208.21 GB/s [====================]
[  ]    ---- :    180.5 MLBUps    208.31 GB/s [====================]
[  ]    ---- :    180.4 MLBUps    208.16 GB/s [====================]
[  ]    ---- :    180.3 MLBUps    208.04 GB/s [====================]
[  ]    ---- :    179.9 MLBUps    207.62 GB/s [====================]
[  ]    ---- :    180.4 MLBUps    208.17 GB/s [====================]
[  ]    ---- :    180.1 MLBUps    207.83 GB/s [====================]
[  ]    ---- :    180.4 MLBUps    208.14 GB/s [====================]
[  ]    ---- :    180.1 MLBUps    207.82 GB/s [====================]
[  ]    ---- :    180.0 MLBUps    207.70 GB/s [====================]
[  ]    ---- :    180.4 MLBUps    208.16 GB/s [====================]
[  ]    ---- :    180.2 MLBUps    207.96 GB/s [====================]
[  ]    ---- :    180.0 MLBUps    207.71 GB/s [====================]
[  ]    ---- :    180.0 MLBUps    207.68 GB/s [====================]
[  ]    ---- :    180.2 MLBUps    207.99 GB/s [====================]
[  ]    ---- :    180.5 MLBUps    208.33 GB/s [====================]
[  ]    ---- :    179.5 MLBUps    207.17 GB/s [====================]
[  ]    ---- :    179.8 MLBUps    207.49 GB/s [====================]
[  ]    ---- :    180.3 MLBUps    208.03 GB/s [====================]
[  ]    ---- :    180.4 MLBUps    208.22 GB/s [====================]
[  ]    ---- :    180.3 MLBUps    208.05 GB/s [====================]
[  ]    ---- :    180.3 MLBUps    208.07 GB/s [====================]
[  ]    ---- :    180.3 MLBUps    208.05 GB/s [====================]
[  ]    ---- :    180.5 MLBUps    208.25 GB/s [====================]
[  ]    ---- :    180.5 MLBUps    208.32 GB/s [====================]
[  ]    ---- :    180.2 MLBUps    207.93 GB/s [====================]
[  ]    ---- :    180.5 MLBUps    208.26 GB/s [====================]
[  ]    ---- :    180.2 MLBUps    207.98 GB/s [====================]
[  ]    ---- :    180.0 MLBUps    207.71 GB/s [====================]
[  ]    ---- :    180.1 MLBUps    207.86 GB/s [====================]
[  ]    ---- :    180.0 MLBUps    207.75 GB/s [====================]
[  ]    ---- :    180.0 MLBUps    207.72 GB/s [====================]
[  ]    ---- :    179.8 MLBUps    207.50 GB/s [====================]
[  ]    ---- :    180.2 MLBUps    207.97 GB/s [====================]
[  ]    ---- :    180.1 MLBUps    207.88 GB/s [====================]
[  ]    ---- :    179.7 MLBUps    207.42 GB/s [====================]
[  ]    ---- :    180.0 MLBUps    207.74 GB/s [====================]
[  ]    ---- :    180.1 MLBUps    207.89 GB/s [====================]
[  ]    ---- :    180.2 MLBUps    207.98 GB/s [====================]
[  ]    ---- :    180.1 MLBUps    207.82 GB/s [====================]
[  ]    ---- :    179.7 MLBUps    207.43 GB/s [====================]
[  ]    ---- :    179.8 MLBUps    207.47 GB/s [====================]
[  ]    ---- :    180.2 MLBUps    207.95 GB/s [====================]
[  ]    ---- :    179.9 MLBUps    207.65 GB/s [====================]
[  ]    ---- :    180.0 MLBUps    207.77 GB/s [====================]
[  ]    ---- :    180.0 MLBUps    207.75 GB/s [====================]
[  ]    ---- :    180.3 MLBUps    208.07 GB/s [====================]
[  ]    ---- :    180.1 MLBUps    207.85 GB/s [====================]
[  ]    ---- :    179.9 MLBUps    207.62 GB/s [====================]
[  ]    ---- :    180.4 MLBUps    208.20 GB/s [====================]
[  ]    ---- :    180.4 MLBUps    208.15 GB/s [====================]
[  ]    ---- :    180.2 MLBUps    207.93 GB/s [====================]
[  ]    ---- :    180.5 MLBUps    208.27 GB/s [====================]
[  ]    ---- :    179.9 MLBUps    207.65 GB/s [====================]
[  ]    ---- :    179.9 MLBUps    207.63 GB/s [====================]
[  ]    ---- :    180.2 MLBUps    207.99 GB/s [====================]
[  ]    ---- :    180.0 MLBUps    207.73 GB/s [====================]
[  ]    ---- :    180.2 MLBUps    207.95 GB/s [====================]
[  ]    ---- :    180.3 MLBUps    208.03 GB/s [====================]
[  ]    ---- :    179.7 MLBUps    207.39 GB/s [====================]
[  ]    ---- :    180.6 MLBUps    208.46 GB/s [====================]
[  ]    ---- :    180.0 MLBUps    207.67 GB/s [====================]
[  ]    ---- :    180.3 MLBUps    208.04 GB/s [====================]
[  ]    ---- :    180.3 MLBUps    208.07 GB/s [====================]
[  ]    ---- :    180.5 MLBUps    208.28 GB/s [====================]
[  ]    ---- :    180.4 MLBUps    208.19 GB/s [====================]
[  ]    ---- :    180.5 MLBUps    208.34 GB/s [====================]
[  ]    ---- :    180.3 MLBUps    208.02 GB/s [====================]
[  ]    ---- :    180.1 MLBUps    207.86 GB/s [====================]
[  ]    ---- :    180.2 MLBUps    207.92 GB/s [====================]
[  ]    ---- :    180.1 MLBUps    207.83 GB/s [====================]
[  ]    ---- :    180.2 MLBUps    207.92 GB/s [====================]
[  ]    ---- :    180.2 MLBUps    207.94 GB/s [====================]
[  ]    ---- :    180.5 MLBUps    208.31 GB/s [====================]
[  ]    ---- :    180.3 MLBUps    208.10 GB/s [====================]
[  ]    ---- :    180.2 MLBUps    208.01 GB/s [====================]
[  ]    ---- :    180.0 MLBUps    207.68 GB/s [====================]
[  ]    ---- :    180.4 MLBUps    208.18 GB/s [====================]
[  ]    ---- :    180.3 MLBUps    208.03 GB/s [====================]
[  ]    ---- :    180.2 MLBUps    208.00 GB/s [====================]
[  ]    ---- :    180.1 MLBUps    207.86 GB/s [====================]
[  ]    ---- :    179.9 MLBUps    207.57 GB/s [====================]
[  ]    ---- :    180.2 MLBUps    207.91 GB/s [====================]
[  ]    ---- :    180.7 MLBUps    208.48 GB/s [====================]
[  ]    ---- :    180.1 MLBUps    207.86 GB/s [====================]
[  ]    ---- :    180.7 MLBUps    208.56 GB/s [====================]
[  ]    ---- :    180.0 MLBUps    207.74 GB/s [====================]
[  ]    ---- :    180.1 MLBUps    207.81 GB/s [====================]
[  ]    ---- :    180.5 MLBUps    208.28 GB/s [====================]
[  ]    ---- :    180.2 MLBUps    207.96 GB/s [====================]
[  ]    ---- :    180.1 MLBUps    207.82 GB/s [====================]
[  ]    ---- :    179.6 MLBUps    207.24 GB/s [====================]
[  ]    ---- :    180.5 MLBUps    208.34 GB/s [====================]
[  ]    ---- :    180.2 MLBUps    207.95 GB/s [====================]
[  ]    ---- :    180.2 MLBUps    207.91 GB/s [====================]
[  ]    ---- :    180.3 MLBUps    208.02 GB/s [====================]
[  ]    ---- :    180.4 MLBUps    208.14 GB/s [====================]
[  ]    ---- :    180.5 MLBUps    208.32 GB/s [====================]
[  ]    ---- :    180.5 MLBUps    208.28 GB/s [====================]
[  ]    ---- :    180.2 MLBUps    207.93 GB/s [====================]
[  ]    ---- :    180.2 MLBUps    207.90 GB/s [====================]
[  ]    ---- :    180.7 MLBUps    208.48 GB/s [====================]
[  ]    ---- :    180.6 MLBUps    208.46 GB/s [====================]
[  ]    ---- :    180.1 MLBUps    207.78 GB/s [====================]
[  ]    ---- :    180.3 MLBUps    208.05 GB/s [====================]
[  ]    ---- :    180.2 MLBUps    207.97 GB/s [====================]
[  ]    ---- :    180.4 MLBUps    208.17 GB/s [====================]
[  ]    ---- :    180.2 MLBUps    207.97 GB/s [====================]
[  ]    ---- :    180.0 MLBUps    207.70 GB/s [====================]
[  ]    ---- :    180.4 MLBUps    208.15 GB/s [====================]
[  ]    ---- :    180.5 MLBUps    208.24 GB/s [====================]
[  ]    ---- :    180.3 MLBUps    208.09 GB/s [====================]
[  ]    ---- :    180.2 MLBUps    207.92 GB/s [====================]
[  ]    ---- :    180.1 MLBUps    207.81 GB/s [====================]
[  ]    ---- :    180.1 MLBUps    207.86 GB/s [====================]
[  ]    ---- :    180.2 MLBUps    207.90 GB/s [====================]
[  ]    ---- :    180.2 MLBUps    207.92 GB/s [====================]
[  ]    ---- :    180.4 MLBUps    208.13 GB/s [====================]
[  ]    ---- :    180.0 MLBUps    207.72 GB/s [====================]
[  ]    ---- :    180.0 MLBUps    207.72 GB/s [====================]
[  ]    ---- :    180.1 MLBUps    207.78 GB/s [====================]
[  ]    ---- :    178.5 MLBUps    205.96 GB/s [====================]
[  ]    ---- :    179.4 MLBUps    207.05 GB/s [====================]
[  ]    ---- :    180.2 MLBUps    207.96 GB/s [====================]
[  ]    ---- :    180.2 MLBUps    207.93 GB/s [====================]
[  ]    ---- :    180.5 MLBUps    208.30 GB/s [====================]
[  ]    ---- :    180.2 MLBUps    207.93 GB/s [====================]
[  ]    ---- :    180.4 MLBUps    208.14 GB/s [====================]
[  ]    ---- :    180.7 MLBUps    208.53 GB/s [====================]
[  ]    ---- :    180.1 MLBUps    207.79 GB/s [====================]
[  ]    ---- :    180.1 MLBUps    207.78 GB/s [====================]
[  ]    ---- :    179.9 MLBUps    207.60 GB/s [====================]
[  ]    ---- :    180.1 MLBUps    207.78 GB/s [====================]
[  ]    ---- :    180.2 MLBUps    207.99 GB/s [====================]
[  ]    ---- :    180.2 MLBUps    207.95 GB/s [====================]
[  ]    ---- :    180.0 MLBUps    207.75 GB/s [====================]
[  ]    ---- :    180.3 MLBUps    208.07 GB/s [====================]
[  ]    ---- :    180.1 MLBUps    207.84 GB/s [====================]
[  ]    ---- :    180.3 MLBUps    208.05 GB/s [====================]
[  ]    ---- :    179.9 MLBUps    207.62 GB/s [====================]
[  ]    ---- :    180.3 MLBUps    208.08 GB/s [====================]
[  ]    ---- :    180.7 MLBUps    208.56 GB/s [====================]
[  ]    ---- :    180.1 MLBUps    207.83 GB/s [====================]
[  ]    ---- :    180.6 MLBUps    208.38 GB/s [====================]
[  ]    ---- :    180.1 MLBUps    207.85 GB/s [====================]
[  ]    ---- :    180.3 MLBUps    208.07 GB/s [====================]
[  ]    ---- :    180.3 MLBUps    208.02 GB/s [====================]
[  ]    ---- :    179.5 MLBUps    207.20 GB/s [====================]
[  ]    ---- :    179.9 MLBUps    207.61 GB/s [====================]
[  ]    ---- :    180.3 MLBUps    208.04 GB/s [====================]
[  ]    ---- :    180.4 MLBUps    208.23 GB/s [====================]
[  ]    ---- :    180.1 MLBUps    207.86 GB/s [====================]
[  ]    ---- :    180.5 MLBUps    208.34 GB/s [====================]
[  ]    ---- :    180.7 MLBUps    208.49 GB/s [====================]
[  ]    ---- :    180.1 MLBUps    207.79 GB/s [====================]
[  ]    ---- :    180.3 MLBUps    208.09 GB/s [====================]
[  ]    ---- :    180.3 MLBUps    208.07 GB/s [====================]
[  ]    ---- :    180.6 MLBUps    208.40 GB/s [====================]
[  ]    ---- :    180.3 MLBUps    208.07 GB/s [====================]
[  ]    ---- :    180.1 MLBUps    207.78 GB/s [====================]
[  ]    ---- :    180.4 MLBUps    208.22 GB/s [====================]
[  ]    ---- :    180.2 MLBUps    207.95 GB/s [====================]
[  ]    ---- :    180.0 MLBUps    207.76 GB/s [====================]
[  ]    ---- :    180.5 MLBUps    208.25 GB/s [====================]
[  ]    ---- :    180.1 MLBUps    207.82 GB/s [====================]
[  ]    ---- :    180.1 MLBUps    207.86 GB/s [====================]
[  ]    ---- :    180.4 MLBUps    208.18 GB/s [====================]
[  ]    ---- :    180.3 MLBUps    208.11 GB/s [====================]
[  ]    ---- :    180.5 MLBUps    208.35 GB/s [====================]
[  ]    ---- :    180.5 MLBUps    208.27 GB/s [====================]
[  ]    ---- :    180.2 MLBUps    208.00 GB/s [====================]
[  ]    ---- :    180.2 MLBUps    207.93 GB/s [====================]
[  ]    ---- :    180.6 MLBUps    208.38 GB/s [====================]
[  ]    ---- :    180.5 MLBUps    208.34 GB/s [====================]
[  ]    ---- :    180.2 MLBUps    207.99 GB/s [====================]
[  ]    ---- :    180.6 MLBUps    208.37 GB/s [====================]
[  ]    ---- :    180.3 MLBUps    208.12 GB/s [====================]
[  ]    ---- :    180.4 MLBUps    208.16 GB/s [====================]
[  ]    ---- :    180.5 MLBUps    208.31 GB/s [====================]
[  ]    ---- :    180.1 MLBUps    207.87 GB/s [====================]
[  ]    ---- :    180.4 MLBUps    208.13 GB/s [====================]
[  ]    ---- :    180.3 MLBUps    208.03 GB/s [====================]
[  ]    ---- :    180.0 MLBUps    207.76 GB/s [====================]
[  ]    ---- :    179.6 MLBUps    207.23 GB/s [====================]
[  ]    ---- :    180.0 MLBUps    207.75 GB/s [====================]
[  ]    ---- :    180.3 MLBUps    208.01 GB/s [====================]
[  ]    ---- :    180.2 MLBUps    207.92 GB/s [====================]
[  ]    ---- :    180.2 MLBUps    207.99 GB/s [====================]
[  ]    ---- :    180.7 MLBUps    208.47 GB/s [====================]
[  ]    ---- :    180.5 MLBUps    208.27 GB/s [====================]
[  ]    ---- :    180.4 MLBUps    208.18 GB/s [====================]
[  ]    ---- :    180.4 MLBUps    208.18 GB/s [====================]
[  ]    ---- :    180.4 MLBUps    208.13 GB/s [====================]
[  ]    ---- :    180.6 MLBUps    208.36 GB/s [====================]
[  ]    ---- :    180.4 MLBUps    208.15 GB/s [====================]
[  ]    ---- :    180.5 MLBUps    208.24 GB/s [====================]
[  ]    ---- :    180.5 MLBUps    208.25 GB/s [====================]
[  ]    ---- :    180.5 MLBUps    208.26 GB/s [====================]
[  ]    ---- :    180.2 MLBUps    207.97 GB/s [====================]
[  ]    ---- :    179.6 MLBUps    207.29 GB/s [====================]
[  ]    ---- :    180.4 MLBUps    208.17 GB/s [====================]
[  ]    ---- :    180.5 MLBUps    208.26 GB/s [====================]
[  ]    ---- :    180.5 MLBUps    208.25 GB/s [====================]
[  ]    ---- :    180.0 MLBUps    207.76 GB/s [====================]
[  ]    ---- :    180.6 MLBUps    208.38 GB/s [====================]
[  ]    ---- :    180.5 MLBUps    208.32 GB/s [====================]
[  ]    ---- :    180.2 MLBUps    207.96 GB/s [====================]
[  ]    ---- :    180.2 MLBUps    207.90 GB/s [====================]
[  ]    ---- :    179.7 MLBUps    207.34 GB/s [====================]
[  ]    ---- :    180.1 MLBUps    207.86 GB/s [====================]
[  ]    ---- :    180.0 MLBUps    207.69 GB/s [====================]
[  ]    ---- :    180.5 MLBUps    208.34 GB/s [====================]
[  ]    ---- :    180.0 MLBUps    207.71 GB/s [====================]
[  ]    ---- :    180.3 MLBUps    208.04 GB/s [====================]
[  ]    ---- :    180.2 MLBUps    207.93 GB/s [====================]
[  ]    ---- :    180.2 MLBUps    207.99 GB/s [====================]
[  ]    ---- :    180.2 MLBUps    207.94 GB/s [====================]
[  ]    ---- :    180.5 MLBUps    208.35 GB/s [====================]
[  ]    ---- :    180.4 MLBUps    208.18 GB/s [====================]
[  ]    ---- :    180.2 MLBUps    208.00 GB/s [====================]
[  ]    ---- :    180.5 MLBUps    208.30 GB/s [====================]
[  ]    ---- :    180.3 MLBUps    208.04 GB/s [====================]
[  ]    ---- :    180.5 MLBUps    208.30 GB/s [====================]
[  ]    ---- :    180.4 MLBUps    208.24 GB/s [====================]
[  ]    ---- :    180.1 MLBUps    207.85 GB/s [====================]
[  ]    ---- :    180.3 MLBUps    208.12 GB/s [====================]
[  ]    ---- :    180.5 MLBUps    208.26 GB/s [====================]
[  ]    ---- :    180.2 MLBUps    208.00 GB/s [====================]
[  ]    ---- :    180.4 MLBUps    208.15 GB/s [====================]
[  ]    ---- :    180.6 MLBUps    208.39 GB/s [====================]
[  ]    ---- :    180.5 MLBUps    208.31 GB/s [====================]
[  ]    ---- :    180.3 MLBUps    208.08 GB/s [====================]
[  ]    ---- :    180.5 MLBUps    208.24 GB/s [====================]
[  ]    ---- :    180.6 MLBUps    208.36 GB/s [====================]
[  ]    ---- :    180.6 MLBUps    208.36 GB/s [====================]
[  ]    ---- :    180.3 MLBUps    208.04 GB/s [====================]
[  ]    ---- :    179.9 MLBUps    207.58 GB/s [====================]
[  ]    ---- :    180.2 MLBUps    208.01 GB/s [====================]
[  ]    ---- :    180.3 MLBUps    208.05 GB/s [====================]
[  ]    ---- :    180.1 MLBUps    207.80 GB/s [====================]
[  ]    ---- :    180.1 MLBUps    207.86 GB/s [====================]
[  ]    ---- :    180.3 MLBUps    208.10 GB/s [====================]
[  ]    ---- :    180.3 MLBUps    208.04 GB/s [====================]
[  ]    ---- :    180.3 MLBUps    208.05 GB/s [====================]
[  ]    ---- :    180.4 MLBUps    208.20 GB/s [====================]
[  ]    ---- :    180.5 MLBUps    208.30 GB/s [====================]
[  ]    ---- :    180.4 MLBUps    208.19 GB/s [====================]
[  ]    ---- :    180.1 MLBUps    207.87 GB/s [====================]
[  ]    ---- :    180.7 MLBUps    208.51 GB/s [====================]
[  ]    ---- :    180.0 MLBUps    207.75 GB/s [====================]
[  ]    ---- :    180.0 MLBUps    207.71 GB/s [====================]
[  ]    ---- :    180.3 MLBUps    208.12 GB/s [====================]
[  ]    ---- :    179.9 MLBUps    207.58 GB/s [====================]
[  ]    ---- :    180.4 MLBUps    208.21 GB/s [====================]
[  ]    ---- :    180.3 MLBUps    208.03 GB/s [====================]
[  ]    ---- :    179.7 MLBUps    207.37 GB/s [====================]
[  ]    ---- :    180.2 MLBUps    207.97 GB/s [====================]
[  ]    ---- :    180.3 MLBUps    208.08 GB/s [====================]
[  ]    ---- :    180.5 MLBUps    208.28 GB/s [====================]
[  ]    ---- :    179.9 MLBUps    207.65 GB/s [====================]
[  ]    ---- :    180.4 MLBUps    208.14 GB/s [====================]
[  ]    ---- :    180.1 MLBUps    207.82 GB/s [====================]
[  ]    ---- :    180.6 MLBUps    208.39 GB/s [====================]
[  ]    ---- :    180.4 MLBUps    208.21 GB/s [====================]
[  ]    ---- :    180.3 MLBUps    208.01 GB/s [====================]
[  ]    ---- :    179.9 MLBUps    207.65 GB/s [====================]
[  ]    ---- :    180.1 MLBUps    207.86 GB/s [====================]
[  ]    ---- :    180.1 MLBUps    207.81 GB/s [====================]
[  ]    ---- :    180.1 MLBUps    207.79 GB/s [====================]
[  ]    ---- :    180.1 MLBUps    207.86 GB/s [====================]
[  ]    ---- :    179.7 MLBUps    207.33 GB/s [====================]
[  ]    ---- :    180.4 MLBUps    208.22 GB/s [====================]
[  ]    ---- :    180.2 MLBUps    207.94 GB/s [====================]
[  ]    ---- :    180.6 MLBUps    208.38 GB/s [====================]
[  ]    ---- :    180.3 MLBUps    208.01 GB/s [====================]
[  ]    ---- :    180.3 MLBUps    208.09 GB/s [====================]
[  ]    ---- :    180.3 MLBUps    208.02 GB/s [====================]
[  ]    ---- :    180.2 MLBUps    207.97 GB/s [====================]
[  ]    ---- :    180.4 MLBUps    208.22 GB/s [====================]
[  ]    ---- :    180.5 MLBUps    208.32 GB/s [====================]
[  ]    ---- :    179.9 MLBUps    207.58 GB/s [====================]
[  ]    ---- :    180.5 MLBUps    208.32 GB/s [====================]
[  ]    ---- :    180.3 MLBUps    208.11 GB/s [====================]
[  ]    ---- :    180.1 MLBUps    207.78 GB/s [====================]
[  ]    ---- :    180.2 MLBUps    207.93 GB/s [====================]
[  ]    ---- :    180.2 MLBUps    207.94 GB/s [====================]
[  ]    ---- :    179.1 MLBUps    206.68 GB/s [====================]
[  ]    ---- :    179.9 MLBUps    207.57 GB/s [====================]
[  ]    ---- :    180.4 MLBUps    208.14 GB/s [====================]
[  ]    ---- :    180.0 MLBUps    207.78 GB/s [====================]
[  ]    ---- :    180.0 MLBUps    207.75 GB/s [====================]
[  ]    ---- :    180.0 MLBUps    207.70 GB/s [====================]
[  ]    ---- :    180.3 MLBUps    208.08 GB/s [====================]
[  ]    ---- :    180.7 MLBUps    208.54 GB/s [====================]
[  ]    ---- :    180.8 MLBUps    208.61 GB/s [====================]
[  ]    ---- :    180.7 MLBUps    208.48 GB/s [====================]
[  ]    ---- :    180.3 MLBUps    208.09 GB/s [====================]
[  ]    ---- :    180.3 MLBUps    208.03 GB/s [====================]
[  ]    ---- :    180.3 MLBUps    208.09 GB/s [====================]
[  ]    ---- :    180.2 MLBUps    207.97 GB/s [====================]
[  ]    ---- :    180.3 MLBUps    208.08 GB/s [====================]
[  ]    ---- :    180.4 MLBUps    208.15 GB/s [====================]
[  ]    ---- :    180.4 MLBUps    208.21 GB/s [====================]
[  ]    ---- :    180.5 MLBUps    208.30 GB/s [====================]
[  ]    ---- :    180.3 MLBUps    208.07 GB/s [====================]
[  ]    ---- :    180.1 MLBUps    207.87 GB/s [====================]
[  ]    ---- :    180.4 MLBUps    208.13 GB/s [====================]
[  ]    ---- :    180.5 MLBUps    208.31 GB/s [====================]
[  ]    ---- :    180.5 MLBUps    208.29 GB/s [====================]
[  ]    ---- :    180.2 MLBUps    208.00 GB/s [====================]
[  ]    ---- :    180.7 MLBUps    208.47 GB/s [====================]
[  ]    ---- :    180.3 MLBUps    208.04 GB/s [====================]
[  ]    ---- :    180.4 MLBUps    208.13 GB/s [====================]
[  ]    ---- :    180.5 MLBUps    208.25 GB/s [====================]
[  ]    ---- :    180.3 MLBUps    208.10 GB/s [====================]
[  ]    ---- :    180.4 MLBUps    208.21 GB/s [====================]
[  ]    ---- :    180.2 MLBUps    208.00 GB/s [====================]
[  ]    ---- :    180.1 MLBUps    207.82 GB/s [====================]
[  ]    ---- :    180.3 MLBUps    208.02 GB/s [====================]
[  ]    ---- :    180.5 MLBUps    208.26 GB/s [====================]
[  ]    ---- :    180.4 MLBUps    208.23 GB/s [====================]
[  ]    ---- :    180.6 MLBUps    208.45 GB/s [====================]
[  ]    ---- :    180.2 MLBUps    207.96 GB/s [====================]
[  ]    ---- :    180.6 MLBUps    208.36 GB/s [====================]
[  ]    ---- :    180.3 MLBUps    208.11 GB/s [====================]
[  ]    ---- :    180.6 MLBUps    208.41 GB/s [====================]
[  ]    ---- :    180.3 MLBUps    208.07 GB/s [====================]
[  ]    ---- :    180.2 MLBUps    207.90 GB/s [====================]
[  ]    ---- :    180.3 MLBUps    208.02 GB/s [====================]
[  ]    ---- :    180.4 MLBUps    208.13 GB/s [====================]
[  ]    ---- :    180.4 MLBUps    208.12 GB/s [====================]
[  ]    ---- :    180.2 MLBUps    207.95 GB/s [====================]
[  ]    ---- :    180.9 MLBUps    208.80 GB/s [====================]
[  ]    ---- :    180.8 MLBUps    208.62 GB/s [====================]
[  ]    ---- :    180.2 MLBUps    207.91 GB/s [====================]
[  ]    ---- :    180.7 MLBUps    208.52 GB/s [====================]
[  ]    ---- :    180.3 MLBUps    208.06 GB/s [====================]
[  ]    ---- :    180.5 MLBUps    208.32 GB/s [====================]
[  ]    ---- :    180.4 MLBUps    208.21 GB/s [====================]
[  ]    ---- :    180.6 MLBUps    208.44 GB/s [====================]
[  ]    ---- :    180.5 MLBUps    208.35 GB/s [====================]
[  ]    ---- :    180.4 MLBUps    208.19 GB/s [====================]
[  ]    ---- :    180.2 MLBUps    207.94 GB/s [====================]
[  ]    ---- :    180.3 MLBUps    208.02 GB/s [====================]
[  ]    ---- :    180.3 MLBUps    208.05 GB/s [====================]
[  ]    ---- :    180.2 MLBUps    208.00 GB/s [====================]
[  ]    ---- :    180.5 MLBUps    208.26 GB/s [====================]
[  ]    ---- :    180.3 MLBUps    208.02 GB/s [====================]
[  ]    ---- :    180.5 MLBUps    208.26 GB/s [====================]
[  ]    ---- :    180.2 MLBUps    207.97 GB/s [====================]
[  ]    ---- :    180.2 MLBUps    208.00 GB/s [====================]
[  ]    ---- :    180.7 MLBUps    208.51 GB/s [====================]
[  ]    ---- :    180.6 MLBUps    208.41 GB/s [====================]
[  ]    ---- :    180.2 MLBUps    207.89 GB/s [====================]
[  ]    ---- :    180.4 MLBUps    208.19 GB/s [====================]
[  ]    ---- :    180.5 MLBUps    208.26 GB/s [====================]
[  ]    ---- :    180.5 MLBUps    208.33 GB/s [====================]
[  ]    ---- :    180.5 MLBUps    208.33 GB/s [====================]
[  ]    ---- :    180.4 MLBUps    208.18 GB/s [====================]
[  ]    ---- :    180.7 MLBUps    208.48 GB/s [====================]
[  ]    ---- :    180.4 MLBUps    208.23 GB/s [====================]
[  ]    ---- :    180.3 MLBUps    208.01 GB/s [====================]
[  ]    ---- :    180.1 MLBUps    207.82 GB/s [====================]
[  ]    ---- :    180.4 MLBUps    208.19 GB/s [====================]
[  ]    ---- :    180.2 MLBUps    207.95 GB/s [====================]
[  ]    ---- :    180.6 MLBUps    208.36 GB/s [====================]
[  ]    ---- :    180.5 MLBUps    208.32 GB/s [====================]
[  ]    ---- :    180.6 MLBUps    208.39 GB/s [====================]
[  ]    ---- :    180.6 MLBUps    208.46 GB/s [====================]
[  ]    ---- :    180.6 MLBUps    208.43 GB/s [====================]
[  ]    ---- :    180.3 MLBUps    208.06 GB/s [====================]
[  ]    ---- :    180.7 MLBUps    208.48 GB/s [====================]
[  ]    ---- :    180.5 MLBUps    208.30 GB/s [====================]
[  ]    ---- :    180.2 MLBUps    207.96 GB/s [====================]
[  ]    ---- :    180.3 MLBUps    208.11 GB/s [====================]
[  ]    ---- :    180.5 MLBUps    208.26 GB/s [====================]
[  ]    ---- :    180.3 MLBUps    208.08 GB/s [====================]
[  ]    ---- :    180.3 MLBUps    208.09 GB/s [====================]
[  ]    ---- :    180.3 MLBUps    208.03 GB/s [====================]
[  ]    ---- :    180.3 MLBUps    208.12 GB/s [====================]
[  ]    ---- :    180.3 MLBUps    208.03 GB/s [====================]
[  ]    ---- :    180.6 MLBUps    208.43 GB/s [====================]
[  ]    ---- :    180.2 MLBUps    207.92 GB/s [====================]
[  ]    ---- :    180.6 MLBUps    208.39 GB/s [====================]
[  ]    ---- :    180.6 MLBUps    208.39 GB/s [====================]
[  ]    ---- :    180.4 MLBUps    208.15 GB/s [====================]
[  ]    ---- :    180.6 MLBUps    208.40 GB/s [====================]
[  ]    ---- :    180.4 MLBUps    208.23 GB/s [====================]
[  ]    ---- :    179.7 MLBUps    207.34 GB/s [====================]
[  ]    ---- :    180.1 MLBUps    207.80 GB/s [====================]
[  ]    ---- :    180.4 MLBUps    208.20 GB/s [====================]
[  ]    ---- :    180.0 MLBUps    207.78 GB/s [====================]
[  ]    ---- :    180.0 MLBUps    207.71 GB/s [====================]
[  ]    ---- :    180.4 MLBUps    208.16 GB/s [====================]
[  ]    ---- :    180.2 MLBUps    208.01 GB/s [====================]
[  ]    ---- :    180.4 MLBUps    208.23 GB/s [====================]
[  ]    ---- :    180.4 MLBUps    208.14 GB/s [====================]
[  ]    ---- :    180.1 MLBUps    207.85 GB/s [====================]
[  ]    ---- :    180.2 MLBUps    207.97 GB/s [====================]
[  ]    ---- :    180.1 MLBUps    207.87 GB/s [====================]
[  ]    ---- :    179.9 MLBUps    207.66 GB/s [====================]
[  ]    ---- :    180.6 MLBUps    208.36 GB/s [====================]
[  ]    ---- :    180.2 MLBUps    207.94 GB/s [====================]
[  ]    ---- :    180.2 MLBUps    207.92 GB/s [====================]
[  ]    ---- :    180.3 MLBUps    208.12 GB/s [====================]
[  ]    ---- :    180.2 MLBUps    207.92 GB/s [====================]
[  ]    ---- :    179.9 MLBUps    207.64 GB/s [====================]
[  ]    ---- :    180.3 MLBUps    208.12 GB/s [====================]
[  ]    ---- :    179.6 MLBUps    207.26 GB/s [====================]
[  ]    ---- :    180.2 MLBUps    207.97 GB/s [====================]
[  ]    ---- :    180.4 MLBUps    208.13 GB/s [====================]
[  ]    ---- :    180.1 MLBUps    207.88 GB/s [====================]
[  ]    ---- :    180.6 MLBUps    208.43 GB/s [====================]
[  ]    ---- :    180.5 MLBUps    208.28 GB/s [====================]
[  ]    ---- :    180.1 MLBUps    207.80 GB/s [====================]
[  ]    ---- :    180.4 MLBUps    208.13 GB/s [====================]
[  ]    ---- :    180.2 MLBUps    207.95 GB/s [====================]
[  ]    ---- :    180.4 MLBUps    208.17 GB/s [====================]
[  ]    ---- :    180.1 MLBUps    207.80 GB/s [====================]
[  ]    ---- :    180.3 MLBUps    208.06 GB/s [====================]
[  ]    ---- :    180.1 MLBUps    207.81 GB/s [====================]
[  ]    ---- :    180.7 MLBUps    208.49 GB/s [====================]
[  ]    ---- :    180.3 MLBUps    208.08 GB/s [====================]
[  ]    ---- :    180.3 MLBUps    208.02 GB/s [====================]
[  ]    ---- :    180.4 MLBUps    208.16 GB/s [====================]
[  ]    ---- :    180.4 MLBUps    208.13 GB/s [====================]
[  ]    ---- :    180.0 MLBUps    207.77 GB/s [====================]
[  ]    ---- :    180.6 MLBUps    208.37 GB/s [====================]
[  ]    ---- :    180.3 MLBUps    208.02 GB/s [====================]
[  ]    ---- :    180.5 MLBUps    208.29 GB/s [====================]
[  ]    ---- :    180.5 MLBUps    208.34 GB/s [====================]
[  ]    ---- :    180.4 MLBUps    208.22 GB/s [====================]
[  ]    ---- :    180.3 MLBUps    208.03 GB/s [====================]
[  ]    ---- :    180.1 MLBUps    207.83 GB/s [====================]
[  ]    ---- :    180.2 MLBUps    207.95 GB/s [====================]
[  ]    ---- :    180.5 MLBUps    208.24 GB/s [====================]
[  ]    ---- :    180.1 MLBUps    207.87 GB/s [====================]
[  ]    ---- :    180.4 MLBUps    208.18 GB/s [====================]
[  ]    ---- :    180.8 MLBUps    208.68 GB/s [====================]
[  ]    ---- :    180.5 MLBUps    208.27 GB/s [====================]
[  ]    ---- :    180.4 MLBUps    208.14 GB/s [====================]
[  ]    ---- :    180.4 MLBUps    208.15 GB/s [====================]
[  ]    ---- :    180.4 MLBUps    208.16 GB/s [====================]
[  ]    ---- :    180.6 MLBUps    208.37 GB/s [====================]
[  ]    ---- :    180.3 MLBUps    208.11 GB/s [====================]
[  ]    ---- :    180.1 MLBUps    207.84 GB/s [====================]
[  ]    ---- :    180.1 MLBUps    207.78 GB/s [====================]
[  ]    ---- :    180.3 MLBUps    208.11 GB/s [====================]
[  ]    ---- :    180.2 MLBUps    207.97 GB/s [====================]
[  ]    ---- :    180.3 MLBUps    208.01 GB/s [====================]
[  ]    ---- :    180.2 MLBUps    207.96 GB/s [====================]
[  ]    ---- :    180.1 MLBUps    207.87 GB/s [====================]
[  ]    ---- :    180.4 MLBUps    208.18 GB/s [====================]
[  ]    ---- :    180.2 MLBUps    207.94 GB/s [====================]
[  ]    ---- :    180.2 MLBUps    207.97 GB/s [====================]
[  ]    ---- :    180.3 MLBUps    208.10 GB/s [====================]
[  ]    ---- :    180.2 MLBUps    207.94 GB/s [====================]
[  ]    ---- :    180.4 MLBUps    208.21 GB/s [====================]
[  ]    ---- :    180.1 MLBUps    207.89 GB/s [====================]
[  ]    ---- :    180.3 MLBUps    208.10 GB/s [====================]
[  ]    ---- :    180.2 MLBUps    207.93 GB/s [====================]
[  ]    ---- :    180.1 MLBUps    207.79 GB/s [====================]
[  ]    ---- :    179.8 MLBUps    207.53 GB/s [====================]
[  ]    ---- :    180.5 MLBUps    208.32 GB/s [====================]
[  ]    ---- :    180.1 MLBUps    207.87 GB/s [====================]
[  ]    ---- :    180.0 MLBUps    207.73 GB/s [====================]
[  ]    ---- :    180.4 MLBUps    208.14 GB/s [====================]
[  ]    ---- :    180.2 MLBUps    207.92 GB/s [====================]
[  ]    ---- :    180.2 MLBUps    207.91 GB/s [====================]
[  ]    ---- :    180.2 MLBUps    207.98 GB/s [====================]
[  ]    ---- :    180.4 MLBUps    208.15 GB/s [====================]
[  ]    ---- :    180.2 MLBUps    207.92 GB/s [====================]
[  ]    ---- :    180.9 MLBUps    208.74 GB/s [====================]
[  ]    ---- :    179.9 MLBUps    207.57 GB/s [====================]
[  ]    ---- :    179.8 MLBUps    207.52 GB/s [====================]
[  ]    ---- :    180.3 MLBUps    208.08 GB/s [====================]
[  ]    ---- :    180.2 MLBUps    207.97 GB/s [====================]
[  ]    ---- :    180.2 MLBUps    207.96 GB/s [====================]
[  ]    ---- :    180.4 MLBUps    208.20 GB/s [====================]
[  ]    ---- :    180.3 MLBUps    208.04 GB/s [====================]
[  ]    ---- :    179.9 MLBUps    207.64 GB/s [====================]
[  ]    ---- :    180.2 MLBUps    207.94 GB/s [====================]
[  ]    ---- :    180.3 MLBUps    208.04 GB/s [====================]
[  ]    ---- :    180.0 MLBUps    207.70 GB/s [====================]
[  ]    ---- :    180.5 MLBUps    208.32 GB/s [====================]
[  ]    ---- :    180.1 MLBUps    207.79 GB/s [====================]
[  ]    ---- :    179.3 MLBUps    206.89 GB/s [====================]
[  ]    ---- :    180.2 MLBUps    207.96 GB/s [====================]
[  ]    ---- :    180.1 MLBUps    207.82 GB/s [====================]
[  ]    ---- :    180.2 MLBUps    207.95 GB/s [====================]
[  ]    ---- :    180.0 MLBUps    207.71 GB/s [====================]
[  ]    ---- :    180.5 MLBUps    208.34 GB/s [====================]
[  ]    ---- :    180.1 MLBUps    207.88 GB/s [====================]
[  ]    ---- :    180.1 MLBUps    207.88 GB/s [====================]
[  ]    ---- :    180.4 MLBUps    208.12 GB/s [====================]
[  ]    ---- :    180.5 MLBUps    208.28 GB/s [====================]
[  ]    ---- :    180.3 MLBUps    208.07 GB/s [====================]
[  ]    ---- :    179.8 MLBUps    207.51 GB/s [====================]
[  ]    ---- :    180.3 MLBUps    208.07 GB/s [====================]
[  ]    ---- :    180.2 MLBUps    207.95 GB/s [====================]
[  ]    ---- :    180.5 MLBUps    208.27 GB/s [====================]
[  ]    ---- :    180.1 MLBUps    207.80 GB/s [====================]
[  ]    ---- :    180.3 MLBUps    208.06 GB/s [====================]
[  ]    ---- :    180.2 MLBUps    208.01 GB/s [====================]
[  ]    ---- :    180.0 MLBUps    207.72 GB/s [====================]
[  ]    ---- :    179.9 MLBUps    207.57 GB/s [====================]
[  ]    ---- :    180.1 MLBUps    207.85 GB/s [====================]
[  ]    ---- :    180.1 MLBUps    207.85 GB/s [====================]
[  ]    ---- :    180.4 MLBUps    208.16 GB/s [====================]
[  ]    ---- :    180.6 MLBUps    208.42 GB/s [====================]
[  ]    ---- :    180.4 MLBUps    208.18 GB/s [====================]
[  ]    ---- :    180.4 MLBUps    208.15 GB/s [====================]
[  ]    ---- :    180.7 MLBUps    208.53 GB/s [====================]
[  ]    ---- :    180.3 MLBUps    208.09 GB/s [====================]
[  ]    ---- :    180.3 MLBUps    208.04 GB/s [====================]
[  ]    ---- :    180.7 MLBUps    208.58 GB/s [====================]
[  ]    ---- :    180.3 MLBUps    208.02 GB/s [====================]
[  ]    ---- :    180.2 MLBUps    207.92 GB/s [====================]
[  ]    ---- :    180.0 MLBUps    207.78 GB/s [====================]
[  ]    ---- :    180.2 MLBUps    207.95 GB/s [====================]
[  ]    ---- :    180.4 MLBUps    208.20 GB/s [====================]
[  ]    ---- :    180.2 MLBUps    207.92 GB/s [====================]
[  ]    ---- :    180.6 MLBUps    208.45 GB/s [====================]
[  ]    ---- :    180.3 MLBUps    208.02 GB/s [====================]
[  ]    ---- :    180.3 MLBUps    208.02 GB/s [====================]
[  ]    ---- :    180.3 MLBUps    208.01 GB/s [====================]
[  ]    ---- :    180.0 MLBUps    207.77 GB/s [====================]
[  ]    ---- :    180.5 MLBUps    208.28 GB/s [====================]
[  ]    ---- :    180.3 MLBUps    208.09 GB/s [====================]
[  ]    ---- :    180.6 MLBUps    208.39 GB/s [====================]
[  ]    ---- :    180.4 MLBUps    208.17 GB/s [====================]
[  ]    ---- :    180.2 MLBUps    207.91 GB/s [====================]
[  ]    ---- :    180.3 MLBUps    208.01 GB/s [====================]
[  ]    ---- :    180.5 MLBUps    208.26 GB/s [====================]
[  ]    ---- :    179.9 MLBUps    207.56 GB/s [====================]
[  ]    ---- :    180.3 MLBUps    208.02 GB/s [====================]
[  ]    ---- :    180.4 MLBUps    208.24 GB/s [====================]
[  ]    ---- :    179.6 MLBUps    207.31 GB/s [====================]
[  ]    ---- :    180.9 MLBUps    208.72 GB/s [====================]
[  ]    ---- :    180.3 MLBUps    208.03 GB/s [====================]
[  ]    ---- :    180.1 MLBUps    207.83 GB/s [====================]
[  ]    ---- :    180.5 MLBUps    208.33 GB/s [====================]
[  ]    ---- :    180.3 MLBUps    208.07 GB/s [====================]
[  ]    ---- :    180.5 MLBUps    208.32 GB/s [====================]
[  ]    ---- :    180.4 MLBUps    208.22 GB/s [====================]
[  ]    ---- :    180.3 MLBUps    208.07 GB/s [====================]
[  ]    ---- :    180.4 MLBUps    208.22 GB/s [====================]
[  ]    ---- :    180.5 MLBUps    208.31 GB/s [====================]
[  ]    ---- :    180.2 MLBUps    207.98 GB/s [====================]
[  ]    ---- :    180.2 MLBUps    207.91 GB/s [====================]
[  ]    ---- :    180.5 MLBUps    208.35 GB/s [====================]
[  ]    ---- :    180.3 MLBUps    208.11 GB/s [====================]
[  ]    ---- :    180.3 MLBUps    208.09 GB/s [====================]
[  ]    ---- :    180.4 MLBUps    208.18 GB/s [====================]
[  ]    ---- :    180.3 MLBUps    208.09 GB/s [====================]
[  ]    ---- :    180.3 MLBUps    208.11 GB/s [====================]
[  ]    ---- :    179.7 MLBUps    207.41 GB/s [====================]
[  ]    ---- :    180.4 MLBUps    208.18 GB/s [====================]
[  ]    ---- :    180.0 MLBUps    207.74 GB/s [====================]
[  ]    ---- :    180.3 MLBUps    208.03 GB/s [====================]
[  ]    ---- :    180.3 MLBUps    208.07 GB/s [====================]
[  ]    ---- :    180.5 MLBUps    208.31 GB/s [====================]
[  ]    ---- :    180.4 MLBUps    208.17 GB/s [====================]
[  ]    ---- :    180.3 MLBUps    208.10 GB/s [====================]
[  ]    ---- :    180.1 MLBUps    207.83 GB/s [====================]
[  ]    ---- :    180.2 MLBUps    207.90 GB/s [====================]
[  ]    ---- :    180.2 MLBUps    207.94 GB/s [====================]
[  ]    ---- :    180.3 MLBUps    208.09 GB/s [====================]
[  ]    ---- :    180.0 MLBUps    207.77 GB/s [====================]
[  ]    ---- :    180.2 MLBUps    208.01 GB/s [====================]
[  ]    ---- :    180.3 MLBUps    208.07 GB/s [====================]
[  ]    ---- :    180.8 MLBUps    208.61 GB/s [====================]
[  ]    ---- :    180.0 MLBUps    207.71 GB/s [====================]
[  ]    ---- :    179.8 MLBUps    207.53 GB/s [====================]
[  ]    ---- :    179.9 MLBUps    207.66 GB/s [====================]
[  ]    ---- :    180.0 MLBUps    207.75 GB/s [====================]
[  ]    ---- :    179.8 MLBUps    207.53 GB/s [====================]
[  ]    ---- :    180.3 MLBUps    208.11 GB/s [====================]
[  ]    ---- :    180.3 MLBUps    208.09 GB/s [====================]
[  ]    ---- :    180.2 MLBUps    207.93 GB/s [====================]
[  ]    ---- :    179.6 MLBUps    207.25 GB/s [====================]
[  ]    ---- :    180.1 MLBUps    207.78 GB/s [====================]
[  ]    ---- :    180.1 MLBUps    207.87 GB/s [====================]
[  ]    ---- :    180.3 MLBUps    208.07 GB/s [====================]
[  ]    ---- :    180.3 MLBUps    208.08 GB/s [====================]
[  ]    ---- :    180.6 MLBUps    208.36 GB/s [====================]
[  ]    ---- :    180.4 MLBUps    208.18 GB/s [====================]
[  ]    ---- :    180.3 MLBUps    208.04 GB/s [====================]
[  ]    ---- :    180.3 MLBUps    208.05 GB/s [====================]
[  ]    ---- :    180.1 MLBUps    207.82 GB/s [====================]
[  ]    ---- :    180.2 MLBUps    207.94 GB/s [====================]
[  ]    ---- :    180.1 MLBUps    207.83 GB/s [====================]
[  ]    ---- :    180.6 MLBUps    208.37 GB/s [====================]
[  ]    ---- :    180.0 MLBUps    207.69 GB/s [====================]
[  ]    ---- :    180.4 MLBUps    208.17 GB/s [====================]
[  ]    ---- :    180.1 MLBUps    207.86 GB/s [====================]
[  ]    ---- :    180.3 MLBUps    208.07 GB/s [====================]
[  ]    ---- :    180.3 MLBUps    208.10 GB/s [====================]
[  ]    ---- :    179.9 MLBUps    207.66 GB/s [====================]
[  ]    ---- :    180.0 MLBUps    207.73 GB/s [====================]
[  ]    ---- :    180.2 MLBUps    207.91 GB/s [====================]
[  ]    ---- :    180.5 MLBUps    208.32 GB/s [====================]
[  ]    ---- :    180.2 MLBUps    207.98 GB/s [====================]
[  ]    ---- :    180.4 MLBUps    208.13 GB/s [====================]
[  ]    ---- :    179.8 MLBUps    207.48 GB/s [====================]
[  ]    ---- :    180.1 MLBUps    207.78 GB/s [====================]
[  ]    ---- :    180.3 MLBUps    208.11 GB/s [====================]
[  ]    ---- :    180.3 MLBUps    208.02 GB/s [====================]
[  ]    ---- :    179.8 MLBUps    207.49 GB/s [====================]
[  ]    ---- :    180.4 MLBUps    208.13 GB/s [====================]
[  ]    ---- :    180.2 MLBUps    207.99 GB/s [====================]
[  ]    ---- :    180.2 MLBUps    207.96 GB/s [====================]
[  ]    ---- :    180.2 MLBUps    207.98 GB/s [====================]
[  ]    ---- :    180.2 MLBUps    207.96 GB/s [====================]
[  ]    ---- :    180.2 MLBUps    208.00 GB/s [====================]
[  ]    ---- :    180.2 MLBUps    207.98 GB/s [====================]
[  ]    ---- :    180.0 MLBUps    207.76 GB/s [====================]
[  ]    ---- :    180.3 MLBUps    208.01 GB/s [====================]
[  ]    ---- :    180.4 MLBUps    208.13 GB/s [====================]
[  ]    ---- :    180.1 MLBUps    207.86 GB/s [====================]
[  ]    ---- :    180.0 MLBUps    207.68 GB/s [====================]
[  ]    ---- :    180.3 MLBUps    208.02 GB/s [====================]
[  ]    ---- :    180.4 MLBUps    208.14 GB/s [====================]
[  ]    ---- :    179.8 MLBUps    207.47 GB/s [====================]
[  ]    ---- :    180.0 MLBUps    207.69 GB/s [====================]
[  ]    ---- :    180.0 MLBUps    207.77 GB/s [====================]
[  ]    ---- :    180.8 MLBUps    208.65 GB/s [====================]
[  ]    ---- :    180.2 MLBUps    207.98 GB/s [====================]
[  ]    ---- :    180.6 MLBUps    208.44 GB/s [====================]
[  ]    ---- :    180.3 MLBUps    208.05 GB/s [====================]
[  ]    ---- :    180.1 MLBUps    207.86 GB/s [====================]
[  ]    ---- :    180.4 MLBUps    208.18 GB/s [====================]
[  ]    ---- :    180.1 MLBUps    207.84 GB/s [====================]
[  ]    ---- :    180.1 MLBUps    207.82 GB/s [====================]
[  ]    ---- :    180.0 MLBUps    207.74 GB/s [====================]
[  ]    ---- :    180.1 MLBUps    207.86 GB/s [====================]
[  ]    ---- :    180.4 MLBUps    208.12 GB/s [====================]
[  ]    ---- :    180.7 MLBUps    208.55 GB/s [====================]
[  ]    ---- :    180.6 MLBUps    208.36 GB/s [====================]
[  ]    ---- :    180.4 MLBUps    208.13 GB/s [====================]
[  ]    ---- :    180.1 MLBUps    207.84 GB/s [====================]
[  ]    ---- :    180.4 MLBUps    208.18 GB/s [====================]
[  ]    ---- :    180.2 MLBUps    207.90 GB/s [====================]
[  ]    ---- :    180.3 MLBUps    208.02 GB/s [====================]
[  ]    ---- :    180.3 MLBUps    208.02 GB/s [====================]
[  ]    ---- :    180.3 MLBUps    208.11 GB/s [====================]
[  ]    ---- :    180.4 MLBUps    208.18 GB/s [====================]
[  ]    ---- :    180.3 MLBUps    208.06 GB/s [====================]
[  ]    ---- :    180.5 MLBUps    208.29 GB/s [====================]
[  ]    ---- :    180.3 MLBUps    208.08 GB/s [====================]
[  ]    ---- :    180.2 MLBUps    207.92 GB/s [====================]
[  ]    ---- :    180.1 MLBUps    207.85 GB/s [====================]
[  ]    ---- :    180.2 MLBUps    208.00 GB/s [====================]
[  ]    ---- :    180.5 MLBUps    208.32 GB/s [====================]
[  ]    ---- :    180.0 MLBUps    207.73 GB/s [====================]
[  ]    ---- :    180.1 MLBUps    207.79 GB/s [====================]
[  ]    ---- :    180.4 MLBUps    208.21 GB/s [====================]
[  ]    ---- :    180.3 MLBUps    208.09 GB/s [====================]
[  ]    ---- :    180.2 MLBUps    207.94 GB/s [====================]
[  ]    ---- :    180.4 MLBUps    208.16 GB/s [====================]
[  ]    ---- :    180.4 MLBUps    208.16 GB/s [====================]
[  ]    ---- :    180.8 MLBUps    208.60 GB/s [====================]
[  ]    ---- :    180.3 MLBUps    208.12 GB/s [====================]
[  ]    ---- :    180.5 MLBUps    208.31 GB/s [====================]
[  ]    ---- :    180.5 MLBUps    208.30 GB/s [====================]
[  ]    ---- :    180.4 MLBUps    208.19 GB/s [====================]
[  ]    ---- :    180.5 MLBUps    208.31 GB/s [====================]
[  ]    ---- :    179.9 MLBUps    207.65 GB/s [====================]
[  ]    ---- :    180.5 MLBUps    208.32 GB/s [====================]
[  ]    ---- :    180.4 MLBUps    208.18 GB/s [====================]
[  ]    ---- :    180.3 MLBUps    208.08 GB/s [====================]
[  ]    ---- :    180.1 MLBUps    207.89 GB/s [====================]
[  ]    ---- :    180.2 MLBUps    208.00 GB/s [====================]
[  ]    ---- :    180.3 MLBUps    208.09 GB/s [====================]
[  ]    ---- :    180.5 MLBUps    208.28 GB/s [====================]
[  ]    ---- :    180.1 MLBUps    207.85 GB/s [====================]
[  ]    ---- :    180.5 MLBUps    208.31 GB/s [====================]
[  ]    ---- :    180.2 MLBUps    207.93 GB/s [====================]
[  ]    ---- :    180.4 MLBUps    208.19 GB/s [====================]
[  ]    ---- :    180.5 MLBUps    208.31 GB/s [====================]
[  ]    ---- :    180.2 MLBUps    207.98 GB/s [====================]
[  ]    ---- :    180.2 MLBUps    208.00 GB/s [====================]
[  ]    ---- :    180.7 MLBUps    208.57 GB/s [====================]
[  ]    ---- :    180.4 MLBUps    208.13 GB/s [====================]
[  ]    ---- :    180.6 MLBUps    208.39 GB/s [====================]
[  ]    ---- :    180.3 MLBUps    208.07 GB/s [====================]
[  ]    ---- :    180.4 MLBUps    208.14 GB/s [====================]
[  ]    ---- :    180.0 MLBUps    207.76 GB/s [====================]
[  ]    ---- :    180.3 MLBUps    208.12 GB/s [====================]
[  ]    ---- :    180.5 MLBUps    208.31 GB/s [====================]
[  ]    ---- :    180.2 MLBUps    207.90 GB/s [====================]
[  ]    ---- :    180.6 MLBUps    208.43 GB/s [====================]
[  ]    ---- :    180.4 MLBUps    208.23 GB/s [====================]
[  ]    ---- :    180.2 MLBUps    207.96 GB/s [====================]
[  ]    ---- :    180.2 MLBUps    207.90 GB/s [====================]
[  ]    ---- :    180.5 MLBUps    208.33 GB/s [====================]
[  ]    ---- :    180.3 MLBUps    208.04 GB/s [====================]
[  ]    ---- :    180.4 MLBUps    208.12 GB/s [====================]
[  ]    ---- :    180.3 MLBUps    208.03 GB/s [====================]
[  ]    ---- :    180.4 MLBUps    208.23 GB/s [====================]
[  ]    ---- :    180.5 MLBUps    208.27 GB/s [====================]
[  ]    ---- :    180.4 MLBUps    208.20 GB/s [====================]
[  ]    ---- :    180.2 MLBUps    207.99 GB/s [====================]
[  ]    ---- :    180.4 MLBUps    208.15 GB/s [====================]
[  ]    ---- :    180.1 MLBUps    207.83 GB/s [====================]
[  ]    ---- :    179.8 MLBUps    207.47 GB/s [====================]
[  ]    ---- :    179.8 MLBUps    207.47 GB/s [====================]
[  ]    ---- :    180.0 MLBUps    207.77 GB/s [====================]
[  ]    ---- :    180.2 MLBUps    207.95 GB/s [====================]
[  ]    ---- :    180.3 MLBUps    208.05 GB/s [====================]
[  ]    ---- :    180.4 MLBUps    208.21 GB/s [====================]
[  ]    ---- :    180.5 MLBUps    208.30 GB/s [====================]
[  ]    ---- :    180.3 MLBUps    208.05 GB/s [====================]
[  ]    ---- :    180.5 MLBUps    208.26 GB/s [====================]
[  ]    ---- :    180.3 MLBUps    208.02 GB/s [====================]
[  ]    ---- :    180.5 MLBUps    208.34 GB/s [====================]
[  ]    ---- :    180.0 MLBUps    207.69 GB/s [====================]
[  ]    ---- :    180.0 MLBUps    207.71 GB/s [====================]
[  ]    ---- :    180.5 MLBUps    208.27 GB/s [====================]
[  ]    ---- :    179.9 MLBUps    207.58 GB/s [====================]
[  ]    ---- :    180.1 MLBUps    207.88 GB/s [====================]
[  ]    ---- :    180.2 MLBUps    207.92 GB/s [====================]
[  ]    ---- :    180.0 MLBUps    207.73 GB/s [====================]
[  ]    ---- :    180.4 MLBUps    208.16 GB/s [====================]
[  ]    ---- :    180.0 MLBUps    207.75 GB/s [====================]
[  ]    ---- :    180.6 MLBUps    208.36 GB/s [====================]
[  ]    ---- :    180.1 MLBUps    207.79 GB/s [====================]
[  ]    ---- :    180.1 MLBUps    207.83 GB/s [====================]
[  ]    ---- :    180.1 MLBUps    207.81 GB/s [====================]
[  ]    ---- :    180.5 MLBUps    208.31 GB/s [====================]
[  ]    ---- :    180.3 MLBUps    208.12 GB/s [====================]
[  ]    ---- :    180.4 MLBUps    208.17 GB/s [====================]
[  ]    ---- :    179.7 MLBUps    207.37 GB/s [====================]
[  ]    ---- :    180.2 MLBUps    207.93 GB/s [====================]
[  ]    ---- :    180.1 MLBUps    207.80 GB/s [====================]
[  ]    ---- :    180.0 MLBUps    207.77 GB/s [====================]
[  ]    ---- :    180.1 MLBUps    207.85 GB/s [====================]
[  ]    ---- :    180.2 MLBUps    207.92 GB/s [====================]
[  ]    ---- :    179.9 MLBUps    207.56 GB/s [====================]
[  ]    ---- :    180.0 MLBUps    207.72 GB/s [====================]
[  ]    ---- :    180.3 MLBUps    208.08 GB/s [====================]
[  ]    ---- :    180.4 MLBUps    208.22 GB/s [====================]
[  ]    ---- :    180.4 MLBUps    208.22 GB/s [====================]
[  ]    ---- :    180.4 MLBUps    208.17 GB/s [====================]
[  ]    ---- :    180.5 MLBUps    208.31 GB/s [====================]
[  ]    ---- :    180.4 MLBUps    208.22 GB/s [====================]
[  ]    ---- :    180.4 MLBUps    208.20 GB/s [====================]
[  ]    ---- :    180.4 MLBUps    208.16 GB/s [====================]
[  ]    ---- :    180.2 MLBUps    207.96 GB/s [====================]
[  ]    ---- :    180.7 MLBUps    208.50 GB/s [====================]
[  ]    ---- :    180.2 MLBUps    207.99 GB/s [====================]
[  ]    ---- :    180.2 MLBUps    207.92 GB/s [====================]
[  ]    ---- :    180.1 MLBUps    207.83 GB/s [====================]
[  ]    ---- :    180.2 MLBUps    207.89 GB/s [====================]
[  ]    ---- :    180.3 MLBUps    208.07 GB/s [====================]
[  ]    ---- :    180.3 MLBUps    208.12 GB/s [====================]
[  ]    ---- :    180.2 MLBUps    207.92 GB/s [====================]
[  ]    ---- :    180.3 MLBUps    208.05 GB/s [====================]
[  ]    ---- :    180.0 MLBUps    207.72 GB/s [====================]
[  ]    ---- :    179.8 MLBUps    207.52 GB/s [====================]
[  ]    ---- :    180.4 MLBUps    208.17 GB/s [====================]
[  ]    ---- :    180.7 MLBUps    208.48 GB/s [====================]
[  ]    ---- :    179.9 MLBUps    207.56 GB/s [====================]
[  ]    ---- :    180.5 MLBUps    208.24 GB/s [====================]
[  ]    ---- :    180.3 MLBUps    208.02 GB/s [====================]
[  ]    ---- :    179.7 MLBUps    207.42 GB/s [====================]
[  ]    ---- :    180.2 MLBUps    207.93 GB/s [====================]
[  ]    ---- :    179.9 MLBUps    207.61 GB/s [====================]
[  ]    ---- :    180.3 MLBUps    208.07 GB/s [====================]
[  ]    ---- :    180.3 MLBUps    208.05 GB/s [====================]
[  ]    ---- :    180.1 MLBUps    207.88 GB/s [====================]
[  ]    ---- :    180.4 MLBUps    208.14 GB/s [====================]
[  ]    ---- :    180.4 MLBUps    208.23 GB/s [====================]
[  ]    ---- :    178.7 MLBUps    206.18 GB/s [====================]
[  ]    ---- :    179.8 MLBUps    207.51 GB/s [====================]
[  ]    ---- :    180.4 MLBUps    208.15 GB/s [====================]
[  ]    ---- :    180.2 MLBUps    207.95 GB/s [====================]
[  ]    ---- :    180.5 MLBUps    208.26 GB/s [====================]
[  ]    ---- :    180.3 MLBUps    208.08 GB/s [====================]
[  ]    ---- :    180.3 MLBUps    208.03 GB/s [====================]
[  ]    ---- :    180.5 MLBUps    208.28 GB/s [====================]
[  ]    ---- :    180.2 MLBUps    207.97 GB/s [====================]
[  ]    ---- :    180.5 MLBUps    208.27 GB/s [====================]
[  ]    ---- :    180.4 MLBUps    208.13 GB/s [====================]
[  ]    ---- :    179.9 MLBUps    207.63 GB/s [====================]
[  ]    ---- :    180.5 MLBUps    208.27 GB/s [====================]
[  ]    ---- :    180.4 MLBUps    208.18 GB/s [====================]
[  ]    ---- :    180.2 MLBUps    208.00 GB/s [====================]
[  ]    ---- :    180.2 MLBUps    207.91 GB/s [====================]
[  ]    ---- :    180.4 MLBUps    208.16 GB/s [====================]
[  ]    ---- :    180.1 MLBUps    207.89 GB/s [====================]
[  ]    ---- :    179.9 MLBUps    207.61 GB/s [====================]
[  ]    ---- :    180.2 MLBUps    207.91 GB/s [====================]
[  ]    ---- :    180.8 MLBUps    208.69 GB/s [====================]
[  ]    ---- :    180.4 MLBUps    208.12 GB/s [====================]
[  ]    ---- :    180.4 MLBUps    208.22 GB/s [====================]
[  ]    ---- :    180.4 MLBUps    208.17 GB/s [====================]
[  ]    ---- :    180.3 MLBUps    208.08 GB/s [====================]
[  ]    ---- :    180.1 MLBUps    207.81 GB/s [====================]
[  ]    ---- :    180.6 MLBUps    208.37 GB/s [====================]
[  ]    ---- :    180.3 MLBUps    208.08 GB/s [====================]
[  ]    ---- :    180.5 MLBUps    208.31 GB/s [====================]
[  ]    ---- :    180.1 MLBUps    207.82 GB/s [====================]
[  ]    ---- :    180.1 MLBUps    207.88 GB/s [====================]
[  ]    ---- :    180.3 MLBUps    208.11 GB/s [====================]
[  ]    ---- :    180.6 MLBUps    208.36 GB/s [====================]
[  ]    ---- :    180.3 MLBUps    208.11 GB/s [====================]
[  ]    ---- :    180.3 MLBUps    208.11 GB/s [====================]
[  ]    ---- :    180.1 MLBUps    207.84 GB/s [====================]
[  ]    ---- :    180.6 MLBUps    208.37 GB/s [====================]
[  ]    ---- :    180.2 MLBUps    207.96 GB/s [====================]
[  ]    ---- :    180.3 MLBUps    208.09 GB/s [====================]
[  ]    ---- :    180.1 MLBUps    207.88 GB/s [====================]
[  ]    ---- :    180.4 MLBUps    208.13 GB/s [====================]
[  ]    ---- :    180.2 MLBUps    207.96 GB/s [====================]
[  ]    ---- :    180.2 MLBUps    207.94 GB/s [====================]
[  ]    ---- :    180.3 MLBUps    208.10 GB/s [====================]
[  ]    ---- :    180.1 MLBUps    207.85 GB/s [====================]
[  ]    ---- :    180.5 MLBUps    208.24 GB/s [====================]
[  ]    ---- :    180.4 MLBUps    208.12 GB/s [====================]
[  ]    ---- :    180.3 MLBUps    208.07 GB/s [====================]
[  ]    ---- :    180.1 MLBUps    207.83 GB/s [====================]
[  ]    ---- :    180.2 MLBUps    207.98 GB/s [====================]
[  ]    ---- :    180.2 MLBUps    207.93 GB/s [====================]
[  ]    ---- :    180.2 MLBUps    207.95 GB/s [====================]
[  ]    ---- :    180.4 MLBUps    208.23 GB/s [====================]
[  ]    ---- :    180.2 MLBUps    207.97 GB/s [====================]
[  ]    ---- :    180.2 MLBUps    207.99 GB/s [====================]
[  ]    ---- :    180.0 MLBUps    207.69 GB/s [====================]
[  ]    ---- :    180.2 MLBUps    207.90 GB/s [====================]
[  ]    ---- :    180.2 MLBUps    208.00 GB/s [====================]
[  ]    ---- :    180.2 MLBUps    208.00 GB/s [====================]
[  ]    ---- :    180.0 MLBUps    207.68 GB/s [====================]
[  ]    ---- :    180.1 MLBUps    207.85 GB/s [====================]
[  ]    ---- :    180.4 MLBUps    208.17 GB/s [====================]
[  ]    ---- :    180.1 MLBUps    207.81 GB/s [====================]
[  ]    ---- :    179.9 MLBUps    207.65 GB/s [====================]
[  ]    ---- :    180.2 MLBUps    207.96 GB/s [====================]
[  ]    ---- :    180.2 MLBUps    208.00 GB/s [====================]
[  ]    ---- :    180.0 MLBUps    207.73 GB/s [====================]
[  ]    ---- :    180.3 MLBUps    208.04 GB/s [====================]
[  ]    ---- :    179.9 MLBUps    207.56 GB/s [====================]
[  ]    ---- :    180.5 MLBUps    208.32 GB/s [====================]
[  ]    ---- :    180.1 MLBUps    207.81 GB/s [====================]
[  ]    ---- :    179.9 MLBUps    207.65 GB/s [====================]
[  ]    ---- :    180.0 MLBUps    207.71 GB/s [====================]
[  ]    ---- :    180.4 MLBUps    208.15 GB/s [====================]
[  ]    ---- :    180.5 MLBUps    208.29 GB/s [====================]
[  ]    ---- :    179.7 MLBUps    207.40 GB/s [====================]
[  ]    ---- :    180.0 MLBUps    207.68 GB/s [====================]
[  ]    ---- :    180.3 MLBUps    208.02 GB/s [====================]
[  ]    ---- :    180.4 MLBUps    208.15 GB/s [====================]
[  ]    ---- :    180.6 MLBUps    208.36 GB/s [====================]
[  ]    ---- :    180.1 MLBUps    207.80 GB/s [====================]
[  ]    ---- :    180.2 MLBUps    207.90 GB/s [====================]
[  ]    ---- :    179.8 MLBUps    207.45 GB/s [====================]
[  ]    ---- :    180.0 MLBUps    207.73 GB/s [====================]
[  ]    ---- :    180.1 MLBUps    207.86 GB/s [====================]
[  ]    ---- :    180.5 MLBUps    208.25 GB/s [====================]
[  ]    ---- :    180.1 MLBUps    207.88 GB/s [====================]
[  ]    ---- :    180.4 MLBUps    208.22 GB/s [====================]
[  ]    ---- :    180.0 MLBUps    207.69 GB/s [====================]
[  ]    ---- :    180.4 MLBUps    208.23 GB/s [====================]
[  ]    ---- :    180.1 MLBUps    207.82 GB/s [====================]
[  ]    ---- :    180.5 MLBUps    208.28 GB/s [====================]
[  ]    ---- :    179.7 MLBUps    207.36 GB/s [====================]
[  ]    ---- :    180.2 MLBUps    207.91 GB/s [====================]
[  ]    ---- :    180.2 MLBUps    207.95 GB/s [====================]
[  ]    ---- :    179.9 MLBUps    207.65 GB/s [====================]
[  ]    ---- :    180.1 MLBUps    207.88 GB/s [====================]
[  ]    ---- :    180.5 MLBUps    208.35 GB/s [====================]
[  ]    ---- :    180.2 MLBUps    207.90 GB/s [====================]
[  ]    ---- :    180.1 MLBUps    207.86 GB/s [====================]
[  ]    ---- :    180.5 MLBUps    208.30 GB/s [====================]
[  ]    ---- :    180.4 MLBUps    208.23 GB/s [====================]
[  ]    ---- :    180.4 MLBUps    208.14 GB/s [====================]
[  ]    ---- :    180.7 MLBUps    208.57 GB/s [====================]
[  ]    ---- :    180.5 MLBUps    208.24 GB/s [====================]
[  ]    ---- :    180.6 MLBUps    208.38 GB/s [====================]
[  ]    ---- :    180.4 MLBUps    208.20 GB/s [====================]
[  ]    ---- :    180.3 MLBUps    208.03 GB/s [====================]
[  ]    ---- :    180.3 MLBUps    208.07 GB/s [====================]
[  ]    ---- :    180.2 MLBUps    207.94 GB/s [====================]
[  ]    ---- :    180.5 MLBUps    208.31 GB/s [====================]
[  ]    ---- :    180.1 MLBUps    207.83 GB/s [====================]
[  ]    ---- :    180.3 MLBUps    208.04 GB/s [====================]
[  ]    ---- :    180.4 MLBUps    208.17 GB/s [====================]
[  ]    ---- :    180.5 MLBUps    208.24 GB/s [====================]
[  ]    ---- :    180.3 MLBUps    208.05 GB/s [====================]
[  ]    ---- :    179.8 MLBUps    207.45 GB/s [====================]
[  ]    ---- :    179.0 MLBUps    206.58 GB/s [====================]
[  ]    ---- :    180.2 MLBUps    207.97 GB/s [====================]
[  ]    ---- :    179.9 MLBUps    207.56 GB/s [====================]
[  ]    ---- :    180.1 MLBUps    207.82 GB/s [====================]
[  ]    ---- :    180.5 MLBUps    208.25 GB/s [====================]
[  ]    ---- :    180.2 MLBUps    207.92 GB/s [====================]
[  ]    ---- :    180.2 MLBUps    208.01 GB/s [====================]
[  ]    ---- :    180.1 MLBUps    207.81 GB/s [====================]
[  ]    ---- :    180.5 MLBUps    208.28 GB/s [====================]
[  ]    ---- :    180.3 MLBUps    208.09 GB/s [====================]
[  ]    ---- :    180.1 MLBUps    207.88 GB/s [====================]
[  ]    ---- :    180.1 MLBUps    207.84 GB/s [====================]
[  ]    ---- :    180.4 MLBUps    208.21 GB/s [====================]
[  ]    ---- :    180.6 MLBUps    208.43 GB/s [====================]
[  ]    ---- :    180.1 MLBUps    207.82 GB/s [====================]
[  ]    ---- :    180.3 MLBUps    208.04 GB/s [====================]
[  ]    ---- :    180.7 MLBUps    208.47 GB/s [====================]
[  ]    ---- :    180.1 MLBUps    207.86 GB/s [====================]
[  ]    ---- :    180.0 MLBUps    207.77 GB/s [====================]
[  ]    ---- :    180.4 MLBUps    208.17 GB/s [====================]
[  ]    ---- :    180.2 MLBUps    207.94 GB/s [====================]
[  ]    ---- :    180.3 MLBUps    208.04 GB/s [====================]
[  ]    ---- :    180.2 MLBUps    208.01 GB/s [====================]
[  ]    ---- :    180.2 MLBUps    207.93 GB/s [====================]
[  ]    ---- :    179.8 MLBUps    207.51 GB/s [====================]
[  ]    ---- :    180.3 MLBUps    208.10 GB/s [====================]
[  ]    ---- :    180.6 MLBUps    208.40 GB/s [====================]
[  ]    ---- :    180.1 MLBUps    207.83 GB/s [====================]
[  ]    ---- :    180.5 MLBUps    208.29 GB/s [====================]
[  ]    ---- :    180.8 MLBUps    208.69 GB/s [====================]
[  ]    ---- :    180.1 MLBUps    207.82 GB/s [====================]
[  ]    ---- :    179.9 MLBUps    207.60 GB/s [====================]
[  ]    ---- :    180.2 MLBUps    208.00 GB/s [====================]
[  ]    ---- :    179.8 MLBUps    207.51 GB/s [====================]
[  ]    ---- :    180.2 MLBUps    207.99 GB/s [====================]
[  ]    ---- :    180.1 MLBUps    207.84 GB/s [====================]
[  ]    ---- :    180.5 MLBUps    208.25 GB/s [====================]
[  ]    ---- :    180.2 MLBUps    207.99 GB/s [====================]
[  ]    ---- :    180.4 MLBUps    208.15 GB/s [====================]
[  ]    ---- :    180.0 MLBUps    207.75 GB/s [====================]
[  ]    ---- :    180.3 MLBUps    208.03 GB/s [====================]
[  ]    ---- :    180.2 MLBUps    207.90 GB/s [====================]
[  ]    ---- :    179.8 MLBUps    207.52 GB/s [====================]
[  ]    ---- :    180.2 MLBUps    207.90 GB/s [====================]
[  ]    ---- :    179.9 MLBUps    207.56 GB/s [====================]
[  ]    ---- :    180.1 MLBUps    207.89 GB/s [====================]
[  ]    ---- :    179.9 MLBUps    207.61 GB/s [====================]
[  ]    ---- :    180.4 MLBUps    208.22 GB/s [====================]
[  ]    ---- :    180.2 MLBUps    207.98 GB/s [====================]
[  ]    ---- :    180.1 MLBUps    207.83 GB/s [====================]
[  ]    ---- :    180.2 MLBUps    207.97 GB/s [====================]
[  ]    ---- :    180.0 MLBUps    207.68 GB/s [====================]
[  ]    ---- :    179.7 MLBUps    207.43 GB/s [====================]
[  ]    ---- :    180.1 MLBUps    207.88 GB/s [====================]
[  ]    ---- :    180.3 MLBUps    208.04 GB/s [====================]
[  ]    ---- :    180.1 MLBUps    207.83 GB/s [====================]
[  ]    ---- :    180.3 MLBUps    208.12 GB/s [====================]
[  ]    ---- :    180.4 MLBUps    208.21 GB/s [====================]
[  ]    ---- :    180.3 MLBUps    208.10 GB/s [====================]
[  ]    ---- :    180.3 MLBUps    208.04 GB/s [====================]
[  ]    ---- :    180.2 MLBUps    207.99 GB/s [====================]
[  ]    ---- :    180.1 MLBUps    207.86 GB/s [====================]
[  ]    ---- :    180.5 MLBUps    208.26 GB/s [====================]
[  ]    ---- :    180.0 MLBUps    207.67 GB/s [====================]
[  ]    ---- :    180.4 MLBUps    208.22 GB/s [====================]
[  ]    ---- :    180.5 MLBUps    208.27 GB/s [====================]
[  ]    ---- :    180.3 MLBUps    208.10 GB/s [====================]
[  ]    ---- :    180.0 MLBUps    207.77 GB/s [====================]
[  ]    ---- :    180.2 MLBUps    207.97 GB/s [====================]
[  ]    ---- :    180.4 MLBUps    208.16 GB/s [====================]
[  ]    ---- :    180.3 MLBUps    208.03 GB/s [====================]
[  ]    ---- :    180.1 MLBUps    207.83 GB/s [====================]
[  ]    ---- :    180.4 MLBUps    208.18 GB/s [====================]
[  ]    ---- :    180.3 MLBUps    208.09 GB/s [====================]
[  ]    ---- :    180.3 MLBUps    208.06 GB/s [====================]
[  ]    ---- :    180.4 MLBUps    208.12 GB/s [====================]
[  ]    ---- :    180.1 MLBUps    207.83 GB/s [====================]
[  ]    ---- :    180.3 MLBUps    208.11 GB/s [====================]
[  ]    ---- :    180.1 MLBUps    207.81 GB/s [====================]
[  ]    ---- :    180.1 MLBUps    207.85 GB/s [====================]
[  ]    ---- :    180.0 MLBUps    207.73 GB/s [====================]
[  ]    ---- :    180.3 MLBUps    208.02 GB/s [====================]
[  ]    ---- :    180.5 MLBUps    208.31 GB/s [====================]
[  ]    ---- :    180.3 MLBUps    208.02 GB/s [====================]
[  ]    ---- :    180.4 MLBUps    208.18 GB/s [====================]
[  ]    ---- :    179.7 MLBUps    207.42 GB/s [====================]
[  ]    ---- :    180.4 MLBUps    208.20 GB/s [====================]
[  ]    ---- :    180.2 MLBUps    207.91 GB/s [====================]
[  ]    ---- :    180.3 MLBUps    208.05 GB/s [====================]
[  ]    ---- :    180.3 MLBUps    208.02 GB/s [====================]
[  ]    ---- :    180.0 MLBUps    207.71 GB/s [====================]
[  ]    ---- :    180.4 MLBUps    208.20 GB/s [====================]
[  ]    ---- :    180.0 MLBUps    207.70 GB/s [====================]
[  ]    ---- :    180.3 MLBUps    208.09 GB/s [====================]
[  ]    ---- :    180.2 MLBUps    207.91 GB/s [====================]
[  ]    ---- :    180.2 MLBUps    208.01 GB/s [====================]
[  ]    ---- :    180.7 MLBUps    208.50 GB/s [====================]
[  ]    ---- :    180.3 MLBUps    208.08 GB/s [====================]
[  ]    ---- :    180.2 MLBUps    207.99 GB/s [====================]
[  ]    ---- :    180.1 MLBUps    207.89 GB/s [====================]
[  ]    ---- :    180.4 MLBUps    208.14 GB/s [====================]
[  ]    ---- :    180.4 MLBUps    208.17 GB/s [====================]
[  ]    ---- :    180.4 MLBUps    208.13 GB/s [====================]
[  ]    ---- :    180.7 MLBUps    208.57 GB/s [====================]
[  ]    ---- :    179.8 MLBUps    207.44 GB/s [====================]
[  ]    ---- :    179.9 MLBUps    207.60 GB/s [====================]
[  ]    ---- :    180.2 MLBUps    207.90 GB/s [====================]
[  ]    ---- :    180.6 MLBUps    208.40 GB/s [====================]
[  ]    ---- :    180.5 MLBUps    208.24 GB/s [====================]
[  ]    ---- :    180.3 MLBUps    208.05 GB/s [====================]
[  ]    ---- :    180.5 MLBUps    208.27 GB/s [====================]
[  ]    ---- :    180.4 MLBUps    208.23 GB/s [====================]
[  ]    ---- :    180.5 MLBUps    208.32 GB/s [====================]
[  ]    ---- :    180.3 MLBUps    208.05 GB/s [====================]
[  ]    ---- :    180.2 MLBUps    207.97 GB/s [====================]
[  ]    ---- :    180.5 MLBUps    208.34 GB/s [====================]
[  ]    ---- :    180.1 MLBUps    207.86 GB/s [====================]
[  ]    ---- :    180.5 MLBUps    208.35 GB/s [====================]
[  ]    ---- :    180.3 MLBUps    208.10 GB/s [====================]
[  ]    ---- :    180.0 MLBUps    207.77 GB/s [====================]
[  ]    ---- :    180.0 MLBUps    207.75 GB/s [====================]
[  ]    ---- :    180.3 MLBUps    208.08 GB/s [====================]
[  ]    ---- :    180.4 MLBUps    208.21 GB/s [====================]
[  ]    ---- :    180.7 MLBUps    208.52 GB/s [====================]
[  ]    ---- :    180.1 MLBUps    207.81 GB/s [====================]
[  ]    ---- :    180.1 MLBUps    207.87 GB/s [====================]
[  ]    ---- :    180.2 MLBUps    207.98 GB/s [====================]
[  ]    ---- :    180.5 MLBUps    208.30 GB/s [====================]
[  ]    ---- :    180.3 MLBUps    208.09 GB/s [====================]
[  ]    ---- :    180.5 MLBUps    208.35 GB/s [====================]
[  ]    ---- :    180.0 MLBUps    207.74 GB/s [====================]
[  ]    ---- :    180.4 MLBUps    208.16 GB/s [====================]
[  ]    ---- :    180.3 MLBUps    208.11 GB/s [====================]
[  ]    ---- :    180.7 MLBUps    208.53 GB/s [====================]
[  ]    ---- :    180.2 MLBUps    207.99 GB/s [====================]
[  ]    ---- :    180.6 MLBUps    208.45 GB/s [====================]
[  ]    ---- :    180.0 MLBUps    207.75 GB/s [====================]
[  ]    ---- :    180.7 MLBUps    208.54 GB/s [====================]
[  ]    ---- :    180.3 MLBUps    208.05 GB/s [====================]
[  ]    ---- :    179.7 MLBUps    207.42 GB/s [====================]
[  ]    ---- :    180.2 MLBUps    207.99 GB/s [====================]
[  ]    ---- :    180.5 MLBUps    208.26 GB/s [====================]
[  ]    ---- :    180.2 MLBUps    207.94 GB/s [====================]
[  ]    ---- :    180.1 MLBUps    207.85 GB/s [====================]
[  ]    ---- :    180.3 MLBUps    208.07 GB/s [====================]
[  ]    ---- :    180.5 MLBUps    208.33 GB/s [====================]
[  ]    ---- :    180.2 MLBUps    207.96 GB/s [====================]
[  ]    ---- :    180.6 MLBUps    208.43 GB/s [====================]
[  ]    ---- :    180.5 MLBUps    208.35 GB/s [====================]
[  ]    ---- :    180.4 MLBUps    208.19 GB/s [====================]
[  ]    ---- :    179.7 MLBUps    207.33 GB/s [====================]
[  ]    ---- :    180.4 MLBUps    208.18 GB/s [====================]
[  ]    ---- :    180.3 MLBUps    208.02 GB/s [====================]
[  ]    ---- :    179.8 MLBUps    207.50 GB/s [====================]
[  ]    ---- :    180.5 MLBUps    208.27 GB/s [====================]
[  ]    ---- :    180.3 MLBUps    208.07 GB/s [====================]
[  ]    ---- :    180.4 MLBUps    208.13 GB/s [====================]
[  ]    ---- :    179.9 MLBUps    207.57 GB/s [====================]
[  ]    ---- :    180.1 MLBUps    207.78 GB/s [====================]
[  ]    ---- :    180.0 MLBUps    207.77 GB/s [====================]
[  ]    ---- :    180.3 MLBUps    208.04 GB/s [====================]
[  ]    ---- :    180.4 MLBUps    208.20 GB/s [====================]
[  ]    ---- :    180.4 MLBUps    208.23 GB/s [====================]
[  ]    ---- :    180.2 MLBUps    207.92 GB/s [====================]
[  ]    ---- :    180.4 MLBUps    208.17 GB/s [====================]
[  ]    ---- :    180.5 MLBUps    208.28 GB/s [====================]
[  ]    ---- :    180.5 MLBUps    208.25 GB/s [====================]
[  ]    ---- :    180.1 MLBUps    207.89 GB/s [====================]
[  ]    ---- :    180.0 MLBUps    207.76 GB/s [====================]
[  ]    ---- :    180.4 MLBUps    208.16 GB/s [====================]
[  ]    ---- :    180.2 MLBUps    207.92 GB/s [====================]
[  ]    ---- :    180.4 MLBUps    208.19 GB/s [====================]
[  ]    ---- :    180.3 MLBUps    208.01 GB/s [====================]
[  ]    ---- :    180.4 MLBUps    208.14 GB/s [====================]
[  ]    ---- :    180.1 MLBUps    207.86 GB/s [====================]
[  ]    ---- :    180.3 MLBUps    208.04 GB/s [====================]
[  ]    ---- :    180.2 MLBUps    207.97 GB/s [====================]
[  ]    ---- :    180.4 MLBUps    208.21 GB/s [====================]
[  ]    ---- :    180.4 MLBUps    208.15 GB/s [====================]
[  ]    ---- :    180.5 MLBUps    208.35 GB/s [====================]
[  ]    ---- :    180.4 MLBUps    208.21 GB/s [====================]
[  ]    ---- :    180.3 MLBUps    208.12 GB/s [====================]
[  ]    ---- :    180.4 MLBUps    208.23 GB/s [====================]
[  ]    ---- :    180.5 MLBUps    208.28 GB/s [====================]
[  ]    ---- :    180.2 MLBUps    207.98 GB/s [====================]
[  ]    ---- :    180.2 MLBUps    207.95 GB/s [====================]
[  ]    ---- :    180.3 MLBUps    208.09 GB/s [====================]
[  ]    ---- :    180.4 MLBUps    208.18 GB/s [====================]
[  ]    ---- :    180.1 MLBUps    207.83 GB/s [====================]
[  ]    ---- :    180.4 MLBUps    208.13 GB/s [====================]
[  ]    ---- :    180.3 MLBUps    208.10 GB/s [====================]
[  ]    ---- :    180.3 MLBUps    208.12 GB/s [====================]
[  ]    ---- :    180.4 MLBUps    208.16 GB/s [====================]
[  ]    ---- :    180.4 MLBUps    208.21 GB/s [====================]
[  ]    ---- :    180.5 MLBUps    208.29 GB/s [====================]
[  ]    ---- :    180.1 MLBUps    207.85 GB/s [====================]
[  ]    ---- :    180.3 MLBUps    208.04 GB/s [====================]
[  ]    ---- :    179.9 MLBUps    207.62 GB/s [====================]
[  ]    ---- :    180.4 MLBUps    208.16 GB/s [====================]
[  ]    ---- :    179.9 MLBUps    207.65 GB/s [====================]
[  ]    ---- :    180.6 MLBUps    208.39 GB/s [====================]
[  ]    ---- :    180.1 MLBUps    207.89 GB/s [====================]
[  ]    ---- :    180.3 MLBUps    208.02 GB/s [====================]
[  ]    ---- :    180.3 MLBUps    208.04 GB/s [====================]
[  ]    ---- :    180.4 MLBUps    208.18 GB/s [====================]
[  ]    ---- :    180.3 MLBUps    208.03 GB/s [====================]
[  ]    ---- :    180.2 MLBUps    207.96 GB/s [====================]
[  ]    ---- :    179.6 MLBUps    207.30 GB/s [====================]
[  ]    ---- :    179.8 MLBUps    207.54 GB/s [====================]
[  ]    ---- :    180.1 MLBUps    207.79 GB/s [====================]
[  ]    ---- :    180.5 MLBUps    208.28 GB/s [====================]
[  ]    ---- :    180.3 MLBUps    208.06 GB/s [====================]
[  ]    ---- :    180.1 MLBUps    207.89 GB/s [====================]
[  ]    ---- :    179.8 MLBUps    207.52 GB/s [====================]
[  ]    ---- :    180.5 MLBUps    208.29 GB/s [====================]
[  ]    ---- :    180.2 MLBUps    207.98 GB/s [====================]
[  ]    ---- :    180.2 MLBUps    207.90 GB/s [====================]
[  ]    ---- :    180.2 MLBUps    207.96 GB/s [====================]
[  ]    ---- :    180.5 MLBUps    208.26 GB/s [====================]
[  ]    ---- :    180.4 MLBUps    208.22 GB/s [====================]
[  ]    ---- :    180.5 MLBUps    208.33 GB/s [====================]
[  ]    ---- :    180.6 MLBUps    208.46 GB/s [====================]
[  ]    ---- :    180.2 MLBUps    207.97 GB/s [====================]
[  ]    ---- :    180.3 MLBUps    208.04 GB/s [====================]
[  ]    ---- :    180.1 MLBUps    207.84 GB/s [====================]
[  ]    ---- :    180.3 MLBUps    208.02 GB/s [====================]
[  ]    ---- :    180.2 MLBUps    207.90 GB/s [====================]
[  ]    ---- :    180.6 MLBUps    208.41 GB/s [====================]
[  ]    ---- :    180.1 MLBUps    207.88 GB/s [====================]
[  ]    ---- :    180.4 MLBUps    208.17 GB/s [====================]
[  ]    ---- :    180.1 MLBUps    207.87 GB/s [====================]
[  ]    ---- :    180.2 MLBUps    207.98 GB/s [====================]
[  ]    ---- :    180.3 MLBUps    208.12 GB/s [====================]
[  ]    ---- :    180.4 MLBUps    208.17 GB/s [====================]
[  ]    ---- :    180.4 MLBUps    208.13 GB/s [====================]
[  ]    ---- :    180.2 MLBUps    207.99 GB/s [====================]
[  ]    ---- :    180.0 MLBUps    207.70 GB/s [====================]
[  ]    ---- :    180.2 MLBUps    207.90 GB/s [====================]
[  ]    ---- :    180.6 MLBUps    208.45 GB/s [====================]
[  ]    ---- :    179.9 MLBUps    207.57 GB/s [====================]
[  ]    ---- :    180.2 MLBUps    207.90 GB/s [====================]
[  ]    ---- :    180.1 MLBUps    207.84 GB/s [====================]
[  ]    ---- :    180.5 MLBUps    208.31 GB/s [====================]
[  ]    ---- :    179.9 MLBUps    207.57 GB/s [====================]
[  ]    ---- :    180.5 MLBUps    208.25 GB/s [====================]
[  ]    ---- :    179.8 MLBUps    207.51 GB/s [====================]
[  ]    ---- :    179.9 MLBUps    207.60 GB/s [====================]
[  ]    ---- :    179.8 MLBUps    207.44 GB/s [====================]
[  ]    ---- :    180.2 MLBUps    207.98 GB/s [====================]
[  ]    ---- :    180.7 MLBUps    208.50 GB/s [====================]
[  ]    ---- :    180.3 MLBUps    208.01 GB/s [====================]
[  ]    ---- :    180.0 MLBUps    207.76 GB/s [====================]
[  ]    ---- :    180.0 MLBUps    207.77 GB/s [====================]
[  ]    ---- :    180.3 MLBUps    208.11 GB/s [====================]
[  ]    ---- :    180.4 MLBUps    208.15 GB/s [====================]
[  ]    ---- :    180.3 MLBUps    208.07 GB/s [====================]
[  ]    ---- :    179.9 MLBUps    207.61 GB/s [====================]
[  ]    ---- :    180.3 MLBUps    208.05 GB/s [====================]
[  ]    ---- :    179.9 MLBUps    207.64 GB/s [====================]
[  ]    ---- :    180.4 MLBUps    208.16 GB/s [====================]
[  ]    ---- :    180.0 MLBUps    207.73 GB/s [====================]
[  ]    ---- :    180.7 MLBUps    208.58 GB/s [====================]
[  ]    ---- :    180.0 MLBUps    207.73 GB/s [====================]
[  ]    ---- :    180.4 MLBUps    208.14 GB/s [====================]
[  ]    ---- :    180.2 MLBUps    207.90 GB/s [====================]
[  ]    ---- :    180.4 MLBUps    208.21 GB/s [====================]
[  ]    ---- :    179.9 MLBUps    207.57 GB/s [====================]
[  ]    ---- :    180.3 MLBUps    208.04 GB/s [====================]
[  ]    ---- :    180.5 MLBUps    208.25 GB/s [====================]
[  ]    ---- :    180.4 MLBUps    208.22 GB/s [====================]
[  ]    ---- :    180.0 MLBUps    207.72 GB/s [====================]
[  ]    ---- :    180.4 MLBUps    208.15 GB/s [====================]
[  ]    ---- :    180.4 MLBUps    208.23 GB/s [====================]
[  ]    ---- :    180.2 MLBUps    207.93 GB/s [====================]
[  ]    ---- :    179.9 MLBUps    207.60 GB/s [====================]
[  ]    ---- :    180.2 MLBUps    207.95 GB/s [====================]
[  ]    ---- :    180.3 MLBUps    208.12 GB/s [====================]
[  ]    ---- :    180.2 MLBUps    207.96 GB/s [====================]
[  ]    ---- :    180.4 MLBUps    208.21 GB/s [====================]
[  ]    ---- :    180.4 MLBUps    208.15 GB/s [====================]
[  ]    ---- :    180.6 MLBUps    208.45 GB/s [====================]
[  ]    ---- :    180.4 MLBUps    208.19 GB/s [====================]
[  ]    ---- :    180.0 MLBUps    207.78 GB/s [====================]
[  ]    ---- :    179.8 MLBUps    207.48 GB/s [====================]
[  ]    ---- :    180.1 MLBUps    207.82 GB/s [====================]
[  ]    ---- :    179.9 MLBUps    207.63 GB/s [====================]
[  ]    ---- :    180.0 MLBUps    207.71 GB/s [====================]
[  ]    ---- :    180.1 MLBUps    207.81 GB/s [====================]
[  ]    ---- :    180.3 MLBUps    208.12 GB/s [====================]
[  ]    ---- :    180.1 MLBUps    207.83 GB/s [====================]
[  ]    ---- :    180.1 MLBUps    207.84 GB/s [====================]
[  ]    ---- :    180.5 MLBUps    208.33 GB/s [====================]
[  ]    ---- :    180.2 MLBUps    207.90 GB/s [====================]
[  ]    ---- :    180.5 MLBUps    208.35 GB/s [====================]
[  ]    ---- :    180.5 MLBUps    208.32 GB/s [====================]
[  ]    ---- :    180.4 MLBUps    208.23 GB/s [====================]
[  ]    ---- :    180.6 MLBUps    208.37 GB/s [====================]
[  ]    ---- :    180.4 MLBUps    208.16 GB/s [====================]
[  ]    ---- :    180.3 MLBUps    208.11 GB/s [====================]
[  ]    ---- :    180.4 MLBUps    208.12 GB/s [====================]
[  ]    ---- :    180.4 MLBUps    208.18 GB/s [====================]
[  ]    ---- :    180.5 MLBUps    208.29 GB/s [====================]
[  ]    ---- :    180.5 MLBUps    208.25 GB/s [====================]
[  ]    ---- :    180.1 MLBUps    207.84 GB/s [====================]
[  ]    ---- :    180.3 MLBUps    208.08 GB/s [====================]
[  ]    ---- :    180.4 MLBUps    208.14 GB/s [====================]
[  ]    ---- :    180.5 MLBUps    208.29 GB/s [====================]
[  ]    ---- :    180.4 MLBUps    208.16 GB/s [====================]
[  ]    ---- :    180.2 MLBUps    207.98 GB/s [====================]
[  ]    ---- :    180.0 MLBUps    207.77 GB/s [====================]
[  ]    ---- :    179.9 MLBUps    207.56 GB/s [====================]
[  ]    ---- :    180.4 MLBUps    208.14 GB/s [====================]
[  ]    ---- :    179.9 MLBUps    207.56 GB/s [====================]
[  ]    ---- :    179.9 MLBUps    207.64 GB/s [====================]
[  ]    ---- :    180.1 MLBUps    207.86 GB/s [====================]
[  ]    ---- :    180.1 MLBUps    207.78 GB/s [====================]
[  ]    ---- :    180.2 MLBUps    207.95 GB/s [====================]
[  ]    ---- :    180.1 MLBUps    207.80 GB/s [====================]
[  ]    ---- :    180.4 MLBUps    208.23 GB/s [====================]
[  ]    ---- :    180.5 MLBUps    208.27 GB/s [====================]
[  ]    ---- :    180.2 MLBUps    207.94 GB/s [====================]
[  ]    ---- :    180.2 MLBUps    207.98 GB/s [====================]
[  ]    ---- :    180.7 MLBUps    208.53 GB/s [====================]
[  ]    ---- :    180.4 MLBUps    208.23 GB/s [====================]
[  ]    ---- :    180.4 MLBUps    208.21 GB/s [====================]
[  ]    ---- :    180.5 MLBUps    208.26 GB/s [====================]
[  ]    ---- :    180.3 MLBUps    208.12 GB/s [====================]
[  ]    ---- :    180.6 MLBUps    208.39 GB/s [====================]
[  ]    ---- :    180.0 MLBUps    207.76 GB/s [====================]
[  ]    ---- :    180.1 MLBUps    207.87 GB/s [====================]
[  ]    ---- :    180.4 MLBUps    208.17 GB/s [====================]
[  ]    ---- :    180.0 MLBUps    207.70 GB/s [====================]
[  ]    ---- :    180.5 MLBUps    208.26 GB/s [====================]
[  ]    ---- :    180.5 MLBUps    208.27 GB/s [====================]
[  ]    ---- :    180.5 MLBUps    208.29 GB/s [====================]
[  ]    ---- :    179.9 MLBUps    207.61 GB/s [====================]
[  ]    ---- :    180.3 MLBUps    208.02 GB/s [====================]
[  ]    ---- :    180.4 MLBUps    208.13 GB/s [====================]
[  ]    ---- :    180.2 MLBUps    207.92 GB/s [====================]
[  ]    ---- :    180.1 MLBUps    207.82 GB/s [====================]
[  ]    ---- :    180.3 MLBUps    208.10 GB/s [====================]
[  ]    ---- :    180.7 MLBUps    208.48 GB/s [====================]
[  ]    ---- :    180.3 MLBUps    208.03 GB/s [====================]
[  ]    ---- :    180.2 MLBUps    207.96 GB/s [====================]
[  ]    ---- :    180.3 MLBUps    208.12 GB/s [====================]
[  ]    ---- :    180.4 MLBUps    208.14 GB/s [====================]
[  ]    ---- :    180.2 MLBUps    208.00 GB/s [====================]
[  ]    ---- :    180.3 MLBUps    208.06 GB/s [====================]
[  ]    ---- :    180.3 MLBUps    208.10 GB/s [====================]
[  ]    ---- :    180.3 MLBUps    208.02 GB/s [====================]
[  ]    ---- :    180.3 MLBUps    208.08 GB/s [====================]
[  ]    ---- :    179.8 MLBUps    207.46 GB/s [====================]
[  ]    ---- :    180.6 MLBUps    208.37 GB/s [====================]
[  ]    ---- :    180.5 MLBUps    208.24 GB/s [====================]
[  ]    ---- :    180.3 MLBUps    208.08 GB/s [====================]
[  ]    ---- :    180.0 MLBUps    207.75 GB/s [====================]
[  ]    ---- :    180.1 MLBUps    207.83 GB/s [====================]
[  ]    ---- :    179.5 MLBUps    207.15 GB/s [====================]
[  ]    ---- :    178.5 MLBUps    205.98 GB/s [====================]
[  ]    ---- :    176.1 MLBUps    203.25 GB/s [====================]
[  ]    ---- :    177.2 MLBUps    204.48 GB/s [====================]
[  ]    ---- :    177.7 MLBUps    205.01 GB/s [====================]
[  ]    ---- :    177.4 MLBUps    204.72 GB/s [====================]
[  ]    ---- :    178.1 MLBUps    205.58 GB/s [====================]
[  ]    ---- :    177.0 MLBUps    204.29 GB/s [====================]
[  ]    ---- :    177.4 MLBUps    204.75 GB/s [====================]
[  ]    ---- :    177.4 MLBUps    204.73 GB/s [====================]
[  ]    ---- :    177.3 MLBUps    204.65 GB/s [====================]
[  ]    ---- :    177.1 MLBUps    204.37 GB/s [====================]
[  ]    ---- :    177.0 MLBUps    204.27 GB/s [====================]
[  ]    ---- :    178.0 MLBUps    205.40 GB/s [====================]
[  ]    ---- :    177.8 MLBUps    205.16 GB/s [====================]
[  ]    ---- :    177.9 MLBUps    205.32 GB/s [====================]
[  ]    ---- :    178.1 MLBUps    205.58 GB/s [====================]
[  ]    ---- :    177.1 MLBUps    204.35 GB/s [====================]
[  ]    ---- :    177.0 MLBUps    204.31 GB/s [====================]
[  ]    ---- :    176.9 MLBUps    204.12 GB/s [====================]
[  ]    ---- :    176.8 MLBUps    203.99 GB/s [====================]
[  ]    ---- :    177.0 MLBUps    204.28 GB/s [====================]
[  ]    ---- :    177.4 MLBUps    204.73 GB/s [====================]
[  ]    ---- :    177.2 MLBUps    204.53 GB/s [====================]
[  ]    ---- :    177.3 MLBUps    204.61 GB/s [====================]
[  ]    ---- :    177.2 MLBUps    204.43 GB/s [====================]
[  ]    ---- :    177.5 MLBUps    204.83 GB/s [====================]
[  ]    ---- :    177.0 MLBUps    204.21 GB/s [====================]
[  ]    ---- :    177.9 MLBUps    205.32 GB/s [====================]
[  ]    ---- :    177.3 MLBUps    204.65 GB/s [====================]
[  ]    ---- :    177.5 MLBUps    204.83 GB/s [====================]
[  ]    ---- :    177.4 MLBUps    204.77 GB/s [====================]
[  ]    ---- :    178.0 MLBUps    205.42 GB/s [====================]
[  ]    ---- :    177.0 MLBUps    204.26 GB/s [====================]
[  ]    ---- :    177.6 MLBUps    204.95 GB/s [====================]
[  ]    ---- :    177.5 MLBUps    204.80 GB/s [====================]
[  ]    ---- :    177.7 MLBUps    205.03 GB/s [====================]
[  ]    ---- :    177.3 MLBUps    204.55 GB/s [====================]
[  ]    ---- :    177.3 MLBUps    204.63 GB/s [====================]
[  ]    ---- :    177.5 MLBUps    204.80 GB/s [====================]
[  ]    ---- :    176.8 MLBUps    204.03 GB/s [====================]
[  ]    ---- :    177.7 MLBUps    205.04 GB/s [====================]
[  ]    ---- :    177.6 MLBUps    204.95 GB/s [====================]
[  ]    ---- :    178.2 MLBUps    205.66 GB/s [====================]
[  ]    ---- :    178.0 MLBUps    205.41 GB/s [====================]
[  ]    ---- :    177.6 MLBUps    204.99 GB/s [====================]
[  ]    ---- :    177.1 MLBUps    204.35 GB/s [====================]
[  ]    ---- :    177.4 MLBUps    204.75 GB/s [====================]
[  ]    ---- :    176.8 MLBUps    204.04 GB/s [====================]
[  ]    ---- :    176.8 MLBUps    204.03 GB/s [====================]
[  ]    ---- :    176.8 MLBUps    204.07 GB/s [====================]
[  ]    ---- :    177.3 MLBUps    204.63 GB/s [====================]
[  ]    ---- :    177.2 MLBUps    204.44 GB/s [====================]
[  ]    ---- :    177.6 MLBUps    205.00 GB/s [====================]
[  ]    ---- :    177.8 MLBUps    205.14 GB/s [====================]
[  ]    ---- :    176.9 MLBUps    204.13 GB/s [====================]
[  ]    ---- :    178.0 MLBUps    205.38 GB/s [====================]
[  ]    ---- :    177.3 MLBUps    204.56 GB/s [====================]
[  ]    ---- :    178.1 MLBUps    205.47 GB/s [====================]
[  ]    ---- :    177.6 MLBUps    204.90 GB/s [====================]
[  ]    ---- :    176.2 MLBUps    203.35 GB/s [====================]
[  ]    ---- :    176.8 MLBUps    203.98 GB/s [====================]
[  ]    ---- :    177.2 MLBUps    204.48 GB/s [====================]
[  ]    ---- :    177.1 MLBUps    204.41 GB/s [====================]
[  ]    ---- :    177.2 MLBUps    204.47 GB/s [====================]
[  ]    ---- :    177.1 MLBUps    204.39 GB/s [====================]
[  ]    ---- :    176.7 MLBUps    203.96 GB/s [====================]
[  ]    ---- :    177.5 MLBUps    204.79 GB/s [====================]
[  ]    ---- :    177.1 MLBUps    204.39 GB/s [====================]
[  ]    ---- :    176.7 MLBUps    203.96 GB/s [====================]
[  ]    ---- :    177.3 MLBUps    204.59 GB/s [====================]
[  ]    ---- :    176.9 MLBUps    204.15 GB/s [====================]
[  ]    ---- :    177.3 MLBUps    204.62 GB/s [====================]
[  ]    ---- :    177.5 MLBUps    204.87 GB/s [====================]
[  ]    ---- :    177.4 MLBUps    204.68 GB/s [====================]
[  ]    ---- :    177.8 MLBUps    205.21 GB/s [====================]
[  ]    ---- :    176.8 MLBUps    204.02 GB/s [====================]
[  ]    ---- :    177.0 MLBUps    204.25 GB/s [====================]
[  ]    ---- :    176.9 MLBUps    204.17 GB/s [====================]
[  ]    ---- :    177.3 MLBUps    204.57 GB/s [====================]
[  ]    ---- :    176.9 MLBUps    204.14 GB/s [====================]
[  ]    ---- :    177.2 MLBUps    204.55 GB/s [====================]
[  ]    ---- :    177.1 MLBUps    204.37 GB/s [====================]
[  ]    ---- :    177.1 MLBUps    204.43 GB/s [====================]
[  ]    ---- :    177.7 MLBUps    205.11 GB/s [====================]
[  ]    ---- :    177.3 MLBUps    204.55 GB/s [====================]
[  ]    ---- :    177.5 MLBUps    204.84 GB/s [====================]
[  ]    ---- :    177.2 MLBUps    204.50 GB/s [====================]
[  ]    ---- :    178.0 MLBUps    205.37 GB/s [====================]
[  ]    ---- :    176.9 MLBUps    204.12 GB/s [====================]
[  ]    ---- :    177.6 MLBUps    204.91 GB/s [====================]
[  ]    ---- :    178.1 MLBUps    205.55 GB/s [====================]
[  ]    ---- :    177.4 MLBUps    204.68 GB/s [====================]
[  ]    ---- :    177.1 MLBUps    204.37 GB/s [====================]
[  ]    ---- :    176.5 MLBUps    203.70 GB/s [====================]
[  ]    ---- :    176.5 MLBUps    203.72 GB/s [====================]
[  ]    ---- :    176.6 MLBUps    203.82 GB/s [====================]
[  ]    ---- :    177.3 MLBUps    204.57 GB/s [====================]
[  ]    ---- :    177.3 MLBUps    204.55 GB/s [====================]
[  ]    ---- :    177.4 MLBUps    204.76 GB/s [====================]
[  ]    ---- :    177.2 MLBUps    204.51 GB/s [====================]
[  ]    ---- :    177.5 MLBUps    204.89 GB/s [====================]
[  ]    ---- :    177.5 MLBUps    204.89 GB/s [====================]
[  ]    ---- :    178.2 MLBUps    205.60 GB/s [====================]
[  ]    ---- :    178.6 MLBUps    206.15 GB/s [====================]
[  ]    ---- :    179.0 MLBUps    206.55 GB/s [====================]
[  ]    ---- :    178.7 MLBUps    206.19 GB/s [====================]
[  ]    ---- :    178.9 MLBUps    206.43 GB/s [====================]
[  ]    ---- :    178.9 MLBUps    206.40 GB/s [====================]
[  ]    ---- :    178.9 MLBUps    206.41 GB/s [====================]
[  ]    ---- :    179.2 MLBUps    206.81 GB/s [====================]
[  ]    ---- :    179.2 MLBUps    206.75 GB/s [====================]
[  ]    ---- :    178.0 MLBUps    205.44 GB/s [====================]
[  ]    ---- :    178.6 MLBUps    206.11 GB/s [====================]
[  ]    ---- :    179.2 MLBUps    206.76 GB/s [====================]
[  ]    ---- :    178.2 MLBUps    205.61 GB/s [====================]
[  ]    ---- :    179.1 MLBUps    206.63 GB/s [====================]
[  ]    ---- :    178.8 MLBUps    206.36 GB/s [====================]
[  ]    ---- :    178.7 MLBUps    206.26 GB/s [====================]
[  ]    ---- :    179.2 MLBUps    206.74 GB/s [====================]
[  ]    ---- :    179.0 MLBUps    206.56 GB/s [====================]
[  ]    ---- :    177.7 MLBUps    205.12 GB/s [====================]
[  ]    ---- :    178.4 MLBUps    205.83 GB/s [====================]
[  ]    ---- :    178.9 MLBUps    206.42 GB/s [====================]
[  ]    ---- :    178.7 MLBUps    206.20 GB/s [====================]
[  ]    ---- :    178.5 MLBUps    206.02 GB/s [====================]
[  ]    ---- :    178.2 MLBUps    205.69 GB/s [====================]
[  ]    ---- :    178.8 MLBUps    206.36 GB/s [====================]
[  ]    ---- :    177.9 MLBUps    205.28 GB/s [====================]
[  ]    ---- :    178.9 MLBUps    206.46 GB/s [====================]
[  ]    ---- :    178.3 MLBUps    205.81 GB/s [====================]
[  ]    ---- :    178.8 MLBUps    206.36 GB/s [====================]
[  ]    ---- :    178.9 MLBUps    206.41 GB/s [====================]
[  ]    ---- :    178.1 MLBUps    205.56 GB/s [====================]
[  ]    ---- :    178.9 MLBUps    206.44 GB/s [====================]
[  ]    ---- :    178.6 MLBUps    206.16 GB/s [====================]
[  ]    ---- :    178.1 MLBUps    205.51 GB/s [====================]
[  ]    ---- :    178.5 MLBUps    206.02 GB/s [====================]
[  ]    ---- :    178.4 MLBUps    205.89 GB/s [====================]
[  ]    ---- :    178.3 MLBUps    205.70 GB/s [====================]
[  ]    ---- :    178.3 MLBUps    205.72 GB/s [====================]
[  ]    ---- :    178.0 MLBUps    205.42 GB/s [====================]
[  ]    ---- :    178.8 MLBUps    206.33 GB/s [====================]
[  ]    ---- :    178.7 MLBUps    206.20 GB/s [====================]
[  ]    ---- :    179.1 MLBUps    206.68 GB/s [====================]
[  ]    ---- :    178.2 MLBUps    205.62 GB/s [====================]
[  ]    ---- :    178.6 MLBUps    206.13 GB/s [====================]
[  ]    ---- :    178.6 MLBUps    206.15 GB/s [====================]
[  ]    ---- :    178.2 MLBUps    205.70 GB/s [====================]
[  ]    ---- :    177.8 MLBUps    205.18 GB/s [====================]
[  ]    ---- :    178.3 MLBUps    205.74 GB/s [====================]
[  ]    ---- :    178.4 MLBUps    205.84 GB/s [====================]
[  ]    ---- :    178.4 MLBUps    205.88 GB/s [====================]
[  ]    ---- :    178.5 MLBUps    205.94 GB/s [====================]
[  ]    ---- :    178.5 MLBUps    205.99 GB/s [====================]
[  ]    ---- :    178.6 MLBUps    206.15 GB/s [====================]
[  ]    ---- :    178.9 MLBUps    206.51 GB/s [====================]
[  ]    ---- :    178.8 MLBUps    206.32 GB/s [====================]
[  ]    ---- :    179.0 MLBUps    206.55 GB/s [====================]
[  ]    ---- :    178.5 MLBUps    205.97 GB/s [====================]
[  ]    ---- :    178.9 MLBUps    206.40 GB/s [====================]
[  ]    ---- :    178.4 MLBUps    205.87 GB/s [====================]
[  ]    ---- :    178.4 MLBUps    205.83 GB/s [====================]
[  ]    ---- :    178.5 MLBUps    206.03 GB/s [====================]
[  ]    ---- :    178.3 MLBUps    205.79 GB/s [====================]
[  ]    ---- :    177.7 MLBUps    205.05 GB/s [====================]
[  ]    ---- :    178.9 MLBUps    206.41 GB/s [====================]
[  ]    ---- :    178.0 MLBUps    205.45 GB/s [====================]
[  ]    ---- :    178.9 MLBUps    206.48 GB/s [====================]
[  ]    ---- :    179.3 MLBUps    206.91 GB/s [====================]
[  ]    ---- :    178.5 MLBUps    206.01 GB/s [====================]
[  ]    ---- :    178.1 MLBUps    205.50 GB/s [====================]
[  ]    ---- :    179.0 MLBUps    206.58 GB/s [====================]
[  ]    ---- :    178.9 MLBUps    206.50 GB/s [====================]
[  ]    ---- :    178.2 MLBUps    205.70 GB/s [====================]
[  ]    ---- :    177.9 MLBUps    205.34 GB/s [====================]
[  ]    ---- :    178.1 MLBUps    205.51 GB/s [====================]
[  ]    ---- :    178.4 MLBUps    205.86 GB/s [====================]
[  ]    ---- :    178.6 MLBUps    206.11 GB/s [====================]
[  ]    ---- :    178.8 MLBUps    206.30 GB/s [====================]
[  ]    ---- :    178.8 MLBUps    206.30 GB/s [====================]
[  ]    ---- :    179.0 MLBUps    206.55 GB/s [====================]
[  ]    ---- :    178.5 MLBUps    205.97 GB/s [====================]
[  ]    ---- :    178.9 MLBUps    206.43 GB/s [====================]
[  ]    ---- :    178.9 MLBUps    206.45 GB/s [====================]
[  ]    ---- :    178.9 MLBUps    206.50 GB/s [====================]
[  ]    ---- :    178.9 MLBUps    206.46 GB/s [====================]
[  ]    ---- :    177.8 MLBUps    205.20 GB/s [====================]
[  ]    ---- :    178.2 MLBUps    205.70 GB/s [====================]
[  ]    ---- :    179.0 MLBUps    206.60 GB/s [====================]
[  ]    ---- :    178.4 MLBUps    205.88 GB/s [====================]
[  ]    ---- :    178.3 MLBUps    205.80 GB/s [====================]
[  ]    ---- :    178.4 MLBUps    205.88 GB/s [====================]
[  ]    ---- :    178.9 MLBUps    206.41 GB/s [====================]
[  ]    ---- :    178.3 MLBUps    205.71 GB/s [====================]
[  ]    ---- :    178.1 MLBUps    205.57 GB/s [====================]
[  ]    ---- :    179.0 MLBUps    206.53 GB/s [====================]
[  ]    ---- :    178.9 MLBUps    206.42 GB/s [====================]
[  ]    ---- :    178.2 MLBUps    205.66 GB/s [====================]
[  ]    ---- :    179.0 MLBUps    206.52 GB/s [====================]
[  ]    ---- :    178.6 MLBUps    206.12 GB/s [====================]
[  ]    ---- :    178.4 MLBUps    205.83 GB/s [====================]
[  ]    ---- :    179.2 MLBUps    206.81 GB/s [====================]
[  ]    ---- :    178.5 MLBUps    206.01 GB/s [====================]
[  ]    ---- :    178.8 MLBUps    206.37 GB/s [====================]
[  ]    ---- :    178.8 MLBUps    206.33 GB/s [====================]
[  ]    ---- :    178.9 MLBUps    206.48 GB/s [====================]
[  ]    ---- :    178.4 MLBUps    205.92 GB/s [====================]
[  ]    ---- :    178.0 MLBUps    205.46 GB/s [====================]
[  ]    ---- :    178.7 MLBUps    206.21 GB/s [====================]
[  ]    ---- :    178.1 MLBUps    205.57 GB/s [====================]
[  ]    ---- :    178.7 MLBUps    206.17 GB/s [====================]
[  ]    ---- :    178.3 MLBUps    205.77 GB/s [====================]
[  ]    ---- :    178.9 MLBUps    206.50 GB/s [====================]
[  ]    ---- :    179.1 MLBUps    206.64 GB/s [====================]
[  ]    ---- :    178.3 MLBUps    205.79 GB/s [====================]
[  ]    ---- :    178.7 MLBUps    206.20 GB/s [====================]
[  ]    ---- :    178.4 MLBUps    205.91 GB/s [====================]
[  ]    ---- :    178.7 MLBUps    206.26 GB/s [====================]
[  ]    ---- :    178.8 MLBUps    206.32 GB/s [====================]
[  ]    ---- :    178.8 MLBUps    206.33 GB/s [====================]
[  ]    ---- :    179.1 MLBUps    206.63 GB/s [====================]
[  ]    ---- :    178.7 MLBUps    206.20 GB/s [====================]
[  ]    ---- :    178.5 MLBUps    205.98 GB/s [====================]
[  ]    ---- :    179.1 MLBUps    206.67 GB/s [====================]
[  ]    ---- :    178.0 MLBUps    205.39 GB/s [====================]
[  ]    ---- :    179.0 MLBUps    206.53 GB/s [====================]
[  ]    ---- :    178.8 MLBUps    206.38 GB/s [====================]
[  ]    ---- :    178.1 MLBUps    205.52 GB/s [====================]
[  ]    ---- :    178.9 MLBUps    206.50 GB/s [====================]
[  ]    ---- :    179.0 MLBUps    206.60 GB/s [====================]
[  ]    ---- :    178.9 MLBUps    206.39 GB/s [====================]
[  ]    ---- :    178.3 MLBUps    205.77 GB/s [====================]
[  ]    ---- :    178.5 MLBUps    205.94 GB/s [====================]
[  ]    ---- :    178.5 MLBUps    206.03 GB/s [====================]
[  ]    ---- :    179.0 MLBUps    206.52 GB/s [====================]
[  ]    ---- :    178.6 MLBUps    206.05 GB/s [====================]
[  ]    ---- :    179.2 MLBUps    206.76 GB/s [====================]
[  ]    ---- :    178.7 MLBUps    206.26 GB/s [====================]
[  ]    ---- :    179.0 MLBUps    206.56 GB/s [====================]
[  ]    ---- :    179.0 MLBUps    206.55 GB/s [====================]
[  ]    ---- :    178.3 MLBUps    205.81 GB/s [====================]
[  ]    ---- :    178.5 MLBUps    205.99 GB/s [====================]
[  ]    ---- :    178.7 MLBUps    206.28 GB/s [====================]
[  ]    ---- :    178.2 MLBUps    205.60 GB/s [====================]
[  ]    ---- :    178.6 MLBUps    206.09 GB/s [====================]
[  ]    ---- :    178.4 MLBUps    205.87 GB/s [====================]
[  ]    ---- :    179.2 MLBUps    206.84 GB/s [====================]
[  ]    ---- :    178.6 MLBUps    206.12 GB/s [====================]
[  ]    ---- :    178.9 MLBUps    206.40 GB/s [====================]
[  ]    ---- :    179.1 MLBUps    206.71 GB/s [====================]
[  ]    ---- :    178.9 MLBUps    206.45 GB/s [====================]
[  ]    ---- :    178.7 MLBUps    206.22 GB/s [====================]
[  ]    ---- :    178.8 MLBUps    206.32 GB/s [====================]
[  ]    ---- :    178.5 MLBUps    206.00 GB/s [====================]
[  ]    ---- :    178.7 MLBUps    206.23 GB/s [====================]
[  ]    ---- :    178.3 MLBUps    205.74 GB/s [====================]
[  ]    ---- :    178.7 MLBUps    206.21 GB/s [====================]
[  ]    ---- :    178.9 MLBUps    206.45 GB/s [====================]
[  ]    ---- :    178.7 MLBUps    206.22 GB/s [====================]
[  ]    ---- :    178.9 MLBUps    206.46 GB/s [====================]
[  ]    ---- :    178.7 MLBUps    206.22 GB/s [====================]
[  ]    ---- :    178.5 MLBUps    205.96 GB/s [====================]
[  ]    ---- :    178.5 MLBUps    206.02 GB/s [====================]
[  ]    ---- :    178.4 MLBUps    205.82 GB/s [====================]
[  ]    ---- :    179.1 MLBUps    206.69 GB/s [====================]
[  ]    ---- :    178.8 MLBUps    206.34 GB/s [====================]
[  ]    ---- :    178.8 MLBUps    206.37 GB/s [====================]
[  ]    ---- :    178.7 MLBUps    206.22 GB/s [====================]
[  ]    ---- :    178.8 MLBUps    206.37 GB/s [====================]
[  ]    ---- :    178.0 MLBUps    205.37 GB/s [====================]
[  ]    ---- :    178.2 MLBUps    205.59 GB/s [====================]
[  ]    ---- :    178.6 MLBUps    206.13 GB/s [====================]
[  ]    ---- :    178.4 MLBUps    205.92 GB/s [====================]
[  ]    ---- :    179.0 MLBUps    206.57 GB/s [====================]
[  ]    ---- :    177.9 MLBUps    205.31 GB/s [====================]
[  ]    ---- :    179.4 MLBUps    207.02 GB/s [====================]
[  ]    ---- :    177.7 MLBUps    205.03 GB/s [====================]
[  ]    ---- :    178.8 MLBUps    206.39 GB/s [====================]
[  ]    ---- :    178.6 MLBUps    206.15 GB/s [====================]
[  ]    ---- :    178.2 MLBUps    205.61 GB/s [====================]
[  ]    ---- :    178.8 MLBUps    206.38 GB/s [====================]
[  ]    ---- :    178.2 MLBUps    205.63 GB/s [====================]
[  ]    ---- :    178.0 MLBUps    205.37 GB/s [====================]
[  ]    ---- :    178.5 MLBUps    206.00 GB/s [====================]
[  ]    ---- :    178.3 MLBUps    205.75 GB/s [====================]
[  ]    ---- :    178.3 MLBUps    205.79 GB/s [====================]
[  ]    ---- :    178.3 MLBUps    205.74 GB/s [====================]
[  ]    ---- :    178.4 MLBUps    205.82 GB/s [====================]
[  ]    ---- :    178.6 MLBUps    206.12 GB/s [====================]
[  ]    ---- :    179.0 MLBUps    206.51 GB/s [====================]
[  ]    ---- :    178.5 MLBUps    206.04 GB/s [====================]
[  ]    ---- :    178.0 MLBUps    205.42 GB/s [====================]
[  ]    ---- :    179.0 MLBUps    206.60 GB/s [====================]
[  ]    ---- :    179.0 MLBUps    206.58 GB/s [====================]
[  ]    ---- :    178.9 MLBUps    206.46 GB/s [====================]
[  ]    ---- :    177.4 MLBUps    204.68 GB/s [====================]
[  ]    ---- :    178.4 MLBUps    205.86 GB/s [====================]
[  ]    ---- :    178.4 MLBUps    205.91 GB/s [====================]
[  ]    ---- :    178.8 MLBUps    206.30 GB/s [====================]
[  ]    ---- :    178.7 MLBUps    206.26 GB/s [====================]
[  ]    ---- :    177.7 MLBUps    205.03 GB/s [====================]
[  ]    ---- :    179.0 MLBUps    206.56 GB/s [====================]
[  ]    ---- :    179.0 MLBUps    206.57 GB/s [====================]
[  ]    ---- :    179.5 MLBUps    207.14 GB/s [====================]
[  ]    ---- :    177.7 MLBUps    205.09 GB/s [====================]
[  ]    ---- :    178.8 MLBUps    206.39 GB/s [====================]
[  ]    ---- :    178.4 MLBUps    205.88 GB/s [====================]
[  ]    ---- :    179.0 MLBUps    206.52 GB/s [====================]
[  ]    ---- :    178.2 MLBUps    205.64 GB/s [====================]
[  ]    ---- :    178.8 MLBUps    206.30 GB/s [====================]
[  ]    ---- :    178.5 MLBUps    205.93 GB/s [====================]
[  ]    ---- :    178.5 MLBUps    206.01 GB/s [====================]
[  ]    ---- :    178.4 MLBUps    205.83 GB/s [====================]
[  ]    ---- :    178.5 MLBUps    205.95 GB/s [====================]
[  ]    ---- :    178.8 MLBUps    206.31 GB/s [====================]
[  ]    ---- :    178.1 MLBUps    205.52 GB/s [====================]
[  ]    ---- :    178.9 MLBUps    206.48 GB/s [====================]
[  ]    ---- :    178.4 MLBUps    205.91 GB/s [====================]
[  ]    ---- :    179.0 MLBUps    206.60 GB/s [====================]
[  ]    ---- :    179.0 MLBUps    206.52 GB/s [====================]
[  ]    ---- :    179.3 MLBUps    206.94 GB/s [====================]
[  ]    ---- :    178.2 MLBUps    205.68 GB/s [====================]
[  ]    ---- :    178.6 MLBUps    206.11 GB/s [====================]
[  ]    ---- :    177.9 MLBUps    205.31 GB/s [====================]
[  ]    ---- :    178.4 MLBUps    205.86 GB/s [====================]
[  ]    ---- :    177.7 MLBUps    205.07 GB/s [====================]
[  ]    ---- :    178.0 MLBUps    205.42 GB/s [====================]
[  ]    ---- :    178.8 MLBUps    206.35 GB/s [====================]
[  ]    ---- :    178.3 MLBUps    205.77 GB/s [====================]
[  ]    ---- :    178.2 MLBUps    205.68 GB/s [====================]
[  ]    ---- :    178.0 MLBUps    205.42 GB/s [====================]
[  ]    ---- :    178.6 MLBUps    206.08 GB/s [====================]
[  ]    ---- :    178.7 MLBUps    206.19 GB/s [====================]
[  ]    ---- :    178.9 MLBUps    206.41 GB/s [====================]
[  ]    ---- :    178.1 MLBUps    205.52 GB/s [====================]
[  ]    ---- :    178.5 MLBUps    205.97 GB/s [====================]
[  ]    ---- :    178.9 MLBUps    206.41 GB/s [====================]
[  ]    ---- :    179.0 MLBUps    206.54 GB/s [====================]
[  ]    ---- :    178.0 MLBUps    205.40 GB/s [====================]
[  ]    ---- :    178.4 MLBUps    205.91 GB/s [====================]
[  ]    ---- :    177.7 MLBUps    205.02 GB/s [====================]
[  ]    ---- :    178.6 MLBUps    206.14 GB/s [====================]
[  ]    ---- :    178.9 MLBUps    206.51 GB/s [====================]
[  ]    ---- :    179.2 MLBUps    206.85 GB/s [====================]
[  ]    ---- :    178.9 MLBUps    206.47 GB/s [====================]
[  ]    ---- :    178.1 MLBUps    205.56 GB/s [====================]
[  ]    ---- :    178.8 MLBUps    206.37 GB/s [====================]
[  ]    ---- :    179.0 MLBUps    206.52 GB/s [====================]
[  ]    ---- :    178.5 MLBUps    206.00 GB/s [====================]
[  ]    ---- :    178.2 MLBUps    205.67 GB/s [====================]
[  ]    ---- :    178.7 MLBUps    206.17 GB/s [====================]
[  ]    ---- :    178.9 MLBUps    206.44 GB/s [====================]
[  ]    ---- :    178.1 MLBUps    205.50 GB/s [====================]
[  ]    ---- :    178.9 MLBUps    206.46 GB/s [====================]
[  ]    ---- :    178.1 MLBUps    205.52 GB/s [====================]
[  ]    ---- :    178.9 MLBUps    206.41 GB/s [====================]
[  ]    ---- :    178.7 MLBUps    206.23 GB/s [====================]
[  ]    ---- :    178.4 MLBUps    205.89 GB/s [====================]
[  ]    ---- :    178.6 MLBUps    206.06 GB/s [====================]
[  ]    ---- :    178.3 MLBUps    205.81 GB/s [====================]
[  ]    ---- :    178.1 MLBUps    205.49 GB/s [====================]
[  ]    ---- :    178.7 MLBUps    206.18 GB/s [====================]
[  ]    ---- :    178.3 MLBUps    205.70 GB/s [====================]
[  ]    ---- :    178.3 MLBUps    205.81 GB/s [====================]
[  ]    ---- :    178.2 MLBUps    205.65 GB/s [====================]
[  ]    ---- :    177.6 MLBUps    204.93 GB/s [====================]
[  ]    ---- :    178.2 MLBUps    205.60 GB/s [====================]
[  ]    ---- :    178.7 MLBUps    206.17 GB/s [====================]
[  ]    ---- :    178.4 MLBUps    205.90 GB/s [====================]
[  ]    ---- :    178.1 MLBUps    205.57 GB/s [====================]
[  ]    ---- :    178.9 MLBUps    206.50 GB/s [====================]
[  ]    ---- :    178.8 MLBUps    206.36 GB/s [====================]
[  ]    ---- :    178.3 MLBUps    205.75 GB/s [====================]
[  ]    ---- :    178.8 MLBUps    206.30 GB/s [====================]
[  ]    ---- :    178.0 MLBUps    205.36 GB/s [====================]
[  ]    ---- :    178.2 MLBUps    205.64 GB/s [====================]
[  ]    ---- :    178.1 MLBUps    205.52 GB/s [====================]
[  ]    ---- :    178.5 MLBUps    206.01 GB/s [====================]
[  ]    ---- :    178.6 MLBUps    206.10 GB/s [====================]
[  ]    ---- :    178.6 MLBUps    206.05 GB/s [====================]
[  ]    ---- :    179.1 MLBUps    206.70 GB/s [====================]
[  ]    ---- :    179.0 MLBUps    206.55 GB/s [====================]
[  ]    ---- :    178.3 MLBUps    205.74 GB/s [====================]
[  ]    ---- :    179.0 MLBUps    206.52 GB/s [====================]
[  ]    ---- :    178.3 MLBUps    205.74 GB/s [====================]
[  ]    ---- :    178.5 MLBUps    206.02 GB/s [====================]
[  ]    ---- :    179.1 MLBUps    206.73 GB/s [====================]
[  ]    ---- :    178.8 MLBUps    206.30 GB/s [====================]
[  ]    ---- :    178.0 MLBUps    205.36 GB/s [====================]
[  ]    ---- :    178.1 MLBUps    205.48 GB/s [====================]
[  ]    ---- :    178.3 MLBUps    205.80 GB/s [====================]
[  ]    ---- :    178.8 MLBUps    206.38 GB/s [====================]
[  ]    ---- :    177.9 MLBUps    205.30 GB/s [====================]
[  ]    ---- :    178.2 MLBUps    205.67 GB/s [====================]
[  ]    ---- :    178.3 MLBUps    205.70 GB/s [====================]
[  ]    ---- :    178.6 MLBUps    206.14 GB/s [====================]
[  ]    ---- :    179.0 MLBUps    206.59 GB/s [====================]
[  ]    ---- :    178.7 MLBUps    206.23 GB/s [====================]
[  ]    ---- :    178.5 MLBUps    205.95 GB/s [====================]
[  ]    ---- :    177.9 MLBUps    205.34 GB/s [====================]
[  ]    ---- :    178.7 MLBUps    206.27 GB/s [====================]
[  ]    ---- :    178.4 MLBUps    205.90 GB/s [====================]
[  ]    ---- :    178.7 MLBUps    206.20 GB/s [====================]
[  ]    ---- :    178.0 MLBUps    205.41 GB/s [====================]
[  ]    ---- :    178.8 MLBUps    206.32 GB/s [====================]
[  ]    ---- :    178.4 MLBUps    205.92 GB/s [====================]
[  ]    ---- :    178.3 MLBUps    205.79 GB/s [====================]
[  ]    ---- :    178.8 MLBUps    206.36 GB/s [====================]
[  ]    ---- :    178.3 MLBUps    205.75 GB/s [====================]
[  ]    ---- :    178.7 MLBUps    206.28 GB/s [====================]
[  ]    ---- :    178.5 MLBUps    206.03 GB/s [====================]
[  ]    ---- :    178.7 MLBUps    206.17 GB/s [====================]
[  ]    ---- :    178.2 MLBUps    205.60 GB/s [====================]
[  ]    ---- :    179.1 MLBUps    206.66 GB/s [====================]
[  ]    ---- :    178.7 MLBUps    206.21 GB/s [====================]
[  ]    ---- :    178.3 MLBUps    205.73 GB/s [====================]
[  ]    ---- :    178.4 MLBUps    205.88 GB/s [====================]
[  ]    ---- :    178.2 MLBUps    205.61 GB/s [====================]
[  ]    ---- :    178.2 MLBUps    205.66 GB/s [====================]
[  ]    ---- :    178.5 MLBUps    206.00 GB/s [====================]
[  ]    ---- :    178.5 MLBUps    206.01 GB/s [====================]
[  ]    ---- :    178.5 MLBUps    205.99 GB/s [====================]
[  ]    ---- :    178.7 MLBUps    206.25 GB/s [====================]
[  ]    ---- :    178.6 MLBUps    206.15 GB/s [====================]
[  ]    ---- :    178.8 MLBUps    206.28 GB/s [====================]
[  ]    ---- :    178.5 MLBUps    205.94 GB/s [====================]
[  ]    ---- :    178.3 MLBUps    205.79 GB/s [====================]
[  ]    ---- :    178.5 MLBUps    206.02 GB/s [====================]
[  ]    ---- :    178.9 MLBUps    206.46 GB/s [====================]
[  ]    ---- :    178.2 MLBUps    205.70 GB/s [====================]
[  ]    ---- :    178.6 MLBUps    206.12 GB/s [====================]
[  ]    ---- :    178.4 MLBUps    205.88 GB/s [====================]
[  ]    ---- :    177.1 MLBUps    204.36 GB/s [====================]
[  ]    ---- :    178.1 MLBUps    205.55 GB/s [====================]
[  ]    ---- :    178.5 MLBUps    206.01 GB/s [====================]
[  ]    ---- :    178.4 MLBUps    205.85 GB/s [====================]
[  ]    ---- :    179.0 MLBUps    206.53 GB/s [====================]
[  ]    ---- :    178.8 MLBUps    206.31 GB/s [====================]
[  ]    ---- :    178.6 MLBUps    206.15 GB/s [====================]
[  ]    ---- :    178.7 MLBUps    206.23 GB/s [====================]
[  ]    ---- :    178.0 MLBUps    205.38 GB/s [====================]
[  ]    ---- :    179.0 MLBUps    206.53 GB/s [====================]
[  ]    ---- :    178.5 MLBUps    206.04 GB/s [====================]
[  ]    ---- :    178.4 MLBUps    205.92 GB/s [====================]
[  ]    ---- :    179.1 MLBUps    206.71 GB/s [====================]
[  ]    ---- :    178.5 MLBUps    205.98 GB/s [====================]
[  ]    ---- :    178.4 MLBUps    205.92 GB/s [====================]
[  ]    ---- :    178.2 MLBUps    205.69 GB/s [====================]
[  ]    ---- :    178.4 MLBUps    205.93 GB/s [====================]
[  ]    ---- :    178.6 MLBUps    206.13 GB/s [====================]
[  ]    ---- :    178.8 MLBUps    206.31 GB/s [====================]
[  ]    ---- :    178.0 MLBUps    205.44 GB/s [====================]
[  ]    ---- :    179.2 MLBUps    206.79 GB/s [====================]
[  ]    ---- :    178.6 MLBUps    206.10 GB/s [====================]
[  ]    ---- :    178.7 MLBUps    206.22 GB/s [====================]
[  ]    ---- :    178.8 MLBUps    206.34 GB/s [====================]
[  ]    ---- :    178.6 MLBUps    206.13 GB/s [====================]
[  ]    ---- :    178.8 MLBUps    206.30 GB/s [====================]
[  ]    ---- :    178.7 MLBUps    206.19 GB/s [====================]
[  ]    ---- :    178.0 MLBUps    205.46 GB/s [====================]
[  ]    ---- :    178.0 MLBUps    205.47 GB/s [====================]
[  ]    ---- :    178.5 MLBUps    206.01 GB/s [====================]
[  ]    ---- :    176.9 MLBUps    204.11 GB/s [====================]
[  ]    ---- :    178.8 MLBUps    206.33 GB/s [====================]
[  ]    ---- :    178.5 MLBUps    206.02 GB/s [====================]
[  ]    ---- :    178.6 MLBUps    206.06 GB/s [====================]
[  ]    ---- :    177.8 MLBUps    205.23 GB/s [====================]
[  ]    ---- :    178.8 MLBUps    206.30 GB/s [====================]
[  ]    ---- :    178.8 MLBUps    206.37 GB/s [====================]
[  ]    ---- :    179.2 MLBUps    206.77 GB/s [====================]
[  ]    ---- :    177.7 MLBUps    205.08 GB/s [====================]
[  ]    ---- :    177.9 MLBUps    205.30 GB/s [====================]
[  ]    ---- :    177.9 MLBUps    205.25 GB/s [====================]
[  ]    ---- :    178.0 MLBUps    205.37 GB/s [====================]
[  ]    ---- :    178.6 MLBUps    206.05 GB/s [====================]
[  ]    ---- :    178.6 MLBUps    206.10 GB/s [====================]
[  ]    ---- :    178.3 MLBUps    205.72 GB/s [====================]
[  ]    ---- :    178.0 MLBUps    205.46 GB/s [====================]
[  ]    ---- :    178.9 MLBUps    206.49 GB/s [====================]
[  ]    ---- :    178.0 MLBUps    205.42 GB/s [====================]
[  ]    ---- :    178.3 MLBUps    205.75 GB/s [====================]
[  ]    ---- :    178.1 MLBUps    205.48 GB/s [====================]
[  ]    ---- :    178.5 MLBUps    205.94 GB/s [====================]
[  ]    ---- :    178.8 MLBUps    206.33 GB/s [====================]
[  ]    ---- :    178.8 MLBUps    206.36 GB/s [====================]
[  ]    ---- :    177.2 MLBUps    204.54 GB/s [====================]
[  ]    ---- :    177.6 MLBUps    205.00 GB/s [====================]
[  ]    ---- :    177.7 MLBUps    205.04 GB/s [====================]
[  ]    ---- :    178.1 MLBUps    205.50 GB/s [====================]
[  ]    ---- :    178.3 MLBUps    205.78 GB/s [====================]
[  ]    ---- :    179.0 MLBUps    206.57 GB/s [====================]
[  ]    ---- :    178.9 MLBUps    206.50 GB/s [====================]
[  ]    ---- :    179.1 MLBUps    206.69 GB/s [====================]
[  ]    ---- :    178.6 MLBUps    206.10 GB/s [====================]
[  ]    ---- :    177.7 MLBUps    205.02 GB/s [====================]
[  ]    ---- :    178.7 MLBUps    206.23 GB/s [====================]
[  ]    ---- :    178.5 MLBUps    206.03 GB/s [====================]
[  ]    ---- :    178.2 MLBUps    205.60 GB/s [====================]
[  ]    ---- :    178.6 MLBUps    206.07 GB/s [====================]
[  ]    ---- :    178.3 MLBUps    205.77 GB/s [====================]
[  ]    ---- :    178.6 MLBUps    206.06 GB/s [====================]
[  ]    ---- :    178.7 MLBUps    206.20 GB/s [====================]
[  ]    ---- :    178.6 MLBUps    206.11 GB/s [====================]
[  ]    ---- :    178.3 MLBUps    205.73 GB/s [====================]
[  ]    ---- :    178.5 MLBUps    205.95 GB/s [====================]
[  ]    ---- :    178.7 MLBUps    206.16 GB/s [====================]
[  ]    ---- :    179.1 MLBUps    206.65 GB/s [====================]
[  ]    ---- :    178.1 MLBUps    205.47 GB/s [====================]
[  ]    ---- :    179.2 MLBUps    206.77 GB/s [====================]
[  ]    ---- :    178.7 MLBUps    206.26 GB/s [====================]
[  ]    ---- :    179.2 MLBUps    206.77 GB/s [====================]
[  ]    ---- :    179.0 MLBUps    206.52 GB/s [====================]
[  ]    ---- :    178.7 MLBUps    206.22 GB/s [====================]
[  ]    ---- :    178.1 MLBUps    205.53 GB/s [====================]
[  ]    ---- :    178.6 MLBUps    206.10 GB/s [====================]
[  ]    ---- :    178.5 MLBUps    205.93 GB/s [====================]
[  ]    ---- :    178.1 MLBUps    205.51 GB/s [====================]
[  ]    ---- :    178.4 MLBUps    205.91 GB/s [====================]
[  ]    ---- :    178.0 MLBUps    205.38 GB/s [====================]
[  ]    ---- :    179.3 MLBUps    206.88 GB/s [====================]
[  ]    ---- :    178.6 MLBUps    206.15 GB/s [====================]
[  ]    ---- :    179.1 MLBUps    206.63 GB/s [====================]
[  ]    ---- :    178.9 MLBUps    206.42 GB/s [====================]
[  ]    ---- :    178.1 MLBUps    205.47 GB/s [====================]
[  ]    ---- :    179.0 MLBUps    206.51 GB/s [====================]
[  ]    ---- :    178.9 MLBUps    206.49 GB/s [====================]
[  ]    ---- :    177.9 MLBUps    205.29 GB/s [====================]
[  ]    ---- :    178.6 MLBUps    206.05 GB/s [====================]
[  ]    ---- :    178.1 MLBUps    205.56 GB/s [====================]
[  ]    ---- :    177.3 MLBUps    204.55 GB/s [====================]
[  ]    ---- :    178.8 MLBUps    206.38 GB/s [====================]
[  ]    ---- :    178.3 MLBUps    205.76 GB/s [====================]
[  ]    ---- :    178.8 MLBUps    206.33 GB/s [====================]
[  ]    ---- :    178.9 MLBUps    206.45 GB/s [====================]
[  ]    ---- :    178.7 MLBUps    206.25 GB/s [====================]
[  ]    ---- :    178.9 MLBUps    206.41 GB/s [====================]
[  ]    ---- :    178.8 MLBUps    206.38 GB/s [====================]
[  ]    ---- :    177.8 MLBUps    205.15 GB/s [====================]
[  ]    ---- :    178.4 MLBUps    205.88 GB/s [====================]
[  ]    ---- :    178.4 MLBUps    205.83 GB/s [====================]
[  ]    ---- :    177.7 MLBUps    205.10 GB/s [====================]
[  ]    ---- :    179.0 MLBUps    206.52 GB/s [====================]
[  ]    ---- :    179.2 MLBUps    206.79 GB/s [====================]
[  ]    ---- :    179.0 MLBUps    206.61 GB/s [====================]
[  ]    ---- :    177.9 MLBUps    205.25 GB/s [====================]
[  ]    ---- :    179.2 MLBUps    206.83 GB/s [====================]
[  ]    ---- :    178.7 MLBUps    206.27 GB/s [====================]
[  ]    ---- :    178.6 MLBUps    206.16 GB/s [====================]
[  ]    ---- :    178.8 MLBUps    206.28 GB/s [====================]
[  ]    ---- :    178.9 MLBUps    206.46 GB/s [====================]
[  ]    ---- :    178.6 MLBUps    206.14 GB/s [====================]
[  ]    ---- :    178.3 MLBUps    205.71 GB/s [====================]
[  ]    ---- :    178.8 MLBUps    206.37 GB/s [====================]
[  ]    ---- :    178.9 MLBUps    206.40 GB/s [====================]
[  ]    ---- :    178.0 MLBUps    205.41 GB/s [====================]
[  ]    ---- :    178.6 MLBUps    206.09 GB/s [====================]
[  ]    ---- :    178.7 MLBUps    206.17 GB/s [====================]
[  ]    ---- :    177.9 MLBUps    205.29 GB/s [====================]
[  ]    ---- :    178.9 MLBUps    206.42 GB/s [====================]
[  ]    ---- :    178.1 MLBUps    205.56 GB/s [====================]
[  ]    ---- :    179.3 MLBUps    206.88 GB/s [====================]
[  ]    ---- :    178.3 MLBUps    205.73 GB/s [====================]
[  ]    ---- :    178.7 MLBUps    206.26 GB/s [====================]
[  ]    ---- :    178.9 MLBUps    206.48 GB/s [====================]
[  ]    ---- :    178.5 MLBUps    205.96 GB/s [====================]
[  ]    ---- :    178.1 MLBUps    205.50 GB/s [====================]
[  ]    ---- :    178.7 MLBUps    206.26 GB/s [====================]
[  ]    ---- :    178.3 MLBUps    205.73 GB/s [====================]
[  ]    ---- :    178.5 MLBUps    205.98 GB/s [====================]
[  ]    ---- :    178.5 MLBUps    205.99 GB/s [====================]
[  ]    ---- :    178.2 MLBUps    205.65 GB/s [====================]
[  ]    ---- :    178.1 MLBUps    205.49 GB/s [====================]
[  ]    ---- :    178.4 MLBUps    205.83 GB/s [====================]
[  ]    ---- :    178.7 MLBUps    206.20 GB/s [====================]
[  ]    ---- :    177.9 MLBUps    205.35 GB/s [====================]
[  ]    ---- :    178.5 MLBUps    206.00 GB/s [====================]
[  ]    ---- :    178.2 MLBUps    205.63 GB/s [====================]
[  ]    ---- :    178.7 MLBUps    206.27 GB/s [====================]
[  ]    ---- :    178.8 MLBUps    206.30 GB/s [====================]
[  ]    ---- :    179.0 MLBUps    206.57 GB/s [====================]
[  ]    ---- :    178.8 MLBUps    206.34 GB/s [====================]
[  ]    ---- :    178.0 MLBUps    205.45 GB/s [====================]
[  ]    ---- :    178.9 MLBUps    206.47 GB/s [====================]
[  ]    ---- :    178.3 MLBUps    205.80 GB/s [====================]
[  ]    ---- :    179.0 MLBUps    206.58 GB/s [====================]
[  ]    ---- :    179.0 MLBUps    206.59 GB/s [====================]
[  ]    ---- :    178.9 MLBUps    206.45 GB/s [====================]
[  ]    ---- :    178.7 MLBUps    206.23 GB/s [====================]
[  ]    ---- :    178.5 MLBUps    205.97 GB/s [====================]
[  ]    ---- :    178.1 MLBUps    205.48 GB/s [====================]
[  ]    ---- :    178.7 MLBUps    206.27 GB/s [====================]
[  ]    ---- :    178.9 MLBUps    206.46 GB/s [====================]
[  ]    ---- :    178.9 MLBUps    206.51 GB/s [====================]
[  ]    ---- :    178.4 MLBUps    205.89 GB/s [====================]
[  ]    ---- :    177.9 MLBUps    205.30 GB/s [====================]
[  ]    ---- :    178.2 MLBUps    205.66 GB/s [====================]
[  ]    ---- :    178.3 MLBUps    205.75 GB/s [====================]
[  ]    ---- :    178.3 MLBUps    205.70 GB/s [====================]
[  ]    ---- :    178.4 MLBUps    205.85 GB/s [====================]
[  ]    ---- :    178.9 MLBUps    206.50 GB/s [====================]
[  ]    ---- :    178.6 MLBUps    206.09 GB/s [====================]
[  ]    ---- :    179.2 MLBUps    206.78 GB/s [====================]
[  ]    ---- :    178.6 MLBUps    206.07 GB/s [====================]
[  ]    ---- :    178.7 MLBUps    206.26 GB/s [====================]
[  ]    ---- :    178.1 MLBUps    205.54 GB/s [====================]
[  ]    ---- :    178.3 MLBUps    205.81 GB/s [====================]
[  ]    ---- :    178.0 MLBUps    205.41 GB/s [====================]
[  ]    ---- :    177.8 MLBUps    205.15 GB/s [====================]
[  ]    ---- :    178.1 MLBUps    205.57 GB/s [====================]
[  ]    ---- :    178.4 MLBUps    205.93 GB/s [====================]
[  ]    ---- :    178.5 MLBUps    205.95 GB/s [====================]
[  ]    ---- :    177.6 MLBUps    204.96 GB/s [====================]
[  ]    ---- :    178.7 MLBUps    206.19 GB/s [====================]
[  ]    ---- :    178.9 MLBUps    206.46 GB/s [====================]
[  ]    ---- :    179.2 MLBUps    206.74 GB/s [====================]
[  ]    ---- :    177.7 MLBUps    205.11 GB/s [====================]
[  ]    ---- :    178.4 MLBUps    205.82 GB/s [====================]
[  ]    ---- :    178.3 MLBUps    205.73 GB/s [====================]
[  ]    ---- :    178.4 MLBUps    205.83 GB/s [====================]
[  ]    ---- :    178.9 MLBUps    206.45 GB/s [====================]
[  ]    ---- :    178.3 MLBUps    205.75 GB/s [====================]
[  ]    ---- :    178.8 MLBUps    206.33 GB/s [====================]
[  ]    ---- :    178.1 MLBUps    205.51 GB/s [====================]
[  ]    ---- :    178.5 MLBUps    205.96 GB/s [====================]
[  ]    ---- :    178.4 MLBUps    205.83 GB/s [====================]
[  ]    ---- :    178.4 MLBUps    205.84 GB/s [====================]
[  ]    ---- :    178.3 MLBUps    205.80 GB/s [====================]
[  ]    ---- :    178.8 MLBUps    206.35 GB/s [====================]
[  ]    ---- :    179.0 MLBUps    206.54 GB/s [====================]
[  ]    ---- :    179.2 MLBUps    206.76 GB/s [====================]
[  ]    ---- :    177.7 MLBUps    205.11 GB/s [====================]
[  ]    ---- :    178.8 MLBUps    206.28 GB/s [====================]
[  ]    ---- :    178.7 MLBUps    206.19 GB/s [====================]
[  ]    ---- :    178.1 MLBUps    205.56 GB/s [====================]
[  ]    ---- :    178.3 MLBUps    205.78 GB/s [====================]
[  ]    ---- :    178.3 MLBUps    205.70 GB/s [====================]
[  ]    ---- :    178.2 MLBUps    205.70 GB/s [====================]
[  ]    ---- :    178.4 MLBUps    205.87 GB/s [====================]
[  ]    ---- :    178.9 MLBUps    206.42 GB/s [====================]
[  ]    ---- :    178.7 MLBUps    206.20 GB/s [====================]
[  ]    ---- :    179.3 MLBUps    206.89 GB/s [====================]
[  ]    ---- :    178.2 MLBUps    205.61 GB/s [====================]
[  ]    ---- :    179.3 MLBUps    206.88 GB/s [====================]
[  ]    ---- :    178.8 MLBUps    206.30 GB/s [====================]
[  ]    ---- :    178.7 MLBUps    206.26 GB/s [====================]
[  ]    ---- :    178.1 MLBUps    205.49 GB/s [====================]
[  ]    ---- :    179.0 MLBUps    206.56 GB/s [====================]
[  ]    ---- :    179.0 MLBUps    206.55 GB/s [====================]
[  ]    ---- :    177.6 MLBUps    204.99 GB/s [====================]
[  ]    ---- :    178.1 MLBUps    205.53 GB/s [====================]
[  ]    ---- :    178.8 MLBUps    206.34 GB/s [====================]
[  ]    ---- :    178.3 MLBUps    205.79 GB/s [====================]
[  ]    ---- :    177.8 MLBUps    205.20 GB/s [====================]
[  ]    ---- :    179.5 MLBUps    207.18 GB/s [====================]
[  ]    ---- :    178.3 MLBUps    205.71 GB/s [====================]
[  ]    ---- :    178.9 MLBUps    206.45 GB/s [====================]
[  ]    ---- :    177.7 MLBUps    205.10 GB/s [====================]
[  ]    ---- :    178.7 MLBUps    206.19 GB/s [====================]
[  ]    ---- :    178.7 MLBUps    206.26 GB/s [====================]
[  ]    ---- :    178.3 MLBUps    205.73 GB/s [====================]
[  ]    ---- :    178.0 MLBUps    205.45 GB/s [====================]
[  ]    ---- :    178.6 MLBUps    206.14 GB/s [====================]
[  ]    ---- :    178.9 MLBUps    206.40 GB/s [====================]
[  ]    ---- :    178.7 MLBUps    206.24 GB/s [====================]
[  ]    ---- :    178.5 MLBUps    206.01 GB/s [====================]
[  ]    ---- :    178.8 MLBUps    206.30 GB/s [====================]
[  ]    ---- :    178.2 MLBUps    205.64 GB/s [====================]
[  ]    ---- :    178.5 MLBUps    206.02 GB/s [====================]
[  ]    ---- :    178.4 MLBUps    205.88 GB/s [====================]
[  ]    ---- :    178.4 MLBUps    205.91 GB/s [====================]
[  ]    ---- :    178.7 MLBUps    206.19 GB/s [====================]
[  ]    ---- :    177.6 MLBUps    204.99 GB/s [====================]
[  ]    ---- :    178.9 MLBUps    206.45 GB/s [====================]
[  ]    ---- :    178.9 MLBUps    206.45 GB/s [====================]
[  ]    ---- :    178.8 MLBUps    206.32 GB/s [====================]
[  ]    ---- :    177.6 MLBUps    204.95 GB/s [====================]
[  ]    ---- :    178.0 MLBUps    205.37 GB/s [====================]
[  ]    ---- :    178.6 MLBUps    206.07 GB/s [====================]
[  ]    ---- :    178.4 MLBUps    205.83 GB/s [====================]
[  ]    ---- :    178.5 MLBUps    206.02 GB/s [====================]
[  ]    ---- :    178.8 MLBUps    206.30 GB/s [====================]
[  ]    ---- :    179.1 MLBUps    206.69 GB/s [====================]
[  ]    ---- :    178.7 MLBUps    206.27 GB/s [====================]
[  ]    ---- :    178.8 MLBUps    206.30 GB/s [====================]
[  ]    ---- :    178.4 MLBUps    205.84 GB/s [====================]
[  ]    ---- :    179.2 MLBUps    206.80 GB/s [====================]
[  ]    ---- :    177.7 MLBUps    205.11 GB/s [====================]
[  ]    ---- :    174.2 MLBUps    200.98 GB/s [====================]
[  ]    ---- :    174.6 MLBUps    201.45 GB/s [====================]
[  ]    ---- :    174.4 MLBUps    201.27 GB/s [====================]
[  ]    ---- :    175.0 MLBUps    201.99 GB/s [====================]
[  ]    ---- :    175.1 MLBUps    202.12 GB/s [====================]
[  ]    ---- :    174.5 MLBUps    201.36 GB/s [====================]
[  ]    ---- :    174.5 MLBUps    201.35 GB/s [====================]
[  ]    ---- :    174.6 MLBUps    201.49 GB/s [====================]
[  ]    ---- :    174.5 MLBUps    201.38 GB/s [====================]
[  ]    ---- :    174.8 MLBUps    201.75 GB/s [====================]
[  ]    ---- :    174.4 MLBUps    201.30 GB/s [====================]
[  ]    ---- :    174.1 MLBUps    200.90 GB/s [====================]
[  ]    ---- :    174.7 MLBUps    201.58 GB/s [====================]
[  ]    ---- :    175.3 MLBUps    202.25 GB/s [====================]
[  ]    ---- :    174.7 MLBUps    201.55 GB/s [====================]
[  ]    ---- :    175.5 MLBUps    202.55 GB/s [====================]
[  ]    ---- :    175.2 MLBUps    202.21 GB/s [====================]
[  ]    ---- :    174.7 MLBUps    201.63 GB/s [====================]
[  ]    ---- :    175.1 MLBUps    202.07 GB/s [====================]
[  ]    ---- :    175.0 MLBUps    201.96 GB/s [====================]
[  ]    ---- :    174.5 MLBUps    201.34 GB/s [====================]
[  ]    ---- :    174.6 MLBUps    201.51 GB/s [====================]
[  ]    ---- :    174.8 MLBUps    201.73 GB/s [====================]
[  ]    ---- :    174.4 MLBUps    201.31 GB/s [====================]
[  ]    ---- :    174.6 MLBUps    201.54 GB/s [====================]
[  ]    ---- :    174.6 MLBUps    201.47 GB/s [====================]
[  ]    ---- :    174.8 MLBUps    201.68 GB/s [====================]
[  ]    ---- :    174.9 MLBUps    201.80 GB/s [====================]
[  ]    ---- :    174.5 MLBUps    201.32 GB/s [====================]
[  ]    ---- :    174.4 MLBUps    201.23 GB/s [====================]
[  ]    ---- :    175.7 MLBUps    202.76 GB/s [====================]
[  ]    ---- :    174.3 MLBUps    201.12 GB/s [====================]
[  ]    ---- :    175.5 MLBUps    202.57 GB/s [====================]
[  ]    ---- :    175.7 MLBUps    202.70 GB/s [====================]
[  ]    ---- :    175.7 MLBUps    202.75 GB/s [====================]
[  ]    ---- :    174.6 MLBUps    201.45 GB/s [====================]
[  ]    ---- :    174.4 MLBUps    201.23 GB/s [====================]
[  ]    ---- :    174.9 MLBUps    201.82 GB/s [====================]
[  ]    ---- :    174.8 MLBUps    201.75 GB/s [====================]
[  ]    ---- :    174.9 MLBUps    201.82 GB/s [====================]
[  ]    ---- :    174.7 MLBUps    201.62 GB/s [====================]
[  ]    ---- :    174.9 MLBUps    201.80 GB/s [====================]
[  ]    ---- :    174.3 MLBUps    201.16 GB/s [====================]
[  ]    ---- :    174.6 MLBUps    201.53 GB/s [====================]
[  ]    ---- :    175.4 MLBUps    202.38 GB/s [====================]
[  ]    ---- :    175.1 MLBUps    202.06 GB/s [====================]
[  ]    ---- :    175.0 MLBUps    201.92 GB/s [====================]
[  ]    ---- :    175.4 MLBUps    202.37 GB/s [====================]
[  ]    ---- :    174.2 MLBUps    201.02 GB/s [====================]
[  ]    ---- :    175.3 MLBUps    202.32 GB/s [====================]
[  ]    ---- :    174.6 MLBUps    201.46 GB/s [====================]
[  ]    ---- :    175.6 MLBUps    202.59 GB/s [====================]
[  ]    ---- :    175.2 MLBUps    202.13 GB/s [====================]
[  ]    ---- :    174.7 MLBUps    201.55 GB/s [====================]
[  ]    ---- :    174.8 MLBUps    201.68 GB/s [====================]
[  ]    ---- :    174.5 MLBUps    201.32 GB/s [====================]
[  ]    ---- :    174.5 MLBUps    201.40 GB/s [====================]
[  ]    ---- :    174.6 MLBUps    201.45 GB/s [====================]
[  ]    ---- :    174.8 MLBUps    201.68 GB/s [====================]
[  ]    ---- :    174.7 MLBUps    201.63 GB/s [====================]
[  ]    ---- :    174.4 MLBUps    201.21 GB/s [====================]
[  ]    ---- :    174.4 MLBUps    201.26 GB/s [====================]
[  ]    ---- :    174.3 MLBUps    201.10 GB/s [====================]
[  ]    ---- :    175.0 MLBUps    201.92 GB/s [====================]
[  ]    ---- :    174.4 MLBUps    201.27 GB/s [====================]
[  ]    ---- :    174.4 MLBUps    201.26 GB/s [====================]
[  ]    ---- :    175.7 MLBUps    202.78 GB/s [====================]
[  ]    ---- :    174.8 MLBUps    201.66 GB/s [====================]
[  ]    ---- :    175.8 MLBUps    202.82 GB/s [====================]
[  ]    ---- :    174.6 MLBUps    201.46 GB/s [====================]
[  ]    ---- :    174.6 MLBUps    201.50 GB/s [====================]
[  ]    ---- :    175.1 MLBUps    202.05 GB/s [====================]
[  ]    ---- :    174.5 MLBUps    201.39 GB/s [====================]
[  ]    ---- :    174.6 MLBUps    201.52 GB/s [====================]
[  ]    ---- :    174.5 MLBUps    201.36 GB/s [====================]
[  ]    ---- :    174.5 MLBUps    201.35 GB/s [====================]
[  ]    ---- :    175.1 MLBUps    202.09 GB/s [====================]
[  ]    ---- :    174.9 MLBUps    201.85 GB/s [====================]
[  ]    ---- :    174.7 MLBUps    201.55 GB/s [====================]
[  ]    ---- :    175.1 MLBUps    202.03 GB/s [====================]
[  ]    ---- :    174.8 MLBUps    201.77 GB/s [====================]
[  ]    ---- :    174.7 MLBUps    201.60 GB/s [====================]
[  ]    ---- :    174.3 MLBUps    201.18 GB/s [====================]
[  ]    ---- :    174.5 MLBUps    201.35 GB/s [====================]
[  ]    ---- :    174.3 MLBUps    201.12 GB/s [====================]
[  ]    ---- :    175.8 MLBUps    202.82 GB/s [====================]
[  ]    ---- :    174.4 MLBUps    201.22 GB/s [====================]
[  ]    ---- :    175.5 MLBUps    202.49 GB/s [====================]
[  ]    ---- :    175.3 MLBUps    202.24 GB/s [====================]
[  ]    ---- :    174.9 MLBUps    201.80 GB/s [====================]
[  ]    ---- :    174.4 MLBUps    201.22 GB/s [====================]
[  ]    ---- :    175.3 MLBUps    202.25 GB/s [====================]
[  ]    ---- :    174.8 MLBUps    201.68 GB/s [====================]
[  ]    ---- :    175.1 MLBUps    202.10 GB/s [====================]
[  ]    ---- :    174.3 MLBUps    201.14 GB/s [====================]
[  ]    ---- :    174.7 MLBUps    201.64 GB/s [====================]
[  ]    ---- :    175.0 MLBUps    202.00 GB/s [====================]
[  ]    ---- :    174.8 MLBUps    201.73 GB/s [====================]
[  ]    ---- :    174.2 MLBUps    201.06 GB/s [====================]
[  ]    ---- :    174.9 MLBUps    201.89 GB/s [====================]
[  ]    ---- :    174.6 MLBUps    201.44 GB/s [====================]
[  ]    ---- :    174.5 MLBUps    201.39 GB/s [====================]
[  ]    ---- :    176.1 MLBUps    203.26 GB/s [====================]
[  ]    ---- :    175.0 MLBUps    201.93 GB/s [====================]
[  ]    ---- :    175.7 MLBUps    202.80 GB/s [====================]
[  ]    ---- :    175.1 MLBUps    202.07 GB/s [====================]
[  ]    ---- :    175.1 MLBUps    202.09 GB/s [====================]
[  ]    ---- :    174.7 MLBUps    201.60 GB/s [====================]
[  ]    ---- :    174.1 MLBUps    200.96 GB/s [====================]
[  ]    ---- :    175.0 MLBUps    201.91 GB/s [====================]
[  ]    ---- :    175.0 MLBUps    201.91 GB/s [====================]
[  ]    ---- :    174.7 MLBUps    201.59 GB/s [====================]
[  ]    ---- :    175.5 MLBUps    202.53 GB/s [====================]
[  ]    ---- :    174.8 MLBUps    201.77 GB/s [====================]
[  ]    ---- :    174.6 MLBUps    201.51 GB/s [====================]
[  ]    ---- :    174.9 MLBUps    201.80 GB/s [====================]
[  ]    ---- :    174.4 MLBUps    201.21 GB/s [====================]
[  ]    ---- :    174.6 MLBUps    201.48 GB/s [====================]
[  ]    ---- :    174.6 MLBUps    201.48 GB/s [====================]
[  ]    ---- :    175.3 MLBUps    202.27 GB/s [====================]
[  ]    ---- :    174.3 MLBUps    201.10 GB/s [====================]
[  ]    ---- :    175.8 MLBUps    202.93 GB/s [====================]
[  ]    ---- :    174.6 MLBUps    201.47 GB/s [====================]
[  ]    ---- :    175.1 MLBUps    202.04 GB/s [====================]
[  ]    ---- :    175.4 MLBUps    202.39 GB/s [====================]
[  ]    ---- :    175.8 MLBUps    202.88 GB/s [====================]
[  ]    ---- :    175.1 MLBUps    202.02 GB/s [====================]
[  ]    ---- :    175.4 MLBUps    202.37 GB/s [====================]
[  ]    ---- :    174.5 MLBUps    201.41 GB/s [====================]
[  ]    ---- :    174.7 MLBUps    201.60 GB/s [====================]
[  ]    ---- :    174.7 MLBUps    201.59 GB/s [====================]
[  ]    ---- :    175.2 MLBUps    202.21 GB/s [====================]
[  ]    ---- :    174.6 MLBUps    201.51 GB/s [====================]
[  ]    ---- :    174.4 MLBUps    201.26 GB/s [====================]
[  ]    ---- :    174.4 MLBUps    201.22 GB/s [====================]
[  ]    ---- :    174.7 MLBUps    201.58 GB/s [====================]
[  ]    ---- :    174.6 MLBUps    201.43 GB/s [====================]
[  ]    ---- :    174.8 MLBUps    201.68 GB/s [====================]
[  ]    ---- :    176.5 MLBUps    203.63 GB/s [====================]
[  ]    ---- :    175.8 MLBUps    202.82 GB/s [====================]
[  ]    ---- :    177.5 MLBUps    204.81 GB/s [====================]
[  ]    ---- :    176.6 MLBUps    203.83 GB/s [====================]
[  ]    ---- :    175.9 MLBUps    202.99 GB/s [====================]
[  ]    ---- :    176.2 MLBUps    203.36 GB/s [====================]
[  ]    ---- :    175.5 MLBUps    202.55 GB/s [====================]
[  ]    ---- :    176.4 MLBUps    203.54 GB/s [====================]
[  ]    ---- :    176.1 MLBUps    203.26 GB/s [====================]
[  ]    ---- :    175.2 MLBUps    202.15 GB/s [====================]
[  ]    ---- :    176.0 MLBUps    203.16 GB/s [====================]
[  ]    ---- :    176.3 MLBUps    203.50 GB/s [====================]
[  ]    ---- :    176.3 MLBUps    203.42 GB/s [====================]
[  ]    ---- :    176.2 MLBUps    203.35 GB/s [====================]
[  ]    ---- :    175.2 MLBUps    202.21 GB/s [====================]
[  ]    ---- :    175.6 MLBUps    202.69 GB/s [====================]
[  ]    ---- :    176.2 MLBUps    203.28 GB/s [====================]
[  ]    ---- :    177.7 MLBUps    205.01 GB/s [====================]
[  ]    ---- :    177.1 MLBUps    204.43 GB/s [====================]
[  ]    ---- :    178.4 MLBUps    205.92 GB/s [====================]
[  ]    ---- :    177.8 MLBUps    205.13 GB/s [====================]
[  ]    ---- :    176.7 MLBUps    203.96 GB/s [====================]
[  ]    ---- :    177.2 MLBUps    204.51 GB/s [====================]
[  ]    ---- :    177.5 MLBUps    204.79 GB/s [====================]
[  ]    ---- :    176.9 MLBUps    204.13 GB/s [====================]
[  ]    ---- :    177.3 MLBUps    204.62 GB/s [====================]
[  ]    ---- :    177.1 MLBUps    204.38 GB/s [====================]
[  ]    ---- :    177.6 MLBUps    204.93 GB/s [====================]
[  ]    ---- :    178.0 MLBUps    205.42 GB/s [====================]
[  ]    ---- :    178.0 MLBUps    205.40 GB/s [====================]
[  ]    ---- :    178.1 MLBUps    205.56 GB/s [====================]
[  ]    ---- :    177.9 MLBUps    205.33 GB/s [====================]
[  ]    ---- :    178.1 MLBUps    205.53 GB/s [====================]
[  ]    ---- :    177.1 MLBUps    204.35 GB/s [====================]
[  ]    ---- :    178.1 MLBUps    205.52 GB/s [====================]
[  ]    ---- :    178.0 MLBUps    205.37 GB/s [====================]
[  ]    ---- :    177.2 MLBUps    204.53 GB/s [====================]
[  ]    ---- :    178.1 MLBUps    205.47 GB/s [====================]
[  ]    ---- :    177.1 MLBUps    204.41 GB/s [====================]
[  ]    ---- :    177.0 MLBUps    204.23 GB/s [====================]
[  ]    ---- :    177.7 MLBUps    205.07 GB/s [====================]
[  ]    ---- :    177.3 MLBUps    204.60 GB/s [====================]
[  ]    ---- :    177.5 MLBUps    204.80 GB/s [====================]
[  ]    ---- :    177.0 MLBUps    204.31 GB/s [====================]
[  ]    ---- :    177.5 MLBUps    204.84 GB/s [====================]
[  ]    ---- :    177.3 MLBUps    204.55 GB/s [====================]
[  ]    ---- :    177.9 MLBUps    205.33 GB/s [====================]
[  ]    ---- :    178.0 MLBUps    205.41 GB/s [====================]
[  ]    ---- :    178.1 MLBUps    205.51 GB/s [====================]
[  ]    ---- :    178.0 MLBUps    205.41 GB/s [====================]
[  ]    ---- :    176.8 MLBUps    204.02 GB/s [====================]
[  ]    ---- :    177.5 MLBUps    204.87 GB/s [====================]
[  ]    ---- :    177.8 MLBUps    205.18 GB/s [====================]
[  ]    ---- :    177.4 MLBUps    204.76 GB/s [====================]
[  ]    ---- :    178.2 MLBUps    205.70 GB/s [====================]
[  ]    ---- :    177.1 MLBUps    204.38 GB/s [====================]
[  ]    ---- :    177.5 MLBUps    204.85 GB/s [====================]
[  ]    ---- :    177.2 MLBUps    204.50 GB/s [====================]
[  ]    ---- :    178.4 MLBUps    205.90 GB/s [====================]
[  ]    ---- :    176.9 MLBUps    204.18 GB/s [====================]
[  ]    ---- :    178.5 MLBUps    206.01 GB/s [====================]
[  ]    ---- :    177.9 MLBUps    205.31 GB/s [====================]
[  ]    ---- :    178.9 MLBUps    206.47 GB/s [====================]
[  ]    ---- :    177.7 MLBUps    205.05 GB/s [====================]
[  ]    ---- :    177.6 MLBUps    205.01 GB/s [====================]
[  ]    ---- :    178.2 MLBUps    205.62 GB/s [====================]
[  ]    ---- :    178.0 MLBUps    205.40 GB/s [====================]
[  ]    ---- :    176.9 MLBUps    204.18 GB/s [====================]
[  ]    ---- :    176.8 MLBUps    204.00 GB/s [====================]
[  ]    ---- :    177.1 MLBUps    204.40 GB/s [====================]
[  ]    ---- :    177.2 MLBUps    204.49 GB/s [====================]
[  ]    ---- :    178.0 MLBUps    205.37 GB/s [====================]
[  ]    ---- :    177.8 MLBUps    205.12 GB/s [====================]
[  ]    ---- :    177.8 MLBUps    205.21 GB/s [====================]
[  ]    ---- :    177.1 MLBUps    204.32 GB/s [====================]
[  ]    ---- :    178.1 MLBUps    205.52 GB/s [====================]
[  ]    ---- :    177.1 MLBUps    204.39 GB/s [====================]
[  ]    ---- :    177.7 MLBUps    205.09 GB/s [====================]
[  ]    ---- :    177.2 MLBUps    204.47 GB/s [====================]
[  ]    ---- :    177.5 MLBUps    204.86 GB/s [====================]
[  ]    ---- :    177.8 MLBUps    205.19 GB/s [====================]
[  ]    ---- :    177.6 MLBUps    204.96 GB/s [====================]
[  ]    ---- :    177.3 MLBUps    204.62 GB/s [====================]
[  ]    ---- :    177.2 MLBUps    204.50 GB/s [====================]
[  ]    ---- :    176.6 MLBUps    203.85 GB/s [====================]
[  ]    ---- :    177.5 MLBUps    204.81 GB/s [====================]
[  ]    ---- :    177.3 MLBUps    204.64 GB/s [====================]
[  ]    ---- :    177.4 MLBUps    204.70 GB/s [====================]
[  ]    ---- :    178.0 MLBUps    205.45 GB/s [====================]
[  ]    ---- :    177.5 MLBUps    204.78 GB/s [====================]
[  ]    ---- :    177.8 MLBUps    205.13 GB/s [====================]
[  ]    ---- :    177.3 MLBUps    204.60 GB/s [====================]
[  ]    ---- :    178.0 MLBUps    205.41 GB/s [====================]
[  ]    ---- :    177.0 MLBUps    204.28 GB/s [====================]
[  ]    ---- :    177.0 MLBUps    204.25 GB/s [====================]
[  ]    ---- :    177.5 MLBUps    204.81 GB/s [====================]
[  ]    ---- :    177.4 MLBUps    204.68 GB/s [====================]
[  ]    ---- :    177.6 MLBUps    204.95 GB/s [====================]
[  ]    ---- :    177.6 MLBUps    204.90 GB/s [====================]
[  ]    ---- :    177.4 MLBUps    204.71 GB/s [====================]
[  ]    ---- :    177.1 MLBUps    204.33 GB/s [====================]
[  ]    ---- :    178.2 MLBUps    205.68 GB/s [====================]
[  ]    ---- :    177.2 MLBUps    204.55 GB/s [====================]
[  ]    ---- :    178.1 MLBUps    205.49 GB/s [====================]
[  ]    ---- :    176.8 MLBUps    204.05 GB/s [====================]
[  ]    ---- :    178.1 MLBUps    205.58 GB/s [====================]
[  ]    ---- :    178.0 MLBUps    205.43 GB/s [====================]
[  ]    ---- :    177.2 MLBUps    204.54 GB/s [====================]
[  ]    ---- :    177.9 MLBUps    205.31 GB/s [====================]
[  ]    ---- :    177.2 MLBUps    204.53 GB/s [====================]
[  ]    ---- :    177.7 MLBUps    205.08 GB/s [====================]
[  ]    ---- :    177.0 MLBUps    204.23 GB/s [====================]
[  ]    ---- :    176.4 MLBUps    203.55 GB/s [====================]
[  ]    ---- :    177.0 MLBUps    204.29 GB/s [====================]
[  ]    ---- :    177.6 MLBUps    204.96 GB/s [====================]
[  ]    ---- :    177.9 MLBUps    205.28 GB/s [====================]
[  ]    ---- :    177.6 MLBUps    204.97 GB/s [====================]
[  ]    ---- :    178.0 MLBUps    205.42 GB/s [====================]
[  ]    ---- :    178.1 MLBUps    205.57 GB/s [====================]
[  ]    ---- :    177.0 MLBUps    204.21 GB/s [====================]
[  ]    ---- :    178.1 MLBUps    205.58 GB/s [====================]
[  ]    ---- :    177.5 MLBUps    204.83 GB/s [====================]
[  ]    ---- :    177.3 MLBUps    204.55 GB/s [====================]
[  ]    ---- :    178.2 MLBUps    205.64 GB/s [====================]
[  ]    ---- :    177.8 MLBUps    205.18 GB/s [====================]
[  ]    ---- :    178.4 MLBUps    205.92 GB/s [====================]
[  ]    ---- :    178.4 MLBUps    205.89 GB/s [====================]
[  ]    ---- :    177.2 MLBUps    204.47 GB/s [====================]
[  ]    ---- :    177.5 MLBUps    204.83 GB/s [====================]
[  ]    ---- :    177.5 MLBUps    204.78 GB/s [====================]
[  ]    ---- :    177.2 MLBUps    204.53 GB/s [====================]
[  ]    ---- :    177.9 MLBUps    205.28 GB/s [====================]
[  ]    ---- :    177.8 MLBUps    205.17 GB/s [====================]
[  ]    ---- :    178.0 MLBUps    205.41 GB/s [====================]
[  ]    ---- :    177.6 MLBUps    204.96 GB/s [====================]
[  ]    ---- :    178.5 MLBUps    206.04 GB/s [====================]
[  ]    ---- :    177.8 MLBUps    205.18 GB/s [====================]
[  ]    ---- :    177.3 MLBUps    204.61 GB/s [====================]
[  ]    ---- :    176.8 MLBUps    204.06 GB/s [====================]
[  ]    ---- :    177.7 MLBUps    205.01 GB/s [====================]
[  ]    ---- :    177.6 MLBUps    204.97 GB/s [====================]
[  ]    ---- :    177.2 MLBUps    204.54 GB/s [====================]
[  ]    ---- :    177.1 MLBUps    204.37 GB/s [====================]
[  ]    ---- :    177.7 MLBUps    205.04 GB/s [====================]
[  ]    ---- :    177.4 MLBUps    204.72 GB/s [====================]
[  ]    ---- :    177.1 MLBUps    204.40 GB/s [====================]
[  ]    ---- :    177.5 MLBUps    204.81 GB/s [====================]
[  ]    ---- :    177.0 MLBUps    204.28 GB/s [====================]
[  ]    ---- :    178.2 MLBUps    205.65 GB/s [====================]
[  ]    ---- :    177.9 MLBUps    205.25 GB/s [====================]
[  ]    ---- :    178.0 MLBUps    205.41 GB/s [====================]
[  ]    ---- :    178.0 MLBUps    205.45 GB/s [====================]
[  ]    ---- :    178.2 MLBUps    205.63 GB/s [====================]
[  ]    ---- :    177.0 MLBUps    204.21 GB/s [====================]
[  ]    ---- :    176.9 MLBUps    204.12 GB/s [====================]
[  ]    ---- :    177.1 MLBUps    204.34 GB/s [====================]
[  ]    ---- :    177.4 MLBUps    204.75 GB/s [====================]
[  ]    ---- :    176.9 MLBUps    204.17 GB/s [====================]
[  ]    ---- :    177.3 MLBUps    204.65 GB/s [====================]
[  ]    ---- :    177.4 MLBUps    204.68 GB/s [====================]
[  ]    ---- :    177.4 MLBUps    204.69 GB/s [====================]
[  ]    ---- :    178.4 MLBUps    205.89 GB/s [====================]
[  ]    ---- :    177.9 MLBUps    205.25 GB/s [====================]
[  ]    ---- :    177.9 MLBUps    205.34 GB/s [====================]
[  ]    ---- :    177.8 MLBUps    205.17 GB/s [====================]
[  ]    ---- :    177.5 MLBUps    204.89 GB/s [====================]
[  ]    ---- :    177.9 MLBUps    205.35 GB/s [====================]
[  ]    ---- :    177.4 MLBUps    204.72 GB/s [====================]
[  ]    ---- :    177.3 MLBUps    204.55 GB/s [====================]
[  ]    ---- :    177.7 MLBUps    205.05 GB/s [====================]
[  ]    ---- :    177.4 MLBUps    204.67 GB/s [====================]
[  ]    ---- :    177.3 MLBUps    204.55 GB/s [====================]
[  ]    ---- :    177.4 MLBUps    204.75 GB/s [====================]
[  ]    ---- :    177.4 MLBUps    204.76 GB/s [====================]
[  ]    ---- :    177.5 MLBUps    204.87 GB/s [====================]
[  ]    ---- :    177.3 MLBUps    204.65 GB/s [====================]
[  ]    ---- :    178.2 MLBUps    205.61 GB/s [====================]
[  ]    ---- :    176.9 MLBUps    204.15 GB/s [====================]
[  ]    ---- :    177.7 MLBUps    205.04 GB/s [====================]
[  ]    ---- :    177.7 MLBUps    205.09 GB/s [====================]
[  ]    ---- :    178.0 MLBUps    205.42 GB/s [====================]
[  ]    ---- :    176.7 MLBUps    203.90 GB/s [====================]
[  ]    ---- :    177.5 MLBUps    204.86 GB/s [====================]
[  ]    ---- :    177.7 MLBUps    205.10 GB/s [====================]
[  ]    ---- :    50000 it writing vtk
[  ]    ---- : Total duration: 389.598060 s = 6.493301 min = 0.108222 h
