MPMD: TCLB: local:0/1 work:0/1 ---  connected to:
[  ]    ---- : Using std::chrono::steady_clock::now() for walltime
[  ]    #### : -------------------------------------------------------------------------
[  ]    #### : -  CLB version:                   ded67cd                               -
[  ]    #### : -        Model: d3q27_pf_velocity_q27_geometric                               -
[  ]    #### : -------------------------------------------------------------------------
[  ]    #### : Setting output path to: case
[  ]    ---- : Discarding 1 comments
[ 0]    ---- : Selecting device 0/1
[  ]    ---- :   Threads  |      Action
[  ]    ==== :    32x4    | BorderExecutor<(eOperationType)0, (eCalculateGlobals)0, (eStage)0> --- Reduced from maximum 512
[  ]    ==== :    32x4    | BorderExecutor<(eOperationType)0, (eCalculateGlobals)0, (eStage)1> --- Reduced from maximum 384
[  ]    ==== :    32x4    | BorderExecutor<(eOperationType)0, (eCalculateGlobals)0, (eStage)2> --- Reduced from maximum 384
[  ]    ==== :    32x4    | BorderExecutor<(eOperationType)0, (eCalculateGlobals)0, (eStage)3> --- Reduced from maximum 256
[  ]    ==== :    32x4    | BorderExecutor<(eOperationType)0, (eCalculateGlobals)0, (eStage)4> --- Reduced from maximum 1024
[  ]    ==== :    32x4    | BorderExecutor<(eOperationType)0, (eCalculateGlobals)0, (eStage)5> --- Reduced from maximum 512
[  ]    ==== :    32x4    | BorderExecutor<(eOperationType)0, (eCalculateGlobals)0, (eStage)6> --- Reduced from maximum 1024
[  ]    ==== :    32x4    | BorderExecutor<(eOperationType)0, (eCalculateGlobals)0, (eStage)7> --- Reduced from maximum 640
[  ]    ==== :    32x4    | BorderExecutor<(eOperationType)0, (eCalculateGlobals)0, (eStage)8> --- Reduced from maximum 640
[  ]    ==== :    32x4    | BorderExecutor<(eOperationType)0, (eCalculateGlobals)0, (eStage)9> --- Reduced from maximum 1024
[  ]    ==== :    32x4    | BorderExecutor<(eOperationType)0, (eCalculateGlobals)1, (eStage)0> --- Reduced from maximum 640
[  ]    ==== :    32x4    | BorderExecutor<(eOperationType)0, (eCalculateGlobals)1, (eStage)1> --- Reduced from maximum 384
[  ]    ==== :    32x4    | BorderExecutor<(eOperationType)0, (eCalculateGlobals)1, (eStage)2> --- Reduced from maximum 256
[  ]    ==== :    32x4    | BorderExecutor<(eOperationType)0, (eCalculateGlobals)1, (eStage)3> --- Reduced from maximum 256
[  ]    ==== :    32x4    | BorderExecutor<(eOperationType)0, (eCalculateGlobals)1, (eStage)4> --- Reduced from maximum 1024
[  ]    ==== :    32x4    | BorderExecutor<(eOperationType)0, (eCalculateGlobals)1, (eStage)5> --- Reduced from maximum 512
[  ]    ==== :    32x4    | BorderExecutor<(eOperationType)0, (eCalculateGlobals)1, (eStage)6> --- Reduced from maximum 1024
[  ]    ==== :    32x4    | BorderExecutor<(eOperationType)0, (eCalculateGlobals)1, (eStage)7> --- Reduced from maximum 640
[  ]    ==== :    32x4    | BorderExecutor<(eOperationType)0, (eCalculateGlobals)1, (eStage)8> --- Reduced from maximum 640
[  ]    ==== :    32x4    | BorderExecutor<(eOperationType)0, (eCalculateGlobals)1, (eStage)9> --- Reduced from maximum 1024
[  ]    ==== :    32x4    | BorderExecutor<(eOperationType)0, (eCalculateGlobals)2, (eStage)0> --- Reduced from maximum 1024
[  ]    ==== :    32x4    | BorderExecutor<(eOperationType)0, (eCalculateGlobals)2, (eStage)1> --- Reduced from maximum 1024
[  ]    ==== :    32x4    | BorderExecutor<(eOperationType)0, (eCalculateGlobals)2, (eStage)2> --- Reduced from maximum 1024
[  ]    ==== :    32x4    | BorderExecutor<(eOperationType)0, (eCalculateGlobals)2, (eStage)3> --- Reduced from maximum 1024
[  ]    ==== :    32x4    | BorderExecutor<(eOperationType)0, (eCalculateGlobals)2, (eStage)4> --- Reduced from maximum 1024
[  ]    ==== :    32x4    | BorderExecutor<(eOperationType)0, (eCalculateGlobals)2, (eStage)5> --- Reduced from maximum 1024
[  ]    ==== :    32x4    | BorderExecutor<(eOperationType)0, (eCalculateGlobals)2, (eStage)6> --- Reduced from maximum 1024
[  ]    ==== :    32x4    | BorderExecutor<(eOperationType)0, (eCalculateGlobals)2, (eStage)7> --- Reduced from maximum 1024
[  ]    ==== :    32x4    | BorderExecutor<(eOperationType)0, (eCalculateGlobals)2, (eStage)8> --- Reduced from maximum 1024
[  ]    ==== :    32x4    | BorderExecutor<(eOperationType)0, (eCalculateGlobals)2, (eStage)9> --- Reduced from maximum 1024
[  ]    ==== :    32x4    | BorderExecutor<(eOperationType)1, (eCalculateGlobals)0, (eStage)0> --- Reduced from maximum 1024
[  ]    ==== :    32x4    | BorderExecutor<(eOperationType)1, (eCalculateGlobals)0, (eStage)1> --- Reduced from maximum 1024
[  ]    ==== :    32x4    | BorderExecutor<(eOperationType)1, (eCalculateGlobals)0, (eStage)2> --- Reduced from maximum 1024
[  ]    ==== :    32x4    | BorderExecutor<(eOperationType)1, (eCalculateGlobals)0, (eStage)3> --- Reduced from maximum 1024
[  ]    ==== :    32x4    | BorderExecutor<(eOperationType)1, (eCalculateGlobals)0, (eStage)4> --- Reduced from maximum 1024
[  ]    ==== :    32x4    | BorderExecutor<(eOperationType)1, (eCalculateGlobals)0, (eStage)5> --- Reduced from maximum 1024
[  ]    ==== :    32x4    | BorderExecutor<(eOperationType)1, (eCalculateGlobals)0, (eStage)6> --- Reduced from maximum 1024
[  ]    ==== :    32x4    | BorderExecutor<(eOperationType)1, (eCalculateGlobals)0, (eStage)7> --- Reduced from maximum 1024
[  ]    ==== :    32x4    | BorderExecutor<(eOperationType)1, (eCalculateGlobals)0, (eStage)8> --- Reduced from maximum 1024
[  ]    ==== :    32x4    | BorderExecutor<(eOperationType)1, (eCalculateGlobals)0, (eStage)9> --- Reduced from maximum 1024
[  ]    ==== :    32x4    | BorderExecutor<(eOperationType)1, (eCalculateGlobals)1, (eStage)0> --- Reduced from maximum 1024
[  ]    ==== :    32x4    | BorderExecutor<(eOperationType)1, (eCalculateGlobals)1, (eStage)1> --- Reduced from maximum 1024
[  ]    ==== :    32x4    | BorderExecutor<(eOperationType)1, (eCalculateGlobals)1, (eStage)2> --- Reduced from maximum 1024
[  ]    ==== :    32x4    | BorderExecutor<(eOperationType)1, (eCalculateGlobals)1, (eStage)3> --- Reduced from maximum 1024
[  ]    ==== :    32x4    | BorderExecutor<(eOperationType)1, (eCalculateGlobals)1, (eStage)4> --- Reduced from maximum 1024
[  ]    ==== :    32x4    | BorderExecutor<(eOperationType)1, (eCalculateGlobals)1, (eStage)5> --- Reduced from maximum 1024
[  ]    ==== :    32x4    | BorderExecutor<(eOperationType)1, (eCalculateGlobals)1, (eStage)6> --- Reduced from maximum 1024
[  ]    ==== :    32x4    | BorderExecutor<(eOperationType)1, (eCalculateGlobals)1, (eStage)7> --- Reduced from maximum 1024
[  ]    ==== :    32x4    | BorderExecutor<(eOperationType)1, (eCalculateGlobals)1, (eStage)8> --- Reduced from maximum 1024
[  ]    ==== :    32x4    | BorderExecutor<(eOperationType)1, (eCalculateGlobals)1, (eStage)9> --- Reduced from maximum 1024
[  ]    ==== :    32x4    | BorderExecutor<(eOperationType)1, (eCalculateGlobals)2, (eStage)0> --- Reduced from maximum 1024
[  ]    ==== :    32x4    | BorderExecutor<(eOperationType)1, (eCalculateGlobals)2, (eStage)1> --- Reduced from maximum 1024
[  ]    ==== :    32x4    | BorderExecutor<(eOperationType)1, (eCalculateGlobals)2, (eStage)2> --- Reduced from maximum 1024
[  ]    ==== :    32x4    | BorderExecutor<(eOperationType)1, (eCalculateGlobals)2, (eStage)3> --- Reduced from maximum 1024
[  ]    ==== :    32x4    | BorderExecutor<(eOperationType)1, (eCalculateGlobals)2, (eStage)4> --- Reduced from maximum 1024
[  ]    ==== :    32x4    | BorderExecutor<(eOperationType)1, (eCalculateGlobals)2, (eStage)5> --- Reduced from maximum 1024
[  ]    ==== :    32x4    | BorderExecutor<(eOperationType)1, (eCalculateGlobals)2, (eStage)6> --- Reduced from maximum 1024
[  ]    ==== :    32x4    | BorderExecutor<(eOperationType)1, (eCalculateGlobals)2, (eStage)7> --- Reduced from maximum 1024
[  ]    ==== :    32x4    | BorderExecutor<(eOperationType)1, (eCalculateGlobals)2, (eStage)8> --- Reduced from maximum 1024
[  ]    ==== :    32x4    | BorderExecutor<(eOperationType)1, (eCalculateGlobals)2, (eStage)9> --- Reduced from maximum 1024
[  ]    ==== :    32x4    | BorderExecutor<(eOperationType)3, (eCalculateGlobals)0, (eStage)0> --- Reduced from maximum 1024
[  ]    ==== :    32x4    | BorderExecutor<(eOperationType)3, (eCalculateGlobals)0, (eStage)1> --- Reduced from maximum 1024
[  ]    ==== :    32x4    | BorderExecutor<(eOperationType)3, (eCalculateGlobals)0, (eStage)2> --- Reduced from maximum 1024
[  ]    ==== :    32x4    | BorderExecutor<(eOperationType)3, (eCalculateGlobals)0, (eStage)3> --- Reduced from maximum 1024
[  ]    ==== :    32x4    | BorderExecutor<(eOperationType)3, (eCalculateGlobals)0, (eStage)4> --- Reduced from maximum 1024
[  ]    ==== :    32x4    | BorderExecutor<(eOperationType)3, (eCalculateGlobals)0, (eStage)5> --- Reduced from maximum 1024
[  ]    ==== :    32x4    | BorderExecutor<(eOperationType)3, (eCalculateGlobals)0, (eStage)6> --- Reduced from maximum 1024
[  ]    ==== :    32x4    | BorderExecutor<(eOperationType)3, (eCalculateGlobals)0, (eStage)7> --- Reduced from maximum 1024
[  ]    ==== :    32x4    | BorderExecutor<(eOperationType)3, (eCalculateGlobals)0, (eStage)8> --- Reduced from maximum 1024
[  ]    ==== :    32x4    | BorderExecutor<(eOperationType)3, (eCalculateGlobals)0, (eStage)9> --- Reduced from maximum 1024
[  ]    ==== :    32x4    | BorderExecutor<(eOperationType)3, (eCalculateGlobals)1, (eStage)0> --- Reduced from maximum 1024
[  ]    ==== :    32x4    | BorderExecutor<(eOperationType)3, (eCalculateGlobals)1, (eStage)1> --- Reduced from maximum 1024
[  ]    ==== :    32x4    | BorderExecutor<(eOperationType)3, (eCalculateGlobals)1, (eStage)2> --- Reduced from maximum 1024
[  ]    ==== :    32x4    | BorderExecutor<(eOperationType)3, (eCalculateGlobals)1, (eStage)3> --- Reduced from maximum 1024
[  ]    ==== :    32x4    | BorderExecutor<(eOperationType)3, (eCalculateGlobals)1, (eStage)4> --- Reduced from maximum 1024
[  ]    ==== :    32x4    | BorderExecutor<(eOperationType)3, (eCalculateGlobals)1, (eStage)5> --- Reduced from maximum 1024
[  ]    ==== :    32x4    | BorderExecutor<(eOperationType)3, (eCalculateGlobals)1, (eStage)6> --- Reduced from maximum 1024
[  ]    ==== :    32x4    | BorderExecutor<(eOperationType)3, (eCalculateGlobals)1, (eStage)7> --- Reduced from maximum 1024
[  ]    ==== :    32x4    | BorderExecutor<(eOperationType)3, (eCalculateGlobals)1, (eStage)8> --- Reduced from maximum 1024
[  ]    ==== :    32x4    | BorderExecutor<(eOperationType)3, (eCalculateGlobals)1, (eStage)9> --- Reduced from maximum 1024
[  ]    ==== :    32x4    | BorderExecutor<(eOperationType)3, (eCalculateGlobals)2, (eStage)0> --- Reduced from maximum 1024
[  ]    ==== :    32x4    | BorderExecutor<(eOperationType)3, (eCalculateGlobals)2, (eStage)1> --- Reduced from maximum 1024
[  ]    ==== :    32x4    | BorderExecutor<(eOperationType)3, (eCalculateGlobals)2, (eStage)2> --- Reduced from maximum 1024
[  ]    ==== :    32x4    | BorderExecutor<(eOperationType)3, (eCalculateGlobals)2, (eStage)3> --- Reduced from maximum 1024
[  ]    ==== :    32x4    | BorderExecutor<(eOperationType)3, (eCalculateGlobals)2, (eStage)4> --- Reduced from maximum 1024
[  ]    ==== :    32x4    | BorderExecutor<(eOperationType)3, (eCalculateGlobals)2, (eStage)5> --- Reduced from maximum 1024
[  ]    ==== :    32x4    | BorderExecutor<(eOperationType)3, (eCalculateGlobals)2, (eStage)6> --- Reduced from maximum 1024
[  ]    ==== :    32x4    | BorderExecutor<(eOperationType)3, (eCalculateGlobals)2, (eStage)7> --- Reduced from maximum 1024
[  ]    ==== :    32x4    | BorderExecutor<(eOperationType)3, (eCalculateGlobals)2, (eStage)8> --- Reduced from maximum 1024
[  ]    ==== :    32x4    | BorderExecutor<(eOperationType)3, (eCalculateGlobals)2, (eStage)9> --- Reduced from maximum 1024
[  ]    ==== :    32x4    | BorderExecutor<(eOperationType)4, (eCalculateGlobals)0, (eStage)0> --- Reduced from maximum 1024
[  ]    ==== :    32x4    | BorderExecutor<(eOperationType)4, (eCalculateGlobals)0, (eStage)1> --- Reduced from maximum 1024
[  ]    ==== :    32x4    | BorderExecutor<(eOperationType)4, (eCalculateGlobals)0, (eStage)2> --- Reduced from maximum 1024
[  ]    ==== :    32x4    | BorderExecutor<(eOperationType)4, (eCalculateGlobals)0, (eStage)3> --- Reduced from maximum 1024
[  ]    ==== :    32x4    | BorderExecutor<(eOperationType)4, (eCalculateGlobals)0, (eStage)4> --- Reduced from maximum 1024
[  ]    ==== :    32x4    | BorderExecutor<(eOperationType)4, (eCalculateGlobals)0, (eStage)5> --- Reduced from maximum 1024
[  ]    ==== :    32x4    | BorderExecutor<(eOperationType)4, (eCalculateGlobals)0, (eStage)6> --- Reduced from maximum 1024
[  ]    ==== :    32x4    | BorderExecutor<(eOperationType)4, (eCalculateGlobals)0, (eStage)7> --- Reduced from maximum 1024
[  ]    ==== :    32x4    | BorderExecutor<(eOperationType)4, (eCalculateGlobals)0, (eStage)8> --- Reduced from maximum 1024
[  ]    ==== :    32x4    | BorderExecutor<(eOperationType)4, (eCalculateGlobals)0, (eStage)9> --- Reduced from maximum 1024
[  ]    ==== :    32x4    | BorderExecutor<(eOperationType)4, (eCalculateGlobals)1, (eStage)0> --- Reduced from maximum 1024
[  ]    ==== :    32x4    | BorderExecutor<(eOperationType)4, (eCalculateGlobals)1, (eStage)1> --- Reduced from maximum 1024
[  ]    ==== :    32x4    | BorderExecutor<(eOperationType)4, (eCalculateGlobals)1, (eStage)2> --- Reduced from maximum 1024
[  ]    ==== :    32x4    | BorderExecutor<(eOperationType)4, (eCalculateGlobals)1, (eStage)3> --- Reduced from maximum 1024
[  ]    ==== :    32x4    | BorderExecutor<(eOperationType)4, (eCalculateGlobals)1, (eStage)4> --- Reduced from maximum 1024
[  ]    ==== :    32x4    | BorderExecutor<(eOperationType)4, (eCalculateGlobals)1, (eStage)5> --- Reduced from maximum 1024
[  ]    ==== :    32x4    | BorderExecutor<(eOperationType)4, (eCalculateGlobals)1, (eStage)6> --- Reduced from maximum 1024
[  ]    ==== :    32x4    | BorderExecutor<(eOperationType)4, (eCalculateGlobals)1, (eStage)7> --- Reduced from maximum 1024
[  ]    ==== :    32x4    | BorderExecutor<(eOperationType)4, (eCalculateGlobals)1, (eStage)8> --- Reduced from maximum 1024
[  ]    ==== :    32x4    | BorderExecutor<(eOperationType)4, (eCalculateGlobals)1, (eStage)9> --- Reduced from maximum 1024
[  ]    ==== :    32x4    | BorderExecutor<(eOperationType)4, (eCalculateGlobals)2, (eStage)0> --- Reduced from maximum 1024
[  ]    ==== :    32x4    | BorderExecutor<(eOperationType)4, (eCalculateGlobals)2, (eStage)1> --- Reduced from maximum 1024
[  ]    ==== :    32x4    | BorderExecutor<(eOperationType)4, (eCalculateGlobals)2, (eStage)2> --- Reduced from maximum 1024
[  ]    ==== :    32x4    | BorderExecutor<(eOperationType)4, (eCalculateGlobals)2, (eStage)3> --- Reduced from maximum 1024
[  ]    ==== :    32x4    | BorderExecutor<(eOperationType)4, (eCalculateGlobals)2, (eStage)4> --- Reduced from maximum 1024
[  ]    ==== :    32x4    | BorderExecutor<(eOperationType)4, (eCalculateGlobals)2, (eStage)5> --- Reduced from maximum 1024
[  ]    ==== :    32x4    | BorderExecutor<(eOperationType)4, (eCalculateGlobals)2, (eStage)6> --- Reduced from maximum 1024
[  ]    ==== :    32x4    | BorderExecutor<(eOperationType)4, (eCalculateGlobals)2, (eStage)7> --- Reduced from maximum 1024
[  ]    ==== :    32x4    | BorderExecutor<(eOperationType)4, (eCalculateGlobals)2, (eStage)8> --- Reduced from maximum 1024
[  ]    ==== :    32x4    | BorderExecutor<(eOperationType)4, (eCalculateGlobals)2, (eStage)9> --- Reduced from maximum 1024
[  ]    ==== :    32x4    | InteriorExecutor<(eOperationType)0, (eCalculateGlobals)0, (eStage)0> --- Reduced from maximum 1024
[  ]    ==== :    32x4    | InteriorExecutor<(eOperationType)0, (eCalculateGlobals)0, (eStage)1> --- Reduced from maximum 640
[  ]    ==== :    32x4    | InteriorExecutor<(eOperationType)0, (eCalculateGlobals)0, (eStage)2> --- Reduced from maximum 384
[  ]    ==== :    32x4    | InteriorExecutor<(eOperationType)0, (eCalculateGlobals)0, (eStage)3> --- Reduced from maximum 256
[  ]    ==== :    32x4    | InteriorExecutor<(eOperationType)0, (eCalculateGlobals)0, (eStage)4> --- Reduced from maximum 1024
[  ]    ==== :    32x4    | InteriorExecutor<(eOperationType)0, (eCalculateGlobals)0, (eStage)5> --- Reduced from maximum 640
[  ]    ==== :    32x4    | InteriorExecutor<(eOperationType)0, (eCalculateGlobals)0, (eStage)6> --- Reduced from maximum 1024
[  ]    ==== :    32x4    | InteriorExecutor<(eOperationType)0, (eCalculateGlobals)0, (eStage)7> --- Reduced from maximum 1024
[  ]    ==== :    32x4    | InteriorExecutor<(eOperationType)0, (eCalculateGlobals)0, (eStage)8> --- Reduced from maximum 1024
[  ]    ==== :    32x4    | InteriorExecutor<(eOperationType)0, (eCalculateGlobals)0, (eStage)9> --- Reduced from maximum 1024
[  ]    ==== :    32x4    | InteriorExecutor<(eOperationType)0, (eCalculateGlobals)1, (eStage)0> --- Reduced from maximum 1024
[  ]    ==== :    32x4    | InteriorExecutor<(eOperationType)0, (eCalculateGlobals)1, (eStage)1> --- Reduced from maximum 256
[  ]    ==== :    32x4    | InteriorExecutor<(eOperationType)0, (eCalculateGlobals)1, (eStage)2> --- Reduced from maximum 256
[  ]    ==== :    32x4    | InteriorExecutor<(eOperationType)0, (eCalculateGlobals)1, (eStage)3> --- Reduced from maximum 256
[  ]    ==== :    32x4    | InteriorExecutor<(eOperationType)0, (eCalculateGlobals)1, (eStage)4> --- Reduced from maximum 1024
[  ]    ==== :    32x4    | InteriorExecutor<(eOperationType)0, (eCalculateGlobals)1, (eStage)5> --- Reduced from maximum 768
[  ]    ==== :    32x4    | InteriorExecutor<(eOperationType)0, (eCalculateGlobals)1, (eStage)6> --- Reduced from maximum 1024
[  ]    ==== :    32x4    | InteriorExecutor<(eOperationType)0, (eCalculateGlobals)1, (eStage)7> --- Reduced from maximum 1024
[  ]    ==== :    32x4    | InteriorExecutor<(eOperationType)0, (eCalculateGlobals)1, (eStage)8> --- Reduced from maximum 896
[  ]    ==== :    32x4    | InteriorExecutor<(eOperationType)0, (eCalculateGlobals)1, (eStage)9> --- Reduced from maximum 1024
[  ]    ==== :    32x4    | InteriorExecutor<(eOperationType)0, (eCalculateGlobals)2, (eStage)0> --- Reduced from maximum 1024
[  ]    ==== :    32x4    | InteriorExecutor<(eOperationType)0, (eCalculateGlobals)2, (eStage)1> --- Reduced from maximum 1024
[  ]    ==== :    32x4    | InteriorExecutor<(eOperationType)0, (eCalculateGlobals)2, (eStage)2> --- Reduced from maximum 1024
[  ]    ==== :    32x4    | InteriorExecutor<(eOperationType)0, (eCalculateGlobals)2, (eStage)3> --- Reduced from maximum 1024
[  ]    ==== :    32x4    | InteriorExecutor<(eOperationType)0, (eCalculateGlobals)2, (eStage)4> --- Reduced from maximum 1024
[  ]    ==== :    32x4    | InteriorExecutor<(eOperationType)0, (eCalculateGlobals)2, (eStage)5> --- Reduced from maximum 1024
[  ]    ==== :    32x4    | InteriorExecutor<(eOperationType)0, (eCalculateGlobals)2, (eStage)6> --- Reduced from maximum 1024
[  ]    ==== :    32x4    | InteriorExecutor<(eOperationType)0, (eCalculateGlobals)2, (eStage)7> --- Reduced from maximum 1024
[  ]    ==== :    32x4    | InteriorExecutor<(eOperationType)0, (eCalculateGlobals)2, (eStage)8> --- Reduced from maximum 1024
[  ]    ==== :    32x4    | InteriorExecutor<(eOperationType)0, (eCalculateGlobals)2, (eStage)9> --- Reduced from maximum 1024
[  ]    ==== :    32x4    | InteriorExecutor<(eOperationType)1, (eCalculateGlobals)0, (eStage)0> --- Reduced from maximum 1024
[  ]    ==== :    32x4    | InteriorExecutor<(eOperationType)1, (eCalculateGlobals)0, (eStage)1> --- Reduced from maximum 1024
[  ]    ==== :    32x4    | InteriorExecutor<(eOperationType)1, (eCalculateGlobals)0, (eStage)2> --- Reduced from maximum 1024
[  ]    ==== :    32x4    | InteriorExecutor<(eOperationType)1, (eCalculateGlobals)0, (eStage)3> --- Reduced from maximum 1024
[  ]    ==== :    32x4    | InteriorExecutor<(eOperationType)1, (eCalculateGlobals)0, (eStage)4> --- Reduced from maximum 1024
[  ]    ==== :    32x4    | InteriorExecutor<(eOperationType)1, (eCalculateGlobals)0, (eStage)5> --- Reduced from maximum 1024
[  ]    ==== :    32x4    | InteriorExecutor<(eOperationType)1, (eCalculateGlobals)0, (eStage)6> --- Reduced from maximum 1024
[  ]    ==== :    32x4    | InteriorExecutor<(eOperationType)1, (eCalculateGlobals)0, (eStage)7> --- Reduced from maximum 1024
[  ]    ==== :    32x4    | InteriorExecutor<(eOperationType)1, (eCalculateGlobals)0, (eStage)8> --- Reduced from maximum 1024
[  ]    ==== :    32x4    | InteriorExecutor<(eOperationType)1, (eCalculateGlobals)0, (eStage)9> --- Reduced from maximum 1024
[  ]    ==== :    32x4    | InteriorExecutor<(eOperationType)1, (eCalculateGlobals)1, (eStage)0> --- Reduced from maximum 1024
[  ]    ==== :    32x4    | InteriorExecutor<(eOperationType)1, (eCalculateGlobals)1, (eStage)1> --- Reduced from maximum 1024
[  ]    ==== :    32x4    | InteriorExecutor<(eOperationType)1, (eCalculateGlobals)1, (eStage)2> --- Reduced from maximum 1024
[  ]    ==== :    32x4    | InteriorExecutor<(eOperationType)1, (eCalculateGlobals)1, (eStage)3> --- Reduced from maximum 1024
[  ]    ==== :    32x4    | InteriorExecutor<(eOperationType)1, (eCalculateGlobals)1, (eStage)4> --- Reduced from maximum 1024
[  ]    ==== :    32x4    | InteriorExecutor<(eOperationType)1, (eCalculateGlobals)1, (eStage)5> --- Reduced from maximum 1024
[  ]    ==== :    32x4    | InteriorExecutor<(eOperationType)1, (eCalculateGlobals)1, (eStage)6> --- Reduced from maximum 1024
[  ]    ==== :    32x4    | InteriorExecutor<(eOperationType)1, (eCalculateGlobals)1, (eStage)7> --- Reduced from maximum 1024
[  ]    ==== :    32x4    | InteriorExecutor<(eOperationType)1, (eCalculateGlobals)1, (eStage)8> --- Reduced from maximum 1024
[  ]    ==== :    32x4    | InteriorExecutor<(eOperationType)1, (eCalculateGlobals)1, (eStage)9> --- Reduced from maximum 1024
[  ]    ==== :    32x4    | InteriorExecutor<(eOperationType)1, (eCalculateGlobals)2, (eStage)0> --- Reduced from maximum 1024
[  ]    ==== :    32x4    | InteriorExecutor<(eOperationType)1, (eCalculateGlobals)2, (eStage)1> --- Reduced from maximum 1024
[  ]    ==== :    32x4    | InteriorExecutor<(eOperationType)1, (eCalculateGlobals)2, (eStage)2> --- Reduced from maximum 1024
[  ]    ==== :    32x4    | InteriorExecutor<(eOperationType)1, (eCalculateGlobals)2, (eStage)3> --- Reduced from maximum 1024
[  ]    ==== :    32x4    | InteriorExecutor<(eOperationType)1, (eCalculateGlobals)2, (eStage)4> --- Reduced from maximum 1024
[  ]    ==== :    32x4    | InteriorExecutor<(eOperationType)1, (eCalculateGlobals)2, (eStage)5> --- Reduced from maximum 1024
[  ]    ==== :    32x4    | InteriorExecutor<(eOperationType)1, (eCalculateGlobals)2, (eStage)6> --- Reduced from maximum 1024
[  ]    ==== :    32x4    | InteriorExecutor<(eOperationType)1, (eCalculateGlobals)2, (eStage)7> --- Reduced from maximum 1024
[  ]    ==== :    32x4    | InteriorExecutor<(eOperationType)1, (eCalculateGlobals)2, (eStage)8> --- Reduced from maximum 1024
[  ]    ==== :    32x4    | InteriorExecutor<(eOperationType)1, (eCalculateGlobals)2, (eStage)9> --- Reduced from maximum 1024
[  ]    ==== :    32x4    | InteriorExecutor<(eOperationType)3, (eCalculateGlobals)0, (eStage)0> --- Reduced from maximum 1024
[  ]    ==== :    32x4    | InteriorExecutor<(eOperationType)3, (eCalculateGlobals)0, (eStage)1> --- Reduced from maximum 1024
[  ]    ==== :    32x4    | InteriorExecutor<(eOperationType)3, (eCalculateGlobals)0, (eStage)2> --- Reduced from maximum 1024
[  ]    ==== :    32x4    | InteriorExecutor<(eOperationType)3, (eCalculateGlobals)0, (eStage)3> --- Reduced from maximum 1024
[  ]    ==== :    32x4    | InteriorExecutor<(eOperationType)3, (eCalculateGlobals)0, (eStage)4> --- Reduced from maximum 1024
[  ]    ==== :    32x4    | InteriorExecutor<(eOperationType)3, (eCalculateGlobals)0, (eStage)5> --- Reduced from maximum 1024
[  ]    ==== :    32x4    | InteriorExecutor<(eOperationType)3, (eCalculateGlobals)0, (eStage)6> --- Reduced from maximum 1024
[  ]    ==== :    32x4    | InteriorExecutor<(eOperationType)3, (eCalculateGlobals)0, (eStage)7> --- Reduced from maximum 1024
[  ]    ==== :    32x4    | InteriorExecutor<(eOperationType)3, (eCalculateGlobals)0, (eStage)8> --- Reduced from maximum 1024
[  ]    ==== :    32x4    | InteriorExecutor<(eOperationType)3, (eCalculateGlobals)0, (eStage)9> --- Reduced from maximum 1024
[  ]    ==== :    32x4    | InteriorExecutor<(eOperationType)3, (eCalculateGlobals)1, (eStage)0> --- Reduced from maximum 1024
[  ]    ==== :    32x4    | InteriorExecutor<(eOperationType)3, (eCalculateGlobals)1, (eStage)1> --- Reduced from maximum 1024
[  ]    ==== :    32x4    | InteriorExecutor<(eOperationType)3, (eCalculateGlobals)1, (eStage)2> --- Reduced from maximum 1024
[  ]    ==== :    32x4    | InteriorExecutor<(eOperationType)3, (eCalculateGlobals)1, (eStage)3> --- Reduced from maximum 1024
[  ]    ==== :    32x4    | InteriorExecutor<(eOperationType)3, (eCalculateGlobals)1, (eStage)4> --- Reduced from maximum 1024
[  ]    ==== :    32x4    | InteriorExecutor<(eOperationType)3, (eCalculateGlobals)1, (eStage)5> --- Reduced from maximum 1024
[  ]    ==== :    32x4    | InteriorExecutor<(eOperationType)3, (eCalculateGlobals)1, (eStage)6> --- Reduced from maximum 1024
[  ]    ==== :    32x4    | InteriorExecutor<(eOperationType)3, (eCalculateGlobals)1, (eStage)7> --- Reduced from maximum 1024
[  ]    ==== :    32x4    | InteriorExecutor<(eOperationType)3, (eCalculateGlobals)1, (eStage)8> --- Reduced from maximum 1024
[  ]    ==== :    32x4    | InteriorExecutor<(eOperationType)3, (eCalculateGlobals)1, (eStage)9> --- Reduced from maximum 1024
[  ]    ==== :    32x4    | InteriorExecutor<(eOperationType)3, (eCalculateGlobals)2, (eStage)0> --- Reduced from maximum 1024
[  ]    ==== :    32x4    | InteriorExecutor<(eOperationType)3, (eCalculateGlobals)2, (eStage)1> --- Reduced from maximum 1024
[  ]    ==== :    32x4    | InteriorExecutor<(eOperationType)3, (eCalculateGlobals)2, (eStage)2> --- Reduced from maximum 1024
[  ]    ==== :    32x4    | InteriorExecutor<(eOperationType)3, (eCalculateGlobals)2, (eStage)3> --- Reduced from maximum 1024
[  ]    ==== :    32x4    | InteriorExecutor<(eOperationType)3, (eCalculateGlobals)2, (eStage)4> --- Reduced from maximum 1024
[  ]    ==== :    32x4    | InteriorExecutor<(eOperationType)3, (eCalculateGlobals)2, (eStage)5> --- Reduced from maximum 1024
[  ]    ==== :    32x4    | InteriorExecutor<(eOperationType)3, (eCalculateGlobals)2, (eStage)6> --- Reduced from maximum 1024
[  ]    ==== :    32x4    | InteriorExecutor<(eOperationType)3, (eCalculateGlobals)2, (eStage)7> --- Reduced from maximum 1024
[  ]    ==== :    32x4    | InteriorExecutor<(eOperationType)3, (eCalculateGlobals)2, (eStage)8> --- Reduced from maximum 1024
[  ]    ==== :    32x4    | InteriorExecutor<(eOperationType)3, (eCalculateGlobals)2, (eStage)9> --- Reduced from maximum 1024
[  ]    ==== :    32x4    | InteriorExecutor<(eOperationType)4, (eCalculateGlobals)0, (eStage)0> --- Reduced from maximum 1024
[  ]    ==== :    32x4    | InteriorExecutor<(eOperationType)4, (eCalculateGlobals)0, (eStage)1> --- Reduced from maximum 1024
[  ]    ==== :    32x4    | InteriorExecutor<(eOperationType)4, (eCalculateGlobals)0, (eStage)2> --- Reduced from maximum 1024
[  ]    ==== :    32x4    | InteriorExecutor<(eOperationType)4, (eCalculateGlobals)0, (eStage)3> --- Reduced from maximum 1024
[  ]    ==== :    32x4    | InteriorExecutor<(eOperationType)4, (eCalculateGlobals)0, (eStage)4> --- Reduced from maximum 1024
[  ]    ==== :    32x4    | InteriorExecutor<(eOperationType)4, (eCalculateGlobals)0, (eStage)5> --- Reduced from maximum 1024
[  ]    ==== :    32x4    | InteriorExecutor<(eOperationType)4, (eCalculateGlobals)0, (eStage)6> --- Reduced from maximum 1024
[  ]    ==== :    32x4    | InteriorExecutor<(eOperationType)4, (eCalculateGlobals)0, (eStage)7> --- Reduced from maximum 1024
[  ]    ==== :    32x4    | InteriorExecutor<(eOperationType)4, (eCalculateGlobals)0, (eStage)8> --- Reduced from maximum 1024
[  ]    ==== :    32x4    | InteriorExecutor<(eOperationType)4, (eCalculateGlobals)0, (eStage)9> --- Reduced from maximum 1024
[  ]    ==== :    32x4    | InteriorExecutor<(eOperationType)4, (eCalculateGlobals)1, (eStage)0> --- Reduced from maximum 1024
[  ]    ==== :    32x4    | InteriorExecutor<(eOperationType)4, (eCalculateGlobals)1, (eStage)1> --- Reduced from maximum 1024
[  ]    ==== :    32x4    | InteriorExecutor<(eOperationType)4, (eCalculateGlobals)1, (eStage)2> --- Reduced from maximum 1024
[  ]    ==== :    32x4    | InteriorExecutor<(eOperationType)4, (eCalculateGlobals)1, (eStage)3> --- Reduced from maximum 1024
[  ]    ==== :    32x4    | InteriorExecutor<(eOperationType)4, (eCalculateGlobals)1, (eStage)4> --- Reduced from maximum 1024
[  ]    ==== :    32x4    | InteriorExecutor<(eOperationType)4, (eCalculateGlobals)1, (eStage)5> --- Reduced from maximum 1024
[  ]    ==== :    32x4    | InteriorExecutor<(eOperationType)4, (eCalculateGlobals)1, (eStage)6> --- Reduced from maximum 1024
[  ]    ==== :    32x4    | InteriorExecutor<(eOperationType)4, (eCalculateGlobals)1, (eStage)7> --- Reduced from maximum 1024
[  ]    ==== :    32x4    | InteriorExecutor<(eOperationType)4, (eCalculateGlobals)1, (eStage)8> --- Reduced from maximum 1024
[  ]    ==== :    32x4    | InteriorExecutor<(eOperationType)4, (eCalculateGlobals)1, (eStage)9> --- Reduced from maximum 1024
[  ]    ==== :    32x4    | InteriorExecutor<(eOperationType)4, (eCalculateGlobals)2, (eStage)0> --- Reduced from maximum 1024
[  ]    ==== :    32x4    | InteriorExecutor<(eOperationType)4, (eCalculateGlobals)2, (eStage)1> --- Reduced from maximum 1024
[  ]    ==== :    32x4    | InteriorExecutor<(eOperationType)4, (eCalculateGlobals)2, (eStage)2> --- Reduced from maximum 1024
[  ]    ==== :    32x4    | InteriorExecutor<(eOperationType)4, (eCalculateGlobals)2, (eStage)3> --- Reduced from maximum 1024
[  ]    ==== :    32x4    | InteriorExecutor<(eOperationType)4, (eCalculateGlobals)2, (eStage)4> --- Reduced from maximum 1024
[  ]    ==== :    32x4    | InteriorExecutor<(eOperationType)4, (eCalculateGlobals)2, (eStage)5> --- Reduced from maximum 1024
[  ]    ==== :    32x4    | InteriorExecutor<(eOperationType)4, (eCalculateGlobals)2, (eStage)6> --- Reduced from maximum 1024
[  ]    ==== :    32x4    | InteriorExecutor<(eOperationType)4, (eCalculateGlobals)2, (eStage)7> --- Reduced from maximum 1024
[  ]    ==== :    32x4    | InteriorExecutor<(eOperationType)4, (eCalculateGlobals)2, (eStage)8> --- Reduced from maximum 1024
[  ]    ==== :    32x4    | InteriorExecutor<(eOperationType)4, (eCalculateGlobals)2, (eStage)9> --- Reduced from maximum 1024
[ 0] warning ! No "Units" element in config file
[  ]    ==== : Mesh size in config file: 80x80x140
[  ]    ---- : Global lattice size: 80x80x140
[  ]    ==== : Max region size: 1075200. Mesh size 1075200. Overhead:  0%
[  ]    ---- : Local lattice size: 96x80x140
[  ]    #### : [0] Cumulative allocation of 1269176320 b (1.3 GB)
[  ]    ---- : Creating geom size:1075200
[  ]    #### : Setting output path to: case
[  ]    #### : Setting output path to: /media/yuan/8A0E24070E23EAC1/runs/tclb_pre2025_sphere_tableII_q27_geometric_200k_20260610/theta110/output/case
[  ]    ---- : loading geometry ...
[  ]    ---- : overwriting all flags
[  ]    ---- : Setting number of zones to 3
[  ]    ---- : Setting Density_h to 1 (1.000000)
[  ]    ---- : Setting Density_l to 0.001 (0.001000)
[  ]    ---- : Setting Viscosity_h to 0.09 (0.090000)
[  ]    ---- : Setting Viscosity_l to 0.1 (0.100000)
[  ]    ---- : Setting tauUpdate to 3 (3.000000)
[  ]    ---- : Setting sigma to 5e-05 (0.000050)
[  ]    ---- : Setting M to 0.2 (0.200000)
[  ]    ---- : Setting IntWidth to 6 (6.000000)
[  ]    ---- : Setting Radius to 24 (24.000000)
[  ]    ---- : Setting BubbleType to 1 (1.000000)
[  ]    ---- : Setting CenterX to 40 (40.000000)
[  ]    ---- : Setting CenterY to 40 (40.000000)
[  ]    ---- : Setting CenterZ to 72 (72.000000)
[  ]    ---- : Setting VelocityX in zone  (-1) to 0.0 (0.000000)
[  ]    ---- : Setting VelocityY in zone  (-1) to 0.0 (0.000000)
[  ]    ---- : Setting VelocityZ in zone  (-1) to 0.0 (0.000000)
[  ]    ---- : Setting DropletOnlyVelocity to 0.0 (0.000000)
[  ]    ---- : Setting DropletVelocityX to 0.0 (0.000000)
[  ]    ---- : Setting DropletVelocityY to 0.0 (0.000000)
[  ]    ---- : Setting DropletVelocityZ to 0.0 (0.000000)
[  ]    ---- : Setting GravitationX to 0.0 (0.000000)
[  ]    ---- : Setting GravitationY to 0.0 (0.000000)
[  ]    ---- : Setting GravitationZ to 0.0 (0.000000)
[  ]    ---- : Setting BuoyancyX to 0.0 (0.000000)
[  ]    ---- : Setting BuoyancyY to 0.0 (0.000000)
[  ]    ---- : Setting BuoyancyZ to 0.0 (0.000000)
[  ]    ---- : Setting radAngle in zone  (-1) to 110d (1.919862)
[ 0] WARNING ! Zone-specific settings in zone 0 were overwritten from 1.570796 to 1.919862
[  ]    ---- : Setting minGradient to 1e-08 (0.000000)
[  ]    ---- : Initializing Lattice ...
[  ]    117.3 MLBUps    135.39 GB/s [====================]  0s
[  ]    ---- : Callback VTK with no Iterations attribute
[  ]    ---- :        0 it writing vtk
[  ]    ---- : Setting callback Log at 1000.000000 iterations
[  ]    ---- : Adding Log to the solver hands
[  ]    ---- : Setting callback Failcheck at 1000.000000 iterations
[  ]    ---- : Adding Failcheck to the solver hands
[  ]    ---- : Setting action Solve at 200000.000000 iterations
[  ]    ---- : Setting callback VTK at 20000.000000 iterations
[  ]    ---- : Adding VTK to the solver hands
[  ]    ---- : Setting callback Log at 1000.000000 iterations
[  ]    ---- : Adding Log to the solver hands
[  ]    ---- : Setting callback Failcheck at 1000.000000 iterations
[  ]    ---- : Adding Failcheck to the solver hands
[  ]    141.8 MLBUps    163.58 GB/s [==                  ]  0s
[  ]    220.5 MLBUps    254.51 GB/s [====                ]  1s
[  ]    220.3 MLBUps    254.21 GB/s [========            ]  2s
[  ]    220.3 MLBUps    254.24 GB/s [=============       ]  3s
[  ]    219.9 MLBUps    253.73 GB/s [=================   ]  4s
[  ]    ---- :    216.3 MLBUps    249.58 GB/s [====================]
[  ]    220.0 MLBUps    253.92 GB/s [===                 ]  0s
[  ]    220.0 MLBUps    253.89 GB/s [=======             ]  1s
[  ]    220.0 MLBUps    253.85 GB/s [============        ]  2s
[  ]    219.8 MLBUps    253.65 GB/s [================    ]  3s
[  ]    ---- :    217.2 MLBUps    250.62 GB/s [====================]
[  ]    220.0 MLBUps    253.83 GB/s [====                ]  0s
[  ]    220.0 MLBUps    253.85 GB/s [========            ]  1s
[  ]    219.9 MLBUps    253.81 GB/s [============        ]  2s
[  ]    220.0 MLBUps    253.91 GB/s [================    ]  3s
[  ]    ---- :    217.1 MLBUps    250.48 GB/s [====================]
[  ]    219.8 MLBUps    253.70 GB/s [====                ]  0s
[  ]    219.8 MLBUps    253.69 GB/s [========            ]  1s
[  ]    220.0 MLBUps    253.89 GB/s [============        ]  2s
[  ]    219.8 MLBUps    253.61 GB/s [================    ]  3s
[  ]    ---- :    217.0 MLBUps    250.41 GB/s [====================]
[  ]    219.8 MLBUps    253.60 GB/s [====                ]  0s
[  ]    220.0 MLBUps    253.87 GB/s [========            ]  1s
[  ]    220.3 MLBUps    254.17 GB/s [============        ]  2s
[  ]    220.2 MLBUps    254.09 GB/s [================    ]  3s
[  ]    ---- :    217.6 MLBUps    251.12 GB/s [====================]
[  ]    220.5 MLBUps    254.42 GB/s [====                ]  0s
[  ]    220.6 MLBUps    254.59 GB/s [========            ]  1s
[  ]    220.3 MLBUps    254.18 GB/s [============        ]  3s
[  ]    220.4 MLBUps    254.30 GB/s [================    ]  3s
[  ]    ---- :    217.5 MLBUps    250.95 GB/s [====================]
[  ]    220.3 MLBUps    254.26 GB/s [====                ]  0s
[  ]    220.6 MLBUps    254.52 GB/s [========            ]  1s
[  ]    220.3 MLBUps    254.27 GB/s [============        ]  2s
[  ]    220.4 MLBUps    254.31 GB/s [================    ]  3s
[  ]    ---- :    217.2 MLBUps    250.62 GB/s [====================]
[  ]    220.4 MLBUps    254.39 GB/s [====                ]  0s
[  ]    220.4 MLBUps    254.29 GB/s [========            ]  2s
[  ]    220.6 MLBUps    254.55 GB/s [============        ]  2s
[  ]    220.6 MLBUps    254.59 GB/s [================    ]  3s
[  ]    ---- :    217.4 MLBUps    250.91 GB/s [====================]
[  ]    220.4 MLBUps    254.38 GB/s [====                ]  0s
[  ]    220.5 MLBUps    254.42 GB/s [========            ]  1s
[  ]    220.4 MLBUps    254.38 GB/s [============        ]  3s
[  ]    220.4 MLBUps    254.30 GB/s [================    ]  4s
[  ]    ---- :    217.4 MLBUps    250.87 GB/s [====================]
[  ]    220.4 MLBUps    254.30 GB/s [====                ]  0s
[  ]    220.6 MLBUps    254.52 GB/s [========            ]  1s
[  ]    220.6 MLBUps    254.55 GB/s [============        ]  2s
[  ]    220.5 MLBUps    254.41 GB/s [================    ]  3s
[  ]    ---- :    217.5 MLBUps    250.94 GB/s [====================]
[  ]    219.9 MLBUps    253.80 GB/s [====                ]  0s
[  ]    218.3 MLBUps    251.89 GB/s [========            ]  2s
[  ]    218.2 MLBUps    251.76 GB/s [============        ]  3s
[  ]    218.2 MLBUps    251.80 GB/s [================    ]  4s
[  ]    ---- :    215.7 MLBUps    248.96 GB/s [====================]
[  ]    218.4 MLBUps    252.07 GB/s [====                ]  0s
[  ]    218.4 MLBUps    251.98 GB/s [========            ]  1s
[  ]    218.1 MLBUps    251.68 GB/s [============        ]  3s
[  ]    217.9 MLBUps    251.46 GB/s [================    ]  4s
[  ]    ---- :    213.1 MLBUps    245.90 GB/s [====================]
[  ]    212.3 MLBUps    244.94 GB/s [====                ]  1s
[  ]    212.0 MLBUps    244.61 GB/s [========            ]  2s
[  ]    212.4 MLBUps    245.12 GB/s [===========         ]  3s
[  ]    212.6 MLBUps    245.30 GB/s [===============     ]  4s
[  ]    212.5 MLBUps    245.22 GB/s [=================== ]  5s
[  ]    ---- :    151.5 MLBUps    174.78 GB/s [====================]
[  ]    212.4 MLBUps    245.16 GB/s [===                 ]  1s
[  ]    212.6 MLBUps    245.32 GB/s [=======             ]  2s
[  ]    212.4 MLBUps    245.05 GB/s [===========         ]  3s
[  ]    212.3 MLBUps    245.02 GB/s [===============     ]  4s
[  ]    212.3 MLBUps    245.05 GB/s [=================== ]  5s
[  ]    ---- :    171.0 MLBUps    197.29 GB/s [====================]
[  ]    212.7 MLBUps    245.43 GB/s [===                 ]  1s
[  ]    212.7 MLBUps    245.49 GB/s [=======             ]  2s
[  ]    212.4 MLBUps    245.16 GB/s [===========         ]  3s
[  ]    213.0 MLBUps    245.78 GB/s [===============     ]  4s
[  ]    212.6 MLBUps    245.32 GB/s [=================== ]  5s
[  ]    ---- :    171.8 MLBUps    198.22 GB/s [====================]
[  ]    212.6 MLBUps    245.31 GB/s [===                 ]  1s
[  ]    212.4 MLBUps    245.10 GB/s [=======             ]  2s
[  ]    212.2 MLBUps    244.93 GB/s [===========         ]  3s
[  ]    212.3 MLBUps    244.97 GB/s [===============     ]  4s
[  ]    212.4 MLBUps    245.14 GB/s [=================== ]  5s
[  ]    ---- :    171.0 MLBUps    197.31 GB/s [====================]
[  ]    212.4 MLBUps    245.08 GB/s [===                 ]  1s
[  ]    212.5 MLBUps    245.22 GB/s [=======             ]  2s
[  ]    212.4 MLBUps    245.07 GB/s [===========         ]  3s
[  ]    212.5 MLBUps    245.27 GB/s [===============     ]  4s
[  ]    212.2 MLBUps    244.87 GB/s [=================== ]  5s
[  ]    ---- :    171.7 MLBUps    198.11 GB/s [====================]
[  ]    212.9 MLBUps    245.65 GB/s [===                 ]  1s
[  ]    212.4 MLBUps    245.11 GB/s [=======             ]  2s
[  ]    212.6 MLBUps    245.29 GB/s [===========         ]  3s
[  ]    212.5 MLBUps    245.28 GB/s [===============     ]  4s
[  ]    212.5 MLBUps    245.19 GB/s [=================== ]  5s
[  ]    ---- :    171.4 MLBUps    197.84 GB/s [====================]
[  ]    212.9 MLBUps    245.72 GB/s [===                 ]  0s
[  ]    212.4 MLBUps    245.12 GB/s [=======             ]  2s
[  ]    212.0 MLBUps    244.61 GB/s [===========         ]  3s
[  ]    212.7 MLBUps    245.51 GB/s [===============     ]  4s
[  ]    212.4 MLBUps    245.06 GB/s [=================== ]  5s
[  ]    ---- :    169.7 MLBUps    195.83 GB/s [====================]
[  ]    212.0 MLBUps    244.68 GB/s [===                 ]  1s
[  ]    210.9 MLBUps    243.37 GB/s [=======             ]  2s
[  ]    210.8 MLBUps    243.27 GB/s [===========         ]  3s
[  ]    211.2 MLBUps    243.69 GB/s [===============     ]  4s
[  ]    211.8 MLBUps    244.40 GB/s [=================== ]  5s
[  ]    ---- :    185.5 MLBUps    214.08 GB/s [====================]
[  ]    ---- :    20000 it writing vtk
[  ]    160.4 MLBUps    185.09 GB/s [===                 ]  1s
[  ]    217.3 MLBUps    250.76 GB/s [======              ]  2s
[  ]    217.5 MLBUps    250.97 GB/s [==========          ]  3s
[  ]    213.1 MLBUps    245.97 GB/s [===============     ]  4s
[  ]    213.3 MLBUps    246.12 GB/s [==================  ]  5s
[  ]    ---- :    202.8 MLBUps    234.00 GB/s [====================]
[  ]    213.1 MLBUps    245.91 GB/s [===                 ]  0s
[  ]    212.9 MLBUps    245.63 GB/s [=======             ]  1s
[  ]    212.8 MLBUps    245.62 GB/s [===========         ]  2s
[  ]    213.2 MLBUps    246.08 GB/s [===============     ]  3s
[  ]    212.8 MLBUps    245.59 GB/s [=================== ]  4s
[  ]    ---- :    192.1 MLBUps    221.71 GB/s [====================]
[  ]    212.8 MLBUps    245.55 GB/s [===                 ]  1s
[  ]    212.4 MLBUps    245.08 GB/s [=======             ]  2s
[  ]    213.2 MLBUps    245.98 GB/s [===========         ]  3s
[  ]    212.6 MLBUps    245.29 GB/s [===============     ]  4s
[  ]    213.3 MLBUps    246.18 GB/s [=================== ]  5s
[  ]    ---- :    172.6 MLBUps    199.16 GB/s [====================]
[  ]    213.0 MLBUps    245.83 GB/s [===                 ]  0s
[  ]    212.5 MLBUps    245.24 GB/s [=======             ]  2s
[  ]    213.0 MLBUps    245.85 GB/s [===========         ]  3s
[  ]    212.6 MLBUps    245.34 GB/s [===============     ]  4s
[  ]    212.9 MLBUps    245.66 GB/s [=================== ]  5s
[  ]    ---- :    172.8 MLBUps    199.41 GB/s [====================]
[  ]    213.1 MLBUps    245.91 GB/s [===                 ]  0s
[  ]    213.3 MLBUps    246.19 GB/s [=======             ]  1s
[  ]    212.9 MLBUps    245.65 GB/s [===========         ]  2s
[  ]    212.6 MLBUps    245.36 GB/s [===============     ]  3s
[  ]    212.7 MLBUps    245.51 GB/s [=================== ]  4s
[  ]    ---- :    172.3 MLBUps    198.81 GB/s [====================]
[  ]    212.5 MLBUps    245.26 GB/s [===                 ]  1s
[  ]    212.9 MLBUps    245.70 GB/s [=======             ]  2s
[  ]    212.9 MLBUps    245.66 GB/s [===========         ]  3s
[  ]    212.5 MLBUps    245.18 GB/s [===============     ]  4s
[  ]    212.6 MLBUps    245.35 GB/s [=================== ]  5s
[  ]    ---- :    171.6 MLBUps    197.98 GB/s [====================]
[  ]    212.6 MLBUps    245.36 GB/s [===                 ]  1s
[  ]    213.2 MLBUps    246.06 GB/s [=======             ]  1s
[  ]    213.1 MLBUps    245.93 GB/s [===========         ]  2s
[  ]    213.2 MLBUps    246.00 GB/s [===============     ]  3s
[  ]    213.0 MLBUps    245.76 GB/s [=================== ]  4s
[  ]    ---- :    171.4 MLBUps    197.84 GB/s [====================]
[  ]    212.9 MLBUps    245.70 GB/s [===                 ]  0s
[  ]    212.6 MLBUps    245.35 GB/s [=======             ]  2s
[  ]    205.1 MLBUps    236.67 GB/s [===========         ]  3s
[  ]    205.2 MLBUps    236.78 GB/s [===============     ]  4s
[  ]    205.3 MLBUps    236.88 GB/s [=================== ]  5s
[  ]    ---- :    188.4 MLBUps    217.39 GB/s [====================]
[  ]    205.3 MLBUps    236.97 GB/s [===                 ]  1s
[  ]    207.9 MLBUps    239.89 GB/s [=======             ]  1s
[  ]    208.1 MLBUps    240.14 GB/s [===========         ]  3s
[  ]    208.2 MLBUps    240.28 GB/s [===============     ]  4s
[  ]    208.1 MLBUps    240.11 GB/s [=================== ]  5s
[  ]    ---- :    194.6 MLBUps    224.55 GB/s [====================]
[  ]    208.3 MLBUps    240.36 GB/s [===                 ]  0s
[  ]    208.0 MLBUps    240.02 GB/s [=======             ]  1s
[  ]    208.6 MLBUps    240.73 GB/s [===========         ]  2s
[  ]    209.5 MLBUps    241.82 GB/s [===============     ]  3s
[  ]    210.3 MLBUps    242.65 GB/s [=================== ]  4s
[  ]    ---- :    196.1 MLBUps    226.32 GB/s [====================]
[  ]    211.4 MLBUps    243.93 GB/s [===                 ]  0s
[  ]    210.3 MLBUps    242.74 GB/s [=======             ]  1s
[  ]    210.2 MLBUps    242.55 GB/s [===========         ]  2s
[  ]    210.2 MLBUps    242.54 GB/s [===============     ]  3s
[  ]    210.0 MLBUps    242.40 GB/s [=================== ]  4s
[  ]    ---- :    189.3 MLBUps    218.40 GB/s [====================]
[  ]    210.5 MLBUps    242.87 GB/s [===                 ]  1s
[  ]    210.2 MLBUps    242.57 GB/s [=======             ]  2s
[  ]    211.4 MLBUps    243.97 GB/s [===========         ]  3s
[  ]    210.9 MLBUps    243.41 GB/s [===============     ]  3s
[  ]    211.0 MLBUps    243.53 GB/s [=================== ]  4s
[  ]    ---- :    188.9 MLBUps    217.95 GB/s [====================]
[  ]    211.7 MLBUps    244.26 GB/s [===                 ]  0s
[  ]    213.0 MLBUps    245.77 GB/s [=======             ]  1s
[  ]    213.8 MLBUps    246.67 GB/s [===========         ]  2s
[  ]    214.4 MLBUps    247.36 GB/s [===============     ]  3s
[  ]    215.3 MLBUps    248.40 GB/s [=================== ]  4s
[  ]    ---- :    179.1 MLBUps    206.65 GB/s [====================]
[  ]    215.3 MLBUps    248.50 GB/s [===                 ]  0s
[  ]    215.4 MLBUps    248.53 GB/s [=======             ]  1s
[  ]    215.1 MLBUps    248.25 GB/s [===========         ]  2s
[  ]    215.4 MLBUps    248.56 GB/s [===============     ]  3s
[  ]    215.7 MLBUps    248.95 GB/s [=================== ]  4s
[  ]    ---- :     97.3 MLBUps    112.34 GB/s [====================]
[  ]    215.8 MLBUps    249.08 GB/s [====                ]  0s
[  ]    216.0 MLBUps    249.24 GB/s [========            ]  1s
[  ]    216.0 MLBUps    249.30 GB/s [============        ]  2s
[  ]    215.9 MLBUps    249.10 GB/s [================    ]  3s
[  ]    ---- :    213.4 MLBUps    246.22 GB/s [====================]
[  ]    216.0 MLBUps    249.25 GB/s [====                ]  0s
[  ]    215.5 MLBUps    248.63 GB/s [========            ]  1s
[  ]    215.9 MLBUps    249.15 GB/s [============        ]  2s
[  ]    215.8 MLBUps    249.05 GB/s [================    ]  3s
[  ]    ---- :    213.0 MLBUps    245.83 GB/s [====================]
[  ]    216.2 MLBUps    249.55 GB/s [====                ]  0s
[  ]    215.8 MLBUps    249.03 GB/s [========            ]  2s
[  ]    216.2 MLBUps    249.45 GB/s [============        ]  2s
[  ]    215.9 MLBUps    249.14 GB/s [================    ]  4s
[  ]    ---- :    206.4 MLBUps    238.17 GB/s [====================]
[  ]    207.7 MLBUps    239.69 GB/s [====                ]  1s
[  ]    207.8 MLBUps    239.75 GB/s [=======             ]  2s
[  ]    207.8 MLBUps    239.83 GB/s [===========         ]  3s
[  ]    208.1 MLBUps    240.10 GB/s [===============     ]  4s
[  ]    209.6 MLBUps    241.86 GB/s [=================== ]  5s
[  ]    ---- :    193.3 MLBUps    223.03 GB/s [====================]
[  ]    212.6 MLBUps    245.39 GB/s [===                 ]  0s
[  ]    212.2 MLBUps    244.85 GB/s [=======             ]  1s
[  ]    212.5 MLBUps    245.22 GB/s [===========         ]  2s
[  ]    212.5 MLBUps    245.28 GB/s [===============     ]  3s
[  ]    212.6 MLBUps    245.31 GB/s [=================== ]  4s
[  ]    ---- :    180.3 MLBUps    208.09 GB/s [====================]
[  ]    212.8 MLBUps    245.52 GB/s [===                 ]  1s
[  ]    212.2 MLBUps    244.91 GB/s [=======             ]  2s
[  ]    212.2 MLBUps    244.92 GB/s [===========         ]  3s
[  ]    212.4 MLBUps    245.11 GB/s [===============     ]  4s
[  ]    212.5 MLBUps    245.20 GB/s [=================== ]  5s
[  ]    ---- :    170.9 MLBUps    197.25 GB/s [====================]
[  ]    ---- :    40000 it writing vtk
[  ]    173.2 MLBUps    199.84 GB/s [===                 ]  1s
[  ]    218.5 MLBUps    252.20 GB/s [=======             ]  2s
[  ]    217.4 MLBUps    250.90 GB/s [===========         ]  3s
[  ]    213.4 MLBUps    246.28 GB/s [===============     ]  4s
[  ]    213.0 MLBUps    245.77 GB/s [=================== ]  5s
[  ]    ---- :    201.0 MLBUps    231.99 GB/s [====================]
[  ]    213.7 MLBUps    246.63 GB/s [===                 ]  0s
[  ]    213.9 MLBUps    246.88 GB/s [=======             ]  1s
[  ]    214.4 MLBUps    247.38 GB/s [===========         ]  2s
[  ]    213.7 MLBUps    246.62 GB/s [===============     ]  3s
[  ]    214.7 MLBUps    247.81 GB/s [=================== ]  4s
[  ]    ---- :    186.1 MLBUps    214.82 GB/s [====================]
[  ]    214.2 MLBUps    247.19 GB/s [===                 ]  0s
[  ]    214.1 MLBUps    247.04 GB/s [=======             ]  1s
[  ]    214.2 MLBUps    247.17 GB/s [===========         ]  3s
[  ]    214.1 MLBUps    247.07 GB/s [===============     ]  4s
[  ]    213.9 MLBUps    246.82 GB/s [=================== ]  5s
[  ]    ---- :     96.8 MLBUps    111.68 GB/s [====================]
[  ]    214.1 MLBUps    247.08 GB/s [===                 ]  0s
[  ]    214.2 MLBUps    247.20 GB/s [=======             ]  1s
[  ]    214.4 MLBUps    247.44 GB/s [===========         ]  3s
[  ]    213.7 MLBUps    246.58 GB/s [===============     ]  4s
[  ]    213.2 MLBUps    246.07 GB/s [=================== ]  5s
[  ]    ---- :    133.2 MLBUps    153.72 GB/s [====================]
[  ]    214.0 MLBUps    246.93 GB/s [===                 ]  0s
[  ]    213.8 MLBUps    246.71 GB/s [=======             ]  2s
[  ]    214.2 MLBUps    247.15 GB/s [===========         ]  2s
[  ]    214.1 MLBUps    247.10 GB/s [===============     ]  3s
[  ]    214.5 MLBUps    247.48 GB/s [=================== ]  5s
[  ]    ---- :    133.7 MLBUps    154.25 GB/s [====================]
[  ]    213.9 MLBUps    246.90 GB/s [===                 ]  0s
[  ]    214.0 MLBUps    246.94 GB/s [=======             ]  1s
[  ]    213.5 MLBUps    246.33 GB/s [===========         ]  2s
[  ]    213.0 MLBUps    245.76 GB/s [===============     ]  3s
[  ]    213.7 MLBUps    246.59 GB/s [=================== ]  4s
[  ]    ---- :    164.3 MLBUps    189.64 GB/s [====================]
[  ]    214.5 MLBUps    247.48 GB/s [===                 ]  0s
[  ]    213.6 MLBUps    246.44 GB/s [=======             ]  1s
[  ]    214.7 MLBUps    247.77 GB/s [===========         ]  2s
[  ]    213.9 MLBUps    246.89 GB/s [===============     ]  3s
[  ]    213.8 MLBUps    246.77 GB/s [=================== ]  4s
[  ]    ---- :    152.6 MLBUps    176.08 GB/s [====================]
[  ]    212.9 MLBUps    245.66 GB/s [===                 ]  1s
[  ]    214.3 MLBUps    247.30 GB/s [=======             ]  1s
[  ]    213.7 MLBUps    246.64 GB/s [===========         ]  2s
[  ]    213.7 MLBUps    246.66 GB/s [===============     ]  3s
[  ]    213.4 MLBUps    246.24 GB/s [=================== ]  4s
[  ]    ---- :    163.6 MLBUps    188.83 GB/s [====================]
[  ]    213.8 MLBUps    246.67 GB/s [===                 ]  0s
[  ]    213.5 MLBUps    246.34 GB/s [=======             ]  1s
[  ]    213.8 MLBUps    246.71 GB/s [===========         ]  2s
[  ]    213.6 MLBUps    246.46 GB/s [===============     ]  3s
[  ]    213.6 MLBUps    246.53 GB/s [=================== ]  4s
[  ]    ---- :    172.4 MLBUps    198.95 GB/s [====================]
[  ]    214.1 MLBUps    247.13 GB/s [===                 ]  0s
[  ]    213.5 MLBUps    246.42 GB/s [=======             ]  2s
[  ]    213.7 MLBUps    246.64 GB/s [===========         ]  2s
[  ]    213.7 MLBUps    246.57 GB/s [===============     ]  3s
[  ]    213.4 MLBUps    246.29 GB/s [=================== ]  4s
[  ]    ---- :    163.8 MLBUps    188.98 GB/s [====================]
[  ]    213.8 MLBUps    246.69 GB/s [===                 ]  0s
[  ]    213.5 MLBUps    246.36 GB/s [=======             ]  1s
[  ]    213.4 MLBUps    246.28 GB/s [===========         ]  2s
[  ]    213.8 MLBUps    246.72 GB/s [===============     ]  3s
[  ]    213.8 MLBUps    246.78 GB/s [=================== ]  4s
[  ]    ---- :    172.8 MLBUps    199.45 GB/s [====================]
[  ]    213.3 MLBUps    246.11 GB/s [===                 ]  0s
[  ]    213.4 MLBUps    246.29 GB/s [=======             ]  1s
[  ]    213.2 MLBUps    246.06 GB/s [===========         ]  2s
[  ]    213.6 MLBUps    246.45 GB/s [===============     ]  3s
[  ]    214.0 MLBUps    246.94 GB/s [=================== ]  4s
[  ]    ---- :    172.3 MLBUps    198.89 GB/s [====================]
[  ]    214.1 MLBUps    247.03 GB/s [===                 ]  0s
[  ]    214.0 MLBUps    246.94 GB/s [=======             ]  1s
[  ]    207.1 MLBUps    239.05 GB/s [===========         ]  3s
[  ]    205.4 MLBUps    237.00 GB/s [===============     ]  4s
[  ]    206.4 MLBUps    238.21 GB/s [=================== ]  5s
[  ]    ---- :    184.1 MLBUps    212.42 GB/s [====================]
[  ]    208.6 MLBUps    240.68 GB/s [===                 ]  1s
[  ]    208.5 MLBUps    240.58 GB/s [=======             ]  2s
[  ]    208.3 MLBUps    240.32 GB/s [===========         ]  3s
[  ]    208.7 MLBUps    240.79 GB/s [===============     ]  4s
[  ]    211.0 MLBUps    243.50 GB/s [=================== ]  4s
[  ]    ---- :    196.7 MLBUps    227.01 GB/s [====================]
[  ]    212.2 MLBUps    244.89 GB/s [===                 ]  0s
[  ]    211.5 MLBUps    244.12 GB/s [=======             ]  1s
[  ]    211.1 MLBUps    243.58 GB/s [===========         ]  2s
[  ]    210.9 MLBUps    243.43 GB/s [===============     ]  3s
[  ]    211.2 MLBUps    243.69 GB/s [=================== ]  4s
[  ]    ---- :    188.6 MLBUps    217.64 GB/s [====================]
[  ]    210.5 MLBUps    242.97 GB/s [===                 ]  1s
[  ]    210.9 MLBUps    243.32 GB/s [=======             ]  2s
[  ]    210.9 MLBUps    243.42 GB/s [===========         ]  2s
[  ]    211.2 MLBUps    243.76 GB/s [===============     ]  3s
[  ]    210.7 MLBUps    243.10 GB/s [=================== ]  4s
[  ]    ---- :    188.5 MLBUps    217.51 GB/s [====================]
[  ]    211.1 MLBUps    243.56 GB/s [===                 ]  0s
[  ]    212.9 MLBUps    245.67 GB/s [=======             ]  1s
[  ]    215.4 MLBUps    248.61 GB/s [===========         ]  2s
[  ]    215.6 MLBUps    248.82 GB/s [===============     ]  3s
[  ]    215.5 MLBUps    248.67 GB/s [=================== ]  4s
[  ]    ---- :    173.0 MLBUps    199.60 GB/s [====================]
[  ]    215.8 MLBUps    249.04 GB/s [===                 ]  0s
[  ]    215.1 MLBUps    248.28 GB/s [=======             ]  1s
[  ]    215.8 MLBUps    249.05 GB/s [===========         ]  2s
[  ]    215.2 MLBUps    248.38 GB/s [===============     ]  3s
[  ]    215.4 MLBUps    248.52 GB/s [=================== ]  4s
[  ]    ---- :     97.8 MLBUps    112.84 GB/s [====================]
[  ]    215.3 MLBUps    248.49 GB/s [====                ]  0s
[  ]    214.9 MLBUps    248.00 GB/s [========            ]  1s
[  ]    215.3 MLBUps    248.43 GB/s [============        ]  2s
[  ]    215.4 MLBUps    248.57 GB/s [================    ]  3s
[  ]    ---- :    212.7 MLBUps    245.44 GB/s [====================]
[  ]    215.4 MLBUps    248.52 GB/s [====                ]  0s
[  ]    215.2 MLBUps    248.36 GB/s [========            ]  1s
[  ]    215.4 MLBUps    248.59 GB/s [============        ]  2s
[  ]    215.6 MLBUps    248.81 GB/s [================    ]  3s
[  ]    ---- :    213.0 MLBUps    245.80 GB/s [====================]
[  ]    ---- :    60000 it writing vtk
[  ]    172.8 MLBUps    199.41 GB/s [====                ]  1s
[  ]    217.5 MLBUps    251.05 GB/s [=======             ]  2s
[  ]    217.4 MLBUps    250.92 GB/s [===========         ]  3s
[  ]    217.7 MLBUps    251.17 GB/s [===============     ]  4s
[  ]    217.4 MLBUps    250.84 GB/s [=================== ]  5s
[  ]    ---- :    202.7 MLBUps    233.94 GB/s [====================]
[  ]    217.5 MLBUps    250.95 GB/s [===                 ]  0s
[  ]    217.5 MLBUps    251.00 GB/s [=======             ]  1s
[  ]    217.4 MLBUps    250.85 GB/s [===========         ]  2s
[  ]    217.3 MLBUps    250.72 GB/s [===============     ]  3s
[  ]    ---- :    213.2 MLBUps    246.02 GB/s [====================]
[  ]    212.3 MLBUps    245.04 GB/s [====                ]  1s
[  ]    212.6 MLBUps    245.30 GB/s [========            ]  2s
[  ]    212.2 MLBUps    244.84 GB/s [===========         ]  3s
[  ]    212.2 MLBUps    244.85 GB/s [===============     ]  4s
[  ]    212.2 MLBUps    244.92 GB/s [=================== ]  5s
[  ]    ---- :    151.4 MLBUps    174.69 GB/s [====================]
[  ]    212.2 MLBUps    244.85 GB/s [===                 ]  0s
[  ]    212.0 MLBUps    244.63 GB/s [=======             ]  1s
[  ]    211.7 MLBUps    244.32 GB/s [===========         ]  3s
[  ]    212.3 MLBUps    245.02 GB/s [===============     ]  3s
[  ]    212.4 MLBUps    245.13 GB/s [=================== ]  4s
[  ]    ---- :    181.4 MLBUps    209.38 GB/s [====================]
[  ]    212.1 MLBUps    244.76 GB/s [===                 ]  0s
[  ]    212.0 MLBUps    244.66 GB/s [=======             ]  1s
[  ]    212.5 MLBUps    245.18 GB/s [===========         ]  2s
[  ]    212.3 MLBUps    245.01 GB/s [===============     ]  4s
[  ]    211.9 MLBUps    244.52 GB/s [=================== ]  5s
[  ]    ---- :    177.0 MLBUps    204.21 GB/s [====================]
[  ]    212.0 MLBUps    244.63 GB/s [===                 ]  0s
[  ]    211.8 MLBUps    244.47 GB/s [=======             ]  1s
[  ]    212.0 MLBUps    244.61 GB/s [===========         ]  3s
[  ]    211.8 MLBUps    244.47 GB/s [===============     ]  4s
[  ]    212.3 MLBUps    244.94 GB/s [=================== ]  5s
[  ]    ---- :    176.4 MLBUps    203.59 GB/s [====================]
[  ]    212.3 MLBUps    245.01 GB/s [===                 ]  0s
[  ]    212.4 MLBUps    245.14 GB/s [=======             ]  1s
[  ]    212.5 MLBUps    245.19 GB/s [===========         ]  2s
[  ]    212.4 MLBUps    245.15 GB/s [===============     ]  3s
[  ]    212.4 MLBUps    245.15 GB/s [=================== ]  5s
[  ]    ---- :    177.3 MLBUps    204.55 GB/s [====================]
[  ]    212.6 MLBUps    245.37 GB/s [===                 ]  1s
[  ]    212.4 MLBUps    245.12 GB/s [=======             ]  2s
[  ]    212.1 MLBUps    244.75 GB/s [===========         ]  3s
[  ]    212.1 MLBUps    244.76 GB/s [===============     ]  4s
[  ]    211.8 MLBUps    244.46 GB/s [=================== ]  5s
[  ]    ---- :    171.2 MLBUps    197.60 GB/s [====================]
[  ]    212.4 MLBUps    245.10 GB/s [===                 ]  0s
[  ]    212.3 MLBUps    244.99 GB/s [=======             ]  1s
[  ]    211.9 MLBUps    244.58 GB/s [===========         ]  2s
[  ]    212.5 MLBUps    245.20 GB/s [===============     ]  4s
[  ]    212.3 MLBUps    245.05 GB/s [=================== ]  5s
[  ]    ---- :    177.4 MLBUps    204.74 GB/s [====================]
[  ]    212.2 MLBUps    244.83 GB/s [===                 ]  0s
[  ]    212.7 MLBUps    245.41 GB/s [=======             ]  1s
[  ]    212.3 MLBUps    244.96 GB/s [===========         ]  2s
[  ]    212.4 MLBUps    245.08 GB/s [===============     ]  3s
[  ]    212.3 MLBUps    244.99 GB/s [=================== ]  5s
[  ]    ---- :    176.7 MLBUps    203.87 GB/s [====================]
[  ]    212.7 MLBUps    245.46 GB/s [===                 ]  1s
[  ]    212.0 MLBUps    244.70 GB/s [=======             ]  2s
[  ]    212.5 MLBUps    245.27 GB/s [===========         ]  3s
[  ]    212.1 MLBUps    244.76 GB/s [===============     ]  4s
[  ]    212.6 MLBUps    245.31 GB/s [=================== ]  5s
[  ]    ---- :    170.7 MLBUps    197.01 GB/s [====================]
[  ]    212.3 MLBUps    245.03 GB/s [===                 ]  1s
[  ]    212.4 MLBUps    245.13 GB/s [=======             ]  2s
[  ]    212.3 MLBUps    244.98 GB/s [===========         ]  3s
[  ]    212.4 MLBUps    245.15 GB/s [===============     ]  4s
[  ]    212.5 MLBUps    245.19 GB/s [=================== ]  5s
[  ]    ---- :    173.1 MLBUps    199.81 GB/s [====================]
[  ]    212.4 MLBUps    245.12 GB/s [===                 ]  1s
[  ]    212.4 MLBUps    245.15 GB/s [=======             ]  2s
[  ]    212.4 MLBUps    245.09 GB/s [===========         ]  3s
[  ]    212.2 MLBUps    244.90 GB/s [===============     ]  4s
[  ]    212.3 MLBUps    245.02 GB/s [=================== ]  5s
[  ]    ---- :    171.7 MLBUps    198.09 GB/s [====================]
[  ]    211.9 MLBUps    244.55 GB/s [===                 ]  1s
[  ]    212.6 MLBUps    245.39 GB/s [=======             ]  2s
[  ]    212.5 MLBUps    245.24 GB/s [===========         ]  3s
[  ]    212.3 MLBUps    245.00 GB/s [===============     ]  4s
[  ]    212.7 MLBUps    245.49 GB/s [=================== ]  5s
[  ]    ---- :    172.0 MLBUps    198.44 GB/s [====================]
[  ]    212.8 MLBUps    245.57 GB/s [===                 ]  1s
[  ]    212.1 MLBUps    244.73 GB/s [=======             ]  2s
[  ]    212.4 MLBUps    245.13 GB/s [===========         ]  3s
[  ]    212.4 MLBUps    245.12 GB/s [===============     ]  4s
[  ]    212.5 MLBUps    245.24 GB/s [=================== ]  5s
[  ]    ---- :    171.0 MLBUps    197.37 GB/s [====================]
[  ]    212.4 MLBUps    245.13 GB/s [===                 ]  1s
[  ]    212.5 MLBUps    245.19 GB/s [=======             ]  2s
[  ]    212.1 MLBUps    244.78 GB/s [===========         ]  3s
[  ]    212.5 MLBUps    245.17 GB/s [===============     ]  4s
[  ]    212.7 MLBUps    245.48 GB/s [=================== ]  5s
[  ]    ---- :    170.7 MLBUps    197.00 GB/s [====================]
[  ]    212.2 MLBUps    244.82 GB/s [===                 ]  1s
[  ]    212.2 MLBUps    244.84 GB/s [=======             ]  2s
[  ]    212.5 MLBUps    245.21 GB/s [===========         ]  3s
[  ]    212.6 MLBUps    245.33 GB/s [===============     ]  4s
[  ]    212.2 MLBUps    244.91 GB/s [=================== ]  5s
[  ]    ---- :    171.4 MLBUps    197.76 GB/s [====================]
[  ]    212.6 MLBUps    245.29 GB/s [===                 ]  1s
[  ]    212.5 MLBUps    245.23 GB/s [=======             ]  2s
[  ]    212.5 MLBUps    245.18 GB/s [===========         ]  3s
[  ]    212.5 MLBUps    245.27 GB/s [===============     ]  4s
[  ]    212.0 MLBUps    244.65 GB/s [=================== ]  5s
[  ]    ---- :    170.8 MLBUps    197.13 GB/s [====================]
[  ]    212.3 MLBUps    245.01 GB/s [===                 ]  1s
[  ]    212.2 MLBUps    244.86 GB/s [=======             ]  2s
[  ]    212.1 MLBUps    244.72 GB/s [===========         ]  3s
[  ]    212.2 MLBUps    244.87 GB/s [===============     ]  4s
[  ]    212.3 MLBUps    245.03 GB/s [=================== ]  5s
[  ]    ---- :    171.2 MLBUps    197.51 GB/s [====================]
[  ]    212.1 MLBUps    244.82 GB/s [===                 ]  0s
[  ]    212.1 MLBUps    244.82 GB/s [=======             ]  1s
[  ]    212.2 MLBUps    244.93 GB/s [===========         ]  2s
[  ]    212.2 MLBUps    244.85 GB/s [===============     ]  4s
[  ]    212.0 MLBUps    244.66 GB/s [=================== ]  5s
[  ]    ---- :    177.6 MLBUps    205.00 GB/s [====================]
[  ]    ---- :    80000 it writing vtk
[  ]    170.3 MLBUps    196.52 GB/s [===                 ]  1s
[  ]    214.6 MLBUps    247.70 GB/s [=======             ]  2s
[  ]    214.6 MLBUps    247.60 GB/s [===========         ]  3s
[  ]    215.3 MLBUps    248.41 GB/s [===============     ]  4s
[  ]    214.7 MLBUps    247.77 GB/s [=================== ]  5s
[  ]    ---- :    204.1 MLBUps    235.51 GB/s [====================]
[  ]    214.7 MLBUps    247.78 GB/s [===                 ]  0s
[  ]    214.8 MLBUps    247.90 GB/s [=======             ]  1s
[  ]    215.2 MLBUps    248.30 GB/s [===========         ]  2s
[  ]    214.5 MLBUps    247.49 GB/s [===============     ]  3s
[  ]    214.7 MLBUps    247.73 GB/s [=================== ]  4s
[  ]    ---- :    173.1 MLBUps    199.71 GB/s [====================]
[  ]    214.4 MLBUps    247.42 GB/s [====                ]  1s
[  ]    215.3 MLBUps    248.43 GB/s [========            ]  2s
[  ]    215.2 MLBUps    248.30 GB/s [============        ]  3s
[  ]    215.3 MLBUps    248.50 GB/s [================    ]  3s
[  ]    ---- :    212.6 MLBUps    245.31 GB/s [====================]
[  ]    211.5 MLBUps    244.07 GB/s [====                ]  1s
[  ]    208.7 MLBUps    240.87 GB/s [=======             ]  2s
[  ]    208.6 MLBUps    240.77 GB/s [===========         ]  3s
[  ]    208.9 MLBUps    241.01 GB/s [===============     ]  4s
[  ]    208.4 MLBUps    240.50 GB/s [=================== ]  5s
[  ]    ---- :    188.0 MLBUps    216.97 GB/s [====================]
[  ]    208.7 MLBUps    240.82 GB/s [===                 ]  0s
[  ]    208.7 MLBUps    240.89 GB/s [=======             ]  1s
[  ]    208.8 MLBUps    241.00 GB/s [===========         ]  2s
[  ]    208.7 MLBUps    240.84 GB/s [===============     ]  3s
[  ]    208.9 MLBUps    241.04 GB/s [=================== ]  4s
[  ]    ---- :    195.6 MLBUps    225.67 GB/s [====================]
[  ]    210.9 MLBUps    243.41 GB/s [===                 ]  0s
[  ]    210.9 MLBUps    243.35 GB/s [=======             ]  1s
[  ]    210.5 MLBUps    242.90 GB/s [===========         ]  2s
[  ]    210.8 MLBUps    243.27 GB/s [===============     ]  3s
[  ]    210.6 MLBUps    243.05 GB/s [=================== ]  4s
[  ]    ---- :    189.8 MLBUps    219.08 GB/s [====================]
[  ]    210.6 MLBUps    242.98 GB/s [===                 ]  1s
[  ]    210.7 MLBUps    243.14 GB/s [=======             ]  2s
[  ]    210.6 MLBUps    243.04 GB/s [===========         ]  3s
[  ]    210.4 MLBUps    242.76 GB/s [===============     ]  4s
[  ]    210.4 MLBUps    242.75 GB/s [=================== ]  5s
[  ]    ---- :    188.6 MLBUps    217.70 GB/s [====================]
[  ]    210.7 MLBUps    243.19 GB/s [===                 ]  1s
[  ]    210.5 MLBUps    242.87 GB/s [=======             ]  2s
[  ]    211.8 MLBUps    244.42 GB/s [===========         ]  2s
[  ]    211.4 MLBUps    243.96 GB/s [===============     ]  3s
[  ]    211.4 MLBUps    244.01 GB/s [=================== ]  4s
[  ]    ---- :    188.4 MLBUps    217.39 GB/s [====================]
[  ]    211.8 MLBUps    244.36 GB/s [===                 ]  0s
[  ]    210.8 MLBUps    243.25 GB/s [=======             ]  1s
[  ]    211.3 MLBUps    243.82 GB/s [===========         ]  2s
[  ]    211.0 MLBUps    243.53 GB/s [===============     ]  3s
[  ]    211.0 MLBUps    243.47 GB/s [=================== ]  4s
[  ]    ---- :    188.7 MLBUps    217.80 GB/s [====================]
[  ]    211.7 MLBUps    244.31 GB/s [===                 ]  0s
[  ]    210.7 MLBUps    243.19 GB/s [=======             ]  1s
[  ]    210.9 MLBUps    243.36 GB/s [===========         ]  2s
[  ]    211.1 MLBUps    243.66 GB/s [===============     ]  3s
[  ]    211.8 MLBUps    244.36 GB/s [=================== ]  4s
[  ]    ---- :    189.2 MLBUps    218.30 GB/s [====================]
[  ]    213.0 MLBUps    245.85 GB/s [===                 ]  0s
[  ]    213.5 MLBUps    246.39 GB/s [=======             ]  1s
[  ]    213.2 MLBUps    246.01 GB/s [===========         ]  2s
[  ]    213.1 MLBUps    245.89 GB/s [===============     ]  3s
[  ]    213.2 MLBUps    246.04 GB/s [=================== ]  4s
[  ]    ---- :    176.8 MLBUps    204.03 GB/s [====================]
[  ]    213.2 MLBUps    246.02 GB/s [===                 ]  0s
[  ]    213.3 MLBUps    246.17 GB/s [=======             ]  1s
[  ]    213.1 MLBUps    245.88 GB/s [===========         ]  2s
[  ]    213.0 MLBUps    245.81 GB/s [===============     ]  3s
[  ]    213.0 MLBUps    245.79 GB/s [=================== ]  4s
[  ]    ---- :    172.1 MLBUps    198.64 GB/s [====================]
[  ]    213.1 MLBUps    245.96 GB/s [===                 ]  0s
[  ]    213.4 MLBUps    246.26 GB/s [=======             ]  1s
[  ]    213.4 MLBUps    246.31 GB/s [===========         ]  2s
[  ]    212.7 MLBUps    245.51 GB/s [===============     ]  3s
[  ]    213.0 MLBUps    245.74 GB/s [=================== ]  4s
[  ]    ---- :    170.2 MLBUps    196.44 GB/s [====================]
[  ]    212.8 MLBUps    245.62 GB/s [===                 ]  1s
[  ]    212.9 MLBUps    245.64 GB/s [=======             ]  2s
[  ]    213.6 MLBUps    246.47 GB/s [===========         ]  2s
[  ]    213.1 MLBUps    245.86 GB/s [===============     ]  3s
[  ]    213.1 MLBUps    245.91 GB/s [=================== ]  4s
[  ]    ---- :    172.5 MLBUps    199.09 GB/s [====================]
[  ]    213.9 MLBUps    246.87 GB/s [===                 ]  0s
[  ]    213.3 MLBUps    246.10 GB/s [=======             ]  1s
[  ]    213.5 MLBUps    246.41 GB/s [===========         ]  2s
[  ]    213.0 MLBUps    245.80 GB/s [===============     ]  3s
[  ]    212.5 MLBUps    245.28 GB/s [=================== ]  4s
[  ]    ---- :    171.1 MLBUps    197.49 GB/s [====================]
[  ]    212.4 MLBUps    245.14 GB/s [===                 ]  1s
[  ]    213.2 MLBUps    246.06 GB/s [=======             ]  2s
[  ]    212.9 MLBUps    245.70 GB/s [===========         ]  3s
[  ]    213.1 MLBUps    245.87 GB/s [===============     ]  3s
[  ]    213.3 MLBUps    246.17 GB/s [=================== ]  4s
[  ]    ---- :    171.7 MLBUps    198.09 GB/s [====================]
[  ]    213.3 MLBUps    246.14 GB/s [===                 ]  0s
[  ]    213.0 MLBUps    245.75 GB/s [=======             ]  1s
[  ]    213.3 MLBUps    246.18 GB/s [===========         ]  2s
[  ]    213.2 MLBUps    246.07 GB/s [===============     ]  3s
[  ]    213.2 MLBUps    246.08 GB/s [=================== ]  4s
[  ]    ---- :    171.0 MLBUps    197.32 GB/s [====================]
[  ]    212.9 MLBUps    245.67 GB/s [===                 ]  1s
[  ]    212.9 MLBUps    245.72 GB/s [=======             ]  1s
[  ]    212.9 MLBUps    245.74 GB/s [===========         ]  2s
[  ]    213.0 MLBUps    245.75 GB/s [===============     ]  3s
[  ]    212.9 MLBUps    245.65 GB/s [=================== ]  4s
[  ]    ---- :    172.4 MLBUps    198.98 GB/s [====================]
[  ]    212.9 MLBUps    245.74 GB/s [===                 ]  0s
[  ]    213.0 MLBUps    245.78 GB/s [=======             ]  1s
[  ]    213.0 MLBUps    245.76 GB/s [===========         ]  2s
[  ]    213.6 MLBUps    246.44 GB/s [===============     ]  3s
[  ]    212.9 MLBUps    245.74 GB/s [=================== ]  4s
[  ]    ---- :    171.6 MLBUps    198.01 GB/s [====================]
[  ]    213.2 MLBUps    246.07 GB/s [===                 ]  0s
[  ]    213.5 MLBUps    246.38 GB/s [=======             ]  1s
[  ]    213.9 MLBUps    246.79 GB/s [===========         ]  2s
[  ]    212.5 MLBUps    245.27 GB/s [===============     ]  3s
[  ]    213.3 MLBUps    246.18 GB/s [=================== ]  4s
[  ]    ---- :    170.7 MLBUps    196.97 GB/s [====================]
[  ]    ---- :   100000 it writing vtk
[  ]    169.7 MLBUps    195.83 GB/s [===                 ]  1s
[  ]    213.0 MLBUps    245.86 GB/s [=======             ]  2s
[  ]    213.1 MLBUps    245.91 GB/s [===========         ]  3s
[  ]    213.4 MLBUps    246.22 GB/s [===============     ]  4s
[  ]    213.3 MLBUps    246.10 GB/s [=================== ]  5s
[  ]    ---- :    203.6 MLBUps    234.99 GB/s [====================]
[  ]    213.0 MLBUps    245.78 GB/s [===                 ]  0s
[  ]    213.3 MLBUps    246.19 GB/s [=======             ]  1s
[  ]    212.9 MLBUps    245.65 GB/s [===========         ]  2s
[  ]    212.8 MLBUps    245.60 GB/s [===============     ]  3s
[  ]    212.8 MLBUps    245.59 GB/s [=================== ]  4s
[  ]    ---- :    190.9 MLBUps    220.29 GB/s [====================]
[  ]    212.9 MLBUps    245.74 GB/s [===                 ]  0s
[  ]    212.8 MLBUps    245.59 GB/s [=======             ]  2s
[  ]    212.8 MLBUps    245.56 GB/s [===========         ]  3s
[  ]    212.6 MLBUps    245.36 GB/s [===============     ]  4s
[  ]    212.3 MLBUps    245.00 GB/s [=================== ]  5s
[  ]    ---- :    170.9 MLBUps    197.24 GB/s [====================]
[  ]    213.3 MLBUps    246.20 GB/s [===                 ]  0s
[  ]    212.7 MLBUps    245.51 GB/s [=======             ]  1s
[  ]    212.9 MLBUps    245.74 GB/s [===========         ]  2s
[  ]    213.2 MLBUps    245.98 GB/s [===============     ]  3s
[  ]    212.7 MLBUps    245.48 GB/s [=================== ]  4s
[  ]    ---- :    170.5 MLBUps    196.81 GB/s [====================]
[  ]    213.4 MLBUps    246.22 GB/s [===                 ]  0s
[  ]    213.3 MLBUps    246.19 GB/s [=======             ]  1s
[  ]    213.2 MLBUps    246.02 GB/s [===========         ]  2s
[  ]    213.0 MLBUps    245.80 GB/s [===============     ]  3s
[  ]    213.0 MLBUps    245.80 GB/s [=================== ]  4s
[  ]    ---- :    172.1 MLBUps    198.65 GB/s [====================]
[  ]    213.2 MLBUps    246.02 GB/s [===                 ]  0s
[  ]    213.7 MLBUps    246.65 GB/s [=======             ]  1s
[  ]    213.6 MLBUps    246.48 GB/s [===========         ]  2s
[  ]    213.5 MLBUps    246.35 GB/s [===============     ]  3s
[  ]    212.9 MLBUps    245.65 GB/s [=================== ]  4s
[  ]    ---- :    171.4 MLBUps    197.74 GB/s [====================]
[  ]    213.0 MLBUps    245.76 GB/s [===                 ]  0s
[  ]    213.1 MLBUps    245.91 GB/s [=======             ]  1s
[  ]    213.2 MLBUps    245.98 GB/s [===========         ]  2s
[  ]    213.2 MLBUps    246.05 GB/s [===============     ]  3s
[  ]    213.6 MLBUps    246.46 GB/s [=================== ]  4s
[  ]    ---- :    171.9 MLBUps    198.37 GB/s [====================]
[  ]    213.5 MLBUps    246.42 GB/s [===                 ]  0s
[  ]    212.9 MLBUps    245.70 GB/s [=======             ]  1s
[  ]    213.5 MLBUps    246.37 GB/s [===========         ]  2s
[  ]    213.1 MLBUps    245.92 GB/s [===============     ]  3s
[  ]    212.6 MLBUps    245.38 GB/s [=================== ]  4s
[  ]    ---- :    171.7 MLBUps    198.14 GB/s [====================]
[  ]    213.5 MLBUps    246.39 GB/s [===                 ]  0s
[  ]    213.4 MLBUps    246.27 GB/s [=======             ]  1s
[  ]    213.0 MLBUps    245.82 GB/s [===========         ]  2s
[  ]    213.3 MLBUps    246.17 GB/s [===============     ]  3s
[  ]    212.9 MLBUps    245.73 GB/s [=================== ]  4s
[  ]    ---- :    171.2 MLBUps    197.52 GB/s [====================]
[  ]    213.2 MLBUps    246.05 GB/s [===                 ]  0s
[  ]    212.9 MLBUps    245.68 GB/s [=======             ]  1s
[  ]    213.9 MLBUps    246.81 GB/s [===========         ]  2s
[  ]    212.9 MLBUps    245.69 GB/s [===============     ]  3s
[  ]    213.0 MLBUps    245.78 GB/s [=================== ]  4s
[  ]    ---- :    171.4 MLBUps    197.76 GB/s [====================]
[  ]    212.5 MLBUps    245.27 GB/s [===                 ]  1s
[  ]    212.5 MLBUps    245.27 GB/s [=======             ]  2s
[  ]    212.8 MLBUps    245.57 GB/s [===========         ]  3s
[  ]    213.1 MLBUps    245.87 GB/s [===============     ]  4s
[  ]    212.7 MLBUps    245.51 GB/s [=================== ]  5s
[  ]    ---- :    171.8 MLBUps    198.23 GB/s [====================]
[  ]    212.8 MLBUps    245.57 GB/s [===                 ]  1s
[  ]    212.7 MLBUps    245.45 GB/s [=======             ]  2s
[  ]    212.6 MLBUps    245.40 GB/s [===========         ]  3s
[  ]    212.7 MLBUps    245.47 GB/s [===============     ]  4s
[  ]    213.2 MLBUps    246.04 GB/s [=================== ]  5s
[  ]    ---- :    170.9 MLBUps    197.24 GB/s [====================]
[  ]    212.5 MLBUps    245.22 GB/s [===                 ]  1s
[  ]    212.9 MLBUps    245.70 GB/s [=======             ]  2s
[  ]    212.8 MLBUps    245.56 GB/s [===========         ]  3s
[  ]    212.9 MLBUps    245.63 GB/s [===============     ]  4s
[  ]    213.8 MLBUps    246.69 GB/s [=================== ]  4s
[  ]    ---- :    172.4 MLBUps    198.93 GB/s [====================]
[  ]    213.2 MLBUps    246.06 GB/s [===                 ]  0s
[  ]    213.1 MLBUps    245.87 GB/s [=======             ]  1s
[  ]    212.5 MLBUps    245.27 GB/s [===========         ]  2s
[  ]    212.9 MLBUps    245.70 GB/s [===============     ]  3s
[  ]    213.4 MLBUps    246.25 GB/s [=================== ]  4s
[  ]    ---- :    171.3 MLBUps    197.69 GB/s [====================]
[  ]    212.6 MLBUps    245.32 GB/s [===                 ]  1s
[  ]    213.4 MLBUps    246.24 GB/s [=======             ]  1s
[  ]    213.2 MLBUps    246.09 GB/s [===========         ]  2s
[  ]    212.6 MLBUps    245.39 GB/s [===============     ]  3s
[  ]    213.2 MLBUps    246.02 GB/s [=================== ]  4s
[  ]    ---- :    172.6 MLBUps    199.20 GB/s [====================]
[  ]    213.1 MLBUps    245.89 GB/s [===                 ]  0s
[  ]    212.9 MLBUps    245.65 GB/s [=======             ]  1s
[  ]    213.1 MLBUps    245.96 GB/s [===========         ]  2s
[  ]    213.1 MLBUps    245.86 GB/s [===============     ]  3s
[  ]    213.0 MLBUps    245.79 GB/s [=================== ]  4s
[  ]    ---- :    171.1 MLBUps    197.39 GB/s [====================]
[  ]    212.9 MLBUps    245.68 GB/s [===                 ]  0s
[  ]    213.1 MLBUps    245.90 GB/s [=======             ]  1s
[  ]    212.5 MLBUps    245.24 GB/s [===========         ]  3s
[  ]    212.9 MLBUps    245.68 GB/s [===============     ]  4s
[  ]    213.4 MLBUps    246.22 GB/s [=================== ]  4s
[  ]    ---- :    171.7 MLBUps    198.17 GB/s [====================]
[  ]    213.6 MLBUps    246.47 GB/s [===                 ]  0s
[  ]    212.9 MLBUps    245.69 GB/s [=======             ]  1s
[  ]    213.2 MLBUps    245.98 GB/s [===========         ]  2s
[  ]    212.8 MLBUps    245.61 GB/s [===============     ]  3s
[  ]    213.4 MLBUps    246.28 GB/s [=================== ]  4s
[  ]    ---- :    170.8 MLBUps    197.09 GB/s [====================]
[  ]    213.7 MLBUps    246.57 GB/s [===                 ]  0s
[  ]    213.3 MLBUps    246.19 GB/s [=======             ]  1s
[  ]    213.1 MLBUps    245.92 GB/s [===========         ]  2s
[  ]    213.4 MLBUps    246.21 GB/s [===============     ]  3s
[  ]    213.0 MLBUps    245.76 GB/s [=================== ]  4s
[  ]    ---- :    172.0 MLBUps    198.44 GB/s [====================]
[  ]    212.8 MLBUps    245.54 GB/s [===                 ]  1s
[  ]    212.6 MLBUps    245.40 GB/s [=======             ]  2s
[  ]    212.4 MLBUps    245.17 GB/s [===========         ]  3s
[  ]    212.8 MLBUps    245.56 GB/s [===============     ]  4s
[  ]    212.9 MLBUps    245.68 GB/s [=================== ]  5s
[  ]    ---- :    172.1 MLBUps    198.56 GB/s [====================]
[  ]    ---- :   120000 it writing vtk
[  ]    170.8 MLBUps    197.14 GB/s [===                 ]  1s
[  ]    215.5 MLBUps    248.66 GB/s [=======             ]  2s
[  ]    215.6 MLBUps    248.79 GB/s [===========         ]  3s
[  ]    212.9 MLBUps    245.63 GB/s [===============     ]  4s
[  ]    208.9 MLBUps    241.04 GB/s [=================== ]  5s
[  ]    ---- :    198.4 MLBUps    228.92 GB/s [====================]
[  ]    209.1 MLBUps    241.29 GB/s [===                 ]  0s
[  ]    209.1 MLBUps    241.28 GB/s [=======             ]  1s
[  ]    208.9 MLBUps    241.11 GB/s [===========         ]  2s
[  ]    208.8 MLBUps    240.92 GB/s [===============     ]  3s
[  ]    209.0 MLBUps    241.18 GB/s [=================== ]  4s
[  ]    ---- :    196.1 MLBUps    226.31 GB/s [====================]
[  ]    209.0 MLBUps    241.17 GB/s [===                 ]  0s
[  ]    208.8 MLBUps    240.93 GB/s [=======             ]  1s
[  ]    208.9 MLBUps    241.09 GB/s [===========         ]  2s
[  ]    209.4 MLBUps    241.61 GB/s [===============     ]  3s
[  ]    211.6 MLBUps    244.18 GB/s [=================== ]  4s
[  ]    ---- :    195.9 MLBUps    226.03 GB/s [====================]
[  ]    211.9 MLBUps    244.56 GB/s [===                 ]  0s
[  ]    212.3 MLBUps    244.95 GB/s [=======             ]  1s
[  ]    211.9 MLBUps    244.56 GB/s [===========         ]  2s
[  ]    212.1 MLBUps    244.80 GB/s [===============     ]  3s
[  ]    211.8 MLBUps    244.36 GB/s [=================== ]  5s
[  ]    ---- :    180.8 MLBUps    208.67 GB/s [====================]
[  ]    212.4 MLBUps    245.13 GB/s [===                 ]  0s
[  ]    212.8 MLBUps    245.55 GB/s [=======             ]  1s
[  ]    212.8 MLBUps    245.59 GB/s [===========         ]  2s
[  ]    212.9 MLBUps    245.69 GB/s [===============     ]  3s
[  ]    213.1 MLBUps    245.97 GB/s [=================== ]  4s
[  ]    ---- :    179.0 MLBUps    206.53 GB/s [====================]
[  ]    213.4 MLBUps    246.25 GB/s [===                 ]  0s
[  ]    213.8 MLBUps    246.69 GB/s [=======             ]  1s
[  ]    213.7 MLBUps    246.65 GB/s [===========         ]  2s
[  ]    213.7 MLBUps    246.62 GB/s [===============     ]  3s
[  ]    213.0 MLBUps    245.75 GB/s [=================== ]  4s
[  ]    ---- :    173.1 MLBUps    199.75 GB/s [====================]
[  ]    213.0 MLBUps    245.78 GB/s [===                 ]  0s
[  ]    212.9 MLBUps    245.73 GB/s [=======             ]  1s
[  ]    213.0 MLBUps    245.76 GB/s [===========         ]  2s
[  ]    213.0 MLBUps    245.82 GB/s [===============     ]  3s
[  ]    213.0 MLBUps    245.77 GB/s [=================== ]  4s
[  ]    ---- :    171.8 MLBUps    198.28 GB/s [====================]
[  ]    213.4 MLBUps    246.28 GB/s [===                 ]  0s
[  ]    213.0 MLBUps    245.80 GB/s [=======             ]  1s
[  ]    213.5 MLBUps    246.40 GB/s [===========         ]  2s
[  ]    213.1 MLBUps    245.90 GB/s [===============     ]  3s
[  ]    213.1 MLBUps    245.88 GB/s [=================== ]  4s
[  ]    ---- :    171.6 MLBUps    198.03 GB/s [====================]
[  ]    213.6 MLBUps    246.53 GB/s [===                 ]  0s
[  ]    213.0 MLBUps    245.78 GB/s [=======             ]  1s
[  ]    212.6 MLBUps    245.34 GB/s [===========         ]  2s
[  ]    213.1 MLBUps    245.94 GB/s [===============     ]  3s
[  ]    213.1 MLBUps    245.94 GB/s [=================== ]  4s
[  ]    ---- :    170.9 MLBUps    197.27 GB/s [====================]
[  ]    213.3 MLBUps    246.20 GB/s [===                 ]  0s
[  ]    213.1 MLBUps    245.88 GB/s [=======             ]  1s
[  ]    213.1 MLBUps    245.87 GB/s [===========         ]  2s
[  ]    213.0 MLBUps    245.78 GB/s [===============     ]  3s
[  ]    213.0 MLBUps    245.83 GB/s [=================== ]  4s
[  ]    ---- :    171.5 MLBUps    197.96 GB/s [====================]
[  ]    212.9 MLBUps    245.67 GB/s [===                 ]  1s
[  ]    213.1 MLBUps    245.88 GB/s [=======             ]  1s
[  ]    212.9 MLBUps    245.72 GB/s [===========         ]  2s
[  ]    213.1 MLBUps    245.88 GB/s [===============     ]  3s
[  ]    212.7 MLBUps    245.47 GB/s [=================== ]  4s
[  ]    ---- :    171.5 MLBUps    197.85 GB/s [====================]
[  ]    213.3 MLBUps    246.11 GB/s [===                 ]  0s
[  ]    212.9 MLBUps    245.73 GB/s [=======             ]  1s
[  ]    212.9 MLBUps    245.74 GB/s [===========         ]  2s
[  ]    213.6 MLBUps    246.45 GB/s [===============     ]  3s
[  ]    213.2 MLBUps    246.00 GB/s [=================== ]  4s
[  ]    ---- :    171.8 MLBUps    198.25 GB/s [====================]
[  ]    213.0 MLBUps    245.79 GB/s [===                 ]  0s
[  ]    213.4 MLBUps    246.23 GB/s [=======             ]  1s
[  ]    209.6 MLBUps    241.85 GB/s [===========         ]  3s
[  ]    209.2 MLBUps    241.47 GB/s [===============     ]  4s
[  ]    209.5 MLBUps    241.80 GB/s [=================== ]  5s
[  ]    ---- :    184.6 MLBUps    213.04 GB/s [====================]
[  ]    209.5 MLBUps    241.78 GB/s [===                 ]  1s
[  ]    209.3 MLBUps    241.58 GB/s [=======             ]  2s
[  ]    209.5 MLBUps    241.74 GB/s [===========         ]  2s
[  ]    209.3 MLBUps    241.51 GB/s [===============     ]  3s
[  ]    209.4 MLBUps    241.62 GB/s [=================== ]  4s
[  ]    ---- :    192.9 MLBUps    222.63 GB/s [====================]
[  ]    209.5 MLBUps    241.72 GB/s [===                 ]  0s
[  ]    209.4 MLBUps    241.64 GB/s [=======             ]  1s
[  ]    209.3 MLBUps    241.58 GB/s [===========         ]  2s
[  ]    209.3 MLBUps    241.49 GB/s [===============     ]  3s
[  ]    209.5 MLBUps    241.77 GB/s [=================== ]  4s
[  ]    ---- :    193.8 MLBUps    223.62 GB/s [====================]
[  ]    209.6 MLBUps    241.91 GB/s [===                 ]  0s
[  ]    209.5 MLBUps    241.81 GB/s [=======             ]  1s
[  ]    209.4 MLBUps    241.66 GB/s [===========         ]  2s
[  ]    209.5 MLBUps    241.73 GB/s [===============     ]  3s
[  ]    209.3 MLBUps    241.58 GB/s [=================== ]  4s
[  ]    ---- :    194.4 MLBUps    224.30 GB/s [====================]
[  ]    209.8 MLBUps    242.08 GB/s [===                 ]  0s
[  ]    209.5 MLBUps    241.72 GB/s [=======             ]  2s
[  ]    209.3 MLBUps    241.52 GB/s [===========         ]  2s
[  ]    212.6 MLBUps    245.39 GB/s [===============     ]  3s
[  ]    213.9 MLBUps    246.87 GB/s [=================== ]  4s
[  ]    ---- :    194.4 MLBUps    224.30 GB/s [====================]
[  ]    213.7 MLBUps    246.59 GB/s [===                 ]  0s
[  ]    214.0 MLBUps    246.98 GB/s [=======             ]  1s
[  ]    213.7 MLBUps    246.63 GB/s [===========         ]  2s
[  ]    213.9 MLBUps    246.80 GB/s [===============     ]  3s
[  ]    212.9 MLBUps    245.72 GB/s [=================== ]  4s
[  ]    ---- :    172.0 MLBUps    198.48 GB/s [====================]
[  ]    213.6 MLBUps    246.52 GB/s [===                 ]  0s
[  ]    214.0 MLBUps    246.95 GB/s [=======             ]  1s
[  ]    214.2 MLBUps    247.24 GB/s [===========         ]  2s
[  ]    213.3 MLBUps    246.15 GB/s [===============     ]  4s
[  ]    214.2 MLBUps    247.24 GB/s [=================== ]  4s
[  ]    ---- :    152.9 MLBUps    176.44 GB/s [====================]
[  ]    213.7 MLBUps    246.63 GB/s [===                 ]  0s
[  ]    214.1 MLBUps    247.09 GB/s [=======             ]  1s
[  ]    213.7 MLBUps    246.60 GB/s [===========         ]  2s
[  ]    213.0 MLBUps    245.82 GB/s [===============     ]  3s
[  ]    212.9 MLBUps    245.73 GB/s [=================== ]  4s
[  ]    ---- :    164.2 MLBUps    189.44 GB/s [====================]
[  ]    ---- :   140000 it writing vtk
[  ]    171.6 MLBUps    198.06 GB/s [===                 ]  1s
[  ]    216.0 MLBUps    249.29 GB/s [=======             ]  2s
[  ]    215.8 MLBUps    248.99 GB/s [===========         ]  3s
[  ]    214.4 MLBUps    247.43 GB/s [===============     ]  4s
[  ]    211.5 MLBUps    244.10 GB/s [=================== ]  5s
[  ]    ---- :    199.9 MLBUps    230.71 GB/s [====================]
[  ]    211.5 MLBUps    244.03 GB/s [===                 ]  0s
[  ]    211.2 MLBUps    243.76 GB/s [=======             ]  1s
[  ]    211.5 MLBUps    244.01 GB/s [===========         ]  2s
[  ]    211.6 MLBUps    244.22 GB/s [===============     ]  3s
[  ]    211.3 MLBUps    243.87 GB/s [=================== ]  4s
[  ]    ---- :    192.9 MLBUps    222.56 GB/s [====================]
[  ]    211.2 MLBUps    243.76 GB/s [===                 ]  0s
[  ]    211.4 MLBUps    243.94 GB/s [=======             ]  1s
[  ]    211.7 MLBUps    244.30 GB/s [===========         ]  2s
[  ]    212.0 MLBUps    244.67 GB/s [===============     ]  3s
[  ]    211.1 MLBUps    243.63 GB/s [=================== ]  4s
[  ]    ---- :    186.3 MLBUps    215.01 GB/s [====================]
[  ]    211.0 MLBUps    243.50 GB/s [===                 ]  0s
[  ]    211.4 MLBUps    243.98 GB/s [=======             ]  1s
[  ]    211.3 MLBUps    243.79 GB/s [===========         ]  2s
[  ]    211.9 MLBUps    244.48 GB/s [===============     ]  3s
[  ]    211.6 MLBUps    244.17 GB/s [=================== ]  4s
[  ]    ---- :    186.7 MLBUps    215.41 GB/s [====================]
[  ]    212.1 MLBUps    244.76 GB/s [===                 ]  0s
[  ]    211.8 MLBUps    244.38 GB/s [=======             ]  1s
[  ]    211.2 MLBUps    243.75 GB/s [===========         ]  2s
[  ]    211.6 MLBUps    244.14 GB/s [===============     ]  3s
[  ]    211.7 MLBUps    244.26 GB/s [=================== ]  4s
[  ]    ---- :    187.0 MLBUps    215.84 GB/s [====================]
[  ]    211.7 MLBUps    244.29 GB/s [===                 ]  0s
[  ]    211.3 MLBUps    243.86 GB/s [=======             ]  1s
[  ]    211.6 MLBUps    244.18 GB/s [===========         ]  2s
[  ]    211.4 MLBUps    244.00 GB/s [===============     ]  3s
[  ]    211.7 MLBUps    244.32 GB/s [=================== ]  4s
[  ]    ---- :    188.4 MLBUps    217.40 GB/s [====================]
[  ]    211.3 MLBUps    243.88 GB/s [===                 ]  0s
[  ]    212.1 MLBUps    244.72 GB/s [=======             ]  1s
[  ]    211.9 MLBUps    244.51 GB/s [===========         ]  2s
[  ]    211.6 MLBUps    244.17 GB/s [===============     ]  4s
[  ]    211.4 MLBUps    243.92 GB/s [=================== ]  4s
[  ]    ---- :    183.1 MLBUps    211.25 GB/s [====================]
[  ]    211.4 MLBUps    243.98 GB/s [===                 ]  0s
[  ]    211.8 MLBUps    244.43 GB/s [=======             ]  1s
[  ]    211.5 MLBUps    244.03 GB/s [===========         ]  2s
[  ]    211.8 MLBUps    244.42 GB/s [===============     ]  3s
[  ]    211.9 MLBUps    244.53 GB/s [=================== ]  4s
[  ]    ---- :    189.0 MLBUps    218.08 GB/s [====================]
[  ]    211.3 MLBUps    243.89 GB/s [===                 ]  0s
[  ]    212.2 MLBUps    244.85 GB/s [=======             ]  1s
[  ]    210.9 MLBUps    243.38 GB/s [===========         ]  2s
[  ]    211.5 MLBUps    244.09 GB/s [===============     ]  3s
[  ]    211.9 MLBUps    244.57 GB/s [=================== ]  4s
[  ]    ---- :    187.0 MLBUps    215.80 GB/s [====================]
[  ]    212.4 MLBUps    245.06 GB/s [===                 ]  0s
[  ]    211.4 MLBUps    243.97 GB/s [=======             ]  1s
[  ]    211.6 MLBUps    244.18 GB/s [===========         ]  2s
[  ]    211.9 MLBUps    244.51 GB/s [===============     ]  3s
[  ]    211.3 MLBUps    243.86 GB/s [=================== ]  4s
[  ]    ---- :    184.2 MLBUps    212.58 GB/s [====================]
[  ]    211.4 MLBUps    243.93 GB/s [===                 ]  0s
[  ]    211.5 MLBUps    244.07 GB/s [=======             ]  1s
[  ]    211.7 MLBUps    244.28 GB/s [===========         ]  2s
[  ]    211.5 MLBUps    244.08 GB/s [===============     ]  3s
[  ]    211.3 MLBUps    243.81 GB/s [=================== ]  4s
[  ]    ---- :    188.4 MLBUps    217.38 GB/s [====================]
[  ]    211.8 MLBUps    244.41 GB/s [===                 ]  0s
[  ]    211.7 MLBUps    244.30 GB/s [=======             ]  1s
[  ]    211.8 MLBUps    244.43 GB/s [===========         ]  2s
[  ]    211.4 MLBUps    243.92 GB/s [===============     ]  3s
[  ]    211.0 MLBUps    243.45 GB/s [=================== ]  4s
[  ]    ---- :    188.4 MLBUps    217.43 GB/s [====================]
[  ]    212.0 MLBUps    244.65 GB/s [===                 ]  0s
[  ]    212.0 MLBUps    244.68 GB/s [=======             ]  1s
[  ]    211.7 MLBUps    244.31 GB/s [===========         ]  3s
[  ]    211.7 MLBUps    244.29 GB/s [===============     ]  3s
[  ]    211.4 MLBUps    243.95 GB/s [=================== ]  4s
[  ]    ---- :    184.4 MLBUps    212.77 GB/s [====================]
[  ]    211.8 MLBUps    244.39 GB/s [===                 ]  0s
[  ]    211.1 MLBUps    243.65 GB/s [=======             ]  1s
[  ]    211.7 MLBUps    244.32 GB/s [===========         ]  2s
[  ]    212.0 MLBUps    244.67 GB/s [===============     ]  3s
[  ]    211.1 MLBUps    243.59 GB/s [=================== ]  4s
[  ]    ---- :    186.3 MLBUps    214.98 GB/s [====================]
[  ]    212.0 MLBUps    244.64 GB/s [===                 ]  0s
[  ]    211.8 MLBUps    244.36 GB/s [=======             ]  1s
[  ]    211.5 MLBUps    244.09 GB/s [===========         ]  2s
[  ]    211.4 MLBUps    243.97 GB/s [===============     ]  3s
[  ]    211.3 MLBUps    243.89 GB/s [=================== ]  4s
[  ]    ---- :    186.4 MLBUps    215.15 GB/s [====================]
[  ]    211.4 MLBUps    244.00 GB/s [===                 ]  0s
[  ]    211.4 MLBUps    243.91 GB/s [=======             ]  1s
[  ]    210.9 MLBUps    243.40 GB/s [===========         ]  2s
[  ]    211.6 MLBUps    244.20 GB/s [===============     ]  3s
[  ]    211.3 MLBUps    243.88 GB/s [=================== ]  4s
[  ]    ---- :    188.6 MLBUps    217.65 GB/s [====================]
[  ]    211.3 MLBUps    243.88 GB/s [===                 ]  0s
[  ]    211.6 MLBUps    244.17 GB/s [=======             ]  1s
[  ]    211.4 MLBUps    243.97 GB/s [===========         ]  2s
[  ]    211.6 MLBUps    244.23 GB/s [===============     ]  3s
[  ]    211.4 MLBUps    243.94 GB/s [=================== ]  4s
[  ]    ---- :    190.1 MLBUps    219.34 GB/s [====================]
[  ]    211.2 MLBUps    243.74 GB/s [===                 ]  0s
[  ]    211.2 MLBUps    243.71 GB/s [=======             ]  1s
[  ]    211.8 MLBUps    244.47 GB/s [===========         ]  2s
[  ]    211.8 MLBUps    244.43 GB/s [===============     ]  3s
[  ]    211.6 MLBUps    244.16 GB/s [=================== ]  4s
[  ]    ---- :    185.8 MLBUps    214.47 GB/s [====================]
[  ]    211.6 MLBUps    244.17 GB/s [===                 ]  0s
[  ]    211.5 MLBUps    244.03 GB/s [=======             ]  1s
[  ]    211.9 MLBUps    244.58 GB/s [===========         ]  2s
[  ]    211.6 MLBUps    244.14 GB/s [===============     ]  3s
[  ]    211.8 MLBUps    244.41 GB/s [=================== ]  4s
[  ]    ---- :    186.9 MLBUps    215.64 GB/s [====================]
[  ]    212.3 MLBUps    244.95 GB/s [===                 ]  0s
[  ]    210.7 MLBUps    243.12 GB/s [=======             ]  2s
[  ]    211.2 MLBUps    243.68 GB/s [===========         ]  3s
[  ]    211.9 MLBUps    244.53 GB/s [===============     ]  3s
[  ]    211.2 MLBUps    243.71 GB/s [=================== ]  5s
[  ]    ---- :    184.2 MLBUps    212.58 GB/s [====================]
[  ]    ---- :   160000 it writing vtk
[  ]    167.8 MLBUps    193.64 GB/s [===                 ]  1s
[  ]    211.1 MLBUps    243.60 GB/s [=======             ]  2s
[  ]    211.1 MLBUps    243.56 GB/s [==========          ]  3s
[  ]    211.0 MLBUps    243.51 GB/s [==============      ]  4s
[  ]    212.2 MLBUps    244.82 GB/s [==================  ]  5s
[  ]    ---- :    202.5 MLBUps    233.66 GB/s [====================]
[  ]    211.2 MLBUps    243.68 GB/s [===                 ]  0s
[  ]    211.4 MLBUps    243.99 GB/s [=======             ]  1s
[  ]    210.5 MLBUps    242.87 GB/s [===========         ]  2s
[  ]    210.7 MLBUps    243.12 GB/s [===============     ]  3s
[  ]    210.6 MLBUps    243.00 GB/s [=================== ]  4s
[  ]    ---- :    195.2 MLBUps    225.31 GB/s [====================]
[  ]    211.0 MLBUps    243.55 GB/s [===                 ]  0s
[  ]    211.7 MLBUps    244.25 GB/s [=======             ]  1s
[  ]    211.3 MLBUps    243.86 GB/s [===========         ]  2s
[  ]    211.3 MLBUps    243.80 GB/s [===============     ]  3s
[  ]    211.2 MLBUps    243.75 GB/s [=================== ]  4s
[  ]    ---- :    189.7 MLBUps    218.93 GB/s [====================]
[  ]    211.3 MLBUps    243.80 GB/s [===                 ]  0s
[  ]    211.5 MLBUps    244.07 GB/s [=======             ]  1s
[  ]    211.3 MLBUps    243.87 GB/s [===========         ]  2s
[  ]    211.8 MLBUps    244.41 GB/s [===============     ]  3s
[  ]    211.6 MLBUps    244.13 GB/s [=================== ]  4s
[  ]    ---- :    189.3 MLBUps    218.42 GB/s [====================]
[  ]    211.9 MLBUps    244.48 GB/s [===                 ]  0s
[  ]    211.4 MLBUps    243.90 GB/s [=======             ]  2s
[  ]    211.4 MLBUps    243.94 GB/s [===========         ]  2s
[  ]    212.1 MLBUps    244.73 GB/s [===============     ]  3s
[  ]    211.2 MLBUps    243.70 GB/s [=================== ]  5s
[  ]    ---- :    183.9 MLBUps    212.22 GB/s [====================]
[  ]    211.4 MLBUps    243.98 GB/s [===                 ]  0s
[  ]    211.6 MLBUps    244.13 GB/s [=======             ]  1s
[  ]    211.6 MLBUps    244.20 GB/s [===========         ]  2s
[  ]    211.4 MLBUps    243.93 GB/s [===============     ]  3s
[  ]    211.8 MLBUps    244.42 GB/s [=================== ]  4s
[  ]    ---- :    189.7 MLBUps    218.91 GB/s [====================]
[  ]    211.3 MLBUps    243.79 GB/s [===                 ]  0s
[  ]    211.5 MLBUps    244.03 GB/s [=======             ]  1s
[  ]    211.2 MLBUps    243.78 GB/s [===========         ]  2s
[  ]    211.5 MLBUps    244.06 GB/s [===============     ]  3s
[  ]    211.5 MLBUps    244.08 GB/s [=================== ]  4s
[  ]    ---- :    188.9 MLBUps    217.97 GB/s [====================]
[  ]    211.1 MLBUps    243.56 GB/s [===                 ]  0s
[  ]    212.1 MLBUps    244.75 GB/s [=======             ]  1s
[  ]    211.7 MLBUps    244.36 GB/s [===========         ]  2s
[  ]    211.4 MLBUps    243.94 GB/s [===============     ]  3s
[  ]    212.0 MLBUps    244.69 GB/s [=================== ]  4s
[  ]    ---- :    186.4 MLBUps    215.09 GB/s [====================]
[  ]    211.5 MLBUps    244.05 GB/s [===                 ]  0s
[  ]    210.9 MLBUps    243.35 GB/s [=======             ]  1s
[  ]    212.0 MLBUps    244.65 GB/s [===========         ]  2s
[  ]    211.6 MLBUps    244.23 GB/s [===============     ]  3s
[  ]    211.6 MLBUps    244.23 GB/s [=================== ]  4s
[  ]    ---- :    186.6 MLBUps    215.34 GB/s [====================]
[  ]    211.3 MLBUps    243.80 GB/s [===                 ]  0s
[  ]    211.6 MLBUps    244.17 GB/s [=======             ]  1s
[  ]    210.7 MLBUps    243.16 GB/s [===========         ]  2s
[  ]    211.3 MLBUps    243.79 GB/s [===============     ]  3s
[  ]    211.2 MLBUps    243.78 GB/s [=================== ]  4s
[  ]    ---- :    189.9 MLBUps    219.10 GB/s [====================]
[  ]    211.4 MLBUps    243.98 GB/s [===                 ]  0s
[  ]    211.5 MLBUps    244.10 GB/s [=======             ]  1s
[  ]    211.5 MLBUps    244.05 GB/s [===========         ]  2s
[  ]    211.0 MLBUps    243.53 GB/s [===============     ]  3s
[  ]    211.4 MLBUps    243.94 GB/s [=================== ]  4s
[  ]    ---- :    188.4 MLBUps    217.46 GB/s [====================]
[  ]    211.1 MLBUps    243.56 GB/s [===                 ]  0s
[  ]    212.3 MLBUps    244.96 GB/s [=======             ]  1s
[  ]    211.4 MLBUps    243.91 GB/s [===========         ]  2s
[  ]    211.6 MLBUps    244.15 GB/s [===============     ]  3s
[  ]    211.4 MLBUps    243.99 GB/s [=================== ]  4s
[  ]    ---- :    186.3 MLBUps    214.95 GB/s [====================]
[  ]    211.7 MLBUps    244.30 GB/s [===                 ]  0s
[  ]    212.0 MLBUps    244.70 GB/s [=======             ]  1s
[  ]    211.7 MLBUps    244.33 GB/s [===========         ]  2s
[  ]    211.2 MLBUps    243.73 GB/s [===============     ]  3s
[  ]    211.9 MLBUps    244.51 GB/s [=================== ]  4s
[  ]    ---- :    186.5 MLBUps    215.18 GB/s [====================]
[  ]    211.6 MLBUps    244.17 GB/s [===                 ]  0s
[  ]    211.5 MLBUps    244.09 GB/s [=======             ]  1s
[  ]    211.0 MLBUps    243.52 GB/s [===========         ]  2s
[  ]    211.6 MLBUps    244.24 GB/s [===============     ]  3s
[  ]    210.9 MLBUps    243.34 GB/s [=================== ]  4s
[  ]    ---- :    188.3 MLBUps    217.25 GB/s [====================]
[  ]    210.9 MLBUps    243.42 GB/s [===                 ]  0s
[  ]    211.2 MLBUps    243.67 GB/s [=======             ]  1s
[  ]    210.6 MLBUps    243.08 GB/s [===========         ]  2s
[  ]    210.7 MLBUps    243.15 GB/s [===============     ]  3s
[  ]    211.9 MLBUps    244.54 GB/s [=================== ]  4s
[  ]    ---- :    187.9 MLBUps    216.85 GB/s [====================]
[  ]    210.9 MLBUps    243.36 GB/s [===                 ]  0s
[  ]    211.8 MLBUps    244.36 GB/s [=======             ]  1s
[  ]    212.0 MLBUps    244.61 GB/s [===========         ]  2s
[  ]    211.8 MLBUps    244.39 GB/s [===============     ]  3s
[  ]    212.3 MLBUps    245.05 GB/s [=================== ]  4s
[  ]    ---- :    186.5 MLBUps    215.26 GB/s [====================]
[  ]    211.2 MLBUps    243.78 GB/s [===                 ]  0s
[  ]    211.2 MLBUps    243.72 GB/s [=======             ]  1s
[  ]    209.4 MLBUps    241.61 GB/s [===========         ]  3s
[  ]    206.2 MLBUps    237.91 GB/s [===============     ]  4s
[  ]    206.1 MLBUps    237.79 GB/s [=================== ]  5s
[  ]    ---- :    189.4 MLBUps    218.55 GB/s [====================]
[  ]    206.4 MLBUps    238.24 GB/s [===                 ]  1s
[  ]    206.7 MLBUps    238.53 GB/s [=======             ]  2s
[  ]    206.2 MLBUps    237.91 GB/s [===========         ]  3s
[  ]    206.2 MLBUps    238.00 GB/s [===============     ]  4s
[  ]    206.2 MLBUps    237.91 GB/s [=================== ]  5s
[  ]    ---- :    194.3 MLBUps    224.17 GB/s [====================]
[  ]    206.2 MLBUps    237.92 GB/s [===                 ]  1s
[  ]    206.9 MLBUps    238.71 GB/s [=======             ]  1s
[  ]    209.4 MLBUps    241.63 GB/s [===========         ]  2s
[  ]    209.4 MLBUps    241.70 GB/s [===============     ]  3s
[  ]    209.5 MLBUps    241.79 GB/s [=================== ]  4s
[  ]    ---- :    196.7 MLBUps    227.04 GB/s [====================]
[  ]    209.5 MLBUps    241.80 GB/s [===                 ]  0s
[  ]    209.5 MLBUps    241.74 GB/s [=======             ]  1s
[  ]    209.5 MLBUps    241.78 GB/s [===========         ]  2s
[  ]    209.6 MLBUps    241.85 GB/s [===============     ]  3s
[  ]    209.6 MLBUps    241.84 GB/s [=================== ]  4s
[  ]    ---- :    194.3 MLBUps    224.18 GB/s [====================]
[  ]    ---- :   180000 it writing vtk
[  ]    169.1 MLBUps    195.13 GB/s [===                 ]  1s
[  ]    214.0 MLBUps    246.99 GB/s [=======             ]  2s
[  ]    213.6 MLBUps    246.50 GB/s [===========         ]  3s
[  ]    213.8 MLBUps    246.72 GB/s [===============     ]  4s
[  ]    213.8 MLBUps    246.70 GB/s [==================  ]  5s
[  ]    ---- :    205.0 MLBUps    236.53 GB/s [====================]
[  ]    214.2 MLBUps    247.15 GB/s [===                 ]  0s
[  ]    214.4 MLBUps    247.47 GB/s [=======             ]  1s
[  ]    213.6 MLBUps    246.54 GB/s [===========         ]  2s
[  ]    213.9 MLBUps    246.87 GB/s [===============     ]  3s
[  ]    213.7 MLBUps    246.60 GB/s [=================== ]  4s
[  ]    ---- :    184.9 MLBUps    213.37 GB/s [====================]
[  ]    211.3 MLBUps    243.79 GB/s [===                 ]  1s
[  ]    210.1 MLBUps    242.50 GB/s [=======             ]  2s
[  ]    210.2 MLBUps    242.54 GB/s [===========         ]  3s
[  ]    210.2 MLBUps    242.62 GB/s [===============     ]  4s
[  ]    210.5 MLBUps    242.94 GB/s [=================== ]  5s
[  ]    ---- :    187.0 MLBUps    215.79 GB/s [====================]
[  ]    210.5 MLBUps    242.90 GB/s [===                 ]  1s
[  ]    210.6 MLBUps    242.98 GB/s [=======             ]  2s
[  ]    210.4 MLBUps    242.84 GB/s [===========         ]  3s
[  ]    210.4 MLBUps    242.84 GB/s [===============     ]  4s
[  ]    210.2 MLBUps    242.56 GB/s [=================== ]  5s
[  ]    ---- :    188.3 MLBUps    217.34 GB/s [====================]
[  ]    210.3 MLBUps    242.74 GB/s [===                 ]  1s
[  ]    210.2 MLBUps    242.54 GB/s [=======             ]  2s
[  ]    210.3 MLBUps    242.74 GB/s [===========         ]  3s
[  ]    210.1 MLBUps    242.42 GB/s [===============     ]  4s
[  ]    210.3 MLBUps    242.72 GB/s [=================== ]  5s
[  ]    ---- :    188.6 MLBUps    217.67 GB/s [====================]
[  ]    211.2 MLBUps    243.68 GB/s [===                 ]  0s
[  ]    210.6 MLBUps    243.08 GB/s [=======             ]  1s
[  ]    210.0 MLBUps    242.30 GB/s [===========         ]  3s
[  ]    210.2 MLBUps    242.61 GB/s [===============     ]  4s
[  ]    210.2 MLBUps    242.60 GB/s [=================== ]  5s
[  ]    ---- :    187.8 MLBUps    216.74 GB/s [====================]
[  ]    210.3 MLBUps    242.71 GB/s [===                 ]  1s
[  ]    210.0 MLBUps    242.39 GB/s [=======             ]  2s
[  ]    210.0 MLBUps    242.29 GB/s [===========         ]  3s
[  ]    209.8 MLBUps    242.07 GB/s [===============     ]  4s
[  ]    210.4 MLBUps    242.81 GB/s [=================== ]  5s
[  ]    ---- :    188.0 MLBUps    216.95 GB/s [====================]
[  ]    210.3 MLBUps    242.69 GB/s [===                 ]  0s
[  ]    210.2 MLBUps    242.54 GB/s [=======             ]  1s
[  ]    210.0 MLBUps    242.35 GB/s [===========         ]  2s
[  ]    210.1 MLBUps    242.41 GB/s [===============     ]  4s
[  ]    210.1 MLBUps    242.45 GB/s [=================== ]  5s
[  ]    ---- :    189.1 MLBUps    218.27 GB/s [====================]
[  ]    210.1 MLBUps    242.42 GB/s [===                 ]  0s
[  ]    210.1 MLBUps    242.49 GB/s [=======             ]  1s
[  ]    209.9 MLBUps    242.18 GB/s [===========         ]  3s
[  ]    209.9 MLBUps    242.19 GB/s [===============     ]  4s
[  ]    210.2 MLBUps    242.56 GB/s [=================== ]  5s
[  ]    ---- :    190.2 MLBUps    219.44 GB/s [====================]
[  ]    209.8 MLBUps    242.07 GB/s [===                 ]  0s
[  ]    209.8 MLBUps    242.08 GB/s [=======             ]  1s
[  ]    209.9 MLBUps    242.22 GB/s [===========         ]  3s
[  ]    210.2 MLBUps    242.54 GB/s [===============     ]  4s
[  ]    209.9 MLBUps    242.25 GB/s [=================== ]  5s
[  ]    ---- :    189.3 MLBUps    218.47 GB/s [====================]
[  ]    209.8 MLBUps    242.08 GB/s [===                 ]  0s
[  ]    210.1 MLBUps    242.51 GB/s [=======             ]  1s
[  ]    209.7 MLBUps    242.05 GB/s [===========         ]  3s
[  ]    209.8 MLBUps    242.13 GB/s [===============     ]  4s
[  ]    210.6 MLBUps    242.99 GB/s [=================== ]  5s
[  ]    ---- :    189.3 MLBUps    218.45 GB/s [====================]
[  ]    210.9 MLBUps    243.40 GB/s [===                 ]  0s
[  ]    209.9 MLBUps    242.21 GB/s [=======             ]  1s
[  ]    210.4 MLBUps    242.78 GB/s [===========         ]  2s
[  ]    210.6 MLBUps    243.01 GB/s [===============     ]  3s
[  ]    211.0 MLBUps    243.44 GB/s [=================== ]  4s
[  ]    ---- :    190.1 MLBUps    219.33 GB/s [====================]
[  ]    210.4 MLBUps    242.81 GB/s [===                 ]  1s
[  ]    210.4 MLBUps    242.82 GB/s [=======             ]  2s
[  ]    210.3 MLBUps    242.64 GB/s [===========         ]  3s
[  ]    210.4 MLBUps    242.86 GB/s [===============     ]  4s
[  ]    210.3 MLBUps    242.64 GB/s [=================== ]  5s
[  ]    ---- :    187.9 MLBUps    216.84 GB/s [====================]
[  ]    210.3 MLBUps    242.69 GB/s [===                 ]  1s
[  ]    210.6 MLBUps    243.02 GB/s [=======             ]  2s
[  ]    210.1 MLBUps    242.51 GB/s [===========         ]  3s
[  ]    210.2 MLBUps    242.52 GB/s [===============     ]  4s
[  ]    210.1 MLBUps    242.51 GB/s [=================== ]  5s
[  ]    ---- :    188.1 MLBUps    217.09 GB/s [====================]
[  ]    211.0 MLBUps    243.46 GB/s [===                 ]  0s
[  ]    210.3 MLBUps    242.67 GB/s [=======             ]  2s
[  ]    210.8 MLBUps    243.23 GB/s [===========         ]  3s
[  ]    210.2 MLBUps    242.62 GB/s [===============     ]  4s
[  ]    210.0 MLBUps    242.34 GB/s [=================== ]  5s
[  ]    ---- :    188.3 MLBUps    217.25 GB/s [====================]
[  ]    210.3 MLBUps    242.71 GB/s [===                 ]  1s
[  ]    210.1 MLBUps    242.49 GB/s [=======             ]  2s
[  ]    211.1 MLBUps    243.57 GB/s [===========         ]  3s
[  ]    210.0 MLBUps    242.34 GB/s [===============     ]  4s
[  ]    209.9 MLBUps    242.24 GB/s [=================== ]  5s
[  ]    ---- :    186.9 MLBUps    215.71 GB/s [====================]
[  ]    210.3 MLBUps    242.73 GB/s [===                 ]  1s
[  ]    210.4 MLBUps    242.81 GB/s [=======             ]  2s
[  ]    210.4 MLBUps    242.77 GB/s [===========         ]  3s
[  ]    210.1 MLBUps    242.46 GB/s [===============     ]  4s
[  ]    209.8 MLBUps    242.08 GB/s [=================== ]  5s
[  ]    ---- :    187.3 MLBUps    216.15 GB/s [====================]
[  ]    210.4 MLBUps    242.75 GB/s [===                 ]  1s
[  ]    209.8 MLBUps    242.13 GB/s [=======             ]  2s
[  ]    209.8 MLBUps    242.15 GB/s [===========         ]  3s
[  ]    209.8 MLBUps    242.10 GB/s [===============     ]  4s
[  ]    209.7 MLBUps    242.04 GB/s [=================== ]  5s
[  ]    ---- :    187.2 MLBUps    216.06 GB/s [====================]
[  ]    210.1 MLBUps    242.43 GB/s [===                 ]  0s
[  ]    209.7 MLBUps    242.00 GB/s [=======             ]  1s
[  ]    209.5 MLBUps    241.82 GB/s [===========         ]  3s
[  ]    210.1 MLBUps    242.47 GB/s [===============     ]  3s
[  ]    209.9 MLBUps    242.25 GB/s [=================== ]  5s
[  ]    ---- :    190.7 MLBUps    220.11 GB/s [====================]
[  ]    209.8 MLBUps    242.14 GB/s [===                 ]  0s
[  ]    209.8 MLBUps    242.13 GB/s [=======             ]  1s
[  ]    210.0 MLBUps    242.32 GB/s [===========         ]  3s
[  ]    209.9 MLBUps    242.19 GB/s [===============     ]  4s
[  ]    209.9 MLBUps    242.17 GB/s [=================== ]  5s
[  ]    ---- :    190.1 MLBUps    219.34 GB/s [====================]
[  ]    ---- :   200000 it writing vtk
[  ]    ---- : Total duration: 1017.155706 s = 16.952595 min = 0.282543 h
