{
  "status": "runtime_sanity",
  "run_root": "/mnt/8A0E24070E23EAC1/runs/tclb_flat_wall_cap_stage7b_low_angle_20260612",
  "case_count": 1,
  "summaries": [
    {
      "status": "runtime_sanity",
      "case_id": "cap_theta030_wall015",
      "case_dir": "/mnt/8A0E24070E23EAC1/runs/tclb_flat_wall_cap_stage7b_low_angle_20260612/cap_theta030_wall015",
      "case_params": {
        "status": "runtime_sanity",
        "case_id": "cap_theta030_wall015",
        "purpose": "Stage7b low-angle flat wall scan wall015",
        "remote_case": "/mnt/8A0E24070E23EAC1/runs/tclb_flat_wall_cap_stage7b_low_angle_20260612/cap_theta030_wall015",
        "xml": "C:\\Users\\yuanz\\Desktop\\LBMD3Q27\\cases\\diagnostics\\flat_wall_cap_stage7b_low_angle_20260612\\cap_theta030_wall015\\case.xml",
        "volume_equivalent_sphere_radius": 24.0,
        "init_theta_deg": 30.0,
        "wall_rad_angle_deg": 15.0,
        "cap_sphere_radius": 102.43685957667594,
        "cap_height": 13.723936899375312,
        "cap_base_radius": 51.218429788337964,
        "cap_center_x": 64.0,
        "cap_center_y": -88.71292267730063,
        "cap_center_z": 64.0,
        "use_stage7_signed_wall_ghost": false,
        "stage7_signed_mode": 3.0,
        "stage7_delta_q_scale": 1.0,
        "stage7_delta_q_abs_cap": 6.0,
        "stage7_denom_floor": 0.05,
        "stage7_active_c_min": 0.02,
        "stage7_active_grad_min": 1e-06,
        "stage7_active_tangent_min": 1e-08,
        "stage7_relaxation_tau": 1.0
      },
      "frame_count": 6,
      "last": {
        "status": "runtime_sanity",
        "case_id": "cap_theta030_wall015",
        "step": 50000,
        "file": "/mnt/8A0E24070E23EAC1/runs/tclb_flat_wall_cap_stage7b_low_angle_20260612/cap_theta030_wall015/output/case_VTK_P00_00050000.vti",
        "dims": [
          128,
          96,
          128
        ],
        "case_params": {
          "status": "runtime_sanity",
          "case_id": "cap_theta030_wall015",
          "purpose": "Stage7b low-angle flat wall scan wall015",
          "remote_case": "/mnt/8A0E24070E23EAC1/runs/tclb_flat_wall_cap_stage7b_low_angle_20260612/cap_theta030_wall015",
          "xml": "C:\\Users\\yuanz\\Desktop\\LBMD3Q27\\cases\\diagnostics\\flat_wall_cap_stage7b_low_angle_20260612\\cap_theta030_wall015\\case.xml",
          "volume_equivalent_sphere_radius": 24.0,
          "init_theta_deg": 30.0,
          "wall_rad_angle_deg": 15.0,
          "cap_sphere_radius": 102.43685957667594,
          "cap_height": 13.723936899375312,
          "cap_base_radius": 51.218429788337964,
          "cap_center_x": 64.0,
          "cap_center_y": -88.71292267730063,
          "cap_center_z": 64.0,
          "use_stage7_signed_wall_ghost": false,
          "stage7_signed_mode": 3.0,
          "stage7_delta_q_scale": 1.0,
          "stage7_delta_q_abs_cap": 6.0,
          "stage7_denom_floor": 0.05,
          "stage7_active_c_min": 0.02,
          "stage7_active_grad_min": 1e-06,
          "stage7_active_tangent_min": 1e-08,
          "stage7_relaxation_tau": 1.0
        },
        "cell_count": 1572864,
        "wall_count": 80520,
        "fluid_count": 1492344,
        "lower_wall_count": 16384,
        "nonfinite_total": 0,
        "angle_apparent_deg": 28.22226770880815,
        "angle_error_vs_init_deg": -1.7777322911918496,
        "angle_error_vs_wall_rad_deg": 13.22226770880815,
        "fit_point_count": 138,
        "fit_circle": [
          -95.82301798236865,
          64.08498643210609,
          108.75141550065214
        ],
        "wall_bc_path_counts": {
          "2": 64136,
          "5": 16384
        },
        "field_stats": {
          "PhaseField": {
            "all": {
              "count": 1572864,
              "nonfinite": 0,
              "min": 1.6056619615864296e-08,
              "mean": 0.039497539293252455,
              "p01": 1.6544957375499648e-08,
              "p50": 1.7365374471944504e-08,
              "p99": 0.9828371150559141,
              "max": 0.9998881837382048,
              "sum": 62124.257642942226,
              "nonzero_count": 1572864,
              "positive_count": 1572864,
              "negative_count": 0
            },
            "fluid": {
              "count": 1492344,
              "nonfinite": 0,
              "min": 1.6056619615864296e-08,
              "mean": 0.03502703096322315,
              "p01": 1.6546583667007372e-08,
              "p50": 1.7364429690454636e-08,
              "p99": 0.9723184842577194,
              "max": 0.999782012623373,
              "sum": 52272.37949578028,
              "nonzero_count": 1492344,
              "positive_count": 1492344,
              "negative_count": 0
            },
            "wall": {
              "count": 80520,
              "nonfinite": 0,
              "min": 1.619183935822821e-08,
              "mean": 0.12235318116197058,
              "p01": 1.6540253831903237e-08,
              "p50": 1.7411194735460416e-08,
              "p99": 0.9996873720553001,
              "max": 0.9998881837382048,
              "sum": 9851.878147161871,
              "nonzero_count": 80520,
              "positive_count": 80520,
              "negative_count": 0
            },
            "lower_wall": {
              "count": 16384,
              "nonfinite": 0,
              "min": 0.00971798035665615,
              "mean": 0.5948122922099499,
              "p01": 0.013232153651169773,
              "p50": 0.6272434352823251,
              "p99": 0.9998627285992703,
              "max": 0.9998881837382048,
              "sum": 9745.40459556782,
              "nonzero_count": 16384,
              "positive_count": 16384,
              "negative_count": 0
            }
          },
          "Rho": {
            "all": {
              "count": 1572864,
              "nonfinite": 0,
              "min": 0.0,
              "mean": 0.03414945673388453,
              "p01": 0.0,
              "p50": 0.0010000172789033216,
              "p99": 0.968680134860298,
              "max": 0.9997822306107496,
              "sum": 53712.45111628456,
              "nonzero_count": 1492344,
              "positive_count": 1492344,
              "negative_count": 0
            },
            "fluid": {
              "count": 1492344,
              "nonfinite": 0,
              "min": 0.0010000160405629964,
              "mean": 0.03599200393225994,
              "p01": 0.0010000165300370833,
              "p50": 0.0010000173470652608,
              "p99": 0.9723461657734617,
              "max": 0.9997822306107496,
              "sum": 53712.45111628452,
              "nonzero_count": 1492344,
              "positive_count": 1492344,
              "negative_count": 0
            },
            "wall": {
              "count": 80520,
              "nonfinite": 0,
              "min": 0.0,
              "mean": 0.0,
              "p01": 0.0,
              "p50": 0.0,
              "p99": 0.0,
              "max": 0.0,
              "sum": 0.0,
              "nonzero_count": 0,
              "positive_count": 0,
              "negative_count": 0
            },
            "lower_wall": {
              "count": 16384,
              "nonfinite": 0,
              "min": 0.0,
              "mean": 0.0,
              "p01": 0.0,
              "p50": 0.0,
              "p99": 0.0,
              "max": 0.0,
              "sum": 0.0,
              "nonzero_count": 0,
              "positive_count": 0,
              "negative_count": 0
            }
          },
          "WallPfF": {
            "all": {
              "count": 1572864,
              "nonfinite": 0,
              "min": 0.0,
              "mean": 0.005431700307086841,
              "p01": 0.0,
              "p50": 0.0,
              "p99": 0.04412560560999639,
              "max": 0.999782012623373,
              "sum": 8543.325871805837,
              "nonzero_count": 80520,
              "positive_count": 80520,
              "negative_count": 0
            },
            "fluid": {
              "count": 1492344,
              "nonfinite": 0,
              "min": 0.0,
              "mean": 0.0,
              "p01": 0.0,
              "p50": 0.0,
              "p99": 0.0,
              "max": 0.0,
              "sum": 0.0,
              "nonzero_count": 0,
              "positive_count": 0,
              "negative_count": 0
            },
            "wall": {
              "count": 80520,
              "nonfinite": 0,
              "min": 1.619183935822821e-08,
              "mean": 0.10610191097622755,
              "p01": 1.6540253831903237e-08,
              "p50": 1.7411194735460416e-08,
              "p99": 0.9993906570628405,
              "max": 0.999782012623373,
              "sum": 8543.325871805842,
              "nonzero_count": 80520,
              "positive_count": 80520,
              "negative_count": 0
            },
            "lower_wall": {
              "count": 16384,
              "nonfinite": 0,
              "min": 0.005010649240800878,
              "mean": 0.5149445996223017,
              "p01": 0.00617192698112708,
              "p50": 0.45959380502664426,
              "p99": 0.9997323946921065,
              "max": 0.999782012623373,
              "sum": 8436.85232021179,
              "nonzero_count": 16384,
              "positive_count": 16384,
              "negative_count": 0
            }
          },
          "WallGradTangent": {
            "all": {
              "count": 1572864,
              "nonfinite": 0,
              "min": 0.0,
              "mean": 0.00020245833681819302,
              "p01": 0.0,
              "p50": 0.0,
              "p99": 3.250670775974712e-05,
              "max": 0.05845233808297795,
              "sum": 318.43942948121037,
              "nonzero_count": 16384,
              "positive_count": 16384,
              "negative_count": 0
            },
            "fluid": {
              "count": 1492344,
              "nonfinite": 0,
              "min": 0.0,
              "mean": 0.0,
              "p01": 0.0,
              "p50": 0.0,
              "p99": 0.0,
              "max": 0.0,
              "sum": 0.0,
              "nonzero_count": 0,
              "positive_count": 0,
              "negative_count": 0
            },
            "wall": {
              "count": 80520,
              "nonfinite": 0,
              "min": 0.0,
              "mean": 0.003954786754610164,
              "p01": 0.0,
              "p50": 0.0,
              "p99": 0.043434034630027644,
              "max": 0.05845233808297795,
              "sum": 318.4394294812104,
              "nonzero_count": 16384,
              "positive_count": 16384,
              "negative_count": 0
            },
            "lower_wall": {
              "count": 16384,
              "nonfinite": 0,
              "min": 5.982789265845104e-07,
              "mean": 0.019436000334546535,
              "p01": 7.919121921311819e-06,
              "p50": 0.016917304274272356,
              "p99": 0.04813147625073378,
              "max": 0.05845233808297795,
              "sum": 318.4394294812104,
              "nonzero_count": 16384,
              "positive_count": 16384,
              "negative_count": 0
            }
          },
          "WallTanCoeff": {
            "all": {
              "count": 1572864,
              "nonfinite": 0,
              "min": -1.794896453688466e-09,
              "mean": 0.03887552889320926,
              "p01": -1.794896453688466e-09,
              "p50": 0.0,
              "p99": 3.732050780774299,
              "max": 3.732050780774299,
              "sum": 61145.919877088694,
              "nonzero_count": 80520,
              "positive_count": 16384,
              "negative_count": 64136
            },
            "fluid": {
              "count": 1492344,
              "nonfinite": 0,
              "min": 0.0,
              "mean": 0.0,
              "p01": 0.0,
              "p50": 0.0,
              "p99": 0.0,
              "max": 0.0,
              "sum": 0.0,
              "nonzero_count": 0,
              "positive_count": 0,
              "negative_count": 0
            },
            "wall": {
              "count": 80520,
              "nonfinite": 0,
              "min": -1.794896453688466e-09,
              "mean": 0.7593879766156066,
              "p01": -1.794896453688466e-09,
              "p50": -1.794896453688466e-09,
              "p99": 3.732050780774299,
              "max": 3.732050780774299,
              "sum": 61145.91987708864,
              "nonzero_count": 80520,
              "positive_count": 16384,
              "negative_count": 64136
            },
            "lower_wall": {
              "count": 16384,
              "nonfinite": 0,
              "min": 3.732050780774299,
              "mean": 3.7320507807743,
              "p01": 3.732050780774299,
              "p50": 3.732050780774299,
              "p99": 3.732050780774299,
              "max": 3.732050780774299,
              "sum": 61145.91999220613,
              "nonzero_count": 16384,
              "positive_count": 16384,
              "negative_count": 0
            }
          },
          "WallPhasePred": {
            "all": {
              "count": 1572864,
              "nonfinite": 0,
              "min": 0.0,
              "mean": 0.006204040453118595,
              "p01": 0.0,
              "p50": 0.0,
              "p99": 0.0667670910035828,
              "max": 0.9997855035931033,
              "sum": 9758.111883253925,
              "nonzero_count": 80520,
              "positive_count": 80520,
              "negative_count": 0
            },
            "fluid": {
              "count": 1492344,
              "nonfinite": 0,
              "min": 0.0,
              "mean": 0.0,
              "p01": 0.0,
              "p50": 0.0,
              "p99": 0.0,
              "max": 0.0,
              "sum": 0.0,
              "nonzero_count": 0,
              "positive_count": 0,
              "negative_count": 0
            },
            "wall": {
              "count": 80520,
              "nonfinite": 0,
              "min": 1.619183935822821e-08,
              "mean": 0.12118867217155897,
              "p01": 1.6540253831903237e-08,
              "p50": 1.7411194735460416e-08,
              "p99": 0.9995554265941602,
              "max": 0.9997855035931033,
              "sum": 9758.111883253929,
              "nonzero_count": 80520,
              "positive_count": 80520,
              "negative_count": 0
            },
            "lower_wall": {
              "count": 16384,
              "nonfinite": 0,
              "min": 0.005412959192899957,
              "mean": 0.5890892536413499,
              "p01": 0.010371998407229672,
              "p50": 0.6224230107690331,
              "p99": 0.9997619492572566,
              "max": 0.9997855035931033,
              "sum": 9651.638331659877,
              "nonzero_count": 16384,
              "positive_count": 16384,
              "negative_count": 0
            }
          },
          "WallPhaseProfilePred": {
            "all": {
              "count": 1572864,
              "nonfinite": 0,
              "min": 0.0,
              "mean": 0.00620832013166785,
              "p01": 0.0,
              "p50": 0.0,
              "p99": 0.06501212128076773,
              "max": 0.9998881837382048,
              "sum": 9764.843235575621,
              "nonzero_count": 80520,
              "positive_count": 80520,
              "negative_count": 0
            },
            "fluid": {
              "count": 1492344,
              "nonfinite": 0,
              "min": 0.0,
              "mean": 0.0,
              "p01": 0.0,
              "p50": 0.0,
              "p99": 0.0,
              "max": 0.0,
              "sum": 0.0,
              "nonzero_count": 0,
              "positive_count": 0,
              "negative_count": 0
            },
            "wall": {
              "count": 80520,
              "nonfinite": 0,
              "min": 1.619183935822821e-08,
              "mean": 0.12127227068524113,
              "p01": 1.6540253831903237e-08,
              "p50": 1.7411194735460416e-08,
              "p99": 0.9996873720553001,
              "max": 0.9998881837382048,
              "sum": 9764.843235575616,
              "nonzero_count": 80520,
              "positive_count": 80520,
              "negative_count": 0
            },
            "lower_wall": {
              "count": 16384,
              "nonfinite": 0,
              "min": 0.00971798035665615,
              "mean": 0.589500102782078,
              "p01": 0.013232153651169773,
              "p50": 0.6195723404808804,
              "p99": 0.9998627285992703,
              "max": 0.9998881837382048,
              "sum": 9658.369683981566,
              "nonzero_count": 16384,
              "positive_count": 16384,
              "negative_count": 0
            }
          },
          "WallProfileDelta": {
            "all": {
              "count": 1572864,
              "nonfinite": 0,
              "min": -0.07170166419448815,
              "mean": -4.279678549251121e-06,
              "p01": 0.0,
              "p50": 0.0,
              "p99": 0.0,
              "max": 0.12118677906060271,
              "sum": -6.7313523216893145,
              "nonzero_count": 16384,
              "positive_count": 7416,
              "negative_count": 8968
            },
            "fluid": {
              "count": 1492344,
              "nonfinite": 0,
              "min": 0.0,
              "mean": 0.0,
              "p01": 0.0,
              "p50": 0.0,
              "p99": 0.0,
              "max": 0.0,
              "sum": 0.0,
              "nonzero_count": 0,
              "positive_count": 0,
              "negative_count": 0
            },
            "wall": {
              "count": 80520,
              "nonfinite": 0,
              "min": -0.07170166419448815,
              "mean": -8.359851368218228e-05,
              "p01": -0.021455971359280845,
              "p50": 0.0,
              "p99": 0.02099384686308612,
              "max": 0.12118677906060271,
              "sum": -6.731352321689316,
              "nonzero_count": 16384,
              "positive_count": 7416,
              "negative_count": 8968
            },
            "lower_wall": {
              "count": 16384,
              "nonfinite": 0,
              "min": -0.07170166419448815,
              "mean": -0.00041084914072810747,
              "p01": -0.06592825783629708,
              "p50": -0.00011090059092450089,
              "p99": 0.09530501995263319,
              "max": 0.12118677906060271,
              "sum": -6.731352321689313,
              "nonzero_count": 16384,
              "positive_count": 7416,
              "negative_count": 8968
            }
          },
          "WallPhaseSignedProfilePred": {
            "all": {
              "count": 1572864,
              "nonfinite": 0,
              "min": 0.0,
              "mean": 0.006282960866975902,
              "p01": 0.0,
              "p50": 0.0,
              "p99": 0.08333897058567705,
              "max": 0.9997853995773474,
              "sum": 9882.242961075186,
              "nonzero_count": 80520,
              "positive_count": 80520,
              "negative_count": 0
            },
            "fluid": {
              "count": 1492344,
              "nonfinite": 0,
              "min": 0.0,
              "mean": 0.0,
              "p01": 0.0,
              "p50": 0.0,
              "p99": 0.0,
              "max": 0.0,
              "sum": 0.0,
              "nonzero_count": 0,
              "positive_count": 0,
              "negative_count": 0
            },
            "wall": {
              "count": 80520,
              "nonfinite": 0,
              "min": 1.619183935822821e-08,
              "mean": 0.12273029012761039,
              "p01": 1.6540253831903237e-08,
              "p50": 1.7411194735460416e-08,
              "p99": 0.9995350380568089,
              "max": 0.9997853995773474,
              "sum": 9882.242961075188,
              "nonzero_count": 80520,
              "positive_count": 80520,
              "negative_count": 0
            },
            "lower_wall": {
              "count": 16384,
              "nonfinite": 0,
              "min": 0.005429460672293323,
              "mean": 0.5966656133716515,
              "p01": 0.011492705318508491,
              "p50": 0.627243435282326,
              "p99": 0.9997603757436146,
              "max": 0.9997853995773474,
              "sum": 9775.769409481138,
              "nonzero_count": 16384,
              "positive_count": 16384,
              "negative_count": 0
            }
          },
          "WallSignedProfileDelta": {
            "all": {
              "count": 1572864,
              "nonfinite": 0,
              "min": -0.19759187083838164,
              "mean": -7.892041385730752e-05,
              "p01": 0.0,
              "p50": 0.0,
              "p99": 0.0,
              "max": 0.020801313687667022,
              "sum": -124.13107782126013,
              "nonzero_count": 16384,
              "positive_count": 8328,
              "negative_count": 8056
            },
            "fluid": {
              "count": 1492344,
              "nonfinite": 0,
              "min": 0.0,
              "mean": 0.0,
              "p01": 0.0,
              "p50": 0.0,
              "p99": 0.0,
              "max": 0.0,
              "sum": 0.0,
              "nonzero_count": 0,
              "positive_count": 0,
              "negative_count": 0
            },
            "wall": {
              "count": 80520,
              "nonfinite": 0,
              "min": -0.19759187083838164,
              "mean": -0.001541617956051418,
              "p01": -0.02895939384499116,
              "p50": 0.0,
              "p99": 0.01960214946225465,
              "max": 0.020801313687667022,
              "sum": -124.13107782126018,
              "nonzero_count": 16384,
              "positive_count": 8328,
              "negative_count": 8056
            },
            "lower_wall": {
              "count": 16384,
              "nonfinite": 0,
              "min": -0.19759187083838164,
              "mean": -0.0075763597303015245,
              "p01": -0.17434762649764404,
              "p50": 1.1749421263695936e-06,
              "p99": 0.02060081430899454,
              "max": 0.020801313687667022,
              "sum": -124.13107782126018,
              "nonzero_count": 16384,
              "positive_count": 8328,
              "negative_count": 8056
            }
          },
          "WallSignedLogitShift": {
            "all": {
              "count": 1572864,
              "nonfinite": 0,
              "min": 0.0,
              "mean": 0.006808478370527479,
              "p01": 0.0,
              "p50": 0.0,
              "p99": 0.2237593164387155,
              "max": 3.784907947321397,
              "sum": 10708.810523781332,
              "nonzero_count": 16384,
              "positive_count": 16384,
              "negative_count": 0
            },
            "fluid": {
              "count": 1492344,
              "nonfinite": 0,
              "min": 0.0,
              "mean": 0.0,
              "p01": 0.0,
              "p50": 0.0,
              "p99": 0.0,
              "max": 0.0,
              "sum": 0.0,
              "nonzero_count": 0,
              "positive_count": 0,
              "negative_count": 0
            },
            "wall": {
              "count": 80520,
              "nonfinite": 0,
              "min": 0.0,
              "mean": 0.1329956597588342,
              "p01": 0.0,
              "p50": 0.0,
              "p99": 1.0078634667948105,
              "max": 3.784907947321397,
              "sum": 10708.81052378133,
              "nonzero_count": 16384,
              "positive_count": 16384,
              "negative_count": 0
            },
            "lower_wall": {
              "count": 16384,
              "nonfinite": 0,
              "min": 0.01024506189131947,
              "mean": 0.653613923570638,
              "p01": 0.10676139385599172,
              "p50": 0.6516553607369654,
              "p99": 2.166029909344914,
              "max": 3.784907947321397,
              "sum": 10708.810523781332,
              "nonzero_count": 16384,
              "positive_count": 16384,
              "negative_count": 0
            }
          },
          "WallFluidSampleCount": {
            "all": {
              "count": 1572864,
              "nonfinite": 0,
              "min": 0.0,
              "mean": 3.7336578369140625,
              "p01": 0.0,
              "p50": 0.0,
              "p99": 75.0,
              "max": 75.0,
              "sum": 5872536.0,
              "nonzero_count": 80520,
              "positive_count": 80520,
              "negative_count": 0
            },
            "fluid": {
              "count": 1492344,
              "nonfinite": 0,
              "min": 0.0,
              "mean": 0.0,
              "p01": 0.0,
              "p50": 0.0,
              "p99": 0.0,
              "max": 0.0,
              "sum": 0.0,
              "nonzero_count": 0,
              "positive_count": 0,
              "negative_count": 0
            },
            "wall": {
              "count": 80520,
              "nonfinite": 0,
              "min": 27.0,
              "mean": 72.93263785394933,
              "p01": 45.0,
              "p50": 75.0,
              "p99": 75.0,
              "max": 75.0,
              "sum": 5872536.0,
              "nonzero_count": 80520,
              "positive_count": 80520,
              "negative_count": 0
            },
            "lower_wall": {
              "count": 16384,
              "nonfinite": 0,
              "min": 27.0,
              "mean": 72.674560546875,
              "p01": 45.0,
              "p50": 75.0,
              "p99": 75.0,
              "max": 75.0,
              "sum": 1190700.0,
              "nonzero_count": 16384,
              "positive_count": 16384,
              "negative_count": 0
            }
          },
          "WallFluidSampleH": {
            "all": {
              "count": 1572864,
              "nonfinite": 0,
              "min": 0.0,
              "mean": 0.025780718478134467,
              "p01": 0.0,
              "p50": 0.0,
              "p99": 0.5,
              "max": 0.8660254037844386,
              "sum": 40549.56398839249,
              "nonzero_count": 80520,
              "positive_count": 80520,
              "negative_count": 0
            },
            "fluid": {
              "count": 1492344,
              "nonfinite": 0,
              "min": 0.0,
              "mean": 0.0,
              "p01": 0.0,
              "p50": 0.0,
              "p99": 0.0,
              "max": 0.0,
              "sum": 0.0,
              "nonzero_count": 0,
              "positive_count": 0,
              "negative_count": 0
            },
            "wall": {
              "count": 80520,
              "nonfinite": 0,
              "min": 0.5,
              "mean": 0.5035961747192308,
              "p01": 0.5,
              "p50": 0.5,
              "p99": 0.7071067811865476,
              "max": 0.8660254037844386,
              "sum": 40549.56398839246,
              "nonzero_count": 80520,
              "positive_count": 80520,
              "negative_count": 0
            },
            "lower_wall": {
              "count": 16384,
              "nonfinite": 0,
              "min": 0.5,
              "mean": 0.5064603222249242,
              "p01": 0.5,
              "p50": 0.5,
              "p99": 0.7071067811865476,
              "max": 0.8660254037844386,
              "sum": 8297.845919333158,
              "nonzero_count": 16384,
              "positive_count": 16384,
              "negative_count": 0
            }
          },
          "WallPhaseRawPred": {
            "all": {
              "count": 1572864,
              "nonfinite": 0,
              "min": 0.0,
              "mean": 0.006204040453118595,
              "p01": 0.0,
              "p50": 0.0,
              "p99": 0.0667670910035828,
              "max": 0.9997855035931033,
              "sum": 9758.111883253925,
              "nonzero_count": 80520,
              "positive_count": 80520,
              "negative_count": 0
            },
            "fluid": {
              "count": 1492344,
              "nonfinite": 0,
              "min": 0.0,
              "mean": 0.0,
              "p01": 0.0,
              "p50": 0.0,
              "p99": 0.0,
              "max": 0.0,
              "sum": 0.0,
              "nonzero_count": 0,
              "positive_count": 0,
              "negative_count": 0
            },
            "wall": {
              "count": 80520,
              "nonfinite": 0,
              "min": 1.619183935822821e-08,
              "mean": 0.12118867217155897,
              "p01": 1.6540253831903237e-08,
              "p50": 1.7411194735460416e-08,
              "p99": 0.9995554265941602,
              "max": 0.9997855035931033,
              "sum": 9758.111883253929,
              "nonzero_count": 80520,
              "positive_count": 80520,
              "negative_count": 0
            },
            "lower_wall": {
              "count": 16384,
              "nonfinite": 0,
              "min": 0.005412959192899957,
              "mean": 0.5890892536413499,
              "p01": 0.010371998407229672,
              "p50": 0.6224230107690331,
              "p99": 0.9997619492572566,
              "max": 0.9997855035931033,
              "sum": 9651.638331659877,
              "nonzero_count": 16384,
              "positive_count": 16384,
              "negative_count": 0
            }
          },
          "WallPhaseSignedPred": {
            "all": {
              "count": 1572864,
              "nonfinite": 0,
              "min": 0.0,
              "mean": 0.006215266805954705,
              "p01": 0.0,
              "p50": 0.0,
              "p99": 0.03372721183303571,
              "max": 0.9997853995773474,
              "sum": 9775.769409481141,
              "nonzero_count": 16384,
              "positive_count": 16384,
              "negative_count": 0
            },
            "fluid": {
              "count": 1492344,
              "nonfinite": 0,
              "min": 0.0,
              "mean": 0.0,
              "p01": 0.0,
              "p50": 0.0,
              "p99": 0.0,
              "max": 0.0,
              "sum": 0.0,
              "nonzero_count": 0,
              "positive_count": 0,
              "negative_count": 0
            },
            "wall": {
              "count": 80520,
              "nonfinite": 0,
              "min": 0.0,
              "mean": 0.12140796584055062,
              "p01": 0.0,
              "p50": 0.0,
              "p99": 0.9995350380568089,
              "max": 0.9997853995773474,
              "sum": 9775.769409481136,
              "nonzero_count": 16384,
              "positive_count": 16384,
              "negative_count": 0
            },
            "lower_wall": {
              "count": 16384,
              "nonfinite": 0,
              "min": 0.005429460672293323,
              "mean": 0.5966656133716515,
              "p01": 0.011492705318508491,
              "p50": 0.627243435282326,
              "p99": 0.9997603757436146,
              "max": 0.9997853995773474,
              "sum": 9775.769409481138,
              "nonzero_count": 16384,
              "positive_count": 16384,
              "negative_count": 0
            }
          },
          "WallContactResidual": {
            "all": {
              "count": 1572864,
              "nonfinite": 0,
              "min": -0.03401643730542425,
              "mean": 0.00015550472995769427,
              "p01": 0.0,
              "p50": 0.0,
              "p99": 0.0,
              "max": 0.30812702413937687,
              "sum": 244.58779158017884,
              "nonzero_count": 16384,
              "positive_count": 8076,
              "negative_count": 8308
            },
            "fluid": {
              "count": 1492344,
              "nonfinite": 0,
              "min": 0.0,
              "mean": 0.0,
              "p01": 0.0,
              "p50": 0.0,
              "p99": 0.0,
              "max": 0.0,
              "sum": 0.0,
              "nonzero_count": 0,
              "positive_count": 0,
              "negative_count": 0
            },
            "wall": {
              "count": 80520,
              "nonfinite": 0,
              "min": -0.03401643730542425,
              "mean": 0.003037602975412059,
              "p01": -0.02349197398159045,
              "p50": 0.0,
              "p99": 0.08132781503641208,
              "max": 0.30812702413937687,
              "sum": 244.58779158017902,
              "nonzero_count": 16384,
              "positive_count": 8076,
              "negative_count": 8308
            },
            "lower_wall": {
              "count": 16384,
              "nonfinite": 0,
              "min": -0.03401643730542425,
              "mean": 0.014928454075938662,
              "p01": -0.0307700955863488,
              "p50": -0.000389080486355331,
              "p99": 0.10443607671874083,
              "max": 0.30812702413937687,
              "sum": 244.58779158017904,
              "nonzero_count": 16384,
              "positive_count": 8076,
              "negative_count": 8308
            }
          },
          "WallSignedNormalGrad": {
            "all": {
              "count": 1572864,
              "nonfinite": 0,
              "min": -0.16628600843046526,
              "mean": -0.0007226630736330758,
              "p01": -0.0002526614231266383,
              "p50": 0.0,
              "p99": 0.0,
              "max": 0.0,
              "sum": -1136.650732646814,
              "nonzero_count": 16384,
              "positive_count": 0,
              "negative_count": 16384
            },
            "fluid": {
              "count": 1492344,
              "nonfinite": 0,
              "min": 0.0,
              "mean": 0.0,
              "p01": 0.0,
              "p50": 0.0,
              "p99": 0.0,
              "max": 0.0,
              "sum": 0.0,
              "nonzero_count": 0,
              "positive_count": 0,
              "negative_count": 0
            },
            "wall": {
              "count": 80520,
              "nonfinite": 0,
              "min": -0.16628600843046526,
              "mean": -0.014116377703015574,
              "p01": -0.1640546562065316,
              "p50": 0.0,
              "p99": 0.0,
              "max": 0.0,
              "sum": -1136.650732646814,
              "nonzero_count": 16384,
              "positive_count": 0,
              "negative_count": 16384
            },
            "lower_wall": {
              "count": 16384,
              "nonfinite": 0,
              "min": -0.16628600843046526,
              "mean": -0.06937565506877524,
              "p01": -0.16613767696605736,
              "p50": -0.060882116922593876,
              "p99": -0.00013389691453714365,
              "max": -0.0001090737317982482,
              "sum": -1136.6507326468136,
              "nonzero_count": 16384,
              "positive_count": 0,
              "negative_count": 16384
            }
          },
          "WallTangentGradMag": {
            "all": {
              "count": 1572864,
              "nonfinite": 0,
              "min": 0.0,
              "mean": 0.00020245833681819302,
              "p01": 0.0,
              "p50": 0.0,
              "p99": 3.250670775974712e-05,
              "max": 0.05845233808297795,
              "sum": 318.43942948121037,
              "nonzero_count": 16384,
              "positive_count": 16384,
              "negative_count": 0
            },
            "fluid": {
              "count": 1492344,
              "nonfinite": 0,
              "min": 0.0,
              "mean": 0.0,
              "p01": 0.0,
              "p50": 0.0,
              "p99": 0.0,
              "max": 0.0,
              "sum": 0.0,
              "nonzero_count": 0,
              "positive_count": 0,
              "negative_count": 0
            },
            "wall": {
              "count": 80520,
              "nonfinite": 0,
              "min": 0.0,
              "mean": 0.003954786754610164,
              "p01": 0.0,
              "p50": 0.0,
              "p99": 0.043434034630027644,
              "max": 0.05845233808297795,
              "sum": 318.4394294812104,
              "nonzero_count": 16384,
              "positive_count": 16384,
              "negative_count": 0
            },
            "lower_wall": {
              "count": 16384,
              "nonfinite": 0,
              "min": 5.982789265845104e-07,
              "mean": 0.019436000334546535,
              "p01": 7.919121921311819e-06,
              "p50": 0.016917304274272356,
              "p99": 0.04813147625073378,
              "max": 0.05845233808297795,
              "sum": 318.4394294812104,
              "nonzero_count": 16384,
              "positive_count": 16384,
              "negative_count": 0
            }
          },
          "WallSignedDeltaQ": {
            "all": {
              "count": 1572864,
              "nonfinite": 0,
              "min": 0.0,
              "mean": 0.006808478370527481,
              "p01": 0.0,
              "p50": 0.0,
              "p99": 0.22375931643871544,
              "max": 3.784907947321397,
              "sum": 10708.810523781336,
              "nonzero_count": 16384,
              "positive_count": 16384,
              "negative_count": 0
            },
            "fluid": {
              "count": 1492344,
              "nonfinite": 0,
              "min": 0.0,
              "mean": 0.0,
              "p01": 0.0,
              "p50": 0.0,
              "p99": 0.0,
              "max": 0.0,
              "sum": 0.0,
              "nonzero_count": 0,
              "positive_count": 0,
              "negative_count": 0
            },
            "wall": {
              "count": 80520,
              "nonfinite": 0,
              "min": 0.0,
              "mean": 0.1329956597588343,
              "p01": 0.0,
              "p50": 0.0,
              "p99": 1.0078634667948105,
              "max": 3.784907947321397,
              "sum": 10708.810523781336,
              "nonzero_count": 16384,
              "positive_count": 16384,
              "negative_count": 0
            },
            "lower_wall": {
              "count": 16384,
              "nonfinite": 0,
              "min": 0.010245061891073718,
              "mean": 0.6536139235706383,
              "p01": 0.10676139385612829,
              "p50": 0.651655360736965,
              "p99": 2.166029909344914,
              "max": 3.784907947321397,
              "sum": 10708.810523781338,
              "nonzero_count": 16384,
              "positive_count": 16384,
              "negative_count": 0
            }
          },
          "WallSignedQClipped": {
            "all": {
              "count": 1572864,
              "nonfinite": 0,
              "min": 0.0,
              "mean": 0.0,
              "p01": 0.0,
              "p50": 0.0,
              "p99": 0.0,
              "max": 0.0,
              "sum": 0.0,
              "nonzero_count": 0,
              "positive_count": 0,
              "negative_count": 0
            },
            "fluid": {
              "count": 1492344,
              "nonfinite": 0,
              "min": 0.0,
              "mean": 0.0,
              "p01": 0.0,
              "p50": 0.0,
              "p99": 0.0,
              "max": 0.0,
              "sum": 0.0,
              "nonzero_count": 0,
              "positive_count": 0,
              "negative_count": 0
            },
            "wall": {
              "count": 80520,
              "nonfinite": 0,
              "min": 0.0,
              "mean": 0.0,
              "p01": 0.0,
              "p50": 0.0,
              "p99": 0.0,
              "max": 0.0,
              "sum": 0.0,
              "nonzero_count": 0,
              "positive_count": 0,
              "negative_count": 0
            },
            "lower_wall": {
              "count": 16384,
              "nonfinite": 0,
              "min": 0.0,
              "mean": 0.0,
              "p01": 0.0,
              "p50": 0.0,
              "p99": 0.0,
              "max": 0.0,
              "sum": 0.0,
              "nonzero_count": 0,
              "positive_count": 0,
              "negative_count": 0
            }
          },
          "BoundaryMask": {
            "all": {
              "count": 1572864,
              "nonfinite": 0,
              "min": 0.0,
              "mean": 0.0511932373046875,
              "p01": 0.0,
              "p50": 0.0,
              "p99": 1.0,
              "max": 1.0,
              "sum": 80520.0,
              "nonzero_count": 80520,
              "positive_count": 80520,
              "negative_count": 0
            },
            "fluid": {
              "count": 1492344,
              "nonfinite": 0,
              "min": 0.0,
              "mean": 0.0,
              "p01": 0.0,
              "p50": 0.0,
              "p99": 0.0,
              "max": 0.0,
              "sum": 0.0,
              "nonzero_count": 0,
              "positive_count": 0,
              "negative_count": 0
            },
            "wall": {
              "count": 80520,
              "nonfinite": 0,
              "min": 1.0,
              "mean": 1.0,
              "p01": 1.0,
              "p50": 1.0,
              "p99": 1.0,
              "max": 1.0,
              "sum": 80520.0,
              "nonzero_count": 80520,
              "positive_count": 80520,
              "negative_count": 0
            },
            "lower_wall": {
              "count": 16384,
              "nonfinite": 0,
              "min": 1.0,
              "mean": 1.0,
              "p01": 1.0,
              "p50": 1.0,
              "p99": 1.0,
              "max": 1.0,
              "sum": 16384.0,
              "nonzero_count": 16384,
              "positive_count": 16384,
              "negative_count": 0
            }
          },
          "WallStage7Mode": {
            "all": {
              "count": 1572864,
              "nonfinite": 0,
              "min": 0.0,
              "mean": 0.03125,
              "p01": 0.0,
              "p50": 0.0,
              "p99": 3.0,
              "max": 3.0,
              "sum": 49152.0,
              "nonzero_count": 16384,
              "positive_count": 16384,
              "negative_count": 0
            },
            "fluid": {
              "count": 1492344,
              "nonfinite": 0,
              "min": 0.0,
              "mean": 0.0,
              "p01": 0.0,
              "p50": 0.0,
              "p99": 0.0,
              "max": 0.0,
              "sum": 0.0,
              "nonzero_count": 0,
              "positive_count": 0,
              "negative_count": 0
            },
            "wall": {
              "count": 80520,
              "nonfinite": 0,
              "min": 0.0,
              "mean": 0.6104321907600596,
              "p01": 0.0,
              "p50": 0.0,
              "p99": 3.0,
              "max": 3.0,
              "sum": 49152.0,
              "nonzero_count": 16384,
              "positive_count": 16384,
              "negative_count": 0
            },
            "lower_wall": {
              "count": 16384,
              "nonfinite": 0,
              "min": 3.0,
              "mean": 3.0,
              "p01": 3.0,
              "p50": 3.0,
              "p99": 3.0,
              "max": 3.0,
              "sum": 49152.0,
              "nonzero_count": 16384,
              "positive_count": 16384,
              "negative_count": 0
            }
          },
          "WallStage7ActiveWeight": {
            "all": {
              "count": 1572864,
              "nonfinite": 0,
              "min": 0.0,
              "mean": 0.007738749186197917,
              "p01": 0.0,
              "p50": 0.0,
              "p99": 0.0,
              "max": 1.0,
              "sum": 12172.0,
              "nonzero_count": 12172,
              "positive_count": 12172,
              "negative_count": 0
            },
            "fluid": {
              "count": 1492344,
              "nonfinite": 0,
              "min": 0.0,
              "mean": 0.0,
              "p01": 0.0,
              "p50": 0.0,
              "p99": 0.0,
              "max": 0.0,
              "sum": 0.0,
              "nonzero_count": 0,
              "positive_count": 0,
              "negative_count": 0
            },
            "wall": {
              "count": 80520,
              "nonfinite": 0,
              "min": 0.0,
              "mean": 0.15116741182314952,
              "p01": 0.0,
              "p50": 0.0,
              "p99": 1.0,
              "max": 1.0,
              "sum": 12172.0,
              "nonzero_count": 12172,
              "positive_count": 12172,
              "negative_count": 0
            },
            "lower_wall": {
              "count": 16384,
              "nonfinite": 0,
              "min": 0.0,
              "mean": 0.742919921875,
              "p01": 0.0,
              "p50": 1.0,
              "p99": 1.0,
              "max": 1.0,
              "sum": 12172.0,
              "nonzero_count": 12172,
              "positive_count": 12172,
              "negative_count": 0
            }
          },
          "WallStage7DeltaQRaw": {
            "all": {
              "count": 1572864,
              "nonfinite": 0,
              "min": 0.0,
              "mean": 0.005428815608987065,
              "p01": 0.0,
              "p50": 0.0,
              "p99": 0.0024263336815033244,
              "max": 2.168005915124388,
              "sum": 8538.78863401383,
              "nonzero_count": 16384,
              "positive_count": 16384,
              "negative_count": 0
            },
            "fluid": {
              "count": 1492344,
              "nonfinite": 0,
              "min": 0.0,
              "mean": 0.0,
              "p01": 0.0,
              "p50": 0.0,
              "p99": 0.0,
              "max": 0.0,
              "sum": 0.0,
              "nonzero_count": 0,
              "positive_count": 0,
              "negative_count": 0
            },
            "wall": {
              "count": 80520,
              "nonfinite": 0,
              "min": 0.0,
              "mean": 0.10604556177364417,
              "p01": 0.0,
              "p50": 0.0,
              "p99": 0.8309742004441103,
              "max": 2.168005915124388,
              "sum": 8538.788634013828,
              "nonzero_count": 16384,
              "positive_count": 16384,
              "negative_count": 0
            },
            "lower_wall": {
              "count": 16384,
              "nonfinite": 0,
              "min": 4.465614670161063e-05,
              "mean": 0.5211662984627581,
              "p01": 0.0005910913029895727,
              "p50": 0.6488439169417722,
              "p99": 2.1211624239221143,
              "max": 2.168005915124388,
              "sum": 8538.788634013828,
              "nonzero_count": 16384,
              "positive_count": 16384,
              "negative_count": 0
            }
          },
          "WallStage7DeltaQLimited": {
            "all": {
              "count": 1572864,
              "nonfinite": 0,
              "min": 0.0,
              "mean": 0.005428815608987065,
              "p01": 0.0,
              "p50": 0.0,
              "p99": 0.0024263336815033244,
              "max": 2.168005915124388,
              "sum": 8538.78863401383,
              "nonzero_count": 16384,
              "positive_count": 16384,
              "negative_count": 0
            },
            "fluid": {
              "count": 1492344,
              "nonfinite": 0,
              "min": 0.0,
              "mean": 0.0,
              "p01": 0.0,
              "p50": 0.0,
              "p99": 0.0,
              "max": 0.0,
              "sum": 0.0,
              "nonzero_count": 0,
              "positive_count": 0,
              "negative_count": 0
            },
            "wall": {
              "count": 80520,
              "nonfinite": 0,
              "min": 0.0,
              "mean": 0.10604556177364417,
              "p01": 0.0,
              "p50": 0.0,
              "p99": 0.8309742004441103,
              "max": 2.168005915124388,
              "sum": 8538.788634013828,
              "nonzero_count": 16384,
              "positive_count": 16384,
              "negative_count": 0
            },
            "lower_wall": {
              "count": 16384,
              "nonfinite": 0,
              "min": 4.465614670161063e-05,
              "mean": 0.5211662984627581,
              "p01": 0.0005910913029895727,
              "p50": 0.6488439169417722,
              "p99": 2.1211624239221143,
              "max": 2.168005915124388,
              "sum": 8538.788634013828,
              "nonzero_count": 16384,
              "positive_count": 16384,
              "negative_count": 0
            }
          },
          "WallStage7Denom": {
            "all": {
              "count": 1572864,
              "nonfinite": 0,
              "min": 0.0,
              "mean": 0.0012580842334495143,
              "p01": 0.0,
              "p50": 0.0,
              "p99": 0.05,
              "max": 0.24999647169521272,
              "sum": 1978.7953997603367,
              "nonzero_count": 16384,
              "positive_count": 16384,
              "negative_count": 0
            },
            "fluid": {
              "count": 1492344,
              "nonfinite": 0,
              "min": 0.0,
              "mean": 0.0,
              "p01": 0.0,
              "p50": 0.0,
              "p99": 0.0,
              "max": 0.0,
              "sum": 0.0,
              "nonzero_count": 0,
              "positive_count": 0,
              "negative_count": 0
            },
            "wall": {
              "count": 80520,
              "nonfinite": 0,
              "min": 0.0,
              "mean": 0.024575203673128872,
              "p01": 0.0,
              "p50": 0.0,
              "p99": 0.24720400293337455,
              "max": 0.24999647169521272,
              "sum": 1978.7953997603367,
              "nonzero_count": 16384,
              "positive_count": 16384,
              "negative_count": 0
            },
            "lower_wall": {
              "count": 16384,
              "nonfinite": 0,
              "min": 0.05,
              "mean": 0.12077608641115337,
              "p01": 0.05,
              "p50": 0.09828820379676806,
              "p99": 0.24986771585974718,
              "max": 0.24999647169521272,
              "sum": 1978.7953997603367,
              "nonzero_count": 16384,
              "positive_count": 16384,
              "negative_count": 0
            }
          },
          "WallStage7LimiterReason": {
            "all": {
              "count": 1572864,
              "nonfinite": 0,
              "min": 0.0,
              "mean": 0.00371551513671875,
              "p01": 0.0,
              "p50": 0.0,
              "p99": 0.0,
              "max": 1.0,
              "sum": 5844.0,
              "nonzero_count": 5844,
              "positive_count": 5844,
              "negative_count": 0
            },
            "fluid": {
              "count": 1492344,
              "nonfinite": 0,
              "min": 0.0,
              "mean": 0.0,
              "p01": 0.0,
              "p50": 0.0,
              "p99": 0.0,
              "max": 0.0,
              "sum": 0.0,
              "nonzero_count": 0,
              "positive_count": 0,
              "negative_count": 0
            },
            "wall": {
              "count": 80520,
              "nonfinite": 0,
              "min": 0.0,
              "mean": 0.07257824143070045,
              "p01": 0.0,
              "p50": 0.0,
              "p99": 1.0,
              "max": 1.0,
              "sum": 5844.0,
              "nonzero_count": 5844,
              "positive_count": 5844,
              "negative_count": 0
            },
            "lower_wall": {
              "count": 16384,
              "nonfinite": 0,
              "min": 0.0,
              "mean": 0.356689453125,
              "p01": 0.0,
              "p50": 0.0,
              "p99": 1.0,
              "max": 1.0,
              "sum": 5844.0,
              "nonzero_count": 5844,
              "positive_count": 5844,
              "negative_count": 0
            }
          },
          "WallStage7GradMag": {
            "all": {
              "count": 1572864,
              "nonfinite": 0,
              "min": 0.0,
              "mean": 0.0007507022791153353,
              "p01": 0.0,
              "p50": 0.0,
              "p99": 0.00026013642619043646,
              "max": 0.17156731386210708,
              "sum": 1180.7525895384629,
              "nonzero_count": 16384,
              "positive_count": 16384,
              "negative_count": 0
            },
            "fluid": {
              "count": 1492344,
              "nonfinite": 0,
              "min": 0.0,
              "mean": 0.0,
              "p01": 0.0,
              "p50": 0.0,
              "p99": 0.0,
              "max": 0.0,
              "sum": 0.0,
              "nonzero_count": 0,
              "positive_count": 0,
              "negative_count": 0
            },
            "wall": {
              "count": 80520,
              "nonfinite": 0,
              "min": 0.0,
              "mean": 0.014664090779166208,
              "p01": 0.0,
              "p50": 0.0,
              "p99": 0.16923704083278343,
              "max": 0.17156731386210708,
              "sum": 1180.752589538463,
              "nonzero_count": 16384,
              "positive_count": 16384,
              "negative_count": 0
            },
            "lower_wall": {
              "count": 16384,
              "nonfinite": 0,
              "min": 0.00010908002968707499,
              "mean": 0.0720674187950722,
              "p01": 0.00013478073711379243,
              "p50": 0.06404679000439653,
              "p99": 0.17146363033038092,
              "max": 0.17156731386210708,
              "sum": 1180.7525895384629,
              "nonzero_count": 16384,
              "positive_count": 16384,
              "negative_count": 0
            }
          },
          "WallStage7ActualCos": {
            "all": {
              "count": 1572864,
              "nonfinite": 0,
              "min": -0.9999422635944926,
              "mean": -0.009906222627220101,
              "p01": -0.8818708376658533,
              "p50": 0.0,
              "p99": 0.0,
              "max": 0.0,
              "sum": -15581.140946339918,
              "nonzero_count": 16384,
              "positive_count": 0,
              "negative_count": 16384
            },
            "fluid": {
              "count": 1492344,
              "nonfinite": 0,
              "min": 0.0,
              "mean": 0.0,
              "p01": 0.0,
              "p50": 0.0,
              "p99": 0.0,
              "max": 0.0,
              "sum": 0.0,
              "nonzero_count": 0,
              "positive_count": 0,
              "negative_count": 0
            },
            "wall": {
              "count": 80520,
              "nonfinite": 0,
              "min": -0.9999422635944926,
              "mean": -0.19350646977570682,
              "p01": -0.9894178002706587,
              "p50": 0.0,
              "p99": 0.0,
              "max": 0.0,
              "sum": -15581.140946339914,
              "nonzero_count": 16384,
              "positive_count": 0,
              "negative_count": 16384
            },
            "lower_wall": {
              "count": 16384,
              "nonfinite": 0,
              "min": -0.9999422635944926,
              "mean": -0.9509973722131297,
              "p01": -0.9966959218754171,
              "p50": -0.9663149067754236,
              "p99": -0.8614897495703275,
              "max": -0.6577988021496914,
              "sum": -15581.140946339918,
              "nonzero_count": 16384,
              "positive_count": 0,
              "negative_count": 16384
            }
          },
          "WallStage7TargetCos": {
            "all": {
              "count": 1572864,
              "nonfinite": 0,
              "min": -0.9659258262890683,
              "mean": -0.010061727357177778,
              "p01": -0.9659258262890683,
              "p50": 0.0,
              "p99": 0.0,
              "max": 0.0,
              "sum": -15825.72873792007,
              "nonzero_count": 16384,
              "positive_count": 0,
              "negative_count": 16384
            },
            "fluid": {
              "count": 1492344,
              "nonfinite": 0,
              "min": 0.0,
              "mean": 0.0,
              "p01": 0.0,
              "p50": 0.0,
              "p99": 0.0,
              "max": 0.0,
              "sum": 0.0,
              "nonzero_count": 0,
              "positive_count": 0,
              "negative_count": 0
            },
            "wall": {
              "count": 80520,
              "nonfinite": 0,
              "min": -0.9659258262890683,
              "mean": -0.1965440727511189,
              "p01": -0.9659258262890683,
              "p50": 0.0,
              "p99": 0.0,
              "max": 0.0,
              "sum": -15825.728737920093,
              "nonzero_count": 16384,
              "positive_count": 0,
              "negative_count": 16384
            },
            "lower_wall": {
              "count": 16384,
              "nonfinite": 0,
              "min": -0.9659258262890683,
              "mean": -0.9659258262890681,
              "p01": -0.9659258262890683,
              "p50": -0.9659258262890683,
              "p99": -0.9659258262890683,
              "max": -0.9659258262890683,
              "sum": -15825.728737920092,
              "nonzero_count": 16384,
              "positive_count": 0,
              "negative_count": 16384
            }
          },
          "WallStage7WriteCandidate": {
            "all": {
              "count": 1572864,
              "nonfinite": 0,
              "min": 0.0,
              "mean": 0.006195961377186977,
              "p01": 0.0,
              "p50": 0.0,
              "p99": 0.028675967442357155,
              "max": 0.9998881837382048,
              "sum": 9745.404595567818,
              "nonzero_count": 16384,
              "positive_count": 16384,
              "negative_count": 0
            },
            "fluid": {
              "count": 1492344,
              "nonfinite": 0,
              "min": 0.0,
              "mean": 0.0,
              "p01": 0.0,
              "p50": 0.0,
              "p99": 0.0,
              "max": 0.0,
              "sum": 0.0,
              "nonzero_count": 0,
              "positive_count": 0,
              "negative_count": 0
            },
            "wall": {
              "count": 80520,
              "nonfinite": 0,
              "min": 0.0,
              "mean": 0.12103085687491084,
              "p01": 0.0,
              "p50": 0.0,
              "p99": 0.9996873720553001,
              "max": 0.9998881837382048,
              "sum": 9745.404595567821,
              "nonzero_count": 16384,
              "positive_count": 16384,
              "negative_count": 0
            },
            "lower_wall": {
              "count": 16384,
              "nonfinite": 0,
              "min": 0.00971798035665615,
              "mean": 0.5948122922099499,
              "p01": 0.013232153651169773,
              "p50": 0.6272434352823251,
              "p99": 0.9998627285992703,
              "max": 0.9998881837382048,
              "sum": 9745.40459556782,
              "nonzero_count": 16384,
              "positive_count": 16384,
              "negative_count": 0
            }
          },
          "WallStage7WriteMinusProfile": {
            "all": {
              "count": 1572864,
              "nonfinite": 0,
              "min": -0.07021983330055559,
              "mean": 5.5335306540331995e-05,
              "p01": 0.0,
              "p50": 0.0,
              "p99": 0.0,
              "max": 0.2796372749292112,
              "sum": 87.03491158625275,
              "nonzero_count": 12172,
              "positive_count": 6756,
              "negative_count": 5416
            },
            "fluid": {
              "count": 1492344,
              "nonfinite": 0,
              "min": 0.0,
              "mean": 0.0,
              "p01": 0.0,
              "p50": 0.0,
              "p99": 0.0,
              "max": 0.0,
              "sum": 0.0,
              "nonzero_count": 0,
              "positive_count": 0,
              "negative_count": 0
            },
            "wall": {
              "count": 80520,
              "nonfinite": 0,
              "min": -0.07021983330055559,
              "mean": 0.0010809104767294181,
              "p01": -0.007531040162816973,
              "p50": 0.0,
              "p99": 0.01595266748556561,
              "max": 0.2796372749292112,
              "sum": 87.03491158625275,
              "nonzero_count": 12172,
              "positive_count": 6756,
              "negative_count": 5416
            },
            "lower_wall": {
              "count": 16384,
              "nonfinite": 0,
              "min": -0.07021983330055559,
              "mean": 0.0053121894278718735,
              "p01": -0.06049358744309039,
              "p50": 0.0,
              "p99": 0.250148698780292,
              "max": 0.2796372749292112,
              "sum": 87.03491158625278,
              "nonzero_count": 12172,
              "positive_count": 6756,
              "negative_count": 5416
            }
          },
          "WallH": {
            "all": {
              "count": 1572864,
              "nonfinite": 0,
              "min": 0.0,
              "mean": 0.025780718478134467,
              "p01": 0.0,
              "p50": 0.0,
              "p99": 0.5,
              "max": 0.8660254037844386,
              "sum": 40549.56398839249,
              "nonzero_count": 80520,
              "positive_count": 80520,
              "negative_count": 0
            },
            "fluid": {
              "count": 1492344,
              "nonfinite": 0,
              "min": 0.0,
              "mean": 0.0,
              "p01": 0.0,
              "p50": 0.0,
              "p99": 0.0,
              "max": 0.0,
              "sum": 0.0,
              "nonzero_count": 0,
              "positive_count": 0,
              "negative_count": 0
            },
            "wall": {
              "count": 80520,
              "nonfinite": 0,
              "min": 0.5,
              "mean": 0.5035961747192308,
              "p01": 0.5,
              "p50": 0.5,
              "p99": 0.7071067811865476,
              "max": 0.8660254037844386,
              "sum": 40549.56398839246,
              "nonzero_count": 80520,
              "positive_count": 80520,
              "negative_count": 0
            },
            "lower_wall": {
              "count": 16384,
              "nonfinite": 0,
              "min": 0.5,
              "mean": 0.5064603222249242,
              "p01": 0.5,
              "p50": 0.5,
              "p99": 0.7071067811865476,
              "max": 0.8660254037844386,
              "sum": 8297.845919333158,
              "nonzero_count": 16384,
              "positive_count": 16384,
              "negative_count": 0
            }
          },
          "WallNormalCoeff1": {
            "all": {
              "count": 1572864,
              "nonfinite": 0,
              "min": -0.16628600843046526,
              "mean": -0.0007178327863410842,
              "p01": -0.0002526614231266383,
              "p50": 0.0,
              "p99": 0.0,
              "max": 0.0,
              "sum": -1129.0533476555831,
              "nonzero_count": 16384,
              "positive_count": 0,
              "negative_count": 16384
            },
            "fluid": {
              "count": 1492344,
              "nonfinite": 0,
              "min": 0.0,
              "mean": 0.0,
              "p01": 0.0,
              "p50": 0.0,
              "p99": 0.0,
              "max": 0.0,
              "sum": 0.0,
              "nonzero_count": 0,
              "positive_count": 0,
              "negative_count": 0
            },
            "wall": {
              "count": 80520,
              "nonfinite": 0,
              "min": -0.16628600843046526,
              "mean": -0.014022023691698754,
              "p01": -0.1640546562065316,
              "p50": 0.0,
              "p99": 0.0,
              "max": 0.0,
              "sum": -1129.0533476555836,
              "nonzero_count": 16384,
              "positive_count": 0,
              "negative_count": 16384
            },
            "lower_wall": {
              "count": 16384,
              "nonfinite": 0,
              "min": -0.16628600843046526,
              "mean": -0.0689119474887441,
              "p01": -0.16613767696605736,
              "p50": -0.059842754855493105,
              "p99": -0.00013389691453714365,
              "max": -0.0001090737317982482,
              "sum": -1129.0533476555834,
              "nonzero_count": 16384,
              "positive_count": 0,
              "negative_count": 16384
            }
          },
          "WallNormalCoeff2": {
            "all": {
              "count": 1572864,
              "nonfinite": 0,
              "min": -0.15223418726975133,
              "mean": -0.000638968047102184,
              "p01": -0.0007367466151100493,
              "p50": 0.0,
              "p99": 0.0,
              "max": 0.0,
              "sum": -1005.0098384373296,
              "nonzero_count": 16384,
              "positive_count": 0,
              "negative_count": 16384
            },
            "fluid": {
              "count": 1492344,
              "nonfinite": 0,
              "min": 0.0,
              "mean": 0.0,
              "p01": 0.0,
              "p50": 0.0,
              "p99": 0.0,
              "max": 0.0,
              "sum": 0.0,
              "nonzero_count": 0,
              "positive_count": 0,
              "negative_count": 0
            },
            "wall": {
              "count": 80520,
              "nonfinite": 0,
              "min": -0.15223418726975133,
              "mean": -0.012481493274184413,
              "p01": -0.14992926571837822,
              "p50": 0.0,
              "p99": 0.0,
              "max": 0.0,
              "sum": -1005.0098384373289,
              "nonzero_count": 16384,
              "positive_count": 0,
              "negative_count": 16384
            },
            "lower_wall": {
              "count": 16384,
              "nonfinite": 0,
              "min": -0.15223418726975133,
              "mean": -0.061340932521809624,
              "p01": -0.1520539537999793,
              "p50": -0.04996679180747961,
              "p99": -0.00039925002464987435,
              "max": -0.0003272518157631521,
              "sum": -1005.0098384373289,
              "nonzero_count": 16384,
              "positive_count": 0,
              "negative_count": 16384
            }
          },
          "WallActualMinusProfile": {
            "all": {
              "count": 1572864,
              "nonfinite": 0,
              "min": -0.07021983330055559,
              "mean": 5.5335306540331995e-05,
              "p01": 0.0,
              "p50": 0.0,
              "p99": 0.0,
              "max": 0.2796372749292112,
              "sum": 87.03491158625275,
              "nonzero_count": 12172,
              "positive_count": 6756,
              "negative_count": 5416
            },
            "fluid": {
              "count": 1492344,
              "nonfinite": 0,
              "min": 0.0,
              "mean": 0.0,
              "p01": 0.0,
              "p50": 0.0,
              "p99": 0.0,
              "max": 0.0,
              "sum": 0.0,
              "nonzero_count": 0,
              "positive_count": 0,
              "negative_count": 0
            },
            "wall": {
              "count": 80520,
              "nonfinite": 0,
              "min": -0.07021983330055559,
              "mean": 0.0010809104767294181,
              "p01": -0.007531040162816973,
              "p50": 0.0,
              "p99": 0.01595266748556561,
              "max": 0.2796372749292112,
              "sum": 87.03491158625275,
              "nonzero_count": 12172,
              "positive_count": 6756,
              "negative_count": 5416
            },
            "lower_wall": {
              "count": 16384,
              "nonfinite": 0,
              "min": -0.07021983330055559,
              "mean": 0.0053121894278718735,
              "p01": -0.06049358744309039,
              "p50": 0.0,
              "p99": 0.250148698780292,
              "max": 0.2796372749292112,
              "sum": 87.03491158625278,
              "nonzero_count": 12172,
              "positive_count": 6756,
              "negative_count": 5416
            }
          },
          "WallActualMinusRaw": {
            "all": {
              "count": 1572864,
              "nonfinite": 0,
              "min": -0.020995397562704653,
              "mean": 5.96149850895831e-05,
              "p01": 0.0,
              "p50": 0.0,
              "p99": 0.0,
              "max": 0.1975918708381092,
              "sum": 93.76626390794203,
              "nonzero_count": 16384,
              "positive_count": 9648,
              "negative_count": 6736
            },
            "fluid": {
              "count": 1492344,
              "nonfinite": 0,
              "min": 0.0,
              "mean": 0.0,
              "p01": 0.0,
              "p50": 0.0,
              "p99": 0.0,
              "max": 0.0,
              "sum": 0.0,
              "nonzero_count": 0,
              "positive_count": 0,
              "negative_count": 0
            },
            "wall": {
              "count": 80520,
              "nonfinite": 0,
              "min": -0.020995397562704653,
              "mean": 0.0011645089904116005,
              "p01": -0.019624294255924914,
              "p50": 0.0,
              "p99": 0.02264514033367667,
              "max": 0.1975918708381092,
              "sum": 93.76626390794206,
              "nonzero_count": 16384,
              "positive_count": 9648,
              "negative_count": 6736
            },
            "lower_wall": {
              "count": 16384,
              "nonfinite": 0,
              "min": -0.020995397562704653,
              "mean": 0.005723038568599979,
              "p01": -0.020604046593373046,
              "p50": 0.00013670189203235372,
              "p99": 0.17434762649742994,
              "max": 0.1975918708381092,
              "sum": 93.76626390794206,
              "nonzero_count": 16384,
              "positive_count": 9648,
              "negative_count": 6736
            }
          },
          "WallBCPath": {
            "all": {
              "count": 1572864,
              "nonfinite": 0,
              "min": 0.0,
              "mean": 0.133636474609375,
              "p01": 0.0,
              "p50": 0.0,
              "p99": 5.0,
              "max": 5.0,
              "sum": 210192.0,
              "nonzero_count": 80520,
              "positive_count": 80520,
              "negative_count": 0
            },
            "fluid": {
              "count": 1492344,
              "nonfinite": 0,
              "min": 0.0,
              "mean": 0.0,
              "p01": 0.0,
              "p50": 0.0,
              "p99": 0.0,
              "max": 0.0,
              "sum": 0.0,
              "nonzero_count": 0,
              "positive_count": 0,
              "negative_count": 0
            },
            "wall": {
              "count": 80520,
              "nonfinite": 0,
              "min": 2.0,
              "mean": 2.6104321907600596,
              "p01": 2.0,
              "p50": 2.0,
              "p99": 5.0,
              "max": 5.0,
              "sum": 210192.0,
              "nonzero_count": 80520,
              "positive_count": 80520,
              "negative_count": 0
            },
            "lower_wall": {
              "count": 16384,
              "nonfinite": 0,
              "min": 5.0,
              "mean": 5.0,
              "p01": 5.0,
              "p50": 5.0,
              "p99": 5.0,
              "max": 5.0,
              "sum": 81920.0,
              "nonzero_count": 16384,
              "positive_count": 16384,
              "negative_count": 0
            }
          },
          "SpecialBoundaryPoint": {
            "all": {
              "count": 1572864,
              "nonfinite": 0,
              "min": 0.0,
              "mean": 0.0,
              "p01": 0.0,
              "p50": 0.0,
              "p99": 0.0,
              "max": 0.0,
              "sum": 0.0,
              "nonzero_count": 0,
              "positive_count": 0,
              "negative_count": 0
            },
            "fluid": {
              "count": 1492344,
              "nonfinite": 0,
              "min": 0.0,
              "mean": 0.0,
              "p01": 0.0,
              "p50": 0.0,
              "p99": 0.0,
              "max": 0.0,
              "sum": 0.0,
              "nonzero_count": 0,
              "positive_count": 0,
              "negative_count": 0
            },
            "wall": {
              "count": 80520,
              "nonfinite": 0,
              "min": 0.0,
              "mean": 0.0,
              "p01": 0.0,
              "p50": 0.0,
              "p99": 0.0,
              "max": 0.0,
              "sum": 0.0,
              "nonzero_count": 0,
              "positive_count": 0,
              "negative_count": 0
            },
            "lower_wall": {
              "count": 16384,
              "nonfinite": 0,
              "min": 0.0,
              "mean": 0.0,
              "p01": 0.0,
              "p50": 0.0,
              "p99": 0.0,
              "max": 0.0,
              "sum": 0.0,
              "nonzero_count": 0,
              "positive_count": 0,
              "negative_count": 0
            }
          },
          "WallGeomNormalMag": {
            "all": {
              "count": 1572864,
              "nonfinite": 0,
              "min": 0.0,
              "mean": 0.051561436956268934,
              "p01": 0.0,
              "p50": 0.0,
              "p99": 1.0,
              "max": 1.7320508075688772,
              "sum": 81099.12797678498,
              "nonzero_count": 80520,
              "positive_count": 80520,
              "negative_count": 0
            },
            "fluid": {
              "count": 1492344,
              "nonfinite": 0,
              "min": 0.0,
              "mean": 0.0,
              "p01": 0.0,
              "p50": 0.0,
              "p99": 0.0,
              "max": 0.0,
              "sum": 0.0,
              "nonzero_count": 0,
              "positive_count": 0,
              "negative_count": 0
            },
            "wall": {
              "count": 80520,
              "nonfinite": 0,
              "min": 1.0,
              "mean": 1.0071923494384616,
              "p01": 1.0,
              "p50": 1.0,
              "p99": 1.4142135623730951,
              "max": 1.7320508075688772,
              "sum": 81099.12797678492,
              "nonzero_count": 80520,
              "positive_count": 80520,
              "negative_count": 0
            },
            "lower_wall": {
              "count": 16384,
              "nonfinite": 0,
              "min": 1.0,
              "mean": 1.0129206444498484,
              "p01": 1.0,
              "p50": 1.0,
              "p99": 1.4142135623730951,
              "max": 1.7320508075688772,
              "sum": 16595.691838666316,
              "nonzero_count": 16384,
              "positive_count": 16384,
              "negative_count": 0
            }
          },
          "WallGrad1Mag": {
            "all": {
              "count": 1572864,
              "nonfinite": 0,
              "min": 0.0,
              "mean": 0.0007507022791153353,
              "p01": 0.0,
              "p50": 0.0,
              "p99": 0.00026013642619043646,
              "max": 0.17156731386210708,
              "sum": 1180.7525895384629,
              "nonzero_count": 16384,
              "positive_count": 16384,
              "negative_count": 0
            },
            "fluid": {
              "count": 1492344,
              "nonfinite": 0,
              "min": 0.0,
              "mean": 0.0,
              "p01": 0.0,
              "p50": 0.0,
              "p99": 0.0,
              "max": 0.0,
              "sum": 0.0,
              "nonzero_count": 0,
              "positive_count": 0,
              "negative_count": 0
            },
            "wall": {
              "count": 80520,
              "nonfinite": 0,
              "min": 0.0,
              "mean": 0.014664090779166208,
              "p01": 0.0,
              "p50": 0.0,
              "p99": 0.16923704083278343,
              "max": 0.17156731386210708,
              "sum": 1180.752589538463,
              "nonzero_count": 16384,
              "positive_count": 16384,
              "negative_count": 0
            },
            "lower_wall": {
              "count": 16384,
              "nonfinite": 0,
              "min": 0.00010908002968707499,
              "mean": 0.0720674187950722,
              "p01": 0.00013478073711379243,
              "p50": 0.06404679000439653,
              "p99": 0.17146363033038092,
              "max": 0.17156731386210708,
              "sum": 1180.7525895384629,
              "nonzero_count": 16384,
              "positive_count": 16384,
              "negative_count": 0
            }
          },
          "WallGrad2Mag": {
            "all": {
              "count": 1572864,
              "nonfinite": 0,
              "min": 0.0,
              "mean": 0.0006696896705558057,
              "p01": 0.0,
              "p50": 0.0,
              "p99": 0.0007465721166133293,
              "max": 0.15914524977268266,
              "sum": 1053.3307739890868,
              "nonzero_count": 16384,
              "positive_count": 16384,
              "negative_count": 0
            },
            "fluid": {
              "count": 1492344,
              "nonfinite": 0,
              "min": 0.0,
              "mean": 0.0,
              "p01": 0.0,
              "p50": 0.0,
              "p99": 0.0,
              "max": 0.0,
              "sum": 0.0,
              "nonzero_count": 0,
              "positive_count": 0,
              "negative_count": 0
            },
            "wall": {
              "count": 80520,
              "nonfinite": 0,
              "min": 0.0,
              "mean": 0.01308160424725642,
              "p01": 0.0,
              "p50": 0.0,
              "p99": 0.15688281078722893,
              "max": 0.15914524977268266,
              "sum": 1053.330773989087,
              "nonzero_count": 16384,
              "positive_count": 16384,
              "negative_count": 0
            },
            "lower_wall": {
              "count": 16384,
              "nonfinite": 0,
              "min": 0.00032726003828248906,
              "mean": 0.06429020837335735,
              "p01": 0.0004004049343443105,
              "p50": 0.05240313999503242,
              "p99": 0.15904739727095074,
              "max": 0.15914524977268266,
              "sum": 1053.3307739890868,
              "nonzero_count": 16384,
              "positive_count": 16384,
              "negative_count": 0
            }
          },
          "WallGradTangentVecMag": {
            "all": {
              "count": 1572864,
              "nonfinite": 0,
              "min": 0.0,
              "mean": 0.00020245833681819302,
              "p01": 0.0,
              "p50": 0.0,
              "p99": 3.250670775974712e-05,
              "max": 0.05845233808297795,
              "sum": 318.43942948121037,
              "nonzero_count": 16384,
              "positive_count": 16384,
              "negative_count": 0
            },
            "fluid": {
              "count": 1492344,
              "nonfinite": 0,
              "min": 0.0,
              "mean": 0.0,
              "p01": 0.0,
              "p50": 0.0,
              "p99": 0.0,
              "max": 0.0,
              "sum": 0.0,
              "nonzero_count": 0,
              "positive_count": 0,
              "negative_count": 0
            },
            "wall": {
              "count": 80520,
              "nonfinite": 0,
              "min": 0.0,
              "mean": 0.003954786754610164,
              "p01": 0.0,
              "p50": 0.0,
              "p99": 0.043434034630027644,
              "max": 0.05845233808297795,
              "sum": 318.4394294812104,
              "nonzero_count": 16384,
              "positive_count": 16384,
              "negative_count": 0
            },
            "lower_wall": {
              "count": 16384,
              "nonfinite": 0,
              "min": 5.982789265845104e-07,
              "mean": 0.019436000334546535,
              "p01": 7.919121921311819e-06,
              "p50": 0.016917304274272356,
              "p99": 0.04813147625073378,
              "max": 0.05845233808297795,
              "sum": 318.4394294812104,
              "nonzero_count": 16384,
              "positive_count": 16384,
              "negative_count": 0
            }
          },
          "UMag": {
            "all": {
              "count": 1572864,
              "nonfinite": 0,
              "min": 0.0,
              "mean": 1.86782738338356e-06,
              "p01": 0.0,
              "p50": 1.1742460615960427e-06,
              "p99": 9.100019417976276e-06,
              "max": 1.1032504240161502e-05,
              "sum": 2.9378384495381997,
              "nonzero_count": 1492344,
              "positive_count": 1492344,
              "negative_count": 0
            },
            "fluid": {
              "count": 1492344,
              "nonfinite": 0,
              "min": 4.9387884581700465e-12,
              "mean": 1.968606735134929e-06,
              "p01": 7.701332606278019e-09,
              "p50": 1.298239999985558e-06,
              "p99": 9.133439770702558e-06,
              "max": 1.1032504240161502e-05,
              "sum": 2.9378384495382006,
              "nonzero_count": 1492344,
              "positive_count": 1492344,
              "negative_count": 0
            },
            "wall": {
              "count": 80520,
              "nonfinite": 0,
              "min": 0.0,
              "mean": 0.0,
              "p01": 0.0,
              "p50": 0.0,
              "p99": 0.0,
              "max": 0.0,
              "sum": 0.0,
              "nonzero_count": 0,
              "positive_count": 0,
              "negative_count": 0
            },
            "lower_wall": {
              "count": 16384,
              "nonfinite": 0,
              "min": 0.0,
              "mean": 0.0,
              "p01": 0.0,
              "p50": 0.0,
              "p99": 0.0,
              "max": 0.0,
              "sum": 0.0,
              "nonzero_count": 0,
              "positive_count": 0,
              "negative_count": 0
            }
          }
        },
        "stage7b_limiter_counts": {
          "normal_path_count": 16384,
          "normal_limiter_count": 5844,
          "active_path_count": 12172,
          "active_limiter_count": 1632
        },
        "max_mach": 1.9108857878678794e-05
      },
      "rows": [
        {
          "case_id": "cap_theta030_wall015",
          "step": 0,
          "init_theta_deg": 30.0,
          "wall_rad_angle_deg": 15.0,
          "angle_apparent_deg": 28.964356731538775,
          "angle_error_vs_init_deg": -1.0356432684612251,
          "angle_error_vs_wall_rad_deg": 13.964356731538775,
          "fit_point_count": 134,
          "phase_fluid_sum": 52593.44512836894,
          "phase_fluid_rel_change": 0.0,
          "rho_fluid_sum": 54033.19568324057,
          "rho_fluid_rel_change": 0.0,
          "phase_fluid_min": 0.0,
          "phase_fluid_max": 0.9997106094060031,
          "wall_phase_pred_min": 0.0,
          "wall_phase_pred_max": 0.9997155676220589,
          "wall_phase_raw_min": 0.0,
          "wall_phase_raw_max": 0.9997155676220589,
          "wall_phase_profile_max": 0.9998515518141624,
          "wall_phase_signed_profile_max": 0.9997154230446327,
          "wall_phase_signed_min": 0.0,
          "wall_phase_signed_max": 0.9997154230446327,
          "wall_signed_logit_shift_max": 3.52031699890164,
          "wall_contact_residual_mean": 0.02546896231016306,
          "wall_contact_residual_min": -0.03401900475058217,
          "wall_contact_residual_max": 1.1312622686508513,
          "wall_signed_normal_grad_mean": -0.007026393153352902,
          "wall_tangent_grad_mag_mean": 0.003835051232112483,
          "wall_signed_delta_q_min": 0.0,
          "wall_signed_delta_q_max": 3.52031699890164,
          "wall_signed_q_clipped_sum": 0.0,
          "wall_stage7_active_weight_sum": 7536.0,
          "wall_stage7_active_weight_mean": 0.09359165424739195,
          "wall_stage7_delta_q_raw_p50": 0.0,
          "wall_stage7_delta_q_raw_p99": 1.5445193602471632,
          "wall_stage7_delta_q_raw_max": 1.6184287275238747,
          "wall_stage7_delta_q_limited_p50": 0.0,
          "wall_stage7_delta_q_limited_p99": 1.5445193602471632,
          "wall_stage7_delta_q_limited_max": 1.6184287275238747,
          "wall_stage7_denom_min": 0.0,
          "wall_stage7_denom_p50": 0.0,
          "wall_stage7_limiter_reason_sum": 10812.0,
          "wall_stage7_limiter_reason_max": 1.0,
          "wall_stage7_normal_path_count": 16384,
          "wall_stage7_normal_limiter_count": 10812,
          "wall_stage7_active_path_count": 7536,
          "wall_stage7_active_limiter_count": 1964,
          "wall_stage7_actual_cos_p50": 0.0,
          "wall_stage7_target_cos_p50": 0.0,
          "wall_stage7_write_candidate_min": 0.0,
          "wall_stage7_write_candidate_max": 0.9998515518141624,
          "wall_stage7_write_minus_profile_min": -0.006081897457334007,
          "wall_stage7_write_minus_profile_max": 0.194023831763927,
          "max_mach": 0.0,
          "nonfinite_total": 0,
          "path_counts": "{\"2\": 64136, \"5\": 16384}"
        },
        {
          "case_id": "cap_theta030_wall015",
          "step": 10000,
          "init_theta_deg": 30.0,
          "wall_rad_angle_deg": 15.0,
          "angle_apparent_deg": 28.702575910045827,
          "angle_error_vs_init_deg": -1.2974240899541734,
          "angle_error_vs_wall_rad_deg": 13.702575910045827,
          "fit_point_count": 136,
          "phase_fluid_sum": 52353.19154030396,
          "phase_fluid_rel_change": -0.004568127976377577,
          "rho_fluid_sum": 53793.182348763636,
          "rho_fluid_rel_change": -0.004441960751016239,
          "phase_fluid_min": 4.402963103953045e-09,
          "phase_fluid_max": 0.9997664864583315,
          "wall_phase_pred_min": 4.402963103953045e-09,
          "wall_phase_pred_max": 0.999770288119061,
          "wall_phase_raw_min": 4.402963103953045e-09,
          "wall_phase_raw_max": 0.999770288119061,
          "wall_phase_profile_max": 0.9998802186065421,
          "wall_phase_signed_profile_max": 0.999770173050639,
          "wall_phase_signed_min": 0.0,
          "wall_phase_signed_max": 0.9997701730506388,
          "wall_signed_logit_shift_max": 3.7943117753619293,
          "wall_contact_residual_mean": 0.0051940784777908715,
          "wall_contact_residual_min": -0.03401453549102895,
          "wall_contact_residual_max": 0.34178062041537494,
          "wall_signed_normal_grad_mean": -0.012586997303028716,
          "wall_tangent_grad_mag_mean": 0.003856341636180687,
          "wall_signed_delta_q_min": 0.0,
          "wall_signed_delta_q_max": 3.7943117753619293,
          "wall_signed_q_clipped_sum": 0.0,
          "wall_stage7_active_weight_sum": 11176.0,
          "wall_stage7_active_weight_mean": 0.13879781420765028,
          "wall_stage7_delta_q_raw_p50": 0.0,
          "wall_stage7_delta_q_raw_p99": 0.7654714453438154,
          "wall_stage7_delta_q_raw_max": 2.0295824210113214,
          "wall_stage7_delta_q_limited_p50": 0.0,
          "wall_stage7_delta_q_limited_p99": 0.7654714453438154,
          "wall_stage7_delta_q_limited_max": 2.0295824210113214,
          "wall_stage7_denom_min": 0.0,
          "wall_stage7_denom_p50": 0.0,
          "wall_stage7_limiter_reason_sum": 6820.0,
          "wall_stage7_limiter_reason_max": 1.0,
          "wall_stage7_normal_path_count": 16384,
          "wall_stage7_normal_limiter_count": 6820,
          "wall_stage7_active_path_count": 11176,
          "wall_stage7_active_limiter_count": 1612,
          "wall_stage7_actual_cos_p50": 0.0,
          "wall_stage7_target_cos_p50": 0.0,
          "wall_stage7_write_candidate_min": 0.0,
          "wall_stage7_write_candidate_max": 0.9998802186065421,
          "wall_stage7_write_minus_profile_min": -0.04805751466463093,
          "wall_stage7_write_minus_profile_max": 0.23339150124558083,
          "max_mach": 2.4433898008233297e-05,
          "nonfinite_total": 0,
          "path_counts": "{\"2\": 64136, \"5\": 16384}"
        },
        {
          "case_id": "cap_theta030_wall015",
          "step": 20000,
          "init_theta_deg": 30.0,
          "wall_rad_angle_deg": 15.0,
          "angle_apparent_deg": 28.479480889494724,
          "angle_error_vs_init_deg": -1.5205191105052762,
          "angle_error_vs_wall_rad_deg": 13.479480889494724,
          "fit_point_count": 138,
          "phase_fluid_sum": 52316.62573767267,
          "phase_fluid_rel_change": -0.005263381967479311,
          "rho_fluid_sum": 53756.65311193495,
          "rho_fluid_rel_change": -0.005118012507103895,
          "phase_fluid_min": 1.0126564658194805e-08,
          "phase_fluid_max": 0.9997669745776646,
          "wall_phase_pred_min": 1.0126564658194805e-08,
          "wall_phase_pred_max": 0.9997707358199578,
          "wall_phase_raw_min": 1.0126564658194805e-08,
          "wall_phase_raw_max": 0.9997707358199578,
          "wall_phase_profile_max": 0.9998804690203772,
          "wall_phase_signed_profile_max": 0.9997706225007532,
          "wall_phase_signed_min": 0.0,
          "wall_phase_signed_max": 0.9997706225007532,
          "wall_signed_logit_shift_max": 3.790681030567298,
          "wall_contact_residual_mean": 0.003975126625072534,
          "wall_contact_residual_min": -0.03401498083620624,
          "wall_contact_residual_max": 0.3191048161707286,
          "wall_signed_normal_grad_mean": -0.013402956624186302,
          "wall_tangent_grad_mag_mean": 0.0038916251178154663,
          "wall_signed_delta_q_min": 0.0,
          "wall_signed_delta_q_max": 3.790681030567298,
          "wall_signed_q_clipped_sum": 0.0,
          "wall_stage7_active_weight_sum": 11672.0,
          "wall_stage7_active_weight_mean": 0.1449577744659712,
          "wall_stage7_delta_q_raw_p50": 0.0,
          "wall_stage7_delta_q_raw_p99": 0.7317484550014844,
          "wall_stage7_delta_q_raw_max": 2.1683549973401535,
          "wall_stage7_delta_q_limited_p50": 0.0,
          "wall_stage7_delta_q_limited_p99": 0.7317484550014844,
          "wall_stage7_delta_q_limited_max": 2.1683549973401535,
          "wall_stage7_denom_min": 0.0,
          "wall_stage7_denom_p50": 0.0,
          "wall_stage7_limiter_reason_sum": 6320.0,
          "wall_stage7_limiter_reason_max": 1.0,
          "wall_stage7_normal_path_count": 16384,
          "wall_stage7_normal_limiter_count": 6320,
          "wall_stage7_active_path_count": 11672,
          "wall_stage7_active_limiter_count": 1608,
          "wall_stage7_actual_cos_p50": 0.0,
          "wall_stage7_target_cos_p50": 0.0,
          "wall_stage7_write_candidate_min": 0.0,
          "wall_stage7_write_candidate_max": 0.9998804690203772,
          "wall_stage7_write_minus_profile_min": -0.05978905178801169,
          "wall_stage7_write_minus_profile_max": 0.2511325270907603,
          "max_mach": 2.273091336684262e-05,
          "nonfinite_total": 0,
          "path_counts": "{\"2\": 64136, \"5\": 16384}"
        },
        {
          "case_id": "cap_theta030_wall015",
          "step": 30000,
          "init_theta_deg": 30.0,
          "wall_rad_angle_deg": 15.0,
          "angle_apparent_deg": 28.38484557093766,
          "angle_error_vs_init_deg": -1.6151544290623399,
          "angle_error_vs_wall_rad_deg": 13.38484557093766,
          "fit_point_count": 138,
          "phase_fluid_sum": 52296.4834008607,
          "phase_fluid_rel_change": -0.005646363853583353,
          "rho_fluid_sum": 53736.530917459815,
          "rho_fluid_rel_change": -0.005490416808213539,
          "phase_fluid_min": 1.3476774935065137e-08,
          "phase_fluid_max": 0.9997697761576385,
          "wall_phase_pred_min": 1.3476774935065137e-08,
          "wall_phase_pred_max": 0.9997732396350895,
          "wall_phase_raw_min": 1.3476774935065137e-08,
          "wall_phase_raw_max": 0.9997732396350895,
          "wall_phase_profile_max": 0.9998819062777918,
          "wall_phase_signed_profile_max": 0.9997731420189849,
          "wall_phase_signed_min": 0.0,
          "wall_phase_signed_max": 0.9997731420189849,
          "wall_signed_logit_shift_max": 3.785295006149937,
          "wall_contact_residual_mean": 0.003511164192457162,
          "wall_contact_residual_min": -0.03405291240492192,
          "wall_contact_residual_max": 0.31131232146230725,
          "wall_signed_normal_grad_mean": -0.013761041249753329,
          "wall_tangent_grad_mag_mean": 0.003917200292193795,
          "wall_signed_delta_q_min": 0.0,
          "wall_signed_delta_q_max": 3.785295006149937,
          "wall_signed_q_clipped_sum": 0.0,
          "wall_stage7_active_weight_sum": 11892.0,
          "wall_stage7_active_weight_mean": 0.14769001490312966,
          "wall_stage7_delta_q_raw_p50": 0.0,
          "wall_stage7_delta_q_raw_p99": 0.7936582524774907,
          "wall_stage7_delta_q_raw_max": 2.1769879656310476,
          "wall_stage7_delta_q_limited_p50": 0.0,
          "wall_stage7_delta_q_limited_p99": 0.7936582524774907,
          "wall_stage7_delta_q_limited_max": 2.1769879656310476,
          "wall_stage7_denom_min": 0.0,
          "wall_stage7_denom_p50": 0.0,
          "wall_stage7_limiter_reason_sum": 6080.0,
          "wall_stage7_limiter_reason_max": 1.0,
          "wall_stage7_normal_path_count": 16384,
          "wall_stage7_normal_limiter_count": 6080,
          "wall_stage7_active_path_count": 11892,
          "wall_stage7_active_limiter_count": 1588,
          "wall_stage7_actual_cos_p50": 0.0,
          "wall_stage7_target_cos_p50": 0.0,
          "wall_stage7_write_candidate_min": 0.0,
          "wall_stage7_write_candidate_max": 0.9998819062777918,
          "wall_stage7_write_minus_profile_min": -0.06599018551942257,
          "wall_stage7_write_minus_profile_max": 0.2674603405962349,
          "max_mach": 2.1128517478778962e-05,
          "nonfinite_total": 0,
          "path_counts": "{\"2\": 64136, \"5\": 16384}"
        },
        {
          "case_id": "cap_theta030_wall015",
          "step": 40000,
          "init_theta_deg": 30.0,
          "wall_rad_angle_deg": 15.0,
          "angle_apparent_deg": 28.304233806080205,
          "angle_error_vs_init_deg": -1.6957661939197948,
          "angle_error_vs_wall_rad_deg": 13.304233806080205,
          "fit_point_count": 138,
          "phase_fluid_sum": 52282.78326431812,
          "phase_fluid_rel_change": -0.005906855184948758,
          "rho_fluid_sum": 53722.84448105379,
          "rho_fluid_rel_change": -0.005743713623864755,
          "phase_fluid_min": 1.540326279084736e-08,
          "phase_fluid_max": 0.9997759788125603,
          "wall_phase_pred_min": 1.540326279084736e-08,
          "wall_phase_pred_max": 0.9997793699301006,
          "wall_phase_raw_min": 1.540326279084736e-08,
          "wall_phase_raw_max": 0.9997793699301006,
          "wall_phase_profile_max": 0.9998850883280057,
          "wall_phase_signed_profile_max": 0.9997792739680161,
          "wall_phase_signed_min": 0.0,
          "wall_phase_signed_max": 0.9997792739680161,
          "wall_signed_logit_shift_max": 3.784289537225204,
          "wall_contact_residual_mean": 0.0032333818367147535,
          "wall_contact_residual_min": -0.03402218908819177,
          "wall_contact_residual_max": 0.3093826187837896,
          "wall_signed_normal_grad_mean": -0.013971920835930681,
          "wall_tangent_grad_mag_mean": 0.003937080839843152,
          "wall_signed_delta_q_min": 0.0,
          "wall_signed_delta_q_max": 3.784289537225204,
          "wall_signed_q_clipped_sum": 0.0,
          "wall_stage7_active_weight_sum": 12020.0,
          "wall_stage7_active_weight_mean": 0.1492796820665673,
          "wall_stage7_delta_q_raw_p50": 0.0,
          "wall_stage7_delta_q_raw_p99": 0.8010433305311478,
          "wall_stage7_delta_q_raw_max": 2.1648264530122465,
          "wall_stage7_delta_q_limited_p50": 0.0,
          "wall_stage7_delta_q_limited_p99": 0.8010433305311478,
          "wall_stage7_delta_q_limited_max": 2.1648264530122465,
          "wall_stage7_denom_min": 0.0,
          "wall_stage7_denom_p50": 0.0,
          "wall_stage7_limiter_reason_sum": 5948.0,
          "wall_stage7_limiter_reason_max": 1.0,
          "wall_stage7_normal_path_count": 16384,
          "wall_stage7_normal_limiter_count": 5948,
          "wall_stage7_active_path_count": 12020,
          "wall_stage7_active_limiter_count": 1584,
          "wall_stage7_actual_cos_p50": 0.0,
          "wall_stage7_target_cos_p50": 0.0,
          "wall_stage7_write_candidate_min": 0.0,
          "wall_stage7_write_candidate_max": 0.9998850883280057,
          "wall_stage7_write_minus_profile_min": -0.0687683058377439,
          "wall_stage7_write_minus_profile_max": 0.2751812259672073,
          "max_mach": 2.002853933765125e-05,
          "nonfinite_total": 0,
          "path_counts": "{\"2\": 64136, \"5\": 16384}"
        },
        {
          "case_id": "cap_theta030_wall015",
          "step": 50000,
          "init_theta_deg": 30.0,
          "wall_rad_angle_deg": 15.0,
          "angle_apparent_deg": 28.22226770880815,
          "angle_error_vs_init_deg": -1.7777322911918496,
          "angle_error_vs_wall_rad_deg": 13.22226770880815,
          "fit_point_count": 138,
          "phase_fluid_sum": 52272.37949578028,
          "phase_fluid_rel_change": -0.00610467011250184,
          "rho_fluid_sum": 53712.45111628452,
          "rho_fluid_rel_change": -0.005936065096655621,
          "phase_fluid_min": 1.6056619615864296e-08,
          "phase_fluid_max": 0.999782012623373,
          "wall_phase_pred_min": 1.619183935822821e-08,
          "wall_phase_pred_max": 0.9997855035931033,
          "wall_phase_raw_min": 1.619183935822821e-08,
          "wall_phase_raw_max": 0.9997855035931033,
          "wall_phase_profile_max": 0.9998881837382048,
          "wall_phase_signed_profile_max": 0.9997853995773474,
          "wall_phase_signed_min": 0.0,
          "wall_phase_signed_max": 0.9997853995773474,
          "wall_signed_logit_shift_max": 3.784907947321397,
          "wall_contact_residual_mean": 0.003037602975412059,
          "wall_contact_residual_min": -0.03401643730542425,
          "wall_contact_residual_max": 0.30812702413937687,
          "wall_signed_normal_grad_mean": -0.014116377703015574,
          "wall_tangent_grad_mag_mean": 0.003954786754610164,
          "wall_signed_delta_q_min": 0.0,
          "wall_signed_delta_q_max": 3.784907947321397,
          "wall_signed_q_clipped_sum": 0.0,
          "wall_stage7_active_weight_sum": 12172.0,
          "wall_stage7_active_weight_mean": 0.15116741182314952,
          "wall_stage7_delta_q_raw_p50": 0.0,
          "wall_stage7_delta_q_raw_p99": 0.8309742004441103,
          "wall_stage7_delta_q_raw_max": 2.168005915124388,
          "wall_stage7_delta_q_limited_p50": 0.0,
          "wall_stage7_delta_q_limited_p99": 0.8309742004441103,
          "wall_stage7_delta_q_limited_max": 2.168005915124388,
          "wall_stage7_denom_min": 0.0,
          "wall_stage7_denom_p50": 0.0,
          "wall_stage7_limiter_reason_sum": 5844.0,
          "wall_stage7_limiter_reason_max": 1.0,
          "wall_stage7_normal_path_count": 16384,
          "wall_stage7_normal_limiter_count": 5844,
          "wall_stage7_active_path_count": 12172,
          "wall_stage7_active_limiter_count": 1632,
          "wall_stage7_actual_cos_p50": 0.0,
          "wall_stage7_target_cos_p50": 0.0,
          "wall_stage7_write_candidate_min": 0.0,
          "wall_stage7_write_candidate_max": 0.9998881837382048,
          "wall_stage7_write_minus_profile_min": -0.07021983330055559,
          "wall_stage7_write_minus_profile_max": 0.2796372749292112,
          "max_mach": 1.9108857878678794e-05,
          "nonfinite_total": 0,
          "path_counts": "{\"2\": 64136, \"5\": 16384}"
        }
      ],
      "claim_limit": "flat-wall runtime sanity/contact-response diagnostic only"
    }
  ],
  "claim_limit": "flat-wall runtime sanity/contact-response diagnostic only"
}
