{
  "status": "runtime_sanity",
  "run_root": "/mnt/8A0E24070E23EAC1/runs/tclb_wall_geom_diag_profile_rad011_1000_20260610",
  "frame_count": 10,
  "summaries": [
    {
      "status": "runtime_sanity",
      "case_id": "curved_theta011",
      "geometry": "curved",
      "theta_deg": 11,
      "step": 0,
      "file": "/mnt/8A0E24070E23EAC1/runs/tclb_wall_geom_diag_profile_rad011_1000_20260610/curved_theta011/output/case_VTK_P00_00000000.vti",
      "dims": [
        96,
        80,
        140
      ],
      "cell_count": 1075200,
      "nonfinite_count": 0,
      "wall_count": 121164,
      "fluid_count": 954036,
      "phase_all": {
        "count": 1075200,
        "min": -0.0,
        "p01": 0.0,
        "p05": 2.2827851663131747e-16,
        "mean": 0.10051407198610256,
        "p50": 1.0737637279323309e-08,
        "p95": 0.9998072449100965,
        "p99": 1.0,
        "max": 1.0
      },
      "phase_wall": {
        "count": 121164,
        "min": -0.0,
        "p01": -0.0,
        "p05": 0.0,
        "mean": 0.3968583658773894,
        "p50": 1.3820574155962824e-07,
        "p95": 1.0,
        "p99": 1.0,
        "max": 1.0
      },
      "phase_fluid": {
        "count": 954036,
        "min": 0.0,
        "p01": 0.0,
        "p05": 3.3306690738754696e-16,
        "mean": 0.06287790309410697,
        "p50": 9.315884674787608e-09,
        "p95": 0.7296000643319109,
        "p99": 0.9992815581211185,
        "max": 0.9999997995397631
      },
      "wall_phase_pred": {
        "count": 121164,
        "min": 0.0,
        "p01": 0.0,
        "p05": 0.0,
        "mean": 0.3978191555634191,
        "p50": 1.7232127598146617e-07,
        "p95": 1.0,
        "p99": 1.0,
        "max": 1.7954628943313244
      },
      "wall_phase_bounded_pred": {
        "count": 121164,
        "min": 0.0,
        "p01": 0.0,
        "p05": 0.0,
        "mean": 0.3978191555634191,
        "p50": 1.7232127598146617e-07,
        "p95": 1.0,
        "p99": 1.0,
        "max": 1.7954628943313244
      },
      "wall_clamp_delta": {
        "count": 121164,
        "min": 0.0,
        "p01": 0.0,
        "p05": 0.0,
        "mean": 0.0,
        "p50": 0.0,
        "p95": 0.0,
        "p99": 0.0,
        "max": 0.0
      },
      "wall_phase_profile_pred": {
        "count": 121164,
        "min": -0.0,
        "p01": -0.0,
        "p05": 0.0,
        "mean": 0.3968583658773894,
        "p50": 1.382057415596282e-07,
        "p95": 1.0,
        "p99": 1.0,
        "max": 1.0
      },
      "wall_profile_delta": {
        "count": 121164,
        "min": -0.1208892596789658,
        "p01": -1.5579890407124383e-05,
        "p05": -2.895516684498354e-11,
        "mean": 0.0009607896860297403,
        "p50": 0.0,
        "p95": 6.338212162924335e-08,
        "p99": 0.0009123726205026591,
        "max": 1.054862754745995
      },
      "wall_pf_f": {
        "count": 121164,
        "min": -999.0,
        "p01": -999.0,
        "p05": -999.0,
        "mean": -394.7047519127512,
        "p50": 1.6653345369377348e-16,
        "p95": 3.809298368240288e-06,
        "p99": 0.0015471628981417551,
        "max": 0.5808448975965824
      },
      "wall_grad_tangent": {
        "count": 121164,
        "min": 0.0,
        "p01": 0.0,
        "p05": 0.0,
        "mean": 0.0002256044956432754,
        "p50": 5.721958498152797e-17,
        "p95": 7.60861464957187e-07,
        "p99": 0.0007944882879157634,
        "max": 0.148776638417561
      },
      "wall_tan_coeff": {
        "count": 121164,
        "min": 5.144553966670899,
        "p01": 5.144553966670899,
        "p05": 5.144553966670899,
        "mean": 5.144553966670899,
        "p50": 5.144553966670899,
        "p95": 5.144553966670899,
        "p99": 5.144553966670899,
        "max": 5.144553966670899
      },
      "special_boundary_point": {
        "count": 121164,
        "min": 0.0,
        "p01": 0.0,
        "p05": 0.0,
        "mean": 0.006470568815819881,
        "p50": 0.0,
        "p95": 0.0,
        "p99": 0.0,
        "max": 2.0
      },
      "wall_phase_pred_gt_1_count": 64,
      "wall_phase_bounded_pred_gt_1_count": 64,
      "wall_phase_profile_pred_gt_1_count": 0,
      "wall_phase_pred_lt_0_count": 0,
      "wall_clamp_delta_nonzero_count": 0,
      "wall_profile_delta_nonzero_count": 34780,
      "wall_phase_field_gt_1_count": 0,
      "fluid_phase_field_gt_1_count": 0,
      "fluid_phase_sum": 59987.78315628944,
      "wall_phase_sum": 48084.94704316801,
      "max_velocity": 0.0,
      "max_mach": 0.0,
      "by_wall_bc_path": {
        "1": {
          "count": 47872,
          "phase_field": {
            "count": 47872,
            "min": 1.0,
            "p01": 1.0,
            "p05": 1.0,
            "mean": 1.0,
            "p50": 1.0,
            "p95": 1.0,
            "p99": 1.0,
            "max": 1.0
          },
          "wall_phase_pred": {
            "count": 47872,
            "min": 1.0,
            "p01": 1.0,
            "p05": 1.0,
            "mean": 1.0,
            "p50": 1.0,
            "p95": 1.0,
            "p99": 1.0,
            "max": 1.0
          },
          "wall_phase_bounded_pred": {
            "count": 47872,
            "min": 1.0,
            "p01": 1.0,
            "p05": 1.0,
            "mean": 1.0,
            "p50": 1.0,
            "p95": 1.0,
            "p99": 1.0,
            "max": 1.0
          },
          "wall_clamp_delta": {
            "count": 47872,
            "min": 0.0,
            "p01": 0.0,
            "p05": 0.0,
            "mean": 0.0,
            "p50": 0.0,
            "p95": 0.0,
            "p99": 0.0,
            "max": 0.0
          },
          "wall_phase_profile_pred": {
            "count": 47872,
            "min": 1.0,
            "p01": 1.0,
            "p05": 1.0,
            "mean": 1.0,
            "p50": 1.0,
            "p95": 1.0,
            "p99": 1.0,
            "max": 1.0
          },
          "wall_profile_delta": {
            "count": 47872,
            "min": 0.0,
            "p01": 0.0,
            "p05": 0.0,
            "mean": 0.0,
            "p50": 0.0,
            "p95": 0.0,
            "p99": 0.0,
            "max": 0.0
          },
          "wall_pf_f": {
            "count": 47872,
            "min": -999.0,
            "p01": -999.0,
            "p05": -999.0,
            "mean": -999.0,
            "p50": -999.0,
            "p95": -999.0,
            "p99": -999.0,
            "max": -999.0
          },
          "wall_grad_tangent": {
            "count": 47872,
            "min": 0.0,
            "p01": 0.0,
            "p05": 0.0,
            "mean": 0.0,
            "p50": 0.0,
            "p95": 0.0,
            "p99": 0.0,
            "max": 0.0
          },
          "wall_tan_coeff": {
            "count": 47872,
            "min": 5.144553966670899,
            "p01": 5.144553966670899,
            "p05": 5.144553966670899,
            "mean": 5.144553966670899,
            "p50": 5.144553966670899,
            "p95": 5.144553966670899,
            "p99": 5.144553966670899,
            "max": 5.144553966670899
          },
          "phase_pred_gt_1_count": 0,
          "phase_bounded_pred_gt_1_count": 0,
          "clamp_delta_nonzero_count": 0,
          "phase_profile_pred_gt_1_count": 0,
          "profile_delta_nonzero_count": 0,
          "phase_field_gt_1_count": 0
        },
        "4": {
          "count": 392,
          "phase_field": {
            "count": 392,
            "min": 4.01339755992932e-14,
            "p01": 4.01339755992932e-14,
            "p05": 4.025123181346199e-14,
            "mean": 5.5350923718169934e-14,
            "p50": 4.7901679076464285e-14,
            "p95": 8.693842651623023e-14,
            "p99": 8.85512392083984e-14,
            "max": 8.85512392083984e-14
          },
          "wall_phase_pred": {
            "count": 392,
            "min": 4.01339755992932e-14,
            "p01": 4.01339755992932e-14,
            "p05": 4.0251231813462e-14,
            "mean": 5.5350923718169947e-14,
            "p50": 4.7901679076464285e-14,
            "p95": 8.693842651623023e-14,
            "p99": 8.855123920839842e-14,
            "max": 8.855123920839842e-14
          },
          "wall_phase_bounded_pred": {
            "count": 392,
            "min": 4.01339755992932e-14,
            "p01": 4.01339755992932e-14,
            "p05": 4.0251231813462e-14,
            "mean": 5.5350923718169947e-14,
            "p50": 4.7901679076464285e-14,
            "p95": 8.693842651623023e-14,
            "p99": 8.855123920839842e-14,
            "max": 8.855123920839842e-14
          },
          "wall_clamp_delta": {
            "count": 392,
            "min": 0.0,
            "p01": 0.0,
            "p05": 0.0,
            "mean": 0.0,
            "p50": 0.0,
            "p95": 0.0,
            "p99": 0.0,
            "max": 0.0
          },
          "wall_phase_profile_pred": {
            "count": 392,
            "min": 4.01339755992932e-14,
            "p01": 4.01339755992932e-14,
            "p05": 4.0251231813462e-14,
            "mean": 5.5350923718169947e-14,
            "p50": 4.7901679076464285e-14,
            "p95": 8.693842651623023e-14,
            "p99": 8.855123920839842e-14,
            "max": 8.855123920839842e-14
          },
          "wall_profile_delta": {
            "count": 392,
            "min": 0.0,
            "p01": 0.0,
            "p05": 0.0,
            "mean": 0.0,
            "p50": 0.0,
            "p95": 0.0,
            "p99": 0.0,
            "max": 0.0
          },
          "wall_pf_f": {
            "count": 392,
            "min": 1.7486012637846216e-14,
            "p01": 1.7789103523568882e-14,
            "p05": 1.826039319752226e-14,
            "mean": 2.2449162710175615e-14,
            "p50": 2.2926105458509483e-14,
            "p95": 2.4480417692984702e-14,
            "p99": 2.4480417692984702e-14,
            "max": 2.4480417692984702e-14
          },
          "wall_grad_tangent": {
            "count": 392,
            "min": 0.0,
            "p01": 0.0,
            "p05": 0.0,
            "mean": 0.0,
            "p50": 0.0,
            "p95": 0.0,
            "p99": 0.0,
            "max": 0.0
          },
          "wall_tan_coeff": {
            "count": 392,
            "min": 5.144553966670899,
            "p01": 5.144553966670899,
            "p05": 5.144553966670899,
            "mean": 5.144553966670898,
            "p50": 5.144553966670899,
            "p95": 5.144553966670899,
            "p99": 5.144553966670899,
            "max": 5.144553966670899
          },
          "phase_pred_gt_1_count": 0,
          "phase_bounded_pred_gt_1_count": 0,
          "clamp_delta_nonzero_count": 0,
          "phase_profile_pred_gt_1_count": 0,
          "profile_delta_nonzero_count": 0,
          "phase_field_gt_1_count": 0
        },
        "5": {
          "count": 72900,
          "phase_field": {
            "count": 72900,
            "min": -0.0,
            "p01": -0.0,
            "p05": -0.0,
            "mean": 0.0029210842684222593,
            "p50": 1.7681352622615206e-12,
            "p95": 4.204602784499982e-05,
            "p99": 0.03871027504442147,
            "max": 0.7406001395853296
          },
          "wall_phase_pred": {
            "count": 72900,
            "min": 0.0,
            "p01": 0.0,
            "p05": 0.0,
            "mean": 0.004517972080741978,
            "p50": 2.572238382918372e-12,
            "p95": 3.958480154679082e-05,
            "p99": 0.05748091281297842,
            "max": 1.7954628943313244
          },
          "wall_phase_bounded_pred": {
            "count": 72900,
            "min": 0.0,
            "p01": 0.0,
            "p05": 0.0,
            "mean": 0.004517972080741978,
            "p50": 2.572238382918372e-12,
            "p95": 3.958480154679082e-05,
            "p99": 0.05748091281297842,
            "max": 1.7954628943313244
          },
          "wall_clamp_delta": {
            "count": 72900,
            "min": 0.0,
            "p01": 0.0,
            "p05": 0.0,
            "mean": 0.0,
            "p50": 0.0,
            "p95": 0.0,
            "p99": 0.0,
            "max": 0.0
          },
          "wall_phase_profile_pred": {
            "count": 72900,
            "min": -0.0,
            "p01": -0.0,
            "p05": -0.0,
            "mean": 0.0029210842684222597,
            "p50": 1.7681352622615206e-12,
            "p95": 4.2046027844999835e-05,
            "p99": 0.038710275044421476,
            "max": 0.7406001395853296
          },
          "wall_profile_delta": {
            "count": 72900,
            "min": -0.1208892596789658,
            "p01": -3.0001470912234825e-05,
            "p05": -4.1888129463951796e-07,
            "mean": 0.0015968878123197177,
            "p50": 2.3902016568898585e-14,
            "p95": 2.0698042733505773e-07,
            "p99": 0.006148916688048706,
            "max": 1.054862754745995
          },
          "wall_pf_f": {
            "count": 72900,
            "min": 0.0,
            "p01": 0.0,
            "p05": 0.0,
            "mean": 0.0016658332430175599,
            "p50": 8.181233468462779e-13,
            "p95": 2.0279361507447025e-05,
            "p99": 0.014668736656462122,
            "max": 0.5808448975965824
          },
          "wall_grad_tangent": {
            "count": 72900,
            "min": 0.0,
            "p01": 0.0,
            "p05": 0.0,
            "mean": 0.00037496766954899614,
            "p50": 3.034485655997005e-13,
            "p95": 2.262086598234405e-06,
            "p99": 0.005343291144621413,
            "max": 0.148776638417561
          },
          "wall_tan_coeff": {
            "count": 72900,
            "min": 5.144553966670899,
            "p01": 5.144553966670899,
            "p05": 5.144553966670899,
            "mean": 5.144553966670899,
            "p50": 5.144553966670899,
            "p95": 5.144553966670899,
            "p99": 5.144553966670899,
            "max": 5.144553966670899
          },
          "phase_pred_gt_1_count": 64,
          "phase_bounded_pred_gt_1_count": 64,
          "clamp_delta_nonzero_count": 0,
          "phase_profile_pred_gt_1_count": 0,
          "profile_delta_nonzero_count": 34780,
          "phase_field_gt_1_count": 0
        }
      }
    },
    {
      "status": "runtime_sanity",
      "case_id": "curved_theta011",
      "geometry": "curved",
      "theta_deg": 11,
      "step": 250,
      "file": "/mnt/8A0E24070E23EAC1/runs/tclb_wall_geom_diag_profile_rad011_1000_20260610/curved_theta011/output/case_VTK_P00_00000250.vti",
      "dims": [
        96,
        80,
        140
      ],
      "cell_count": 1075200,
      "nonfinite_count": 0,
      "wall_count": 121164,
      "fluid_count": 954036,
      "phase_all": {
        "count": 1075200,
        "min": 6.077736476509445e-17,
        "p01": 5.1263811033521523e-14,
        "p05": 2.167614545852794e-12,
        "mean": 0.10058224094578104,
        "p50": 1.3219675463964276e-08,
        "p95": 0.9998318368235671,
        "p99": 1.0,
        "max": 1.0
      },
      "phase_wall": {
        "count": 121164,
        "min": 1.3961756271192877e-16,
        "p01": 8.793649501005457e-15,
        "p05": 4.0173416220949287e-13,
        "mean": 0.39763267214685094,
        "p50": 1.74202230322531e-07,
        "p95": 1.0,
        "p99": 1.0,
        "max": 1.0
      },
      "phase_fluid": {
        "count": 954036,
        "min": 6.077736476509445e-17,
        "p01": 7.348530163720386e-14,
        "p05": 2.744856585320126e-12,
        "mean": 0.0628563915584975,
        "p50": 1.2148902606803829e-08,
        "p95": 0.7266142898178515,
        "p99": 0.9993932790313853,
        "max": 0.9999897007238272
      },
      "wall_phase_pred": {
        "count": 121164,
        "min": 1.157479842617946e-16,
        "p01": 1.1490183064046267e-14,
        "p05": 5.126936381761705e-13,
        "mean": 0.39899167929876245,
        "p50": 2.990408168698824e-07,
        "p95": 1.0,
        "p99": 1.0,
        "max": 1.4083274895991793
      },
      "wall_phase_bounded_pred": {
        "count": 121164,
        "min": 1.157479842617946e-16,
        "p01": 1.1490183064046267e-14,
        "p05": 5.126936381761705e-13,
        "mean": 0.39899167929876245,
        "p50": 2.990408168698824e-07,
        "p95": 1.0,
        "p99": 1.0,
        "max": 1.4083274895991793
      },
      "wall_clamp_delta": {
        "count": 121164,
        "min": 0.0,
        "p01": 0.0,
        "p05": 0.0,
        "mean": 0.0,
        "p50": 0.0,
        "p95": 0.0,
        "p99": 0.0,
        "max": 0.0
      },
      "wall_phase_profile_pred": {
        "count": 121164,
        "min": 1.3961756271192877e-16,
        "p01": 8.793649501005457e-15,
        "p05": 4.0173416220949287e-13,
        "mean": 0.39763267214685094,
        "p50": 1.74202230322531e-07,
        "p95": 1.0,
        "p99": 1.0,
        "max": 1.0
      },
      "wall_profile_delta": {
        "count": 121164,
        "min": -0.15823000700668632,
        "p01": -1.3933563394747369e-08,
        "p05": -4.112432477294837e-09,
        "mean": 0.0013590071519115575,
        "p50": 0.0,
        "p95": 2.5223761551882702e-06,
        "p99": 0.0037344920786083454,
        "max": 0.6514460647020616
      },
      "wall_pf_f": {
        "count": 121164,
        "min": 6.077736476509445e-17,
        "p01": 4.320623008107321e-15,
        "p05": 1.917338484771776e-13,
        "mean": 0.39677876465404516,
        "p50": 8.467541235764888e-08,
        "p95": 1.0,
        "p99": 1.0,
        "max": 1.0
      },
      "wall_grad_tangent": {
        "count": 121164,
        "min": 0.0,
        "p01": 0.0,
        "p05": 0.0,
        "mean": 0.0003686984988110734,
        "p50": 2.374429454233604e-13,
        "p95": 2.2611416731217505e-06,
        "p99": 0.0016960756243195989,
        "max": 0.15743393632100336
      },
      "wall_tan_coeff": {
        "count": 121164,
        "min": 5.144553966670899,
        "p01": 5.144553966670899,
        "p05": 5.144553966670899,
        "mean": 5.144553966670899,
        "p50": 5.144553966670899,
        "p95": 5.144553966670899,
        "p99": 5.144553966670899,
        "max": 5.144553966670899
      },
      "special_boundary_point": {
        "count": 121164,
        "min": 0.0,
        "p01": 0.0,
        "p05": 0.0,
        "mean": 0.006470568815819881,
        "p50": 0.0,
        "p95": 0.0,
        "p99": 0.0,
        "max": 2.0
      },
      "wall_phase_pred_gt_1_count": 188,
      "wall_phase_bounded_pred_gt_1_count": 188,
      "wall_phase_profile_pred_gt_1_count": 0,
      "wall_phase_pred_lt_0_count": 0,
      "wall_clamp_delta_nonzero_count": 0,
      "wall_profile_delta_nonzero_count": 59128,
      "wall_phase_field_gt_1_count": 0,
      "fluid_phase_field_gt_1_count": 0,
      "fluid_phase_sum": 59967.26037690272,
      "wall_phase_sum": 48178.76508800105,
      "max_velocity": 0.00014919442820925764,
      "max_mach": 0.0002584123298646216,
      "by_wall_bc_path": {
        "1": {
          "count": 47872,
          "phase_field": {
            "count": 47872,
            "min": 1.0,
            "p01": 1.0,
            "p05": 1.0,
            "mean": 1.0,
            "p50": 1.0,
            "p95": 1.0,
            "p99": 1.0,
            "max": 1.0
          },
          "wall_phase_pred": {
            "count": 47872,
            "min": 1.0,
            "p01": 1.0,
            "p05": 1.0,
            "mean": 1.0,
            "p50": 1.0,
            "p95": 1.0,
            "p99": 1.0,
            "max": 1.0
          },
          "wall_phase_bounded_pred": {
            "count": 47872,
            "min": 1.0,
            "p01": 1.0,
            "p05": 1.0,
            "mean": 1.0,
            "p50": 1.0,
            "p95": 1.0,
            "p99": 1.0,
            "max": 1.0
          },
          "wall_clamp_delta": {
            "count": 47872,
            "min": 0.0,
            "p01": 0.0,
            "p05": 0.0,
            "mean": 0.0,
            "p50": 0.0,
            "p95": 0.0,
            "p99": 0.0,
            "max": 0.0
          },
          "wall_phase_profile_pred": {
            "count": 47872,
            "min": 1.0,
            "p01": 1.0,
            "p05": 1.0,
            "mean": 1.0,
            "p50": 1.0,
            "p95": 1.0,
            "p99": 1.0,
            "max": 1.0
          },
          "wall_profile_delta": {
            "count": 47872,
            "min": 0.0,
            "p01": 0.0,
            "p05": 0.0,
            "mean": 0.0,
            "p50": 0.0,
            "p95": 0.0,
            "p99": 0.0,
            "max": 0.0
          },
          "wall_pf_f": {
            "count": 47872,
            "min": 1.0,
            "p01": 1.0,
            "p05": 1.0,
            "mean": 1.0,
            "p50": 1.0,
            "p95": 1.0,
            "p99": 1.0,
            "max": 1.0
          },
          "wall_grad_tangent": {
            "count": 47872,
            "min": 0.0,
            "p01": 0.0,
            "p05": 0.0,
            "mean": 0.0,
            "p50": 0.0,
            "p95": 0.0,
            "p99": 0.0,
            "max": 0.0
          },
          "wall_tan_coeff": {
            "count": 47872,
            "min": 5.144553966670899,
            "p01": 5.144553966670899,
            "p05": 5.144553966670899,
            "mean": 5.144553966670899,
            "p50": 5.144553966670899,
            "p95": 5.144553966670899,
            "p99": 5.144553966670899,
            "max": 5.144553966670899
          },
          "phase_pred_gt_1_count": 0,
          "phase_bounded_pred_gt_1_count": 0,
          "clamp_delta_nonzero_count": 0,
          "phase_profile_pred_gt_1_count": 0,
          "profile_delta_nonzero_count": 0,
          "phase_field_gt_1_count": 0
        },
        "4": {
          "count": 392,
          "phase_field": {
            "count": 392,
            "min": 2.0109098635393497e-13,
            "p01": 2.0109114117210208e-13,
            "p05": 2.1031179266485184e-13,
            "mean": 3.7022803249015296e-13,
            "p50": 2.9074134294059943e-13,
            "p95": 9.466133997519408e-13,
            "p99": 1.0163643121265566e-12,
            "max": 1.0706893840174755e-12
          },
          "wall_phase_pred": {
            "count": 392,
            "min": 2.0109098635393497e-13,
            "p01": 2.0109114117210208e-13,
            "p05": 2.1031179266485184e-13,
            "mean": 3.7022803249015296e-13,
            "p50": 2.9074134294059943e-13,
            "p95": 9.466133997519408e-13,
            "p99": 1.0163643121265566e-12,
            "max": 1.0706893840174755e-12
          },
          "wall_phase_bounded_pred": {
            "count": 392,
            "min": 2.0109098635393497e-13,
            "p01": 2.0109114117210208e-13,
            "p05": 2.1031179266485184e-13,
            "mean": 3.7022803249015296e-13,
            "p50": 2.9074134294059943e-13,
            "p95": 9.466133997519408e-13,
            "p99": 1.0163643121265566e-12,
            "max": 1.0706893840174755e-12
          },
          "wall_clamp_delta": {
            "count": 392,
            "min": 0.0,
            "p01": 0.0,
            "p05": 0.0,
            "mean": 0.0,
            "p50": 0.0,
            "p95": 0.0,
            "p99": 0.0,
            "max": 0.0
          },
          "wall_phase_profile_pred": {
            "count": 392,
            "min": 2.0109098635393497e-13,
            "p01": 2.0109114117210208e-13,
            "p05": 2.1031179266485184e-13,
            "mean": 3.7022803249015296e-13,
            "p50": 2.9074134294059943e-13,
            "p95": 9.466133997519408e-13,
            "p99": 1.0163643121265566e-12,
            "max": 1.0706893840174755e-12
          },
          "wall_profile_delta": {
            "count": 392,
            "min": 0.0,
            "p01": 0.0,
            "p05": 0.0,
            "mean": 0.0,
            "p50": 0.0,
            "p95": 0.0,
            "p99": 0.0,
            "max": 0.0
          },
          "wall_pf_f": {
            "count": 392,
            "min": 1.0190430606737764e-13,
            "p01": 1.0190430606737765e-13,
            "p05": 1.0190447496700408e-13,
            "mean": 1.4546433524555683e-13,
            "p50": 1.2740399598612926e-13,
            "p95": 2.670605382898319e-13,
            "p99": 2.8104476626151195e-13,
            "max": 2.9607295601883307e-13
          },
          "wall_grad_tangent": {
            "count": 392,
            "min": 0.0,
            "p01": 0.0,
            "p05": 0.0,
            "mean": 0.0,
            "p50": 0.0,
            "p95": 0.0,
            "p99": 0.0,
            "max": 0.0
          },
          "wall_tan_coeff": {
            "count": 392,
            "min": 5.144553966670899,
            "p01": 5.144553966670899,
            "p05": 5.144553966670899,
            "mean": 5.144553966670898,
            "p50": 5.144553966670899,
            "p95": 5.144553966670899,
            "p99": 5.144553966670899,
            "max": 5.144553966670899
          },
          "phase_pred_gt_1_count": 0,
          "phase_bounded_pred_gt_1_count": 0,
          "clamp_delta_nonzero_count": 0,
          "phase_profile_pred_gt_1_count": 0,
          "profile_delta_nonzero_count": 0,
          "phase_field_gt_1_count": 0
        },
        "5": {
          "count": 72900,
          "phase_field": {
            "count": 72900,
            "min": 1.3961756271192877e-16,
            "p01": 3.575182413462442e-15,
            "p05": 1.0587676518577868e-13,
            "mean": 0.004208025898503391,
            "p50": 1.1142046780046887e-09,
            "p95": 7.86628861148249e-05,
            "p99": 0.06693605202112897,
            "max": 0.9828245612882753
          },
          "wall_phase_pred": {
            "count": 72900,
            "min": 1.157479842617946e-16,
            "p01": 4.875596474239962e-15,
            "p05": 1.4221221688675237e-13,
            "mean": 0.006466774081688741,
            "p50": 1.1940727411352553e-09,
            "p95": 9.694462085093616e-05,
            "p99": 0.08744498718899937,
            "max": 1.4083274895991793
          },
          "wall_phase_bounded_pred": {
            "count": 72900,
            "min": 1.157479842617946e-16,
            "p01": 4.875596474239962e-15,
            "p05": 1.4221221688675237e-13,
            "mean": 0.006466774081688741,
            "p50": 1.1940727411352553e-09,
            "p95": 9.694462085093616e-05,
            "p99": 0.08744498718899937,
            "max": 1.4083274895991793
          },
          "wall_clamp_delta": {
            "count": 72900,
            "min": 0.0,
            "p01": 0.0,
            "p05": 0.0,
            "mean": 0.0,
            "p50": 0.0,
            "p95": 0.0,
            "p99": 0.0,
            "max": 0.0
          },
          "wall_phase_profile_pred": {
            "count": 72900,
            "min": 1.3961756271192877e-16,
            "p01": 3.575182413462442e-15,
            "p05": 1.0587676518577868e-13,
            "mean": 0.004208025898503391,
            "p50": 1.1142046780046887e-09,
            "p95": 7.86628861148249e-05,
            "p99": 0.06693605202112897,
            "max": 0.9828245612882753
          },
          "wall_profile_delta": {
            "count": 72900,
            "min": -0.15823000700668632,
            "p01": -1.0739243179069287e-05,
            "p05": -7.4358658678511604e-09,
            "mean": 0.0022587481831853502,
            "p50": 1.4734204585091153e-12,
            "p95": 5.295006461047997e-06,
            "p99": 0.01986616463502229,
            "max": 0.6514460647020616
          },
          "wall_pf_f": {
            "count": 72900,
            "min": 6.077736476509445e-17,
            "p01": 1.7417556241424119e-15,
            "p05": 5.282956933410767e-14,
            "mean": 0.0027887824491449075,
            "p50": 5.271000580144731e-10,
            "p95": 3.625430353750771e-05,
            "p99": 0.029263349292398346,
            "max": 0.9667368011527722
          },
          "wall_grad_tangent": {
            "count": 72900,
            "min": 6.1691066260653634e-18,
            "p01": 5.272376857460931e-16,
            "p05": 1.6122872517347328e-14,
            "mean": 0.0006127981469128244,
            "p50": 1.2107663738011128e-10,
            "p95": 8.464421568150721e-06,
            "p99": 0.009148279722486365,
            "max": 0.15743393632100336
          },
          "wall_tan_coeff": {
            "count": 72900,
            "min": 5.144553966670899,
            "p01": 5.144553966670899,
            "p05": 5.144553966670899,
            "mean": 5.144553966670899,
            "p50": 5.144553966670899,
            "p95": 5.144553966670899,
            "p99": 5.144553966670899,
            "max": 5.144553966670899
          },
          "phase_pred_gt_1_count": 188,
          "phase_bounded_pred_gt_1_count": 188,
          "clamp_delta_nonzero_count": 0,
          "phase_profile_pred_gt_1_count": 0,
          "profile_delta_nonzero_count": 59128,
          "phase_field_gt_1_count": 0
        }
      }
    },
    {
      "status": "runtime_sanity",
      "case_id": "curved_theta011",
      "geometry": "curved",
      "theta_deg": 11,
      "step": 500,
      "file": "/mnt/8A0E24070E23EAC1/runs/tclb_wall_geom_diag_profile_rad011_1000_20260610/curved_theta011/output/case_VTK_P00_00000500.vti",
      "dims": [
        96,
        80,
        140
      ],
      "cell_count": 1075200,
      "nonfinite_count": 0,
      "wall_count": 121164,
      "fluid_count": 954036,
      "phase_all": {
        "count": 1075200,
        "min": 1.6253030746098074e-13,
        "p01": 8.76411987721838e-12,
        "p05": 6.929224957144227e-11,
        "mean": 0.10060230222390032,
        "p50": 1.4701524757601444e-08,
        "p95": 0.9998339527576798,
        "p99": 1.0,
        "max": 1.0
      },
      "phase_wall": {
        "count": 121164,
        "min": 3.206340589286377e-13,
        "p01": 4.268283201094337e-12,
        "p05": 3.5437037712797307e-11,
        "mean": 0.39784387795336046,
        "p50": 2.107972958850568e-07,
        "p95": 1.0,
        "p99": 1.0,
        "max": 1.0
      },
      "phase_fluid": {
        "count": 954036,
        "min": 1.6253030746098074e-13,
        "p01": 9.899139218309939e-12,
        "p05": 7.415747230052524e-11,
        "mean": 0.06285217719540633,
        "p50": 1.3599117347527241e-08,
        "p95": 0.7265185718062296,
        "p99": 0.9993734456365246,
        "max": 0.9999904868831222
      },
      "wall_phase_pred": {
        "count": 121164,
        "min": 2.0184882351466238e-13,
        "p01": 4.297470529146156e-12,
        "p05": 3.5714016234347e-11,
        "mean": 0.39934914068252947,
        "p50": 3.6506449852510005e-07,
        "p95": 1.0,
        "p99": 1.0,
        "max": 1.4156015550909258
      },
      "wall_phase_bounded_pred": {
        "count": 121164,
        "min": 2.0184882351466238e-13,
        "p01": 4.297470529146156e-12,
        "p05": 3.5714016234347e-11,
        "mean": 0.39934914068252947,
        "p50": 3.6506449852510005e-07,
        "p95": 1.0,
        "p99": 1.0,
        "max": 1.4156015550909258
      },
      "wall_clamp_delta": {
        "count": 121164,
        "min": 0.0,
        "p01": 0.0,
        "p05": 0.0,
        "mean": 0.0,
        "p50": 0.0,
        "p95": 0.0,
        "p99": 0.0,
        "max": 0.0
      },
      "wall_phase_profile_pred": {
        "count": 121164,
        "min": 3.206340589286377e-13,
        "p01": 4.268283201094337e-12,
        "p05": 3.5437037712797307e-11,
        "mean": 0.39784387795336046,
        "p50": 2.107972958850568e-07,
        "p95": 1.0,
        "p99": 1.0,
        "max": 1.0
      },
      "wall_profile_delta": {
        "count": 121164,
        "min": -0.22511729163595368,
        "p01": -1.4694929321502953e-08,
        "p05": -7.438223467411606e-09,
        "mean": 0.0015052627291690427,
        "p50": 0.0,
        "p95": 3.0580031575364566e-06,
        "p99": 0.004713019708549693,
        "max": 0.7249883337769573
      },
      "wall_pf_f": {
        "count": 121164,
        "min": 1.6253030746098074e-13,
        "p01": 2.1229820643702694e-12,
        "p05": 1.7311276308765762e-11,
        "mean": 0.3969844457733833,
        "p50": 1.0124529424498366e-07,
        "p95": 1.0,
        "p99": 1.0,
        "max": 1.0
      },
      "wall_grad_tangent": {
        "count": 121164,
        "min": 0.0,
        "p01": 0.0,
        "p05": 0.0,
        "mean": 0.00039002209285936615,
        "p50": 5.8655759259804605e-12,
        "p95": 2.8347370286622394e-06,
        "p99": 0.00194546512531537,
        "max": 0.17185154294813015
      },
      "wall_tan_coeff": {
        "count": 121164,
        "min": 5.144553966670899,
        "p01": 5.144553966670899,
        "p05": 5.144553966670899,
        "mean": 5.144553966670899,
        "p50": 5.144553966670899,
        "p95": 5.144553966670899,
        "p99": 5.144553966670899,
        "max": 5.144553966670899
      },
      "special_boundary_point": {
        "count": 121164,
        "min": 0.0,
        "p01": 0.0,
        "p05": 0.0,
        "mean": 0.006470568815819881,
        "p50": 0.0,
        "p95": 0.0,
        "p99": 0.0,
        "max": 2.0
      },
      "wall_phase_pred_gt_1_count": 220,
      "wall_phase_bounded_pred_gt_1_count": 220,
      "wall_phase_profile_pred_gt_1_count": 0,
      "wall_phase_pred_lt_0_count": 0,
      "wall_clamp_delta_nonzero_count": 0,
      "wall_profile_delta_nonzero_count": 70034,
      "wall_phase_field_gt_1_count": 0,
      "fluid_phase_field_gt_1_count": 0,
      "fluid_phase_sum": 59963.23972279667,
      "wall_phase_sum": 48204.35562834096,
      "max_velocity": 0.00016430504479669186,
      "max_mach": 0.0002845846855277507,
      "by_wall_bc_path": {
        "1": {
          "count": 47872,
          "phase_field": {
            "count": 47872,
            "min": 1.0,
            "p01": 1.0,
            "p05": 1.0,
            "mean": 1.0,
            "p50": 1.0,
            "p95": 1.0,
            "p99": 1.0,
            "max": 1.0
          },
          "wall_phase_pred": {
            "count": 47872,
            "min": 1.0,
            "p01": 1.0,
            "p05": 1.0,
            "mean": 1.0,
            "p50": 1.0,
            "p95": 1.0,
            "p99": 1.0,
            "max": 1.0
          },
          "wall_phase_bounded_pred": {
            "count": 47872,
            "min": 1.0,
            "p01": 1.0,
            "p05": 1.0,
            "mean": 1.0,
            "p50": 1.0,
            "p95": 1.0,
            "p99": 1.0,
            "max": 1.0
          },
          "wall_clamp_delta": {
            "count": 47872,
            "min": 0.0,
            "p01": 0.0,
            "p05": 0.0,
            "mean": 0.0,
            "p50": 0.0,
            "p95": 0.0,
            "p99": 0.0,
            "max": 0.0
          },
          "wall_phase_profile_pred": {
            "count": 47872,
            "min": 1.0,
            "p01": 1.0,
            "p05": 1.0,
            "mean": 1.0,
            "p50": 1.0,
            "p95": 1.0,
            "p99": 1.0,
            "max": 1.0
          },
          "wall_profile_delta": {
            "count": 47872,
            "min": 0.0,
            "p01": 0.0,
            "p05": 0.0,
            "mean": 0.0,
            "p50": 0.0,
            "p95": 0.0,
            "p99": 0.0,
            "max": 0.0
          },
          "wall_pf_f": {
            "count": 47872,
            "min": 1.0,
            "p01": 1.0,
            "p05": 1.0,
            "mean": 1.0,
            "p50": 1.0,
            "p95": 1.0,
            "p99": 1.0,
            "max": 1.0
          },
          "wall_grad_tangent": {
            "count": 47872,
            "min": 0.0,
            "p01": 0.0,
            "p05": 0.0,
            "mean": 0.0,
            "p50": 0.0,
            "p95": 0.0,
            "p99": 0.0,
            "max": 0.0
          },
          "wall_tan_coeff": {
            "count": 47872,
            "min": 5.144553966670899,
            "p01": 5.144553966670899,
            "p05": 5.144553966670899,
            "mean": 5.144553966670899,
            "p50": 5.144553966670899,
            "p95": 5.144553966670899,
            "p99": 5.144553966670899,
            "max": 5.144553966670899
          },
          "phase_pred_gt_1_count": 0,
          "phase_bounded_pred_gt_1_count": 0,
          "clamp_delta_nonzero_count": 0,
          "phase_profile_pred_gt_1_count": 0,
          "profile_delta_nonzero_count": 0,
          "phase_field_gt_1_count": 0
        },
        "4": {
          "count": 392,
          "phase_field": {
            "count": 392,
            "min": 1.0184469012776446e-11,
            "p01": 1.019777084796799e-11,
            "p05": 1.067799065152283e-11,
            "mean": 1.778481024398944e-11,
            "p50": 1.470014131373247e-11,
            "p95": 4.1413982781862864e-11,
            "p99": 4.376441844924673e-11,
            "max": 4.54651766994436e-11
          },
          "wall_phase_pred": {
            "count": 392,
            "min": 1.0184469012776446e-11,
            "p01": 1.019777084796799e-11,
            "p05": 1.067799065152283e-11,
            "mean": 1.778481024398944e-11,
            "p50": 1.470014131373247e-11,
            "p95": 4.1413982781862864e-11,
            "p99": 4.376441844924673e-11,
            "max": 4.54651766994436e-11
          },
          "wall_phase_bounded_pred": {
            "count": 392,
            "min": 1.0184469012776446e-11,
            "p01": 1.019777084796799e-11,
            "p05": 1.067799065152283e-11,
            "mean": 1.778481024398944e-11,
            "p50": 1.470014131373247e-11,
            "p95": 4.1413982781862864e-11,
            "p99": 4.376441844924673e-11,
            "max": 4.54651766994436e-11
          },
          "wall_clamp_delta": {
            "count": 392,
            "min": 0.0,
            "p01": 0.0,
            "p05": 0.0,
            "mean": 0.0,
            "p50": 0.0,
            "p95": 0.0,
            "p99": 0.0,
            "max": 0.0
          },
          "wall_phase_profile_pred": {
            "count": 392,
            "min": 1.0184469012776446e-11,
            "p01": 1.019777084796799e-11,
            "p05": 1.067799065152283e-11,
            "mean": 1.778481024398944e-11,
            "p50": 1.470014131373247e-11,
            "p95": 4.1413982781862864e-11,
            "p99": 4.376441844924673e-11,
            "max": 4.54651766994436e-11
          },
          "wall_profile_delta": {
            "count": 392,
            "min": 0.0,
            "p01": 0.0,
            "p05": 0.0,
            "mean": 0.0,
            "p50": 0.0,
            "p95": 0.0,
            "p99": 0.0,
            "max": 0.0
          },
          "wall_pf_f": {
            "count": 392,
            "min": 5.1627856364758155e-12,
            "p01": 5.162785636475816e-12,
            "p05": 5.170222788407508e-12,
            "mean": 7.03240338262553e-12,
            "p50": 6.369805432416881e-12,
            "p95": 1.1616958423781389e-11,
            "p99": 1.2102349336921473e-11,
            "max": 1.2572661211031898e-11
          },
          "wall_grad_tangent": {
            "count": 392,
            "min": 0.0,
            "p01": 0.0,
            "p05": 0.0,
            "mean": 0.0,
            "p50": 0.0,
            "p95": 0.0,
            "p99": 0.0,
            "max": 0.0
          },
          "wall_tan_coeff": {
            "count": 392,
            "min": 5.144553966670899,
            "p01": 5.144553966670899,
            "p05": 5.144553966670899,
            "mean": 5.144553966670898,
            "p50": 5.144553966670899,
            "p95": 5.144553966670899,
            "p99": 5.144553966670899,
            "max": 5.144553966670899
          },
          "phase_pred_gt_1_count": 0,
          "phase_bounded_pred_gt_1_count": 0,
          "clamp_delta_nonzero_count": 0,
          "phase_profile_pred_gt_1_count": 0,
          "profile_delta_nonzero_count": 0,
          "phase_field_gt_1_count": 0
        },
        "5": {
          "count": 72900,
          "phase_field": {
            "count": 72900,
            "min": 3.206340589286377e-13,
            "p01": 2.4783919300929173e-12,
            "p05": 1.8749656532469368e-11,
            "mean": 0.004559062117064404,
            "p50": 4.341556842152419e-09,
            "p95": 0.00010045352463678614,
            "p99": 0.07010107273235848,
            "max": 0.9909015185814294
          },
          "wall_phase_pred": {
            "count": 72900,
            "min": 2.0184882351466238e-13,
            "p01": 2.5510356592952825e-12,
            "p05": 1.8813820443968064e-11,
            "mean": 0.007060895495898941,
            "p50": 3.708970023449243e-09,
            "p95": 0.00011616341956787612,
            "p99": 0.09687340415391885,
            "max": 1.4156015550909258
          },
          "wall_phase_bounded_pred": {
            "count": 72900,
            "min": 2.0184882351466238e-13,
            "p01": 2.5510356592952825e-12,
            "p05": 1.8813820443968064e-11,
            "mean": 0.007060895495898941,
            "p50": 3.708970023449243e-09,
            "p95": 0.00011616341956787612,
            "p99": 0.09687340415391885,
            "max": 1.4156015550909258
          },
          "wall_clamp_delta": {
            "count": 72900,
            "min": 0.0,
            "p01": 0.0,
            "p05": 0.0,
            "mean": 0.0,
            "p50": 0.0,
            "p95": 0.0,
            "p99": 0.0,
            "max": 0.0
          },
          "wall_phase_profile_pred": {
            "count": 72900,
            "min": 3.206340589286377e-13,
            "p01": 2.4783919300929173e-12,
            "p05": 1.8749656532469368e-11,
            "mean": 0.004559062117064404,
            "p50": 4.341556842152419e-09,
            "p95": 0.00010045352463678614,
            "p99": 0.07010107273235848,
            "max": 0.9909015185814294
          },
          "wall_profile_delta": {
            "count": 72900,
            "min": -0.22511729163595368,
            "p01": -8.426368146982499e-06,
            "p05": -1.0336734664422436e-08,
            "mean": 0.002501833378834539,
            "p50": -1.7639026690620586e-11,
            "p95": 8.74315391593833e-06,
            "p99": 0.02384568605076316,
            "max": 0.7249883337769573
          },
          "wall_pf_f": {
            "count": 72900,
            "min": 1.6253030746098074e-13,
            "p01": 1.2192795639626086e-12,
            "p05": 9.22295810697571e-12,
            "mean": 0.00313063631938905,
            "p50": 2.098910904057728e-09,
            "p95": 4.435633698138639e-05,
            "p99": 0.031632149402145766,
            "max": 0.9822270900195939
          },
          "wall_grad_tangent": {
            "count": 72900,
            "min": 4.4125411016767904e-15,
            "p01": 2.051888281278729e-13,
            "p05": 1.3423921044025807e-12,
            "mean": 0.0006482391887409085,
            "p50": 2.5838293236483267e-10,
            "p95": 9.350036539846171e-06,
            "p99": 0.009175916315625128,
            "max": 0.17185154294813015
          },
          "wall_tan_coeff": {
            "count": 72900,
            "min": 5.144553966670899,
            "p01": 5.144553966670899,
            "p05": 5.144553966670899,
            "mean": 5.144553966670899,
            "p50": 5.144553966670899,
            "p95": 5.144553966670899,
            "p99": 5.144553966670899,
            "max": 5.144553966670899
          },
          "phase_pred_gt_1_count": 220,
          "phase_bounded_pred_gt_1_count": 220,
          "clamp_delta_nonzero_count": 0,
          "phase_profile_pred_gt_1_count": 0,
          "profile_delta_nonzero_count": 70034,
          "phase_field_gt_1_count": 0
        }
      }
    },
    {
      "status": "runtime_sanity",
      "case_id": "curved_theta011",
      "geometry": "curved",
      "theta_deg": 11,
      "step": 750,
      "file": "/mnt/8A0E24070E23EAC1/runs/tclb_wall_geom_diag_profile_rad011_1000_20260610/curved_theta011/output/case_VTK_P00_00000750.vti",
      "dims": [
        96,
        80,
        140
      ],
      "cell_count": 1075200,
      "nonfinite_count": 0,
      "wall_count": 121164,
      "fluid_count": 954036,
      "phase_all": {
        "count": 1075200,
        "min": 5.812130391994187e-12,
        "p01": 7.33973696052554e-11,
        "p05": 3.0716688305561753e-10,
        "mean": 0.10061966479081536,
        "p50": 1.5950354711594223e-08,
        "p95": 0.9998362697718428,
        "p99": 1.0,
        "max": 1.0
      },
      "phase_wall": {
        "count": 121164,
        "min": 1.1465406617082889e-11,
        "p01": 5.758792303253625e-11,
        "p05": 2.4317670791797436e-10,
        "mean": 0.3980232371742614,
        "p50": 2.522953935349191e-07,
        "p95": 1.0,
        "p99": 1.0,
        "max": 1.0
      },
      "phase_fluid": {
        "count": 954036,
        "min": 5.812130391994187e-12,
        "p01": 7.626131740720841e-11,
        "p05": 3.1346985777447635e-10,
        "mean": 0.06284896594478877,
        "p50": 1.459376074156026e-08,
        "p95": 0.7265520891242412,
        "p99": 0.9993748078401787,
        "max": 0.9999931462470982
      },
      "wall_phase_pred": {
        "count": 121164,
        "min": 6.299173608152485e-12,
        "p01": 4.6974476582890635e-11,
        "p05": 2.051155444104841e-10,
        "mean": 0.3996513604972322,
        "p50": 4.480503171484876e-07,
        "p95": 1.0,
        "p99": 1.0,
        "max": 1.4439814726218123
      },
      "wall_phase_bounded_pred": {
        "count": 121164,
        "min": 6.299173608152485e-12,
        "p01": 4.6974476582890635e-11,
        "p05": 2.051155444104841e-10,
        "mean": 0.3996513604972322,
        "p50": 4.480503171484876e-07,
        "p95": 1.0,
        "p99": 1.0,
        "max": 1.4439814726218123
      },
      "wall_clamp_delta": {
        "count": 121164,
        "min": 0.0,
        "p01": 0.0,
        "p05": 0.0,
        "mean": 0.0,
        "p50": 0.0,
        "p95": 0.0,
        "p99": 0.0,
        "max": 0.0
      },
      "wall_phase_profile_pred": {
        "count": 121164,
        "min": 1.1465406617082889e-11,
        "p01": 5.758792303253625e-11,
        "p05": 2.4317670791797436e-10,
        "mean": 0.3980232371742614,
        "p50": 2.522953935349191e-07,
        "p95": 1.0,
        "p99": 1.0,
        "max": 1.0
      },
      "wall_profile_delta": {
        "count": 121164,
        "min": -0.1592019026792843,
        "p01": -1.5382144434852992e-08,
        "p05": -9.463418443566866e-09,
        "mean": 0.0016281233229707298,
        "p50": 0.0,
        "p95": 3.3882669778070434e-06,
        "p99": 0.005450451408768638,
        "max": 0.734943706740921
      },
      "wall_pf_f": {
        "count": 121164,
        "min": 5.812130391994187e-12,
        "p01": 2.8463219861445692e-11,
        "p05": 1.1616157219821088e-10,
        "mean": 0.3971376694719412,
        "p50": 1.2489381792707029e-07,
        "p95": 1.0,
        "p99": 1.0,
        "max": 1.0
      },
      "wall_grad_tangent": {
        "count": 121164,
        "min": 0.0,
        "p01": 0.0,
        "p05": 0.0,
        "mean": 0.0004100893703581776,
        "p50": 2.1580795369152265e-11,
        "p95": 3.2479754498270475e-06,
        "p99": 0.0023152619173210072,
        "max": 0.17273480350299086
      },
      "wall_tan_coeff": {
        "count": 121164,
        "min": 5.144553966670899,
        "p01": 5.144553966670899,
        "p05": 5.144553966670899,
        "mean": 5.144553966670899,
        "p50": 5.144553966670899,
        "p95": 5.144553966670899,
        "p99": 5.144553966670899,
        "max": 5.144553966670899
      },
      "special_boundary_point": {
        "count": 121164,
        "min": 0.0,
        "p01": 0.0,
        "p05": 0.0,
        "mean": 0.006470568815819881,
        "p50": 0.0,
        "p95": 0.0,
        "p99": 0.0,
        "max": 2.0
      },
      "wall_phase_pred_gt_1_count": 228,
      "wall_phase_bounded_pred_gt_1_count": 228,
      "wall_phase_profile_pred_gt_1_count": 0,
      "wall_phase_pred_lt_0_count": 0,
      "wall_clamp_delta_nonzero_count": 0,
      "wall_profile_delta_nonzero_count": 72534,
      "wall_phase_field_gt_1_count": 0,
      "fluid_phase_field_gt_1_count": 0,
      "fluid_phase_sum": 59960.17607410249,
      "wall_phase_sum": 48226.08750898221,
      "max_velocity": 0.000172863283742153,
      "max_mach": 0.0002994079902046041,
      "by_wall_bc_path": {
        "1": {
          "count": 47872,
          "phase_field": {
            "count": 47872,
            "min": 1.0,
            "p01": 1.0,
            "p05": 1.0,
            "mean": 1.0,
            "p50": 1.0,
            "p95": 1.0,
            "p99": 1.0,
            "max": 1.0
          },
          "wall_phase_pred": {
            "count": 47872,
            "min": 1.0,
            "p01": 1.0,
            "p05": 1.0,
            "mean": 1.0,
            "p50": 1.0,
            "p95": 1.0,
            "p99": 1.0,
            "max": 1.0
          },
          "wall_phase_bounded_pred": {
            "count": 47872,
            "min": 1.0,
            "p01": 1.0,
            "p05": 1.0,
            "mean": 1.0,
            "p50": 1.0,
            "p95": 1.0,
            "p99": 1.0,
            "max": 1.0
          },
          "wall_clamp_delta": {
            "count": 47872,
            "min": 0.0,
            "p01": 0.0,
            "p05": 0.0,
            "mean": 0.0,
            "p50": 0.0,
            "p95": 0.0,
            "p99": 0.0,
            "max": 0.0
          },
          "wall_phase_profile_pred": {
            "count": 47872,
            "min": 1.0,
            "p01": 1.0,
            "p05": 1.0,
            "mean": 1.0,
            "p50": 1.0,
            "p95": 1.0,
            "p99": 1.0,
            "max": 1.0
          },
          "wall_profile_delta": {
            "count": 47872,
            "min": 0.0,
            "p01": 0.0,
            "p05": 0.0,
            "mean": 0.0,
            "p50": 0.0,
            "p95": 0.0,
            "p99": 0.0,
            "max": 0.0
          },
          "wall_pf_f": {
            "count": 47872,
            "min": 1.0,
            "p01": 1.0,
            "p05": 1.0,
            "mean": 1.0,
            "p50": 1.0,
            "p95": 1.0,
            "p99": 1.0,
            "max": 1.0
          },
          "wall_grad_tangent": {
            "count": 47872,
            "min": 0.0,
            "p01": 0.0,
            "p05": 0.0,
            "mean": 0.0,
            "p50": 0.0,
            "p95": 0.0,
            "p99": 0.0,
            "max": 0.0
          },
          "wall_tan_coeff": {
            "count": 47872,
            "min": 5.144553966670899,
            "p01": 5.144553966670899,
            "p05": 5.144553966670899,
            "mean": 5.144553966670899,
            "p50": 5.144553966670899,
            "p95": 5.144553966670899,
            "p99": 5.144553966670899,
            "max": 5.144553966670899
          },
          "phase_pred_gt_1_count": 0,
          "phase_bounded_pred_gt_1_count": 0,
          "clamp_delta_nonzero_count": 0,
          "phase_profile_pred_gt_1_count": 0,
          "profile_delta_nonzero_count": 0,
          "phase_field_gt_1_count": 0
        },
        "4": {
          "count": 392,
          "phase_field": {
            "count": 392,
            "min": 1.0310191043898572e-10,
            "p01": 1.0407759892729139e-10,
            "p05": 1.0649930088563964e-10,
            "mean": 1.5686745973696885e-10,
            "p50": 1.334001433146483e-10,
            "p95": 3.0557864918662847e-10,
            "p99": 3.1785515535457444e-10,
            "max": 3.249461327269914e-10
          },
          "wall_phase_pred": {
            "count": 392,
            "min": 1.0310191043898572e-10,
            "p01": 1.0407759892729139e-10,
            "p05": 1.0649930088563964e-10,
            "mean": 1.5686745973696885e-10,
            "p50": 1.334001433146483e-10,
            "p95": 3.0557864918662847e-10,
            "p99": 3.1785515535457444e-10,
            "max": 3.249461327269914e-10
          },
          "wall_phase_bounded_pred": {
            "count": 392,
            "min": 1.0310191043898572e-10,
            "p01": 1.0407759892729139e-10,
            "p05": 1.0649930088563964e-10,
            "mean": 1.5686745973696885e-10,
            "p50": 1.334001433146483e-10,
            "p95": 3.0557864918662847e-10,
            "p99": 3.1785515535457444e-10,
            "max": 3.249461327269914e-10
          },
          "wall_clamp_delta": {
            "count": 392,
            "min": 0.0,
            "p01": 0.0,
            "p05": 0.0,
            "mean": 0.0,
            "p50": 0.0,
            "p95": 0.0,
            "p99": 0.0,
            "max": 0.0
          },
          "wall_phase_profile_pred": {
            "count": 392,
            "min": 1.0310191043898572e-10,
            "p01": 1.0407759892729139e-10,
            "p05": 1.0649930088563964e-10,
            "mean": 1.5686745973696885e-10,
            "p50": 1.334001433146483e-10,
            "p95": 3.0557864918662847e-10,
            "p99": 3.1785515535457444e-10,
            "max": 3.249461327269914e-10
          },
          "wall_profile_delta": {
            "count": 392,
            "min": 0.0,
            "p01": 0.0,
            "p05": 0.0,
            "mean": 0.0,
            "p50": 0.0,
            "p95": 0.0,
            "p99": 0.0,
            "max": 0.0
          },
          "wall_pf_f": {
            "count": 392,
            "min": 5.2264613225718334e-11,
            "p01": 5.2264613225718664e-11,
            "p05": 5.281394812110974e-11,
            "mean": 6.259699526864488e-11,
            "p50": 5.941306923436752e-11,
            "p95": 8.550868735542888e-11,
            "p99": 8.789767269508127e-11,
            "max": 8.985859755267798e-11
          },
          "wall_grad_tangent": {
            "count": 392,
            "min": 0.0,
            "p01": 0.0,
            "p05": 0.0,
            "mean": 0.0,
            "p50": 0.0,
            "p95": 0.0,
            "p99": 0.0,
            "max": 0.0
          },
          "wall_tan_coeff": {
            "count": 392,
            "min": 5.144553966670899,
            "p01": 5.144553966670899,
            "p05": 5.144553966670899,
            "mean": 5.144553966670898,
            "p50": 5.144553966670899,
            "p95": 5.144553966670899,
            "p99": 5.144553966670899,
            "max": 5.144553966670899
          },
          "phase_pred_gt_1_count": 0,
          "phase_bounded_pred_gt_1_count": 0,
          "clamp_delta_nonzero_count": 0,
          "phase_profile_pred_gt_1_count": 0,
          "profile_delta_nonzero_count": 0,
          "phase_field_gt_1_count": 0
        },
        "5": {
          "count": 72900,
          "phase_field": {
            "count": 72900,
            "min": 1.1465406617082889e-11,
            "p01": 4.097418458032598e-11,
            "p05": 1.5795940117248158e-10,
            "mean": 0.004857167474906979,
            "p50": 7.793147933670187e-09,
            "p95": 0.00012019740636575854,
            "p99": 0.07842306145839174,
            "max": 0.9932339532089971
          },
          "wall_phase_pred": {
            "count": 72900,
            "min": 6.299173608152485e-12,
            "p01": 3.365465799909995e-11,
            "p05": 1.3120957365627976e-10,
            "mean": 0.007563202239028044,
            "p50": 5.977772058330228e-09,
            "p95": 0.00012957774060398861,
            "p99": 0.12105872747984749,
            "max": 1.4439814726218123
          },
          "wall_phase_bounded_pred": {
            "count": 72900,
            "min": 6.299173608152485e-12,
            "p01": 3.365465799909995e-11,
            "p05": 1.3120957365627976e-10,
            "mean": 0.007563202239028044,
            "p50": 5.977772058330228e-09,
            "p95": 0.00012957774060398861,
            "p99": 0.12105872747984749,
            "max": 1.4439814726218123
          },
          "wall_clamp_delta": {
            "count": 72900,
            "min": 0.0,
            "p01": 0.0,
            "p05": 0.0,
            "mean": 0.0,
            "p50": 0.0,
            "p95": 0.0,
            "p99": 0.0,
            "max": 0.0
          },
          "wall_phase_profile_pred": {
            "count": 72900,
            "min": 1.1465406617082889e-11,
            "p01": 4.097418458032598e-11,
            "p05": 1.5795940117248158e-10,
            "mean": 0.004857167474906979,
            "p50": 7.793147933670187e-09,
            "p95": 0.00012019740636575854,
            "p99": 0.07842306145839174,
            "max": 0.9932339532089971
          },
          "wall_profile_delta": {
            "count": 72900,
            "min": -0.1592019026792843,
            "p01": -9.237851999432815e-06,
            "p05": -1.1860842032569737e-08,
            "mean": 0.002706034764121063,
            "p50": -2.6085915758537495e-10,
            "p95": 1.6557933481923884e-05,
            "p99": 0.028103088132221874,
            "max": 0.734943706740921
          },
          "wall_pf_f": {
            "count": 72900,
            "min": 5.812130391994187e-12,
            "p01": 1.999996213407698e-11,
            "p05": 7.773556741786355e-11,
            "mean": 0.0033853029337961127,
            "p50": 3.739341721924128e-09,
            "p95": 5.2951713487424126e-05,
            "p99": 0.03540217916325311,
            "max": 0.9867501003768854
          },
          "wall_grad_tangent": {
            "count": 72900,
            "min": 5.4658680573223425e-14,
            "p01": 1.7650497441724002e-12,
            "p05": 6.133505508705847e-12,
            "mean": 0.0006815921600833777,
            "p50": 3.1636859809474536e-10,
            "p95": 9.728181805305071e-06,
            "p99": 0.011800635247257593,
            "max": 0.17273480350299086
          },
          "wall_tan_coeff": {
            "count": 72900,
            "min": 5.144553966670899,
            "p01": 5.144553966670899,
            "p05": 5.144553966670899,
            "mean": 5.144553966670899,
            "p50": 5.144553966670899,
            "p95": 5.144553966670899,
            "p99": 5.144553966670899,
            "max": 5.144553966670899
          },
          "phase_pred_gt_1_count": 228,
          "phase_bounded_pred_gt_1_count": 228,
          "clamp_delta_nonzero_count": 0,
          "phase_profile_pred_gt_1_count": 0,
          "profile_delta_nonzero_count": 72534,
          "phase_field_gt_1_count": 0
        }
      }
    },
    {
      "status": "runtime_sanity",
      "case_id": "curved_theta011",
      "geometry": "curved",
      "theta_deg": 11,
      "step": 1000,
      "file": "/mnt/8A0E24070E23EAC1/runs/tclb_wall_geom_diag_profile_rad011_1000_20260610/curved_theta011/output/case_VTK_P00_00001000.vti",
      "dims": [
        96,
        80,
        140
      ],
      "cell_count": 1075200,
      "nonfinite_count": 0,
      "wall_count": 121164,
      "fluid_count": 954036,
      "phase_all": {
        "count": 1075200,
        "min": 3.9607608460891526e-11,
        "p01": 2.402467461752588e-10,
        "p05": 7.358343315946653e-10,
        "mean": 0.10063573543843184,
        "p50": 1.745405213086495e-08,
        "p95": 0.9998377439161067,
        "p99": 1.0,
        "max": 1.0
      },
      "phase_wall": {
        "count": 121164,
        "min": 7.813350807367845e-11,
        "p01": 2.418535469035213e-10,
        "p05": 7.347954302821235e-10,
        "mean": 0.3981875062984123,
        "p50": 3.1463293297916305e-07,
        "p95": 1.0,
        "p99": 1.0,
        "max": 1.0
      },
      "phase_fluid": {
        "count": 954036,
        "min": 3.9607608460891526e-11,
        "p01": 2.4000948146126965e-10,
        "p05": 7.358657503159619e-10,
        "mean": 0.06284621516406198,
        "p50": 1.5343674623519223e-08,
        "p95": 0.7283205264233985,
        "p99": 0.9993755654699412,
        "max": 0.9999952127522351
      },
      "wall_phase_pred": {
        "count": 121164,
        "min": 4.1285721260122355e-11,
        "p01": 1.746039725999143e-10,
        "p05": 5.550118739456407e-10,
        "mean": 0.39991045924158236,
        "p50": 5.228102138714607e-07,
        "p95": 1.0,
        "p99": 1.0,
        "max": 1.467514037197247
      },
      "wall_phase_bounded_pred": {
        "count": 121164,
        "min": 4.1285721260122355e-11,
        "p01": 1.746039725999143e-10,
        "p05": 5.550118739456407e-10,
        "mean": 0.39991045924158236,
        "p50": 5.228102138714607e-07,
        "p95": 1.0,
        "p99": 1.0,
        "max": 1.467514037197247
      },
      "wall_clamp_delta": {
        "count": 121164,
        "min": 0.0,
        "p01": 0.0,
        "p05": 0.0,
        "mean": 0.0,
        "p50": 0.0,
        "p95": 0.0,
        "p99": 0.0,
        "max": 0.0
      },
      "wall_phase_profile_pred": {
        "count": 121164,
        "min": 7.813350807367845e-11,
        "p01": 2.418535469035213e-10,
        "p05": 7.347954302821235e-10,
        "mean": 0.3981875062984123,
        "p50": 3.1463293297916305e-07,
        "p95": 1.0,
        "p99": 1.0,
        "max": 1.0
      },
      "wall_profile_delta": {
        "count": 121164,
        "min": -0.12385428463319192,
        "p01": -1.5576934075322574e-08,
        "p05": -1.085275356927328e-08,
        "mean": 0.0017229529431699712,
        "p50": 0.0,
        "p95": 3.8036164978632696e-06,
        "p99": 0.006324549959687371,
        "max": 0.7319145871504058
      },
      "wall_pf_f": {
        "count": 121164,
        "min": 3.9607608460891526e-11,
        "p01": 1.1911574355009457e-10,
        "p05": 3.5173699318047363e-10,
        "mean": 0.3972672212863983,
        "p50": 1.5242979069898363e-07,
        "p95": 1.0,
        "p99": 1.0,
        "max": 1.0
      },
      "wall_grad_tangent": {
        "count": 121164,
        "min": 0.0,
        "p01": 0.0,
        "p05": 0.0,
        "mean": 0.00042759249117951787,
        "p50": 4.2444468442472505e-11,
        "p95": 3.7057013572958166e-06,
        "p99": 0.0027017469312196197,
        "max": 0.17185062964679973
      },
      "wall_tan_coeff": {
        "count": 121164,
        "min": 5.144553966670899,
        "p01": 5.144553966670899,
        "p05": 5.144553966670899,
        "mean": 5.144553966670899,
        "p50": 5.144553966670899,
        "p95": 5.144553966670899,
        "p99": 5.144553966670899,
        "max": 5.144553966670899
      },
      "special_boundary_point": {
        "count": 121164,
        "min": 0.0,
        "p01": 0.0,
        "p05": 0.0,
        "mean": 0.006470568815819881,
        "p50": 0.0,
        "p95": 0.0,
        "p99": 0.0,
        "max": 2.0
      },
      "wall_phase_pred_gt_1_count": 272,
      "wall_phase_bounded_pred_gt_1_count": 272,
      "wall_phase_profile_pred_gt_1_count": 0,
      "wall_phase_pred_lt_0_count": 0,
      "wall_clamp_delta_nonzero_count": 0,
      "wall_profile_delta_nonzero_count": 72900,
      "wall_phase_field_gt_1_count": 0,
      "fluid_phase_field_gt_1_count": 0,
      "fluid_phase_sum": 59957.55173026104,
      "wall_phase_sum": 48245.99101314083,
      "max_velocity": 0.00017807486914441886,
      "max_mach": 0.00030843472090931283,
      "by_wall_bc_path": {
        "1": {
          "count": 47872,
          "phase_field": {
            "count": 47872,
            "min": 1.0,
            "p01": 1.0,
            "p05": 1.0,
            "mean": 1.0,
            "p50": 1.0,
            "p95": 1.0,
            "p99": 1.0,
            "max": 1.0
          },
          "wall_phase_pred": {
            "count": 47872,
            "min": 1.0,
            "p01": 1.0,
            "p05": 1.0,
            "mean": 1.0,
            "p50": 1.0,
            "p95": 1.0,
            "p99": 1.0,
            "max": 1.0
          },
          "wall_phase_bounded_pred": {
            "count": 47872,
            "min": 1.0,
            "p01": 1.0,
            "p05": 1.0,
            "mean": 1.0,
            "p50": 1.0,
            "p95": 1.0,
            "p99": 1.0,
            "max": 1.0
          },
          "wall_clamp_delta": {
            "count": 47872,
            "min": 0.0,
            "p01": 0.0,
            "p05": 0.0,
            "mean": 0.0,
            "p50": 0.0,
            "p95": 0.0,
            "p99": 0.0,
            "max": 0.0
          },
          "wall_phase_profile_pred": {
            "count": 47872,
            "min": 1.0,
            "p01": 1.0,
            "p05": 1.0,
            "mean": 1.0,
            "p50": 1.0,
            "p95": 1.0,
            "p99": 1.0,
            "max": 1.0
          },
          "wall_profile_delta": {
            "count": 47872,
            "min": 0.0,
            "p01": 0.0,
            "p05": 0.0,
            "mean": 0.0,
            "p50": 0.0,
            "p95": 0.0,
            "p99": 0.0,
            "max": 0.0
          },
          "wall_pf_f": {
            "count": 47872,
            "min": 1.0,
            "p01": 1.0,
            "p05": 1.0,
            "mean": 1.0,
            "p50": 1.0,
            "p95": 1.0,
            "p99": 1.0,
            "max": 1.0
          },
          "wall_grad_tangent": {
            "count": 47872,
            "min": 0.0,
            "p01": 0.0,
            "p05": 0.0,
            "mean": 0.0,
            "p50": 0.0,
            "p95": 0.0,
            "p99": 0.0,
            "max": 0.0
          },
          "wall_tan_coeff": {
            "count": 47872,
            "min": 5.144553966670899,
            "p01": 5.144553966670899,
            "p05": 5.144553966670899,
            "mean": 5.144553966670899,
            "p50": 5.144553966670899,
            "p95": 5.144553966670899,
            "p99": 5.144553966670899,
            "max": 5.144553966670899
          },
          "phase_pred_gt_1_count": 0,
          "phase_bounded_pred_gt_1_count": 0,
          "clamp_delta_nonzero_count": 0,
          "phase_profile_pred_gt_1_count": 0,
          "profile_delta_nonzero_count": 0,
          "phase_field_gt_1_count": 0
        },
        "4": {
          "count": 392,
          "phase_field": {
            "count": 392,
            "min": 4.020257755792447e-10,
            "p01": 4.08634863626679e-10,
            "p05": 4.1349499781154943e-10,
            "mean": 5.792738520498555e-10,
            "p50": 4.849193045235079e-10,
            "p95": 1.027229999289611e-09,
            "p99": 1.063849432012595e-09,
            "max": 1.0796628171638931e-09
          },
          "wall_phase_pred": {
            "count": 392,
            "min": 4.020257755792447e-10,
            "p01": 4.08634863626679e-10,
            "p05": 4.1349499781154943e-10,
            "mean": 5.792738520498555e-10,
            "p50": 4.849193045235079e-10,
            "p95": 1.027229999289611e-09,
            "p99": 1.063849432012595e-09,
            "max": 1.0796628171638931e-09
          },
          "wall_phase_bounded_pred": {
            "count": 392,
            "min": 4.020257755792447e-10,
            "p01": 4.08634863626679e-10,
            "p05": 4.1349499781154943e-10,
            "mean": 5.792738520498555e-10,
            "p50": 4.849193045235079e-10,
            "p95": 1.027229999289611e-09,
            "p99": 1.063849432012595e-09,
            "max": 1.0796628171638931e-09
          },
          "wall_clamp_delta": {
            "count": 392,
            "min": 0.0,
            "p01": 0.0,
            "p05": 0.0,
            "mean": 0.0,
            "p50": 0.0,
            "p95": 0.0,
            "p99": 0.0,
            "max": 0.0
          },
          "wall_phase_profile_pred": {
            "count": 392,
            "min": 4.020257755792447e-10,
            "p01": 4.08634863626679e-10,
            "p05": 4.1349499781154943e-10,
            "mean": 5.792738520498555e-10,
            "p50": 4.849193045235079e-10,
            "p95": 1.027229999289611e-09,
            "p99": 1.063849432012595e-09,
            "max": 1.0796628171638931e-09
          },
          "wall_profile_delta": {
            "count": 392,
            "min": 0.0,
            "p01": 0.0,
            "p05": 0.0,
            "mean": 0.0,
            "p50": 0.0,
            "p95": 0.0,
            "p99": 0.0,
            "max": 0.0
          },
          "wall_pf_f": {
            "count": 392,
            "min": 2.0379549761197364e-10,
            "p01": 2.0379549761197517e-10,
            "p05": 2.0868277661435642e-10,
            "mean": 2.3208069319200107e-10,
            "p50": 2.2391017797421967e-10,
            "p95": 2.883482516586981e-10,
            "p99": 2.9419030697292167e-10,
            "max": 2.98563224858624e-10
          },
          "wall_grad_tangent": {
            "count": 392,
            "min": 0.0,
            "p01": 0.0,
            "p05": 0.0,
            "mean": 0.0,
            "p50": 0.0,
            "p95": 0.0,
            "p99": 0.0,
            "max": 0.0
          },
          "wall_tan_coeff": {
            "count": 392,
            "min": 5.144553966670899,
            "p01": 5.144553966670899,
            "p05": 5.144553966670899,
            "mean": 5.144553966670898,
            "p50": 5.144553966670899,
            "p95": 5.144553966670899,
            "p99": 5.144553966670899,
            "max": 5.144553966670899
          },
          "phase_pred_gt_1_count": 0,
          "phase_bounded_pred_gt_1_count": 0,
          "clamp_delta_nonzero_count": 0,
          "phase_profile_pred_gt_1_count": 0,
          "profile_delta_nonzero_count": 0,
          "phase_field_gt_1_count": 0
        },
        "5": {
          "count": 72900,
          "phase_field": {
            "count": 72900,
            "min": 7.813350807367845e-11,
            "p01": 1.8935753637442103e-10,
            "p05": 5.230286697096155e-10,
            "mean": 0.0051301922210392585,
            "p50": 1.088804963126848e-08,
            "p95": 0.00013878845866914833,
            "p99": 0.08905529729978211,
            "max": 0.9944419167998118
          },
          "wall_phase_pred": {
            "count": 72900,
            "min": 4.1285721260122355e-11,
            "p01": 1.36295845877463e-10,
            "p05": 3.8567698090886966e-10,
            "mean": 0.007993839277366369,
            "p50": 7.778959486173138e-09,
            "p95": 0.0001372995550147091,
            "p99": 0.14506688889513708,
            "max": 1.467514037197247
          },
          "wall_phase_bounded_pred": {
            "count": 72900,
            "min": 4.1285721260122355e-11,
            "p01": 1.36295845877463e-10,
            "p05": 3.8567698090886966e-10,
            "mean": 0.007993839277366369,
            "p50": 7.778959486173138e-09,
            "p95": 0.0001372995550147091,
            "p99": 0.14506688889513708,
            "max": 1.467514037197247
          },
          "wall_clamp_delta": {
            "count": 72900,
            "min": 0.0,
            "p01": 0.0,
            "p05": 0.0,
            "mean": 0.0,
            "p50": 0.0,
            "p95": 0.0,
            "p99": 0.0,
            "max": 0.0
          },
          "wall_phase_profile_pred": {
            "count": 72900,
            "min": 7.813350807367845e-11,
            "p01": 1.8935753637442103e-10,
            "p05": 5.230286697096155e-10,
            "mean": 0.0051301922210392585,
            "p50": 1.088804963126848e-08,
            "p95": 0.00013878845866914833,
            "p99": 0.08905529729978211,
            "max": 0.9944419167998118
          },
          "wall_profile_delta": {
            "count": 72900,
            "min": -0.12385428463319192,
            "p01": -8.394101735934282e-06,
            "p05": -1.2890804134799826e-08,
            "mean": 0.002863647056327112,
            "p50": -7.199910482079999e-10,
            "p95": 2.7814781091698125e-05,
            "p99": 0.03700555813775296,
            "max": 0.7319145871504058
          },
          "wall_pf_f": {
            "count": 72900,
            "min": 3.9607608460891526e-11,
            "p01": 9.362872070293929e-11,
            "p05": 2.5903889107632564e-10,
            "mean": 0.0036006255124029674,
            "p50": 5.264542300645749e-09,
            "p95": 6.096259532951679e-05,
            "p99": 0.040444605699740524,
            "max": 0.9891014718212809
          },
          "wall_grad_tangent": {
            "count": 72900,
            "min": 1.3073983546431749e-14,
            "p01": 4.982391063785364e-12,
            "p05": 1.4283931886207685e-11,
            "mean": 0.0007106833552986983,
            "p50": 3.333884394969708e-10,
            "p95": 1.0572480065501648e-05,
            "p99": 0.013542488650844621,
            "max": 0.17185062964679973
          },
          "wall_tan_coeff": {
            "count": 72900,
            "min": 5.144553966670899,
            "p01": 5.144553966670899,
            "p05": 5.144553966670899,
            "mean": 5.144553966670899,
            "p50": 5.144553966670899,
            "p95": 5.144553966670899,
            "p99": 5.144553966670899,
            "max": 5.144553966670899
          },
          "phase_pred_gt_1_count": 272,
          "phase_bounded_pred_gt_1_count": 272,
          "clamp_delta_nonzero_count": 0,
          "phase_profile_pred_gt_1_count": 0,
          "profile_delta_nonzero_count": 72900,
          "phase_field_gt_1_count": 0
        }
      }
    },
    {
      "status": "runtime_sanity",
      "case_id": "flat_theta011",
      "geometry": "flat",
      "theta_deg": 11,
      "step": 0,
      "file": "/mnt/8A0E24070E23EAC1/runs/tclb_wall_geom_diag_profile_rad011_1000_20260610/flat_theta011/output/case_VTK_P00_00000000.vti",
      "dims": [
        96,
        80,
        80
      ],
      "cell_count": 614400,
      "nonfinite_count": 0,
      "wall_count": 42504,
      "fluid_count": 571896,
      "phase_all": {
        "count": 614400,
        "min": -0.0,
        "p01": 0.0,
        "p05": 0.0,
        "mean": 0.04918106901599803,
        "p50": 5.672882164020621e-10,
        "p95": 0.42907045744080524,
        "p99": 0.9985097391815883,
        "max": 0.9999998276766102
      },
      "phase_wall": {
        "count": 42504,
        "min": -0.0,
        "p01": 0.0,
        "p05": 0.0,
        "mean": 0.046578378520527285,
        "p50": 2.080884252066382e-12,
        "p95": 0.3422598049770256,
        "p99": 0.9998613435259958,
        "max": 0.9999998276766102
      },
      "phase_fluid": {
        "count": 571896,
        "min": 0.0,
        "p01": 0.0,
        "p05": 0.0,
        "mean": 0.04937450411052482,
        "p50": 8.125315975604508e-10,
        "p95": 0.43577398093068637,
        "p99": 0.9982065980247974,
        "max": 0.9999996600470951
      },
      "wall_phase_pred": {
        "count": 42504,
        "min": 0.0,
        "p01": 0.0,
        "p05": 0.0,
        "mean": 0.06119966924887849,
        "p50": 2.9268452980578974e-12,
        "p95": 0.788585837873169,
        "p99": 1.2756681191273564,
        "max": 1.4129921878921676
      },
      "wall_phase_bounded_pred": {
        "count": 42504,
        "min": 0.0,
        "p01": 0.0,
        "p05": 0.0,
        "mean": 0.06119966924887849,
        "p50": 2.9268452980578974e-12,
        "p95": 0.788585837873169,
        "p99": 1.2756681191273564,
        "max": 1.4129921878921676
      },
      "wall_clamp_delta": {
        "count": 42504,
        "min": 0.0,
        "p01": 0.0,
        "p05": 0.0,
        "mean": 0.0,
        "p50": 0.0,
        "p95": 0.0,
        "p99": 0.0,
        "max": 0.0
      },
      "wall_phase_profile_pred": {
        "count": 42504,
        "min": -0.0,
        "p01": 0.0,
        "p05": 0.0,
        "mean": 0.04657837852052729,
        "p50": 2.0808842520663827e-12,
        "p95": 0.3422598049770256,
        "p99": 0.9998613435259958,
        "max": 0.99999982767661
      },
      "wall_profile_delta": {
        "count": 42504,
        "min": -8.276350442750536e-05,
        "p01": -1.6807187193304094e-05,
        "p05": -1.3827341506590368e-09,
        "mean": 0.014621290728351197,
        "p50": 1.683258497320871e-14,
        "p95": 0.025143498364872095,
        "p99": 0.5502862066544731,
        "max": 0.6804257682511398
      },
      "wall_pf_f": {
        "count": 42504,
        "min": 0.0,
        "p01": 0.0,
        "p05": 0.0,
        "mean": 0.04295537730271043,
        "p50": 1.0442757769624222e-12,
        "p95": 0.21126780767471187,
        "p99": 0.9997265148262495,
        "max": 0.9999996600470948
      },
      "wall_grad_tangent": {
        "count": 42504,
        "min": 0.0,
        "p01": 0.0,
        "p05": 0.0,
        "mean": 0.0035463278980999457,
        "p50": 3.6392940370296706e-13,
        "p95": 0.006035733733855215,
        "p99": 0.13371339809595614,
        "max": 0.16354169919183095
      },
      "wall_tan_coeff": {
        "count": 42504,
        "min": 5.144553966670899,
        "p01": 5.144553966670899,
        "p05": 5.144553966670899,
        "mean": 5.144553966670899,
        "p50": 5.144553966670899,
        "p95": 5.144553966670899,
        "p99": 5.144553966670899,
        "max": 5.144553966670899
      },
      "special_boundary_point": {
        "count": 42504,
        "min": 0.0,
        "p01": 0.0,
        "p05": 0.0,
        "mean": 0.0,
        "p50": 0.0,
        "p95": 0.0,
        "p99": 0.0,
        "max": 0.0
      },
      "wall_phase_pred_gt_1_count": 2000,
      "wall_phase_bounded_pred_gt_1_count": 2000,
      "wall_phase_profile_pred_gt_1_count": 0,
      "wall_phase_pred_lt_0_count": 0,
      "wall_clamp_delta_nonzero_count": 0,
      "wall_profile_delta_nonzero_count": 20574,
      "wall_phase_field_gt_1_count": 0,
      "fluid_phase_field_gt_1_count": 0,
      "fluid_phase_sum": 28237.0814027927,
      "wall_phase_sum": 1979.7674006364916,
      "max_velocity": 0.0,
      "max_mach": 0.0,
      "by_wall_bc_path": {
        "5": {
          "count": 42504,
          "phase_field": {
            "count": 42504,
            "min": -0.0,
            "p01": 0.0,
            "p05": 0.0,
            "mean": 0.046578378520527285,
            "p50": 2.080884252066382e-12,
            "p95": 0.3422598049770256,
            "p99": 0.9998613435259958,
            "max": 0.9999998276766102
          },
          "wall_phase_pred": {
            "count": 42504,
            "min": 0.0,
            "p01": 0.0,
            "p05": 0.0,
            "mean": 0.06119966924887849,
            "p50": 2.9268452980578974e-12,
            "p95": 0.788585837873169,
            "p99": 1.2756681191273564,
            "max": 1.4129921878921676
          },
          "wall_phase_bounded_pred": {
            "count": 42504,
            "min": 0.0,
            "p01": 0.0,
            "p05": 0.0,
            "mean": 0.06119966924887849,
            "p50": 2.9268452980578974e-12,
            "p95": 0.788585837873169,
            "p99": 1.2756681191273564,
            "max": 1.4129921878921676
          },
          "wall_clamp_delta": {
            "count": 42504,
            "min": 0.0,
            "p01": 0.0,
            "p05": 0.0,
            "mean": 0.0,
            "p50": 0.0,
            "p95": 0.0,
            "p99": 0.0,
            "max": 0.0
          },
          "wall_phase_profile_pred": {
            "count": 42504,
            "min": -0.0,
            "p01": 0.0,
            "p05": 0.0,
            "mean": 0.04657837852052729,
            "p50": 2.0808842520663827e-12,
            "p95": 0.3422598049770256,
            "p99": 0.9998613435259958,
            "max": 0.99999982767661
          },
          "wall_profile_delta": {
            "count": 42504,
            "min": -8.276350442750536e-05,
            "p01": -1.6807187193304094e-05,
            "p05": -1.3827341506590368e-09,
            "mean": 0.014621290728351197,
            "p50": 1.683258497320871e-14,
            "p95": 0.025143498364872095,
            "p99": 0.5502862066544731,
            "max": 0.6804257682511398
          },
          "wall_pf_f": {
            "count": 42504,
            "min": 0.0,
            "p01": 0.0,
            "p05": 0.0,
            "mean": 0.04295537730271043,
            "p50": 1.0442757769624222e-12,
            "p95": 0.21126780767471187,
            "p99": 0.9997265148262495,
            "max": 0.9999996600470948
          },
          "wall_grad_tangent": {
            "count": 42504,
            "min": 0.0,
            "p01": 0.0,
            "p05": 0.0,
            "mean": 0.0035463278980999457,
            "p50": 3.6392940370296706e-13,
            "p95": 0.006035733733855215,
            "p99": 0.13371339809595614,
            "max": 0.16354169919183095
          },
          "wall_tan_coeff": {
            "count": 42504,
            "min": 5.144553966670899,
            "p01": 5.144553966670899,
            "p05": 5.144553966670899,
            "mean": 5.144553966670899,
            "p50": 5.144553966670899,
            "p95": 5.144553966670899,
            "p99": 5.144553966670899,
            "max": 5.144553966670899
          },
          "phase_pred_gt_1_count": 2000,
          "phase_bounded_pred_gt_1_count": 2000,
          "clamp_delta_nonzero_count": 0,
          "phase_profile_pred_gt_1_count": 0,
          "profile_delta_nonzero_count": 20574,
          "phase_field_gt_1_count": 0
        }
      }
    },
    {
      "status": "runtime_sanity",
      "case_id": "flat_theta011",
      "geometry": "flat",
      "theta_deg": 11,
      "step": 250,
      "file": "/mnt/8A0E24070E23EAC1/runs/tclb_wall_geom_diag_profile_rad011_1000_20260610/flat_theta011/output/case_VTK_P00_00000250.vti",
      "dims": [
        96,
        80,
        80
      ],
      "cell_count": 614400,
      "nonfinite_count": 0,
      "wall_count": 42504,
      "fluid_count": 571896,
      "phase_all": {
        "count": 614400,
        "min": -5.113405511865675e-17,
        "p01": 5.496992469734619e-16,
        "p05": 4.7749209849239816e-14,
        "mean": 0.049324766423403436,
        "p50": 6.335366456042129e-09,
        "p95": 0.4306755673359917,
        "p99": 0.998634533501236,
        "max": 0.9999960225864769
      },
      "phase_wall": {
        "count": 42504,
        "min": -5.113405511865675e-17,
        "p01": -1.119381062290665e-17,
        "p05": 1.1469734036288217e-15,
        "mean": 0.04938428128598544,
        "p50": 1.6628602049115067e-09,
        "p95": 0.4553720810883549,
        "p99": 0.9998571843099321,
        "max": 0.9999960225864769
      },
      "phase_fluid": {
        "count": 571896,
        "min": 1.0598473912016335e-18,
        "p01": 9.439097887464827e-16,
        "p05": 7.552858292977534e-14,
        "mean": 0.0493203432070858,
        "p50": 6.695726506508405e-09,
        "p95": 0.4302814734547401,
        "p99": 0.9983909791231643,
        "max": 0.9999921538115276
      },
      "wall_phase_pred": {
        "count": 42504,
        "min": 2.150779344494277e-18,
        "p01": 4.897824103188502e-17,
        "p05": 1.6810211810390346e-15,
        "mean": 0.06387095638449582,
        "p50": 1.738901424535754e-09,
        "p95": 0.9237083432248904,
        "p99": 1.1972846710614016,
        "max": 1.2731221824097352
      },
      "wall_phase_bounded_pred": {
        "count": 42504,
        "min": 2.150779344494277e-18,
        "p01": 4.897824103188502e-17,
        "p05": 1.6810211810390346e-15,
        "mean": 0.06387095638449582,
        "p50": 1.738901424535754e-09,
        "p95": 0.9237083432248904,
        "p99": 1.1972846710614016,
        "max": 1.2731221824097352
      },
      "wall_clamp_delta": {
        "count": 42504,
        "min": 0.0,
        "p01": 0.0,
        "p05": 0.0,
        "mean": 0.0,
        "p50": 0.0,
        "p95": 0.0,
        "p99": 0.0,
        "max": 0.0
      },
      "wall_phase_profile_pred": {
        "count": 42504,
        "min": -5.113405511865675e-17,
        "p01": -1.119381062290665e-17,
        "p05": 1.1469734036288217e-15,
        "mean": 0.04938428128598544,
        "p50": 1.6628602049115067e-09,
        "p95": 0.4553720810883549,
        "p99": 0.9998571843099321,
        "max": 0.9999960225864769
      },
      "wall_profile_delta": {
        "count": 42504,
        "min": -0.0004959813521924392,
        "p01": -1.2343422927458273e-08,
        "p05": -5.614971113042014e-09,
        "mean": 0.014486675098510378,
        "p50": 1.88417351230245e-12,
        "p95": 0.04668084096910637,
        "p99": 0.47059092923723594,
        "max": 0.538758822036186
      },
      "wall_pf_f": {
        "count": 42504,
        "min": 1.0598473912016335e-18,
        "p01": 1.7370314657888603e-17,
        "p05": 5.912973311283629e-16,
        "mean": 0.04502590175393583,
        "p50": 8.266730399129783e-10,
        "p95": 0.3014429474494082,
        "p99": 0.9997183124904386,
        "max": 0.9999921538115276
      },
      "wall_grad_tangent": {
        "count": 42504,
        "min": 1.4625694567836254e-19,
        "p01": 5.684060808045574e-18,
        "p05": 2.0135503307887258e-16,
        "mean": 0.0036630543659191017,
        "p50": 1.717804970631252e-10,
        "p95": 0.012142805364162316,
        "p99": 0.12095625918896168,
        "max": 0.13618076609292876
      },
      "wall_tan_coeff": {
        "count": 42504,
        "min": 5.144553966670899,
        "p01": 5.144553966670899,
        "p05": 5.144553966670899,
        "mean": 5.144553966670899,
        "p50": 5.144553966670899,
        "p95": 5.144553966670899,
        "p99": 5.144553966670899,
        "max": 5.144553966670899
      },
      "special_boundary_point": {
        "count": 42504,
        "min": 0.0,
        "p01": 0.0,
        "p05": 0.0,
        "mean": 0.0,
        "p50": 0.0,
        "p95": 0.0,
        "p99": 0.0,
        "max": 0.0
      },
      "wall_phase_pred_gt_1_count": 2008,
      "wall_phase_bounded_pred_gt_1_count": 2008,
      "wall_phase_profile_pred_gt_1_count": 0,
      "wall_phase_pred_lt_0_count": 0,
      "wall_clamp_delta_nonzero_count": 0,
      "wall_profile_delta_nonzero_count": 29810,
      "wall_phase_field_gt_1_count": 0,
      "fluid_phase_field_gt_1_count": 0,
      "fluid_phase_sum": 28206.106998759544,
      "wall_phase_sum": 2099.029491779525,
      "max_velocity": 7.494354947166565e-05,
      "max_mach": 0.00012980603538447662,
      "by_wall_bc_path": {
        "5": {
          "count": 42504,
          "phase_field": {
            "count": 42504,
            "min": -5.113405511865675e-17,
            "p01": -1.119381062290665e-17,
            "p05": 1.1469734036288217e-15,
            "mean": 0.04938428128598544,
            "p50": 1.6628602049115067e-09,
            "p95": 0.4553720810883549,
            "p99": 0.9998571843099321,
            "max": 0.9999960225864769
          },
          "wall_phase_pred": {
            "count": 42504,
            "min": 2.150779344494277e-18,
            "p01": 4.897824103188502e-17,
            "p05": 1.6810211810390346e-15,
            "mean": 0.06387095638449582,
            "p50": 1.738901424535754e-09,
            "p95": 0.9237083432248904,
            "p99": 1.1972846710614016,
            "max": 1.2731221824097352
          },
          "wall_phase_bounded_pred": {
            "count": 42504,
            "min": 2.150779344494277e-18,
            "p01": 4.897824103188502e-17,
            "p05": 1.6810211810390346e-15,
            "mean": 0.06387095638449582,
            "p50": 1.738901424535754e-09,
            "p95": 0.9237083432248904,
            "p99": 1.1972846710614016,
            "max": 1.2731221824097352
          },
          "wall_clamp_delta": {
            "count": 42504,
            "min": 0.0,
            "p01": 0.0,
            "p05": 0.0,
            "mean": 0.0,
            "p50": 0.0,
            "p95": 0.0,
            "p99": 0.0,
            "max": 0.0
          },
          "wall_phase_profile_pred": {
            "count": 42504,
            "min": -5.113405511865675e-17,
            "p01": -1.119381062290665e-17,
            "p05": 1.1469734036288217e-15,
            "mean": 0.04938428128598544,
            "p50": 1.6628602049115067e-09,
            "p95": 0.4553720810883549,
            "p99": 0.9998571843099321,
            "max": 0.9999960225864769
          },
          "wall_profile_delta": {
            "count": 42504,
            "min": -0.0004959813521924392,
            "p01": -1.2343422927458273e-08,
            "p05": -5.614971113042014e-09,
            "mean": 0.014486675098510378,
            "p50": 1.88417351230245e-12,
            "p95": 0.04668084096910637,
            "p99": 0.47059092923723594,
            "max": 0.538758822036186
          },
          "wall_pf_f": {
            "count": 42504,
            "min": 1.0598473912016335e-18,
            "p01": 1.7370314657888603e-17,
            "p05": 5.912973311283629e-16,
            "mean": 0.04502590175393583,
            "p50": 8.266730399129783e-10,
            "p95": 0.3014429474494082,
            "p99": 0.9997183124904386,
            "max": 0.9999921538115276
          },
          "wall_grad_tangent": {
            "count": 42504,
            "min": 1.4625694567836254e-19,
            "p01": 5.684060808045574e-18,
            "p05": 2.0135503307887258e-16,
            "mean": 0.0036630543659191017,
            "p50": 1.717804970631252e-10,
            "p95": 0.012142805364162316,
            "p99": 0.12095625918896168,
            "max": 0.13618076609292876
          },
          "wall_tan_coeff": {
            "count": 42504,
            "min": 5.144553966670899,
            "p01": 5.144553966670899,
            "p05": 5.144553966670899,
            "mean": 5.144553966670899,
            "p50": 5.144553966670899,
            "p95": 5.144553966670899,
            "p99": 5.144553966670899,
            "max": 5.144553966670899
          },
          "phase_pred_gt_1_count": 2008,
          "phase_bounded_pred_gt_1_count": 2008,
          "clamp_delta_nonzero_count": 0,
          "phase_profile_pred_gt_1_count": 0,
          "profile_delta_nonzero_count": 29810,
          "phase_field_gt_1_count": 0
        }
      }
    },
    {
      "status": "runtime_sanity",
      "case_id": "flat_theta011",
      "geometry": "flat",
      "theta_deg": 11,
      "step": 500,
      "file": "/mnt/8A0E24070E23EAC1/runs/tclb_wall_geom_diag_profile_rad011_1000_20260610/flat_theta011/output/case_VTK_P00_00000500.vti",
      "dims": [
        96,
        80,
        80
      ],
      "cell_count": 614400,
      "nonfinite_count": 0,
      "wall_count": 42504,
      "fluid_count": 571896,
      "phase_all": {
        "count": 614400,
        "min": 8.305350387509205e-15,
        "p01": 5.234953922080394e-13,
        "p05": 8.103672204394698e-12,
        "mean": 0.04940228675032533,
        "p50": 8.637194971878383e-09,
        "p95": 0.43082903997140554,
        "p99": 0.9985974975994528,
        "max": 0.99999802181882
      },
      "phase_wall": {
        "count": 42504,
        "min": 1.6463609406340615e-14,
        "p01": 1.0579116064562283e-13,
        "p05": 1.1621333844846302e-12,
        "mean": 0.050693762711719846,
        "p50": 5.743966896639233e-09,
        "p95": 0.4901562116459002,
        "p99": 0.9998455931764266,
        "max": 0.99999802181882
      },
      "phase_fluid": {
        "count": 571896,
        "min": 8.305350387509205e-15,
        "p01": 6.731569193335074e-13,
        "p05": 9.84887556513776e-12,
        "mean": 0.04930630270031783,
        "p50": 8.804564674341108e-09,
        "p95": 0.4294090882721068,
        "p99": 0.9983489792085334,
        "max": 0.9999960976548732
      },
      "wall_phase_pred": {
        "count": 42504,
        "min": 1.175698737428187e-14,
        "p01": 1.2208917256896903e-13,
        "p05": 1.2628839315466866e-12,
        "mean": 0.06503281401664356,
        "p50": 4.609799913483402e-09,
        "p95": 0.9409203986061566,
        "p99": 1.1799231556710001,
        "max": 1.2455782575588672
      },
      "wall_phase_bounded_pred": {
        "count": 42504,
        "min": 1.175698737428187e-14,
        "p01": 1.2208917256896903e-13,
        "p05": 1.2628839315466866e-12,
        "mean": 0.06503281401664356,
        "p50": 4.609799913483402e-09,
        "p95": 0.9409203986061566,
        "p99": 1.1799231556710001,
        "max": 1.2455782575588672
      },
      "wall_clamp_delta": {
        "count": 42504,
        "min": 0.0,
        "p01": 0.0,
        "p05": 0.0,
        "mean": 0.0,
        "p50": 0.0,
        "p95": 0.0,
        "p99": 0.0,
        "max": 0.0
      },
      "wall_phase_profile_pred": {
        "count": 42504,
        "min": 1.6463609406340615e-14,
        "p01": 1.0579116064562283e-13,
        "p05": 1.1621333844846302e-12,
        "mean": 0.050693762711719846,
        "p50": 5.743966896639233e-09,
        "p95": 0.4901562116459002,
        "p99": 0.9998455931764266,
        "max": 0.99999802181882
      },
      "wall_profile_delta": {
        "count": 42504,
        "min": -0.0010574116040056561,
        "p01": -1.3443429871478607e-08,
        "p05": -8.354429778382433e-09,
        "mean": 0.014339051304923722,
        "p50": 2.668662775229327e-13,
        "p95": 0.0572275203473762,
        "p99": 0.45076495055640564,
        "max": 0.50358410460365
      },
      "wall_pf_f": {
        "count": 42504,
        "min": 8.305350387509205e-15,
        "p01": 5.329923027477046e-14,
        "p05": 5.763663603876475e-13,
        "mean": 0.04596740215974396,
        "p50": 2.8980951276826256e-09,
        "p95": 0.33174129809610825,
        "p99": 0.9996954541591303,
        "max": 0.9999960976548732
      },
      "wall_grad_tangent": {
        "count": 42504,
        "min": 3.873617725401438e-16,
        "p01": 1.103588377626539e-14,
        "p05": 1.2969248306164807e-13,
        "mean": 0.0037057659968381907,
        "p50": 3.2384388497984184e-10,
        "p95": 0.015087241875140522,
        "p99": 0.11453352066759787,
        "max": 0.12924996423630022
      },
      "wall_tan_coeff": {
        "count": 42504,
        "min": 5.144553966670899,
        "p01": 5.144553966670899,
        "p05": 5.144553966670899,
        "mean": 5.144553966670899,
        "p50": 5.144553966670899,
        "p95": 5.144553966670899,
        "p99": 5.144553966670899,
        "max": 5.144553966670899
      },
      "special_boundary_point": {
        "count": 42504,
        "min": 0.0,
        "p01": 0.0,
        "p05": 0.0,
        "mean": 0.0,
        "p50": 0.0,
        "p95": 0.0,
        "p99": 0.0,
        "max": 0.0
      },
      "wall_phase_pred_gt_1_count": 2012,
      "wall_phase_bounded_pred_gt_1_count": 2012,
      "wall_phase_profile_pred_gt_1_count": 0,
      "wall_phase_pred_lt_0_count": 0,
      "wall_clamp_delta_nonzero_count": 0,
      "wall_profile_delta_nonzero_count": 38014,
      "wall_phase_field_gt_1_count": 0,
      "fluid_phase_field_gt_1_count": 0,
      "fluid_phase_sum": 28198.077289100966,
      "wall_phase_sum": 2154.68769029894,
      "max_velocity": 8.058763237999796e-05,
      "max_mach": 0.00013958187374383927,
      "by_wall_bc_path": {
        "5": {
          "count": 42504,
          "phase_field": {
            "count": 42504,
            "min": 1.6463609406340615e-14,
            "p01": 1.0579116064562283e-13,
            "p05": 1.1621333844846302e-12,
            "mean": 0.050693762711719846,
            "p50": 5.743966896639233e-09,
            "p95": 0.4901562116459002,
            "p99": 0.9998455931764266,
            "max": 0.99999802181882
          },
          "wall_phase_pred": {
            "count": 42504,
            "min": 1.175698737428187e-14,
            "p01": 1.2208917256896903e-13,
            "p05": 1.2628839315466866e-12,
            "mean": 0.06503281401664356,
            "p50": 4.609799913483402e-09,
            "p95": 0.9409203986061566,
            "p99": 1.1799231556710001,
            "max": 1.2455782575588672
          },
          "wall_phase_bounded_pred": {
            "count": 42504,
            "min": 1.175698737428187e-14,
            "p01": 1.2208917256896903e-13,
            "p05": 1.2628839315466866e-12,
            "mean": 0.06503281401664356,
            "p50": 4.609799913483402e-09,
            "p95": 0.9409203986061566,
            "p99": 1.1799231556710001,
            "max": 1.2455782575588672
          },
          "wall_clamp_delta": {
            "count": 42504,
            "min": 0.0,
            "p01": 0.0,
            "p05": 0.0,
            "mean": 0.0,
            "p50": 0.0,
            "p95": 0.0,
            "p99": 0.0,
            "max": 0.0
          },
          "wall_phase_profile_pred": {
            "count": 42504,
            "min": 1.6463609406340615e-14,
            "p01": 1.0579116064562283e-13,
            "p05": 1.1621333844846302e-12,
            "mean": 0.050693762711719846,
            "p50": 5.743966896639233e-09,
            "p95": 0.4901562116459002,
            "p99": 0.9998455931764266,
            "max": 0.99999802181882
          },
          "wall_profile_delta": {
            "count": 42504,
            "min": -0.0010574116040056561,
            "p01": -1.3443429871478607e-08,
            "p05": -8.354429778382433e-09,
            "mean": 0.014339051304923722,
            "p50": 2.668662775229327e-13,
            "p95": 0.0572275203473762,
            "p99": 0.45076495055640564,
            "max": 0.50358410460365
          },
          "wall_pf_f": {
            "count": 42504,
            "min": 8.305350387509205e-15,
            "p01": 5.329923027477046e-14,
            "p05": 5.763663603876475e-13,
            "mean": 0.04596740215974396,
            "p50": 2.8980951276826256e-09,
            "p95": 0.33174129809610825,
            "p99": 0.9996954541591303,
            "max": 0.9999960976548732
          },
          "wall_grad_tangent": {
            "count": 42504,
            "min": 3.873617725401438e-16,
            "p01": 1.103588377626539e-14,
            "p05": 1.2969248306164807e-13,
            "mean": 0.0037057659968381907,
            "p50": 3.2384388497984184e-10,
            "p95": 0.015087241875140522,
            "p99": 0.11453352066759787,
            "max": 0.12924996423630022
          },
          "wall_tan_coeff": {
            "count": 42504,
            "min": 5.144553966670899,
            "p01": 5.144553966670899,
            "p05": 5.144553966670899,
            "mean": 5.144553966670899,
            "p50": 5.144553966670899,
            "p95": 5.144553966670899,
            "p99": 5.144553966670899,
            "max": 5.144553966670899
          },
          "phase_pred_gt_1_count": 2012,
          "phase_bounded_pred_gt_1_count": 2012,
          "clamp_delta_nonzero_count": 0,
          "phase_profile_pred_gt_1_count": 0,
          "profile_delta_nonzero_count": 38014,
          "phase_field_gt_1_count": 0
        }
      }
    },
    {
      "status": "runtime_sanity",
      "case_id": "flat_theta011",
      "geometry": "flat",
      "theta_deg": 11,
      "step": 750,
      "file": "/mnt/8A0E24070E23EAC1/runs/tclb_wall_geom_diag_profile_rad011_1000_20260610/flat_theta011/output/case_VTK_P00_00000750.vti",
      "dims": [
        96,
        80,
        80
      ],
      "cell_count": 614400,
      "nonfinite_count": 0,
      "wall_count": 42504,
      "fluid_count": 571896,
      "phase_all": {
        "count": 614400,
        "min": 7.112839599841073e-13,
        "p01": 9.890424989489551e-12,
        "p05": 6.570391119731697e-11,
        "mean": 0.04946249499808652,
        "p50": 1.009461546983641e-08,
        "p95": 0.4327847033729208,
        "p99": 0.9985686148419719,
        "max": 0.9999992271304887
      },
      "phase_wall": {
        "count": 42504,
        "min": 1.403238744608661e-12,
        "p01": 4.340418136867583e-12,
        "p05": 2.2100929287662197e-11,
        "mean": 0.051710071016339995,
        "p50": 9.358664837059832e-09,
        "p95": 0.5137941399676292,
        "p99": 0.9998409624843387,
        "max": 0.9999992271304887
      },
      "phase_fluid": {
        "count": 571896,
        "min": 7.112839599841073e-13,
        "p01": 1.1077862094180232e-11,
        "p05": 7.236990679494804e-11,
        "mean": 0.04929545243950969,
        "p50": 1.0129637062647188e-08,
        "p95": 0.4262732798663426,
        "p99": 0.9983084072610282,
        "max": 0.999998475356001
      },
      "wall_phase_pred": {
        "count": 42504,
        "min": 8.079280124453358e-13,
        "p01": 3.908890227623462e-12,
        "p05": 1.9791808979864858e-11,
        "mean": 0.06594686662475574,
        "p50": 6.8559365445030365e-09,
        "p95": 0.952762436976628,
        "p99": 1.17125184805739,
        "max": 1.2292446376497121
      },
      "wall_phase_bounded_pred": {
        "count": 42504,
        "min": 8.079280124453358e-13,
        "p01": 3.908890227623462e-12,
        "p05": 1.9791808979864858e-11,
        "mean": 0.06594686662475574,
        "p50": 6.8559365445030365e-09,
        "p95": 0.952762436976628,
        "p99": 1.17125184805739,
        "max": 1.2292446376497121
      },
      "wall_clamp_delta": {
        "count": 42504,
        "min": 0.0,
        "p01": 0.0,
        "p05": 0.0,
        "mean": 0.0,
        "p50": 0.0,
        "p95": 0.0,
        "p99": 0.0,
        "max": 0.0
      },
      "wall_phase_profile_pred": {
        "count": 42504,
        "min": 1.403238744608661e-12,
        "p01": 4.340418136867583e-12,
        "p05": 2.2100929287662197e-11,
        "mean": 0.051710071016339995,
        "p50": 9.358664837059832e-09,
        "p95": 0.5137941399676292,
        "p99": 0.9998409624843387,
        "max": 0.9999992271304887
      },
      "wall_profile_delta": {
        "count": 42504,
        "min": -0.0020024729458581574,
        "p01": -1.4141551637771912e-08,
        "p05": -9.91030136929037e-09,
        "mean": 0.014236795608415736,
        "p50": -1.5011511913920705e-11,
        "p95": 0.06308618114513959,
        "p99": 0.4309976996621238,
        "max": 0.4819576690644578
      },
      "wall_pf_f": {
        "count": 42504,
        "min": 7.112839599841073e-13,
        "p01": 2.1470252665085044e-12,
        "p05": 1.0980354962696924e-11,
        "mean": 0.04670746589148215,
        "p50": 4.727665186688848e-09,
        "p95": 0.35308871038960876,
        "p99": 0.999686322349539,
        "max": 0.999998475356001
      },
      "wall_grad_tangent": {
        "count": 42504,
        "min": 1.0845929514113705e-14,
        "p01": 2.689667054686117e-13,
        "p05": 1.5589826875340558e-12,
        "mean": 0.0037393980657859714,
        "p50": 3.734211494741417e-10,
        "p95": 0.016523816736835582,
        "p99": 0.11107791510496726,
        "max": 0.12479741111506197
      },
      "wall_tan_coeff": {
        "count": 42504,
        "min": 5.144553966670899,
        "p01": 5.144553966670899,
        "p05": 5.144553966670899,
        "mean": 5.144553966670899,
        "p50": 5.144553966670899,
        "p95": 5.144553966670899,
        "p99": 5.144553966670899,
        "max": 5.144553966670899
      },
      "special_boundary_point": {
        "count": 42504,
        "min": 0.0,
        "p01": 0.0,
        "p05": 0.0,
        "mean": 0.0,
        "p50": 0.0,
        "p95": 0.0,
        "p99": 0.0,
        "max": 0.0
      },
      "wall_phase_pred_gt_1_count": 2056,
      "wall_phase_bounded_pred_gt_1_count": 2056,
      "wall_phase_profile_pred_gt_1_count": 0,
      "wall_phase_pred_lt_0_count": 0,
      "wall_clamp_delta_nonzero_count": 0,
      "wall_profile_delta_nonzero_count": 41338,
      "wall_phase_field_gt_1_count": 0,
      "fluid_phase_field_gt_1_count": 0,
      "fluid_phase_sum": 28191.872068345834,
      "wall_phase_sum": 2197.884858478515,
      "max_velocity": 8.221149290795005e-05,
      "max_mach": 0.00014239448268265793,
      "by_wall_bc_path": {
        "5": {
          "count": 42504,
          "phase_field": {
            "count": 42504,
            "min": 1.403238744608661e-12,
            "p01": 4.340418136867583e-12,
            "p05": 2.2100929287662197e-11,
            "mean": 0.051710071016339995,
            "p50": 9.358664837059832e-09,
            "p95": 0.5137941399676292,
            "p99": 0.9998409624843387,
            "max": 0.9999992271304887
          },
          "wall_phase_pred": {
            "count": 42504,
            "min": 8.079280124453358e-13,
            "p01": 3.908890227623462e-12,
            "p05": 1.9791808979864858e-11,
            "mean": 0.06594686662475574,
            "p50": 6.8559365445030365e-09,
            "p95": 0.952762436976628,
            "p99": 1.17125184805739,
            "max": 1.2292446376497121
          },
          "wall_phase_bounded_pred": {
            "count": 42504,
            "min": 8.079280124453358e-13,
            "p01": 3.908890227623462e-12,
            "p05": 1.9791808979864858e-11,
            "mean": 0.06594686662475574,
            "p50": 6.8559365445030365e-09,
            "p95": 0.952762436976628,
            "p99": 1.17125184805739,
            "max": 1.2292446376497121
          },
          "wall_clamp_delta": {
            "count": 42504,
            "min": 0.0,
            "p01": 0.0,
            "p05": 0.0,
            "mean": 0.0,
            "p50": 0.0,
            "p95": 0.0,
            "p99": 0.0,
            "max": 0.0
          },
          "wall_phase_profile_pred": {
            "count": 42504,
            "min": 1.403238744608661e-12,
            "p01": 4.340418136867583e-12,
            "p05": 2.2100929287662197e-11,
            "mean": 0.051710071016339995,
            "p50": 9.358664837059832e-09,
            "p95": 0.5137941399676292,
            "p99": 0.9998409624843387,
            "max": 0.9999992271304887
          },
          "wall_profile_delta": {
            "count": 42504,
            "min": -0.0020024729458581574,
            "p01": -1.4141551637771912e-08,
            "p05": -9.91030136929037e-09,
            "mean": 0.014236795608415736,
            "p50": -1.5011511913920705e-11,
            "p95": 0.06308618114513959,
            "p99": 0.4309976996621238,
            "max": 0.4819576690644578
          },
          "wall_pf_f": {
            "count": 42504,
            "min": 7.112839599841073e-13,
            "p01": 2.1470252665085044e-12,
            "p05": 1.0980354962696924e-11,
            "mean": 0.04670746589148215,
            "p50": 4.727665186688848e-09,
            "p95": 0.35308871038960876,
            "p99": 0.999686322349539,
            "max": 0.999998475356001
          },
          "wall_grad_tangent": {
            "count": 42504,
            "min": 1.0845929514113705e-14,
            "p01": 2.689667054686117e-13,
            "p05": 1.5589826875340558e-12,
            "mean": 0.0037393980657859714,
            "p50": 3.734211494741417e-10,
            "p95": 0.016523816736835582,
            "p99": 0.11107791510496726,
            "max": 0.12479741111506197
          },
          "wall_tan_coeff": {
            "count": 42504,
            "min": 5.144553966670899,
            "p01": 5.144553966670899,
            "p05": 5.144553966670899,
            "mean": 5.144553966670899,
            "p50": 5.144553966670899,
            "p95": 5.144553966670899,
            "p99": 5.144553966670899,
            "max": 5.144553966670899
          },
          "phase_pred_gt_1_count": 2056,
          "phase_bounded_pred_gt_1_count": 2056,
          "clamp_delta_nonzero_count": 0,
          "phase_profile_pred_gt_1_count": 0,
          "profile_delta_nonzero_count": 41338,
          "phase_field_gt_1_count": 0
        }
      }
    },
    {
      "status": "runtime_sanity",
      "case_id": "flat_theta011",
      "geometry": "flat",
      "theta_deg": 11,
      "step": 1000,
      "file": "/mnt/8A0E24070E23EAC1/runs/tclb_wall_geom_diag_profile_rad011_1000_20260610/flat_theta011/output/case_VTK_P00_00001000.vti",
      "dims": [
        96,
        80,
        80
      ],
      "cell_count": 614400,
      "nonfinite_count": 0,
      "wall_count": 42504,
      "fluid_count": 571896,
      "phase_all": {
        "count": 614400,
        "min": 7.765723721990948e-12,
        "p01": 4.834257965047464e-11,
        "p05": 2.0563184086144718e-10,
        "mean": 0.04951385848130152,
        "p50": 1.1142561146101515e-08,
        "p95": 0.43363151200298183,
        "p99": 0.9985556864180596,
        "max": 0.9999996310698823
      },
      "phase_wall": {
        "count": 42504,
        "min": 1.5319286106696153e-11,
        "p01": 3.2020147276688946e-11,
        "p05": 1.0691552763369626e-10,
        "mean": 0.05257647598783362,
        "p50": 1.2379910006838914e-08,
        "p95": 0.5322830930833357,
        "p99": 0.9998383280247353,
        "max": 0.9999996310698823
      },
      "phase_fluid": {
        "count": 571896,
        "min": 7.765723721990948e-12,
        "p01": 5.0946390927938364e-11,
        "p05": 2.174532489224463e-10,
        "mean": 0.04928624105698378,
        "p50": 1.1092100225331508e-08,
        "p95": 0.4272401029408238,
        "p99": 0.9983011409742824,
        "max": 0.9999992722028753
      },
      "wall_phase_pred": {
        "count": 42504,
        "min": 8.274037915526074e-12,
        "p01": 2.541972708135936e-11,
        "p05": 8.590301520645244e-11,
        "mean": 0.06673405450395943,
        "p50": 8.622864637871978e-09,
        "p95": 0.9621443268027323,
        "p99": 1.1653678640227643,
        "max": 1.2173695861554958
      },
      "wall_phase_bounded_pred": {
        "count": 42504,
        "min": 8.274037915526074e-12,
        "p01": 2.541972708135936e-11,
        "p05": 8.590301520645244e-11,
        "mean": 0.06673405450395943,
        "p50": 8.622864637871978e-09,
        "p95": 0.9621443268027323,
        "p99": 1.1653678640227643,
        "max": 1.2173695861554958
      },
      "wall_clamp_delta": {
        "count": 42504,
        "min": 0.0,
        "p01": 0.0,
        "p05": 0.0,
        "mean": 0.0,
        "p50": 0.0,
        "p95": 0.0,
        "p99": 0.0,
        "max": 0.0
      },
      "wall_phase_profile_pred": {
        "count": 42504,
        "min": 1.5319286106696153e-11,
        "p01": 3.2020147276688946e-11,
        "p05": 1.0691552763369626e-10,
        "mean": 0.05257647598783362,
        "p50": 1.2379910006838914e-08,
        "p95": 0.5322830930833357,
        "p99": 0.9998383280247353,
        "max": 0.9999996310698823
      },
      "wall_profile_delta": {
        "count": 42504,
        "min": -0.0034083958371588074,
        "p01": -1.4685257716932637e-08,
        "p05": -1.0839391831441444e-08,
        "mean": 0.014157578516125816,
        "p50": -1.08436458309857e-10,
        "p95": 0.06650111936337377,
        "p99": 0.4168581524745156,
        "max": 0.46561345941825516
      },
      "wall_pf_f": {
        "count": 42504,
        "min": 7.765723721990948e-12,
        "p01": 1.577962497483011e-11,
        "p05": 5.394832787363563e-11,
        "mean": 0.0473421820227288,
        "p50": 6.241426620629864e-09,
        "p95": 0.3702333049735258,
        "p99": 0.9996811271880618,
        "max": 0.9999992722028753
      },
      "wall_grad_tangent": {
        "count": 42504,
        "min": 5.704582717407551e-14,
        "p01": 1.2996569106879528e-12,
        "p05": 5.237332667256176e-12,
        "mean": 0.0037688039921398462,
        "p50": 3.8983849202997284e-10,
        "p95": 0.018502021928626957,
        "p99": 0.10849052943783218,
        "max": 0.12153677043907171
      },
      "wall_tan_coeff": {
        "count": 42504,
        "min": 5.144553966670899,
        "p01": 5.144553966670899,
        "p05": 5.144553966670899,
        "mean": 5.144553966670899,
        "p50": 5.144553966670899,
        "p95": 5.144553966670899,
        "p99": 5.144553966670899,
        "max": 5.144553966670899
      },
      "special_boundary_point": {
        "count": 42504,
        "min": 0.0,
        "p01": 0.0,
        "p05": 0.0,
        "mean": 0.0,
        "p50": 0.0,
        "p95": 0.0,
        "p99": 0.0,
        "max": 0.0
      },
      "wall_phase_pred_gt_1_count": 2076,
      "wall_phase_bounded_pred_gt_1_count": 2076,
      "wall_phase_profile_pred_gt_1_count": 0,
      "wall_phase_pred_lt_0_count": 0,
      "wall_clamp_delta_nonzero_count": 0,
      "wall_profile_delta_nonzero_count": 42368,
      "wall_phase_field_gt_1_count": 0,
      "fluid_phase_field_gt_1_count": 0,
      "fluid_phase_sum": 28186.604115524795,
      "wall_phase_sum": 2234.71053538688,
      "max_velocity": 8.519844063013761e-05,
      "max_mach": 0.0001475680278970389,
      "by_wall_bc_path": {
        "5": {
          "count": 42504,
          "phase_field": {
            "count": 42504,
            "min": 1.5319286106696153e-11,
            "p01": 3.2020147276688946e-11,
            "p05": 1.0691552763369626e-10,
            "mean": 0.05257647598783362,
            "p50": 1.2379910006838914e-08,
            "p95": 0.5322830930833357,
            "p99": 0.9998383280247353,
            "max": 0.9999996310698823
          },
          "wall_phase_pred": {
            "count": 42504,
            "min": 8.274037915526074e-12,
            "p01": 2.541972708135936e-11,
            "p05": 8.590301520645244e-11,
            "mean": 0.06673405450395943,
            "p50": 8.622864637871978e-09,
            "p95": 0.9621443268027323,
            "p99": 1.1653678640227643,
            "max": 1.2173695861554958
          },
          "wall_phase_bounded_pred": {
            "count": 42504,
            "min": 8.274037915526074e-12,
            "p01": 2.541972708135936e-11,
            "p05": 8.590301520645244e-11,
            "mean": 0.06673405450395943,
            "p50": 8.622864637871978e-09,
            "p95": 0.9621443268027323,
            "p99": 1.1653678640227643,
            "max": 1.2173695861554958
          },
          "wall_clamp_delta": {
            "count": 42504,
            "min": 0.0,
            "p01": 0.0,
            "p05": 0.0,
            "mean": 0.0,
            "p50": 0.0,
            "p95": 0.0,
            "p99": 0.0,
            "max": 0.0
          },
          "wall_phase_profile_pred": {
            "count": 42504,
            "min": 1.5319286106696153e-11,
            "p01": 3.2020147276688946e-11,
            "p05": 1.0691552763369626e-10,
            "mean": 0.05257647598783362,
            "p50": 1.2379910006838914e-08,
            "p95": 0.5322830930833357,
            "p99": 0.9998383280247353,
            "max": 0.9999996310698823
          },
          "wall_profile_delta": {
            "count": 42504,
            "min": -0.0034083958371588074,
            "p01": -1.4685257716932637e-08,
            "p05": -1.0839391831441444e-08,
            "mean": 0.014157578516125816,
            "p50": -1.08436458309857e-10,
            "p95": 0.06650111936337377,
            "p99": 0.4168581524745156,
            "max": 0.46561345941825516
          },
          "wall_pf_f": {
            "count": 42504,
            "min": 7.765723721990948e-12,
            "p01": 1.577962497483011e-11,
            "p05": 5.394832787363563e-11,
            "mean": 0.0473421820227288,
            "p50": 6.241426620629864e-09,
            "p95": 0.3702333049735258,
            "p99": 0.9996811271880618,
            "max": 0.9999992722028753
          },
          "wall_grad_tangent": {
            "count": 42504,
            "min": 5.704582717407551e-14,
            "p01": 1.2996569106879528e-12,
            "p05": 5.237332667256176e-12,
            "mean": 0.0037688039921398462,
            "p50": 3.8983849202997284e-10,
            "p95": 0.018502021928626957,
            "p99": 0.10849052943783218,
            "max": 0.12153677043907171
          },
          "wall_tan_coeff": {
            "count": 42504,
            "min": 5.144553966670899,
            "p01": 5.144553966670899,
            "p05": 5.144553966670899,
            "mean": 5.144553966670899,
            "p50": 5.144553966670899,
            "p95": 5.144553966670899,
            "p99": 5.144553966670899,
            "max": 5.144553966670899
          },
          "phase_pred_gt_1_count": 2076,
          "phase_bounded_pred_gt_1_count": 2076,
          "clamp_delta_nonzero_count": 0,
          "phase_profile_pred_gt_1_count": 0,
          "profile_delta_nonzero_count": 42368,
          "phase_field_gt_1_count": 0
        }
      }
    }
  ]
}
