MPMD: TCLB: local:0/1 work:0/1 ---  connected to:
[  ]    ---- : Using std::chrono::steady_clock::now() for walltime
[  ]    #### : -------------------------------------------------------------------------
[  ]    #### : -  CLB version:                   ded67cd                               -
[  ]    #### : -        Model: d3q27_pf_velocity_q27_geometric                               -
[  ]    #### : -------------------------------------------------------------------------
[  ]    #### : Setting output path to: case
[  ]    ---- : Discarding 1 comments
[ 0]    ---- : Selecting device 0/1
[  ]    ---- :   Threads  |      Action
[  ]    ==== :    32x4    | BorderExecutor<(eOperationType)0, (eCalculateGlobals)0, (eStage)0> --- Reduced from maximum 512
[  ]    ==== :    32x4    | BorderExecutor<(eOperationType)0, (eCalculateGlobals)0, (eStage)1> --- Reduced from maximum 384
[  ]    ==== :    32x4    | BorderExecutor<(eOperationType)0, (eCalculateGlobals)0, (eStage)2> --- Reduced from maximum 384
[  ]    ==== :    32x4    | BorderExecutor<(eOperationType)0, (eCalculateGlobals)0, (eStage)3> --- Reduced from maximum 256
[  ]    ==== :    32x4    | BorderExecutor<(eOperationType)0, (eCalculateGlobals)0, (eStage)4> --- Reduced from maximum 1024
[  ]    ==== :    32x4    | BorderExecutor<(eOperationType)0, (eCalculateGlobals)0, (eStage)5> --- Reduced from maximum 512
[  ]    ==== :    32x4    | BorderExecutor<(eOperationType)0, (eCalculateGlobals)0, (eStage)6> --- Reduced from maximum 1024
[  ]    ==== :    32x4    | BorderExecutor<(eOperationType)0, (eCalculateGlobals)0, (eStage)7> --- Reduced from maximum 640
[  ]    ==== :    32x4    | BorderExecutor<(eOperationType)0, (eCalculateGlobals)0, (eStage)8> --- Reduced from maximum 640
[  ]    ==== :    32x4    | BorderExecutor<(eOperationType)0, (eCalculateGlobals)0, (eStage)9> --- Reduced from maximum 1024
[  ]    ==== :    32x4    | BorderExecutor<(eOperationType)0, (eCalculateGlobals)1, (eStage)0> --- Reduced from maximum 640
[  ]    ==== :    32x4    | BorderExecutor<(eOperationType)0, (eCalculateGlobals)1, (eStage)1> --- Reduced from maximum 384
[  ]    ==== :    32x4    | BorderExecutor<(eOperationType)0, (eCalculateGlobals)1, (eStage)2> --- Reduced from maximum 256
[  ]    ==== :    32x4    | BorderExecutor<(eOperationType)0, (eCalculateGlobals)1, (eStage)3> --- Reduced from maximum 256
[  ]    ==== :    32x4    | BorderExecutor<(eOperationType)0, (eCalculateGlobals)1, (eStage)4> --- Reduced from maximum 1024
[  ]    ==== :    32x4    | BorderExecutor<(eOperationType)0, (eCalculateGlobals)1, (eStage)5> --- Reduced from maximum 512
[  ]    ==== :    32x4    | BorderExecutor<(eOperationType)0, (eCalculateGlobals)1, (eStage)6> --- Reduced from maximum 1024
[  ]    ==== :    32x4    | BorderExecutor<(eOperationType)0, (eCalculateGlobals)1, (eStage)7> --- Reduced from maximum 640
[  ]    ==== :    32x4    | BorderExecutor<(eOperationType)0, (eCalculateGlobals)1, (eStage)8> --- Reduced from maximum 640
[  ]    ==== :    32x4    | BorderExecutor<(eOperationType)0, (eCalculateGlobals)1, (eStage)9> --- Reduced from maximum 1024
[  ]    ==== :    32x4    | BorderExecutor<(eOperationType)0, (eCalculateGlobals)2, (eStage)0> --- Reduced from maximum 1024
[  ]    ==== :    32x4    | BorderExecutor<(eOperationType)0, (eCalculateGlobals)2, (eStage)1> --- Reduced from maximum 1024
[  ]    ==== :    32x4    | BorderExecutor<(eOperationType)0, (eCalculateGlobals)2, (eStage)2> --- Reduced from maximum 1024
[  ]    ==== :    32x4    | BorderExecutor<(eOperationType)0, (eCalculateGlobals)2, (eStage)3> --- Reduced from maximum 1024
[  ]    ==== :    32x4    | BorderExecutor<(eOperationType)0, (eCalculateGlobals)2, (eStage)4> --- Reduced from maximum 1024
[  ]    ==== :    32x4    | BorderExecutor<(eOperationType)0, (eCalculateGlobals)2, (eStage)5> --- Reduced from maximum 1024
[  ]    ==== :    32x4    | BorderExecutor<(eOperationType)0, (eCalculateGlobals)2, (eStage)6> --- Reduced from maximum 1024
[  ]    ==== :    32x4    | BorderExecutor<(eOperationType)0, (eCalculateGlobals)2, (eStage)7> --- Reduced from maximum 1024
[  ]    ==== :    32x4    | BorderExecutor<(eOperationType)0, (eCalculateGlobals)2, (eStage)8> --- Reduced from maximum 1024
[  ]    ==== :    32x4    | BorderExecutor<(eOperationType)0, (eCalculateGlobals)2, (eStage)9> --- Reduced from maximum 1024
[  ]    ==== :    32x4    | BorderExecutor<(eOperationType)1, (eCalculateGlobals)0, (eStage)0> --- Reduced from maximum 1024
[  ]    ==== :    32x4    | BorderExecutor<(eOperationType)1, (eCalculateGlobals)0, (eStage)1> --- Reduced from maximum 1024
[  ]    ==== :    32x4    | BorderExecutor<(eOperationType)1, (eCalculateGlobals)0, (eStage)2> --- Reduced from maximum 1024
[  ]    ==== :    32x4    | BorderExecutor<(eOperationType)1, (eCalculateGlobals)0, (eStage)3> --- Reduced from maximum 1024
[  ]    ==== :    32x4    | BorderExecutor<(eOperationType)1, (eCalculateGlobals)0, (eStage)4> --- Reduced from maximum 1024
[  ]    ==== :    32x4    | BorderExecutor<(eOperationType)1, (eCalculateGlobals)0, (eStage)5> --- Reduced from maximum 1024
[  ]    ==== :    32x4    | BorderExecutor<(eOperationType)1, (eCalculateGlobals)0, (eStage)6> --- Reduced from maximum 1024
[  ]    ==== :    32x4    | BorderExecutor<(eOperationType)1, (eCalculateGlobals)0, (eStage)7> --- Reduced from maximum 1024
[  ]    ==== :    32x4    | BorderExecutor<(eOperationType)1, (eCalculateGlobals)0, (eStage)8> --- Reduced from maximum 1024
[  ]    ==== :    32x4    | BorderExecutor<(eOperationType)1, (eCalculateGlobals)0, (eStage)9> --- Reduced from maximum 1024
[  ]    ==== :    32x4    | BorderExecutor<(eOperationType)1, (eCalculateGlobals)1, (eStage)0> --- Reduced from maximum 1024
[  ]    ==== :    32x4    | BorderExecutor<(eOperationType)1, (eCalculateGlobals)1, (eStage)1> --- Reduced from maximum 1024
[  ]    ==== :    32x4    | BorderExecutor<(eOperationType)1, (eCalculateGlobals)1, (eStage)2> --- Reduced from maximum 1024
[  ]    ==== :    32x4    | BorderExecutor<(eOperationType)1, (eCalculateGlobals)1, (eStage)3> --- Reduced from maximum 1024
[  ]    ==== :    32x4    | BorderExecutor<(eOperationType)1, (eCalculateGlobals)1, (eStage)4> --- Reduced from maximum 1024
[  ]    ==== :    32x4    | BorderExecutor<(eOperationType)1, (eCalculateGlobals)1, (eStage)5> --- Reduced from maximum 1024
[  ]    ==== :    32x4    | BorderExecutor<(eOperationType)1, (eCalculateGlobals)1, (eStage)6> --- Reduced from maximum 1024
[  ]    ==== :    32x4    | BorderExecutor<(eOperationType)1, (eCalculateGlobals)1, (eStage)7> --- Reduced from maximum 1024
[  ]    ==== :    32x4    | BorderExecutor<(eOperationType)1, (eCalculateGlobals)1, (eStage)8> --- Reduced from maximum 1024
[  ]    ==== :    32x4    | BorderExecutor<(eOperationType)1, (eCalculateGlobals)1, (eStage)9> --- Reduced from maximum 1024
[  ]    ==== :    32x4    | BorderExecutor<(eOperationType)1, (eCalculateGlobals)2, (eStage)0> --- Reduced from maximum 1024
[  ]    ==== :    32x4    | BorderExecutor<(eOperationType)1, (eCalculateGlobals)2, (eStage)1> --- Reduced from maximum 1024
[  ]    ==== :    32x4    | BorderExecutor<(eOperationType)1, (eCalculateGlobals)2, (eStage)2> --- Reduced from maximum 1024
[  ]    ==== :    32x4    | BorderExecutor<(eOperationType)1, (eCalculateGlobals)2, (eStage)3> --- Reduced from maximum 1024
[  ]    ==== :    32x4    | BorderExecutor<(eOperationType)1, (eCalculateGlobals)2, (eStage)4> --- Reduced from maximum 1024
[  ]    ==== :    32x4    | BorderExecutor<(eOperationType)1, (eCalculateGlobals)2, (eStage)5> --- Reduced from maximum 1024
[  ]    ==== :    32x4    | BorderExecutor<(eOperationType)1, (eCalculateGlobals)2, (eStage)6> --- Reduced from maximum 1024
[  ]    ==== :    32x4    | BorderExecutor<(eOperationType)1, (eCalculateGlobals)2, (eStage)7> --- Reduced from maximum 1024
[  ]    ==== :    32x4    | BorderExecutor<(eOperationType)1, (eCalculateGlobals)2, (eStage)8> --- Reduced from maximum 1024
[  ]    ==== :    32x4    | BorderExecutor<(eOperationType)1, (eCalculateGlobals)2, (eStage)9> --- Reduced from maximum 1024
[  ]    ==== :    32x4    | BorderExecutor<(eOperationType)3, (eCalculateGlobals)0, (eStage)0> --- Reduced from maximum 1024
[  ]    ==== :    32x4    | BorderExecutor<(eOperationType)3, (eCalculateGlobals)0, (eStage)1> --- Reduced from maximum 1024
[  ]    ==== :    32x4    | BorderExecutor<(eOperationType)3, (eCalculateGlobals)0, (eStage)2> --- Reduced from maximum 1024
[  ]    ==== :    32x4    | BorderExecutor<(eOperationType)3, (eCalculateGlobals)0, (eStage)3> --- Reduced from maximum 1024
[  ]    ==== :    32x4    | BorderExecutor<(eOperationType)3, (eCalculateGlobals)0, (eStage)4> --- Reduced from maximum 1024
[  ]    ==== :    32x4    | BorderExecutor<(eOperationType)3, (eCalculateGlobals)0, (eStage)5> --- Reduced from maximum 1024
[  ]    ==== :    32x4    | BorderExecutor<(eOperationType)3, (eCalculateGlobals)0, (eStage)6> --- Reduced from maximum 1024
[  ]    ==== :    32x4    | BorderExecutor<(eOperationType)3, (eCalculateGlobals)0, (eStage)7> --- Reduced from maximum 1024
[  ]    ==== :    32x4    | BorderExecutor<(eOperationType)3, (eCalculateGlobals)0, (eStage)8> --- Reduced from maximum 1024
[  ]    ==== :    32x4    | BorderExecutor<(eOperationType)3, (eCalculateGlobals)0, (eStage)9> --- Reduced from maximum 1024
[  ]    ==== :    32x4    | BorderExecutor<(eOperationType)3, (eCalculateGlobals)1, (eStage)0> --- Reduced from maximum 1024
[  ]    ==== :    32x4    | BorderExecutor<(eOperationType)3, (eCalculateGlobals)1, (eStage)1> --- Reduced from maximum 1024
[  ]    ==== :    32x4    | BorderExecutor<(eOperationType)3, (eCalculateGlobals)1, (eStage)2> --- Reduced from maximum 1024
[  ]    ==== :    32x4    | BorderExecutor<(eOperationType)3, (eCalculateGlobals)1, (eStage)3> --- Reduced from maximum 1024
[  ]    ==== :    32x4    | BorderExecutor<(eOperationType)3, (eCalculateGlobals)1, (eStage)4> --- Reduced from maximum 1024
[  ]    ==== :    32x4    | BorderExecutor<(eOperationType)3, (eCalculateGlobals)1, (eStage)5> --- Reduced from maximum 1024
[  ]    ==== :    32x4    | BorderExecutor<(eOperationType)3, (eCalculateGlobals)1, (eStage)6> --- Reduced from maximum 1024
[  ]    ==== :    32x4    | BorderExecutor<(eOperationType)3, (eCalculateGlobals)1, (eStage)7> --- Reduced from maximum 1024
[  ]    ==== :    32x4    | BorderExecutor<(eOperationType)3, (eCalculateGlobals)1, (eStage)8> --- Reduced from maximum 1024
[  ]    ==== :    32x4    | BorderExecutor<(eOperationType)3, (eCalculateGlobals)1, (eStage)9> --- Reduced from maximum 1024
[  ]    ==== :    32x4    | BorderExecutor<(eOperationType)3, (eCalculateGlobals)2, (eStage)0> --- Reduced from maximum 1024
[  ]    ==== :    32x4    | BorderExecutor<(eOperationType)3, (eCalculateGlobals)2, (eStage)1> --- Reduced from maximum 1024
[  ]    ==== :    32x4    | BorderExecutor<(eOperationType)3, (eCalculateGlobals)2, (eStage)2> --- Reduced from maximum 1024
[  ]    ==== :    32x4    | BorderExecutor<(eOperationType)3, (eCalculateGlobals)2, (eStage)3> --- Reduced from maximum 1024
[  ]    ==== :    32x4    | BorderExecutor<(eOperationType)3, (eCalculateGlobals)2, (eStage)4> --- Reduced from maximum 1024
[  ]    ==== :    32x4    | BorderExecutor<(eOperationType)3, (eCalculateGlobals)2, (eStage)5> --- Reduced from maximum 1024
[  ]    ==== :    32x4    | BorderExecutor<(eOperationType)3, (eCalculateGlobals)2, (eStage)6> --- Reduced from maximum 1024
[  ]    ==== :    32x4    | BorderExecutor<(eOperationType)3, (eCalculateGlobals)2, (eStage)7> --- Reduced from maximum 1024
[  ]    ==== :    32x4    | BorderExecutor<(eOperationType)3, (eCalculateGlobals)2, (eStage)8> --- Reduced from maximum 1024
[  ]    ==== :    32x4    | BorderExecutor<(eOperationType)3, (eCalculateGlobals)2, (eStage)9> --- Reduced from maximum 1024
[  ]    ==== :    32x4    | BorderExecutor<(eOperationType)4, (eCalculateGlobals)0, (eStage)0> --- Reduced from maximum 1024
[  ]    ==== :    32x4    | BorderExecutor<(eOperationType)4, (eCalculateGlobals)0, (eStage)1> --- Reduced from maximum 1024
[  ]    ==== :    32x4    | BorderExecutor<(eOperationType)4, (eCalculateGlobals)0, (eStage)2> --- Reduced from maximum 1024
[  ]    ==== :    32x4    | BorderExecutor<(eOperationType)4, (eCalculateGlobals)0, (eStage)3> --- Reduced from maximum 1024
[  ]    ==== :    32x4    | BorderExecutor<(eOperationType)4, (eCalculateGlobals)0, (eStage)4> --- Reduced from maximum 1024
[  ]    ==== :    32x4    | BorderExecutor<(eOperationType)4, (eCalculateGlobals)0, (eStage)5> --- Reduced from maximum 1024
[  ]    ==== :    32x4    | BorderExecutor<(eOperationType)4, (eCalculateGlobals)0, (eStage)6> --- Reduced from maximum 1024
[  ]    ==== :    32x4    | BorderExecutor<(eOperationType)4, (eCalculateGlobals)0, (eStage)7> --- Reduced from maximum 1024
[  ]    ==== :    32x4    | BorderExecutor<(eOperationType)4, (eCalculateGlobals)0, (eStage)8> --- Reduced from maximum 1024
[  ]    ==== :    32x4    | BorderExecutor<(eOperationType)4, (eCalculateGlobals)0, (eStage)9> --- Reduced from maximum 1024
[  ]    ==== :    32x4    | BorderExecutor<(eOperationType)4, (eCalculateGlobals)1, (eStage)0> --- Reduced from maximum 1024
[  ]    ==== :    32x4    | BorderExecutor<(eOperationType)4, (eCalculateGlobals)1, (eStage)1> --- Reduced from maximum 1024
[  ]    ==== :    32x4    | BorderExecutor<(eOperationType)4, (eCalculateGlobals)1, (eStage)2> --- Reduced from maximum 1024
[  ]    ==== :    32x4    | BorderExecutor<(eOperationType)4, (eCalculateGlobals)1, (eStage)3> --- Reduced from maximum 1024
[  ]    ==== :    32x4    | BorderExecutor<(eOperationType)4, (eCalculateGlobals)1, (eStage)4> --- Reduced from maximum 1024
[  ]    ==== :    32x4    | BorderExecutor<(eOperationType)4, (eCalculateGlobals)1, (eStage)5> --- Reduced from maximum 1024
[  ]    ==== :    32x4    | BorderExecutor<(eOperationType)4, (eCalculateGlobals)1, (eStage)6> --- Reduced from maximum 1024
[  ]    ==== :    32x4    | BorderExecutor<(eOperationType)4, (eCalculateGlobals)1, (eStage)7> --- Reduced from maximum 1024
[  ]    ==== :    32x4    | BorderExecutor<(eOperationType)4, (eCalculateGlobals)1, (eStage)8> --- Reduced from maximum 1024
[  ]    ==== :    32x4    | BorderExecutor<(eOperationType)4, (eCalculateGlobals)1, (eStage)9> --- Reduced from maximum 1024
[  ]    ==== :    32x4    | BorderExecutor<(eOperationType)4, (eCalculateGlobals)2, (eStage)0> --- Reduced from maximum 1024
[  ]    ==== :    32x4    | BorderExecutor<(eOperationType)4, (eCalculateGlobals)2, (eStage)1> --- Reduced from maximum 1024
[  ]    ==== :    32x4    | BorderExecutor<(eOperationType)4, (eCalculateGlobals)2, (eStage)2> --- Reduced from maximum 1024
[  ]    ==== :    32x4    | BorderExecutor<(eOperationType)4, (eCalculateGlobals)2, (eStage)3> --- Reduced from maximum 1024
[  ]    ==== :    32x4    | BorderExecutor<(eOperationType)4, (eCalculateGlobals)2, (eStage)4> --- Reduced from maximum 1024
[  ]    ==== :    32x4    | BorderExecutor<(eOperationType)4, (eCalculateGlobals)2, (eStage)5> --- Reduced from maximum 1024
[  ]    ==== :    32x4    | BorderExecutor<(eOperationType)4, (eCalculateGlobals)2, (eStage)6> --- Reduced from maximum 1024
[  ]    ==== :    32x4    | BorderExecutor<(eOperationType)4, (eCalculateGlobals)2, (eStage)7> --- Reduced from maximum 1024
[  ]    ==== :    32x4    | BorderExecutor<(eOperationType)4, (eCalculateGlobals)2, (eStage)8> --- Reduced from maximum 1024
[  ]    ==== :    32x4    | BorderExecutor<(eOperationType)4, (eCalculateGlobals)2, (eStage)9> --- Reduced from maximum 1024
[  ]    ==== :    32x4    | InteriorExecutor<(eOperationType)0, (eCalculateGlobals)0, (eStage)0> --- Reduced from maximum 1024
[  ]    ==== :    32x4    | InteriorExecutor<(eOperationType)0, (eCalculateGlobals)0, (eStage)1> --- Reduced from maximum 640
[  ]    ==== :    32x4    | InteriorExecutor<(eOperationType)0, (eCalculateGlobals)0, (eStage)2> --- Reduced from maximum 384
[  ]    ==== :    32x4    | InteriorExecutor<(eOperationType)0, (eCalculateGlobals)0, (eStage)3> --- Reduced from maximum 256
[  ]    ==== :    32x4    | InteriorExecutor<(eOperationType)0, (eCalculateGlobals)0, (eStage)4> --- Reduced from maximum 1024
[  ]    ==== :    32x4    | InteriorExecutor<(eOperationType)0, (eCalculateGlobals)0, (eStage)5> --- Reduced from maximum 640
[  ]    ==== :    32x4    | InteriorExecutor<(eOperationType)0, (eCalculateGlobals)0, (eStage)6> --- Reduced from maximum 1024
[  ]    ==== :    32x4    | InteriorExecutor<(eOperationType)0, (eCalculateGlobals)0, (eStage)7> --- Reduced from maximum 1024
[  ]    ==== :    32x4    | InteriorExecutor<(eOperationType)0, (eCalculateGlobals)0, (eStage)8> --- Reduced from maximum 1024
[  ]    ==== :    32x4    | InteriorExecutor<(eOperationType)0, (eCalculateGlobals)0, (eStage)9> --- Reduced from maximum 1024
[  ]    ==== :    32x4    | InteriorExecutor<(eOperationType)0, (eCalculateGlobals)1, (eStage)0> --- Reduced from maximum 1024
[  ]    ==== :    32x4    | InteriorExecutor<(eOperationType)0, (eCalculateGlobals)1, (eStage)1> --- Reduced from maximum 256
[  ]    ==== :    32x4    | InteriorExecutor<(eOperationType)0, (eCalculateGlobals)1, (eStage)2> --- Reduced from maximum 256
[  ]    ==== :    32x4    | InteriorExecutor<(eOperationType)0, (eCalculateGlobals)1, (eStage)3> --- Reduced from maximum 256
[  ]    ==== :    32x4    | InteriorExecutor<(eOperationType)0, (eCalculateGlobals)1, (eStage)4> --- Reduced from maximum 1024
[  ]    ==== :    32x4    | InteriorExecutor<(eOperationType)0, (eCalculateGlobals)1, (eStage)5> --- Reduced from maximum 768
[  ]    ==== :    32x4    | InteriorExecutor<(eOperationType)0, (eCalculateGlobals)1, (eStage)6> --- Reduced from maximum 1024
[  ]    ==== :    32x4    | InteriorExecutor<(eOperationType)0, (eCalculateGlobals)1, (eStage)7> --- Reduced from maximum 1024
[  ]    ==== :    32x4    | InteriorExecutor<(eOperationType)0, (eCalculateGlobals)1, (eStage)8> --- Reduced from maximum 896
[  ]    ==== :    32x4    | InteriorExecutor<(eOperationType)0, (eCalculateGlobals)1, (eStage)9> --- Reduced from maximum 1024
[  ]    ==== :    32x4    | InteriorExecutor<(eOperationType)0, (eCalculateGlobals)2, (eStage)0> --- Reduced from maximum 1024
[  ]    ==== :    32x4    | InteriorExecutor<(eOperationType)0, (eCalculateGlobals)2, (eStage)1> --- Reduced from maximum 1024
[  ]    ==== :    32x4    | InteriorExecutor<(eOperationType)0, (eCalculateGlobals)2, (eStage)2> --- Reduced from maximum 1024
[  ]    ==== :    32x4    | InteriorExecutor<(eOperationType)0, (eCalculateGlobals)2, (eStage)3> --- Reduced from maximum 1024
[  ]    ==== :    32x4    | InteriorExecutor<(eOperationType)0, (eCalculateGlobals)2, (eStage)4> --- Reduced from maximum 1024
[  ]    ==== :    32x4    | InteriorExecutor<(eOperationType)0, (eCalculateGlobals)2, (eStage)5> --- Reduced from maximum 1024
[  ]    ==== :    32x4    | InteriorExecutor<(eOperationType)0, (eCalculateGlobals)2, (eStage)6> --- Reduced from maximum 1024
[  ]    ==== :    32x4    | InteriorExecutor<(eOperationType)0, (eCalculateGlobals)2, (eStage)7> --- Reduced from maximum 1024
[  ]    ==== :    32x4    | InteriorExecutor<(eOperationType)0, (eCalculateGlobals)2, (eStage)8> --- Reduced from maximum 1024
[  ]    ==== :    32x4    | InteriorExecutor<(eOperationType)0, (eCalculateGlobals)2, (eStage)9> --- Reduced from maximum 1024
[  ]    ==== :    32x4    | InteriorExecutor<(eOperationType)1, (eCalculateGlobals)0, (eStage)0> --- Reduced from maximum 1024
[  ]    ==== :    32x4    | InteriorExecutor<(eOperationType)1, (eCalculateGlobals)0, (eStage)1> --- Reduced from maximum 1024
[  ]    ==== :    32x4    | InteriorExecutor<(eOperationType)1, (eCalculateGlobals)0, (eStage)2> --- Reduced from maximum 1024
[  ]    ==== :    32x4    | InteriorExecutor<(eOperationType)1, (eCalculateGlobals)0, (eStage)3> --- Reduced from maximum 1024
[  ]    ==== :    32x4    | InteriorExecutor<(eOperationType)1, (eCalculateGlobals)0, (eStage)4> --- Reduced from maximum 1024
[  ]    ==== :    32x4    | InteriorExecutor<(eOperationType)1, (eCalculateGlobals)0, (eStage)5> --- Reduced from maximum 1024
[  ]    ==== :    32x4    | InteriorExecutor<(eOperationType)1, (eCalculateGlobals)0, (eStage)6> --- Reduced from maximum 1024
[  ]    ==== :    32x4    | InteriorExecutor<(eOperationType)1, (eCalculateGlobals)0, (eStage)7> --- Reduced from maximum 1024
[  ]    ==== :    32x4    | InteriorExecutor<(eOperationType)1, (eCalculateGlobals)0, (eStage)8> --- Reduced from maximum 1024
[  ]    ==== :    32x4    | InteriorExecutor<(eOperationType)1, (eCalculateGlobals)0, (eStage)9> --- Reduced from maximum 1024
[  ]    ==== :    32x4    | InteriorExecutor<(eOperationType)1, (eCalculateGlobals)1, (eStage)0> --- Reduced from maximum 1024
[  ]    ==== :    32x4    | InteriorExecutor<(eOperationType)1, (eCalculateGlobals)1, (eStage)1> --- Reduced from maximum 1024
[  ]    ==== :    32x4    | InteriorExecutor<(eOperationType)1, (eCalculateGlobals)1, (eStage)2> --- Reduced from maximum 1024
[  ]    ==== :    32x4    | InteriorExecutor<(eOperationType)1, (eCalculateGlobals)1, (eStage)3> --- Reduced from maximum 1024
[  ]    ==== :    32x4    | InteriorExecutor<(eOperationType)1, (eCalculateGlobals)1, (eStage)4> --- Reduced from maximum 1024
[  ]    ==== :    32x4    | InteriorExecutor<(eOperationType)1, (eCalculateGlobals)1, (eStage)5> --- Reduced from maximum 1024
[  ]    ==== :    32x4    | InteriorExecutor<(eOperationType)1, (eCalculateGlobals)1, (eStage)6> --- Reduced from maximum 1024
[  ]    ==== :    32x4    | InteriorExecutor<(eOperationType)1, (eCalculateGlobals)1, (eStage)7> --- Reduced from maximum 1024
[  ]    ==== :    32x4    | InteriorExecutor<(eOperationType)1, (eCalculateGlobals)1, (eStage)8> --- Reduced from maximum 1024
[  ]    ==== :    32x4    | InteriorExecutor<(eOperationType)1, (eCalculateGlobals)1, (eStage)9> --- Reduced from maximum 1024
[  ]    ==== :    32x4    | InteriorExecutor<(eOperationType)1, (eCalculateGlobals)2, (eStage)0> --- Reduced from maximum 1024
[  ]    ==== :    32x4    | InteriorExecutor<(eOperationType)1, (eCalculateGlobals)2, (eStage)1> --- Reduced from maximum 1024
[  ]    ==== :    32x4    | InteriorExecutor<(eOperationType)1, (eCalculateGlobals)2, (eStage)2> --- Reduced from maximum 1024
[  ]    ==== :    32x4    | InteriorExecutor<(eOperationType)1, (eCalculateGlobals)2, (eStage)3> --- Reduced from maximum 1024
[  ]    ==== :    32x4    | InteriorExecutor<(eOperationType)1, (eCalculateGlobals)2, (eStage)4> --- Reduced from maximum 1024
[  ]    ==== :    32x4    | InteriorExecutor<(eOperationType)1, (eCalculateGlobals)2, (eStage)5> --- Reduced from maximum 1024
[  ]    ==== :    32x4    | InteriorExecutor<(eOperationType)1, (eCalculateGlobals)2, (eStage)6> --- Reduced from maximum 1024
[  ]    ==== :    32x4    | InteriorExecutor<(eOperationType)1, (eCalculateGlobals)2, (eStage)7> --- Reduced from maximum 1024
[  ]    ==== :    32x4    | InteriorExecutor<(eOperationType)1, (eCalculateGlobals)2, (eStage)8> --- Reduced from maximum 1024
[  ]    ==== :    32x4    | InteriorExecutor<(eOperationType)1, (eCalculateGlobals)2, (eStage)9> --- Reduced from maximum 1024
[  ]    ==== :    32x4    | InteriorExecutor<(eOperationType)3, (eCalculateGlobals)0, (eStage)0> --- Reduced from maximum 1024
[  ]    ==== :    32x4    | InteriorExecutor<(eOperationType)3, (eCalculateGlobals)0, (eStage)1> --- Reduced from maximum 1024
[  ]    ==== :    32x4    | InteriorExecutor<(eOperationType)3, (eCalculateGlobals)0, (eStage)2> --- Reduced from maximum 1024
[  ]    ==== :    32x4    | InteriorExecutor<(eOperationType)3, (eCalculateGlobals)0, (eStage)3> --- Reduced from maximum 1024
[  ]    ==== :    32x4    | InteriorExecutor<(eOperationType)3, (eCalculateGlobals)0, (eStage)4> --- Reduced from maximum 1024
[  ]    ==== :    32x4    | InteriorExecutor<(eOperationType)3, (eCalculateGlobals)0, (eStage)5> --- Reduced from maximum 1024
[  ]    ==== :    32x4    | InteriorExecutor<(eOperationType)3, (eCalculateGlobals)0, (eStage)6> --- Reduced from maximum 1024
[  ]    ==== :    32x4    | InteriorExecutor<(eOperationType)3, (eCalculateGlobals)0, (eStage)7> --- Reduced from maximum 1024
[  ]    ==== :    32x4    | InteriorExecutor<(eOperationType)3, (eCalculateGlobals)0, (eStage)8> --- Reduced from maximum 1024
[  ]    ==== :    32x4    | InteriorExecutor<(eOperationType)3, (eCalculateGlobals)0, (eStage)9> --- Reduced from maximum 1024
[  ]    ==== :    32x4    | InteriorExecutor<(eOperationType)3, (eCalculateGlobals)1, (eStage)0> --- Reduced from maximum 1024
[  ]    ==== :    32x4    | InteriorExecutor<(eOperationType)3, (eCalculateGlobals)1, (eStage)1> --- Reduced from maximum 1024
[  ]    ==== :    32x4    | InteriorExecutor<(eOperationType)3, (eCalculateGlobals)1, (eStage)2> --- Reduced from maximum 1024
[  ]    ==== :    32x4    | InteriorExecutor<(eOperationType)3, (eCalculateGlobals)1, (eStage)3> --- Reduced from maximum 1024
[  ]    ==== :    32x4    | InteriorExecutor<(eOperationType)3, (eCalculateGlobals)1, (eStage)4> --- Reduced from maximum 1024
[  ]    ==== :    32x4    | InteriorExecutor<(eOperationType)3, (eCalculateGlobals)1, (eStage)5> --- Reduced from maximum 1024
[  ]    ==== :    32x4    | InteriorExecutor<(eOperationType)3, (eCalculateGlobals)1, (eStage)6> --- Reduced from maximum 1024
[  ]    ==== :    32x4    | InteriorExecutor<(eOperationType)3, (eCalculateGlobals)1, (eStage)7> --- Reduced from maximum 1024
[  ]    ==== :    32x4    | InteriorExecutor<(eOperationType)3, (eCalculateGlobals)1, (eStage)8> --- Reduced from maximum 1024
[  ]    ==== :    32x4    | InteriorExecutor<(eOperationType)3, (eCalculateGlobals)1, (eStage)9> --- Reduced from maximum 1024
[  ]    ==== :    32x4    | InteriorExecutor<(eOperationType)3, (eCalculateGlobals)2, (eStage)0> --- Reduced from maximum 1024
[  ]    ==== :    32x4    | InteriorExecutor<(eOperationType)3, (eCalculateGlobals)2, (eStage)1> --- Reduced from maximum 1024
[  ]    ==== :    32x4    | InteriorExecutor<(eOperationType)3, (eCalculateGlobals)2, (eStage)2> --- Reduced from maximum 1024
[  ]    ==== :    32x4    | InteriorExecutor<(eOperationType)3, (eCalculateGlobals)2, (eStage)3> --- Reduced from maximum 1024
[  ]    ==== :    32x4    | InteriorExecutor<(eOperationType)3, (eCalculateGlobals)2, (eStage)4> --- Reduced from maximum 1024
[  ]    ==== :    32x4    | InteriorExecutor<(eOperationType)3, (eCalculateGlobals)2, (eStage)5> --- Reduced from maximum 1024
[  ]    ==== :    32x4    | InteriorExecutor<(eOperationType)3, (eCalculateGlobals)2, (eStage)6> --- Reduced from maximum 1024
[  ]    ==== :    32x4    | InteriorExecutor<(eOperationType)3, (eCalculateGlobals)2, (eStage)7> --- Reduced from maximum 1024
[  ]    ==== :    32x4    | InteriorExecutor<(eOperationType)3, (eCalculateGlobals)2, (eStage)8> --- Reduced from maximum 1024
[  ]    ==== :    32x4    | InteriorExecutor<(eOperationType)3, (eCalculateGlobals)2, (eStage)9> --- Reduced from maximum 1024
[  ]    ==== :    32x4    | InteriorExecutor<(eOperationType)4, (eCalculateGlobals)0, (eStage)0> --- Reduced from maximum 1024
[  ]    ==== :    32x4    | InteriorExecutor<(eOperationType)4, (eCalculateGlobals)0, (eStage)1> --- Reduced from maximum 1024
[  ]    ==== :    32x4    | InteriorExecutor<(eOperationType)4, (eCalculateGlobals)0, (eStage)2> --- Reduced from maximum 1024
[  ]    ==== :    32x4    | InteriorExecutor<(eOperationType)4, (eCalculateGlobals)0, (eStage)3> --- Reduced from maximum 1024
[  ]    ==== :    32x4    | InteriorExecutor<(eOperationType)4, (eCalculateGlobals)0, (eStage)4> --- Reduced from maximum 1024
[  ]    ==== :    32x4    | InteriorExecutor<(eOperationType)4, (eCalculateGlobals)0, (eStage)5> --- Reduced from maximum 1024
[  ]    ==== :    32x4    | InteriorExecutor<(eOperationType)4, (eCalculateGlobals)0, (eStage)6> --- Reduced from maximum 1024
[  ]    ==== :    32x4    | InteriorExecutor<(eOperationType)4, (eCalculateGlobals)0, (eStage)7> --- Reduced from maximum 1024
[  ]    ==== :    32x4    | InteriorExecutor<(eOperationType)4, (eCalculateGlobals)0, (eStage)8> --- Reduced from maximum 1024
[  ]    ==== :    32x4    | InteriorExecutor<(eOperationType)4, (eCalculateGlobals)0, (eStage)9> --- Reduced from maximum 1024
[  ]    ==== :    32x4    | InteriorExecutor<(eOperationType)4, (eCalculateGlobals)1, (eStage)0> --- Reduced from maximum 1024
[  ]    ==== :    32x4    | InteriorExecutor<(eOperationType)4, (eCalculateGlobals)1, (eStage)1> --- Reduced from maximum 1024
[  ]    ==== :    32x4    | InteriorExecutor<(eOperationType)4, (eCalculateGlobals)1, (eStage)2> --- Reduced from maximum 1024
[  ]    ==== :    32x4    | InteriorExecutor<(eOperationType)4, (eCalculateGlobals)1, (eStage)3> --- Reduced from maximum 1024
[  ]    ==== :    32x4    | InteriorExecutor<(eOperationType)4, (eCalculateGlobals)1, (eStage)4> --- Reduced from maximum 1024
[  ]    ==== :    32x4    | InteriorExecutor<(eOperationType)4, (eCalculateGlobals)1, (eStage)5> --- Reduced from maximum 1024
[  ]    ==== :    32x4    | InteriorExecutor<(eOperationType)4, (eCalculateGlobals)1, (eStage)6> --- Reduced from maximum 1024
[  ]    ==== :    32x4    | InteriorExecutor<(eOperationType)4, (eCalculateGlobals)1, (eStage)7> --- Reduced from maximum 1024
[  ]    ==== :    32x4    | InteriorExecutor<(eOperationType)4, (eCalculateGlobals)1, (eStage)8> --- Reduced from maximum 1024
[  ]    ==== :    32x4    | InteriorExecutor<(eOperationType)4, (eCalculateGlobals)1, (eStage)9> --- Reduced from maximum 1024
[  ]    ==== :    32x4    | InteriorExecutor<(eOperationType)4, (eCalculateGlobals)2, (eStage)0> --- Reduced from maximum 1024
[  ]    ==== :    32x4    | InteriorExecutor<(eOperationType)4, (eCalculateGlobals)2, (eStage)1> --- Reduced from maximum 1024
[  ]    ==== :    32x4    | InteriorExecutor<(eOperationType)4, (eCalculateGlobals)2, (eStage)2> --- Reduced from maximum 1024
[  ]    ==== :    32x4    | InteriorExecutor<(eOperationType)4, (eCalculateGlobals)2, (eStage)3> --- Reduced from maximum 1024
[  ]    ==== :    32x4    | InteriorExecutor<(eOperationType)4, (eCalculateGlobals)2, (eStage)4> --- Reduced from maximum 1024
[  ]    ==== :    32x4    | InteriorExecutor<(eOperationType)4, (eCalculateGlobals)2, (eStage)5> --- Reduced from maximum 1024
[  ]    ==== :    32x4    | InteriorExecutor<(eOperationType)4, (eCalculateGlobals)2, (eStage)6> --- Reduced from maximum 1024
[  ]    ==== :    32x4    | InteriorExecutor<(eOperationType)4, (eCalculateGlobals)2, (eStage)7> --- Reduced from maximum 1024
[  ]    ==== :    32x4    | InteriorExecutor<(eOperationType)4, (eCalculateGlobals)2, (eStage)8> --- Reduced from maximum 1024
[  ]    ==== :    32x4    | InteriorExecutor<(eOperationType)4, (eCalculateGlobals)2, (eStage)9> --- Reduced from maximum 1024
[ 0] warning ! No "Units" element in config file
[  ]    ==== : Mesh size in config file: 80x80x140
[  ]    ---- : Global lattice size: 80x80x140
[  ]    ==== : Max region size: 1075200. Mesh size 1075200. Overhead:  0%
[  ]    ---- : Local lattice size: 96x80x140
[  ]    #### : [0] Cumulative allocation of 1269176320 b (1.3 GB)
[  ]    ---- : Creating geom size:1075200
[  ]    #### : Setting output path to: case
[  ]    #### : Setting output path to: /media/yuan/8A0E24070E23EAC1/runs/tclb_pre2025_sphere_tableII_q27_geometric_200k_20260610/theta030/output/case
[  ]    ---- : loading geometry ...
[  ]    ---- : overwriting all flags
[  ]    ---- : Setting number of zones to 3
[  ]    ---- : Setting Density_h to 1 (1.000000)
[  ]    ---- : Setting Density_l to 0.001 (0.001000)
[  ]    ---- : Setting Viscosity_h to 0.09 (0.090000)
[  ]    ---- : Setting Viscosity_l to 0.1 (0.100000)
[  ]    ---- : Setting tauUpdate to 3 (3.000000)
[  ]    ---- : Setting sigma to 5e-05 (0.000050)
[  ]    ---- : Setting M to 0.2 (0.200000)
[  ]    ---- : Setting IntWidth to 6 (6.000000)
[  ]    ---- : Setting Radius to 24 (24.000000)
[  ]    ---- : Setting BubbleType to 1 (1.000000)
[  ]    ---- : Setting CenterX to 40 (40.000000)
[  ]    ---- : Setting CenterY to 40 (40.000000)
[  ]    ---- : Setting CenterZ to 72 (72.000000)
[  ]    ---- : Setting VelocityX in zone  (-1) to 0.0 (0.000000)
[  ]    ---- : Setting VelocityY in zone  (-1) to 0.0 (0.000000)
[  ]    ---- : Setting VelocityZ in zone  (-1) to 0.0 (0.000000)
[  ]    ---- : Setting DropletOnlyVelocity to 0.0 (0.000000)
[  ]    ---- : Setting DropletVelocityX to 0.0 (0.000000)
[  ]    ---- : Setting DropletVelocityY to 0.0 (0.000000)
[  ]    ---- : Setting DropletVelocityZ to 0.0 (0.000000)
[  ]    ---- : Setting GravitationX to 0.0 (0.000000)
[  ]    ---- : Setting GravitationY to 0.0 (0.000000)
[  ]    ---- : Setting GravitationZ to 0.0 (0.000000)
[  ]    ---- : Setting BuoyancyX to 0.0 (0.000000)
[  ]    ---- : Setting BuoyancyY to 0.0 (0.000000)
[  ]    ---- : Setting BuoyancyZ to 0.0 (0.000000)
[  ]    ---- : Setting radAngle in zone  (-1) to 30d (0.523599)
[ 0] WARNING ! Zone-specific settings in zone 0 were overwritten from 1.570796 to 0.523599
[  ]    ---- : Setting minGradient to 1e-08 (0.000000)
[  ]    ---- : Initializing Lattice ...
[  ]    110.4 MLBUps    127.40 GB/s [====================]  0s
[  ]    ---- : Callback VTK with no Iterations attribute
[  ]    ---- :        0 it writing vtk
[  ]    ---- : Setting callback Log at 1000.000000 iterations
[  ]    ---- : Adding Log to the solver hands
[  ]    ---- : Setting callback Failcheck at 1000.000000 iterations
[  ]    ---- : Adding Failcheck to the solver hands
[  ]    ---- : Setting action Solve at 200000.000000 iterations
[  ]    ---- : Setting callback VTK at 20000.000000 iterations
[  ]    ---- : Adding VTK to the solver hands
[  ]    ---- : Setting callback Log at 1000.000000 iterations
[  ]    ---- : Adding Log to the solver hands
[  ]    ---- : Setting callback Failcheck at 1000.000000 iterations
[  ]    ---- : Adding Failcheck to the solver hands
[  ]    126.6 MLBUps    146.12 GB/s [==                  ]  0s
[  ]    219.0 MLBUps    252.73 GB/s [====                ]  1s
[  ]    219.0 MLBUps    252.75 GB/s [========            ]  2s
[  ]    219.1 MLBUps    252.87 GB/s [============        ]  3s
[  ]    219.1 MLBUps    252.79 GB/s [================    ]  4s
[  ]    ---- :    215.9 MLBUps    249.15 GB/s [====================]
[  ]    218.5 MLBUps    252.19 GB/s [===                 ]  0s
[  ]    219.0 MLBUps    252.72 GB/s [=======             ]  1s
[  ]    218.9 MLBUps    252.64 GB/s [===========         ]  2s
[  ]    219.0 MLBUps    252.68 GB/s [================    ]  3s
[  ]    ---- :    216.2 MLBUps    249.50 GB/s [====================]
[  ]    219.1 MLBUps    252.80 GB/s [====                ]  1s
[  ]    218.9 MLBUps    252.66 GB/s [========            ]  2s
[  ]    219.2 MLBUps    252.93 GB/s [============        ]  3s
[  ]    219.1 MLBUps    252.83 GB/s [================    ]  4s
[  ]    ---- :    216.2 MLBUps    249.46 GB/s [====================]
[  ]    218.7 MLBUps    252.43 GB/s [====                ]  1s
[  ]    218.9 MLBUps    252.62 GB/s [========            ]  2s
[  ]    219.1 MLBUps    252.84 GB/s [============        ]  3s
[  ]    219.0 MLBUps    252.67 GB/s [================    ]  4s
[  ]    ---- :    216.3 MLBUps    249.56 GB/s [====================]
[  ]    219.1 MLBUps    252.79 GB/s [====                ]  1s
[  ]    219.0 MLBUps    252.78 GB/s [========            ]  2s
[  ]    219.1 MLBUps    252.81 GB/s [============        ]  3s
[  ]    219.0 MLBUps    252.72 GB/s [================    ]  4s
[  ]    ---- :    216.4 MLBUps    249.70 GB/s [====================]
[  ]    219.1 MLBUps    252.82 GB/s [====                ]  1s
[  ]    218.9 MLBUps    252.63 GB/s [========            ]  2s
[  ]    218.9 MLBUps    252.59 GB/s [============        ]  3s
[  ]    218.9 MLBUps    252.55 GB/s [================    ]  4s
[  ]    ---- :    216.3 MLBUps    249.58 GB/s [====================]
[  ]    218.9 MLBUps    252.62 GB/s [====                ]  1s
[  ]    219.1 MLBUps    252.81 GB/s [========            ]  2s
[  ]    219.0 MLBUps    252.75 GB/s [============        ]  3s
[  ]    219.1 MLBUps    252.79 GB/s [================    ]  4s
[  ]    ---- :    216.2 MLBUps    249.47 GB/s [====================]
[  ]    218.9 MLBUps    252.61 GB/s [====                ]  1s
[  ]    219.1 MLBUps    252.89 GB/s [========            ]  2s
[  ]    218.9 MLBUps    252.57 GB/s [============        ]  3s
[  ]    219.1 MLBUps    252.79 GB/s [================    ]  4s
[  ]    ---- :    216.1 MLBUps    249.39 GB/s [====================]
[  ]    218.9 MLBUps    252.61 GB/s [====                ]  1s
[  ]    219.0 MLBUps    252.72 GB/s [========            ]  2s
[  ]    219.1 MLBUps    252.79 GB/s [============        ]  3s
[  ]    219.0 MLBUps    252.74 GB/s [================    ]  4s
[  ]    ---- :    216.1 MLBUps    249.43 GB/s [====================]
[  ]    218.9 MLBUps    252.59 GB/s [====                ]  1s
[  ]    218.8 MLBUps    252.55 GB/s [========            ]  2s
[  ]    218.9 MLBUps    252.66 GB/s [============        ]  3s
[  ]    218.8 MLBUps    252.51 GB/s [================    ]  4s
[  ]    ---- :    216.1 MLBUps    249.42 GB/s [====================]
[  ]    218.9 MLBUps    252.66 GB/s [====                ]  1s
[  ]    219.1 MLBUps    252.81 GB/s [========            ]  2s
[  ]    218.8 MLBUps    252.55 GB/s [============        ]  3s
[  ]    218.9 MLBUps    252.63 GB/s [================    ]  4s
[  ]    ---- :    216.1 MLBUps    249.43 GB/s [====================]
[  ]    219.0 MLBUps    252.76 GB/s [====                ]  1s
[  ]    218.8 MLBUps    252.49 GB/s [========            ]  2s
[  ]    219.1 MLBUps    252.80 GB/s [============        ]  3s
[  ]    218.9 MLBUps    252.64 GB/s [================    ]  4s
[  ]    ---- :    215.9 MLBUps    249.13 GB/s [====================]
[  ]    219.0 MLBUps    252.74 GB/s [====                ]  1s
[  ]    218.7 MLBUps    252.35 GB/s [========            ]  2s
[  ]    218.9 MLBUps    252.57 GB/s [============        ]  3s
[  ]    218.8 MLBUps    252.53 GB/s [================    ]  4s
[  ]    ---- :    216.0 MLBUps    249.26 GB/s [====================]
[  ]    219.0 MLBUps    252.75 GB/s [====                ]  1s
[  ]    218.8 MLBUps    252.44 GB/s [========            ]  2s
[  ]    219.0 MLBUps    252.67 GB/s [============        ]  3s
[  ]    219.0 MLBUps    252.75 GB/s [================    ]  4s
[  ]    ---- :    216.1 MLBUps    249.34 GB/s [====================]
[  ]    219.0 MLBUps    252.74 GB/s [====                ]  1s
[  ]    219.1 MLBUps    252.85 GB/s [========            ]  2s
[  ]    219.2 MLBUps    252.91 GB/s [============        ]  3s
[  ]    219.0 MLBUps    252.76 GB/s [================    ]  4s
[  ]    ---- :    216.2 MLBUps    249.47 GB/s [====================]
[  ]    218.9 MLBUps    252.57 GB/s [====                ]  1s
[  ]    218.9 MLBUps    252.58 GB/s [========            ]  2s
[  ]    218.9 MLBUps    252.57 GB/s [============        ]  3s
[  ]    218.9 MLBUps    252.62 GB/s [================    ]  4s
[  ]    ---- :    216.1 MLBUps    249.40 GB/s [====================]
[  ]    219.0 MLBUps    252.68 GB/s [====                ]  1s
[  ]    219.0 MLBUps    252.70 GB/s [========            ]  2s
[  ]    219.0 MLBUps    252.75 GB/s [============        ]  3s
[  ]    219.1 MLBUps    252.79 GB/s [================    ]  4s
[  ]    ---- :    216.2 MLBUps    249.51 GB/s [====================]
[  ]    219.0 MLBUps    252.70 GB/s [====                ]  1s
[  ]    219.0 MLBUps    252.74 GB/s [========            ]  2s
[  ]    219.0 MLBUps    252.67 GB/s [============        ]  3s
[  ]    218.8 MLBUps    252.55 GB/s [================    ]  4s
[  ]    ---- :    216.0 MLBUps    249.22 GB/s [====================]
[  ]    219.1 MLBUps    252.89 GB/s [====                ]  1s
[  ]    218.9 MLBUps    252.67 GB/s [========            ]  2s
[  ]    219.1 MLBUps    252.83 GB/s [============        ]  3s
[  ]    219.0 MLBUps    252.72 GB/s [================    ]  4s
[  ]    ---- :    216.1 MLBUps    249.38 GB/s [====================]
[  ]    218.9 MLBUps    252.64 GB/s [====                ]  1s
[  ]    218.9 MLBUps    252.60 GB/s [========            ]  2s
[  ]    219.1 MLBUps    252.86 GB/s [============        ]  3s
[  ]    219.0 MLBUps    252.69 GB/s [================    ]  4s
[  ]    ---- :    216.3 MLBUps    249.58 GB/s [====================]
[  ]    ---- :    20000 it writing vtk
[  ]    163.7 MLBUps    188.93 GB/s [====                ]  1s
[  ]    219.0 MLBUps    252.78 GB/s [=======             ]  2s
[  ]    219.0 MLBUps    252.73 GB/s [===========         ]  3s
[  ]    219.1 MLBUps    252.80 GB/s [===============     ]  4s
[  ]    219.1 MLBUps    252.86 GB/s [=================== ]  5s
[  ]    ---- :    203.4 MLBUps    234.76 GB/s [====================]
[  ]    218.8 MLBUps    252.52 GB/s [===                 ]  0s
[  ]    219.2 MLBUps    252.95 GB/s [=======             ]  1s
[  ]    219.0 MLBUps    252.78 GB/s [===========         ]  2s
[  ]    219.1 MLBUps    252.82 GB/s [================    ]  3s
[  ]    ---- :    216.2 MLBUps    249.52 GB/s [====================]
[  ]    219.0 MLBUps    252.70 GB/s [====                ]  1s
[  ]    218.9 MLBUps    252.56 GB/s [========            ]  2s
[  ]    219.1 MLBUps    252.88 GB/s [============        ]  3s
[  ]    219.0 MLBUps    252.75 GB/s [================    ]  4s
[  ]    ---- :    216.1 MLBUps    249.33 GB/s [====================]
[  ]    218.8 MLBUps    252.49 GB/s [====                ]  1s
[  ]    218.8 MLBUps    252.49 GB/s [========            ]  2s
[  ]    218.9 MLBUps    252.62 GB/s [============        ]  3s
[  ]    219.0 MLBUps    252.71 GB/s [================    ]  4s
[  ]    ---- :    216.1 MLBUps    249.43 GB/s [====================]
[  ]    219.1 MLBUps    252.79 GB/s [====                ]  1s
[  ]    219.0 MLBUps    252.72 GB/s [========            ]  2s
[  ]    219.0 MLBUps    252.74 GB/s [============        ]  3s
[  ]    219.1 MLBUps    252.80 GB/s [================    ]  4s
[  ]    ---- :    216.1 MLBUps    249.35 GB/s [====================]
[  ]    218.9 MLBUps    252.60 GB/s [====                ]  1s
[  ]    218.9 MLBUps    252.64 GB/s [========            ]  2s
[  ]    219.3 MLBUps    253.03 GB/s [============        ]  3s
[  ]    219.1 MLBUps    252.85 GB/s [================    ]  4s
[  ]    ---- :    216.3 MLBUps    249.56 GB/s [====================]
[  ]    219.1 MLBUps    252.89 GB/s [====                ]  1s
[  ]    219.0 MLBUps    252.74 GB/s [========            ]  2s
[  ]    218.9 MLBUps    252.62 GB/s [============        ]  3s
[  ]    219.0 MLBUps    252.68 GB/s [================    ]  4s
[  ]    ---- :    216.0 MLBUps    249.25 GB/s [====================]
[  ]    218.8 MLBUps    252.50 GB/s [====                ]  1s
[  ]    219.0 MLBUps    252.74 GB/s [========            ]  2s
[  ]    218.9 MLBUps    252.63 GB/s [============        ]  3s
[  ]    219.0 MLBUps    252.78 GB/s [================    ]  4s
[  ]    ---- :    215.9 MLBUps    249.11 GB/s [====================]
[  ]    218.9 MLBUps    252.57 GB/s [====                ]  1s
[  ]    218.9 MLBUps    252.65 GB/s [========            ]  2s
[  ]    219.1 MLBUps    252.81 GB/s [============        ]  3s
[  ]    219.2 MLBUps    252.99 GB/s [================    ]  4s
[  ]    ---- :    216.2 MLBUps    249.47 GB/s [====================]
[  ]    218.9 MLBUps    252.60 GB/s [====                ]  1s
[  ]    219.2 MLBUps    253.00 GB/s [========            ]  2s
[  ]    219.1 MLBUps    252.87 GB/s [============        ]  3s
[  ]    219.0 MLBUps    252.70 GB/s [================    ]  4s
[  ]    ---- :    216.1 MLBUps    249.39 GB/s [====================]
[  ]    219.0 MLBUps    252.75 GB/s [====                ]  1s
[  ]    219.0 MLBUps    252.70 GB/s [========            ]  2s
[  ]    219.2 MLBUps    252.96 GB/s [============        ]  3s
[  ]    219.1 MLBUps    252.82 GB/s [================    ]  4s
[  ]    ---- :    216.2 MLBUps    249.53 GB/s [====================]
[  ]    219.0 MLBUps    252.67 GB/s [====                ]  1s
[  ]    218.8 MLBUps    252.47 GB/s [========            ]  2s
[  ]    218.9 MLBUps    252.59 GB/s [============        ]  3s
[  ]    219.0 MLBUps    252.76 GB/s [================    ]  4s
[  ]    ---- :    216.1 MLBUps    249.38 GB/s [====================]
[  ]    218.8 MLBUps    252.50 GB/s [====                ]  1s
[  ]    218.9 MLBUps    252.66 GB/s [========            ]  2s
[  ]    218.8 MLBUps    252.45 GB/s [============        ]  3s
[  ]    219.1 MLBUps    252.83 GB/s [================    ]  4s
[  ]    ---- :    216.1 MLBUps    249.40 GB/s [====================]
[  ]    219.1 MLBUps    252.80 GB/s [====                ]  1s
[  ]    219.1 MLBUps    252.79 GB/s [========            ]  2s
[  ]    218.9 MLBUps    252.65 GB/s [============        ]  3s
[  ]    219.2 MLBUps    252.91 GB/s [================    ]  4s
[  ]    ---- :    216.3 MLBUps    249.64 GB/s [====================]
[  ]    219.0 MLBUps    252.67 GB/s [====                ]  1s
[  ]    219.2 MLBUps    252.92 GB/s [========            ]  2s
[  ]    218.9 MLBUps    252.64 GB/s [============        ]  3s
[  ]    219.0 MLBUps    252.74 GB/s [================    ]  4s
[  ]    ---- :    216.1 MLBUps    249.40 GB/s [====================]
[  ]    219.0 MLBUps    252.68 GB/s [====                ]  1s
[  ]    219.0 MLBUps    252.75 GB/s [========            ]  2s
[  ]    219.3 MLBUps    253.03 GB/s [============        ]  3s
[  ]    219.0 MLBUps    252.68 GB/s [================    ]  4s
[  ]    ---- :    216.2 MLBUps    249.50 GB/s [====================]
[  ]    219.0 MLBUps    252.75 GB/s [====                ]  1s
[  ]    219.0 MLBUps    252.68 GB/s [========            ]  2s
[  ]    218.9 MLBUps    252.63 GB/s [============        ]  3s
[  ]    218.7 MLBUps    252.36 GB/s [================    ]  4s
[  ]    ---- :    216.1 MLBUps    249.38 GB/s [====================]
[  ]    218.9 MLBUps    252.67 GB/s [====                ]  1s
[  ]    218.9 MLBUps    252.64 GB/s [========            ]  2s
[  ]    219.0 MLBUps    252.71 GB/s [============        ]  3s
[  ]    218.9 MLBUps    252.62 GB/s [================    ]  4s
[  ]    ---- :    216.1 MLBUps    249.41 GB/s [====================]
[  ]    219.0 MLBUps    252.71 GB/s [====                ]  1s
[  ]    219.1 MLBUps    252.86 GB/s [========            ]  2s
[  ]    219.0 MLBUps    252.74 GB/s [============        ]  3s
[  ]    219.0 MLBUps    252.70 GB/s [================    ]  4s
[  ]    ---- :    216.1 MLBUps    249.38 GB/s [====================]
[  ]    218.8 MLBUps    252.51 GB/s [====                ]  1s
[  ]    219.0 MLBUps    252.70 GB/s [========            ]  2s
[  ]    218.9 MLBUps    252.66 GB/s [============        ]  3s
[  ]    219.1 MLBUps    252.86 GB/s [================    ]  4s
[  ]    ---- :    215.9 MLBUps    249.18 GB/s [====================]
[  ]    ---- :    40000 it writing vtk
[  ]    164.7 MLBUps    190.02 GB/s [====                ]  1s
[  ]    220.4 MLBUps    254.29 GB/s [=======             ]  2s
[  ]    220.5 MLBUps    254.42 GB/s [===========         ]  3s
[  ]    220.5 MLBUps    254.45 GB/s [===============     ]  4s
[  ]    220.4 MLBUps    254.34 GB/s [=================== ]  5s
[  ]    ---- :    201.4 MLBUps    232.43 GB/s [====================]
[  ]    220.4 MLBUps    254.36 GB/s [===                 ]  0s
[  ]    220.6 MLBUps    254.54 GB/s [=======             ]  1s
[  ]    220.5 MLBUps    254.51 GB/s [============        ]  2s
[  ]    220.4 MLBUps    254.34 GB/s [================    ]  3s
[  ]    ---- :    217.7 MLBUps    251.22 GB/s [====================]
[  ]    220.5 MLBUps    254.51 GB/s [====                ]  0s
[  ]    220.4 MLBUps    254.30 GB/s [========            ]  1s
[  ]    220.3 MLBUps    254.22 GB/s [============        ]  2s
[  ]    220.5 MLBUps    254.47 GB/s [================    ]  3s
[  ]    ---- :    217.7 MLBUps    251.19 GB/s [====================]
[  ]    220.5 MLBUps    254.44 GB/s [====                ]  0s
[  ]    220.6 MLBUps    254.54 GB/s [========            ]  1s
[  ]    220.5 MLBUps    254.50 GB/s [============        ]  3s
[  ]    220.5 MLBUps    254.41 GB/s [================    ]  4s
[  ]    ---- :    217.6 MLBUps    251.08 GB/s [====================]
[  ]    218.7 MLBUps    252.37 GB/s [====                ]  1s
[  ]    217.7 MLBUps    251.19 GB/s [========            ]  2s
[  ]    217.5 MLBUps    251.04 GB/s [============        ]  3s
[  ]    217.9 MLBUps    251.41 GB/s [================    ]  4s
[  ]    ---- :    215.0 MLBUps    248.09 GB/s [====================]
[  ]    217.5 MLBUps    250.98 GB/s [====                ]  0s
[  ]    217.7 MLBUps    251.22 GB/s [========            ]  1s
[  ]    217.7 MLBUps    251.23 GB/s [============        ]  2s
[  ]    217.7 MLBUps    251.19 GB/s [================    ]  3s
[  ]    ---- :    215.0 MLBUps    248.09 GB/s [====================]
[  ]    217.8 MLBUps    251.29 GB/s [====                ]  0s
[  ]    217.7 MLBUps    251.28 GB/s [========            ]  1s
[  ]    217.7 MLBUps    251.28 GB/s [============        ]  2s
[  ]    217.8 MLBUps    251.33 GB/s [================    ]  3s
[  ]    ---- :    214.9 MLBUps    247.99 GB/s [====================]
[  ]    217.6 MLBUps    251.10 GB/s [====                ]  0s
[  ]    217.7 MLBUps    251.27 GB/s [========            ]  1s
[  ]    217.5 MLBUps    251.00 GB/s [============        ]  2s
[  ]    217.6 MLBUps    251.15 GB/s [================    ]  3s
[  ]    ---- :    214.9 MLBUps    248.02 GB/s [====================]
[  ]    217.6 MLBUps    251.11 GB/s [====                ]  0s
[  ]    217.6 MLBUps    251.06 GB/s [========            ]  1s
[  ]    217.6 MLBUps    251.10 GB/s [============        ]  2s
[  ]    217.7 MLBUps    251.25 GB/s [================    ]  3s
[  ]    ---- :    214.8 MLBUps    247.94 GB/s [====================]
[  ]    217.5 MLBUps    251.04 GB/s [====                ]  0s
[  ]    217.7 MLBUps    251.19 GB/s [========            ]  1s
[  ]    217.6 MLBUps    251.07 GB/s [============        ]  2s
[  ]    217.6 MLBUps    251.05 GB/s [================    ]  3s
[  ]    ---- :    214.5 MLBUps    247.52 GB/s [====================]
[  ]    217.7 MLBUps    251.27 GB/s [====                ]  0s
[  ]    217.7 MLBUps    251.23 GB/s [========            ]  1s
[  ]    217.6 MLBUps    251.13 GB/s [============        ]  2s
[  ]    217.5 MLBUps    251.02 GB/s [================    ]  3s
[  ]    ---- :    214.5 MLBUps    247.52 GB/s [====================]
[  ]    215.3 MLBUps    248.50 GB/s [====                ]  1s
[  ]    212.2 MLBUps    244.86 GB/s [========            ]  2s
[  ]    212.2 MLBUps    244.94 GB/s [============        ]  3s
[  ]    212.0 MLBUps    244.69 GB/s [===============     ]  4s
[  ]    212.3 MLBUps    245.03 GB/s [=================== ]  5s
[  ]    ---- :    133.5 MLBUps    154.02 GB/s [====================]
[  ]    212.3 MLBUps    244.99 GB/s [===                 ]  1s
[  ]    212.7 MLBUps    245.41 GB/s [=======             ]  2s
[  ]    212.4 MLBUps    245.09 GB/s [===========         ]  3s
[  ]    212.7 MLBUps    245.43 GB/s [===============     ]  4s
[  ]    212.4 MLBUps    245.14 GB/s [=================== ]  5s
[  ]    ---- :    170.8 MLBUps    197.12 GB/s [====================]
[  ]    212.8 MLBUps    245.61 GB/s [===                 ]  1s
[  ]    212.5 MLBUps    245.21 GB/s [=======             ]  2s
[  ]    212.5 MLBUps    245.25 GB/s [===========         ]  3s
[  ]    212.5 MLBUps    245.27 GB/s [===============     ]  4s
[  ]    212.6 MLBUps    245.30 GB/s [=================== ]  5s
[  ]    ---- :    171.1 MLBUps    197.47 GB/s [====================]
[  ]    213.2 MLBUps    246.05 GB/s [===                 ]  0s
[  ]    217.2 MLBUps    250.65 GB/s [=======             ]  1s
[  ]    217.5 MLBUps    251.01 GB/s [===========         ]  2s
[  ]    217.1 MLBUps    250.51 GB/s [================    ]  3s
[  ]    ---- :    214.9 MLBUps    247.94 GB/s [====================]
[  ]    217.2 MLBUps    250.67 GB/s [====                ]  0s
[  ]    217.1 MLBUps    250.55 GB/s [========            ]  1s
[  ]    217.7 MLBUps    251.18 GB/s [============        ]  2s
[  ]    217.3 MLBUps    250.79 GB/s [================    ]  3s
[  ]    ---- :    214.9 MLBUps    248.02 GB/s [====================]
[  ]    217.5 MLBUps    251.03 GB/s [====                ]  0s
[  ]    217.1 MLBUps    250.58 GB/s [========            ]  1s
[  ]    217.1 MLBUps    250.52 GB/s [============        ]  2s
[  ]    217.2 MLBUps    250.70 GB/s [================    ]  3s
[  ]    ---- :    214.9 MLBUps    248.03 GB/s [====================]
[  ]    217.4 MLBUps    250.82 GB/s [====                ]  0s
[  ]    217.1 MLBUps    250.57 GB/s [========            ]  1s
[  ]    217.3 MLBUps    250.78 GB/s [============        ]  2s
[  ]    217.2 MLBUps    250.70 GB/s [================    ]  3s
[  ]    ---- :    214.5 MLBUps    247.52 GB/s [====================]
[  ]    216.9 MLBUps    250.25 GB/s [====                ]  1s
[  ]    217.1 MLBUps    250.55 GB/s [========            ]  2s
[  ]    217.5 MLBUps    250.95 GB/s [============        ]  3s
[  ]    216.1 MLBUps    249.36 GB/s [================    ]  4s
[  ]    ---- :    209.7 MLBUps    242.02 GB/s [====================]
[  ]    212.2 MLBUps    244.90 GB/s [====                ]  1s
[  ]    212.4 MLBUps    245.09 GB/s [=======             ]  2s
[  ]    212.3 MLBUps    245.01 GB/s [===========         ]  3s
[  ]    212.4 MLBUps    245.16 GB/s [===============     ]  4s
[  ]    212.5 MLBUps    245.27 GB/s [=================== ]  5s
[  ]    ---- :    163.2 MLBUps    188.31 GB/s [====================]
[  ]    ---- :    60000 it writing vtk
[  ]    167.4 MLBUps    193.14 GB/s [===                 ]  1s
[  ]    216.4 MLBUps    249.78 GB/s [=======             ]  2s
[  ]    216.6 MLBUps    250.01 GB/s [===========         ]  3s
[  ]    216.6 MLBUps    249.95 GB/s [===============     ]  4s
[  ]    217.3 MLBUps    250.78 GB/s [=================== ]  5s
[  ]    ---- :    203.8 MLBUps    235.13 GB/s [====================]
[  ]    216.5 MLBUps    249.87 GB/s [===                 ]  0s
[  ]    216.3 MLBUps    249.65 GB/s [=======             ]  1s
[  ]    217.0 MLBUps    250.41 GB/s [===========         ]  2s
[  ]    216.3 MLBUps    249.60 GB/s [===============     ]  3s
[  ]    216.7 MLBUps    250.11 GB/s [=================== ]  4s
[  ]    ---- :     98.0 MLBUps    113.11 GB/s [====================]
[  ]    216.9 MLBUps    250.27 GB/s [====                ]  0s
[  ]    216.9 MLBUps    250.29 GB/s [========            ]  1s
[  ]    216.7 MLBUps    250.04 GB/s [============        ]  2s
[  ]    216.2 MLBUps    249.55 GB/s [================    ]  3s
[  ]    ---- :    214.0 MLBUps    246.99 GB/s [====================]
[  ]    211.6 MLBUps    244.17 GB/s [====                ]  1s
[  ]    210.3 MLBUps    242.68 GB/s [=======             ]  2s
[  ]    211.0 MLBUps    243.50 GB/s [===========         ]  3s
[  ]    210.3 MLBUps    242.64 GB/s [===============     ]  4s
[  ]    210.2 MLBUps    242.60 GB/s [=================== ]  5s
[  ]    ---- :    180.1 MLBUps    207.87 GB/s [====================]
[  ]    210.2 MLBUps    242.52 GB/s [===                 ]  1s
[  ]    209.8 MLBUps    242.15 GB/s [=======             ]  2s
[  ]    209.9 MLBUps    242.21 GB/s [===========         ]  3s
[  ]    212.2 MLBUps    244.87 GB/s [===============     ]  4s
[  ]    212.0 MLBUps    244.68 GB/s [=================== ]  5s
[  ]    ---- :    187.1 MLBUps    215.95 GB/s [====================]
[  ]    212.8 MLBUps    245.54 GB/s [===                 ]  0s
[  ]    212.5 MLBUps    245.22 GB/s [=======             ]  1s
[  ]    212.5 MLBUps    245.17 GB/s [===========         ]  2s
[  ]    212.5 MLBUps    245.18 GB/s [===============     ]  3s
[  ]    212.6 MLBUps    245.29 GB/s [=================== ]  4s
[  ]    ---- :    177.0 MLBUps    204.30 GB/s [====================]
[  ]    212.6 MLBUps    245.33 GB/s [===                 ]  1s
[  ]    212.5 MLBUps    245.25 GB/s [=======             ]  2s
[  ]    212.9 MLBUps    245.68 GB/s [===========         ]  3s
[  ]    212.4 MLBUps    245.11 GB/s [===============     ]  4s
[  ]    212.7 MLBUps    245.49 GB/s [=================== ]  5s
[  ]    ---- :    170.8 MLBUps    197.16 GB/s [====================]
[  ]    212.4 MLBUps    245.08 GB/s [===                 ]  1s
[  ]    212.8 MLBUps    245.60 GB/s [=======             ]  2s
[  ]    214.7 MLBUps    247.76 GB/s [===========         ]  2s
[  ]    215.5 MLBUps    248.69 GB/s [===============     ]  3s
[  ]    215.4 MLBUps    248.53 GB/s [=================== ]  4s
[  ]    ---- :    153.3 MLBUps    176.92 GB/s [====================]
[  ]    215.4 MLBUps    248.61 GB/s [===                 ]  0s
[  ]    215.2 MLBUps    248.38 GB/s [=======             ]  1s
[  ]    215.2 MLBUps    248.29 GB/s [===========         ]  2s
[  ]    214.7 MLBUps    247.81 GB/s [===============     ]  3s
[  ]    215.4 MLBUps    248.55 GB/s [=================== ]  4s
[  ]    ---- :     97.2 MLBUps    112.15 GB/s [====================]
[  ]    214.6 MLBUps    247.62 GB/s [====                ]  1s
[  ]    214.4 MLBUps    247.46 GB/s [========            ]  2s
[  ]    215.1 MLBUps    248.20 GB/s [============        ]  3s
[  ]    215.0 MLBUps    248.15 GB/s [================    ]  4s
[  ]    ---- :    212.5 MLBUps    245.19 GB/s [====================]
[  ]    215.5 MLBUps    248.74 GB/s [====                ]  0s
[  ]    214.2 MLBUps    247.23 GB/s [========            ]  2s
[  ]    214.2 MLBUps    247.23 GB/s [============        ]  3s
[  ]    215.0 MLBUps    248.12 GB/s [================    ]  4s
[  ]    ---- :    212.0 MLBUps    244.63 GB/s [====================]
[  ]    215.6 MLBUps    248.80 GB/s [====                ]  0s
[  ]    214.7 MLBUps    247.71 GB/s [========            ]  1s
[  ]    214.7 MLBUps    247.71 GB/s [============        ]  3s
[  ]    215.1 MLBUps    248.25 GB/s [================    ]  4s
[  ]    ---- :    212.2 MLBUps    244.90 GB/s [====================]
[  ]    215.0 MLBUps    248.06 GB/s [====                ]  1s
[  ]    214.6 MLBUps    247.66 GB/s [========            ]  2s
[  ]    214.7 MLBUps    247.75 GB/s [============        ]  3s
[  ]    214.4 MLBUps    247.39 GB/s [================    ]  4s
[  ]    ---- :    212.4 MLBUps    245.07 GB/s [====================]
[  ]    215.2 MLBUps    248.35 GB/s [====                ]  0s
[  ]    215.7 MLBUps    248.92 GB/s [========            ]  1s
[  ]    215.1 MLBUps    248.19 GB/s [============        ]  2s
[  ]    215.7 MLBUps    248.87 GB/s [================    ]  3s
[  ]    ---- :    212.4 MLBUps    245.13 GB/s [====================]
[  ]    215.0 MLBUps    248.15 GB/s [====                ]  1s
[  ]    214.5 MLBUps    247.58 GB/s [========            ]  2s
[  ]    215.0 MLBUps    248.09 GB/s [============        ]  3s
[  ]    215.7 MLBUps    248.87 GB/s [================    ]  3s
[  ]    ---- :    212.2 MLBUps    244.83 GB/s [====================]
[  ]    214.6 MLBUps    247.60 GB/s [====                ]  1s
[  ]    215.2 MLBUps    248.34 GB/s [========            ]  2s
[  ]    215.3 MLBUps    248.44 GB/s [============        ]  3s
[  ]    214.7 MLBUps    247.80 GB/s [================    ]  4s
[  ]    ---- :    212.7 MLBUps    245.49 GB/s [====================]
[  ]    215.5 MLBUps    248.68 GB/s [====                ]  0s
[  ]    215.1 MLBUps    248.21 GB/s [========            ]  1s
[  ]    214.6 MLBUps    247.63 GB/s [============        ]  2s
[  ]    215.2 MLBUps    248.39 GB/s [================    ]  3s
[  ]    ---- :    212.3 MLBUps    244.97 GB/s [====================]
[  ]    215.0 MLBUps    248.13 GB/s [====                ]  1s
[  ]    215.5 MLBUps    248.71 GB/s [========            ]  1s
[  ]    215.0 MLBUps    248.14 GB/s [============        ]  2s
[  ]    215.2 MLBUps    248.33 GB/s [================    ]  3s
[  ]    ---- :    212.8 MLBUps    245.57 GB/s [====================]
[  ]    215.2 MLBUps    248.33 GB/s [====                ]  0s
[  ]    214.7 MLBUps    247.77 GB/s [========            ]  2s
[  ]    215.6 MLBUps    248.75 GB/s [============        ]  2s
[  ]    215.2 MLBUps    248.34 GB/s [================    ]  3s
[  ]    ---- :    212.0 MLBUps    244.67 GB/s [====================]
[  ]    214.6 MLBUps    247.65 GB/s [====                ]  1s
[  ]    215.5 MLBUps    248.71 GB/s [========            ]  1s
[  ]    214.6 MLBUps    247.64 GB/s [============        ]  3s
[  ]    215.4 MLBUps    248.54 GB/s [================    ]  4s
[  ]    ---- :    212.0 MLBUps    244.61 GB/s [====================]
[  ]    ---- :    80000 it writing vtk
[  ]    171.8 MLBUps    198.21 GB/s [====                ]  1s
[  ]    217.2 MLBUps    250.62 GB/s [=======             ]  2s
[  ]    215.7 MLBUps    248.90 GB/s [===========         ]  3s
[  ]    213.1 MLBUps    245.94 GB/s [===============     ]  4s
[  ]    213.2 MLBUps    246.07 GB/s [=================== ]  5s
[  ]    ---- :    200.6 MLBUps    231.50 GB/s [====================]
[  ]    213.9 MLBUps    246.90 GB/s [===                 ]  0s
[  ]    213.7 MLBUps    246.66 GB/s [=======             ]  1s
[  ]    213.1 MLBUps    245.97 GB/s [===========         ]  2s
[  ]    213.7 MLBUps    246.63 GB/s [===============     ]  3s
[  ]    212.7 MLBUps    245.51 GB/s [=================== ]  4s
[  ]    ---- :    187.8 MLBUps    216.73 GB/s [====================]
[  ]    213.5 MLBUps    246.32 GB/s [===                 ]  0s
[  ]    213.1 MLBUps    245.91 GB/s [=======             ]  1s
[  ]    213.5 MLBUps    246.43 GB/s [===========         ]  2s
[  ]    213.1 MLBUps    245.94 GB/s [===============     ]  3s
[  ]    213.2 MLBUps    246.09 GB/s [=================== ]  4s
[  ]    ---- :    171.9 MLBUps    198.32 GB/s [====================]
[  ]    212.9 MLBUps    245.72 GB/s [===                 ]  0s
[  ]    212.7 MLBUps    245.42 GB/s [=======             ]  2s
[  ]    213.3 MLBUps    246.14 GB/s [===========         ]  2s
[  ]    213.2 MLBUps    246.07 GB/s [===============     ]  3s
[  ]    213.4 MLBUps    246.26 GB/s [=================== ]  4s
[  ]    ---- :    172.5 MLBUps    199.02 GB/s [====================]
[  ]    213.3 MLBUps    246.20 GB/s [===                 ]  0s
[  ]    213.2 MLBUps    246.05 GB/s [=======             ]  1s
[  ]    213.6 MLBUps    246.52 GB/s [===========         ]  2s
[  ]    212.8 MLBUps    245.56 GB/s [===============     ]  3s
[  ]    213.7 MLBUps    246.56 GB/s [=================== ]  4s
[  ]    ---- :    172.5 MLBUps    199.10 GB/s [====================]
[  ]    213.3 MLBUps    246.18 GB/s [===                 ]  0s
[  ]    213.3 MLBUps    246.18 GB/s [=======             ]  1s
[  ]    213.3 MLBUps    246.14 GB/s [===========         ]  2s
[  ]    213.8 MLBUps    246.78 GB/s [===============     ]  3s
[  ]    213.2 MLBUps    245.98 GB/s [=================== ]  4s
[  ]    ---- :    171.6 MLBUps    198.04 GB/s [====================]
[  ]    213.5 MLBUps    246.42 GB/s [===                 ]  0s
[  ]    213.9 MLBUps    246.85 GB/s [=======             ]  1s
[  ]    213.3 MLBUps    246.13 GB/s [===========         ]  2s
[  ]    213.3 MLBUps    246.18 GB/s [===============     ]  3s
[  ]    213.6 MLBUps    246.55 GB/s [=================== ]  4s
[  ]    ---- :    171.1 MLBUps    197.41 GB/s [====================]
[  ]    213.2 MLBUps    246.02 GB/s [===                 ]  0s
[  ]    213.5 MLBUps    246.42 GB/s [=======             ]  1s
[  ]    213.0 MLBUps    245.82 GB/s [===========         ]  2s
[  ]    213.1 MLBUps    245.96 GB/s [===============     ]  3s
[  ]    213.5 MLBUps    246.40 GB/s [=================== ]  4s
[  ]    ---- :    173.4 MLBUps    200.07 GB/s [====================]
[  ]    213.3 MLBUps    246.13 GB/s [===                 ]  0s
[  ]    213.3 MLBUps    246.18 GB/s [=======             ]  1s
[  ]    213.7 MLBUps    246.61 GB/s [===========         ]  2s
[  ]    213.1 MLBUps    245.97 GB/s [===============     ]  3s
[  ]    214.1 MLBUps    247.11 GB/s [=================== ]  4s
[  ]    ---- :    172.0 MLBUps    198.54 GB/s [====================]
[  ]    213.1 MLBUps    245.95 GB/s [===                 ]  0s
[  ]    213.8 MLBUps    246.73 GB/s [=======             ]  1s
[  ]    213.1 MLBUps    245.92 GB/s [===========         ]  2s
[  ]    212.9 MLBUps    245.63 GB/s [===============     ]  3s
[  ]    213.4 MLBUps    246.22 GB/s [=================== ]  4s
[  ]    ---- :    171.5 MLBUps    197.94 GB/s [====================]
[  ]    213.1 MLBUps    245.88 GB/s [===                 ]  0s
[  ]    213.7 MLBUps    246.60 GB/s [=======             ]  1s
[  ]    213.3 MLBUps    246.10 GB/s [===========         ]  2s
[  ]    212.8 MLBUps    245.52 GB/s [===============     ]  3s
[  ]    213.6 MLBUps    246.52 GB/s [=================== ]  4s
[  ]    ---- :    173.2 MLBUps    199.83 GB/s [====================]
[  ]    213.4 MLBUps    246.31 GB/s [===                 ]  0s
[  ]    213.6 MLBUps    246.52 GB/s [=======             ]  1s
[  ]    213.1 MLBUps    245.91 GB/s [===========         ]  2s
[  ]    213.6 MLBUps    246.50 GB/s [===============     ]  3s
[  ]    213.5 MLBUps    246.41 GB/s [=================== ]  4s
[  ]    ---- :    172.7 MLBUps    199.25 GB/s [====================]
[  ]    212.9 MLBUps    245.68 GB/s [===                 ]  0s
[  ]    213.3 MLBUps    246.09 GB/s [=======             ]  1s
[  ]    213.8 MLBUps    246.77 GB/s [===========         ]  2s
[  ]    213.5 MLBUps    246.38 GB/s [===============     ]  3s
[  ]    213.7 MLBUps    246.56 GB/s [=================== ]  4s
[  ]    ---- :    172.6 MLBUps    199.17 GB/s [====================]
[  ]    212.9 MLBUps    245.64 GB/s [===                 ]  1s
[  ]    212.5 MLBUps    245.18 GB/s [=======             ]  2s
[  ]    212.6 MLBUps    245.36 GB/s [===========         ]  3s
[  ]    212.9 MLBUps    245.73 GB/s [===============     ]  4s
[  ]    212.9 MLBUps    245.73 GB/s [=================== ]  5s
[  ]    ---- :    172.5 MLBUps    199.06 GB/s [====================]
[  ]    213.7 MLBUps    246.64 GB/s [===                 ]  0s
[  ]    213.0 MLBUps    245.74 GB/s [=======             ]  1s
[  ]    213.0 MLBUps    245.85 GB/s [===========         ]  2s
[  ]    213.9 MLBUps    246.81 GB/s [===============     ]  3s
[  ]    213.0 MLBUps    245.85 GB/s [=================== ]  4s
[  ]    ---- :    172.3 MLBUps    198.88 GB/s [====================]
[  ]    212.5 MLBUps    245.18 GB/s [===                 ]  1s
[  ]    213.3 MLBUps    246.17 GB/s [=======             ]  2s
[  ]    213.1 MLBUps    245.87 GB/s [===========         ]  2s
[  ]    213.4 MLBUps    246.30 GB/s [===============     ]  3s
[  ]    213.6 MLBUps    246.45 GB/s [=================== ]  4s
[  ]    ---- :    172.3 MLBUps    198.86 GB/s [====================]
[  ]    213.2 MLBUps    246.00 GB/s [===                 ]  0s
[  ]    213.0 MLBUps    245.81 GB/s [=======             ]  1s
[  ]    212.9 MLBUps    245.69 GB/s [===========         ]  2s
[  ]    213.0 MLBUps    245.76 GB/s [===============     ]  3s
[  ]    212.8 MLBUps    245.56 GB/s [=================== ]  4s
[  ]    ---- :    172.0 MLBUps    198.51 GB/s [====================]
[  ]    213.0 MLBUps    245.80 GB/s [===                 ]  0s
[  ]    213.0 MLBUps    245.83 GB/s [=======             ]  1s
[  ]    213.1 MLBUps    245.97 GB/s [===========         ]  2s
[  ]    213.1 MLBUps    245.93 GB/s [===============     ]  3s
[  ]    213.7 MLBUps    246.61 GB/s [=================== ]  4s
[  ]    ---- :    171.3 MLBUps    197.72 GB/s [====================]
[  ]    213.1 MLBUps    245.94 GB/s [===                 ]  0s
[  ]    213.2 MLBUps    246.06 GB/s [=======             ]  1s
[  ]    213.4 MLBUps    246.22 GB/s [===========         ]  2s
[  ]    212.8 MLBUps    245.61 GB/s [===============     ]  3s
[  ]    214.2 MLBUps    247.16 GB/s [=================== ]  4s
[  ]    ---- :    172.3 MLBUps    198.88 GB/s [====================]
[  ]    213.6 MLBUps    246.47 GB/s [===                 ]  0s
[  ]    212.9 MLBUps    245.74 GB/s [=======             ]  1s
[  ]    213.4 MLBUps    246.22 GB/s [===========         ]  2s
[  ]    213.7 MLBUps    246.65 GB/s [===============     ]  3s
[  ]    213.1 MLBUps    245.97 GB/s [=================== ]  4s
[  ]    ---- :    171.5 MLBUps    197.92 GB/s [====================]
[  ]    ---- :   100000 it writing vtk
[  ]    171.6 MLBUps    198.01 GB/s [===                 ]  1s
[  ]    217.9 MLBUps    251.49 GB/s [=======             ]  2s
[  ]    217.8 MLBUps    251.30 GB/s [===========         ]  3s
[  ]    218.1 MLBUps    251.66 GB/s [===============     ]  4s
[  ]    217.9 MLBUps    251.51 GB/s [=================== ]  5s
[  ]    ---- :    203.6 MLBUps    234.99 GB/s [====================]
[  ]    211.9 MLBUps    244.49 GB/s [===                 ]  0s
[  ]    212.0 MLBUps    244.63 GB/s [=======             ]  1s
[  ]    212.3 MLBUps    245.00 GB/s [===========         ]  2s
[  ]    211.7 MLBUps    244.31 GB/s [===============     ]  3s
[  ]    212.0 MLBUps    244.60 GB/s [=================== ]  4s
[  ]    ---- :    186.7 MLBUps    215.44 GB/s [====================]
[  ]    212.0 MLBUps    244.65 GB/s [===                 ]  0s
[  ]    212.5 MLBUps    245.20 GB/s [=======             ]  1s
[  ]    211.9 MLBUps    244.52 GB/s [===========         ]  3s
[  ]    211.7 MLBUps    244.33 GB/s [===============     ]  4s
[  ]    212.0 MLBUps    244.69 GB/s [=================== ]  5s
[  ]    ---- :    180.6 MLBUps    208.36 GB/s [====================]
[  ]    212.2 MLBUps    244.93 GB/s [===                 ]  0s
[  ]    212.1 MLBUps    244.78 GB/s [=======             ]  1s
[  ]    212.1 MLBUps    244.82 GB/s [===========         ]  3s
[  ]    212.1 MLBUps    244.73 GB/s [===============     ]  4s
[  ]    212.0 MLBUps    244.62 GB/s [=================== ]  5s
[  ]    ---- :    177.4 MLBUps    204.75 GB/s [====================]
[  ]    212.5 MLBUps    245.27 GB/s [===                 ]  0s
[  ]    212.2 MLBUps    244.85 GB/s [=======             ]  1s
[  ]    212.0 MLBUps    244.71 GB/s [===========         ]  2s
[  ]    211.9 MLBUps    244.56 GB/s [===============     ]  4s
[  ]    212.4 MLBUps    245.13 GB/s [=================== ]  5s
[  ]    ---- :    176.3 MLBUps    203.44 GB/s [====================]
[  ]    212.1 MLBUps    244.80 GB/s [===                 ]  0s
[  ]    211.7 MLBUps    244.34 GB/s [=======             ]  1s
[  ]    211.7 MLBUps    244.26 GB/s [===========         ]  2s
[  ]    214.0 MLBUps    246.95 GB/s [===============     ]  3s
[  ]    213.6 MLBUps    246.48 GB/s [=================== ]  4s
[  ]    ---- :    182.1 MLBUps    210.18 GB/s [====================]
[  ]    214.1 MLBUps    247.08 GB/s [===                 ]  0s
[  ]    213.9 MLBUps    246.86 GB/s [=======             ]  1s
[  ]    213.8 MLBUps    246.69 GB/s [===========         ]  2s
[  ]    213.6 MLBUps    246.55 GB/s [===============     ]  3s
[  ]    213.6 MLBUps    246.50 GB/s [=================== ]  4s
[  ]    ---- :    164.5 MLBUps    189.88 GB/s [====================]
[  ]    214.0 MLBUps    247.00 GB/s [===                 ]  0s
[  ]    213.9 MLBUps    246.82 GB/s [=======             ]  2s
[  ]    213.9 MLBUps    246.89 GB/s [===========         ]  2s
[  ]    213.8 MLBUps    246.72 GB/s [===============     ]  3s
[  ]    213.1 MLBUps    245.93 GB/s [=================== ]  4s
[  ]    ---- :    164.2 MLBUps    189.54 GB/s [====================]
[  ]    213.4 MLBUps    246.27 GB/s [===                 ]  0s
[  ]    213.7 MLBUps    246.60 GB/s [=======             ]  1s
[  ]    213.7 MLBUps    246.62 GB/s [===========         ]  2s
[  ]    213.9 MLBUps    246.80 GB/s [===============     ]  3s
[  ]    213.7 MLBUps    246.64 GB/s [=================== ]  4s
[  ]    ---- :    172.1 MLBUps    198.61 GB/s [====================]
[  ]    213.5 MLBUps    246.36 GB/s [===                 ]  0s
[  ]    213.6 MLBUps    246.51 GB/s [=======             ]  1s
[  ]    214.3 MLBUps    247.27 GB/s [===========         ]  2s
[  ]    214.2 MLBUps    247.18 GB/s [===============     ]  3s
[  ]    213.2 MLBUps    245.98 GB/s [=================== ]  5s
[  ]    ---- :    153.4 MLBUps    177.05 GB/s [====================]
[  ]    213.4 MLBUps    246.29 GB/s [===                 ]  0s
[  ]    213.3 MLBUps    246.10 GB/s [=======             ]  1s
[  ]    213.9 MLBUps    246.88 GB/s [===========         ]  2s
[  ]    213.9 MLBUps    246.84 GB/s [===============     ]  3s
[  ]    213.9 MLBUps    246.89 GB/s [=================== ]  4s
[  ]    ---- :    173.2 MLBUps    199.82 GB/s [====================]
[  ]    213.6 MLBUps    246.54 GB/s [===                 ]  0s
[  ]    213.6 MLBUps    246.48 GB/s [=======             ]  1s
[  ]    214.2 MLBUps    247.15 GB/s [===========         ]  2s
[  ]    213.8 MLBUps    246.69 GB/s [===============     ]  3s
[  ]    213.8 MLBUps    246.69 GB/s [=================== ]  4s
[  ]    ---- :    164.6 MLBUps    189.96 GB/s [====================]
[  ]    213.6 MLBUps    246.46 GB/s [===                 ]  0s
[  ]    213.7 MLBUps    246.63 GB/s [=======             ]  1s
[  ]    213.6 MLBUps    246.46 GB/s [===========         ]  2s
[  ]    213.9 MLBUps    246.89 GB/s [===============     ]  3s
[  ]    213.7 MLBUps    246.66 GB/s [=================== ]  4s
[  ]    ---- :    172.8 MLBUps    199.45 GB/s [====================]
[  ]    213.7 MLBUps    246.55 GB/s [===                 ]  0s
[  ]    213.9 MLBUps    246.84 GB/s [=======             ]  1s
[  ]    214.6 MLBUps    247.64 GB/s [===========         ]  2s
[  ]    214.2 MLBUps    247.24 GB/s [===============     ]  3s
[  ]    214.4 MLBUps    247.40 GB/s [=================== ]  4s
[  ]    ---- :    152.5 MLBUps    175.96 GB/s [====================]
[  ]    213.9 MLBUps    246.89 GB/s [===                 ]  0s
[  ]    214.5 MLBUps    247.53 GB/s [=======             ]  1s
[  ]    213.3 MLBUps    246.11 GB/s [===========         ]  2s
[  ]    214.1 MLBUps    247.13 GB/s [===============     ]  3s
[  ]    213.2 MLBUps    246.04 GB/s [=================== ]  4s
[  ]    ---- :    152.2 MLBUps    175.68 GB/s [====================]
[  ]    214.3 MLBUps    247.32 GB/s [===                 ]  0s
[  ]    213.8 MLBUps    246.77 GB/s [=======             ]  1s
[  ]    213.8 MLBUps    246.71 GB/s [===========         ]  2s
[  ]    213.0 MLBUps    245.81 GB/s [===============     ]  3s
[  ]    213.2 MLBUps    245.98 GB/s [=================== ]  4s
[  ]    ---- :    164.5 MLBUps    189.78 GB/s [====================]
[  ]    214.1 MLBUps    247.05 GB/s [===                 ]  0s
[  ]    213.2 MLBUps    246.00 GB/s [=======             ]  2s
[  ]    213.3 MLBUps    246.14 GB/s [===========         ]  3s
[  ]    214.1 MLBUps    247.06 GB/s [===============     ]  3s
[  ]    212.9 MLBUps    245.67 GB/s [=================== ]  5s
[  ]    ---- :    152.2 MLBUps    175.69 GB/s [====================]
[  ]    213.5 MLBUps    246.32 GB/s [===                 ]  0s
[  ]    213.1 MLBUps    245.87 GB/s [=======             ]  1s
[  ]    213.3 MLBUps    246.14 GB/s [===========         ]  2s
[  ]    213.8 MLBUps    246.74 GB/s [===============     ]  3s
[  ]    213.8 MLBUps    246.76 GB/s [=================== ]  4s
[  ]    ---- :    171.3 MLBUps    197.65 GB/s [====================]
[  ]    213.1 MLBUps    245.96 GB/s [===                 ]  0s
[  ]    213.8 MLBUps    246.76 GB/s [=======             ]  1s
[  ]    213.2 MLBUps    246.04 GB/s [===========         ]  2s
[  ]    213.6 MLBUps    246.46 GB/s [===============     ]  3s
[  ]    213.3 MLBUps    246.11 GB/s [=================== ]  4s
[  ]    ---- :    172.0 MLBUps    198.48 GB/s [====================]
[  ]    214.1 MLBUps    247.12 GB/s [===                 ]  0s
[  ]    213.4 MLBUps    246.25 GB/s [=======             ]  2s
[  ]    213.7 MLBUps    246.65 GB/s [===========         ]  2s
[  ]    213.9 MLBUps    246.90 GB/s [===============     ]  3s
[  ]    213.9 MLBUps    246.83 GB/s [=================== ]  4s
[  ]    ---- :    163.6 MLBUps    188.75 GB/s [====================]
[  ]    ---- :   120000 it writing vtk
[  ]    172.4 MLBUps    198.90 GB/s [===                 ]  1s
[  ]    217.4 MLBUps    250.87 GB/s [=======             ]  2s
[  ]    212.3 MLBUps    244.95 GB/s [===========         ]  3s
[  ]    212.2 MLBUps    244.87 GB/s [===============     ]  4s
[  ]    212.4 MLBUps    245.11 GB/s [=================== ]  5s
[  ]    ---- :    200.3 MLBUps    231.14 GB/s [====================]
[  ]    212.1 MLBUps    244.80 GB/s [===                 ]  0s
[  ]    211.9 MLBUps    244.57 GB/s [=======             ]  1s
[  ]    212.4 MLBUps    245.08 GB/s [===========         ]  2s
[  ]    211.6 MLBUps    244.16 GB/s [===============     ]  3s
[  ]    212.0 MLBUps    244.67 GB/s [=================== ]  4s
[  ]    ---- :    191.7 MLBUps    221.23 GB/s [====================]
[  ]    212.5 MLBUps    245.26 GB/s [===                 ]  0s
[  ]    212.5 MLBUps    245.22 GB/s [=======             ]  1s
[  ]    212.3 MLBUps    244.94 GB/s [===========         ]  2s
[  ]    212.3 MLBUps    245.00 GB/s [===============     ]  3s
[  ]    212.3 MLBUps    245.04 GB/s [=================== ]  5s
[  ]    ---- :    177.8 MLBUps    205.15 GB/s [====================]
[  ]    212.2 MLBUps    244.83 GB/s [===                 ]  1s
[  ]    212.5 MLBUps    245.22 GB/s [=======             ]  2s
[  ]    212.3 MLBUps    245.00 GB/s [===========         ]  3s
[  ]    211.9 MLBUps    244.58 GB/s [===============     ]  4s
[  ]    212.0 MLBUps    244.63 GB/s [=================== ]  5s
[  ]    ---- :    171.2 MLBUps    197.58 GB/s [====================]
[  ]    212.4 MLBUps    245.08 GB/s [===                 ]  0s
[  ]    212.3 MLBUps    245.00 GB/s [=======             ]  1s
[  ]    212.5 MLBUps    245.25 GB/s [===========         ]  2s
[  ]    212.1 MLBUps    244.78 GB/s [===============     ]  4s
[  ]    212.6 MLBUps    245.29 GB/s [=================== ]  5s
[  ]    ---- :    177.0 MLBUps    204.21 GB/s [====================]
[  ]    212.5 MLBUps    245.28 GB/s [===                 ]  1s
[  ]    211.9 MLBUps    244.49 GB/s [=======             ]  2s
[  ]    212.0 MLBUps    244.62 GB/s [===========         ]  3s
[  ]    211.8 MLBUps    244.37 GB/s [===============     ]  4s
[  ]    211.7 MLBUps    244.32 GB/s [=================== ]  5s
[  ]    ---- :    176.0 MLBUps    203.07 GB/s [====================]
[  ]    211.7 MLBUps    244.33 GB/s [===                 ]  0s
[  ]    211.9 MLBUps    244.48 GB/s [=======             ]  1s
[  ]    211.6 MLBUps    244.19 GB/s [===========         ]  2s
[  ]    211.8 MLBUps    244.39 GB/s [===============     ]  3s
[  ]    211.5 MLBUps    244.09 GB/s [=================== ]  4s
[  ]    ---- :    186.9 MLBUps    215.64 GB/s [====================]
[  ]    212.3 MLBUps    245.02 GB/s [===                 ]  0s
[  ]    212.4 MLBUps    245.06 GB/s [=======             ]  1s
[  ]    212.4 MLBUps    245.11 GB/s [===========         ]  2s
[  ]    211.9 MLBUps    244.49 GB/s [===============     ]  4s
[  ]    212.3 MLBUps    245.03 GB/s [=================== ]  5s
[  ]    ---- :    177.1 MLBUps    204.33 GB/s [====================]
[  ]    212.4 MLBUps    245.12 GB/s [===                 ]  0s
[  ]    212.5 MLBUps    245.19 GB/s [=======             ]  1s
[  ]    212.5 MLBUps    245.25 GB/s [===========         ]  2s
[  ]    212.3 MLBUps    245.04 GB/s [===============     ]  3s
[  ]    213.3 MLBUps    246.19 GB/s [=================== ]  4s
[  ]    ---- :    178.3 MLBUps    205.75 GB/s [====================]
[  ]    214.3 MLBUps    247.32 GB/s [===                 ]  0s
[  ]    214.1 MLBUps    247.06 GB/s [=======             ]  1s
[  ]    213.5 MLBUps    246.37 GB/s [===========         ]  3s
[  ]    214.3 MLBUps    247.31 GB/s [===============     ]  3s
[  ]    214.2 MLBUps    247.18 GB/s [=================== ]  5s
[  ]    ---- :    133.6 MLBUps    154.14 GB/s [====================]
[  ]    214.0 MLBUps    247.01 GB/s [===                 ]  0s
[  ]    213.7 MLBUps    246.62 GB/s [=======             ]  2s
[  ]    214.0 MLBUps    246.96 GB/s [===========         ]  2s
[  ]    214.7 MLBUps    247.78 GB/s [===============     ]  3s
[  ]    214.6 MLBUps    247.60 GB/s [=================== ]  4s
[  ]    ---- :    133.2 MLBUps    153.71 GB/s [====================]
[  ]    213.7 MLBUps    246.66 GB/s [===                 ]  0s
[  ]    214.0 MLBUps    246.95 GB/s [=======             ]  1s
[  ]    214.5 MLBUps    247.53 GB/s [===========         ]  2s
[  ]    214.4 MLBUps    247.46 GB/s [===============     ]  3s
[  ]    214.4 MLBUps    247.43 GB/s [=================== ]  4s
[  ]    ---- :    134.2 MLBUps    154.89 GB/s [====================]
[  ]    214.5 MLBUps    247.55 GB/s [===                 ]  0s
[  ]    214.5 MLBUps    247.51 GB/s [=======             ]  1s
[  ]    214.3 MLBUps    247.27 GB/s [===========         ]  2s
[  ]    213.4 MLBUps    246.24 GB/s [===============     ]  4s
[  ]    213.7 MLBUps    246.65 GB/s [=================== ]  5s
[  ]    ---- :    133.5 MLBUps    154.05 GB/s [====================]
[  ]    214.5 MLBUps    247.59 GB/s [===                 ]  0s
[  ]    213.8 MLBUps    246.67 GB/s [=======             ]  1s
[  ]    213.5 MLBUps    246.41 GB/s [===========         ]  2s
[  ]    213.5 MLBUps    246.39 GB/s [===============     ]  3s
[  ]    213.4 MLBUps    246.23 GB/s [=================== ]  4s
[  ]    ---- :    163.4 MLBUps    188.53 GB/s [====================]
[  ]    213.3 MLBUps    246.10 GB/s [===                 ]  0s
[  ]    213.2 MLBUps    246.00 GB/s [=======             ]  1s
[  ]    213.1 MLBUps    245.97 GB/s [===========         ]  2s
[  ]    213.3 MLBUps    246.19 GB/s [===============     ]  3s
[  ]    213.5 MLBUps    246.39 GB/s [=================== ]  4s
[  ]    ---- :    172.2 MLBUps    198.68 GB/s [====================]
[  ]    213.6 MLBUps    246.53 GB/s [===                 ]  0s
[  ]    213.6 MLBUps    246.48 GB/s [=======             ]  1s
[  ]    213.1 MLBUps    245.96 GB/s [===========         ]  2s
[  ]    213.7 MLBUps    246.60 GB/s [===============     ]  3s
[  ]    213.6 MLBUps    246.52 GB/s [=================== ]  4s
[  ]    ---- :    172.6 MLBUps    199.21 GB/s [====================]
[  ]    212.9 MLBUps    245.71 GB/s [===                 ]  0s
[  ]    213.5 MLBUps    246.33 GB/s [=======             ]  1s
[  ]    213.9 MLBUps    246.80 GB/s [===========         ]  2s
[  ]    213.9 MLBUps    246.82 GB/s [===============     ]  3s
[  ]    213.5 MLBUps    246.42 GB/s [=================== ]  4s
[  ]    ---- :    171.4 MLBUps    197.75 GB/s [====================]
[  ]    213.9 MLBUps    246.79 GB/s [===                 ]  0s
[  ]    213.2 MLBUps    246.08 GB/s [=======             ]  1s
[  ]    214.1 MLBUps    247.06 GB/s [===========         ]  2s
[  ]    213.6 MLBUps    246.45 GB/s [===============     ]  3s
[  ]    213.4 MLBUps    246.21 GB/s [=================== ]  4s
[  ]    ---- :    163.4 MLBUps    188.59 GB/s [====================]
[  ]    213.5 MLBUps    246.39 GB/s [===                 ]  0s
[  ]    214.2 MLBUps    247.18 GB/s [=======             ]  1s
[  ]    213.8 MLBUps    246.72 GB/s [===========         ]  2s
[  ]    213.9 MLBUps    246.84 GB/s [===============     ]  3s
[  ]    214.1 MLBUps    247.07 GB/s [=================== ]  4s
[  ]    ---- :    163.2 MLBUps    188.28 GB/s [====================]
[  ]    213.3 MLBUps    246.17 GB/s [===                 ]  0s
[  ]    213.4 MLBUps    246.31 GB/s [=======             ]  1s
[  ]    213.8 MLBUps    246.72 GB/s [===========         ]  2s
[  ]    213.9 MLBUps    246.84 GB/s [===============     ]  3s
[  ]    213.0 MLBUps    245.81 GB/s [=================== ]  4s
[  ]    ---- :    171.0 MLBUps    197.37 GB/s [====================]
[  ]    ---- :   140000 it writing vtk
[  ]    171.1 MLBUps    197.46 GB/s [===                 ]  1s
[  ]    214.7 MLBUps    247.72 GB/s [=======             ]  2s
[  ]    210.8 MLBUps    243.25 GB/s [===========         ]  3s
[  ]    211.2 MLBUps    243.77 GB/s [===============     ]  4s
[  ]    211.6 MLBUps    244.14 GB/s [=================== ]  5s
[  ]    ---- :    201.1 MLBUps    232.11 GB/s [====================]
[  ]    211.9 MLBUps    244.49 GB/s [===                 ]  0s
[  ]    211.7 MLBUps    244.34 GB/s [=======             ]  1s
[  ]    212.1 MLBUps    244.79 GB/s [===========         ]  2s
[  ]    211.7 MLBUps    244.25 GB/s [===============     ]  3s
[  ]    212.3 MLBUps    245.03 GB/s [=================== ]  4s
[  ]    ---- :    192.3 MLBUps    221.93 GB/s [====================]
[  ]    212.4 MLBUps    245.11 GB/s [===                 ]  0s
[  ]    211.8 MLBUps    244.39 GB/s [=======             ]  1s
[  ]    211.7 MLBUps    244.28 GB/s [===========         ]  2s
[  ]    212.4 MLBUps    245.11 GB/s [===============     ]  3s
[  ]    212.5 MLBUps    245.24 GB/s [=================== ]  4s
[  ]    ---- :    183.7 MLBUps    211.94 GB/s [====================]
[  ]    211.4 MLBUps    243.93 GB/s [===                 ]  0s
[  ]    211.3 MLBUps    243.83 GB/s [=======             ]  1s
[  ]    211.7 MLBUps    244.32 GB/s [===========         ]  2s
[  ]    212.0 MLBUps    244.67 GB/s [===============     ]  3s
[  ]    212.1 MLBUps    244.79 GB/s [=================== ]  4s
[  ]    ---- :    187.4 MLBUps    216.26 GB/s [====================]
[  ]    211.8 MLBUps    244.42 GB/s [===                 ]  0s
[  ]    212.7 MLBUps    245.44 GB/s [=======             ]  1s
[  ]    212.9 MLBUps    245.71 GB/s [===========         ]  2s
[  ]    213.3 MLBUps    246.09 GB/s [===============     ]  3s
[  ]    213.1 MLBUps    245.96 GB/s [=================== ]  4s
[  ]    ---- :    182.2 MLBUps    210.26 GB/s [====================]
[  ]    213.7 MLBUps    246.62 GB/s [===                 ]  0s
[  ]    213.4 MLBUps    246.31 GB/s [=======             ]  1s
[  ]    213.5 MLBUps    246.32 GB/s [===========         ]  2s
[  ]    213.2 MLBUps    245.99 GB/s [===============     ]  3s
[  ]    213.1 MLBUps    245.90 GB/s [=================== ]  4s
[  ]    ---- :    172.4 MLBUps    198.98 GB/s [====================]
[  ]    216.7 MLBUps    250.07 GB/s [===                 ]  0s
[  ]    217.8 MLBUps    251.32 GB/s [========            ]  1s
[  ]    217.9 MLBUps    251.40 GB/s [============        ]  2s
[  ]    217.8 MLBUps    251.34 GB/s [================    ]  3s
[  ]    ---- :    215.1 MLBUps    248.24 GB/s [====================]
[  ]    217.7 MLBUps    251.20 GB/s [====                ]  0s
[  ]    217.4 MLBUps    250.82 GB/s [========            ]  1s
[  ]    217.7 MLBUps    251.20 GB/s [============        ]  2s
[  ]    217.7 MLBUps    251.21 GB/s [================    ]  3s
[  ]    ---- :    215.1 MLBUps    248.23 GB/s [====================]
[  ]    217.8 MLBUps    251.40 GB/s [====                ]  0s
[  ]    218.0 MLBUps    251.53 GB/s [========            ]  1s
[  ]    217.9 MLBUps    251.45 GB/s [============        ]  2s
[  ]    213.0 MLBUps    245.81 GB/s [================    ]  4s
[  ]    ---- :    209.7 MLBUps    242.01 GB/s [====================]
[  ]    212.0 MLBUps    244.66 GB/s [====                ]  1s
[  ]    212.5 MLBUps    245.18 GB/s [=======             ]  2s
[  ]    212.7 MLBUps    245.42 GB/s [===========         ]  3s
[  ]    212.6 MLBUps    245.30 GB/s [===============     ]  4s
[  ]    212.3 MLBUps    244.94 GB/s [=================== ]  5s
[  ]    ---- :    163.5 MLBUps    188.73 GB/s [====================]
[  ]    212.4 MLBUps    245.10 GB/s [===                 ]  1s
[  ]    212.5 MLBUps    245.28 GB/s [=======             ]  2s
[  ]    212.5 MLBUps    245.18 GB/s [===========         ]  3s
[  ]    212.5 MLBUps    245.23 GB/s [===============     ]  4s
[  ]    212.1 MLBUps    244.76 GB/s [=================== ]  5s
[  ]    ---- :    171.6 MLBUps    197.97 GB/s [====================]
[  ]    212.7 MLBUps    245.51 GB/s [===                 ]  1s
[  ]    212.2 MLBUps    244.92 GB/s [=======             ]  2s
[  ]    212.5 MLBUps    245.28 GB/s [===========         ]  3s
[  ]    212.4 MLBUps    245.11 GB/s [===============     ]  4s
[  ]    212.5 MLBUps    245.20 GB/s [=================== ]  5s
[  ]    ---- :    170.3 MLBUps    196.48 GB/s [====================]
[  ]    212.4 MLBUps    245.10 GB/s [===                 ]  1s
[  ]    212.5 MLBUps    245.20 GB/s [=======             ]  2s
[  ]    212.5 MLBUps    245.28 GB/s [===========         ]  3s
[  ]    212.5 MLBUps    245.22 GB/s [===============     ]  4s
[  ]    212.1 MLBUps    244.72 GB/s [=================== ]  5s
[  ]    ---- :    171.1 MLBUps    197.45 GB/s [====================]
[  ]    212.2 MLBUps    244.87 GB/s [===                 ]  1s
[  ]    212.4 MLBUps    245.06 GB/s [=======             ]  2s
[  ]    212.7 MLBUps    245.40 GB/s [===========         ]  3s
[  ]    213.8 MLBUps    246.71 GB/s [===============     ]  4s
[  ]    214.6 MLBUps    247.62 GB/s [=================== ]  4s
[  ]    ---- :    172.5 MLBUps    199.02 GB/s [====================]
[  ]    213.8 MLBUps    246.69 GB/s [===                 ]  0s
[  ]    214.2 MLBUps    247.20 GB/s [=======             ]  1s
[  ]    214.6 MLBUps    247.64 GB/s [===========         ]  2s
[  ]    214.9 MLBUps    247.95 GB/s [===============     ]  3s
[  ]    214.5 MLBUps    247.49 GB/s [=================== ]  4s
[  ]    ---- :    134.3 MLBUps    155.01 GB/s [====================]
[  ]    214.0 MLBUps    246.95 GB/s [===                 ]  0s
[  ]    214.4 MLBUps    247.39 GB/s [=======             ]  1s
[  ]    213.9 MLBUps    246.83 GB/s [===========         ]  3s
[  ]    213.4 MLBUps    246.27 GB/s [===============     ]  4s
[  ]    213.8 MLBUps    246.70 GB/s [=================== ]  4s
[  ]    ---- :    153.0 MLBUps    176.58 GB/s [====================]
[  ]    214.8 MLBUps    247.89 GB/s [===                 ]  0s
[  ]    214.3 MLBUps    247.35 GB/s [=======             ]  1s
[  ]    214.8 MLBUps    247.92 GB/s [===========         ]  2s
[  ]    214.1 MLBUps    247.10 GB/s [===============     ]  3s
[  ]    214.9 MLBUps    247.94 GB/s [=================== ]  5s
[  ]    ---- :     96.7 MLBUps    111.65 GB/s [====================]
[  ]    213.7 MLBUps    246.63 GB/s [====                ]  1s
[  ]    213.8 MLBUps    246.71 GB/s [=======             ]  2s
[  ]    213.5 MLBUps    246.43 GB/s [===========         ]  2s
[  ]    214.6 MLBUps    247.60 GB/s [===============     ]  3s
[  ]    214.0 MLBUps    246.92 GB/s [=================== ]  4s
[  ]    ---- :    152.8 MLBUps    176.31 GB/s [====================]
[  ]    213.8 MLBUps    246.72 GB/s [===                 ]  0s
[  ]    214.2 MLBUps    247.24 GB/s [=======             ]  1s
[  ]    213.6 MLBUps    246.52 GB/s [===========         ]  2s
[  ]    214.2 MLBUps    247.19 GB/s [===============     ]  3s
[  ]    214.9 MLBUps    248.00 GB/s [=================== ]  4s
[  ]    ---- :    152.8 MLBUps    176.30 GB/s [====================]
[  ]    214.9 MLBUps    247.98 GB/s [===                 ]  0s
[  ]    214.7 MLBUps    247.76 GB/s [=======             ]  1s
[  ]    214.4 MLBUps    247.37 GB/s [===========         ]  2s
[  ]    214.2 MLBUps    247.16 GB/s [===============     ]  3s
[  ]    214.3 MLBUps    247.26 GB/s [=================== ]  5s
[  ]    ---- :     97.8 MLBUps    112.83 GB/s [====================]
[  ]    ---- :   160000 it writing vtk
[  ]    171.9 MLBUps    198.37 GB/s [====                ]  1s
[  ]    218.3 MLBUps    251.90 GB/s [=======             ]  2s
[  ]    217.0 MLBUps    250.44 GB/s [===========         ]  3s
[  ]    213.2 MLBUps    246.05 GB/s [===============     ]  4s
[  ]    212.8 MLBUps    245.56 GB/s [=================== ]  5s
[  ]    ---- :    199.1 MLBUps    229.76 GB/s [====================]
[  ]    212.6 MLBUps    245.37 GB/s [===                 ]  0s
[  ]    213.4 MLBUps    246.29 GB/s [=======             ]  1s
[  ]    212.8 MLBUps    245.59 GB/s [===========         ]  2s
[  ]    213.4 MLBUps    246.21 GB/s [===============     ]  3s
[  ]    213.1 MLBUps    245.94 GB/s [=================== ]  4s
[  ]    ---- :    188.9 MLBUps    218.00 GB/s [====================]
[  ]    213.1 MLBUps    245.90 GB/s [===                 ]  0s
[  ]    213.0 MLBUps    245.80 GB/s [=======             ]  1s
[  ]    212.7 MLBUps    245.46 GB/s [===========         ]  2s
[  ]    213.3 MLBUps    246.11 GB/s [===============     ]  3s
[  ]    212.7 MLBUps    245.42 GB/s [=================== ]  4s
[  ]    ---- :    171.2 MLBUps    197.62 GB/s [====================]
[  ]    213.0 MLBUps    245.78 GB/s [===                 ]  0s
[  ]    213.2 MLBUps    246.08 GB/s [=======             ]  1s
[  ]    213.1 MLBUps    245.94 GB/s [===========         ]  2s
[  ]    213.1 MLBUps    245.93 GB/s [===============     ]  3s
[  ]    212.7 MLBUps    245.51 GB/s [=================== ]  4s
[  ]    ---- :    172.0 MLBUps    198.46 GB/s [====================]
[  ]    213.6 MLBUps    246.44 GB/s [===                 ]  0s
[  ]    213.0 MLBUps    245.79 GB/s [=======             ]  1s
[  ]    213.3 MLBUps    246.17 GB/s [===========         ]  2s
[  ]    213.0 MLBUps    245.83 GB/s [===============     ]  3s
[  ]    213.2 MLBUps    246.09 GB/s [=================== ]  4s
[  ]    ---- :    172.1 MLBUps    198.61 GB/s [====================]
[  ]    212.4 MLBUps    245.12 GB/s [===                 ]  1s
[  ]    212.8 MLBUps    245.53 GB/s [=======             ]  2s
[  ]    212.7 MLBUps    245.40 GB/s [===========         ]  3s
[  ]    212.8 MLBUps    245.57 GB/s [===============     ]  4s
[  ]    212.2 MLBUps    244.83 GB/s [=================== ]  5s
[  ]    ---- :    171.9 MLBUps    198.38 GB/s [====================]
[  ]    212.5 MLBUps    245.26 GB/s [===                 ]  1s
[  ]    212.1 MLBUps    244.80 GB/s [=======             ]  2s
[  ]    212.6 MLBUps    245.34 GB/s [===========         ]  3s
[  ]    212.6 MLBUps    245.39 GB/s [===============     ]  4s
[  ]    212.9 MLBUps    245.66 GB/s [=================== ]  5s
[  ]    ---- :    171.3 MLBUps    197.67 GB/s [====================]
[  ]    213.0 MLBUps    245.81 GB/s [===                 ]  0s
[  ]    213.7 MLBUps    246.60 GB/s [=======             ]  1s
[  ]    212.8 MLBUps    245.58 GB/s [===========         ]  2s
[  ]    213.3 MLBUps    246.11 GB/s [===============     ]  3s
[  ]    212.8 MLBUps    245.59 GB/s [=================== ]  4s
[  ]    ---- :    171.6 MLBUps    198.03 GB/s [====================]
[  ]    213.3 MLBUps    246.12 GB/s [===                 ]  0s
[  ]    212.7 MLBUps    245.47 GB/s [=======             ]  1s
[  ]    213.2 MLBUps    245.99 GB/s [===========         ]  2s
[  ]    212.7 MLBUps    245.50 GB/s [===============     ]  3s
[  ]    213.1 MLBUps    245.94 GB/s [=================== ]  4s
[  ]    ---- :    170.4 MLBUps    196.66 GB/s [====================]
[  ]    212.7 MLBUps    245.44 GB/s [===                 ]  1s
[  ]    212.9 MLBUps    245.72 GB/s [=======             ]  2s
[  ]    212.6 MLBUps    245.37 GB/s [===========         ]  3s
[  ]    213.1 MLBUps    245.90 GB/s [===============     ]  4s
[  ]    212.9 MLBUps    245.71 GB/s [=================== ]  5s
[  ]    ---- :    171.8 MLBUps    198.22 GB/s [====================]
[  ]    213.2 MLBUps    246.08 GB/s [===                 ]  0s
[  ]    213.1 MLBUps    245.96 GB/s [=======             ]  1s
[  ]    212.9 MLBUps    245.67 GB/s [===========         ]  2s
[  ]    213.6 MLBUps    246.49 GB/s [===============     ]  3s
[  ]    213.1 MLBUps    245.88 GB/s [=================== ]  4s
[  ]    ---- :    172.0 MLBUps    198.49 GB/s [====================]
[  ]    213.0 MLBUps    245.85 GB/s [===                 ]  0s
[  ]    213.4 MLBUps    246.25 GB/s [=======             ]  1s
[  ]    213.1 MLBUps    245.88 GB/s [===========         ]  2s
[  ]    213.2 MLBUps    246.04 GB/s [===============     ]  3s
[  ]    213.0 MLBUps    245.76 GB/s [=================== ]  4s
[  ]    ---- :    171.9 MLBUps    198.43 GB/s [====================]
[  ]    212.7 MLBUps    245.43 GB/s [===                 ]  1s
[  ]    212.8 MLBUps    245.53 GB/s [=======             ]  2s
[  ]    213.0 MLBUps    245.78 GB/s [===========         ]  3s
[  ]    212.5 MLBUps    245.22 GB/s [===============     ]  4s
[  ]    212.7 MLBUps    245.46 GB/s [=================== ]  5s
[  ]    ---- :    172.1 MLBUps    198.62 GB/s [====================]
[  ]    212.5 MLBUps    245.21 GB/s [===                 ]  1s
[  ]    212.7 MLBUps    245.41 GB/s [=======             ]  2s
[  ]    212.9 MLBUps    245.64 GB/s [===========         ]  3s
[  ]    212.8 MLBUps    245.56 GB/s [===============     ]  4s
[  ]    213.3 MLBUps    246.09 GB/s [=================== ]  5s
[  ]    ---- :    172.3 MLBUps    198.86 GB/s [====================]
[  ]    213.2 MLBUps    245.98 GB/s [===                 ]  0s
[  ]    213.3 MLBUps    246.18 GB/s [=======             ]  1s
[  ]    213.2 MLBUps    246.03 GB/s [===========         ]  2s
[  ]    212.9 MLBUps    245.72 GB/s [===============     ]  3s
[  ]    213.2 MLBUps    246.08 GB/s [=================== ]  4s
[  ]    ---- :    173.1 MLBUps    199.73 GB/s [====================]
[  ]    213.0 MLBUps    245.82 GB/s [===                 ]  0s
[  ]    213.1 MLBUps    245.90 GB/s [=======             ]  1s
[  ]    213.1 MLBUps    245.88 GB/s [===========         ]  2s
[  ]    213.0 MLBUps    245.86 GB/s [===============     ]  3s
[  ]    213.2 MLBUps    246.07 GB/s [=================== ]  4s
[  ]    ---- :    172.6 MLBUps    199.19 GB/s [====================]
[  ]    213.2 MLBUps    246.02 GB/s [===                 ]  0s
[  ]    213.4 MLBUps    246.31 GB/s [=======             ]  1s
[  ]    213.0 MLBUps    245.78 GB/s [===========         ]  2s
[  ]    213.1 MLBUps    245.88 GB/s [===============     ]  3s
[  ]    213.3 MLBUps    246.14 GB/s [=================== ]  4s
[  ]    ---- :    171.6 MLBUps    198.07 GB/s [====================]
[  ]    213.0 MLBUps    245.79 GB/s [===                 ]  0s
[  ]    213.1 MLBUps    245.90 GB/s [=======             ]  1s
[  ]    213.4 MLBUps    246.30 GB/s [===========         ]  2s
[  ]    213.0 MLBUps    245.81 GB/s [===============     ]  3s
[  ]    213.5 MLBUps    246.40 GB/s [=================== ]  4s
[  ]    ---- :    171.8 MLBUps    198.22 GB/s [====================]
[  ]    213.5 MLBUps    246.36 GB/s [===                 ]  0s
[  ]    213.5 MLBUps    246.42 GB/s [=======             ]  1s
[  ]    213.0 MLBUps    245.75 GB/s [===========         ]  2s
[  ]    213.0 MLBUps    245.78 GB/s [===============     ]  3s
[  ]    213.4 MLBUps    246.25 GB/s [=================== ]  4s
[  ]    ---- :    172.7 MLBUps    199.35 GB/s [====================]
[  ]    213.3 MLBUps    246.20 GB/s [===                 ]  0s
[  ]    213.4 MLBUps    246.25 GB/s [=======             ]  1s
[  ]    212.7 MLBUps    245.49 GB/s [===========         ]  2s
[  ]    213.0 MLBUps    245.82 GB/s [===============     ]  3s
[  ]    212.7 MLBUps    245.41 GB/s [=================== ]  4s
[  ]    ---- :    171.3 MLBUps    197.67 GB/s [====================]
[  ]    ---- :   180000 it writing vtk
[  ]    171.5 MLBUps    197.94 GB/s [===                 ]  1s
[  ]    217.8 MLBUps    251.34 GB/s [=======             ]  2s
[  ]    217.6 MLBUps    251.15 GB/s [===========         ]  3s
[  ]    216.4 MLBUps    249.78 GB/s [===============     ]  4s
[  ]    212.5 MLBUps    245.22 GB/s [=================== ]  5s
[  ]    ---- :    198.9 MLBUps    229.51 GB/s [====================]
[  ]    212.4 MLBUps    245.09 GB/s [===                 ]  0s
[  ]    212.5 MLBUps    245.23 GB/s [=======             ]  1s
[  ]    212.4 MLBUps    245.16 GB/s [===========         ]  2s
[  ]    212.5 MLBUps    245.26 GB/s [===============     ]  3s
[  ]    212.4 MLBUps    245.17 GB/s [=================== ]  4s
[  ]    ---- :    187.3 MLBUps    216.14 GB/s [====================]
[  ]    212.5 MLBUps    245.18 GB/s [===                 ]  1s
[  ]    212.5 MLBUps    245.19 GB/s [=======             ]  2s
[  ]    212.4 MLBUps    245.07 GB/s [===========         ]  3s
[  ]    212.5 MLBUps    245.22 GB/s [===============     ]  4s
[  ]    212.4 MLBUps    245.17 GB/s [=================== ]  5s
[  ]    ---- :    170.9 MLBUps    197.25 GB/s [====================]
[  ]    212.2 MLBUps    244.89 GB/s [===                 ]  1s
[  ]    212.5 MLBUps    245.25 GB/s [=======             ]  2s
[  ]    212.5 MLBUps    245.23 GB/s [===========         ]  3s
[  ]    212.5 MLBUps    245.23 GB/s [===============     ]  4s
[  ]    212.4 MLBUps    245.07 GB/s [=================== ]  5s
[  ]    ---- :    170.8 MLBUps    197.09 GB/s [====================]
[  ]    212.3 MLBUps    244.99 GB/s [===                 ]  1s
[  ]    212.4 MLBUps    245.16 GB/s [=======             ]  2s
[  ]    212.4 MLBUps    245.09 GB/s [===========         ]  3s
[  ]    212.6 MLBUps    245.29 GB/s [===============     ]  4s
[  ]    211.9 MLBUps    244.57 GB/s [=================== ]  5s
[  ]    ---- :    170.4 MLBUps    196.63 GB/s [====================]
[  ]    212.5 MLBUps    245.23 GB/s [===                 ]  0s
[  ]    212.3 MLBUps    245.04 GB/s [=======             ]  1s
[  ]    212.1 MLBUps    244.77 GB/s [===========         ]  2s
[  ]    212.4 MLBUps    245.12 GB/s [===============     ]  4s
[  ]    212.1 MLBUps    244.80 GB/s [=================== ]  5s
[  ]    ---- :    177.1 MLBUps    204.42 GB/s [====================]
[  ]    211.8 MLBUps    244.42 GB/s [===                 ]  0s
[  ]    212.0 MLBUps    244.70 GB/s [=======             ]  1s
[  ]    212.0 MLBUps    244.61 GB/s [===========         ]  2s
[  ]    211.7 MLBUps    244.32 GB/s [===============     ]  3s
[  ]    211.9 MLBUps    244.57 GB/s [=================== ]  4s
[  ]    ---- :    185.3 MLBUps    213.82 GB/s [====================]
[  ]    212.3 MLBUps    245.01 GB/s [===                 ]  0s
[  ]    212.4 MLBUps    245.05 GB/s [=======             ]  1s
[  ]    212.2 MLBUps    244.92 GB/s [===========         ]  2s
[  ]    212.0 MLBUps    244.64 GB/s [===============     ]  4s
[  ]    212.1 MLBUps    244.74 GB/s [=================== ]  5s
[  ]    ---- :    176.3 MLBUps    203.45 GB/s [====================]
[  ]    211.8 MLBUps    244.44 GB/s [===                 ]  0s
[  ]    212.2 MLBUps    244.92 GB/s [=======             ]  1s
[  ]    212.2 MLBUps    244.87 GB/s [===========         ]  3s
[  ]    212.5 MLBUps    245.19 GB/s [===============     ]  4s
[  ]    212.5 MLBUps    245.24 GB/s [=================== ]  5s
[  ]    ---- :    176.8 MLBUps    204.07 GB/s [====================]
[  ]    212.5 MLBUps    245.19 GB/s [===                 ]  0s
[  ]    212.4 MLBUps    245.12 GB/s [=======             ]  1s
[  ]    212.5 MLBUps    245.27 GB/s [===========         ]  2s
[  ]    212.5 MLBUps    245.19 GB/s [===============     ]  3s
[  ]    212.4 MLBUps    245.16 GB/s [=================== ]  4s
[  ]    ---- :    178.0 MLBUps    205.39 GB/s [====================]
[  ]    212.6 MLBUps    245.34 GB/s [===                 ]  1s
[  ]    212.4 MLBUps    245.12 GB/s [=======             ]  2s
[  ]    212.6 MLBUps    245.37 GB/s [===========         ]  3s
[  ]    212.4 MLBUps    245.15 GB/s [===============     ]  4s
[  ]    212.5 MLBUps    245.20 GB/s [=================== ]  5s
[  ]    ---- :    171.1 MLBUps    197.48 GB/s [====================]
[  ]    214.1 MLBUps    247.13 GB/s [===                 ]  0s
[  ]    214.2 MLBUps    247.22 GB/s [=======             ]  1s
[  ]    214.5 MLBUps    247.53 GB/s [===========         ]  3s
[  ]    214.5 MLBUps    247.48 GB/s [===============     ]  4s
[  ]    214.1 MLBUps    247.10 GB/s [=================== ]  5s
[  ]    ---- :     97.2 MLBUps    112.19 GB/s [====================]
[  ]    215.0 MLBUps    248.10 GB/s [===                 ]  0s
[  ]    215.4 MLBUps    248.60 GB/s [=======             ]  1s
[  ]    215.0 MLBUps    248.12 GB/s [===========         ]  2s
[  ]    214.8 MLBUps    247.85 GB/s [===============     ]  3s
[  ]    214.4 MLBUps    247.43 GB/s [=================== ]  4s
[  ]    ---- :     96.8 MLBUps    111.74 GB/s [====================]
[  ]    214.9 MLBUps    248.02 GB/s [====                ]  1s
[  ]    215.0 MLBUps    248.12 GB/s [========            ]  2s
[  ]    214.4 MLBUps    247.37 GB/s [============        ]  3s
[  ]    214.6 MLBUps    247.68 GB/s [================    ]  4s
[  ]    ---- :    212.2 MLBUps    244.94 GB/s [====================]
[  ]    214.4 MLBUps    247.44 GB/s [====                ]  1s
[  ]    214.3 MLBUps    247.34 GB/s [========            ]  2s
[  ]    213.0 MLBUps    245.78 GB/s [============        ]  3s
[  ]    214.9 MLBUps    247.96 GB/s [===============     ]  4s
[  ]    213.9 MLBUps    246.84 GB/s [=================== ]  5s
[  ]    ---- :     96.7 MLBUps    111.65 GB/s [====================]
[  ]    214.8 MLBUps    247.85 GB/s [===                 ]  0s
[  ]    213.9 MLBUps    246.82 GB/s [=======             ]  1s
[  ]    214.4 MLBUps    247.36 GB/s [===========         ]  2s
[  ]    214.4 MLBUps    247.38 GB/s [===============     ]  3s
[  ]    215.0 MLBUps    248.13 GB/s [=================== ]  4s
[  ]    ---- :    133.9 MLBUps    154.53 GB/s [====================]
[  ]    214.3 MLBUps    247.30 GB/s [===                 ]  0s
[  ]    215.2 MLBUps    248.29 GB/s [=======             ]  1s
[  ]    214.3 MLBUps    247.27 GB/s [===========         ]  2s
[  ]    214.2 MLBUps    247.18 GB/s [===============     ]  4s
[  ]    214.2 MLBUps    247.22 GB/s [=================== ]  5s
[  ]    ---- :     97.4 MLBUps    112.37 GB/s [====================]
[  ]    215.0 MLBUps    248.15 GB/s [===                 ]  0s
[  ]    215.0 MLBUps    248.06 GB/s [=======             ]  1s
[  ]    214.8 MLBUps    247.88 GB/s [===========         ]  2s
[  ]    214.5 MLBUps    247.59 GB/s [===============     ]  3s
[  ]    214.3 MLBUps    247.34 GB/s [=================== ]  4s
[  ]    ---- :     97.1 MLBUps    112.09 GB/s [====================]
[  ]    214.5 MLBUps    247.59 GB/s [====                ]  1s
[  ]    214.1 MLBUps    247.11 GB/s [========            ]  2s
[  ]    214.6 MLBUps    247.62 GB/s [============        ]  3s
[  ]    213.7 MLBUps    246.60 GB/s [================    ]  4s
[  ]    214.2 MLBUps    247.22 GB/s [=================== ]  5s
[  ]    ---- :     96.9 MLBUps    111.83 GB/s [====================]
[  ]    214.2 MLBUps    247.16 GB/s [===                 ]  0s
[  ]    214.8 MLBUps    247.93 GB/s [=======             ]  1s
[  ]    215.1 MLBUps    248.19 GB/s [===========         ]  2s
[  ]    214.5 MLBUps    247.51 GB/s [===============     ]  3s
[  ]    214.4 MLBUps    247.37 GB/s [=================== ]  5s
[  ]    ---- :     97.0 MLBUps    111.92 GB/s [====================]
[  ]    ---- :   200000 it writing vtk
[  ]    ---- : Total duration: 1006.065341 s = 16.767756 min = 0.279463 h
