{
  "status": "runtime_sanity",
  "run_root": "/mnt/8A0E24070E23EAC1/runs/tclb_flat_wall_cap_stage7b_low_angle_20260612",
  "case_count": 1,
  "summaries": [
    {
      "status": "runtime_sanity",
      "case_id": "cap_theta030_wall020",
      "case_dir": "/mnt/8A0E24070E23EAC1/runs/tclb_flat_wall_cap_stage7b_low_angle_20260612/cap_theta030_wall020",
      "case_params": {
        "status": "runtime_sanity",
        "case_id": "cap_theta030_wall020",
        "purpose": "Stage7b low-angle flat wall scan wall020",
        "remote_case": "/mnt/8A0E24070E23EAC1/runs/tclb_flat_wall_cap_stage7b_low_angle_20260612/cap_theta030_wall020",
        "xml": "C:\\Users\\yuanz\\Desktop\\LBMD3Q27\\cases\\diagnostics\\flat_wall_cap_stage7b_low_angle_20260612\\cap_theta030_wall020\\case.xml",
        "volume_equivalent_sphere_radius": 24.0,
        "init_theta_deg": 30.0,
        "wall_rad_angle_deg": 20.0,
        "cap_sphere_radius": 102.43685957667594,
        "cap_height": 13.723936899375312,
        "cap_base_radius": 51.218429788337964,
        "cap_center_x": 64.0,
        "cap_center_y": -88.71292267730063,
        "cap_center_z": 64.0,
        "use_stage7_signed_wall_ghost": false,
        "stage7_signed_mode": 3.0,
        "stage7_delta_q_scale": 1.0,
        "stage7_delta_q_abs_cap": 6.0,
        "stage7_denom_floor": 0.05,
        "stage7_active_c_min": 0.02,
        "stage7_active_grad_min": 1e-06,
        "stage7_active_tangent_min": 1e-08,
        "stage7_relaxation_tau": 1.0
      },
      "frame_count": 6,
      "last": {
        "status": "runtime_sanity",
        "case_id": "cap_theta030_wall020",
        "step": 50000,
        "file": "/mnt/8A0E24070E23EAC1/runs/tclb_flat_wall_cap_stage7b_low_angle_20260612/cap_theta030_wall020/output/case_VTK_P00_00050000.vti",
        "dims": [
          128,
          96,
          128
        ],
        "case_params": {
          "status": "runtime_sanity",
          "case_id": "cap_theta030_wall020",
          "purpose": "Stage7b low-angle flat wall scan wall020",
          "remote_case": "/mnt/8A0E24070E23EAC1/runs/tclb_flat_wall_cap_stage7b_low_angle_20260612/cap_theta030_wall020",
          "xml": "C:\\Users\\yuanz\\Desktop\\LBMD3Q27\\cases\\diagnostics\\flat_wall_cap_stage7b_low_angle_20260612\\cap_theta030_wall020\\case.xml",
          "volume_equivalent_sphere_radius": 24.0,
          "init_theta_deg": 30.0,
          "wall_rad_angle_deg": 20.0,
          "cap_sphere_radius": 102.43685957667594,
          "cap_height": 13.723936899375312,
          "cap_base_radius": 51.218429788337964,
          "cap_center_x": 64.0,
          "cap_center_y": -88.71292267730063,
          "cap_center_z": 64.0,
          "use_stage7_signed_wall_ghost": false,
          "stage7_signed_mode": 3.0,
          "stage7_delta_q_scale": 1.0,
          "stage7_delta_q_abs_cap": 6.0,
          "stage7_denom_floor": 0.05,
          "stage7_active_c_min": 0.02,
          "stage7_active_grad_min": 1e-06,
          "stage7_active_tangent_min": 1e-08,
          "stage7_relaxation_tau": 1.0
        },
        "cell_count": 1572864,
        "wall_count": 80520,
        "fluid_count": 1492344,
        "lower_wall_count": 16384,
        "nonfinite_total": 0,
        "angle_apparent_deg": 29.5093068856508,
        "angle_error_vs_init_deg": -0.4906931143491988,
        "angle_error_vs_wall_rad_deg": 9.509306885650801,
        "fit_point_count": 132,
        "fit_circle": [
          -88.62397892189703,
          63.50000000000002,
          101.8343718002705
        ],
        "wall_bc_path_counts": {
          "2": 64136,
          "5": 16384
        },
        "field_stats": {
          "PhaseField": {
            "all": {
              "count": 1572864,
              "nonfinite": 0,
              "min": 1.5752812982452937e-08,
              "mean": 0.03889097805515797,
              "p01": 1.6487628314048634e-08,
              "p50": 1.730781358898597e-08,
              "p99": 0.9856317594766008,
              "max": 0.9998809391335084,
              "sum": 61170.21930774798,
              "nonzero_count": 1572864,
              "positive_count": 1572864,
              "negative_count": 0
            },
            "fluid": {
              "count": 1492344,
              "nonfinite": 0,
              "min": 1.5752812982452937e-08,
              "mean": 0.03512288633173531,
              "p01": 1.648994451453638e-08,
              "p50": 1.7307781871407404e-08,
              "p99": 0.9768560187673538,
              "max": 0.9997723607792466,
              "sum": 52415.4286798472,
              "nonzero_count": 1492344,
              "positive_count": 1492344,
              "negative_count": 0
            },
            "wall": {
              "count": 80520,
              "nonfinite": 0,
              "min": 1.647403675917622e-08,
              "mean": 0.10872814987457488,
              "p01": 1.6477883747452795e-08,
              "p50": 1.7310869191960076e-08,
              "p99": 0.99968931879543,
              "max": 0.9998809391335084,
              "sum": 8754.79062790077,
              "nonzero_count": 80520,
              "positive_count": 80520,
              "negative_count": 0
            },
            "lower_wall": {
              "count": 16384,
              "nonfinite": 0,
              "min": 0.0007492198890930191,
              "mean": 0.5327102796268118,
              "p01": 0.001130114245986301,
              "p50": 0.5410245797518456,
              "p99": 0.9998548068687697,
              "max": 0.9998809391335084,
              "sum": 8727.925221405685,
              "nonzero_count": 16384,
              "positive_count": 16384,
              "negative_count": 0
            }
          },
          "Rho": {
            "all": {
              "count": 1572864,
              "nonfinite": 0,
              "min": 0.0,
              "mean": 0.03424031400754763,
              "p01": 0.0,
              "p50": 0.0010000172206139604,
              "p99": 0.9736865365508142,
              "max": 0.9997725884184674,
              "sum": 53855.3572511674,
              "nonzero_count": 1492344,
              "positive_count": 1492344,
              "negative_count": 0
            },
            "fluid": {
              "count": 1492344,
              "nonfinite": 0,
              "min": 0.0010000157370601696,
              "mean": 0.03608776344540358,
              "p01": 0.00100001647345457,
              "p50": 0.0010000172904740896,
              "p99": 0.9768791627485864,
              "max": 0.9997725884184674,
              "sum": 53855.357251167356,
              "nonzero_count": 1492344,
              "positive_count": 1492344,
              "negative_count": 0
            },
            "wall": {
              "count": 80520,
              "nonfinite": 0,
              "min": 0.0,
              "mean": 0.0,
              "p01": 0.0,
              "p50": 0.0,
              "p99": 0.0,
              "max": 0.0,
              "sum": 0.0,
              "nonzero_count": 0,
              "positive_count": 0,
              "negative_count": 0
            },
            "lower_wall": {
              "count": 16384,
              "nonfinite": 0,
              "min": 0.0,
              "mean": 0.0,
              "p01": 0.0,
              "p50": 0.0,
              "p99": 0.0,
              "max": 0.0,
              "sum": 0.0,
              "nonzero_count": 0,
              "positive_count": 0,
              "negative_count": 0
            }
          },
          "WallPfF": {
            "all": {
              "count": 1572864,
              "nonfinite": 0,
              "min": 0.0,
              "mean": 0.00499526922849901,
              "p01": 0.0,
              "p50": 0.0,
              "p99": 0.00684862529493009,
              "max": 0.9997723607792466,
              "sum": 7856.8791398138665,
              "nonzero_count": 80520,
              "positive_count": 80520,
              "negative_count": 0
            },
            "fluid": {
              "count": 1492344,
              "nonfinite": 0,
              "min": 0.0,
              "mean": 0.0,
              "p01": 0.0,
              "p50": 0.0,
              "p99": 0.0,
              "max": 0.0,
              "sum": 0.0,
              "nonzero_count": 0,
              "positive_count": 0,
              "negative_count": 0
            },
            "wall": {
              "count": 80520,
              "nonfinite": 0,
              "min": 1.647403675917622e-08,
              "mean": 0.09757674043484682,
              "p01": 1.6477883747452795e-08,
              "p50": 1.7310869191960076e-08,
              "p99": 0.9994061060830484,
              "max": 0.9997723607792466,
              "sum": 7856.8791398138665,
              "nonzero_count": 80520,
              "positive_count": 80520,
              "negative_count": 0
            },
            "lower_wall": {
              "count": 16384,
              "nonfinite": 0,
              "min": 0.00039196843528299175,
              "mean": 0.47790611165275765,
              "p01": 0.0005331838330157687,
              "p50": 0.385833881954553,
              "p99": 0.9997224043602392,
              "max": 0.9997723607792466,
              "sum": 7830.013733318781,
              "nonzero_count": 16384,
              "positive_count": 16384,
              "negative_count": 0
            }
          },
          "WallGradTangent": {
            "all": {
              "count": 1572864,
              "nonfinite": 0,
              "min": 0.0,
              "mean": 0.00019675917935700027,
              "p01": 0.0,
              "p50": 0.0,
              "p99": 2.7654266774938613e-05,
              "max": 0.05701229926455232,
              "sum": 309.47542988016886,
              "nonzero_count": 16384,
              "positive_count": 16384,
              "negative_count": 0
            },
            "fluid": {
              "count": 1492344,
              "nonfinite": 0,
              "min": 0.0,
              "mean": 0.0,
              "p01": 0.0,
              "p50": 0.0,
              "p99": 0.0,
              "max": 0.0,
              "sum": 0.0,
              "nonzero_count": 0,
              "positive_count": 0,
              "negative_count": 0
            },
            "wall": {
              "count": 80520,
              "nonfinite": 0,
              "min": 0.0,
              "mean": 0.003843460381025446,
              "p01": 0.0,
              "p50": 0.0,
              "p99": 0.05570604600182296,
              "max": 0.05701229926455232,
              "sum": 309.4754298801689,
              "nonzero_count": 16384,
              "positive_count": 16384,
              "negative_count": 0
            },
            "lower_wall": {
              "count": 16384,
              "nonfinite": 0,
              "min": 6.113588927487609e-07,
              "mean": 0.01888888121827203,
              "p01": 7.494059171028656e-06,
              "p50": 0.012161735331122372,
              "p99": 0.05684277880916605,
              "max": 0.05701229926455232,
              "sum": 309.4754298801689,
              "nonzero_count": 16384,
              "positive_count": 16384,
              "negative_count": 0
            }
          },
          "WallTanCoeff": {
            "all": {
              "count": 1572864,
              "nonfinite": 0,
              "min": -1.794896453688466e-09,
              "mean": 0.02861955621963014,
              "p01": -1.794896453688466e-09,
              "p50": 0.0,
              "p99": 2.747477404110712,
              "max": 2.747477404110712,
              "sum": 45014.669673832344,
              "nonzero_count": 80520,
              "positive_count": 16384,
              "negative_count": 64136
            },
            "fluid": {
              "count": 1492344,
              "nonfinite": 0,
              "min": 0.0,
              "mean": 0.0,
              "p01": 0.0,
              "p50": 0.0,
              "p99": 0.0,
              "max": 0.0,
              "sum": 0.0,
              "nonzero_count": 0,
              "positive_count": 0,
              "negative_count": 0
            },
            "wall": {
              "count": 80520,
              "nonfinite": 0,
              "min": -1.794896453688466e-09,
              "mean": 0.5590495488553455,
              "p01": -1.794896453688466e-09,
              "p50": -1.794896453688466e-09,
              "p99": 2.747477404110712,
              "max": 2.747477404110712,
              "sum": 45014.669673832424,
              "nonzero_count": 80520,
              "positive_count": 16384,
              "negative_count": 64136
            },
            "lower_wall": {
              "count": 16384,
              "nonfinite": 0,
              "min": 2.747477404110712,
              "mean": 2.7474774041107115,
              "p01": 2.747477404110712,
              "p50": 2.747477404110712,
              "p99": 2.747477404110712,
              "max": 2.747477404110712,
              "sum": 45014.6697889499,
              "nonzero_count": 16384,
              "positive_count": 16384,
              "negative_count": 0
            }
          },
          "WallPhasePred": {
            "all": {
              "count": 1572864,
              "nonfinite": 0,
              "min": 0.0,
              "mean": 0.005539738973608496,
              "p01": 0.0,
              "p50": 0.0,
              "p99": 0.009583301199295442,
              "max": 0.9997744529507739,
              "sum": 8713.256000985753,
              "nonzero_count": 80520,
              "positive_count": 80520,
              "negative_count": 0
            },
            "fluid": {
              "count": 1492344,
              "nonfinite": 0,
              "min": 0.0,
              "mean": 0.0,
              "p01": 0.0,
              "p50": 0.0,
              "p99": 0.0,
              "max": 0.0,
              "sum": 0.0,
              "nonzero_count": 0,
              "positive_count": 0,
              "negative_count": 0
            },
            "wall": {
              "count": 80520,
              "nonfinite": 0,
              "min": 1.647403675917622e-08,
              "mean": 0.10821231993275894,
              "p01": 1.6477883747452795e-08,
              "p50": 1.7310869191960076e-08,
              "p99": 0.9995113289519092,
              "max": 0.9997744529507739,
              "sum": 8713.25600098575,
              "nonzero_count": 80520,
              "positive_count": 80520,
              "negative_count": 0
            },
            "lower_wall": {
              "count": 16384,
              "nonfinite": 0,
              "min": 0.0003950752692137837,
              "mean": 0.5301752071832682,
              "p01": 0.0009973346693345237,
              "p50": 0.5349629520448682,
              "p99": 0.9997439439072268,
              "max": 0.9997744529507739,
              "sum": 8686.390594490666,
              "nonzero_count": 16384,
              "positive_count": 16384,
              "negative_count": 0
            }
          },
          "WallPhaseProfilePred": {
            "all": {
              "count": 1572864,
              "nonfinite": 0,
              "min": 0.0,
              "mean": 0.0055724290831149735,
              "p01": 0.0,
              "p50": 0.0,
              "p99": 0.010013043705828563,
              "max": 0.9998809391335084,
              "sum": 8764.67309738455,
              "nonzero_count": 80520,
              "positive_count": 80520,
              "negative_count": 0
            },
            "fluid": {
              "count": 1492344,
              "nonfinite": 0,
              "min": 0.0,
              "mean": 0.0,
              "p01": 0.0,
              "p50": 0.0,
              "p99": 0.0,
              "max": 0.0,
              "sum": 0.0,
              "nonzero_count": 0,
              "positive_count": 0,
              "negative_count": 0
            },
            "wall": {
              "count": 80520,
              "nonfinite": 0,
              "min": 1.647403675917622e-08,
              "mean": 0.10885088297795013,
              "p01": 1.6477883747452795e-08,
              "p50": 1.7310869191960076e-08,
              "p99": 0.99968931879543,
              "max": 0.9998809391335084,
              "sum": 8764.673097384544,
              "nonzero_count": 80520,
              "positive_count": 80520,
              "negative_count": 0
            },
            "lower_wall": {
              "count": 16384,
              "nonfinite": 0,
              "min": 0.0007492198890930191,
              "mean": 0.5333134576958898,
              "p01": 0.001130114245986301,
              "p50": 0.5416251786441231,
              "p99": 0.9998548068687697,
              "max": 0.9998809391335084,
              "sum": 8737.807690889458,
              "nonzero_count": 16384,
              "positive_count": 16384,
              "negative_count": 0
            }
          },
          "WallProfileDelta": {
            "all": {
              "count": 1572864,
              "nonfinite": 0,
              "min": -0.038132677780378266,
              "mean": -3.269010950647576e-05,
              "p01": 0.0,
              "p50": 0.0,
              "p99": 0.0,
              "max": 0.015327483387186258,
              "sum": -51.41709639879349,
              "nonzero_count": 16384,
              "positive_count": 5248,
              "negative_count": 11136
            },
            "fluid": {
              "count": 1492344,
              "nonfinite": 0,
              "min": 0.0,
              "mean": 0.0,
              "p01": 0.0,
              "p50": 0.0,
              "p99": 0.0,
              "max": 0.0,
              "sum": 0.0,
              "nonzero_count": 0,
              "positive_count": 0,
              "negative_count": 0
            },
            "wall": {
              "count": 80520,
              "nonfinite": 0,
              "min": -0.038132677780378266,
              "mean": -0.0006385630451911762,
              "p01": -0.018702825056693795,
              "p50": 0.0,
              "p99": 0.011814307659022319,
              "max": 0.015327483387186258,
              "sum": -51.417096398793504,
              "nonzero_count": 16384,
              "positive_count": 5248,
              "negative_count": 11136
            },
            "lower_wall": {
              "count": 16384,
              "nonfinite": 0,
              "min": -0.038132677780378266,
              "mean": -0.0031382505126216734,
              "p01": -0.026624402226329395,
              "p50": -0.0004661359345733418,
              "p99": 0.012927158987784404,
              "max": 0.015327483387186258,
              "sum": -51.4170963987935,
              "nonzero_count": 16384,
              "positive_count": 5248,
              "negative_count": 11136
            }
          },
          "WallPhaseSignedProfilePred": {
            "all": {
              "count": 1572864,
              "nonfinite": 0,
              "min": 0.0,
              "mean": 0.005584478384241681,
              "p01": 0.0,
              "p50": 0.0,
              "p99": 0.010576848673636676,
              "max": 0.9997744218816934,
              "sum": 8783.625009351908,
              "nonzero_count": 80520,
              "positive_count": 80520,
              "negative_count": 0
            },
            "fluid": {
              "count": 1492344,
              "nonfinite": 0,
              "min": 0.0,
              "mean": 0.0,
              "p01": 0.0,
              "p50": 0.0,
              "p99": 0.0,
              "max": 0.0,
              "sum": 0.0,
              "nonzero_count": 0,
              "positive_count": 0,
              "negative_count": 0
            },
            "wall": {
              "count": 80520,
              "nonfinite": 0,
              "min": 1.647403675917622e-08,
              "mean": 0.10908625197903522,
              "p01": 1.6477883747452795e-08,
              "p50": 1.7310869191960076e-08,
              "p99": 0.9995025388844556,
              "max": 0.9997744218816934,
              "sum": 8783.625009351916,
              "nonzero_count": 80520,
              "positive_count": 80520,
              "negative_count": 0
            },
            "lower_wall": {
              "count": 16384,
              "nonfinite": 0,
              "min": 0.00039508760967811444,
              "mean": 0.5344701906040545,
              "p01": 0.001104795789178808,
              "p50": 0.541024579751845,
              "p99": 0.9997431294944844,
              "max": 0.9997744218816934,
              "sum": 8756.75960285683,
              "nonzero_count": 16384,
              "positive_count": 16384,
              "negative_count": 0
            }
          },
          "WallSignedProfileDelta": {
            "all": {
              "count": 1572864,
              "nonfinite": 0,
              "min": -0.09981014629320198,
              "mean": -4.4739410633191444e-05,
              "p01": 0.0,
              "p50": 0.0,
              "p99": 0.0,
              "max": 0.017311058307385774,
              "sum": -70.36900836616402,
              "nonzero_count": 16384,
              "positive_count": 7804,
              "negative_count": 8580
            },
            "fluid": {
              "count": 1492344,
              "nonfinite": 0,
              "min": 0.0,
              "mean": 0.0,
              "p01": 0.0,
              "p50": 0.0,
              "p99": 0.0,
              "max": 0.0,
              "sum": 0.0,
              "nonzero_count": 0,
              "positive_count": 0,
              "negative_count": 0
            },
            "wall": {
              "count": 80520,
              "nonfinite": 0,
              "min": -0.09981014629320198,
              "mean": -0.0008739320462762546,
              "p01": -0.01929383628959571,
              "p50": 0.0,
              "p99": 0.01595805232628167,
              "max": 0.017311058307385774,
              "sum": -70.36900836616402,
              "nonzero_count": 16384,
              "positive_count": 7804,
              "negative_count": 8580
            },
            "lower_wall": {
              "count": 16384,
              "nonfinite": 0,
              "min": -0.09981014629320198,
              "mean": -0.0042949834207863784,
              "p01": -0.08289686628198854,
              "p50": -0.0002520113418603959,
              "p99": 0.01716530478215117,
              "max": 0.017311058307385774,
              "sum": -70.36900836616402,
              "nonzero_count": 16384,
              "positive_count": 7804,
              "negative_count": 8580
            }
          },
          "WallSignedLogitShift": {
            "all": {
              "count": 1572864,
              "nonfinite": 0,
              "min": 0.0,
              "mean": 0.006114740917482862,
              "p01": 0.0,
              "p50": 0.0,
              "p99": 0.15706553082891977,
              "max": 2.7857965053939013,
              "sum": 9617.655858435764,
              "nonzero_count": 16384,
              "positive_count": 16384,
              "negative_count": 0
            },
            "fluid": {
              "count": 1492344,
              "nonfinite": 0,
              "min": 0.0,
              "mean": 0.0,
              "p01": 0.0,
              "p50": 0.0,
              "p99": 0.0,
              "max": 0.0,
              "sum": 0.0,
              "nonzero_count": 0,
              "positive_count": 0,
              "negative_count": 0
            },
            "wall": {
              "count": 80520,
              "nonfinite": 0,
              "min": 0.0,
              "mean": 0.1194443102140556,
              "p01": 0.0,
              "p50": 0.0,
              "p99": 0.9818040497428598,
              "max": 2.7857965053939013,
              "sum": 9617.655858435757,
              "nonzero_count": 16384,
              "positive_count": 16384,
              "negative_count": 0
            },
            "lower_wall": {
              "count": 16384,
              "nonfinite": 0,
              "min": 0.0073804381755091025,
              "mean": 0.5870151280783544,
              "p01": 0.07511876975076123,
              "p50": 0.6165590007941597,
              "p99": 1.9734305041349525,
              "max": 2.7857965053939013,
              "sum": 9617.655858435759,
              "nonzero_count": 16384,
              "positive_count": 16384,
              "negative_count": 0
            }
          },
          "WallFluidSampleCount": {
            "all": {
              "count": 1572864,
              "nonfinite": 0,
              "min": 0.0,
              "mean": 3.7336578369140625,
              "p01": 0.0,
              "p50": 0.0,
              "p99": 75.0,
              "max": 75.0,
              "sum": 5872536.0,
              "nonzero_count": 80520,
              "positive_count": 80520,
              "negative_count": 0
            },
            "fluid": {
              "count": 1492344,
              "nonfinite": 0,
              "min": 0.0,
              "mean": 0.0,
              "p01": 0.0,
              "p50": 0.0,
              "p99": 0.0,
              "max": 0.0,
              "sum": 0.0,
              "nonzero_count": 0,
              "positive_count": 0,
              "negative_count": 0
            },
            "wall": {
              "count": 80520,
              "nonfinite": 0,
              "min": 27.0,
              "mean": 72.93263785394933,
              "p01": 45.0,
              "p50": 75.0,
              "p99": 75.0,
              "max": 75.0,
              "sum": 5872536.0,
              "nonzero_count": 80520,
              "positive_count": 80520,
              "negative_count": 0
            },
            "lower_wall": {
              "count": 16384,
              "nonfinite": 0,
              "min": 27.0,
              "mean": 72.674560546875,
              "p01": 45.0,
              "p50": 75.0,
              "p99": 75.0,
              "max": 75.0,
              "sum": 1190700.0,
              "nonzero_count": 16384,
              "positive_count": 16384,
              "negative_count": 0
            }
          },
          "WallFluidSampleH": {
            "all": {
              "count": 1572864,
              "nonfinite": 0,
              "min": 0.0,
              "mean": 0.025780718478134467,
              "p01": 0.0,
              "p50": 0.0,
              "p99": 0.5,
              "max": 0.8660254037844386,
              "sum": 40549.56398839249,
              "nonzero_count": 80520,
              "positive_count": 80520,
              "negative_count": 0
            },
            "fluid": {
              "count": 1492344,
              "nonfinite": 0,
              "min": 0.0,
              "mean": 0.0,
              "p01": 0.0,
              "p50": 0.0,
              "p99": 0.0,
              "max": 0.0,
              "sum": 0.0,
              "nonzero_count": 0,
              "positive_count": 0,
              "negative_count": 0
            },
            "wall": {
              "count": 80520,
              "nonfinite": 0,
              "min": 0.5,
              "mean": 0.5035961747192308,
              "p01": 0.5,
              "p50": 0.5,
              "p99": 0.7071067811865476,
              "max": 0.8660254037844386,
              "sum": 40549.56398839246,
              "nonzero_count": 80520,
              "positive_count": 80520,
              "negative_count": 0
            },
            "lower_wall": {
              "count": 16384,
              "nonfinite": 0,
              "min": 0.5,
              "mean": 0.5064603222249242,
              "p01": 0.5,
              "p50": 0.5,
              "p99": 0.7071067811865476,
              "max": 0.8660254037844386,
              "sum": 8297.845919333158,
              "nonzero_count": 16384,
              "positive_count": 16384,
              "negative_count": 0
            }
          },
          "WallPhaseRawPred": {
            "all": {
              "count": 1572864,
              "nonfinite": 0,
              "min": 0.0,
              "mean": 0.005539738973608496,
              "p01": 0.0,
              "p50": 0.0,
              "p99": 0.009583301199295442,
              "max": 0.9997744529507739,
              "sum": 8713.256000985753,
              "nonzero_count": 80520,
              "positive_count": 80520,
              "negative_count": 0
            },
            "fluid": {
              "count": 1492344,
              "nonfinite": 0,
              "min": 0.0,
              "mean": 0.0,
              "p01": 0.0,
              "p50": 0.0,
              "p99": 0.0,
              "max": 0.0,
              "sum": 0.0,
              "nonzero_count": 0,
              "positive_count": 0,
              "negative_count": 0
            },
            "wall": {
              "count": 80520,
              "nonfinite": 0,
              "min": 1.647403675917622e-08,
              "mean": 0.10821231993275894,
              "p01": 1.6477883747452795e-08,
              "p50": 1.7310869191960076e-08,
              "p99": 0.9995113289519092,
              "max": 0.9997744529507739,
              "sum": 8713.25600098575,
              "nonzero_count": 80520,
              "positive_count": 80520,
              "negative_count": 0
            },
            "lower_wall": {
              "count": 16384,
              "nonfinite": 0,
              "min": 0.0003950752692137837,
              "mean": 0.5301752071832682,
              "p01": 0.0009973346693345237,
              "p50": 0.5349629520448682,
              "p99": 0.9997439439072268,
              "max": 0.9997744529507739,
              "sum": 8686.390594490666,
              "nonzero_count": 16384,
              "positive_count": 16384,
              "negative_count": 0
            }
          },
          "WallPhaseSignedPred": {
            "all": {
              "count": 1572864,
              "nonfinite": 0,
              "min": 0.0,
              "mean": 0.0055673978187922345,
              "p01": 0.0,
              "p50": 0.0,
              "p99": 0.003932771313027892,
              "max": 0.9997744218816934,
              "sum": 8756.75960285683,
              "nonzero_count": 16384,
              "positive_count": 16384,
              "negative_count": 0
            },
            "fluid": {
              "count": 1492344,
              "nonfinite": 0,
              "min": 0.0,
              "mean": 0.0,
              "p01": 0.0,
              "p50": 0.0,
              "p99": 0.0,
              "max": 0.0,
              "sum": 0.0,
              "nonzero_count": 0,
              "positive_count": 0,
              "negative_count": 0
            },
            "wall": {
              "count": 80520,
              "nonfinite": 0,
              "min": 0.0,
              "mean": 0.10875260311545988,
              "p01": 0.0,
              "p50": 0.0,
              "p99": 0.9995025388844556,
              "max": 0.9997744218816934,
              "sum": 8756.75960285683,
              "nonzero_count": 16384,
              "positive_count": 16384,
              "negative_count": 0
            },
            "lower_wall": {
              "count": 16384,
              "nonfinite": 0,
              "min": 0.00039508760967811444,
              "mean": 0.5344701906040547,
              "p01": 0.0011047957891788089,
              "p50": 0.541024579751845,
              "p99": 0.9997431294944844,
              "max": 0.9997744218816934,
              "sum": 8756.759602856831,
              "nonzero_count": 16384,
              "positive_count": 16384,
              "negative_count": 0
            }
          },
          "WallContactResidual": {
            "all": {
              "count": 1572864,
              "nonfinite": 0,
              "min": -0.06030709168298942,
              "mean": 6.973164606700599e-05,
              "p01": 0.0,
              "p50": 0.0,
              "p99": 0.0,
              "max": 0.28861280613683116,
              "sum": 109.6783957595353,
              "nonzero_count": 16384,
              "positive_count": 7160,
              "negative_count": 9224
            },
            "fluid": {
              "count": 1492344,
              "nonfinite": 0,
              "min": 0.0,
              "mean": 0.0,
              "p01": 0.0,
              "p50": 0.0,
              "p99": 0.0,
              "max": 0.0,
              "sum": 0.0,
              "nonzero_count": 0,
              "positive_count": 0,
              "negative_count": 0
            },
            "wall": {
              "count": 80520,
              "nonfinite": 0,
              "min": -0.06030709168298942,
              "mean": 0.0013621261271676021,
              "p01": -0.044846352674535295,
              "p50": 0.0,
              "p99": 0.06573540837850442,
              "max": 0.28861280613683116,
              "sum": 109.67839575953532,
              "nonzero_count": 16384,
              "positive_count": 7160,
              "negative_count": 9224
            },
            "lower_wall": {
              "count": 16384,
              "nonfinite": 0,
              "min": -0.06030709168298942,
              "mean": 0.006694238022432575,
              "p01": -0.055581285195831845,
              "p50": -0.0058955908776932575,
              "p99": 0.2038482987751117,
              "max": 0.28861280613683116,
              "sum": 109.6783957595353,
              "nonzero_count": 16384,
              "positive_count": 7160,
              "negative_count": 9224
            }
          },
          "WallSignedNormalGrad": {
            "all": {
              "count": 1572864,
              "nonfinite": 0,
              "min": -0.16162377744030276,
              "mean": -0.0005429541810258095,
              "p01": -0.0002361437216253287,
              "p50": 0.0,
              "p99": 0.0,
              "max": 0.0,
              "sum": -853.9930849849789,
              "nonzero_count": 16384,
              "positive_count": 0,
              "negative_count": 16384
            },
            "fluid": {
              "count": 1492344,
              "nonfinite": 0,
              "min": 0.0,
              "mean": 0.0,
              "p01": 0.0,
              "p50": 0.0,
              "p99": 0.0,
              "max": 0.0,
              "sum": 0.0,
              "nonzero_count": 0,
              "positive_count": 0,
              "negative_count": 0
            },
            "wall": {
              "count": 80520,
              "nonfinite": 0,
              "min": -0.16162377744030276,
              "mean": -0.01060597472658941,
              "p01": -0.15822412733578817,
              "p50": 0.0,
              "p99": 0.0,
              "max": 0.0,
              "sum": -853.9930849849793,
              "nonzero_count": 16384,
              "positive_count": 0,
              "negative_count": 16384
            },
            "lower_wall": {
              "count": 16384,
              "nonfinite": 0,
              "min": -0.16162377744030276,
              "mean": -0.052123601378477734,
              "p01": -0.1614661448406036,
              "p50": -0.030672144380749746,
              "p99": -0.00013891792701641576,
              "max": -0.00011392761808093343,
              "sum": -853.9930849849792,
              "nonzero_count": 16384,
              "positive_count": 0,
              "negative_count": 16384
            }
          },
          "WallTangentGradMag": {
            "all": {
              "count": 1572864,
              "nonfinite": 0,
              "min": 0.0,
              "mean": 0.00019675917935700027,
              "p01": 0.0,
              "p50": 0.0,
              "p99": 2.7654266774938613e-05,
              "max": 0.05701229926455232,
              "sum": 309.47542988016886,
              "nonzero_count": 16384,
              "positive_count": 16384,
              "negative_count": 0
            },
            "fluid": {
              "count": 1492344,
              "nonfinite": 0,
              "min": 0.0,
              "mean": 0.0,
              "p01": 0.0,
              "p50": 0.0,
              "p99": 0.0,
              "max": 0.0,
              "sum": 0.0,
              "nonzero_count": 0,
              "positive_count": 0,
              "negative_count": 0
            },
            "wall": {
              "count": 80520,
              "nonfinite": 0,
              "min": 0.0,
              "mean": 0.003843460381025446,
              "p01": 0.0,
              "p50": 0.0,
              "p99": 0.05570604600182296,
              "max": 0.05701229926455232,
              "sum": 309.4754298801689,
              "nonzero_count": 16384,
              "positive_count": 16384,
              "negative_count": 0
            },
            "lower_wall": {
              "count": 16384,
              "nonfinite": 0,
              "min": 6.113588927487609e-07,
              "mean": 0.01888888121827203,
              "p01": 7.494059171028656e-06,
              "p50": 0.012161735331122372,
              "p99": 0.05684277880916605,
              "max": 0.05701229926455232,
              "sum": 309.4754298801689,
              "nonzero_count": 16384,
              "positive_count": 16384,
              "negative_count": 0
            }
          },
          "WallSignedDeltaQ": {
            "all": {
              "count": 1572864,
              "nonfinite": 0,
              "min": 0.0,
              "mean": 0.006114740917482862,
              "p01": 0.0,
              "p50": 0.0,
              "p99": 0.1570655308289593,
              "max": 2.7857965053939013,
              "sum": 9617.655858435764,
              "nonzero_count": 16384,
              "positive_count": 16384,
              "negative_count": 0
            },
            "fluid": {
              "count": 1492344,
              "nonfinite": 0,
              "min": 0.0,
              "mean": 0.0,
              "p01": 0.0,
              "p50": 0.0,
              "p99": 0.0,
              "max": 0.0,
              "sum": 0.0,
              "nonzero_count": 0,
              "positive_count": 0,
              "negative_count": 0
            },
            "wall": {
              "count": 80520,
              "nonfinite": 0,
              "min": 0.0,
              "mean": 0.11944431021405565,
              "p01": 0.0,
              "p50": 0.0,
              "p99": 0.9818040497428598,
              "max": 2.7857965053939013,
              "sum": 9617.65585843576,
              "nonzero_count": 16384,
              "positive_count": 16384,
              "negative_count": 0
            },
            "lower_wall": {
              "count": 16384,
              "nonfinite": 0,
              "min": 0.007380438175514359,
              "mean": 0.5870151280783545,
              "p01": 0.07511876975076365,
              "p50": 0.6165590007941597,
              "p99": 1.9734305041349527,
              "max": 2.7857965053939013,
              "sum": 9617.65585843576,
              "nonzero_count": 16384,
              "positive_count": 16384,
              "negative_count": 0
            }
          },
          "WallSignedQClipped": {
            "all": {
              "count": 1572864,
              "nonfinite": 0,
              "min": 0.0,
              "mean": 0.0,
              "p01": 0.0,
              "p50": 0.0,
              "p99": 0.0,
              "max": 0.0,
              "sum": 0.0,
              "nonzero_count": 0,
              "positive_count": 0,
              "negative_count": 0
            },
            "fluid": {
              "count": 1492344,
              "nonfinite": 0,
              "min": 0.0,
              "mean": 0.0,
              "p01": 0.0,
              "p50": 0.0,
              "p99": 0.0,
              "max": 0.0,
              "sum": 0.0,
              "nonzero_count": 0,
              "positive_count": 0,
              "negative_count": 0
            },
            "wall": {
              "count": 80520,
              "nonfinite": 0,
              "min": 0.0,
              "mean": 0.0,
              "p01": 0.0,
              "p50": 0.0,
              "p99": 0.0,
              "max": 0.0,
              "sum": 0.0,
              "nonzero_count": 0,
              "positive_count": 0,
              "negative_count": 0
            },
            "lower_wall": {
              "count": 16384,
              "nonfinite": 0,
              "min": 0.0,
              "mean": 0.0,
              "p01": 0.0,
              "p50": 0.0,
              "p99": 0.0,
              "max": 0.0,
              "sum": 0.0,
              "nonzero_count": 0,
              "positive_count": 0,
              "negative_count": 0
            }
          },
          "BoundaryMask": {
            "all": {
              "count": 1572864,
              "nonfinite": 0,
              "min": 0.0,
              "mean": 0.0511932373046875,
              "p01": 0.0,
              "p50": 0.0,
              "p99": 1.0,
              "max": 1.0,
              "sum": 80520.0,
              "nonzero_count": 80520,
              "positive_count": 80520,
              "negative_count": 0
            },
            "fluid": {
              "count": 1492344,
              "nonfinite": 0,
              "min": 0.0,
              "mean": 0.0,
              "p01": 0.0,
              "p50": 0.0,
              "p99": 0.0,
              "max": 0.0,
              "sum": 0.0,
              "nonzero_count": 0,
              "positive_count": 0,
              "negative_count": 0
            },
            "wall": {
              "count": 80520,
              "nonfinite": 0,
              "min": 1.0,
              "mean": 1.0,
              "p01": 1.0,
              "p50": 1.0,
              "p99": 1.0,
              "max": 1.0,
              "sum": 80520.0,
              "nonzero_count": 80520,
              "positive_count": 80520,
              "negative_count": 0
            },
            "lower_wall": {
              "count": 16384,
              "nonfinite": 0,
              "min": 1.0,
              "mean": 1.0,
              "p01": 1.0,
              "p50": 1.0,
              "p99": 1.0,
              "max": 1.0,
              "sum": 16384.0,
              "nonzero_count": 16384,
              "positive_count": 16384,
              "negative_count": 0
            }
          },
          "WallStage7Mode": {
            "all": {
              "count": 1572864,
              "nonfinite": 0,
              "min": 0.0,
              "mean": 0.03125,
              "p01": 0.0,
              "p50": 0.0,
              "p99": 3.0,
              "max": 3.0,
              "sum": 49152.0,
              "nonzero_count": 16384,
              "positive_count": 16384,
              "negative_count": 0
            },
            "fluid": {
              "count": 1492344,
              "nonfinite": 0,
              "min": 0.0,
              "mean": 0.0,
              "p01": 0.0,
              "p50": 0.0,
              "p99": 0.0,
              "max": 0.0,
              "sum": 0.0,
              "nonzero_count": 0,
              "positive_count": 0,
              "negative_count": 0
            },
            "wall": {
              "count": 80520,
              "nonfinite": 0,
              "min": 0.0,
              "mean": 0.6104321907600596,
              "p01": 0.0,
              "p50": 0.0,
              "p99": 3.0,
              "max": 3.0,
              "sum": 49152.0,
              "nonzero_count": 16384,
              "positive_count": 16384,
              "negative_count": 0
            },
            "lower_wall": {
              "count": 16384,
              "nonfinite": 0,
              "min": 3.0,
              "mean": 3.0,
              "p01": 3.0,
              "p50": 3.0,
              "p99": 3.0,
              "max": 3.0,
              "sum": 49152.0,
              "nonzero_count": 16384,
              "positive_count": 16384,
              "negative_count": 0
            }
          },
          "WallStage7ActiveWeight": {
            "all": {
              "count": 1572864,
              "nonfinite": 0,
              "min": 0.0,
              "mean": 0.006472269694010417,
              "p01": 0.0,
              "p50": 0.0,
              "p99": 0.0,
              "max": 1.0,
              "sum": 10180.0,
              "nonzero_count": 10180,
              "positive_count": 10180,
              "negative_count": 0
            },
            "fluid": {
              "count": 1492344,
              "nonfinite": 0,
              "min": 0.0,
              "mean": 0.0,
              "p01": 0.0,
              "p50": 0.0,
              "p99": 0.0,
              "max": 0.0,
              "sum": 0.0,
              "nonzero_count": 0,
              "positive_count": 0,
              "negative_count": 0
            },
            "wall": {
              "count": 80520,
              "nonfinite": 0,
              "min": 0.0,
              "mean": 0.126428216592151,
              "p01": 0.0,
              "p50": 0.0,
              "p99": 1.0,
              "max": 1.0,
              "sum": 10180.0,
              "nonzero_count": 10180,
              "positive_count": 10180,
              "negative_count": 0
            },
            "lower_wall": {
              "count": 16384,
              "nonfinite": 0,
              "min": 0.0,
              "mean": 0.621337890625,
              "p01": 0.0,
              "p50": 1.0,
              "p99": 1.0,
              "max": 1.0,
              "sum": 10180.0,
              "nonzero_count": 10180,
              "positive_count": 10180,
              "negative_count": 0
            }
          },
          "WallStage7DeltaQRaw": {
            "all": {
              "count": 1572864,
              "nonfinite": 0,
              "min": 0.0,
              "mean": 0.004140836278893236,
              "p01": 0.0,
              "p50": 0.0,
              "p99": 0.0015195894618278687,
              "max": 1.590631292023442,
              "sum": 6512.97231296513,
              "nonzero_count": 16384,
              "positive_count": 16384,
              "negative_count": 0
            },
            "fluid": {
              "count": 1492344,
              "nonfinite": 0,
              "min": 0.0,
              "mean": 0.0,
              "p01": 0.0,
              "p50": 0.0,
              "p99": 0.0,
              "max": 0.0,
              "sum": 0.0,
              "nonzero_count": 0,
              "positive_count": 0,
              "negative_count": 0
            },
            "wall": {
              "count": 80520,
              "nonfinite": 0,
              "min": 0.0,
              "mean": 0.08088639236171302,
              "p01": 0.0,
              "p50": 0.0,
              "p99": 0.6567845068511386,
              "max": 1.590631292023442,
              "sum": 6512.972312965133,
              "nonzero_count": 16384,
              "positive_count": 16384,
              "negative_count": 0
            },
            "lower_wall": {
              "count": 16384,
              "nonfinite": 0,
              "min": 3.359389487258729e-05,
              "mean": 0.39752028277375073,
              "p01": 0.0004117951647493977,
              "p50": 0.548881105064031,
              "p99": 1.2723878234389472,
              "max": 1.590631292023442,
              "sum": 6512.972312965132,
              "nonzero_count": 16384,
              "positive_count": 16384,
              "negative_count": 0
            }
          },
          "WallStage7DeltaQLimited": {
            "all": {
              "count": 1572864,
              "nonfinite": 0,
              "min": 0.0,
              "mean": 0.004140836278893236,
              "p01": 0.0,
              "p50": 0.0,
              "p99": 0.0015195894618278687,
              "max": 1.590631292023442,
              "sum": 6512.97231296513,
              "nonzero_count": 16384,
              "positive_count": 16384,
              "negative_count": 0
            },
            "fluid": {
              "count": 1492344,
              "nonfinite": 0,
              "min": 0.0,
              "mean": 0.0,
              "p01": 0.0,
              "p50": 0.0,
              "p99": 0.0,
              "max": 0.0,
              "sum": 0.0,
              "nonzero_count": 0,
              "positive_count": 0,
              "negative_count": 0
            },
            "wall": {
              "count": 80520,
              "nonfinite": 0,
              "min": 0.0,
              "mean": 0.08088639236171302,
              "p01": 0.0,
              "p50": 0.0,
              "p99": 0.6567845068511386,
              "max": 1.590631292023442,
              "sum": 6512.972312965133,
              "nonzero_count": 16384,
              "positive_count": 16384,
              "negative_count": 0
            },
            "lower_wall": {
              "count": 16384,
              "nonfinite": 0,
              "min": 3.359389487258729e-05,
              "mean": 0.39752028277375073,
              "p01": 0.0004117951647493977,
              "p50": 0.548881105064031,
              "p99": 1.2723878234389472,
              "max": 1.590631292023442,
              "sum": 6512.972312965132,
              "nonzero_count": 16384,
              "positive_count": 16384,
              "negative_count": 0
            }
          },
          "WallStage7Denom": {
            "all": {
              "count": 1572864,
              "nonfinite": 0,
              "min": 0.0,
              "mean": 0.0010628326384204796,
              "p01": 0.0,
              "p50": 0.0,
              "p99": 0.05,
              "max": 0.24999999233847786,
              "sum": 1671.691194996589,
              "nonzero_count": 16384,
              "positive_count": 16384,
              "negative_count": 0
            },
            "fluid": {
              "count": 1492344,
              "nonfinite": 0,
              "min": 0.0,
              "mean": 0.0,
              "p01": 0.0,
              "p50": 0.0,
              "p99": 0.0,
              "max": 0.0,
              "sum": 0.0,
              "nonzero_count": 0,
              "positive_count": 0,
              "negative_count": 0
            },
            "wall": {
              "count": 80520,
              "nonfinite": 0,
              "min": 0.0,
              "mean": 0.020761192188233826,
              "p01": 0.0,
              "p50": 0.0,
              "p99": 0.2445715481328885,
              "max": 0.24999999233847786,
              "sum": 1671.6911949965877,
              "nonzero_count": 16384,
              "positive_count": 16384,
              "negative_count": 0
            },
            "lower_wall": {
              "count": 16384,
              "nonfinite": 0,
              "min": 0.05,
              "mean": 0.10203193328836596,
              "p01": 0.05,
              "p50": 0.052165955576765816,
              "p99": 0.24978827436728404,
              "max": 0.24999999233847786,
              "sum": 1671.691194996588,
              "nonzero_count": 16384,
              "positive_count": 16384,
              "negative_count": 0
            }
          },
          "WallStage7LimiterReason": {
            "all": {
              "count": 1572864,
              "nonfinite": 0,
              "min": 0.0,
              "mean": 0.005124409993489583,
              "p01": 0.0,
              "p50": 0.0,
              "p99": 0.0,
              "max": 1.0,
              "sum": 8060.0,
              "nonzero_count": 8060,
              "positive_count": 8060,
              "negative_count": 0
            },
            "fluid": {
              "count": 1492344,
              "nonfinite": 0,
              "min": 0.0,
              "mean": 0.0,
              "p01": 0.0,
              "p50": 0.0,
              "p99": 0.0,
              "max": 0.0,
              "sum": 0.0,
              "nonzero_count": 0,
              "positive_count": 0,
              "negative_count": 0
            },
            "wall": {
              "count": 80520,
              "nonfinite": 0,
              "min": 0.0,
              "mean": 0.10009935419771486,
              "p01": 0.0,
              "p50": 0.0,
              "p99": 1.0,
              "max": 1.0,
              "sum": 8060.0,
              "nonzero_count": 8060,
              "positive_count": 8060,
              "negative_count": 0
            },
            "lower_wall": {
              "count": 16384,
              "nonfinite": 0,
              "min": 0.0,
              "mean": 0.491943359375,
              "p01": 0.0,
              "p50": 0.0,
              "p99": 1.0,
              "max": 1.0,
              "sum": 8060.0,
              "nonzero_count": 8060,
              "positive_count": 8060,
              "negative_count": 0
            }
          },
          "WallStage7GradMag": {
            "all": {
              "count": 1572864,
              "nonfinite": 0,
              "min": 0.0,
              "mean": 0.000577068946193825,
              "p01": 0.0,
              "p50": 0.0,
              "p99": 0.00025120595226609335,
              "max": 0.17075357456868448,
              "sum": 907.6509709862044,
              "nonzero_count": 16384,
              "positive_count": 16384,
              "negative_count": 0
            },
            "fluid": {
              "count": 1492344,
              "nonfinite": 0,
              "min": 0.0,
              "mean": 0.0,
              "p01": 0.0,
              "p50": 0.0,
              "p99": 0.0,
              "max": 0.0,
              "sum": 0.0,
              "nonzero_count": 0,
              "positive_count": 0,
              "negative_count": 0
            },
            "wall": {
              "count": 80520,
              "nonfinite": 0,
              "min": 0.0,
              "mean": 0.011272366753430265,
              "p01": 0.0,
              "p50": 0.0,
              "p99": 0.16713126566299757,
              "max": 0.17075357456868448,
              "sum": 907.6509709862049,
              "nonzero_count": 16384,
              "positive_count": 16384,
              "negative_count": 0
            },
            "lower_wall": {
              "count": 16384,
              "nonfinite": 0,
              "min": 0.00011393391200195979,
              "mean": 0.05539861883460723,
              "p01": 0.0001397559354540354,
              "p50": 0.03311903198581413,
              "p99": 0.1705808595071121,
              "max": 0.17075357456868448,
              "sum": 907.6509709862048,
              "nonzero_count": 16384,
              "positive_count": 16384,
              "negative_count": 0
            }
          },
          "WallStage7ActualCos": {
            "all": {
              "count": 1572864,
              "nonfinite": 0,
              "min": -0.9999997124688979,
              "mean": -0.009718733153786213,
              "p01": -0.8692098637281468,
              "p50": 0.0,
              "p99": 0.0,
              "max": 0.0,
              "sum": -15286.245503196798,
              "nonzero_count": 16384,
              "positive_count": 0,
              "negative_count": 16384
            },
            "fluid": {
              "count": 1492344,
              "nonfinite": 0,
              "min": 0.0,
              "mean": 0.0,
              "p01": 0.0,
              "p50": 0.0,
              "p99": 0.0,
              "max": 0.0,
              "sum": 0.0,
              "nonzero_count": 0,
              "positive_count": 0,
              "negative_count": 0
            },
            "wall": {
              "count": 80520,
              "nonfinite": 0,
              "min": -0.9999997124688979,
              "mean": -0.18984408225530042,
              "p01": -0.9845389734604437,
              "p50": 0.0,
              "p99": 0.0,
              "max": 0.0,
              "sum": -15286.24550319679,
              "nonzero_count": 16384,
              "positive_count": 0,
              "negative_count": 16384
            },
            "lower_wall": {
              "count": 16384,
              "nonfinite": 0,
              "min": -0.9999997124688979,
              "mean": -0.9329983827634759,
              "p01": -0.9952739059817403,
              "p50": -0.9455882116636016,
              "p99": -0.7358443220107967,
              "max": -0.6510798146490773,
              "sum": -15286.24550319679,
              "nonzero_count": 16384,
              "positive_count": 0,
              "negative_count": 16384
            }
          },
          "WallStage7TargetCos": {
            "all": {
              "count": 1572864,
              "nonfinite": 0,
              "min": -0.9396926207859084,
              "mean": -0.00978846479985319,
              "p01": -0.9396926207859084,
              "p50": 0.0,
              "p99": 0.0,
              "max": 0.0,
              "sum": -15395.92389895629,
              "nonzero_count": 16384,
              "positive_count": 0,
              "negative_count": 16384
            },
            "fluid": {
              "count": 1492344,
              "nonfinite": 0,
              "min": 0.0,
              "mean": 0.0,
              "p01": 0.0,
              "p50": 0.0,
              "p99": 0.0,
              "max": 0.0,
              "sum": 0.0,
              "nonzero_count": 0,
              "positive_count": 0,
              "negative_count": 0
            },
            "wall": {
              "count": 80520,
              "nonfinite": 0,
              "min": -0.9396926207859084,
              "mean": -0.19120620838246805,
              "p01": -0.9396926207859084,
              "p50": 0.0,
              "p99": 0.0,
              "max": 0.0,
              "sum": -15395.923898956327,
              "nonzero_count": 16384,
              "positive_count": 0,
              "negative_count": 16384
            },
            "lower_wall": {
              "count": 16384,
              "nonfinite": 0,
              "min": -0.9396926207859084,
              "mean": -0.9396926207859088,
              "p01": -0.9396926207859084,
              "p50": -0.9396926207859084,
              "p99": -0.9396926207859084,
              "max": -0.9396926207859084,
              "sum": -15395.92389895633,
              "nonzero_count": 16384,
              "positive_count": 0,
              "negative_count": 16384
            }
          },
          "WallStage7WriteCandidate": {
            "all": {
              "count": 1572864,
              "nonfinite": 0,
              "min": 0.0,
              "mean": 0.005549065412779293,
              "p01": 0.0,
              "p50": 0.0,
              "p99": 0.003397633823303569,
              "max": 0.9998809391335084,
              "sum": 8727.92522140569,
              "nonzero_count": 16384,
              "positive_count": 16384,
              "negative_count": 0
            },
            "fluid": {
              "count": 1492344,
              "nonfinite": 0,
              "min": 0.0,
              "mean": 0.0,
              "p01": 0.0,
              "p50": 0.0,
              "p99": 0.0,
              "max": 0.0,
              "sum": 0.0,
              "nonzero_count": 0,
              "positive_count": 0,
              "negative_count": 0
            },
            "wall": {
              "count": 80520,
              "nonfinite": 0,
              "min": 0.0,
              "mean": 0.10839450101099957,
              "p01": 0.0,
              "p50": 0.0,
              "p99": 0.99968931879543,
              "max": 0.9998809391335084,
              "sum": 8727.925221405685,
              "nonzero_count": 16384,
              "positive_count": 16384,
              "negative_count": 0
            },
            "lower_wall": {
              "count": 16384,
              "nonfinite": 0,
              "min": 0.0007492198890930191,
              "mean": 0.5327102796268118,
              "p01": 0.001130114245986301,
              "p50": 0.5410245797518456,
              "p99": 0.9998548068687697,
              "max": 0.9998809391335084,
              "sum": 8727.925221405685,
              "nonzero_count": 16384,
              "positive_count": 16384,
              "negative_count": 0
            }
          },
          "WallStage7WriteMinusProfile": {
            "all": {
              "count": 1572864,
              "nonfinite": 0,
              "min": -0.035400828271492546,
              "mean": -6.283104886229703e-06,
              "p01": 0.0,
              "p50": 0.0,
              "p99": 0.0,
              "max": 0.11513762968027302,
              "sum": -9.882469483774795,
              "nonzero_count": 10180,
              "positive_count": 3756,
              "negative_count": 6424
            },
            "fluid": {
              "count": 1492344,
              "nonfinite": 0,
              "min": 0.0,
              "mean": 0.0,
              "p01": 0.0,
              "p50": 0.0,
              "p99": 0.0,
              "max": 0.0,
              "sum": 0.0,
              "nonzero_count": 0,
              "positive_count": 0,
              "negative_count": 0
            },
            "wall": {
              "count": 80520,
              "nonfinite": 0,
              "min": -0.035400828271492546,
              "mean": -0.00012273310337524581,
              "p01": -0.0066101984442057185,
              "p50": 0.0,
              "p99": 0.0014151994243870275,
              "max": 0.11513762968027302,
              "sum": -9.882469483774793,
              "nonzero_count": 10180,
              "positive_count": 3756,
              "negative_count": 6424
            },
            "lower_wall": {
              "count": 16384,
              "nonfinite": 0,
              "min": -0.035400828271492546,
              "mean": -0.0006031780690780514,
              "p01": -0.020344271311953644,
              "p50": 0.0,
              "p99": 0.03121087749246639,
              "max": 0.11513762968027302,
              "sum": -9.882469483774795,
              "nonzero_count": 10180,
              "positive_count": 3756,
              "negative_count": 6424
            }
          },
          "WallH": {
            "all": {
              "count": 1572864,
              "nonfinite": 0,
              "min": 0.0,
              "mean": 0.025780718478134467,
              "p01": 0.0,
              "p50": 0.0,
              "p99": 0.5,
              "max": 0.8660254037844386,
              "sum": 40549.56398839249,
              "nonzero_count": 80520,
              "positive_count": 80520,
              "negative_count": 0
            },
            "fluid": {
              "count": 1492344,
              "nonfinite": 0,
              "min": 0.0,
              "mean": 0.0,
              "p01": 0.0,
              "p50": 0.0,
              "p99": 0.0,
              "max": 0.0,
              "sum": 0.0,
              "nonzero_count": 0,
              "positive_count": 0,
              "negative_count": 0
            },
            "wall": {
              "count": 80520,
              "nonfinite": 0,
              "min": 0.5,
              "mean": 0.5035961747192308,
              "p01": 0.5,
              "p50": 0.5,
              "p99": 0.7071067811865476,
              "max": 0.8660254037844386,
              "sum": 40549.56398839246,
              "nonzero_count": 80520,
              "positive_count": 80520,
              "negative_count": 0
            },
            "lower_wall": {
              "count": 16384,
              "nonfinite": 0,
              "min": 0.5,
              "mean": 0.5064603222249242,
              "p01": 0.5,
              "p50": 0.5,
              "p99": 0.7071067811865476,
              "max": 0.8660254037844386,
              "sum": 8297.845919333158,
              "nonzero_count": 16384,
              "positive_count": 16384,
              "negative_count": 0
            }
          },
          "WallNormalCoeff1": {
            "all": {
              "count": 1572864,
              "nonfinite": 0,
              "min": -0.16162377744030276,
              "mean": -0.0005417356360893029,
              "p01": -0.00023080408933241593,
              "p50": 0.0,
              "p99": 0.0,
              "max": 0.0,
              "sum": -852.0764795219653,
              "nonzero_count": 16384,
              "positive_count": 0,
              "negative_count": 16384
            },
            "fluid": {
              "count": 1492344,
              "nonfinite": 0,
              "min": 0.0,
              "mean": 0.0,
              "p01": 0.0,
              "p50": 0.0,
              "p99": 0.0,
              "max": 0.0,
              "sum": 0.0,
              "nonzero_count": 0,
              "positive_count": 0,
              "negative_count": 0
            },
            "wall": {
              "count": 80520,
              "nonfinite": 0,
              "min": -0.16162377744030276,
              "mean": -0.010582171876825202,
              "p01": -0.15822412733578817,
              "p50": 0.0,
              "p99": 0.0,
              "max": 0.0,
              "sum": -852.0764795219653,
              "nonzero_count": 16384,
              "positive_count": 0,
              "negative_count": 16384
            },
            "lower_wall": {
              "count": 16384,
              "nonfinite": 0,
              "min": -0.16162377744030276,
              "mean": -0.052006621064573086,
              "p01": -0.1614661448406036,
              "p50": -0.02939813540169378,
              "p99": -0.00013666308770125845,
              "max": -9.980514304777542e-05,
              "sum": -852.0764795219654,
              "nonzero_count": 16384,
              "positive_count": 0,
              "negative_count": 16384
            }
          },
          "WallNormalCoeff2": {
            "all": {
              "count": 1572864,
              "nonfinite": 0,
              "min": -0.1481081731286015,
              "mean": -0.0004947723710683207,
              "p01": -0.00041120673272766495,
              "p50": 0.0,
              "p99": 0.0,
              "max": 0.0,
              "sum": -778.2096506480032,
              "nonzero_count": 16384,
              "positive_count": 0,
              "negative_count": 16384
            },
            "fluid": {
              "count": 1492344,
              "nonfinite": 0,
              "min": 0.0,
              "mean": 0.0,
              "p01": 0.0,
              "p50": 0.0,
              "p99": 0.0,
              "max": 0.0,
              "sum": 0.0,
              "nonzero_count": 0,
              "positive_count": 0,
              "negative_count": 0
            },
            "wall": {
              "count": 80520,
              "nonfinite": 0,
              "min": -0.1481081731286015,
              "mean": -0.009664799436761093,
              "p01": -0.1446946197853413,
              "p50": 0.0,
              "p99": 0.0,
              "max": 0.0,
              "sum": -778.2096506480032,
              "nonzero_count": 16384,
              "positive_count": 0,
              "negative_count": 16384
            },
            "lower_wall": {
              "count": 16384,
              "nonfinite": 0,
              "min": -0.1481081731286015,
              "mean": -0.04749814762255879,
              "p01": -0.1479504289013458,
              "p50": -0.026540677093415205,
              "p99": -0.0001789915888833224,
              "max": -4.806579974939523e-05,
              "sum": -778.2096506480032,
              "nonzero_count": 16384,
              "positive_count": 0,
              "negative_count": 16384
            }
          },
          "WallActualMinusProfile": {
            "all": {
              "count": 1572864,
              "nonfinite": 0,
              "min": -0.035400828271492546,
              "mean": -6.283104886229703e-06,
              "p01": 0.0,
              "p50": 0.0,
              "p99": 0.0,
              "max": 0.11513762968027302,
              "sum": -9.882469483774795,
              "nonzero_count": 10180,
              "positive_count": 3756,
              "negative_count": 6424
            },
            "fluid": {
              "count": 1492344,
              "nonfinite": 0,
              "min": 0.0,
              "mean": 0.0,
              "p01": 0.0,
              "p50": 0.0,
              "p99": 0.0,
              "max": 0.0,
              "sum": 0.0,
              "nonzero_count": 0,
              "positive_count": 0,
              "negative_count": 0
            },
            "wall": {
              "count": 80520,
              "nonfinite": 0,
              "min": -0.035400828271492546,
              "mean": -0.00012273310337524581,
              "p01": -0.0066101984442057185,
              "p50": 0.0,
              "p99": 0.0014151994243870275,
              "max": 0.11513762968027302,
              "sum": -9.882469483774793,
              "nonzero_count": 10180,
              "positive_count": 3756,
              "negative_count": 6424
            },
            "lower_wall": {
              "count": 16384,
              "nonfinite": 0,
              "min": -0.035400828271492546,
              "mean": -0.0006031780690780514,
              "p01": -0.020344271311953644,
              "p50": 0.0,
              "p99": 0.03121087749246639,
              "max": 0.11513762968027302,
              "sum": -9.882469483774795,
              "nonzero_count": 10180,
              "positive_count": 3756,
              "negative_count": 6424
            }
          },
          "WallActualMinusRaw": {
            "all": {
              "count": 1572864,
              "nonfinite": 0,
              "min": -0.017311058307381444,
              "mean": 2.6407004620246063e-05,
              "p01": 0.0,
              "p50": 0.0,
              "p99": 0.0,
              "max": 0.0998101462930869,
              "sum": 41.534626915018706,
              "nonzero_count": 16384,
              "positive_count": 11068,
              "negative_count": 5316
            },
            "fluid": {
              "count": 1492344,
              "nonfinite": 0,
              "min": 0.0,
              "mean": 0.0,
              "p01": 0.0,
              "p50": 0.0,
              "p99": 0.0,
              "max": 0.0,
              "sum": 0.0,
              "nonzero_count": 0,
              "positive_count": 0,
              "negative_count": 0
            },
            "wall": {
              "count": 80520,
              "nonfinite": 0,
              "min": -0.017311058307381444,
              "mean": 0.0005158299418159302,
              "p01": -0.01595805232627654,
              "p50": 0.0,
              "p99": 0.019115354639730874,
              "max": 0.0998101462930869,
              "sum": 41.534626915018706,
              "nonzero_count": 16384,
              "positive_count": 11068,
              "negative_count": 5316
            },
            "lower_wall": {
              "count": 16384,
              "nonfinite": 0,
              "min": -0.017311058307381444,
              "mean": 0.002535072443543622,
              "p01": -0.017165304782146396,
              "p50": 0.00047471624493908814,
              "p99": 0.020249330442062927,
              "max": 0.0998101462930869,
              "sum": 41.534626915018706,
              "nonzero_count": 16384,
              "positive_count": 11068,
              "negative_count": 5316
            }
          },
          "WallBCPath": {
            "all": {
              "count": 1572864,
              "nonfinite": 0,
              "min": 0.0,
              "mean": 0.133636474609375,
              "p01": 0.0,
              "p50": 0.0,
              "p99": 5.0,
              "max": 5.0,
              "sum": 210192.0,
              "nonzero_count": 80520,
              "positive_count": 80520,
              "negative_count": 0
            },
            "fluid": {
              "count": 1492344,
              "nonfinite": 0,
              "min": 0.0,
              "mean": 0.0,
              "p01": 0.0,
              "p50": 0.0,
              "p99": 0.0,
              "max": 0.0,
              "sum": 0.0,
              "nonzero_count": 0,
              "positive_count": 0,
              "negative_count": 0
            },
            "wall": {
              "count": 80520,
              "nonfinite": 0,
              "min": 2.0,
              "mean": 2.6104321907600596,
              "p01": 2.0,
              "p50": 2.0,
              "p99": 5.0,
              "max": 5.0,
              "sum": 210192.0,
              "nonzero_count": 80520,
              "positive_count": 80520,
              "negative_count": 0
            },
            "lower_wall": {
              "count": 16384,
              "nonfinite": 0,
              "min": 5.0,
              "mean": 5.0,
              "p01": 5.0,
              "p50": 5.0,
              "p99": 5.0,
              "max": 5.0,
              "sum": 81920.0,
              "nonzero_count": 16384,
              "positive_count": 16384,
              "negative_count": 0
            }
          },
          "SpecialBoundaryPoint": {
            "all": {
              "count": 1572864,
              "nonfinite": 0,
              "min": 0.0,
              "mean": 0.0,
              "p01": 0.0,
              "p50": 0.0,
              "p99": 0.0,
              "max": 0.0,
              "sum": 0.0,
              "nonzero_count": 0,
              "positive_count": 0,
              "negative_count": 0
            },
            "fluid": {
              "count": 1492344,
              "nonfinite": 0,
              "min": 0.0,
              "mean": 0.0,
              "p01": 0.0,
              "p50": 0.0,
              "p99": 0.0,
              "max": 0.0,
              "sum": 0.0,
              "nonzero_count": 0,
              "positive_count": 0,
              "negative_count": 0
            },
            "wall": {
              "count": 80520,
              "nonfinite": 0,
              "min": 0.0,
              "mean": 0.0,
              "p01": 0.0,
              "p50": 0.0,
              "p99": 0.0,
              "max": 0.0,
              "sum": 0.0,
              "nonzero_count": 0,
              "positive_count": 0,
              "negative_count": 0
            },
            "lower_wall": {
              "count": 16384,
              "nonfinite": 0,
              "min": 0.0,
              "mean": 0.0,
              "p01": 0.0,
              "p50": 0.0,
              "p99": 0.0,
              "max": 0.0,
              "sum": 0.0,
              "nonzero_count": 0,
              "positive_count": 0,
              "negative_count": 0
            }
          },
          "WallGeomNormalMag": {
            "all": {
              "count": 1572864,
              "nonfinite": 0,
              "min": 0.0,
              "mean": 0.051561436956268934,
              "p01": 0.0,
              "p50": 0.0,
              "p99": 1.0,
              "max": 1.7320508075688772,
              "sum": 81099.12797678498,
              "nonzero_count": 80520,
              "positive_count": 80520,
              "negative_count": 0
            },
            "fluid": {
              "count": 1492344,
              "nonfinite": 0,
              "min": 0.0,
              "mean": 0.0,
              "p01": 0.0,
              "p50": 0.0,
              "p99": 0.0,
              "max": 0.0,
              "sum": 0.0,
              "nonzero_count": 0,
              "positive_count": 0,
              "negative_count": 0
            },
            "wall": {
              "count": 80520,
              "nonfinite": 0,
              "min": 1.0,
              "mean": 1.0071923494384616,
              "p01": 1.0,
              "p50": 1.0,
              "p99": 1.4142135623730951,
              "max": 1.7320508075688772,
              "sum": 81099.12797678492,
              "nonzero_count": 80520,
              "positive_count": 80520,
              "negative_count": 0
            },
            "lower_wall": {
              "count": 16384,
              "nonfinite": 0,
              "min": 1.0,
              "mean": 1.0129206444498484,
              "p01": 1.0,
              "p50": 1.0,
              "p99": 1.4142135623730951,
              "max": 1.7320508075688772,
              "sum": 16595.691838666316,
              "nonzero_count": 16384,
              "positive_count": 16384,
              "negative_count": 0
            }
          },
          "WallGrad1Mag": {
            "all": {
              "count": 1572864,
              "nonfinite": 0,
              "min": 0.0,
              "mean": 0.000577068946193825,
              "p01": 0.0,
              "p50": 0.0,
              "p99": 0.00025120595226609335,
              "max": 0.17075357456868448,
              "sum": 907.6509709862044,
              "nonzero_count": 16384,
              "positive_count": 16384,
              "negative_count": 0
            },
            "fluid": {
              "count": 1492344,
              "nonfinite": 0,
              "min": 0.0,
              "mean": 0.0,
              "p01": 0.0,
              "p50": 0.0,
              "p99": 0.0,
              "max": 0.0,
              "sum": 0.0,
              "nonzero_count": 0,
              "positive_count": 0,
              "negative_count": 0
            },
            "wall": {
              "count": 80520,
              "nonfinite": 0,
              "min": 0.0,
              "mean": 0.011272366753430265,
              "p01": 0.0,
              "p50": 0.0,
              "p99": 0.16713126566299757,
              "max": 0.17075357456868448,
              "sum": 907.6509709862049,
              "nonzero_count": 16384,
              "positive_count": 16384,
              "negative_count": 0
            },
            "lower_wall": {
              "count": 16384,
              "nonfinite": 0,
              "min": 0.00011393391200195979,
              "mean": 0.05539861883460723,
              "p01": 0.0001397559354540354,
              "p50": 0.03311903198581413,
              "p99": 0.1705808595071121,
              "max": 0.17075357456868448,
              "sum": 907.6509709862048,
              "nonzero_count": 16384,
              "positive_count": 16384,
              "negative_count": 0
            }
          },
          "WallGrad2Mag": {
            "all": {
              "count": 1572864,
              "nonfinite": 0,
              "min": 0.0,
              "mean": 0.0005298637240380485,
              "p01": 0.0,
              "p50": 0.0,
              "p99": 0.0004289089441170817,
              "max": 0.15948949617865013,
              "sum": 833.4035764453811,
              "nonzero_count": 16384,
              "positive_count": 16384,
              "negative_count": 0
            },
            "fluid": {
              "count": 1492344,
              "nonfinite": 0,
              "min": 0.0,
              "mean": 0.0,
              "p01": 0.0,
              "p50": 0.0,
              "p99": 0.0,
              "max": 0.0,
              "sum": 0.0,
              "nonzero_count": 0,
              "positive_count": 0,
              "negative_count": 0
            },
            "wall": {
              "count": 80520,
              "nonfinite": 0,
              "min": 0.0,
              "mean": 0.010350267963802553,
              "p01": 0.0,
              "p50": 0.0,
              "p99": 0.15543409685219442,
              "max": 0.15948949617865013,
              "sum": 833.4035764453816,
              "nonzero_count": 16384,
              "positive_count": 16384,
              "negative_count": 0
            },
            "lower_wall": {
              "count": 16384,
              "nonfinite": 0,
              "min": 0.0001466211108674827,
              "mean": 0.05086691750765268,
              "p01": 0.00020229909619131164,
              "p50": 0.02739091809496601,
              "p99": 0.15930763723749064,
              "max": 0.15948949617865013,
              "sum": 833.4035764453815,
              "nonzero_count": 16384,
              "positive_count": 16384,
              "negative_count": 0
            }
          },
          "WallGradTangentVecMag": {
            "all": {
              "count": 1572864,
              "nonfinite": 0,
              "min": 0.0,
              "mean": 0.00019675917935700027,
              "p01": 0.0,
              "p50": 0.0,
              "p99": 2.7654266774938613e-05,
              "max": 0.05701229926455232,
              "sum": 309.47542988016886,
              "nonzero_count": 16384,
              "positive_count": 16384,
              "negative_count": 0
            },
            "fluid": {
              "count": 1492344,
              "nonfinite": 0,
              "min": 0.0,
              "mean": 0.0,
              "p01": 0.0,
              "p50": 0.0,
              "p99": 0.0,
              "max": 0.0,
              "sum": 0.0,
              "nonzero_count": 0,
              "positive_count": 0,
              "negative_count": 0
            },
            "wall": {
              "count": 80520,
              "nonfinite": 0,
              "min": 0.0,
              "mean": 0.003843460381025446,
              "p01": 0.0,
              "p50": 0.0,
              "p99": 0.05570604600182296,
              "max": 0.05701229926455232,
              "sum": 309.4754298801689,
              "nonzero_count": 16384,
              "positive_count": 16384,
              "negative_count": 0
            },
            "lower_wall": {
              "count": 16384,
              "nonfinite": 0,
              "min": 6.113588927487609e-07,
              "mean": 0.01888888121827203,
              "p01": 7.494059171028656e-06,
              "p50": 0.012161735331122372,
              "p99": 0.05684277880916605,
              "max": 0.05701229926455232,
              "sum": 309.4754298801689,
              "nonzero_count": 16384,
              "positive_count": 16384,
              "negative_count": 0
            }
          },
          "UMag": {
            "all": {
              "count": 1572864,
              "nonfinite": 0,
              "min": 0.0,
              "mean": 1.1867880745551686e-06,
              "p01": 0.0,
              "p50": 6.888845629506657e-07,
              "p99": 6.447079008851422e-06,
              "max": 7.99065068352623e-06,
              "sum": 1.8666562380971408,
              "nonzero_count": 1492344,
              "positive_count": 1492344,
              "negative_count": 0
            },
            "fluid": {
              "count": 1492344,
              "nonfinite": 0,
              "min": 3.19334415694112e-12,
              "mean": 1.2508216859498496e-06,
              "p01": 4.082299936631816e-09,
              "p50": 7.683733024652415e-07,
              "p99": 6.48975530367996e-06,
              "max": 7.99065068352623e-06,
              "sum": 1.8666562380971423,
              "nonzero_count": 1492344,
              "positive_count": 1492344,
              "negative_count": 0
            },
            "wall": {
              "count": 80520,
              "nonfinite": 0,
              "min": 0.0,
              "mean": 0.0,
              "p01": 0.0,
              "p50": 0.0,
              "p99": 0.0,
              "max": 0.0,
              "sum": 0.0,
              "nonzero_count": 0,
              "positive_count": 0,
              "negative_count": 0
            },
            "lower_wall": {
              "count": 16384,
              "nonfinite": 0,
              "min": 0.0,
              "mean": 0.0,
              "p01": 0.0,
              "p50": 0.0,
              "p99": 0.0,
              "max": 0.0,
              "sum": 0.0,
              "nonzero_count": 0,
              "positive_count": 0,
              "negative_count": 0
            }
          }
        },
        "stage7b_limiter_counts": {
          "normal_path_count": 16384,
          "normal_limiter_count": 8060,
          "active_path_count": 10180,
          "active_limiter_count": 1856
        },
        "max_mach": 1.3840212969402408e-05
      },
      "rows": [
        {
          "case_id": "cap_theta030_wall020",
          "step": 0,
          "init_theta_deg": 30.0,
          "wall_rad_angle_deg": 20.0,
          "angle_apparent_deg": 29.203930273855224,
          "angle_error_vs_init_deg": -0.7960697261447756,
          "angle_error_vs_wall_rad_deg": 9.203930273855224,
          "fit_point_count": 132,
          "phase_fluid_sum": 52593.44512836894,
          "phase_fluid_rel_change": 0.0,
          "rho_fluid_sum": 54033.19568324057,
          "rho_fluid_rel_change": 0.0,
          "phase_fluid_min": 0.0,
          "phase_fluid_max": 0.9997106094060031,
          "wall_phase_pred_min": 0.0,
          "wall_phase_pred_max": 0.9997135101954365,
          "wall_phase_raw_min": 0.0,
          "wall_phase_raw_max": 0.9997135101954365,
          "wall_phase_profile_max": 0.9998486367128723,
          "wall_phase_signed_profile_max": 0.9997134667819612,
          "wall_phase_signed_min": 0.0,
          "wall_phase_signed_max": 0.9997134667819612,
          "wall_signed_logit_shift_max": 2.591602306060373,
          "wall_contact_residual_mean": 0.020131097941512143,
          "wall_contact_residual_min": -0.060252210253742056,
          "wall_contact_residual_max": 1.1050290631476913,
          "wall_signed_normal_grad_mean": -0.007026393153352902,
          "wall_tangent_grad_mag_mean": 0.003835051232112483,
          "wall_signed_delta_q_min": 0.0,
          "wall_signed_delta_q_max": 2.591602306060373,
          "wall_signed_q_clipped_sum": 0.0,
          "wall_stage7_active_weight_sum": 7536.0,
          "wall_stage7_active_weight_mean": 0.09359165424739195,
          "wall_stage7_delta_q_raw_p50": 0.0,
          "wall_stage7_delta_q_raw_p99": 1.1370509920045075,
          "wall_stage7_delta_q_raw_max": 1.191461912024935,
          "wall_stage7_delta_q_limited_p50": 0.0,
          "wall_stage7_delta_q_limited_p99": 1.1370509920045075,
          "wall_stage7_delta_q_limited_max": 1.191461912024935,
          "wall_stage7_denom_min": 0.0,
          "wall_stage7_denom_p50": 0.0,
          "wall_stage7_limiter_reason_sum": 10812.0,
          "wall_stage7_limiter_reason_max": 1.0,
          "wall_stage7_normal_path_count": 16384,
          "wall_stage7_normal_limiter_count": 10812,
          "wall_stage7_active_path_count": 7536,
          "wall_stage7_active_limiter_count": 1964,
          "wall_stage7_actual_cos_p50": 0.0,
          "wall_stage7_target_cos_p50": 0.0,
          "wall_stage7_write_candidate_min": 0.0,
          "wall_stage7_write_candidate_max": 0.9998486367128723,
          "wall_stage7_write_minus_profile_min": -0.007586645347701482,
          "wall_stage7_write_minus_profile_max": 0.1024411244424745,
          "max_mach": 0.0,
          "nonfinite_total": 0,
          "path_counts": "{\"2\": 64136, \"5\": 16384}"
        },
        {
          "case_id": "cap_theta030_wall020",
          "step": 10000,
          "init_theta_deg": 30.0,
          "wall_rad_angle_deg": 20.0,
          "angle_apparent_deg": 29.667959770623973,
          "angle_error_vs_init_deg": -0.33204022937602673,
          "angle_error_vs_wall_rad_deg": 9.667959770623973,
          "fit_point_count": 130,
          "phase_fluid_sum": 52437.02181941714,
          "phase_fluid_rel_change": -0.002974197802977299,
          "rho_fluid_sum": 53876.928797597735,
          "rho_fluid_rel_change": -0.0028920533695419495,
          "phase_fluid_min": 4.379186885772609e-09,
          "phase_fluid_max": 0.9997661977477559,
          "wall_phase_pred_min": 4.379186885772609e-09,
          "wall_phase_pred_max": 0.9997684257207399,
          "wall_phase_raw_min": 4.379186885772609e-09,
          "wall_phase_raw_max": 0.9997684257207399,
          "wall_phase_profile_max": 0.9998777153188523,
          "wall_phase_signed_profile_max": 0.9997683914923162,
          "wall_phase_signed_min": 0.0,
          "wall_phase_signed_max": 0.9997683914923162,
          "wall_signed_logit_shift_max": 2.791616003945562,
          "wall_contact_residual_mean": 0.0028723818872385897,
          "wall_contact_residual_min": -0.060248242945356245,
          "wall_contact_residual_max": 0.32012670394033615,
          "wall_signed_normal_grad_mean": -0.010187090525999526,
          "wall_tangent_grad_mag_mean": 0.0038289075679788947,
          "wall_signed_delta_q_min": 0.0,
          "wall_signed_delta_q_max": 2.7916160039455624,
          "wall_signed_q_clipped_sum": 0.0,
          "wall_stage7_active_weight_sum": 9892.0,
          "wall_stage7_active_weight_mean": 0.12285146547441629,
          "wall_stage7_delta_q_raw_p50": 0.0,
          "wall_stage7_delta_q_raw_p99": 0.6678449062796875,
          "wall_stage7_delta_q_raw_max": 1.5866471579114725,
          "wall_stage7_delta_q_limited_p50": 0.0,
          "wall_stage7_delta_q_limited_p99": 0.6678449062796875,
          "wall_stage7_delta_q_limited_max": 1.5866471579114725,
          "wall_stage7_denom_min": 0.0,
          "wall_stage7_denom_p50": 0.0,
          "wall_stage7_limiter_reason_sum": 8364.0,
          "wall_stage7_limiter_reason_max": 1.0,
          "wall_stage7_normal_path_count": 16384,
          "wall_stage7_normal_limiter_count": 8364,
          "wall_stage7_active_path_count": 9892,
          "wall_stage7_active_limiter_count": 1872,
          "wall_stage7_actual_cos_p50": 0.0,
          "wall_stage7_target_cos_p50": 0.0,
          "wall_stage7_write_candidate_min": 0.0,
          "wall_stage7_write_candidate_max": 0.9998777153188523,
          "wall_stage7_write_minus_profile_min": -0.03177754791267888,
          "wall_stage7_write_minus_profile_max": 0.10665194518007254,
          "max_mach": 1.6530598511264955e-05,
          "nonfinite_total": 0,
          "path_counts": "{\"2\": 64136, \"5\": 16384}"
        },
        {
          "case_id": "cap_theta030_wall020",
          "step": 20000,
          "init_theta_deg": 30.0,
          "wall_rad_angle_deg": 20.0,
          "angle_apparent_deg": 29.542350689858104,
          "angle_error_vs_init_deg": -0.45764931014189614,
          "angle_error_vs_wall_rad_deg": 9.542350689858104,
          "fit_point_count": 132,
          "phase_fluid_sum": 52425.4625216806,
          "phase_fluid_rel_change": -0.003193983704211265,
          "rho_fluid_sum": 53865.381059158935,
          "rho_fluid_rel_change": -0.003105768999217011,
          "phase_fluid_min": 1.0081396106037699e-08,
          "phase_fluid_max": 0.9997663376944244,
          "wall_phase_pred_min": 1.0081396106037699e-08,
          "wall_phase_pred_max": 0.9997685911278111,
          "wall_phase_raw_min": 1.0081396106037699e-08,
          "wall_phase_raw_max": 0.9997685911278111,
          "wall_phase_profile_max": 0.9998777885236635,
          "wall_phase_signed_profile_max": 0.9997685560888953,
          "wall_phase_signed_min": 0.0,
          "wall_phase_signed_max": 0.9997685560888953,
          "wall_signed_logit_shift_max": 2.7913992569718693,
          "wall_contact_residual_mean": 0.0018729760994934922,
          "wall_contact_residual_min": -0.06024677712110793,
          "wall_contact_residual_max": 0.2994804760575972,
          "wall_signed_normal_grad_mean": -0.010452497678014889,
          "wall_tangent_grad_mag_mean": 0.0038355551687588693,
          "wall_signed_delta_q_min": 0.0,
          "wall_signed_delta_q_max": 2.7913992569718693,
          "wall_signed_q_clipped_sum": 0.0,
          "wall_stage7_active_weight_sum": 10092.0,
          "wall_stage7_active_weight_mean": 0.12533532041728762,
          "wall_stage7_delta_q_raw_p50": 0.0,
          "wall_stage7_delta_q_raw_p99": 0.6602208092708295,
          "wall_stage7_delta_q_raw_max": 1.5881352316947017,
          "wall_stage7_delta_q_limited_p50": 0.0,
          "wall_stage7_delta_q_limited_p99": 0.6602208092708295,
          "wall_stage7_delta_q_limited_max": 1.5881352316947017,
          "wall_stage7_denom_min": 0.0,
          "wall_stage7_denom_p50": 0.0,
          "wall_stage7_limiter_reason_sum": 8172.0,
          "wall_stage7_limiter_reason_max": 1.0,
          "wall_stage7_normal_path_count": 16384,
          "wall_stage7_normal_limiter_count": 8172,
          "wall_stage7_active_path_count": 10092,
          "wall_stage7_active_limiter_count": 1880,
          "wall_stage7_actual_cos_p50": 0.0,
          "wall_stage7_target_cos_p50": 0.0,
          "wall_stage7_write_candidate_min": 0.0,
          "wall_stage7_write_candidate_max": 0.9998777885236635,
          "wall_stage7_write_minus_profile_min": -0.033934473934936316,
          "wall_stage7_write_minus_profile_max": 0.11132338038650152,
          "max_mach": 1.5402708432881124e-05,
          "nonfinite_total": 0,
          "path_counts": "{\"2\": 64136, \"5\": 16384}"
        },
        {
          "case_id": "cap_theta030_wall020",
          "step": 30000,
          "init_theta_deg": 30.0,
          "wall_rad_angle_deg": 20.0,
          "angle_apparent_deg": 29.52323658972021,
          "angle_error_vs_init_deg": -0.47676341027979063,
          "angle_error_vs_wall_rad_deg": 9.52323658972021,
          "fit_point_count": 132,
          "phase_fluid_sum": 52420.38507447205,
          "phase_fluid_rel_change": -0.0032905251495598466,
          "rho_fluid_sum": 53860.3086893976,
          "rho_fluid_rel_change": -0.0031996440642986976,
          "phase_fluid_min": 1.3425901174156802e-08,
          "phase_fluid_max": 0.9997667810455195,
          "wall_phase_pred_min": 1.3425901174156802e-08,
          "wall_phase_pred_max": 0.9997689393597151,
          "wall_phase_raw_min": 1.3425901174156802e-08,
          "wall_phase_raw_max": 0.9997689393597151,
          "wall_phase_profile_max": 0.9998780204364606,
          "wall_phase_signed_profile_max": 0.9997689070859107,
          "wall_phase_signed_min": 0.0,
          "wall_phase_signed_max": 0.9997689070859107,
          "wall_signed_logit_shift_max": 2.7883174898339904,
          "wall_contact_residual_mean": 0.001567529321160826,
          "wall_contact_residual_min": -0.06025136213833915,
          "wall_contact_residual_max": 0.30516950267037835,
          "wall_signed_normal_grad_mean": -0.010540506439492128,
          "wall_tangent_grad_mag_mean": 0.0038392837501461476,
          "wall_signed_delta_q_min": 0.0,
          "wall_signed_delta_q_max": 2.7883174898339904,
          "wall_signed_q_clipped_sum": 0.0,
          "wall_stage7_active_weight_sum": 10124.0,
          "wall_stage7_active_weight_mean": 0.12573273720814704,
          "wall_stage7_delta_q_raw_p50": 0.0,
          "wall_stage7_delta_q_raw_p99": 0.6577034741182279,
          "wall_stage7_delta_q_raw_max": 1.5892862782035937,
          "wall_stage7_delta_q_limited_p50": 0.0,
          "wall_stage7_delta_q_limited_p99": 0.6577034741182279,
          "wall_stage7_delta_q_limited_max": 1.5892862782035937,
          "wall_stage7_denom_min": 0.0,
          "wall_stage7_denom_p50": 0.0,
          "wall_stage7_limiter_reason_sum": 8112.0,
          "wall_stage7_limiter_reason_max": 1.0,
          "wall_stage7_normal_path_count": 16384,
          "wall_stage7_normal_limiter_count": 8112,
          "wall_stage7_active_path_count": 10124,
          "wall_stage7_active_limiter_count": 1852,
          "wall_stage7_actual_cos_p50": 0.0,
          "wall_stage7_target_cos_p50": 0.0,
          "wall_stage7_write_candidate_min": 0.0,
          "wall_stage7_write_candidate_max": 0.9998780204364606,
          "wall_stage7_write_minus_profile_min": -0.034698764611262756,
          "wall_stage7_write_minus_profile_max": 0.11324585502998108,
          "max_mach": 1.4623602319339058e-05,
          "nonfinite_total": 0,
          "path_counts": "{\"2\": 64136, \"5\": 16384}"
        },
        {
          "case_id": "cap_theta030_wall020",
          "step": 40000,
          "init_theta_deg": 30.0,
          "wall_rad_angle_deg": 20.0,
          "angle_apparent_deg": 29.51504893092045,
          "angle_error_vs_init_deg": -0.48495106907954977,
          "angle_error_vs_wall_rad_deg": 9.51504893092045,
          "fit_point_count": 132,
          "phase_fluid_sum": 52417.43375779861,
          "phase_fluid_rel_change": -0.0033466408245500677,
          "rho_fluid_sum": 53857.36032404085,
          "rho_fluid_rel_change": -0.0032542098792476327,
          "phase_fluid_min": 1.5355209593995987e-08,
          "phase_fluid_max": 0.9997692274336321,
          "wall_phase_pred_min": 1.5355209593995987e-08,
          "wall_phase_pred_max": 0.9997713291834102,
          "wall_phase_raw_min": 1.5355209593995987e-08,
          "wall_phase_raw_max": 0.9997713291834102,
          "wall_phase_profile_max": 0.9998793001171664,
          "wall_phase_signed_profile_max": 0.9997712982368347,
          "wall_phase_signed_min": 0.0,
          "wall_phase_signed_max": 0.9997712982368347,
          "wall_signed_logit_shift_max": 2.786823895678706,
          "wall_contact_residual_mean": 0.0014398940274607042,
          "wall_contact_residual_min": -0.060284207306652626,
          "wall_contact_residual_max": 0.2974670738451417,
          "wall_signed_normal_grad_mean": -0.01058153700665753,
          "wall_tangent_grad_mag_mean": 0.0038417634335165952,
          "wall_signed_delta_q_min": 0.0,
          "wall_signed_delta_q_max": 2.786823895678706,
          "wall_signed_q_clipped_sum": 0.0,
          "wall_stage7_active_weight_sum": 10148.0,
          "wall_stage7_active_weight_mean": 0.12603079980129162,
          "wall_stage7_delta_q_raw_p50": 0.0,
          "wall_stage7_delta_q_raw_p99": 0.6563747061613886,
          "wall_stage7_delta_q_raw_max": 1.5900591839099478,
          "wall_stage7_delta_q_limited_p50": 0.0,
          "wall_stage7_delta_q_limited_p99": 0.6563747061613886,
          "wall_stage7_delta_q_limited_max": 1.5900591839099478,
          "wall_stage7_denom_min": 0.0,
          "wall_stage7_denom_p50": 0.0,
          "wall_stage7_limiter_reason_sum": 8076.0,
          "wall_stage7_limiter_reason_max": 1.0,
          "wall_stage7_normal_path_count": 16384,
          "wall_stage7_normal_limiter_count": 8076,
          "wall_stage7_active_path_count": 10148,
          "wall_stage7_active_limiter_count": 1840,
          "wall_stage7_actual_cos_p50": 0.0,
          "wall_stage7_target_cos_p50": 0.0,
          "wall_stage7_write_candidate_min": 0.0,
          "wall_stage7_write_candidate_max": 0.9998793001171664,
          "wall_stage7_write_minus_profile_min": -0.035121018440954915,
          "wall_stage7_write_minus_profile_max": 0.11436752521487414,
          "max_mach": 1.4128483110824475e-05,
          "nonfinite_total": 0,
          "path_counts": "{\"2\": 64136, \"5\": 16384}"
        },
        {
          "case_id": "cap_theta030_wall020",
          "step": 50000,
          "init_theta_deg": 30.0,
          "wall_rad_angle_deg": 20.0,
          "angle_apparent_deg": 29.5093068856508,
          "angle_error_vs_init_deg": -0.4906931143491988,
          "angle_error_vs_wall_rad_deg": 9.509306885650801,
          "fit_point_count": 132,
          "phase_fluid_sum": 52415.4286798472,
          "phase_fluid_rel_change": -0.0033847649281624455,
          "rho_fluid_sum": 53855.357251167356,
          "rho_fluid_rel_change": -0.003291281032418647,
          "phase_fluid_min": 1.5752812982452937e-08,
          "phase_fluid_max": 0.9997723607792466,
          "wall_phase_pred_min": 1.647403675917622e-08,
          "wall_phase_pred_max": 0.9997744529507739,
          "wall_phase_raw_min": 1.647403675917622e-08,
          "wall_phase_raw_max": 0.9997744529507739,
          "wall_phase_profile_max": 0.9998809391335084,
          "wall_phase_signed_profile_max": 0.9997744218816934,
          "wall_phase_signed_min": 0.0,
          "wall_phase_signed_max": 0.9997744218816934,
          "wall_signed_logit_shift_max": 2.7857965053939013,
          "wall_contact_residual_mean": 0.0013621261271676021,
          "wall_contact_residual_min": -0.06030709168298942,
          "wall_contact_residual_max": 0.28861280613683116,
          "wall_signed_normal_grad_mean": -0.01060597472658941,
          "wall_tangent_grad_mag_mean": 0.003843460381025446,
          "wall_signed_delta_q_min": 0.0,
          "wall_signed_delta_q_max": 2.7857965053939013,
          "wall_signed_q_clipped_sum": 0.0,
          "wall_stage7_active_weight_sum": 10180.0,
          "wall_stage7_active_weight_mean": 0.126428216592151,
          "wall_stage7_delta_q_raw_p50": 0.0,
          "wall_stage7_delta_q_raw_p99": 0.6567845068511386,
          "wall_stage7_delta_q_raw_max": 1.590631292023442,
          "wall_stage7_delta_q_limited_p50": 0.0,
          "wall_stage7_delta_q_limited_p99": 0.6567845068511386,
          "wall_stage7_delta_q_limited_max": 1.590631292023442,
          "wall_stage7_denom_min": 0.0,
          "wall_stage7_denom_p50": 0.0,
          "wall_stage7_limiter_reason_sum": 8060.0,
          "wall_stage7_limiter_reason_max": 1.0,
          "wall_stage7_normal_path_count": 16384,
          "wall_stage7_normal_limiter_count": 8060,
          "wall_stage7_active_path_count": 10180,
          "wall_stage7_active_limiter_count": 1856,
          "wall_stage7_actual_cos_p50": 0.0,
          "wall_stage7_target_cos_p50": 0.0,
          "wall_stage7_write_candidate_min": 0.0,
          "wall_stage7_write_candidate_max": 0.9998809391335084,
          "wall_stage7_write_minus_profile_min": -0.035400828271492546,
          "wall_stage7_write_minus_profile_max": 0.11513762968027302,
          "max_mach": 1.3840212969402408e-05,
          "nonfinite_total": 0,
          "path_counts": "{\"2\": 64136, \"5\": 16384}"
        }
      ],
      "claim_limit": "flat-wall runtime sanity/contact-response diagnostic only"
    }
  ],
  "claim_limit": "flat-wall runtime sanity/contact-response diagnostic only"
}
