MPMD: TCLB: local:0/1 work:0/1 ---  connected to:
[  ]    ---- : Using std::chrono::steady_clock::now() for walltime
[  ]    #### : -------------------------------------------------------------------------
[  ]    #### : -  CLB version:                   ded67cd                               -
[  ]    #### : -        Model: d3q27_pf_velocity_q27_geometric                               -
[  ]    #### : -------------------------------------------------------------------------
[  ]    #### : Setting output path to: case
[  ]    ---- : Discarding 1 comments
[ 0]    ---- : Selecting device 0/1
[  ]    ---- :   Threads  |      Action
[  ]    ==== :    32x4    | BorderExecutor<(eOperationType)0, (eCalculateGlobals)0, (eStage)0> --- Reduced from maximum 512
[  ]    ==== :    32x4    | BorderExecutor<(eOperationType)0, (eCalculateGlobals)0, (eStage)1> --- Reduced from maximum 384
[  ]    ==== :    32x4    | BorderExecutor<(eOperationType)0, (eCalculateGlobals)0, (eStage)2> --- Reduced from maximum 384
[  ]    ==== :    32x4    | BorderExecutor<(eOperationType)0, (eCalculateGlobals)0, (eStage)3> --- Reduced from maximum 256
[  ]    ==== :    32x4    | BorderExecutor<(eOperationType)0, (eCalculateGlobals)0, (eStage)4> --- Reduced from maximum 1024
[  ]    ==== :    32x4    | BorderExecutor<(eOperationType)0, (eCalculateGlobals)0, (eStage)5> --- Reduced from maximum 512
[  ]    ==== :    32x4    | BorderExecutor<(eOperationType)0, (eCalculateGlobals)0, (eStage)6> --- Reduced from maximum 1024
[  ]    ==== :    32x4    | BorderExecutor<(eOperationType)0, (eCalculateGlobals)0, (eStage)7> --- Reduced from maximum 640
[  ]    ==== :    32x4    | BorderExecutor<(eOperationType)0, (eCalculateGlobals)0, (eStage)8> --- Reduced from maximum 640
[  ]    ==== :    32x4    | BorderExecutor<(eOperationType)0, (eCalculateGlobals)0, (eStage)9> --- Reduced from maximum 1024
[  ]    ==== :    32x4    | BorderExecutor<(eOperationType)0, (eCalculateGlobals)1, (eStage)0> --- Reduced from maximum 640
[  ]    ==== :    32x4    | BorderExecutor<(eOperationType)0, (eCalculateGlobals)1, (eStage)1> --- Reduced from maximum 384
[  ]    ==== :    32x4    | BorderExecutor<(eOperationType)0, (eCalculateGlobals)1, (eStage)2> --- Reduced from maximum 256
[  ]    ==== :    32x4    | BorderExecutor<(eOperationType)0, (eCalculateGlobals)1, (eStage)3> --- Reduced from maximum 256
[  ]    ==== :    32x4    | BorderExecutor<(eOperationType)0, (eCalculateGlobals)1, (eStage)4> --- Reduced from maximum 1024
[  ]    ==== :    32x4    | BorderExecutor<(eOperationType)0, (eCalculateGlobals)1, (eStage)5> --- Reduced from maximum 512
[  ]    ==== :    32x4    | BorderExecutor<(eOperationType)0, (eCalculateGlobals)1, (eStage)6> --- Reduced from maximum 1024
[  ]    ==== :    32x4    | BorderExecutor<(eOperationType)0, (eCalculateGlobals)1, (eStage)7> --- Reduced from maximum 640
[  ]    ==== :    32x4    | BorderExecutor<(eOperationType)0, (eCalculateGlobals)1, (eStage)8> --- Reduced from maximum 640
[  ]    ==== :    32x4    | BorderExecutor<(eOperationType)0, (eCalculateGlobals)1, (eStage)9> --- Reduced from maximum 1024
[  ]    ==== :    32x4    | BorderExecutor<(eOperationType)0, (eCalculateGlobals)2, (eStage)0> --- Reduced from maximum 1024
[  ]    ==== :    32x4    | BorderExecutor<(eOperationType)0, (eCalculateGlobals)2, (eStage)1> --- Reduced from maximum 1024
[  ]    ==== :    32x4    | BorderExecutor<(eOperationType)0, (eCalculateGlobals)2, (eStage)2> --- Reduced from maximum 1024
[  ]    ==== :    32x4    | BorderExecutor<(eOperationType)0, (eCalculateGlobals)2, (eStage)3> --- Reduced from maximum 1024
[  ]    ==== :    32x4    | BorderExecutor<(eOperationType)0, (eCalculateGlobals)2, (eStage)4> --- Reduced from maximum 1024
[  ]    ==== :    32x4    | BorderExecutor<(eOperationType)0, (eCalculateGlobals)2, (eStage)5> --- Reduced from maximum 1024
[  ]    ==== :    32x4    | BorderExecutor<(eOperationType)0, (eCalculateGlobals)2, (eStage)6> --- Reduced from maximum 1024
[  ]    ==== :    32x4    | BorderExecutor<(eOperationType)0, (eCalculateGlobals)2, (eStage)7> --- Reduced from maximum 1024
[  ]    ==== :    32x4    | BorderExecutor<(eOperationType)0, (eCalculateGlobals)2, (eStage)8> --- Reduced from maximum 1024
[  ]    ==== :    32x4    | BorderExecutor<(eOperationType)0, (eCalculateGlobals)2, (eStage)9> --- Reduced from maximum 1024
[  ]    ==== :    32x4    | BorderExecutor<(eOperationType)1, (eCalculateGlobals)0, (eStage)0> --- Reduced from maximum 1024
[  ]    ==== :    32x4    | BorderExecutor<(eOperationType)1, (eCalculateGlobals)0, (eStage)1> --- Reduced from maximum 1024
[  ]    ==== :    32x4    | BorderExecutor<(eOperationType)1, (eCalculateGlobals)0, (eStage)2> --- Reduced from maximum 1024
[  ]    ==== :    32x4    | BorderExecutor<(eOperationType)1, (eCalculateGlobals)0, (eStage)3> --- Reduced from maximum 1024
[  ]    ==== :    32x4    | BorderExecutor<(eOperationType)1, (eCalculateGlobals)0, (eStage)4> --- Reduced from maximum 1024
[  ]    ==== :    32x4    | BorderExecutor<(eOperationType)1, (eCalculateGlobals)0, (eStage)5> --- Reduced from maximum 1024
[  ]    ==== :    32x4    | BorderExecutor<(eOperationType)1, (eCalculateGlobals)0, (eStage)6> --- Reduced from maximum 1024
[  ]    ==== :    32x4    | BorderExecutor<(eOperationType)1, (eCalculateGlobals)0, (eStage)7> --- Reduced from maximum 1024
[  ]    ==== :    32x4    | BorderExecutor<(eOperationType)1, (eCalculateGlobals)0, (eStage)8> --- Reduced from maximum 1024
[  ]    ==== :    32x4    | BorderExecutor<(eOperationType)1, (eCalculateGlobals)0, (eStage)9> --- Reduced from maximum 1024
[  ]    ==== :    32x4    | BorderExecutor<(eOperationType)1, (eCalculateGlobals)1, (eStage)0> --- Reduced from maximum 1024
[  ]    ==== :    32x4    | BorderExecutor<(eOperationType)1, (eCalculateGlobals)1, (eStage)1> --- Reduced from maximum 1024
[  ]    ==== :    32x4    | BorderExecutor<(eOperationType)1, (eCalculateGlobals)1, (eStage)2> --- Reduced from maximum 1024
[  ]    ==== :    32x4    | BorderExecutor<(eOperationType)1, (eCalculateGlobals)1, (eStage)3> --- Reduced from maximum 1024
[  ]    ==== :    32x4    | BorderExecutor<(eOperationType)1, (eCalculateGlobals)1, (eStage)4> --- Reduced from maximum 1024
[  ]    ==== :    32x4    | BorderExecutor<(eOperationType)1, (eCalculateGlobals)1, (eStage)5> --- Reduced from maximum 1024
[  ]    ==== :    32x4    | BorderExecutor<(eOperationType)1, (eCalculateGlobals)1, (eStage)6> --- Reduced from maximum 1024
[  ]    ==== :    32x4    | BorderExecutor<(eOperationType)1, (eCalculateGlobals)1, (eStage)7> --- Reduced from maximum 1024
[  ]    ==== :    32x4    | BorderExecutor<(eOperationType)1, (eCalculateGlobals)1, (eStage)8> --- Reduced from maximum 1024
[  ]    ==== :    32x4    | BorderExecutor<(eOperationType)1, (eCalculateGlobals)1, (eStage)9> --- Reduced from maximum 1024
[  ]    ==== :    32x4    | BorderExecutor<(eOperationType)1, (eCalculateGlobals)2, (eStage)0> --- Reduced from maximum 1024
[  ]    ==== :    32x4    | BorderExecutor<(eOperationType)1, (eCalculateGlobals)2, (eStage)1> --- Reduced from maximum 1024
[  ]    ==== :    32x4    | BorderExecutor<(eOperationType)1, (eCalculateGlobals)2, (eStage)2> --- Reduced from maximum 1024
[  ]    ==== :    32x4    | BorderExecutor<(eOperationType)1, (eCalculateGlobals)2, (eStage)3> --- Reduced from maximum 1024
[  ]    ==== :    32x4    | BorderExecutor<(eOperationType)1, (eCalculateGlobals)2, (eStage)4> --- Reduced from maximum 1024
[  ]    ==== :    32x4    | BorderExecutor<(eOperationType)1, (eCalculateGlobals)2, (eStage)5> --- Reduced from maximum 1024
[  ]    ==== :    32x4    | BorderExecutor<(eOperationType)1, (eCalculateGlobals)2, (eStage)6> --- Reduced from maximum 1024
[  ]    ==== :    32x4    | BorderExecutor<(eOperationType)1, (eCalculateGlobals)2, (eStage)7> --- Reduced from maximum 1024
[  ]    ==== :    32x4    | BorderExecutor<(eOperationType)1, (eCalculateGlobals)2, (eStage)8> --- Reduced from maximum 1024
[  ]    ==== :    32x4    | BorderExecutor<(eOperationType)1, (eCalculateGlobals)2, (eStage)9> --- Reduced from maximum 1024
[  ]    ==== :    32x4    | BorderExecutor<(eOperationType)3, (eCalculateGlobals)0, (eStage)0> --- Reduced from maximum 1024
[  ]    ==== :    32x4    | BorderExecutor<(eOperationType)3, (eCalculateGlobals)0, (eStage)1> --- Reduced from maximum 1024
[  ]    ==== :    32x4    | BorderExecutor<(eOperationType)3, (eCalculateGlobals)0, (eStage)2> --- Reduced from maximum 1024
[  ]    ==== :    32x4    | BorderExecutor<(eOperationType)3, (eCalculateGlobals)0, (eStage)3> --- Reduced from maximum 1024
[  ]    ==== :    32x4    | BorderExecutor<(eOperationType)3, (eCalculateGlobals)0, (eStage)4> --- Reduced from maximum 1024
[  ]    ==== :    32x4    | BorderExecutor<(eOperationType)3, (eCalculateGlobals)0, (eStage)5> --- Reduced from maximum 1024
[  ]    ==== :    32x4    | BorderExecutor<(eOperationType)3, (eCalculateGlobals)0, (eStage)6> --- Reduced from maximum 1024
[  ]    ==== :    32x4    | BorderExecutor<(eOperationType)3, (eCalculateGlobals)0, (eStage)7> --- Reduced from maximum 1024
[  ]    ==== :    32x4    | BorderExecutor<(eOperationType)3, (eCalculateGlobals)0, (eStage)8> --- Reduced from maximum 1024
[  ]    ==== :    32x4    | BorderExecutor<(eOperationType)3, (eCalculateGlobals)0, (eStage)9> --- Reduced from maximum 1024
[  ]    ==== :    32x4    | BorderExecutor<(eOperationType)3, (eCalculateGlobals)1, (eStage)0> --- Reduced from maximum 1024
[  ]    ==== :    32x4    | BorderExecutor<(eOperationType)3, (eCalculateGlobals)1, (eStage)1> --- Reduced from maximum 1024
[  ]    ==== :    32x4    | BorderExecutor<(eOperationType)3, (eCalculateGlobals)1, (eStage)2> --- Reduced from maximum 1024
[  ]    ==== :    32x4    | BorderExecutor<(eOperationType)3, (eCalculateGlobals)1, (eStage)3> --- Reduced from maximum 1024
[  ]    ==== :    32x4    | BorderExecutor<(eOperationType)3, (eCalculateGlobals)1, (eStage)4> --- Reduced from maximum 1024
[  ]    ==== :    32x4    | BorderExecutor<(eOperationType)3, (eCalculateGlobals)1, (eStage)5> --- Reduced from maximum 1024
[  ]    ==== :    32x4    | BorderExecutor<(eOperationType)3, (eCalculateGlobals)1, (eStage)6> --- Reduced from maximum 1024
[  ]    ==== :    32x4    | BorderExecutor<(eOperationType)3, (eCalculateGlobals)1, (eStage)7> --- Reduced from maximum 1024
[  ]    ==== :    32x4    | BorderExecutor<(eOperationType)3, (eCalculateGlobals)1, (eStage)8> --- Reduced from maximum 1024
[  ]    ==== :    32x4    | BorderExecutor<(eOperationType)3, (eCalculateGlobals)1, (eStage)9> --- Reduced from maximum 1024
[  ]    ==== :    32x4    | BorderExecutor<(eOperationType)3, (eCalculateGlobals)2, (eStage)0> --- Reduced from maximum 1024
[  ]    ==== :    32x4    | BorderExecutor<(eOperationType)3, (eCalculateGlobals)2, (eStage)1> --- Reduced from maximum 1024
[  ]    ==== :    32x4    | BorderExecutor<(eOperationType)3, (eCalculateGlobals)2, (eStage)2> --- Reduced from maximum 1024
[  ]    ==== :    32x4    | BorderExecutor<(eOperationType)3, (eCalculateGlobals)2, (eStage)3> --- Reduced from maximum 1024
[  ]    ==== :    32x4    | BorderExecutor<(eOperationType)3, (eCalculateGlobals)2, (eStage)4> --- Reduced from maximum 1024
[  ]    ==== :    32x4    | BorderExecutor<(eOperationType)3, (eCalculateGlobals)2, (eStage)5> --- Reduced from maximum 1024
[  ]    ==== :    32x4    | BorderExecutor<(eOperationType)3, (eCalculateGlobals)2, (eStage)6> --- Reduced from maximum 1024
[  ]    ==== :    32x4    | BorderExecutor<(eOperationType)3, (eCalculateGlobals)2, (eStage)7> --- Reduced from maximum 1024
[  ]    ==== :    32x4    | BorderExecutor<(eOperationType)3, (eCalculateGlobals)2, (eStage)8> --- Reduced from maximum 1024
[  ]    ==== :    32x4    | BorderExecutor<(eOperationType)3, (eCalculateGlobals)2, (eStage)9> --- Reduced from maximum 1024
[  ]    ==== :    32x4    | BorderExecutor<(eOperationType)4, (eCalculateGlobals)0, (eStage)0> --- Reduced from maximum 1024
[  ]    ==== :    32x4    | BorderExecutor<(eOperationType)4, (eCalculateGlobals)0, (eStage)1> --- Reduced from maximum 1024
[  ]    ==== :    32x4    | BorderExecutor<(eOperationType)4, (eCalculateGlobals)0, (eStage)2> --- Reduced from maximum 1024
[  ]    ==== :    32x4    | BorderExecutor<(eOperationType)4, (eCalculateGlobals)0, (eStage)3> --- Reduced from maximum 1024
[  ]    ==== :    32x4    | BorderExecutor<(eOperationType)4, (eCalculateGlobals)0, (eStage)4> --- Reduced from maximum 1024
[  ]    ==== :    32x4    | BorderExecutor<(eOperationType)4, (eCalculateGlobals)0, (eStage)5> --- Reduced from maximum 1024
[  ]    ==== :    32x4    | BorderExecutor<(eOperationType)4, (eCalculateGlobals)0, (eStage)6> --- Reduced from maximum 1024
[  ]    ==== :    32x4    | BorderExecutor<(eOperationType)4, (eCalculateGlobals)0, (eStage)7> --- Reduced from maximum 1024
[  ]    ==== :    32x4    | BorderExecutor<(eOperationType)4, (eCalculateGlobals)0, (eStage)8> --- Reduced from maximum 1024
[  ]    ==== :    32x4    | BorderExecutor<(eOperationType)4, (eCalculateGlobals)0, (eStage)9> --- Reduced from maximum 1024
[  ]    ==== :    32x4    | BorderExecutor<(eOperationType)4, (eCalculateGlobals)1, (eStage)0> --- Reduced from maximum 1024
[  ]    ==== :    32x4    | BorderExecutor<(eOperationType)4, (eCalculateGlobals)1, (eStage)1> --- Reduced from maximum 1024
[  ]    ==== :    32x4    | BorderExecutor<(eOperationType)4, (eCalculateGlobals)1, (eStage)2> --- Reduced from maximum 1024
[  ]    ==== :    32x4    | BorderExecutor<(eOperationType)4, (eCalculateGlobals)1, (eStage)3> --- Reduced from maximum 1024
[  ]    ==== :    32x4    | BorderExecutor<(eOperationType)4, (eCalculateGlobals)1, (eStage)4> --- Reduced from maximum 1024
[  ]    ==== :    32x4    | BorderExecutor<(eOperationType)4, (eCalculateGlobals)1, (eStage)5> --- Reduced from maximum 1024
[  ]    ==== :    32x4    | BorderExecutor<(eOperationType)4, (eCalculateGlobals)1, (eStage)6> --- Reduced from maximum 1024
[  ]    ==== :    32x4    | BorderExecutor<(eOperationType)4, (eCalculateGlobals)1, (eStage)7> --- Reduced from maximum 1024
[  ]    ==== :    32x4    | BorderExecutor<(eOperationType)4, (eCalculateGlobals)1, (eStage)8> --- Reduced from maximum 1024
[  ]    ==== :    32x4    | BorderExecutor<(eOperationType)4, (eCalculateGlobals)1, (eStage)9> --- Reduced from maximum 1024
[  ]    ==== :    32x4    | BorderExecutor<(eOperationType)4, (eCalculateGlobals)2, (eStage)0> --- Reduced from maximum 1024
[  ]    ==== :    32x4    | BorderExecutor<(eOperationType)4, (eCalculateGlobals)2, (eStage)1> --- Reduced from maximum 1024
[  ]    ==== :    32x4    | BorderExecutor<(eOperationType)4, (eCalculateGlobals)2, (eStage)2> --- Reduced from maximum 1024
[  ]    ==== :    32x4    | BorderExecutor<(eOperationType)4, (eCalculateGlobals)2, (eStage)3> --- Reduced from maximum 1024
[  ]    ==== :    32x4    | BorderExecutor<(eOperationType)4, (eCalculateGlobals)2, (eStage)4> --- Reduced from maximum 1024
[  ]    ==== :    32x4    | BorderExecutor<(eOperationType)4, (eCalculateGlobals)2, (eStage)5> --- Reduced from maximum 1024
[  ]    ==== :    32x4    | BorderExecutor<(eOperationType)4, (eCalculateGlobals)2, (eStage)6> --- Reduced from maximum 1024
[  ]    ==== :    32x4    | BorderExecutor<(eOperationType)4, (eCalculateGlobals)2, (eStage)7> --- Reduced from maximum 1024
[  ]    ==== :    32x4    | BorderExecutor<(eOperationType)4, (eCalculateGlobals)2, (eStage)8> --- Reduced from maximum 1024
[  ]    ==== :    32x4    | BorderExecutor<(eOperationType)4, (eCalculateGlobals)2, (eStage)9> --- Reduced from maximum 1024
[  ]    ==== :    32x4    | InteriorExecutor<(eOperationType)0, (eCalculateGlobals)0, (eStage)0> --- Reduced from maximum 1024
[  ]    ==== :    32x4    | InteriorExecutor<(eOperationType)0, (eCalculateGlobals)0, (eStage)1> --- Reduced from maximum 640
[  ]    ==== :    32x4    | InteriorExecutor<(eOperationType)0, (eCalculateGlobals)0, (eStage)2> --- Reduced from maximum 384
[  ]    ==== :    32x4    | InteriorExecutor<(eOperationType)0, (eCalculateGlobals)0, (eStage)3> --- Reduced from maximum 256
[  ]    ==== :    32x4    | InteriorExecutor<(eOperationType)0, (eCalculateGlobals)0, (eStage)4> --- Reduced from maximum 1024
[  ]    ==== :    32x4    | InteriorExecutor<(eOperationType)0, (eCalculateGlobals)0, (eStage)5> --- Reduced from maximum 640
[  ]    ==== :    32x4    | InteriorExecutor<(eOperationType)0, (eCalculateGlobals)0, (eStage)6> --- Reduced from maximum 1024
[  ]    ==== :    32x4    | InteriorExecutor<(eOperationType)0, (eCalculateGlobals)0, (eStage)7> --- Reduced from maximum 1024
[  ]    ==== :    32x4    | InteriorExecutor<(eOperationType)0, (eCalculateGlobals)0, (eStage)8> --- Reduced from maximum 1024
[  ]    ==== :    32x4    | InteriorExecutor<(eOperationType)0, (eCalculateGlobals)0, (eStage)9> --- Reduced from maximum 1024
[  ]    ==== :    32x4    | InteriorExecutor<(eOperationType)0, (eCalculateGlobals)1, (eStage)0> --- Reduced from maximum 1024
[  ]    ==== :    32x4    | InteriorExecutor<(eOperationType)0, (eCalculateGlobals)1, (eStage)1> --- Reduced from maximum 256
[  ]    ==== :    32x4    | InteriorExecutor<(eOperationType)0, (eCalculateGlobals)1, (eStage)2> --- Reduced from maximum 256
[  ]    ==== :    32x4    | InteriorExecutor<(eOperationType)0, (eCalculateGlobals)1, (eStage)3> --- Reduced from maximum 256
[  ]    ==== :    32x4    | InteriorExecutor<(eOperationType)0, (eCalculateGlobals)1, (eStage)4> --- Reduced from maximum 1024
[  ]    ==== :    32x4    | InteriorExecutor<(eOperationType)0, (eCalculateGlobals)1, (eStage)5> --- Reduced from maximum 768
[  ]    ==== :    32x4    | InteriorExecutor<(eOperationType)0, (eCalculateGlobals)1, (eStage)6> --- Reduced from maximum 1024
[  ]    ==== :    32x4    | InteriorExecutor<(eOperationType)0, (eCalculateGlobals)1, (eStage)7> --- Reduced from maximum 1024
[  ]    ==== :    32x4    | InteriorExecutor<(eOperationType)0, (eCalculateGlobals)1, (eStage)8> --- Reduced from maximum 896
[  ]    ==== :    32x4    | InteriorExecutor<(eOperationType)0, (eCalculateGlobals)1, (eStage)9> --- Reduced from maximum 1024
[  ]    ==== :    32x4    | InteriorExecutor<(eOperationType)0, (eCalculateGlobals)2, (eStage)0> --- Reduced from maximum 1024
[  ]    ==== :    32x4    | InteriorExecutor<(eOperationType)0, (eCalculateGlobals)2, (eStage)1> --- Reduced from maximum 1024
[  ]    ==== :    32x4    | InteriorExecutor<(eOperationType)0, (eCalculateGlobals)2, (eStage)2> --- Reduced from maximum 1024
[  ]    ==== :    32x4    | InteriorExecutor<(eOperationType)0, (eCalculateGlobals)2, (eStage)3> --- Reduced from maximum 1024
[  ]    ==== :    32x4    | InteriorExecutor<(eOperationType)0, (eCalculateGlobals)2, (eStage)4> --- Reduced from maximum 1024
[  ]    ==== :    32x4    | InteriorExecutor<(eOperationType)0, (eCalculateGlobals)2, (eStage)5> --- Reduced from maximum 1024
[  ]    ==== :    32x4    | InteriorExecutor<(eOperationType)0, (eCalculateGlobals)2, (eStage)6> --- Reduced from maximum 1024
[  ]    ==== :    32x4    | InteriorExecutor<(eOperationType)0, (eCalculateGlobals)2, (eStage)7> --- Reduced from maximum 1024
[  ]    ==== :    32x4    | InteriorExecutor<(eOperationType)0, (eCalculateGlobals)2, (eStage)8> --- Reduced from maximum 1024
[  ]    ==== :    32x4    | InteriorExecutor<(eOperationType)0, (eCalculateGlobals)2, (eStage)9> --- Reduced from maximum 1024
[  ]    ==== :    32x4    | InteriorExecutor<(eOperationType)1, (eCalculateGlobals)0, (eStage)0> --- Reduced from maximum 1024
[  ]    ==== :    32x4    | InteriorExecutor<(eOperationType)1, (eCalculateGlobals)0, (eStage)1> --- Reduced from maximum 1024
[  ]    ==== :    32x4    | InteriorExecutor<(eOperationType)1, (eCalculateGlobals)0, (eStage)2> --- Reduced from maximum 1024
[  ]    ==== :    32x4    | InteriorExecutor<(eOperationType)1, (eCalculateGlobals)0, (eStage)3> --- Reduced from maximum 1024
[  ]    ==== :    32x4    | InteriorExecutor<(eOperationType)1, (eCalculateGlobals)0, (eStage)4> --- Reduced from maximum 1024
[  ]    ==== :    32x4    | InteriorExecutor<(eOperationType)1, (eCalculateGlobals)0, (eStage)5> --- Reduced from maximum 1024
[  ]    ==== :    32x4    | InteriorExecutor<(eOperationType)1, (eCalculateGlobals)0, (eStage)6> --- Reduced from maximum 1024
[  ]    ==== :    32x4    | InteriorExecutor<(eOperationType)1, (eCalculateGlobals)0, (eStage)7> --- Reduced from maximum 1024
[  ]    ==== :    32x4    | InteriorExecutor<(eOperationType)1, (eCalculateGlobals)0, (eStage)8> --- Reduced from maximum 1024
[  ]    ==== :    32x4    | InteriorExecutor<(eOperationType)1, (eCalculateGlobals)0, (eStage)9> --- Reduced from maximum 1024
[  ]    ==== :    32x4    | InteriorExecutor<(eOperationType)1, (eCalculateGlobals)1, (eStage)0> --- Reduced from maximum 1024
[  ]    ==== :    32x4    | InteriorExecutor<(eOperationType)1, (eCalculateGlobals)1, (eStage)1> --- Reduced from maximum 1024
[  ]    ==== :    32x4    | InteriorExecutor<(eOperationType)1, (eCalculateGlobals)1, (eStage)2> --- Reduced from maximum 1024
[  ]    ==== :    32x4    | InteriorExecutor<(eOperationType)1, (eCalculateGlobals)1, (eStage)3> --- Reduced from maximum 1024
[  ]    ==== :    32x4    | InteriorExecutor<(eOperationType)1, (eCalculateGlobals)1, (eStage)4> --- Reduced from maximum 1024
[  ]    ==== :    32x4    | InteriorExecutor<(eOperationType)1, (eCalculateGlobals)1, (eStage)5> --- Reduced from maximum 1024
[  ]    ==== :    32x4    | InteriorExecutor<(eOperationType)1, (eCalculateGlobals)1, (eStage)6> --- Reduced from maximum 1024
[  ]    ==== :    32x4    | InteriorExecutor<(eOperationType)1, (eCalculateGlobals)1, (eStage)7> --- Reduced from maximum 1024
[  ]    ==== :    32x4    | InteriorExecutor<(eOperationType)1, (eCalculateGlobals)1, (eStage)8> --- Reduced from maximum 1024
[  ]    ==== :    32x4    | InteriorExecutor<(eOperationType)1, (eCalculateGlobals)1, (eStage)9> --- Reduced from maximum 1024
[  ]    ==== :    32x4    | InteriorExecutor<(eOperationType)1, (eCalculateGlobals)2, (eStage)0> --- Reduced from maximum 1024
[  ]    ==== :    32x4    | InteriorExecutor<(eOperationType)1, (eCalculateGlobals)2, (eStage)1> --- Reduced from maximum 1024
[  ]    ==== :    32x4    | InteriorExecutor<(eOperationType)1, (eCalculateGlobals)2, (eStage)2> --- Reduced from maximum 1024
[  ]    ==== :    32x4    | InteriorExecutor<(eOperationType)1, (eCalculateGlobals)2, (eStage)3> --- Reduced from maximum 1024
[  ]    ==== :    32x4    | InteriorExecutor<(eOperationType)1, (eCalculateGlobals)2, (eStage)4> --- Reduced from maximum 1024
[  ]    ==== :    32x4    | InteriorExecutor<(eOperationType)1, (eCalculateGlobals)2, (eStage)5> --- Reduced from maximum 1024
[  ]    ==== :    32x4    | InteriorExecutor<(eOperationType)1, (eCalculateGlobals)2, (eStage)6> --- Reduced from maximum 1024
[  ]    ==== :    32x4    | InteriorExecutor<(eOperationType)1, (eCalculateGlobals)2, (eStage)7> --- Reduced from maximum 1024
[  ]    ==== :    32x4    | InteriorExecutor<(eOperationType)1, (eCalculateGlobals)2, (eStage)8> --- Reduced from maximum 1024
[  ]    ==== :    32x4    | InteriorExecutor<(eOperationType)1, (eCalculateGlobals)2, (eStage)9> --- Reduced from maximum 1024
[  ]    ==== :    32x4    | InteriorExecutor<(eOperationType)3, (eCalculateGlobals)0, (eStage)0> --- Reduced from maximum 1024
[  ]    ==== :    32x4    | InteriorExecutor<(eOperationType)3, (eCalculateGlobals)0, (eStage)1> --- Reduced from maximum 1024
[  ]    ==== :    32x4    | InteriorExecutor<(eOperationType)3, (eCalculateGlobals)0, (eStage)2> --- Reduced from maximum 1024
[  ]    ==== :    32x4    | InteriorExecutor<(eOperationType)3, (eCalculateGlobals)0, (eStage)3> --- Reduced from maximum 1024
[  ]    ==== :    32x4    | InteriorExecutor<(eOperationType)3, (eCalculateGlobals)0, (eStage)4> --- Reduced from maximum 1024
[  ]    ==== :    32x4    | InteriorExecutor<(eOperationType)3, (eCalculateGlobals)0, (eStage)5> --- Reduced from maximum 1024
[  ]    ==== :    32x4    | InteriorExecutor<(eOperationType)3, (eCalculateGlobals)0, (eStage)6> --- Reduced from maximum 1024
[  ]    ==== :    32x4    | InteriorExecutor<(eOperationType)3, (eCalculateGlobals)0, (eStage)7> --- Reduced from maximum 1024
[  ]    ==== :    32x4    | InteriorExecutor<(eOperationType)3, (eCalculateGlobals)0, (eStage)8> --- Reduced from maximum 1024
[  ]    ==== :    32x4    | InteriorExecutor<(eOperationType)3, (eCalculateGlobals)0, (eStage)9> --- Reduced from maximum 1024
[  ]    ==== :    32x4    | InteriorExecutor<(eOperationType)3, (eCalculateGlobals)1, (eStage)0> --- Reduced from maximum 1024
[  ]    ==== :    32x4    | InteriorExecutor<(eOperationType)3, (eCalculateGlobals)1, (eStage)1> --- Reduced from maximum 1024
[  ]    ==== :    32x4    | InteriorExecutor<(eOperationType)3, (eCalculateGlobals)1, (eStage)2> --- Reduced from maximum 1024
[  ]    ==== :    32x4    | InteriorExecutor<(eOperationType)3, (eCalculateGlobals)1, (eStage)3> --- Reduced from maximum 1024
[  ]    ==== :    32x4    | InteriorExecutor<(eOperationType)3, (eCalculateGlobals)1, (eStage)4> --- Reduced from maximum 1024
[  ]    ==== :    32x4    | InteriorExecutor<(eOperationType)3, (eCalculateGlobals)1, (eStage)5> --- Reduced from maximum 1024
[  ]    ==== :    32x4    | InteriorExecutor<(eOperationType)3, (eCalculateGlobals)1, (eStage)6> --- Reduced from maximum 1024
[  ]    ==== :    32x4    | InteriorExecutor<(eOperationType)3, (eCalculateGlobals)1, (eStage)7> --- Reduced from maximum 1024
[  ]    ==== :    32x4    | InteriorExecutor<(eOperationType)3, (eCalculateGlobals)1, (eStage)8> --- Reduced from maximum 1024
[  ]    ==== :    32x4    | InteriorExecutor<(eOperationType)3, (eCalculateGlobals)1, (eStage)9> --- Reduced from maximum 1024
[  ]    ==== :    32x4    | InteriorExecutor<(eOperationType)3, (eCalculateGlobals)2, (eStage)0> --- Reduced from maximum 1024
[  ]    ==== :    32x4    | InteriorExecutor<(eOperationType)3, (eCalculateGlobals)2, (eStage)1> --- Reduced from maximum 1024
[  ]    ==== :    32x4    | InteriorExecutor<(eOperationType)3, (eCalculateGlobals)2, (eStage)2> --- Reduced from maximum 1024
[  ]    ==== :    32x4    | InteriorExecutor<(eOperationType)3, (eCalculateGlobals)2, (eStage)3> --- Reduced from maximum 1024
[  ]    ==== :    32x4    | InteriorExecutor<(eOperationType)3, (eCalculateGlobals)2, (eStage)4> --- Reduced from maximum 1024
[  ]    ==== :    32x4    | InteriorExecutor<(eOperationType)3, (eCalculateGlobals)2, (eStage)5> --- Reduced from maximum 1024
[  ]    ==== :    32x4    | InteriorExecutor<(eOperationType)3, (eCalculateGlobals)2, (eStage)6> --- Reduced from maximum 1024
[  ]    ==== :    32x4    | InteriorExecutor<(eOperationType)3, (eCalculateGlobals)2, (eStage)7> --- Reduced from maximum 1024
[  ]    ==== :    32x4    | InteriorExecutor<(eOperationType)3, (eCalculateGlobals)2, (eStage)8> --- Reduced from maximum 1024
[  ]    ==== :    32x4    | InteriorExecutor<(eOperationType)3, (eCalculateGlobals)2, (eStage)9> --- Reduced from maximum 1024
[  ]    ==== :    32x4    | InteriorExecutor<(eOperationType)4, (eCalculateGlobals)0, (eStage)0> --- Reduced from maximum 1024
[  ]    ==== :    32x4    | InteriorExecutor<(eOperationType)4, (eCalculateGlobals)0, (eStage)1> --- Reduced from maximum 1024
[  ]    ==== :    32x4    | InteriorExecutor<(eOperationType)4, (eCalculateGlobals)0, (eStage)2> --- Reduced from maximum 1024
[  ]    ==== :    32x4    | InteriorExecutor<(eOperationType)4, (eCalculateGlobals)0, (eStage)3> --- Reduced from maximum 1024
[  ]    ==== :    32x4    | InteriorExecutor<(eOperationType)4, (eCalculateGlobals)0, (eStage)4> --- Reduced from maximum 1024
[  ]    ==== :    32x4    | InteriorExecutor<(eOperationType)4, (eCalculateGlobals)0, (eStage)5> --- Reduced from maximum 1024
[  ]    ==== :    32x4    | InteriorExecutor<(eOperationType)4, (eCalculateGlobals)0, (eStage)6> --- Reduced from maximum 1024
[  ]    ==== :    32x4    | InteriorExecutor<(eOperationType)4, (eCalculateGlobals)0, (eStage)7> --- Reduced from maximum 1024
[  ]    ==== :    32x4    | InteriorExecutor<(eOperationType)4, (eCalculateGlobals)0, (eStage)8> --- Reduced from maximum 1024
[  ]    ==== :    32x4    | InteriorExecutor<(eOperationType)4, (eCalculateGlobals)0, (eStage)9> --- Reduced from maximum 1024
[  ]    ==== :    32x4    | InteriorExecutor<(eOperationType)4, (eCalculateGlobals)1, (eStage)0> --- Reduced from maximum 1024
[  ]    ==== :    32x4    | InteriorExecutor<(eOperationType)4, (eCalculateGlobals)1, (eStage)1> --- Reduced from maximum 1024
[  ]    ==== :    32x4    | InteriorExecutor<(eOperationType)4, (eCalculateGlobals)1, (eStage)2> --- Reduced from maximum 1024
[  ]    ==== :    32x4    | InteriorExecutor<(eOperationType)4, (eCalculateGlobals)1, (eStage)3> --- Reduced from maximum 1024
[  ]    ==== :    32x4    | InteriorExecutor<(eOperationType)4, (eCalculateGlobals)1, (eStage)4> --- Reduced from maximum 1024
[  ]    ==== :    32x4    | InteriorExecutor<(eOperationType)4, (eCalculateGlobals)1, (eStage)5> --- Reduced from maximum 1024
[  ]    ==== :    32x4    | InteriorExecutor<(eOperationType)4, (eCalculateGlobals)1, (eStage)6> --- Reduced from maximum 1024
[  ]    ==== :    32x4    | InteriorExecutor<(eOperationType)4, (eCalculateGlobals)1, (eStage)7> --- Reduced from maximum 1024
[  ]    ==== :    32x4    | InteriorExecutor<(eOperationType)4, (eCalculateGlobals)1, (eStage)8> --- Reduced from maximum 1024
[  ]    ==== :    32x4    | InteriorExecutor<(eOperationType)4, (eCalculateGlobals)1, (eStage)9> --- Reduced from maximum 1024
[  ]    ==== :    32x4    | InteriorExecutor<(eOperationType)4, (eCalculateGlobals)2, (eStage)0> --- Reduced from maximum 1024
[  ]    ==== :    32x4    | InteriorExecutor<(eOperationType)4, (eCalculateGlobals)2, (eStage)1> --- Reduced from maximum 1024
[  ]    ==== :    32x4    | InteriorExecutor<(eOperationType)4, (eCalculateGlobals)2, (eStage)2> --- Reduced from maximum 1024
[  ]    ==== :    32x4    | InteriorExecutor<(eOperationType)4, (eCalculateGlobals)2, (eStage)3> --- Reduced from maximum 1024
[  ]    ==== :    32x4    | InteriorExecutor<(eOperationType)4, (eCalculateGlobals)2, (eStage)4> --- Reduced from maximum 1024
[  ]    ==== :    32x4    | InteriorExecutor<(eOperationType)4, (eCalculateGlobals)2, (eStage)5> --- Reduced from maximum 1024
[  ]    ==== :    32x4    | InteriorExecutor<(eOperationType)4, (eCalculateGlobals)2, (eStage)6> --- Reduced from maximum 1024
[  ]    ==== :    32x4    | InteriorExecutor<(eOperationType)4, (eCalculateGlobals)2, (eStage)7> --- Reduced from maximum 1024
[  ]    ==== :    32x4    | InteriorExecutor<(eOperationType)4, (eCalculateGlobals)2, (eStage)8> --- Reduced from maximum 1024
[  ]    ==== :    32x4    | InteriorExecutor<(eOperationType)4, (eCalculateGlobals)2, (eStage)9> --- Reduced from maximum 1024
[ 0] warning ! No "Units" element in config file
[  ]    ==== : Mesh size in config file: 80x80x140
[  ]    ---- : Global lattice size: 80x80x140
[  ]    ==== : Max region size: 1075200. Mesh size 1075200. Overhead:  0%
[  ]    ---- : Local lattice size: 96x80x140
[  ]    #### : [0] Cumulative allocation of 1269176320 b (1.3 GB)
[  ]    ---- : Creating geom size:1075200
[  ]    #### : Setting output path to: case
[  ]    #### : Setting output path to: /media/yuan/8A0E24070E23EAC1/runs/tclb_pre2025_sphere_tableII_q27_geometric_theta030_radAngle011_param_sensitivity_200k_20260610/M0p2_W8/theta030/output/case
[  ]    ---- : loading geometry ...
[  ]    ---- : overwriting all flags
[  ]    ---- : Setting number of zones to 3
[  ]    ---- : Setting Density_h to 1 (1.000000)
[  ]    ---- : Setting Density_l to 0.001 (0.001000)
[  ]    ---- : Setting Viscosity_h to 0.09 (0.090000)
[  ]    ---- : Setting Viscosity_l to 0.1 (0.100000)
[  ]    ---- : Setting tauUpdate to 3 (3.000000)
[  ]    ---- : Setting sigma to 5e-05 (0.000050)
[  ]    ---- : Setting M to 0.2 (0.200000)
[  ]    ---- : Setting IntWidth to 8 (8.000000)
[  ]    ---- : Setting Radius to 24 (24.000000)
[  ]    ---- : Setting BubbleType to 1 (1.000000)
[  ]    ---- : Setting CenterX to 40 (40.000000)
[  ]    ---- : Setting CenterY to 40 (40.000000)
[  ]    ---- : Setting CenterZ to 72 (72.000000)
[  ]    ---- : Setting VelocityX in zone  (-1) to 0.0 (0.000000)
[  ]    ---- : Setting VelocityY in zone  (-1) to 0.0 (0.000000)
[  ]    ---- : Setting VelocityZ in zone  (-1) to 0.0 (0.000000)
[  ]    ---- : Setting DropletOnlyVelocity to 0.0 (0.000000)
[  ]    ---- : Setting DropletVelocityX to 0.0 (0.000000)
[  ]    ---- : Setting DropletVelocityY to 0.0 (0.000000)
[  ]    ---- : Setting DropletVelocityZ to 0.0 (0.000000)
[  ]    ---- : Setting GravitationX to 0.0 (0.000000)
[  ]    ---- : Setting GravitationY to 0.0 (0.000000)
[  ]    ---- : Setting GravitationZ to 0.0 (0.000000)
[  ]    ---- : Setting BuoyancyX to 0.0 (0.000000)
[  ]    ---- : Setting BuoyancyY to 0.0 (0.000000)
[  ]    ---- : Setting BuoyancyZ to 0.0 (0.000000)
[  ]    ---- : Setting radAngle in zone  (-1) to 11d (0.191986)
[ 0] WARNING ! Zone-specific settings in zone 0 were overwritten from 1.570796 to 0.191986
[  ]    ---- : Setting minGradient to 1e-08 (0.000000)
[  ]    ---- : Initializing Lattice ...
[  ]    102.1 MLBUps    117.85 GB/s [====================]  0s
[  ]    ---- : Callback VTK with no Iterations attribute
[  ]    ---- :        0 it writing vtk
[  ]    ---- : Setting callback Log at 1000.000000 iterations
[  ]    ---- : Adding Log to the solver hands
[  ]    ---- : Setting callback Failcheck at 1000.000000 iterations
[  ]    ---- : Adding Failcheck to the solver hands
[  ]    ---- : Setting action Solve at 200000.000000 iterations
[  ]    ---- : Setting callback VTK at 20000.000000 iterations
[  ]    ---- : Adding VTK to the solver hands
[  ]    ---- : Setting callback Log at 1000.000000 iterations
[  ]    ---- : Adding Log to the solver hands
[  ]    ---- : Setting callback Failcheck at 1000.000000 iterations
[  ]    ---- : Adding Failcheck to the solver hands
[  ]    124.3 MLBUps    143.45 GB/s [=                   ]  0s
[  ]    219.8 MLBUps    253.67 GB/s [====                ]  1s
[  ]    219.7 MLBUps    253.50 GB/s [========            ]  2s
[  ]    219.8 MLBUps    253.68 GB/s [============        ]  3s
[  ]    219.7 MLBUps    253.53 GB/s [================    ]  4s
[  ]    ---- :    217.0 MLBUps    250.39 GB/s [====================]
[  ]    219.7 MLBUps    253.51 GB/s [===                 ]  0s
[  ]    219.9 MLBUps    253.78 GB/s [=======             ]  1s
[  ]    220.0 MLBUps    253.88 GB/s [===========         ]  2s
[  ]    221.3 MLBUps    255.33 GB/s [================    ]  3s
[  ]    ---- :    218.6 MLBUps    252.26 GB/s [====================]
[  ]    221.3 MLBUps    255.36 GB/s [====                ]  0s
[  ]    221.3 MLBUps    255.43 GB/s [========            ]  1s
[  ]    221.3 MLBUps    255.39 GB/s [============        ]  2s
[  ]    221.2 MLBUps    255.28 GB/s [================    ]  3s
[  ]    ---- :    218.2 MLBUps    251.83 GB/s [====================]
[  ]    221.3 MLBUps    255.43 GB/s [====                ]  1s
[  ]    221.4 MLBUps    255.48 GB/s [========            ]  2s
[  ]    221.4 MLBUps    255.46 GB/s [============        ]  3s
[  ]    221.4 MLBUps    255.48 GB/s [================    ]  4s
[  ]    ---- :    218.4 MLBUps    252.01 GB/s [====================]
[  ]    221.4 MLBUps    255.46 GB/s [====                ]  1s
[  ]    221.4 MLBUps    255.55 GB/s [========            ]  2s
[  ]    221.6 MLBUps    255.69 GB/s [============        ]  3s
[  ]    221.5 MLBUps    255.62 GB/s [================    ]  4s
[  ]    ---- :    218.3 MLBUps    251.96 GB/s [====================]
[  ]    221.5 MLBUps    255.57 GB/s [====                ]  1s
[  ]    221.6 MLBUps    255.77 GB/s [========            ]  1s
[  ]    218.7 MLBUps    252.36 GB/s [============        ]  3s
[  ]    218.8 MLBUps    252.50 GB/s [================    ]  4s
[  ]    ---- :    215.7 MLBUps    248.92 GB/s [====================]
[  ]    218.8 MLBUps    252.44 GB/s [====                ]  1s
[  ]    218.5 MLBUps    252.20 GB/s [========            ]  2s
[  ]    218.8 MLBUps    252.50 GB/s [============        ]  3s
[  ]    218.7 MLBUps    252.42 GB/s [================    ]  4s
[  ]    ---- :    212.2 MLBUps    244.86 GB/s [====================]
[  ]    213.9 MLBUps    246.82 GB/s [====                ]  1s
[  ]    214.3 MLBUps    247.30 GB/s [========            ]  2s
[  ]    214.2 MLBUps    247.19 GB/s [============        ]  3s
[  ]    214.5 MLBUps    247.59 GB/s [================    ]  4s
[  ]    ---- :    212.0 MLBUps    244.67 GB/s [====================]
[  ]    213.9 MLBUps    246.86 GB/s [===                 ]  0s
[  ]    214.2 MLBUps    247.16 GB/s [=======             ]  1s
[  ]    214.2 MLBUps    247.17 GB/s [===========         ]  2s
[  ]    214.2 MLBUps    247.15 GB/s [===============     ]  3s
[  ]    214.6 MLBUps    247.67 GB/s [=================== ]  4s
[  ]    ---- :    133.2 MLBUps    153.76 GB/s [====================]
[  ]    214.3 MLBUps    247.31 GB/s [===                 ]  0s
[  ]    213.9 MLBUps    246.86 GB/s [=======             ]  1s
[  ]    214.3 MLBUps    247.35 GB/s [===========         ]  2s
[  ]    214.7 MLBUps    247.79 GB/s [===============     ]  3s
[  ]    211.8 MLBUps    244.45 GB/s [=================== ]  5s
[  ]    ---- :    132.6 MLBUps    153.02 GB/s [====================]
[  ]    211.8 MLBUps    244.44 GB/s [===                 ]  1s
[  ]    211.8 MLBUps    244.38 GB/s [=======             ]  2s
[  ]    211.6 MLBUps    244.20 GB/s [===========         ]  3s
[  ]    211.4 MLBUps    243.91 GB/s [===============     ]  4s
[  ]    211.1 MLBUps    243.59 GB/s [=================== ]  5s
[  ]    ---- :    185.3 MLBUps    213.86 GB/s [====================]
[  ]    211.6 MLBUps    244.14 GB/s [===                 ]  0s
[  ]    211.6 MLBUps    244.18 GB/s [=======             ]  1s
[  ]    210.9 MLBUps    243.43 GB/s [===========         ]  2s
[  ]    211.3 MLBUps    243.80 GB/s [===============     ]  3s
[  ]    212.0 MLBUps    244.70 GB/s [=================== ]  4s
[  ]    ---- :    187.7 MLBUps    216.61 GB/s [====================]
[  ]    211.5 MLBUps    244.11 GB/s [===                 ]  0s
[  ]    211.2 MLBUps    243.70 GB/s [=======             ]  1s
[  ]    211.5 MLBUps    244.02 GB/s [===========         ]  2s
[  ]    208.6 MLBUps    240.75 GB/s [===============     ]  4s
[  ]    203.0 MLBUps    234.24 GB/s [=================== ]  5s
[  ]    ---- :    183.0 MLBUps    211.15 GB/s [====================]
[  ]    203.0 MLBUps    234.22 GB/s [===                 ]  1s
[  ]    203.8 MLBUps    235.14 GB/s [=======             ]  2s
[  ]    203.3 MLBUps    234.65 GB/s [===========         ]  3s
[  ]    203.3 MLBUps    234.63 GB/s [===============     ]  4s
[  ]    203.5 MLBUps    234.86 GB/s [=================== ]  5s
[  ]    ---- :    194.0 MLBUps    223.86 GB/s [====================]
[  ]    203.3 MLBUps    234.61 GB/s [===                 ]  0s
[  ]    203.1 MLBUps    234.41 GB/s [=======             ]  1s
[  ]    203.4 MLBUps    234.75 GB/s [===========         ]  2s
[  ]    207.0 MLBUps    238.88 GB/s [===============     ]  3s
[  ]    207.0 MLBUps    238.88 GB/s [==================  ]  4s
[  ]    ---- :    198.5 MLBUps    229.04 GB/s [====================]
[  ]    207.0 MLBUps    238.91 GB/s [===                 ]  0s
[  ]    207.1 MLBUps    239.01 GB/s [=======             ]  1s
[  ]    207.0 MLBUps    238.90 GB/s [===========         ]  2s
[  ]    207.3 MLBUps    239.17 GB/s [===============     ]  3s
[  ]    207.2 MLBUps    239.06 GB/s [=================== ]  4s
[  ]    ---- :    196.4 MLBUps    226.63 GB/s [====================]
[  ]    207.2 MLBUps    239.14 GB/s [===                 ]  0s
[  ]    207.3 MLBUps    239.19 GB/s [=======             ]  1s
[  ]    207.2 MLBUps    239.12 GB/s [===========         ]  2s
[  ]    207.4 MLBUps    239.30 GB/s [===============     ]  3s
[  ]    207.4 MLBUps    239.36 GB/s [=================== ]  4s
[  ]    ---- :    195.6 MLBUps    225.73 GB/s [====================]
[  ]    207.4 MLBUps    239.37 GB/s [===                 ]  0s
[  ]    207.1 MLBUps    239.02 GB/s [=======             ]  1s
[  ]    207.3 MLBUps    239.19 GB/s [===========         ]  2s
[  ]    207.5 MLBUps    239.41 GB/s [===============     ]  3s
[  ]    207.6 MLBUps    239.54 GB/s [=================== ]  4s
[  ]    ---- :    196.0 MLBUps    226.16 GB/s [====================]
[  ]    207.7 MLBUps    239.66 GB/s [===                 ]  0s
[  ]    207.1 MLBUps    239.04 GB/s [=======             ]  2s
[  ]    209.6 MLBUps    241.83 GB/s [===========         ]  2s
[  ]    210.1 MLBUps    242.50 GB/s [===============     ]  3s
[  ]    209.8 MLBUps    242.07 GB/s [=================== ]  4s
[  ]    ---- :    195.4 MLBUps    225.50 GB/s [====================]
[  ]    210.4 MLBUps    242.75 GB/s [===                 ]  0s
[  ]    210.1 MLBUps    242.44 GB/s [=======             ]  1s
[  ]    210.0 MLBUps    242.34 GB/s [===========         ]  2s
[  ]    210.0 MLBUps    242.35 GB/s [===============     ]  4s
[  ]    209.9 MLBUps    242.26 GB/s [=================== ]  5s
[  ]    ---- :    189.3 MLBUps    218.51 GB/s [====================]
[  ]    ---- :    20000 it writing vtk
[  ]    169.9 MLBUps    196.09 GB/s [===                 ]  1s
[  ]    212.5 MLBUps    245.27 GB/s [=======             ]  2s
[  ]    212.6 MLBUps    245.30 GB/s [===========         ]  3s
[  ]    212.4 MLBUps    245.07 GB/s [==============      ]  4s
[  ]    212.7 MLBUps    245.44 GB/s [==================  ]  5s
[  ]    ---- :    203.6 MLBUps    234.99 GB/s [====================]
[  ]    212.5 MLBUps    245.19 GB/s [===                 ]  0s
[  ]    212.5 MLBUps    245.17 GB/s [=======             ]  1s
[  ]    212.6 MLBUps    245.29 GB/s [===========         ]  2s
[  ]    212.4 MLBUps    245.11 GB/s [===============     ]  3s
[  ]    212.5 MLBUps    245.20 GB/s [=================== ]  4s
[  ]    ---- :    190.1 MLBUps    219.37 GB/s [====================]
[  ]    212.6 MLBUps    245.30 GB/s [===                 ]  1s
[  ]    212.4 MLBUps    245.10 GB/s [=======             ]  2s
[  ]    212.7 MLBUps    245.42 GB/s [===========         ]  3s
[  ]    212.4 MLBUps    245.11 GB/s [===============     ]  4s
[  ]    212.4 MLBUps    245.11 GB/s [=================== ]  5s
[  ]    ---- :    172.1 MLBUps    198.63 GB/s [====================]
[  ]    212.5 MLBUps    245.18 GB/s [===                 ]  1s
[  ]    212.5 MLBUps    245.26 GB/s [=======             ]  2s
[  ]    212.5 MLBUps    245.17 GB/s [===========         ]  3s
[  ]    212.4 MLBUps    245.12 GB/s [===============     ]  4s
[  ]    208.4 MLBUps    240.45 GB/s [=================== ]  5s
[  ]    ---- :    167.9 MLBUps    193.75 GB/s [====================]
[  ]    208.1 MLBUps    240.18 GB/s [===                 ]  1s
[  ]    208.2 MLBUps    240.23 GB/s [=======             ]  2s
[  ]    207.9 MLBUps    239.97 GB/s [===========         ]  3s
[  ]    207.9 MLBUps    239.90 GB/s [===============     ]  4s
[  ]    207.9 MLBUps    239.97 GB/s [=================== ]  5s
[  ]    ---- :    191.6 MLBUps    221.06 GB/s [====================]
[  ]    208.3 MLBUps    240.36 GB/s [===                 ]  1s
[  ]    208.0 MLBUps    240.06 GB/s [=======             ]  2s
[  ]    207.9 MLBUps    239.87 GB/s [===========         ]  3s
[  ]    207.8 MLBUps    239.77 GB/s [===============     ]  4s
[  ]    207.9 MLBUps    239.90 GB/s [=================== ]  5s
[  ]    ---- :    192.3 MLBUps    221.96 GB/s [====================]
[  ]    207.9 MLBUps    239.95 GB/s [===                 ]  0s
[  ]    208.1 MLBUps    240.11 GB/s [=======             ]  1s
[  ]    208.1 MLBUps    240.11 GB/s [===========         ]  2s
[  ]    207.9 MLBUps    239.92 GB/s [===============     ]  4s
[  ]    208.3 MLBUps    240.36 GB/s [=================== ]  5s
[  ]    ---- :    194.0 MLBUps    223.90 GB/s [====================]
[  ]    208.1 MLBUps    240.11 GB/s [===                 ]  1s
[  ]    208.0 MLBUps    240.08 GB/s [=======             ]  2s
[  ]    208.2 MLBUps    240.21 GB/s [===========         ]  3s
[  ]    208.1 MLBUps    240.13 GB/s [===============     ]  4s
[  ]    208.2 MLBUps    240.22 GB/s [=================== ]  5s
[  ]    ---- :    193.2 MLBUps    222.96 GB/s [====================]
[  ]    208.5 MLBUps    240.55 GB/s [===                 ]  1s
[  ]    208.2 MLBUps    240.26 GB/s [=======             ]  2s
[  ]    208.2 MLBUps    240.25 GB/s [===========         ]  3s
[  ]    208.3 MLBUps    240.41 GB/s [===============     ]  4s
[  ]    208.1 MLBUps    240.16 GB/s [=================== ]  5s
[  ]    ---- :    192.8 MLBUps    222.52 GB/s [====================]
[  ]    208.0 MLBUps    240.08 GB/s [===                 ]  1s
[  ]    208.4 MLBUps    240.45 GB/s [=======             ]  2s
[  ]    208.3 MLBUps    240.36 GB/s [===========         ]  3s
[  ]    208.1 MLBUps    240.20 GB/s [===============     ]  4s
[  ]    208.3 MLBUps    240.41 GB/s [=================== ]  5s
[  ]    ---- :    192.7 MLBUps    222.33 GB/s [====================]
[  ]    208.2 MLBUps    240.29 GB/s [===                 ]  1s
[  ]    208.2 MLBUps    240.23 GB/s [=======             ]  2s
[  ]    208.2 MLBUps    240.21 GB/s [===========         ]  3s
[  ]    208.3 MLBUps    240.42 GB/s [===============     ]  4s
[  ]    208.2 MLBUps    240.25 GB/s [=================== ]  5s
[  ]    ---- :    193.2 MLBUps    222.93 GB/s [====================]
[  ]    207.8 MLBUps    239.77 GB/s [===                 ]  1s
[  ]    207.8 MLBUps    239.77 GB/s [=======             ]  2s
[  ]    207.7 MLBUps    239.69 GB/s [===========         ]  3s
[  ]    208.2 MLBUps    240.22 GB/s [===============     ]  4s
[  ]    208.0 MLBUps    240.06 GB/s [=================== ]  5s
[  ]    ---- :    193.5 MLBUps    223.31 GB/s [====================]
[  ]    208.3 MLBUps    240.41 GB/s [===                 ]  0s
[  ]    208.2 MLBUps    240.27 GB/s [=======             ]  1s
[  ]    207.8 MLBUps    239.75 GB/s [===========         ]  2s
[  ]    208.1 MLBUps    240.19 GB/s [===============     ]  3s
[  ]    208.4 MLBUps    240.53 GB/s [=================== ]  4s
[  ]    ---- :    193.5 MLBUps    223.31 GB/s [====================]
[  ]    208.5 MLBUps    240.57 GB/s [===                 ]  1s
[  ]    208.2 MLBUps    240.32 GB/s [=======             ]  2s
[  ]    208.3 MLBUps    240.33 GB/s [===========         ]  3s
[  ]    208.2 MLBUps    240.23 GB/s [===============     ]  4s
[  ]    208.3 MLBUps    240.43 GB/s [=================== ]  5s
[  ]    ---- :    193.4 MLBUps    223.18 GB/s [====================]
[  ]    208.5 MLBUps    240.57 GB/s [===                 ]  1s
[  ]    208.4 MLBUps    240.47 GB/s [=======             ]  2s
[  ]    208.5 MLBUps    240.66 GB/s [===========         ]  3s
[  ]    208.2 MLBUps    240.27 GB/s [===============     ]  4s
[  ]    208.3 MLBUps    240.38 GB/s [=================== ]  5s
[  ]    ---- :    192.7 MLBUps    222.37 GB/s [====================]
[  ]    208.3 MLBUps    240.37 GB/s [===                 ]  1s
[  ]    208.3 MLBUps    240.37 GB/s [=======             ]  2s
[  ]    208.1 MLBUps    240.10 GB/s [===========         ]  3s
[  ]    207.9 MLBUps    239.96 GB/s [===============     ]  4s
[  ]    208.3 MLBUps    240.42 GB/s [=================== ]  5s
[  ]    ---- :    193.0 MLBUps    222.69 GB/s [====================]
[  ]    208.3 MLBUps    240.34 GB/s [===                 ]  1s
[  ]    208.5 MLBUps    240.56 GB/s [=======             ]  2s
[  ]    208.2 MLBUps    240.28 GB/s [===========         ]  3s
[  ]    208.1 MLBUps    240.18 GB/s [===============     ]  4s
[  ]    208.2 MLBUps    240.28 GB/s [=================== ]  5s
[  ]    ---- :    193.1 MLBUps    222.84 GB/s [====================]
[  ]    208.1 MLBUps    240.13 GB/s [===                 ]  1s
[  ]    208.5 MLBUps    240.56 GB/s [=======             ]  2s
[  ]    208.2 MLBUps    240.22 GB/s [===========         ]  3s
[  ]    208.3 MLBUps    240.41 GB/s [===============     ]  4s
[  ]    208.7 MLBUps    240.79 GB/s [=================== ]  5s
[  ]    ---- :    196.0 MLBUps    226.18 GB/s [====================]
[  ]    211.8 MLBUps    244.41 GB/s [===                 ]  0s
[  ]    211.8 MLBUps    244.39 GB/s [=======             ]  1s
[  ]    211.3 MLBUps    243.86 GB/s [===========         ]  2s
[  ]    212.0 MLBUps    244.61 GB/s [===============     ]  3s
[  ]    211.9 MLBUps    244.49 GB/s [=================== ]  4s
[  ]    ---- :    188.0 MLBUps    216.93 GB/s [====================]
[  ]    211.1 MLBUps    243.63 GB/s [===                 ]  0s
[  ]    212.4 MLBUps    245.10 GB/s [=======             ]  1s
[  ]    211.7 MLBUps    244.32 GB/s [===========         ]  2s
[  ]    211.1 MLBUps    243.60 GB/s [===============     ]  3s
[  ]    212.1 MLBUps    244.73 GB/s [=================== ]  4s
[  ]    ---- :    186.0 MLBUps    214.61 GB/s [====================]
[  ]    ---- :    40000 it writing vtk
[  ]    170.9 MLBUps    197.21 GB/s [===                 ]  1s
[  ]    213.2 MLBUps    246.08 GB/s [=======             ]  2s
[  ]    213.2 MLBUps    246.04 GB/s [===========         ]  3s
[  ]    213.2 MLBUps    246.06 GB/s [===============     ]  4s
[  ]    213.0 MLBUps    245.79 GB/s [==================  ]  5s
[  ]    ---- :    203.9 MLBUps    235.33 GB/s [====================]
[  ]    212.9 MLBUps    245.74 GB/s [===                 ]  0s
[  ]    213.3 MLBUps    246.18 GB/s [=======             ]  1s
[  ]    213.0 MLBUps    245.76 GB/s [===========         ]  2s
[  ]    212.8 MLBUps    245.61 GB/s [===============     ]  3s
[  ]    213.0 MLBUps    245.78 GB/s [=================== ]  4s
[  ]    ---- :    191.0 MLBUps    220.42 GB/s [====================]
[  ]    212.9 MLBUps    245.64 GB/s [===                 ]  1s
[  ]    212.9 MLBUps    245.71 GB/s [=======             ]  1s
[  ]    213.4 MLBUps    246.29 GB/s [===========         ]  2s
[  ]    208.6 MLBUps    240.78 GB/s [===============     ]  4s
[  ]    207.5 MLBUps    239.44 GB/s [=================== ]  5s
[  ]    ---- :    177.6 MLBUps    204.94 GB/s [====================]
[  ]    207.8 MLBUps    239.77 GB/s [===                 ]  1s
[  ]    207.7 MLBUps    239.69 GB/s [=======             ]  2s
[  ]    207.6 MLBUps    239.57 GB/s [===========         ]  3s
[  ]    207.5 MLBUps    239.41 GB/s [===============     ]  4s
[  ]    207.8 MLBUps    239.75 GB/s [=================== ]  5s
[  ]    ---- :    192.8 MLBUps    222.45 GB/s [====================]
[  ]    207.7 MLBUps    239.73 GB/s [===                 ]  0s
[  ]    207.9 MLBUps    239.86 GB/s [=======             ]  1s
[  ]    207.8 MLBUps    239.75 GB/s [===========         ]  3s
[  ]    207.8 MLBUps    239.80 GB/s [===============     ]  4s
[  ]    207.6 MLBUps    239.56 GB/s [=================== ]  5s
[  ]    ---- :    193.2 MLBUps    222.93 GB/s [====================]
[  ]    208.3 MLBUps    240.38 GB/s [===                 ]  0s
[  ]    207.8 MLBUps    239.84 GB/s [=======             ]  1s
[  ]    207.7 MLBUps    239.63 GB/s [===========         ]  2s
[  ]    207.7 MLBUps    239.69 GB/s [===============     ]  4s
[  ]    207.8 MLBUps    239.80 GB/s [=================== ]  5s
[  ]    ---- :    193.2 MLBUps    222.93 GB/s [====================]
[  ]    208.0 MLBUps    240.05 GB/s [===                 ]  0s
[  ]    208.0 MLBUps    240.01 GB/s [=======             ]  1s
[  ]    207.9 MLBUps    239.94 GB/s [===========         ]  2s
[  ]    207.8 MLBUps    239.84 GB/s [===============     ]  4s
[  ]    208.1 MLBUps    240.10 GB/s [=================== ]  5s
[  ]    ---- :    193.8 MLBUps    223.59 GB/s [====================]
[  ]    207.9 MLBUps    239.88 GB/s [===                 ]  0s
[  ]    207.9 MLBUps    239.97 GB/s [=======             ]  1s
[  ]    207.8 MLBUps    239.84 GB/s [===========         ]  2s
[  ]    207.9 MLBUps    239.93 GB/s [===============     ]  4s
[  ]    208.0 MLBUps    240.01 GB/s [=================== ]  5s
[  ]    ---- :    193.2 MLBUps    222.94 GB/s [====================]
[  ]    207.9 MLBUps    239.93 GB/s [===                 ]  0s
[  ]    207.7 MLBUps    239.73 GB/s [=======             ]  1s
[  ]    207.8 MLBUps    239.79 GB/s [===========         ]  3s
[  ]    207.9 MLBUps    239.91 GB/s [===============     ]  4s
[  ]    207.9 MLBUps    239.97 GB/s [=================== ]  5s
[  ]    ---- :    193.5 MLBUps    223.26 GB/s [====================]
[  ]    208.0 MLBUps    240.02 GB/s [===                 ]  0s
[  ]    207.6 MLBUps    239.57 GB/s [=======             ]  1s
[  ]    207.5 MLBUps    239.50 GB/s [===========         ]  3s
[  ]    207.9 MLBUps    239.86 GB/s [===============     ]  4s
[  ]    207.9 MLBUps    239.88 GB/s [=================== ]  5s
[  ]    ---- :    193.6 MLBUps    223.44 GB/s [====================]
[  ]    207.7 MLBUps    239.69 GB/s [===                 ]  0s
[  ]    207.8 MLBUps    239.79 GB/s [=======             ]  1s
[  ]    207.8 MLBUps    239.83 GB/s [===========         ]  3s
[  ]    207.7 MLBUps    239.70 GB/s [===============     ]  4s
[  ]    207.7 MLBUps    239.74 GB/s [=================== ]  5s
[  ]    ---- :    193.1 MLBUps    222.88 GB/s [====================]
[  ]    207.8 MLBUps    239.85 GB/s [===                 ]  0s
[  ]    207.9 MLBUps    239.87 GB/s [=======             ]  1s
[  ]    209.4 MLBUps    241.69 GB/s [===========         ]  2s
[  ]    210.3 MLBUps    242.67 GB/s [===============     ]  3s
[  ]    211.0 MLBUps    243.49 GB/s [=================== ]  4s
[  ]    ---- :    196.4 MLBUps    226.68 GB/s [====================]
[  ]    210.9 MLBUps    243.42 GB/s [===                 ]  0s
[  ]    210.8 MLBUps    243.24 GB/s [=======             ]  1s
[  ]    210.4 MLBUps    242.76 GB/s [===========         ]  2s
[  ]    211.6 MLBUps    244.18 GB/s [===============     ]  3s
[  ]    211.3 MLBUps    243.84 GB/s [=================== ]  4s
[  ]    ---- :    190.9 MLBUps    220.26 GB/s [====================]
[  ]    210.5 MLBUps    242.91 GB/s [===                 ]  1s
[  ]    210.3 MLBUps    242.63 GB/s [=======             ]  2s
[  ]    210.1 MLBUps    242.45 GB/s [===========         ]  3s
[  ]    210.2 MLBUps    242.57 GB/s [===============     ]  4s
[  ]    210.1 MLBUps    242.48 GB/s [=================== ]  5s
[  ]    ---- :    187.8 MLBUps    216.74 GB/s [====================]
[  ]    211.9 MLBUps    244.58 GB/s [===                 ]  0s
[  ]    210.9 MLBUps    243.34 GB/s [=======             ]  2s
[  ]    210.7 MLBUps    243.09 GB/s [===========         ]  3s
[  ]    210.6 MLBUps    243.00 GB/s [===============     ]  4s
[  ]    210.5 MLBUps    242.91 GB/s [=================== ]  5s
[  ]    ---- :    185.6 MLBUps    214.14 GB/s [====================]
[  ]    210.6 MLBUps    243.04 GB/s [===                 ]  1s
[  ]    210.5 MLBUps    242.92 GB/s [=======             ]  2s
[  ]    210.7 MLBUps    243.18 GB/s [===========         ]  3s
[  ]    210.2 MLBUps    242.54 GB/s [===============     ]  4s
[  ]    211.3 MLBUps    243.88 GB/s [=================== ]  5s
[  ]    ---- :    188.0 MLBUps    216.95 GB/s [====================]
[  ]    210.5 MLBUps    242.94 GB/s [===                 ]  1s
[  ]    210.3 MLBUps    242.69 GB/s [=======             ]  2s
[  ]    211.8 MLBUps    244.40 GB/s [===========         ]  2s
[  ]    211.5 MLBUps    244.04 GB/s [===============     ]  3s
[  ]    210.2 MLBUps    242.62 GB/s [=================== ]  4s
[  ]    ---- :    189.2 MLBUps    218.32 GB/s [====================]
[  ]    210.5 MLBUps    242.94 GB/s [===                 ]  1s
[  ]    210.3 MLBUps    242.70 GB/s [=======             ]  2s
[  ]    210.0 MLBUps    242.36 GB/s [===========         ]  3s
[  ]    210.5 MLBUps    242.93 GB/s [===============     ]  4s
[  ]    210.8 MLBUps    243.25 GB/s [=================== ]  5s
[  ]    ---- :    187.8 MLBUps    216.72 GB/s [====================]
[  ]    210.7 MLBUps    243.12 GB/s [===                 ]  1s
[  ]    210.9 MLBUps    243.36 GB/s [=======             ]  1s
[  ]    210.5 MLBUps    242.95 GB/s [===========         ]  3s
[  ]    210.7 MLBUps    243.14 GB/s [===============     ]  4s
[  ]    210.2 MLBUps    242.62 GB/s [=================== ]  5s
[  ]    ---- :    188.3 MLBUps    217.33 GB/s [====================]
[  ]    210.2 MLBUps    242.62 GB/s [===                 ]  1s
[  ]    210.8 MLBUps    243.28 GB/s [=======             ]  2s
[  ]    210.4 MLBUps    242.83 GB/s [===========         ]  3s
[  ]    210.9 MLBUps    243.35 GB/s [===============     ]  4s
[  ]    210.5 MLBUps    242.96 GB/s [=================== ]  5s
[  ]    ---- :    188.7 MLBUps    217.72 GB/s [====================]
[  ]    ---- :    60000 it writing vtk
[  ]    168.4 MLBUps    194.37 GB/s [===                 ]  1s
[  ]    212.4 MLBUps    245.14 GB/s [=======             ]  2s
[  ]    212.7 MLBUps    245.41 GB/s [===========         ]  3s
[  ]    212.7 MLBUps    245.48 GB/s [==============      ]  4s
[  ]    212.5 MLBUps    245.21 GB/s [==================  ]  5s
[  ]    ---- :    203.3 MLBUps    234.66 GB/s [====================]
[  ]    213.1 MLBUps    245.92 GB/s [===                 ]  0s
[  ]    212.4 MLBUps    245.16 GB/s [=======             ]  1s
[  ]    213.0 MLBUps    245.79 GB/s [===========         ]  2s
[  ]    212.7 MLBUps    245.45 GB/s [===============     ]  3s
[  ]    211.8 MLBUps    244.46 GB/s [=================== ]  4s
[  ]    ---- :    185.6 MLBUps    214.17 GB/s [====================]
[  ]    207.8 MLBUps    239.84 GB/s [===                 ]  1s
[  ]    207.9 MLBUps    239.97 GB/s [=======             ]  2s
[  ]    207.8 MLBUps    239.74 GB/s [===========         ]  3s
[  ]    208.0 MLBUps    240.00 GB/s [===============     ]  4s
[  ]    207.9 MLBUps    239.88 GB/s [=================== ]  5s
[  ]    ---- :    190.3 MLBUps    219.61 GB/s [====================]
[  ]    207.9 MLBUps    239.89 GB/s [===                 ]  0s
[  ]    207.7 MLBUps    239.69 GB/s [=======             ]  1s
[  ]    207.8 MLBUps    239.75 GB/s [===========         ]  3s
[  ]    207.6 MLBUps    239.53 GB/s [===============     ]  4s
[  ]    207.6 MLBUps    239.54 GB/s [=================== ]  5s
[  ]    ---- :    193.2 MLBUps    223.00 GB/s [====================]
[  ]    207.7 MLBUps    239.66 GB/s [===                 ]  0s
[  ]    207.5 MLBUps    239.51 GB/s [=======             ]  1s
[  ]    207.8 MLBUps    239.77 GB/s [===========         ]  3s
[  ]    207.5 MLBUps    239.45 GB/s [===============     ]  4s
[  ]    207.6 MLBUps    239.60 GB/s [=================== ]  5s
[  ]    ---- :    194.2 MLBUps    224.06 GB/s [====================]
[  ]    207.9 MLBUps    239.91 GB/s [===                 ]  0s
[  ]    207.8 MLBUps    239.82 GB/s [=======             ]  1s
[  ]    207.9 MLBUps    239.97 GB/s [===========         ]  2s
[  ]    207.8 MLBUps    239.81 GB/s [===============     ]  4s
[  ]    208.1 MLBUps    240.14 GB/s [=================== ]  5s
[  ]    ---- :    193.7 MLBUps    223.53 GB/s [====================]
[  ]    208.0 MLBUps    240.04 GB/s [===                 ]  0s
[  ]    208.0 MLBUps    239.98 GB/s [=======             ]  1s
[  ]    207.8 MLBUps    239.86 GB/s [===========         ]  2s
[  ]    210.1 MLBUps    242.47 GB/s [===============     ]  3s
[  ]    210.6 MLBUps    243.09 GB/s [=================== ]  4s
[  ]    ---- :    196.5 MLBUps    226.74 GB/s [====================]
[  ]    210.5 MLBUps    242.92 GB/s [===                 ]  0s
[  ]    210.3 MLBUps    242.72 GB/s [=======             ]  1s
[  ]    210.3 MLBUps    242.73 GB/s [===========         ]  2s
[  ]    211.2 MLBUps    243.74 GB/s [===============     ]  3s
[  ]    210.2 MLBUps    242.61 GB/s [=================== ]  4s
[  ]    ---- :    189.5 MLBUps    218.73 GB/s [====================]
[  ]    210.9 MLBUps    243.43 GB/s [===                 ]  0s
[  ]    210.1 MLBUps    242.49 GB/s [=======             ]  2s
[  ]    210.9 MLBUps    243.41 GB/s [===========         ]  3s
[  ]    210.7 MLBUps    243.14 GB/s [===============     ]  4s
[  ]    210.6 MLBUps    243.05 GB/s [=================== ]  5s
[  ]    ---- :    188.3 MLBUps    217.31 GB/s [====================]
[  ]    210.9 MLBUps    243.40 GB/s [===                 ]  0s
[  ]    210.3 MLBUps    242.70 GB/s [=======             ]  2s
[  ]    210.2 MLBUps    242.57 GB/s [===========         ]  3s
[  ]    211.9 MLBUps    244.59 GB/s [===============     ]  3s
[  ]    211.8 MLBUps    244.45 GB/s [=================== ]  5s
[  ]    ---- :    187.4 MLBUps    216.27 GB/s [====================]
[  ]    211.7 MLBUps    244.25 GB/s [===                 ]  0s
[  ]    210.7 MLBUps    243.11 GB/s [=======             ]  1s
[  ]    210.9 MLBUps    243.34 GB/s [===========         ]  2s
[  ]    210.6 MLBUps    243.05 GB/s [===============     ]  3s
[  ]    210.1 MLBUps    242.51 GB/s [=================== ]  4s
[  ]    ---- :    187.8 MLBUps    216.67 GB/s [====================]
[  ]    210.0 MLBUps    242.31 GB/s [===                 ]  1s
[  ]    210.0 MLBUps    242.33 GB/s [=======             ]  2s
[  ]    211.1 MLBUps    243.61 GB/s [===========         ]  3s
[  ]    210.3 MLBUps    242.65 GB/s [===============     ]  4s
[  ]    210.3 MLBUps    242.70 GB/s [=================== ]  5s
[  ]    ---- :    187.8 MLBUps    216.73 GB/s [====================]
[  ]    210.3 MLBUps    242.66 GB/s [===                 ]  1s
[  ]    210.3 MLBUps    242.73 GB/s [=======             ]  2s
[  ]    210.4 MLBUps    242.75 GB/s [===========         ]  3s
[  ]    209.9 MLBUps    242.27 GB/s [===============     ]  4s
[  ]    209.6 MLBUps    241.89 GB/s [=================== ]  5s
[  ]    ---- :    188.1 MLBUps    217.05 GB/s [====================]
[  ]    210.2 MLBUps    242.53 GB/s [===                 ]  0s
[  ]    210.1 MLBUps    242.48 GB/s [=======             ]  1s
[  ]    210.0 MLBUps    242.33 GB/s [===========         ]  2s
[  ]    210.1 MLBUps    242.50 GB/s [===============     ]  4s
[  ]    210.3 MLBUps    242.73 GB/s [=================== ]  5s
[  ]    ---- :    189.2 MLBUps    218.36 GB/s [====================]
[  ]    210.2 MLBUps    242.61 GB/s [===                 ]  0s
[  ]    210.2 MLBUps    242.52 GB/s [=======             ]  1s
[  ]    210.2 MLBUps    242.63 GB/s [===========         ]  2s
[  ]    210.1 MLBUps    242.46 GB/s [===============     ]  4s
[  ]    210.0 MLBUps    242.39 GB/s [=================== ]  5s
[  ]    ---- :    189.3 MLBUps    218.42 GB/s [====================]
[  ]    211.5 MLBUps    244.07 GB/s [===                 ]  0s
[  ]    211.0 MLBUps    243.51 GB/s [=======             ]  1s
[  ]    210.0 MLBUps    242.38 GB/s [===========         ]  2s
[  ]    209.9 MLBUps    242.19 GB/s [===============     ]  3s
[  ]    210.1 MLBUps    242.47 GB/s [=================== ]  4s
[  ]    ---- :    189.9 MLBUps    219.20 GB/s [====================]
[  ]    210.1 MLBUps    242.44 GB/s [===                 ]  1s
[  ]    210.4 MLBUps    242.84 GB/s [=======             ]  2s
[  ]    210.0 MLBUps    242.32 GB/s [===========         ]  3s
[  ]    210.0 MLBUps    242.36 GB/s [===============     ]  4s
[  ]    209.8 MLBUps    242.11 GB/s [=================== ]  5s
[  ]    ---- :    187.3 MLBUps    216.16 GB/s [====================]
[  ]    211.1 MLBUps    243.57 GB/s [===                 ]  0s
[  ]    210.7 MLBUps    243.19 GB/s [=======             ]  1s
[  ]    210.2 MLBUps    242.52 GB/s [===========         ]  2s
[  ]    209.9 MLBUps    242.19 GB/s [===============     ]  3s
[  ]    210.1 MLBUps    242.40 GB/s [=================== ]  4s
[  ]    ---- :    189.2 MLBUps    218.37 GB/s [====================]
[  ]    210.3 MLBUps    242.73 GB/s [===                 ]  1s
[  ]    209.9 MLBUps    242.26 GB/s [=======             ]  2s
[  ]    210.1 MLBUps    242.40 GB/s [===========         ]  3s
[  ]    210.8 MLBUps    243.28 GB/s [===============     ]  4s
[  ]    210.1 MLBUps    242.45 GB/s [=================== ]  5s
[  ]    ---- :    187.3 MLBUps    216.15 GB/s [====================]
[  ]    210.0 MLBUps    242.37 GB/s [===                 ]  1s
[  ]    209.9 MLBUps    242.24 GB/s [=======             ]  2s
[  ]    210.0 MLBUps    242.37 GB/s [===========         ]  3s
[  ]    209.9 MLBUps    242.23 GB/s [===============     ]  4s
[  ]    210.4 MLBUps    242.75 GB/s [=================== ]  5s
[  ]    ---- :    187.8 MLBUps    216.67 GB/s [====================]
[  ]    ---- :    80000 it writing vtk
[  ]    169.0 MLBUps    195.02 GB/s [===                 ]  1s
[  ]    210.1 MLBUps    242.43 GB/s [=======             ]  2s
[  ]    210.2 MLBUps    242.52 GB/s [==========          ]  3s
[  ]    210.1 MLBUps    242.50 GB/s [==============      ]  4s
[  ]    210.2 MLBUps    242.51 GB/s [==================  ]  5s
[  ]    ---- :    202.2 MLBUps    233.29 GB/s [====================]
[  ]    210.0 MLBUps    242.31 GB/s [===                 ]  0s
[  ]    209.8 MLBUps    242.15 GB/s [=======             ]  1s
[  ]    210.4 MLBUps    242.80 GB/s [===========         ]  2s
[  ]    210.2 MLBUps    242.54 GB/s [===============     ]  3s
[  ]    209.9 MLBUps    242.23 GB/s [=================== ]  4s
[  ]    ---- :    194.2 MLBUps    224.11 GB/s [====================]
[  ]    210.2 MLBUps    242.60 GB/s [===                 ]  0s
[  ]    210.2 MLBUps    242.53 GB/s [=======             ]  1s
[  ]    210.0 MLBUps    242.33 GB/s [===========         ]  2s
[  ]    210.4 MLBUps    242.79 GB/s [===============     ]  4s
[  ]    211.0 MLBUps    243.52 GB/s [=================== ]  4s
[  ]    ---- :    189.2 MLBUps    218.38 GB/s [====================]
[  ]    211.5 MLBUps    244.09 GB/s [===                 ]  0s
[  ]    210.3 MLBUps    242.70 GB/s [=======             ]  1s
[  ]    209.9 MLBUps    242.26 GB/s [===========         ]  3s
[  ]    210.0 MLBUps    242.29 GB/s [===============     ]  4s
[  ]    209.9 MLBUps    242.20 GB/s [=================== ]  5s
[  ]    ---- :    187.0 MLBUps    215.76 GB/s [====================]
[  ]    210.2 MLBUps    242.59 GB/s [===                 ]  1s
[  ]    210.0 MLBUps    242.32 GB/s [=======             ]  2s
[  ]    209.8 MLBUps    242.07 GB/s [===========         ]  3s
[  ]    210.0 MLBUps    242.38 GB/s [===============     ]  4s
[  ]    209.9 MLBUps    242.22 GB/s [=================== ]  5s
[  ]    ---- :    186.7 MLBUps    215.44 GB/s [====================]
[  ]    210.0 MLBUps    242.38 GB/s [===                 ]  0s
[  ]    209.9 MLBUps    242.22 GB/s [=======             ]  1s
[  ]    210.0 MLBUps    242.37 GB/s [===========         ]  3s
[  ]    209.8 MLBUps    242.11 GB/s [===============     ]  4s
[  ]    209.9 MLBUps    242.22 GB/s [=================== ]  5s
[  ]    ---- :    189.8 MLBUps    219.05 GB/s [====================]
[  ]    210.4 MLBUps    242.75 GB/s [===                 ]  0s
[  ]    210.5 MLBUps    242.96 GB/s [=======             ]  1s
[  ]    210.0 MLBUps    242.36 GB/s [===========         ]  2s
[  ]    210.0 MLBUps    242.31 GB/s [===============     ]  3s
[  ]    210.1 MLBUps    242.42 GB/s [=================== ]  5s
[  ]    ---- :    189.5 MLBUps    218.67 GB/s [====================]
[  ]    210.2 MLBUps    242.56 GB/s [===                 ]  1s
[  ]    207.0 MLBUps    238.90 GB/s [=======             ]  2s
[  ]    203.5 MLBUps    234.85 GB/s [===========         ]  3s
[  ]    204.0 MLBUps    235.37 GB/s [===============     ]  4s
[  ]    203.8 MLBUps    235.17 GB/s [=================== ]  5s
[  ]    ---- :    191.4 MLBUps    220.83 GB/s [====================]
[  ]    203.8 MLBUps    235.16 GB/s [===                 ]  1s
[  ]    204.3 MLBUps    235.72 GB/s [=======             ]  2s
[  ]    204.1 MLBUps    235.48 GB/s [===========         ]  3s
[  ]    204.4 MLBUps    235.88 GB/s [===============     ]  4s
[  ]    204.1 MLBUps    235.48 GB/s [=================== ]  5s
[  ]    ---- :    194.4 MLBUps    224.29 GB/s [====================]
[  ]    206.0 MLBUps    237.67 GB/s [===                 ]  0s
[  ]    208.0 MLBUps    239.98 GB/s [=======             ]  1s
[  ]    208.0 MLBUps    240.03 GB/s [===========         ]  2s
[  ]    208.3 MLBUps    240.36 GB/s [===============     ]  3s
[  ]    208.2 MLBUps    240.26 GB/s [=================== ]  4s
[  ]    ---- :    195.2 MLBUps    225.23 GB/s [====================]
[  ]    208.4 MLBUps    240.55 GB/s [===                 ]  0s
[  ]    208.0 MLBUps    240.08 GB/s [=======             ]  1s
[  ]    208.2 MLBUps    240.22 GB/s [===========         ]  2s
[  ]    208.2 MLBUps    240.24 GB/s [===============     ]  3s
[  ]    208.0 MLBUps    240.05 GB/s [=================== ]  4s
[  ]    ---- :    193.7 MLBUps    223.53 GB/s [====================]
[  ]    208.5 MLBUps    240.65 GB/s [===                 ]  1s
[  ]    208.3 MLBUps    240.33 GB/s [=======             ]  2s
[  ]    208.3 MLBUps    240.37 GB/s [===========         ]  3s
[  ]    208.2 MLBUps    240.25 GB/s [===============     ]  4s
[  ]    208.1 MLBUps    240.10 GB/s [=================== ]  5s
[  ]    ---- :    192.5 MLBUps    222.19 GB/s [====================]
[  ]    208.0 MLBUps    240.08 GB/s [===                 ]  1s
[  ]    208.3 MLBUps    240.37 GB/s [=======             ]  2s
[  ]    208.0 MLBUps    240.06 GB/s [===========         ]  3s
[  ]    207.5 MLBUps    239.51 GB/s [===============     ]  4s
[  ]    208.0 MLBUps    240.01 GB/s [=================== ]  5s
[  ]    ---- :    192.7 MLBUps    222.42 GB/s [====================]
[  ]    208.3 MLBUps    240.39 GB/s [===                 ]  0s
[  ]    208.1 MLBUps    240.11 GB/s [=======             ]  1s
[  ]    208.0 MLBUps    240.03 GB/s [===========         ]  2s
[  ]    208.0 MLBUps    240.06 GB/s [===============     ]  3s
[  ]    207.9 MLBUps    239.89 GB/s [=================== ]  5s
[  ]    ---- :    193.6 MLBUps    223.42 GB/s [====================]
[  ]    209.1 MLBUps    241.30 GB/s [===                 ]  0s
[  ]    210.9 MLBUps    243.37 GB/s [=======             ]  1s
[  ]    211.5 MLBUps    244.09 GB/s [===========         ]  2s
[  ]    211.8 MLBUps    244.38 GB/s [===============     ]  3s
[  ]    211.7 MLBUps    244.28 GB/s [=================== ]  4s
[  ]    ---- :    191.2 MLBUps    220.59 GB/s [====================]
[  ]    210.8 MLBUps    243.25 GB/s [===                 ]  0s
[  ]    212.0 MLBUps    244.64 GB/s [=======             ]  1s
[  ]    211.2 MLBUps    243.68 GB/s [===========         ]  3s
[  ]    212.1 MLBUps    244.75 GB/s [===============     ]  3s
[  ]    210.5 MLBUps    242.93 GB/s [=================== ]  5s
[  ]    ---- :    182.7 MLBUps    210.83 GB/s [====================]
[  ]    211.6 MLBUps    244.22 GB/s [===                 ]  0s
[  ]    211.5 MLBUps    244.04 GB/s [=======             ]  1s
[  ]    211.6 MLBUps    244.23 GB/s [===========         ]  2s
[  ]    210.8 MLBUps    243.27 GB/s [===============     ]  3s
[  ]    212.5 MLBUps    245.25 GB/s [=================== ]  4s
[  ]    ---- :    189.4 MLBUps    218.57 GB/s [====================]
[  ]    210.5 MLBUps    242.89 GB/s [===                 ]  1s
[  ]    210.9 MLBUps    243.39 GB/s [=======             ]  2s
[  ]    211.3 MLBUps    243.88 GB/s [===========         ]  2s
[  ]    210.7 MLBUps    243.20 GB/s [===============     ]  3s
[  ]    211.6 MLBUps    244.24 GB/s [=================== ]  4s
[  ]    ---- :    189.9 MLBUps    219.20 GB/s [====================]
[  ]    211.6 MLBUps    244.14 GB/s [===                 ]  0s
[  ]    210.7 MLBUps    243.13 GB/s [=======             ]  1s
[  ]    210.6 MLBUps    243.03 GB/s [===========         ]  2s
[  ]    210.8 MLBUps    243.21 GB/s [===============     ]  3s
[  ]    210.9 MLBUps    243.32 GB/s [=================== ]  4s
[  ]    ---- :    188.6 MLBUps    217.69 GB/s [====================]
[  ]    210.7 MLBUps    243.12 GB/s [===                 ]  1s
[  ]    210.4 MLBUps    242.79 GB/s [=======             ]  2s
[  ]    210.8 MLBUps    243.22 GB/s [===========         ]  3s
[  ]    211.1 MLBUps    243.58 GB/s [===============     ]  4s
[  ]    210.8 MLBUps    243.28 GB/s [=================== ]  4s
[  ]    ---- :    189.3 MLBUps    218.43 GB/s [====================]
[  ]    ---- :   100000 it writing vtk
[  ]    171.4 MLBUps    197.80 GB/s [===                 ]  1s
[  ]    212.9 MLBUps    245.72 GB/s [=======             ]  2s
[  ]    213.4 MLBUps    246.23 GB/s [===========         ]  3s
[  ]    213.0 MLBUps    245.82 GB/s [===============     ]  4s
[  ]    213.0 MLBUps    245.77 GB/s [=================== ]  5s
[  ]    ---- :    203.6 MLBUps    234.93 GB/s [====================]
[  ]    213.0 MLBUps    245.85 GB/s [===                 ]  0s
[  ]    213.2 MLBUps    246.05 GB/s [=======             ]  1s
[  ]    212.5 MLBUps    245.20 GB/s [===========         ]  2s
[  ]    212.9 MLBUps    245.67 GB/s [===============     ]  3s
[  ]    213.1 MLBUps    245.96 GB/s [=================== ]  4s
[  ]    ---- :    189.5 MLBUps    218.69 GB/s [====================]
[  ]    212.7 MLBUps    245.44 GB/s [===                 ]  1s
[  ]    213.2 MLBUps    245.99 GB/s [=======             ]  1s
[  ]    208.7 MLBUps    240.85 GB/s [===========         ]  3s
[  ]    207.7 MLBUps    239.68 GB/s [===============     ]  4s
[  ]    208.0 MLBUps    240.05 GB/s [=================== ]  5s
[  ]    ---- :    183.7 MLBUps    212.01 GB/s [====================]
[  ]    207.9 MLBUps    239.97 GB/s [===                 ]  1s
[  ]    208.0 MLBUps    240.06 GB/s [=======             ]  2s
[  ]    207.9 MLBUps    239.86 GB/s [===========         ]  3s
[  ]    208.0 MLBUps    240.07 GB/s [===============     ]  4s
[  ]    208.2 MLBUps    240.26 GB/s [=================== ]  5s
[  ]    ---- :    193.1 MLBUps    222.86 GB/s [====================]
[  ]    208.1 MLBUps    240.15 GB/s [===                 ]  1s
[  ]    208.1 MLBUps    240.17 GB/s [=======             ]  2s
[  ]    208.0 MLBUps    240.09 GB/s [===========         ]  3s
[  ]    208.2 MLBUps    240.26 GB/s [===============     ]  4s
[  ]    208.0 MLBUps    240.06 GB/s [=================== ]  5s
[  ]    ---- :    192.1 MLBUps    221.73 GB/s [====================]
[  ]    208.0 MLBUps    240.00 GB/s [===                 ]  1s
[  ]    207.9 MLBUps    239.86 GB/s [=======             ]  2s
[  ]    208.0 MLBUps    240.05 GB/s [===========         ]  3s
[  ]    207.8 MLBUps    239.78 GB/s [===============     ]  4s
[  ]    208.1 MLBUps    240.17 GB/s [=================== ]  5s
[  ]    ---- :    192.6 MLBUps    222.20 GB/s [====================]
[  ]    208.2 MLBUps    240.25 GB/s [===                 ]  0s
[  ]    207.8 MLBUps    239.86 GB/s [=======             ]  1s
[  ]    208.0 MLBUps    239.99 GB/s [===========         ]  2s
[  ]    207.9 MLBUps    239.91 GB/s [===============     ]  4s
[  ]    207.7 MLBUps    239.65 GB/s [=================== ]  5s
[  ]    ---- :    194.0 MLBUps    223.91 GB/s [====================]
[  ]    210.8 MLBUps    243.21 GB/s [===                 ]  0s
[  ]    211.2 MLBUps    243.78 GB/s [=======             ]  1s
[  ]    211.2 MLBUps    243.70 GB/s [===========         ]  2s
[  ]    211.3 MLBUps    243.83 GB/s [===============     ]  3s
[  ]    211.0 MLBUps    243.49 GB/s [=================== ]  4s
[  ]    ---- :    190.8 MLBUps    220.23 GB/s [====================]
[  ]    210.8 MLBUps    243.26 GB/s [===                 ]  0s
[  ]    211.6 MLBUps    244.14 GB/s [=======             ]  1s
[  ]    211.3 MLBUps    243.81 GB/s [===========         ]  2s
[  ]    210.4 MLBUps    242.80 GB/s [===============     ]  3s
[  ]    211.0 MLBUps    243.49 GB/s [=================== ]  4s
[  ]    ---- :    188.5 MLBUps    217.51 GB/s [====================]
[  ]    210.8 MLBUps    243.29 GB/s [===                 ]  0s
[  ]    212.1 MLBUps    244.76 GB/s [=======             ]  1s
[  ]    210.6 MLBUps    243.00 GB/s [===========         ]  3s
[  ]    211.0 MLBUps    243.48 GB/s [===============     ]  4s
[  ]    211.5 MLBUps    244.06 GB/s [=================== ]  4s
[  ]    ---- :    185.3 MLBUps    213.79 GB/s [====================]
[  ]    211.3 MLBUps    243.81 GB/s [===                 ]  0s
[  ]    212.5 MLBUps    245.21 GB/s [=======             ]  1s
[  ]    211.1 MLBUps    243.64 GB/s [===========         ]  2s
[  ]    211.7 MLBUps    244.27 GB/s [===============     ]  3s
[  ]    210.8 MLBUps    243.28 GB/s [=================== ]  4s
[  ]    ---- :    185.9 MLBUps    214.58 GB/s [====================]
[  ]    211.6 MLBUps    244.24 GB/s [===                 ]  0s
[  ]    211.3 MLBUps    243.82 GB/s [=======             ]  1s
[  ]    211.4 MLBUps    243.97 GB/s [===========         ]  2s
[  ]    211.6 MLBUps    244.16 GB/s [===============     ]  3s
[  ]    210.4 MLBUps    242.83 GB/s [=================== ]  4s
[  ]    ---- :    188.8 MLBUps    217.82 GB/s [====================]
[  ]    211.0 MLBUps    243.46 GB/s [===                 ]  0s
[  ]    211.5 MLBUps    244.06 GB/s [=======             ]  1s
[  ]    210.5 MLBUps    242.96 GB/s [===========         ]  2s
[  ]    211.3 MLBUps    243.83 GB/s [===============     ]  3s
[  ]    210.5 MLBUps    242.88 GB/s [=================== ]  4s
[  ]    ---- :    190.2 MLBUps    219.45 GB/s [====================]
[  ]    211.0 MLBUps    243.47 GB/s [===                 ]  0s
[  ]    210.4 MLBUps    242.82 GB/s [=======             ]  2s
[  ]    211.7 MLBUps    244.36 GB/s [===========         ]  2s
[  ]    210.2 MLBUps    242.59 GB/s [===============     ]  3s
[  ]    210.5 MLBUps    242.97 GB/s [=================== ]  4s
[  ]    ---- :    187.4 MLBUps    216.23 GB/s [====================]
[  ]    211.1 MLBUps    243.64 GB/s [===                 ]  0s
[  ]    210.3 MLBUps    242.71 GB/s [=======             ]  2s
[  ]    210.7 MLBUps    243.10 GB/s [===========         ]  3s
[  ]    211.3 MLBUps    243.81 GB/s [===============     ]  3s
[  ]    210.5 MLBUps    242.89 GB/s [=================== ]  4s
[  ]    ---- :    187.2 MLBUps    216.01 GB/s [====================]
[  ]    211.2 MLBUps    243.68 GB/s [===                 ]  0s
[  ]    211.1 MLBUps    243.60 GB/s [=======             ]  1s
[  ]    210.8 MLBUps    243.23 GB/s [===========         ]  2s
[  ]    211.2 MLBUps    243.69 GB/s [===============     ]  3s
[  ]    210.2 MLBUps    242.59 GB/s [=================== ]  4s
[  ]    ---- :    188.2 MLBUps    217.18 GB/s [====================]
[  ]    210.6 MLBUps    243.06 GB/s [===                 ]  1s
[  ]    210.8 MLBUps    243.27 GB/s [=======             ]  2s
[  ]    211.1 MLBUps    243.61 GB/s [===========         ]  2s
[  ]    210.5 MLBUps    242.88 GB/s [===============     ]  3s
[  ]    211.0 MLBUps    243.48 GB/s [=================== ]  4s
[  ]    ---- :    187.8 MLBUps    216.68 GB/s [====================]
[  ]    210.5 MLBUps    242.91 GB/s [===                 ]  1s
[  ]    210.7 MLBUps    243.19 GB/s [=======             ]  2s
[  ]    210.4 MLBUps    242.81 GB/s [===========         ]  3s
[  ]    210.7 MLBUps    243.18 GB/s [===============     ]  4s
[  ]    210.3 MLBUps    242.73 GB/s [=================== ]  5s
[  ]    ---- :    187.8 MLBUps    216.67 GB/s [====================]
[  ]    210.8 MLBUps    243.23 GB/s [===                 ]  0s
[  ]    211.4 MLBUps    243.94 GB/s [=======             ]  1s
[  ]    210.6 MLBUps    243.01 GB/s [===========         ]  2s
[  ]    211.1 MLBUps    243.58 GB/s [===============     ]  3s
[  ]    210.5 MLBUps    242.95 GB/s [=================== ]  4s
[  ]    ---- :    188.7 MLBUps    217.79 GB/s [====================]
[  ]    212.0 MLBUps    244.67 GB/s [===                 ]  0s
[  ]    211.7 MLBUps    244.34 GB/s [=======             ]  1s
[  ]    211.8 MLBUps    244.41 GB/s [===========         ]  2s
[  ]    211.8 MLBUps    244.38 GB/s [===============     ]  3s
[  ]    210.8 MLBUps    243.29 GB/s [=================== ]  4s
[  ]    ---- :    187.2 MLBUps    216.01 GB/s [====================]
[  ]    ---- :   120000 it writing vtk
[  ]    171.1 MLBUps    197.49 GB/s [===                 ]  1s
[  ]    212.9 MLBUps    245.67 GB/s [=======             ]  2s
[  ]    212.7 MLBUps    245.41 GB/s [===========         ]  3s
[  ]    212.9 MLBUps    245.66 GB/s [===============     ]  4s
[  ]    212.8 MLBUps    245.61 GB/s [=================== ]  5s
[  ]    ---- :    202.5 MLBUps    233.70 GB/s [====================]
[  ]    213.1 MLBUps    245.89 GB/s [===                 ]  0s
[  ]    212.8 MLBUps    245.56 GB/s [=======             ]  1s
[  ]    212.9 MLBUps    245.63 GB/s [===========         ]  2s
[  ]    213.6 MLBUps    246.44 GB/s [===============     ]  3s
[  ]    212.7 MLBUps    245.48 GB/s [=================== ]  4s
[  ]    ---- :    190.3 MLBUps    219.59 GB/s [====================]
[  ]    212.8 MLBUps    245.58 GB/s [===                 ]  1s
[  ]    212.7 MLBUps    245.51 GB/s [=======             ]  2s
[  ]    212.6 MLBUps    245.36 GB/s [===========         ]  3s
[  ]    212.7 MLBUps    245.46 GB/s [===============     ]  4s
[  ]    212.5 MLBUps    245.20 GB/s [=================== ]  5s
[  ]    ---- :    171.7 MLBUps    198.10 GB/s [====================]
[  ]    212.9 MLBUps    245.67 GB/s [===                 ]  1s
[  ]    212.5 MLBUps    245.28 GB/s [=======             ]  2s
[  ]    212.8 MLBUps    245.59 GB/s [===========         ]  3s
[  ]    212.9 MLBUps    245.69 GB/s [===============     ]  4s
[  ]    212.5 MLBUps    245.19 GB/s [=================== ]  5s
[  ]    ---- :    172.2 MLBUps    198.69 GB/s [====================]
[  ]    212.9 MLBUps    245.69 GB/s [===                 ]  0s
[  ]    212.6 MLBUps    245.35 GB/s [=======             ]  2s
[  ]    201.3 MLBUps    232.30 GB/s [===========         ]  3s
[  ]    192.6 MLBUps    222.27 GB/s [===============     ]  4s
[  ]    192.4 MLBUps    222.01 GB/s [=================== ]  5s
[  ]    ---- :    181.3 MLBUps    209.16 GB/s [====================]
[  ]    199.1 MLBUps    229.77 GB/s [===                 ]  1s
[  ]    203.1 MLBUps    234.40 GB/s [=======             ]  1s
[  ]    207.4 MLBUps    239.34 GB/s [===========         ]  2s
[  ]    207.5 MLBUps    239.50 GB/s [===============     ]  3s
[  ]    207.9 MLBUps    239.90 GB/s [==================  ]  4s
[  ]    ---- :    198.8 MLBUps    229.41 GB/s [====================]
[  ]    208.0 MLBUps    239.99 GB/s [===                 ]  0s
[  ]    208.0 MLBUps    240.03 GB/s [=======             ]  1s
[  ]    207.8 MLBUps    239.75 GB/s [===========         ]  2s
[  ]    207.9 MLBUps    239.91 GB/s [===============     ]  3s
[  ]    209.5 MLBUps    241.74 GB/s [=================== ]  4s
[  ]    ---- :    195.7 MLBUps    225.89 GB/s [====================]
[  ]    211.3 MLBUps    243.84 GB/s [===                 ]  0s
[  ]    210.3 MLBUps    242.72 GB/s [=======             ]  1s
[  ]    210.3 MLBUps    242.70 GB/s [===========         ]  2s
[  ]    211.6 MLBUps    244.15 GB/s [===============     ]  3s
[  ]    210.7 MLBUps    243.19 GB/s [=================== ]  4s
[  ]    ---- :    189.8 MLBUps    219.03 GB/s [====================]
[  ]    210.5 MLBUps    242.97 GB/s [===                 ]  1s
[  ]    210.4 MLBUps    242.76 GB/s [=======             ]  2s
[  ]    210.1 MLBUps    242.42 GB/s [===========         ]  3s
[  ]    210.3 MLBUps    242.65 GB/s [===============     ]  4s
[  ]    210.4 MLBUps    242.84 GB/s [=================== ]  5s
[  ]    ---- :    189.0 MLBUps    218.14 GB/s [====================]
[  ]    210.7 MLBUps    243.15 GB/s [===                 ]  1s
[  ]    210.8 MLBUps    243.24 GB/s [=======             ]  1s
[  ]    211.1 MLBUps    243.61 GB/s [===========         ]  2s
[  ]    211.6 MLBUps    244.18 GB/s [===============     ]  3s
[  ]    210.7 MLBUps    243.20 GB/s [=================== ]  4s
[  ]    ---- :    189.2 MLBUps    218.28 GB/s [====================]
[  ]    212.2 MLBUps    244.85 GB/s [===                 ]  0s
[  ]    210.3 MLBUps    242.64 GB/s [=======             ]  2s
[  ]    211.0 MLBUps    243.55 GB/s [===========         ]  3s
[  ]    211.2 MLBUps    243.71 GB/s [===============     ]  4s
[  ]    211.1 MLBUps    243.67 GB/s [=================== ]  5s
[  ]    ---- :    186.3 MLBUps    215.04 GB/s [====================]
[  ]    210.8 MLBUps    243.27 GB/s [===                 ]  0s
[  ]    210.8 MLBUps    243.27 GB/s [=======             ]  1s
[  ]    210.5 MLBUps    242.94 GB/s [===========         ]  3s
[  ]    210.7 MLBUps    243.20 GB/s [===============     ]  4s
[  ]    212.2 MLBUps    244.87 GB/s [=================== ]  4s
[  ]    ---- :    187.7 MLBUps    216.55 GB/s [====================]
[  ]    210.4 MLBUps    242.75 GB/s [===                 ]  1s
[  ]    210.6 MLBUps    243.06 GB/s [=======             ]  2s
[  ]    210.6 MLBUps    243.03 GB/s [===========         ]  3s
[  ]    211.3 MLBUps    243.83 GB/s [===============     ]  4s
[  ]    211.3 MLBUps    243.85 GB/s [=================== ]  4s
[  ]    ---- :    186.9 MLBUps    215.64 GB/s [====================]
[  ]    210.6 MLBUps    242.99 GB/s [===                 ]  1s
[  ]    211.3 MLBUps    243.79 GB/s [=======             ]  1s
[  ]    211.6 MLBUps    244.13 GB/s [===========         ]  2s
[  ]    210.4 MLBUps    242.82 GB/s [===============     ]  3s
[  ]    210.4 MLBUps    242.83 GB/s [=================== ]  4s
[  ]    ---- :    188.4 MLBUps    217.39 GB/s [====================]
[  ]    210.1 MLBUps    242.50 GB/s [===                 ]  1s
[  ]    210.0 MLBUps    242.32 GB/s [=======             ]  2s
[  ]    210.2 MLBUps    242.52 GB/s [===========         ]  3s
[  ]    210.2 MLBUps    242.52 GB/s [===============     ]  4s
[  ]    210.7 MLBUps    243.17 GB/s [=================== ]  5s
[  ]    ---- :    187.0 MLBUps    215.79 GB/s [====================]
[  ]    210.8 MLBUps    243.29 GB/s [===                 ]  0s
[  ]    210.4 MLBUps    242.78 GB/s [=======             ]  2s
[  ]    211.0 MLBUps    243.53 GB/s [===========         ]  2s
[  ]    210.3 MLBUps    242.71 GB/s [===============     ]  4s
[  ]    210.9 MLBUps    243.32 GB/s [=================== ]  5s
[  ]    ---- :    190.1 MLBUps    219.34 GB/s [====================]
[  ]    212.0 MLBUps    244.68 GB/s [===                 ]  0s
[  ]    210.6 MLBUps    243.05 GB/s [=======             ]  2s
[  ]    210.6 MLBUps    243.01 GB/s [===========         ]  3s
[  ]    210.8 MLBUps    243.22 GB/s [===============     ]  4s
[  ]    210.1 MLBUps    242.50 GB/s [=================== ]  5s
[  ]    ---- :    185.8 MLBUps    214.47 GB/s [====================]
[  ]    211.9 MLBUps    244.51 GB/s [===                 ]  0s
[  ]    210.5 MLBUps    242.91 GB/s [=======             ]  2s
[  ]    210.8 MLBUps    243.31 GB/s [===========         ]  3s
[  ]    212.2 MLBUps    244.92 GB/s [===============     ]  3s
[  ]    211.2 MLBUps    243.77 GB/s [=================== ]  5s
[  ]    ---- :    182.4 MLBUps    210.47 GB/s [====================]
[  ]    210.9 MLBUps    243.34 GB/s [===                 ]  0s
[  ]    211.5 MLBUps    244.08 GB/s [=======             ]  1s
[  ]    210.4 MLBUps    242.81 GB/s [===========         ]  2s
[  ]    210.9 MLBUps    243.35 GB/s [===============     ]  3s
[  ]    210.6 MLBUps    243.09 GB/s [=================== ]  4s
[  ]    ---- :    189.3 MLBUps    218.39 GB/s [====================]
[  ]    210.5 MLBUps    242.92 GB/s [===                 ]  1s
[  ]    210.6 MLBUps    242.99 GB/s [=======             ]  2s
[  ]    210.3 MLBUps    242.73 GB/s [===========         ]  3s
[  ]    210.6 MLBUps    243.08 GB/s [===============     ]  4s
[  ]    211.6 MLBUps    244.18 GB/s [=================== ]  5s
[  ]    ---- :    187.5 MLBUps    216.32 GB/s [====================]
[  ]    ---- :   140000 it writing vtk
[  ]    140.9 MLBUps    162.65 GB/s [===                 ]  1s
[  ]    215.8 MLBUps    249.04 GB/s [======              ]  2s
[  ]    212.4 MLBUps    245.08 GB/s [==========          ]  3s
[  ]    212.5 MLBUps    245.19 GB/s [==============      ]  4s
[  ]    212.5 MLBUps    245.20 GB/s [==================  ]  5s
[  ]    ---- :    205.6 MLBUps    237.28 GB/s [====================]
[  ]    212.3 MLBUps    244.96 GB/s [===                 ]  0s
[  ]    212.4 MLBUps    245.07 GB/s [=======             ]  1s
[  ]    212.2 MLBUps    244.91 GB/s [===========         ]  2s
[  ]    212.5 MLBUps    245.19 GB/s [===============     ]  3s
[  ]    211.6 MLBUps    244.18 GB/s [=================== ]  4s
[  ]    ---- :    196.0 MLBUps    226.18 GB/s [====================]
[  ]    212.4 MLBUps    245.08 GB/s [===                 ]  0s
[  ]    212.4 MLBUps    245.05 GB/s [=======             ]  1s
[  ]    212.4 MLBUps    245.12 GB/s [===========         ]  2s
[  ]    211.9 MLBUps    244.54 GB/s [===============     ]  4s
[  ]    211.9 MLBUps    244.57 GB/s [=================== ]  5s
[  ]    ---- :    177.0 MLBUps    204.28 GB/s [====================]
[  ]    212.1 MLBUps    244.73 GB/s [===                 ]  0s
[  ]    212.3 MLBUps    244.95 GB/s [=======             ]  1s
[  ]    212.0 MLBUps    244.60 GB/s [===========         ]  3s
[  ]    212.0 MLBUps    244.69 GB/s [===============     ]  4s
[  ]    212.4 MLBUps    245.10 GB/s [=================== ]  5s
[  ]    ---- :    176.2 MLBUps    203.30 GB/s [====================]
[  ]    212.3 MLBUps    244.97 GB/s [===                 ]  0s
[  ]    211.9 MLBUps    244.50 GB/s [=======             ]  1s
[  ]    211.6 MLBUps    244.22 GB/s [===========         ]  3s
[  ]    212.3 MLBUps    244.94 GB/s [===============     ]  3s
[  ]    212.4 MLBUps    245.12 GB/s [=================== ]  4s
[  ]    ---- :    181.6 MLBUps    209.52 GB/s [====================]
[  ]    212.1 MLBUps    244.77 GB/s [===                 ]  0s
[  ]    212.2 MLBUps    244.92 GB/s [=======             ]  1s
[  ]    212.5 MLBUps    245.28 GB/s [===========         ]  2s
[  ]    212.3 MLBUps    244.97 GB/s [===============     ]  4s
[  ]    212.1 MLBUps    244.73 GB/s [=================== ]  5s
[  ]    ---- :    178.0 MLBUps    205.37 GB/s [====================]
[  ]    212.1 MLBUps    244.75 GB/s [===                 ]  0s
[  ]    212.4 MLBUps    245.13 GB/s [=======             ]  1s
[  ]    210.1 MLBUps    242.44 GB/s [===========         ]  3s
[  ]    205.6 MLBUps    237.21 GB/s [===============     ]  4s
[  ]    205.6 MLBUps    237.24 GB/s [=================== ]  5s
[  ]    ---- :    184.4 MLBUps    212.79 GB/s [====================]
[  ]    205.6 MLBUps    237.24 GB/s [===                 ]  1s
[  ]    205.6 MLBUps    237.29 GB/s [=======             ]  2s
[  ]    205.4 MLBUps    237.05 GB/s [===========         ]  3s
[  ]    205.2 MLBUps    236.77 GB/s [===============     ]  4s
[  ]    205.6 MLBUps    237.23 GB/s [=================== ]  5s
[  ]    ---- :    193.7 MLBUps    223.49 GB/s [====================]
[  ]    205.2 MLBUps    236.80 GB/s [===                 ]  0s
[  ]    205.3 MLBUps    236.96 GB/s [=======             ]  1s
[  ]    205.4 MLBUps    237.01 GB/s [===========         ]  2s
[  ]    205.6 MLBUps    237.31 GB/s [===============     ]  3s
[  ]    205.6 MLBUps    237.29 GB/s [=================== ]  4s
[  ]    ---- :    195.5 MLBUps    225.58 GB/s [====================]
[  ]    207.8 MLBUps    239.77 GB/s [===                 ]  0s
[  ]    209.0 MLBUps    241.22 GB/s [=======             ]  1s
[  ]    208.6 MLBUps    240.71 GB/s [===========         ]  2s
[  ]    208.8 MLBUps    241.00 GB/s [===============     ]  3s
[  ]    208.7 MLBUps    240.83 GB/s [=================== ]  4s
[  ]    ---- :    194.7 MLBUps    224.69 GB/s [====================]
[  ]    209.2 MLBUps    241.36 GB/s [===                 ]  0s
[  ]    208.9 MLBUps    241.03 GB/s [=======             ]  1s
[  ]    208.7 MLBUps    240.84 GB/s [===========         ]  2s
[  ]    209.1 MLBUps    241.28 GB/s [===============     ]  3s
[  ]    209.3 MLBUps    241.48 GB/s [=================== ]  4s
[  ]    ---- :    193.4 MLBUps    223.23 GB/s [====================]
[  ]    209.8 MLBUps    242.08 GB/s [===                 ]  0s
[  ]    208.9 MLBUps    241.13 GB/s [=======             ]  2s
[  ]    208.9 MLBUps    241.08 GB/s [===========         ]  3s
[  ]    209.2 MLBUps    241.37 GB/s [===============     ]  3s
[  ]    208.8 MLBUps    240.91 GB/s [=================== ]  4s
[  ]    ---- :    192.9 MLBUps    222.59 GB/s [====================]
[  ]    209.2 MLBUps    241.44 GB/s [===                 ]  0s
[  ]    208.7 MLBUps    240.81 GB/s [=======             ]  1s
[  ]    209.1 MLBUps    241.27 GB/s [===========         ]  2s
[  ]    208.7 MLBUps    240.85 GB/s [===============     ]  3s
[  ]    209.3 MLBUps    241.49 GB/s [=================== ]  4s
[  ]    ---- :    193.6 MLBUps    223.40 GB/s [====================]
[  ]    209.6 MLBUps    241.87 GB/s [===                 ]  0s
[  ]    209.2 MLBUps    241.41 GB/s [=======             ]  1s
[  ]    209.1 MLBUps    241.34 GB/s [===========         ]  2s
[  ]    209.5 MLBUps    241.71 GB/s [===============     ]  3s
[  ]    209.3 MLBUps    241.49 GB/s [=================== ]  4s
[  ]    ---- :    194.1 MLBUps    224.01 GB/s [====================]
[  ]    209.3 MLBUps    241.55 GB/s [===                 ]  0s
[  ]    209.3 MLBUps    241.54 GB/s [=======             ]  1s
[  ]    209.0 MLBUps    241.13 GB/s [===========         ]  2s
[  ]    208.9 MLBUps    241.12 GB/s [===============     ]  3s
[  ]    209.0 MLBUps    241.15 GB/s [=================== ]  4s
[  ]    ---- :    193.9 MLBUps    223.73 GB/s [====================]
[  ]    208.8 MLBUps    240.95 GB/s [===                 ]  0s
[  ]    211.6 MLBUps    244.20 GB/s [=======             ]  1s
[  ]    212.4 MLBUps    245.15 GB/s [===========         ]  2s
[  ]    212.2 MLBUps    244.83 GB/s [===============     ]  3s
[  ]    212.4 MLBUps    245.06 GB/s [=================== ]  4s
[  ]    ---- :    190.1 MLBUps    219.42 GB/s [====================]
[  ]    212.5 MLBUps    245.20 GB/s [===                 ]  0s
[  ]    212.5 MLBUps    245.28 GB/s [=======             ]  1s
[  ]    212.3 MLBUps    245.04 GB/s [===========         ]  2s
[  ]    212.3 MLBUps    245.01 GB/s [===============     ]  3s
[  ]    212.4 MLBUps    245.16 GB/s [=================== ]  5s
[  ]    ---- :    176.6 MLBUps    203.74 GB/s [====================]
[  ]    212.5 MLBUps    245.22 GB/s [===                 ]  1s
[  ]    212.5 MLBUps    245.19 GB/s [=======             ]  2s
[  ]    212.3 MLBUps    245.02 GB/s [===========         ]  3s
[  ]    212.2 MLBUps    244.91 GB/s [===============     ]  4s
[  ]    212.5 MLBUps    245.18 GB/s [=================== ]  5s
[  ]    ---- :    170.4 MLBUps    196.59 GB/s [====================]
[  ]    212.1 MLBUps    244.77 GB/s [===                 ]  1s
[  ]    212.4 MLBUps    245.08 GB/s [=======             ]  2s
[  ]    212.3 MLBUps    244.97 GB/s [===========         ]  3s
[  ]    212.5 MLBUps    245.26 GB/s [===============     ]  4s
[  ]    212.5 MLBUps    245.25 GB/s [=================== ]  5s
[  ]    ---- :    171.2 MLBUps    197.60 GB/s [====================]
[  ]    212.4 MLBUps    245.13 GB/s [===                 ]  1s
[  ]    212.2 MLBUps    244.89 GB/s [=======             ]  2s
[  ]    212.5 MLBUps    245.21 GB/s [===========         ]  3s
[  ]    212.2 MLBUps    244.85 GB/s [===============     ]  4s
[  ]    212.1 MLBUps    244.73 GB/s [=================== ]  5s
[  ]    ---- :    170.3 MLBUps    196.47 GB/s [====================]
[  ]    ---- :   160000 it writing vtk
[  ]    170.1 MLBUps    196.26 GB/s [===                 ]  1s
[  ]    212.3 MLBUps    244.94 GB/s [=======             ]  2s
[  ]    212.2 MLBUps    244.89 GB/s [===========         ]  3s
[  ]    212.1 MLBUps    244.79 GB/s [===============     ]  4s
[  ]    212.2 MLBUps    244.87 GB/s [==================  ]  5s
[  ]    ---- :    203.0 MLBUps    234.32 GB/s [====================]
[  ]    202.6 MLBUps    233.81 GB/s [===                 ]  0s
[  ]    201.7 MLBUps    232.78 GB/s [=======             ]  1s
[  ]    201.2 MLBUps    232.13 GB/s [===========         ]  3s
[  ]    201.9 MLBUps    233.01 GB/s [===============     ]  4s
[  ]    201.9 MLBUps    232.96 GB/s [==================  ]  5s
[  ]    ---- :    194.3 MLBUps    224.20 GB/s [====================]
[  ]    205.7 MLBUps    237.41 GB/s [===                 ]  0s
[  ]    206.2 MLBUps    237.95 GB/s [=======             ]  1s
[  ]    206.4 MLBUps    238.17 GB/s [===========         ]  2s
[  ]    206.2 MLBUps    237.91 GB/s [===============     ]  3s
[  ]    206.2 MLBUps    237.93 GB/s [=================== ]  4s
[  ]    ---- :    195.7 MLBUps    225.86 GB/s [====================]
[  ]    206.1 MLBUps    237.88 GB/s [===                 ]  1s
[  ]    206.0 MLBUps    237.75 GB/s [=======             ]  2s
[  ]    206.3 MLBUps    238.02 GB/s [===========         ]  3s
[  ]    208.6 MLBUps    240.69 GB/s [===============     ]  3s
[  ]    211.1 MLBUps    243.57 GB/s [=================== ]  4s
[  ]    ---- :    199.7 MLBUps    230.43 GB/s [====================]
[  ]    212.5 MLBUps    245.24 GB/s [===                 ]  0s
[  ]    212.5 MLBUps    245.28 GB/s [=======             ]  1s
[  ]    212.4 MLBUps    245.15 GB/s [===========         ]  2s
[  ]    212.5 MLBUps    245.23 GB/s [===============     ]  3s
[  ]    212.4 MLBUps    245.05 GB/s [=================== ]  4s
[  ]    ---- :    185.8 MLBUps    214.43 GB/s [====================]
[  ]    212.5 MLBUps    245.25 GB/s [===                 ]  1s
[  ]    212.5 MLBUps    245.19 GB/s [=======             ]  2s
[  ]    212.5 MLBUps    245.24 GB/s [===========         ]  3s
[  ]    212.4 MLBUps    245.08 GB/s [===============     ]  4s
[  ]    212.6 MLBUps    245.29 GB/s [=================== ]  5s
[  ]    ---- :    170.8 MLBUps    197.06 GB/s [====================]
[  ]    212.4 MLBUps    245.12 GB/s [===                 ]  1s
[  ]    212.5 MLBUps    245.21 GB/s [=======             ]  2s
[  ]    212.3 MLBUps    244.97 GB/s [===========         ]  3s
[  ]    212.5 MLBUps    245.18 GB/s [===============     ]  4s
[  ]    212.5 MLBUps    245.22 GB/s [=================== ]  5s
[  ]    ---- :    171.1 MLBUps    197.40 GB/s [====================]
[  ]    212.5 MLBUps    245.20 GB/s [===                 ]  1s
[  ]    212.5 MLBUps    245.27 GB/s [=======             ]  2s
[  ]    212.5 MLBUps    245.17 GB/s [===========         ]  3s
[  ]    212.5 MLBUps    245.18 GB/s [===============     ]  4s
[  ]    212.3 MLBUps    245.00 GB/s [=================== ]  5s
[  ]    ---- :    172.2 MLBUps    198.72 GB/s [====================]
[  ]    211.1 MLBUps    243.58 GB/s [===                 ]  1s
[  ]    207.2 MLBUps    239.12 GB/s [=======             ]  2s
[  ]    207.7 MLBUps    239.64 GB/s [===========         ]  3s
[  ]    207.7 MLBUps    239.73 GB/s [===============     ]  4s
[  ]    207.9 MLBUps    239.96 GB/s [=================== ]  5s
[  ]    ---- :    190.4 MLBUps    219.78 GB/s [====================]
[  ]    208.0 MLBUps    240.06 GB/s [===                 ]  1s
[  ]    207.7 MLBUps    239.74 GB/s [=======             ]  2s
[  ]    208.0 MLBUps    240.01 GB/s [===========         ]  3s
[  ]    207.8 MLBUps    239.79 GB/s [===============     ]  4s
[  ]    208.0 MLBUps    240.03 GB/s [=================== ]  5s
[  ]    ---- :    192.8 MLBUps    222.53 GB/s [====================]
[  ]    208.0 MLBUps    240.06 GB/s [===                 ]  0s
[  ]    207.7 MLBUps    239.71 GB/s [=======             ]  1s
[  ]    207.4 MLBUps    239.40 GB/s [===========         ]  3s
[  ]    207.6 MLBUps    239.55 GB/s [===============     ]  3s
[  ]    207.7 MLBUps    239.63 GB/s [=================== ]  5s
[  ]    ---- :    194.0 MLBUps    223.87 GB/s [====================]
[  ]    208.2 MLBUps    240.30 GB/s [===                 ]  0s
[  ]    210.3 MLBUps    242.71 GB/s [=======             ]  1s
[  ]    211.1 MLBUps    243.58 GB/s [===========         ]  2s
[  ]    211.6 MLBUps    244.15 GB/s [===============     ]  3s
[  ]    210.6 MLBUps    243.07 GB/s [=================== ]  4s
[  ]    ---- :    192.0 MLBUps    221.60 GB/s [====================]
[  ]    211.1 MLBUps    243.65 GB/s [===                 ]  0s
[  ]    210.6 MLBUps    243.05 GB/s [=======             ]  1s
[  ]    210.4 MLBUps    242.78 GB/s [===========         ]  3s
[  ]    210.7 MLBUps    243.19 GB/s [===============     ]  4s
[  ]    210.8 MLBUps    243.25 GB/s [=================== ]  5s
[  ]    ---- :    188.5 MLBUps    217.52 GB/s [====================]
[  ]    211.0 MLBUps    243.46 GB/s [===                 ]  0s
[  ]    211.3 MLBUps    243.85 GB/s [=======             ]  1s
[  ]    211.0 MLBUps    243.45 GB/s [===========         ]  2s
[  ]    210.1 MLBUps    242.40 GB/s [===============     ]  3s
[  ]    211.6 MLBUps    244.16 GB/s [=================== ]  4s
[  ]    ---- :    188.4 MLBUps    217.44 GB/s [====================]
[  ]    210.2 MLBUps    242.63 GB/s [===                 ]  1s
[  ]    210.2 MLBUps    242.54 GB/s [=======             ]  2s
[  ]    211.4 MLBUps    243.91 GB/s [===========         ]  3s
[  ]    210.4 MLBUps    242.77 GB/s [===============     ]  4s
[  ]    210.5 MLBUps    242.96 GB/s [=================== ]  5s
[  ]    ---- :    189.3 MLBUps    218.41 GB/s [====================]
[  ]    211.2 MLBUps    243.72 GB/s [===                 ]  0s
[  ]    211.7 MLBUps    244.28 GB/s [=======             ]  1s
[  ]    210.1 MLBUps    242.47 GB/s [===========         ]  2s
[  ]    210.2 MLBUps    242.56 GB/s [===============     ]  3s
[  ]    210.5 MLBUps    242.88 GB/s [=================== ]  5s
[  ]    ---- :    186.8 MLBUps    215.52 GB/s [====================]
[  ]    210.9 MLBUps    243.40 GB/s [===                 ]  0s
[  ]    210.1 MLBUps    242.45 GB/s [=======             ]  2s
[  ]    211.2 MLBUps    243.67 GB/s [===========         ]  3s
[  ]    211.2 MLBUps    243.75 GB/s [===============     ]  3s
[  ]    210.5 MLBUps    242.87 GB/s [=================== ]  4s
[  ]    ---- :    188.5 MLBUps    217.53 GB/s [====================]
[  ]    210.7 MLBUps    243.14 GB/s [===                 ]  1s
[  ]    211.0 MLBUps    243.55 GB/s [=======             ]  1s
[  ]    210.7 MLBUps    243.14 GB/s [===========         ]  2s
[  ]    210.7 MLBUps    243.14 GB/s [===============     ]  3s
[  ]    210.1 MLBUps    242.43 GB/s [=================== ]  5s
[  ]    ---- :    188.1 MLBUps    217.03 GB/s [====================]
[  ]    210.5 MLBUps    242.95 GB/s [===                 ]  1s
[  ]    210.1 MLBUps    242.49 GB/s [=======             ]  2s
[  ]    210.0 MLBUps    242.31 GB/s [===========         ]  3s
[  ]    211.2 MLBUps    243.71 GB/s [===============     ]  4s
[  ]    211.1 MLBUps    243.62 GB/s [=================== ]  5s
[  ]    ---- :    187.3 MLBUps    216.15 GB/s [====================]
[  ]    210.5 MLBUps    242.89 GB/s [===                 ]  1s
[  ]    210.6 MLBUps    243.05 GB/s [=======             ]  2s
[  ]    210.7 MLBUps    243.10 GB/s [===========         ]  3s
[  ]    211.2 MLBUps    243.68 GB/s [===============     ]  4s
[  ]    210.7 MLBUps    243.16 GB/s [=================== ]  5s
[  ]    ---- :    188.6 MLBUps    217.64 GB/s [====================]
[  ]    ---- :   180000 it writing vtk
[  ]    171.4 MLBUps    197.77 GB/s [===                 ]  1s
[  ]    215.6 MLBUps    248.82 GB/s [=======             ]  2s
[  ]    215.3 MLBUps    248.42 GB/s [===========         ]  3s
[  ]    209.4 MLBUps    241.59 GB/s [===============     ]  4s
[  ]    208.2 MLBUps    240.21 GB/s [=================== ]  5s
[  ]    ---- :    198.8 MLBUps    229.47 GB/s [====================]
[  ]    208.1 MLBUps    240.19 GB/s [===                 ]  0s
[  ]    208.0 MLBUps    239.98 GB/s [=======             ]  1s
[  ]    208.3 MLBUps    240.36 GB/s [===========         ]  2s
[  ]    208.2 MLBUps    240.27 GB/s [===============     ]  3s
[  ]    208.4 MLBUps    240.49 GB/s [=================== ]  4s
[  ]    ---- :    195.7 MLBUps    225.88 GB/s [====================]
[  ]    208.7 MLBUps    240.84 GB/s [===                 ]  0s
[  ]    212.1 MLBUps    244.73 GB/s [=======             ]  1s
[  ]    211.1 MLBUps    243.62 GB/s [===========         ]  2s
[  ]    211.2 MLBUps    243.67 GB/s [===============     ]  3s
[  ]    210.8 MLBUps    243.23 GB/s [=================== ]  4s
[  ]    ---- :    191.4 MLBUps    220.91 GB/s [====================]
[  ]    210.5 MLBUps    242.93 GB/s [===                 ]  1s
[  ]    210.7 MLBUps    243.14 GB/s [=======             ]  2s
[  ]    211.9 MLBUps    244.58 GB/s [===========         ]  2s
[  ]    211.1 MLBUps    243.66 GB/s [===============     ]  4s
[  ]    210.8 MLBUps    243.22 GB/s [=================== ]  5s
[  ]    ---- :    185.9 MLBUps    214.51 GB/s [====================]
[  ]    212.0 MLBUps    244.60 GB/s [===                 ]  0s
[  ]    211.6 MLBUps    244.13 GB/s [=======             ]  2s
[  ]    210.5 MLBUps    242.91 GB/s [===========         ]  3s
[  ]    211.6 MLBUps    244.16 GB/s [===============     ]  3s
[  ]    211.6 MLBUps    244.17 GB/s [=================== ]  4s
[  ]    ---- :    186.6 MLBUps    215.30 GB/s [====================]
[  ]    210.8 MLBUps    243.23 GB/s [===                 ]  0s
[  ]    211.1 MLBUps    243.63 GB/s [=======             ]  1s
[  ]    210.8 MLBUps    243.30 GB/s [===========         ]  2s
[  ]    211.7 MLBUps    244.30 GB/s [===============     ]  3s
[  ]    211.2 MLBUps    243.76 GB/s [=================== ]  4s
[  ]    ---- :    190.2 MLBUps    219.52 GB/s [====================]
[  ]    211.0 MLBUps    243.53 GB/s [===                 ]  0s
[  ]    210.5 MLBUps    242.97 GB/s [=======             ]  1s
[  ]    211.9 MLBUps    244.54 GB/s [===========         ]  2s
[  ]    211.3 MLBUps    243.86 GB/s [===============     ]  4s
[  ]    211.0 MLBUps    243.49 GB/s [=================== ]  5s
[  ]    ---- :    187.9 MLBUps    216.81 GB/s [====================]
[  ]    211.4 MLBUps    243.91 GB/s [===                 ]  0s
[  ]    211.2 MLBUps    243.73 GB/s [=======             ]  1s
[  ]    211.0 MLBUps    243.45 GB/s [===========         ]  2s
[  ]    210.9 MLBUps    243.34 GB/s [===============     ]  3s
[  ]    211.4 MLBUps    243.94 GB/s [=================== ]  4s
[  ]    ---- :    188.7 MLBUps    217.76 GB/s [====================]
[  ]    211.9 MLBUps    244.48 GB/s [===                 ]  0s
[  ]    211.0 MLBUps    243.53 GB/s [=======             ]  2s
[  ]    210.9 MLBUps    243.35 GB/s [===========         ]  3s
[  ]    211.4 MLBUps    243.98 GB/s [===============     ]  3s
[  ]    211.0 MLBUps    243.54 GB/s [=================== ]  4s
[  ]    ---- :    185.9 MLBUps    214.47 GB/s [====================]
[  ]    211.2 MLBUps    243.74 GB/s [===                 ]  0s
[  ]    211.2 MLBUps    243.76 GB/s [=======             ]  1s
[  ]    210.5 MLBUps    242.87 GB/s [===========         ]  2s
[  ]    211.7 MLBUps    244.31 GB/s [===============     ]  3s
[  ]    211.4 MLBUps    243.99 GB/s [=================== ]  4s
[  ]    ---- :    187.3 MLBUps    216.19 GB/s [====================]
[  ]    211.3 MLBUps    243.81 GB/s [===                 ]  0s
[  ]    210.8 MLBUps    243.28 GB/s [=======             ]  1s
[  ]    210.8 MLBUps    243.32 GB/s [===========         ]  2s
[  ]    210.6 MLBUps    243.08 GB/s [===============     ]  3s
[  ]    210.9 MLBUps    243.33 GB/s [=================== ]  4s
[  ]    ---- :    190.1 MLBUps    219.42 GB/s [====================]
[  ]    211.5 MLBUps    244.09 GB/s [===                 ]  0s
[  ]    210.9 MLBUps    243.37 GB/s [=======             ]  1s
[  ]    210.9 MLBUps    243.36 GB/s [===========         ]  2s
[  ]    210.5 MLBUps    242.95 GB/s [===============     ]  3s
[  ]    211.6 MLBUps    244.23 GB/s [=================== ]  4s
[  ]    ---- :    189.0 MLBUps    218.16 GB/s [====================]
[  ]    211.1 MLBUps    243.65 GB/s [===                 ]  0s
[  ]    211.5 MLBUps    244.10 GB/s [=======             ]  1s
[  ]    210.7 MLBUps    243.19 GB/s [===========         ]  2s
[  ]    211.1 MLBUps    243.58 GB/s [===============     ]  3s
[  ]    211.7 MLBUps    244.36 GB/s [=================== ]  4s
[  ]    ---- :    187.2 MLBUps    216.03 GB/s [====================]
[  ]    210.9 MLBUps    243.41 GB/s [===                 ]  0s
[  ]    211.8 MLBUps    244.40 GB/s [=======             ]  1s
[  ]    212.0 MLBUps    244.68 GB/s [===========         ]  2s
[  ]    211.1 MLBUps    243.58 GB/s [===============     ]  3s
[  ]    211.5 MLBUps    244.12 GB/s [=================== ]  4s
[  ]    ---- :    186.3 MLBUps    214.96 GB/s [====================]
[  ]    210.8 MLBUps    243.30 GB/s [===                 ]  0s
[  ]    210.6 MLBUps    243.02 GB/s [=======             ]  2s
[  ]    211.5 MLBUps    244.09 GB/s [===========         ]  2s
[  ]    210.7 MLBUps    243.19 GB/s [===============     ]  3s
[  ]    211.3 MLBUps    243.79 GB/s [=================== ]  4s
[  ]    ---- :    188.0 MLBUps    217.01 GB/s [====================]
[  ]    210.7 MLBUps    243.18 GB/s [===                 ]  1s
[  ]    210.6 MLBUps    243.06 GB/s [=======             ]  2s
[  ]    210.8 MLBUps    243.22 GB/s [===========         ]  3s
[  ]    210.9 MLBUps    243.37 GB/s [===============     ]  3s
[  ]    211.1 MLBUps    243.62 GB/s [=================== ]  4s
[  ]    ---- :    187.2 MLBUps    216.03 GB/s [====================]
[  ]    211.1 MLBUps    243.65 GB/s [===                 ]  0s
[  ]    211.0 MLBUps    243.44 GB/s [=======             ]  1s
[  ]    210.9 MLBUps    243.43 GB/s [===========         ]  2s
[  ]    210.7 MLBUps    243.14 GB/s [===============     ]  3s
[  ]    210.9 MLBUps    243.34 GB/s [=================== ]  4s
[  ]    ---- :    188.1 MLBUps    217.07 GB/s [====================]
[  ]    210.9 MLBUps    243.34 GB/s [===                 ]  0s
[  ]    210.7 MLBUps    243.10 GB/s [=======             ]  1s
[  ]    211.1 MLBUps    243.62 GB/s [===========         ]  2s
[  ]    210.6 MLBUps    242.98 GB/s [===============     ]  3s
[  ]    211.1 MLBUps    243.56 GB/s [=================== ]  4s
[  ]    ---- :    190.2 MLBUps    219.52 GB/s [====================]
[  ]    212.2 MLBUps    244.89 GB/s [===                 ]  0s
[  ]    211.2 MLBUps    243.77 GB/s [=======             ]  2s
[  ]    210.4 MLBUps    242.86 GB/s [===========         ]  3s
[  ]    210.2 MLBUps    242.58 GB/s [===============     ]  4s
[  ]    210.4 MLBUps    242.78 GB/s [=================== ]  5s
[  ]    ---- :    185.3 MLBUps    213.85 GB/s [====================]
[  ]    211.2 MLBUps    243.75 GB/s [===                 ]  0s
[  ]    211.0 MLBUps    243.48 GB/s [=======             ]  1s
[  ]    211.1 MLBUps    243.56 GB/s [===========         ]  2s
[  ]    210.5 MLBUps    242.97 GB/s [===============     ]  3s
[  ]    210.9 MLBUps    243.32 GB/s [=================== ]  4s
[  ]    ---- :    188.3 MLBUps    217.30 GB/s [====================]
[  ]    ---- :   200000 it writing vtk
[  ]    ---- : Total duration: 1027.879774 s = 17.131330 min = 0.285522 h
