step,group,bin,active_count,limiter_count,limiter_fraction,normal_limiter_count,normal_limiter_fraction,ratio_cap_selected_count,ratio_cap_selected_fraction,abs_cap_selected_count,abs_cap_selected_fraction,raw_delta_p95,raw_delta_p99,limiter_ratio_p50,cap_demand_ratio_p50,cap_demand_ratio_p95,cap_demand_ratio_p99,normal_raw_abs_p50,normal_raw_abs_p95
0,region,none_or_unknown,7536,0,0.0,6532,0.8667728237791932,5048,0.6698513800424628,2488,0.33014861995753714,0.40428017045328624,0.4081444557114358,0.16887442625589683,5.921564927731042,8.085603409065724,8.162889114228715,0.06133080428151852,0.15245514100433458
0,region,sphere_upper,0,0,nan,0,nan,0,nan,0,nan,nan,nan,nan,nan,nan,nan,nan,nan
0,region,sphere_lower90,0,0,nan,0,nan,0,nan,0,nan,nan,nan,nan,nan,nan,nan,nan,nan
0,region,sphere_bottom120,0,0,nan,0,nan,0,nan,0,nan,nan,nan,nan,nan,nan,nan,nan,nan
0,region,outer_or_other_wall,0,0,nan,0,nan,0,nan,0,nan,nan,nan,nan,nan,nan,nan,nan,nan
0,theta_zone,sphere11,0,0,nan,0,nan,0,nan,0,nan,nan,nan,nan,nan,nan,nan,nan,nan
0,theta_zone,outer90,0,0,nan,0,nan,0,nan,0,nan,nan,nan,nan,nan,nan,nan,nan,nan
0,theta_zone,fallback,7536,0,0.0,6532,0.8667728237791932,5048,0.6698513800424628,2488,0.33014861995753714,0.40428017045328624,0.4081444557114358,0.16887442625589683,5.921564927731042,8.085603409065724,8.162889114228715,0.06133080428151852,0.15245514100433458
0,c_bin,c_0_0p05,1000,0,0.0,524,0.524,1000,1.0,0,0.0,0.05715584790971843,0.06104005898620029,0.9119491438136974,1.096553940965428,4.657599704429239,4.888597203590137,0.01608859262834797,0.024543048581596616
0,c_bin,c_0p05_0p10,740,0,0.0,740,1.0,740,1.0,0,0.0,0.17094207488075458,0.17436785059593637,0.13828089737123186,7.231656859409717,7.420154081953462,7.456379211903071,0.036112298180738744,0.0476526612431514
0,c_bin,c_0p10_0p30,1324,0,0.0,1324,1.0,960,0.7250755287009063,364,0.27492447129909364,0.35946053222094604,0.36498427081152024,0.1469692366594869,6.804145021974227,7.18921064441892,7.299685416230404,0.08324426169947649,0.11862949547187074
0,c_bin,c_0p30_0p70,1632,0,0.0,1632,1.0,0,0.0,1632,1.0,0.4080483759682903,0.40860499650467746,0.1280951507655474,7.806696774021303,8.160967519365805,8.172099930093548,0.14636025225266994,0.15386520038625762
0,c_bin,c_0p70_0p90,1276,0,0.0,1276,1.0,784,0.6144200626959248,492,0.38557993730407525,0.3066871690746563,0.3147749660734297,0.2095111457309373,4.773015757759449,6.133743381493127,6.2954993214685935,0.09072827106264036,0.12775463181251415
0,c_bin,c_0p90_0p95,696,0,0.0,696,1.0,696,1.0,0,0.0,0.12139029041443403,0.12404524849229377,0.20834848666599728,4.79965091370971,4.829942421137014,4.836576336206802,0.03641927559553615,0.05062270342068331
0,c_bin,c_0p95_1,868,0,0.0,340,0.391705069124424,868,1.0,0,0.0,0.0360287482031172,0.0385333666115387,1.0,0.5989058734439197,2.87114281659594,3.0101172465462094,0.016411549453357488,0.025097148072789566
0,tangent_bin,t_0_0p005,60,0,0.0,0,0.0,60,1.0,0,0.0,1.6766909554905587e-05,1.6766909554905587e-05,1.0,0.0011204524523621882,0.003127678922357378,0.003127678922357378,0.010501676465884013,0.010721630941751603
0,tangent_bin,t_0p005_0p01,952,0,0.0,124,0.13025210084033614,952,1.0,0,0.0,0.01450706854854997,0.017371260815792086,1.0,0.18412752398335894,1.4619164653511323,1.6810911985110564,0.013139095655361144,0.019846644992900564
0,tangent_bin,t_0p01_0p02,1460,0,0.0,1344,0.9205479452054794,1460,1.0,0,0.0,0.09370989630527297,0.09889920009663344,0.2812143550139909,3.5560062357067377,5.901292084874187,6.62294383096037,0.023842514113010416,0.0383225874953903
0,tangent_bin,t_0p02_0p05,2356,0,0.0,2356,1.0,2276,0.966044142614601,80,0.03395585738539898,0.25453220273540855,0.2705843544008822,0.1494216990596054,6.69246840514839,7.381197011046638,7.4302196272843855,0.0586252057640998,0.09753693620185777
0,tangent_bin,t_0p05_0p10,2708,0,0.0,2708,1.0,300,0.11078286558345643,2408,0.8892171344165436,0.4071638936081499,0.4085931491316385,0.13820971127314172,7.235381586346819,8.143277872162997,8.17186298263277,0.13478554577951907,0.15368599521798243
0,tangent_bin,t_0p10_inf,0,0,nan,0,nan,0,nan,0,nan,nan,nan,nan,nan,nan,nan,nan,nan
0,normal_raw_abs_bin,normal_raw_abs_0_1e-4,0,0,nan,0,nan,0,nan,0,nan,nan,nan,nan,nan,nan,nan,nan,nan
0,normal_raw_abs_bin,normal_raw_abs_1e-4_1e-3,0,0,nan,0,nan,0,nan,0,nan,nan,nan,nan,nan,nan,nan,nan,nan
0,normal_raw_abs_bin,normal_raw_abs_1e-3_1e-2,0,0,nan,0,nan,0,nan,0,nan,nan,nan,nan,nan,nan,nan,nan,nan
0,normal_raw_abs_bin,normal_raw_abs_1e-2_5e-2,3272,0,0.0,2268,0.6931540342298288,3272,1.0,0,0.0,0.15922186804732105,0.17378882077928032,0.33310737016005343,3.002035048097297,7.335663058949386,7.420154081953462,0.02289279099363306,0.046155033582219146
0,normal_raw_abs_bin,normal_raw_abs_5e-2_inf,4264,0,0.0,4264,1.0,1776,0.4165103189493433,2488,0.5834896810506567,0.4066389632016861,0.40847324434640436,0.14706452023679722,6.799737734310472,8.13277926403372,8.169464886928086,0.11170836273937218,0.15340541704949062
0,cap_source,abs_cap_selected,2488,0,0.0,2488,1.0,0,0.0,2488,1.0,0.40716988451281655,0.4085931491316385,0.13504681466175256,7.404839948041756,8.14339769025633,8.17186298263277,0.1371438539412676,0.15375696772891978
0,cap_source,ratio_cap_selected,5048,0,0.0,4044,0.8011093502377179,5048,1.0,0,0.0,0.27938909066162787,0.3065452331031217,0.2104663460176571,4.751353453516529,7.300217525188159,7.416399830496465,0.03572669779428761,0.09257014959162937
0,cap_source,none_or_inactive,0,0,nan,0,nan,0,nan,0,nan,nan,nan,nan,nan,nan,nan,nan,nan
0,limiter_class,none,1004,0,0.0,0,0.0,1004,1.0,0,0.0,0.0072192474078459235,0.007571873497659295,1.0,0.1511929029566232,0.8620280785293531,0.9382208666946574,0.012914330382467587,0.017096118073454958
0,limiter_class,abs_cap_limiter,2488,0,0.0,2488,1.0,0,0.0,2488,1.0,0.40716988451281655,0.4085931491316385,0.13504681466175256,7.404839948041756,8.14339769025633,8.17186298263277,0.1371438539412676,0.15375696772891978
0,limiter_class,ratio_cap_limiter,4044,0,0.0,4044,1.0,4044,1.0,0,0.0,0.28910902943978717,0.30938918158218587,0.2081218848981452,4.804876721587448,7.317807982483868,7.418940052973166,0.044936172040638406,0.09447415579041415
0,limiter_class,secondary_vector_safety,0,0,nan,0,nan,0,nan,0,nan,nan,nan,nan,nan,nan,nan,nan,nan
0,limiter_class,inactive_or_fallback,0,0,nan,0,nan,0,nan,0,nan,nan,nan,nan,nan,nan,nan,nan,nan
0,normal_agreement_bin,normal_0_0p5,0,0,nan,0,nan,0,nan,0,nan,nan,nan,nan,nan,nan,nan,nan,nan
0,normal_agreement_bin,normal_0p5_0p9,0,0,nan,0,nan,0,nan,0,nan,nan,nan,nan,nan,nan,nan,nan,nan
0,normal_agreement_bin,normal_0p9_0p99,0,0,nan,0,nan,0,nan,0,nan,nan,nan,nan,nan,nan,nan,nan,nan
0,normal_agreement_bin,normal_0p99_1p01,7536,0,0.0,6532,0.8667728237791932,5048,0.6698513800424628,2488,0.33014861995753714,0.40428017045328624,0.4081444557114358,0.16887442625589683,5.921564927731042,8.085603409065724,8.162889114228715,0.06133080428151852,0.15245514100433458
0,c_x_tangent:c_0_0p05,t_0_0p005,0,0,nan,0,nan,0,nan,0,nan,nan,nan,nan,nan,nan,nan,nan,nan
0,c_x_tangent:c_0_0p05,t_0p005_0p01,360,0,0.0,0,0.0,360,1.0,0,0.0,0.0036274470418510914,0.003802660901135127,1.0,0.07233934161400353,0.5139822840293049,0.5356055143113907,0.011655925696507391,0.0141150664315281
0,c_x_tangent:c_0_0p05,t_0p01_0p02,640,0,0.0,524,0.81875,640,1.0,0,0.0,0.060497106447505035,0.06104005898620031,0.44380371158687143,2.2532483931339478,4.845113034235912,4.888597203590138,0.019095642358162107,0.02497242314886286
0,c_x_tangent:c_0_0p05,t_0p02_0p05,0,0,nan,0,nan,0,nan,0,nan,nan,nan,nan,nan,nan,nan,nan,nan
0,c_x_tangent:c_0_0p05,t_0p05_0p10,0,0,nan,0,nan,0,nan,0,nan,nan,nan,nan,nan,nan,nan,nan,nan
0,c_x_tangent:c_0_0p05,t_0p10_inf,0,0,nan,0,nan,0,nan,0,nan,nan,nan,nan,nan,nan,nan,nan,nan
0,c_x_tangent:c_0p05_0p10,t_0_0p005,0,0,nan,0,nan,0,nan,0,nan,nan,nan,nan,nan,nan,nan,nan,nan
0,c_x_tangent:c_0p05_0p10,t_0p005_0p01,0,0,nan,0,nan,0,nan,0,nan,nan,nan,nan,nan,nan,nan,nan,nan
0,c_x_tangent:c_0p05_0p10,t_0p01_0p02,144,0,0.0,144,1.0,144,1.0,0,0.0,0.0987968222329922,0.09889920009663344,0.16882336053695757,5.92343363710018,6.662063894101293,6.668967434655574,0.02753830244265365,0.029659524076455834
0,c_x_tangent:c_0p05_0p10,t_0p02_0p05,596,0,0.0,596,1.0,596,1.0,0,0.0,0.17214139468042097,0.1747380499869132,0.13734515702659242,7.280926547751389,7.426723592793176,7.461334326838005,0.03880322507922837,0.04816039843590489
0,c_x_tangent:c_0p05_0p10,t_0p05_0p10,0,0,nan,0,nan,0,nan,0,nan,nan,nan,nan,nan,nan,nan,nan,nan
0,c_x_tangent:c_0p05_0p10,t_0p10_inf,0,0,nan,0,nan,0,nan,0,nan,nan,nan,nan,nan,nan,nan,nan,nan
0,c_x_tangent:c_0p10_0p30,t_0_0p005,0,0,nan,0,nan,0,nan,0,nan,nan,nan,nan,nan,nan,nan,nan,nan
0,c_x_tangent:c_0p10_0p30,t_0p005_0p01,0,0,nan,0,nan,0,nan,0,nan,nan,nan,nan,nan,nan,nan,nan,nan
0,c_x_tangent:c_0p10_0p30,t_0p01_0p02,0,0,nan,0,nan,0,nan,0,nan,nan,nan,nan,nan,nan,nan,nan,nan
0,c_x_tangent:c_0p10_0p30,t_0p02_0p05,660,0,0.0,660,1.0,660,1.0,0,0.0,0.2688886113099869,0.272519553481946,0.1451927598667749,6.887395769028524,7.124330165254612,7.142120931557785,0.06475327962746971,0.08106619805218623
0,c_x_tangent:c_0p10_0p30,t_0p05_0p10,664,0,0.0,664,1.0,300,0.45180722891566266,364,0.5481927710843374,0.3639370519860934,0.36667653752196394,0.15211078830255415,6.5741557219160445,7.278741039721868,7.333530750439278,0.10235990587930383,0.12085609133466357
0,c_x_tangent:c_0p10_0p30,t_0p10_inf,0,0,nan,0,nan,0,nan,0,nan,nan,nan,nan,nan,nan,nan,nan,nan
0,c_x_tangent:c_0p30_0p70,t_0_0p005,0,0,nan,0,nan,0,nan,0,nan,nan,nan,nan,nan,nan,nan,nan,nan
0,c_x_tangent:c_0p30_0p70,t_0p005_0p01,0,0,nan,0,nan,0,nan,0,nan,nan,nan,nan,nan,nan,nan,nan,nan
0,c_x_tangent:c_0p30_0p70,t_0p01_0p02,0,0,nan,0,nan,0,nan,0,nan,nan,nan,nan,nan,nan,nan,nan,nan
0,c_x_tangent:c_0p30_0p70,t_0p02_0p05,0,0,nan,0,nan,0,nan,0,nan,nan,nan,nan,nan,nan,nan,nan,nan
0,c_x_tangent:c_0p30_0p70,t_0p05_0p10,1632,0,0.0,1632,1.0,0,0.0,1632,1.0,0.4080483759682903,0.40860499650467746,0.1280951507655474,7.806696774021303,8.160967519365805,8.172099930093548,0.14636025225266994,0.15386520038625762
0,c_x_tangent:c_0p30_0p70,t_0p10_inf,0,0,nan,0,nan,0,nan,0,nan,nan,nan,nan,nan,nan,nan,nan,nan
0,c_x_tangent:c_0p70_0p90,t_0_0p005,0,0,nan,0,nan,0,nan,0,nan,nan,nan,nan,nan,nan,nan,nan,nan
0,c_x_tangent:c_0p70_0p90,t_0p005_0p01,0,0,nan,0,nan,0,nan,0,nan,nan,nan,nan,nan,nan,nan,nan,nan
0,c_x_tangent:c_0p70_0p90,t_0p01_0p02,0,0,nan,0,nan,0,nan,0,nan,nan,nan,nan,nan,nan,nan,nan,nan
0,c_x_tangent:c_0p70_0p90,t_0p02_0p05,864,0,0.0,864,1.0,784,0.9074074074074074,80,0.09259259259259259,0.24105226890046266,0.24929963763559435,0.21052094063909463,4.750121279926942,4.821045378009253,4.985992752711887,0.07635014006733704,0.1018186767742349
0,c_x_tangent:c_0p70_0p90,t_0p05_0p10,412,0,0.0,412,1.0,0,0.0,412,1.0,0.314586184702802,0.31492232016729554,0.1762618851150774,5.6733762908930805,6.2917236940560395,6.298446403345911,0.1190540784429932,0.13060380568799246
0,c_x_tangent:c_0p70_0p90,t_0p10_inf,0,0,nan,0,nan,0,nan,0,nan,nan,nan,nan,nan,nan,nan,nan,nan
0,c_x_tangent:c_0p90_0p95,t_0_0p005,0,0,nan,0,nan,0,nan,0,nan,nan,nan,nan,nan,nan,nan,nan,nan
0,c_x_tangent:c_0p90_0p95,t_0p005_0p01,0,0,nan,0,nan,0,nan,0,nan,nan,nan,nan,nan,nan,nan,nan,nan
0,c_x_tangent:c_0p90_0p95,t_0p01_0p02,460,0,0.0,460,1.0,460,1.0,0,0.0,0.09818695515664799,0.10028994032607143,0.21845239549219153,4.577656371068471,4.833585010822311,4.836576336206802,0.033069214250144585,0.04081932050400772
0,c_x_tangent:c_0p90_0p95,t_0p02_0p05,236,0,0.0,236,1.0,236,1.0,0,0.0,0.12302823168006141,0.12404524849229377,0.20808388719909174,4.805754128589562,4.820359585952803,4.825311950714534,0.04649969849406416,0.0512338344047063
0,c_x_tangent:c_0p90_0p95,t_0p05_0p10,0,0,nan,0,nan,0,nan,0,nan,nan,nan,nan,nan,nan,nan,nan,nan
0,c_x_tangent:c_0p90_0p95,t_0p10_inf,0,0,nan,0,nan,0,nan,0,nan,nan,nan,nan,nan,nan,nan,nan,nan
0,c_x_tangent:c_0p95_1,t_0_0p005,60,0,0.0,0,0.0,60,1.0,0,0.0,1.6766909554905587e-05,1.6766909554905587e-05,1.0,0.0011204524523621882,0.003127678922357378,0.003127678922357378,0.010501676465884013,0.010721630941751603
0,c_x_tangent:c_0p95_1,t_0p005_0p01,592,0,0.0,124,0.20945945945945946,592,1.0,0,0.0,0.01542763459545264,0.017371260815792086,1.0,0.3116220901413992,1.533828455818961,1.6810911985110564,0.014813310062430918,0.02011650590641223
0,c_x_tangent:c_0p95_1,t_0p01_0p02,216,0,0.0,216,1.0,216,1.0,0,0.0,0.0385333666115387,0.038613785972241195,0.44054776174858634,2.269901442764983,3.0101172465462094,3.0163993787836327,0.022858132402095332,0.025602568574863094
0,c_x_tangent:c_0p95_1,t_0p02_0p05,0,0,nan,0,nan,0,nan,0,nan,nan,nan,nan,nan,nan,nan,nan,nan
0,c_x_tangent:c_0p95_1,t_0p05_0p10,0,0,nan,0,nan,0,nan,0,nan,nan,nan,nan,nan,nan,nan,nan,nan
0,c_x_tangent:c_0p95_1,t_0p10_inf,0,0,nan,0,nan,0,nan,0,nan,nan,nan,nan,nan,nan,nan,nan,nan
100,region,none_or_unknown,7500,0,0.0,6500,0.8666666666666667,4940,0.6586666666666666,2560,0.3413333333333333,0.3966732811238624,0.400462248471519,0.16594383911166777,6.026135139172446,7.9334656224772475,8.00924496943038,0.06444144490135784,0.15063628387314654
100,region,sphere_upper,0,0,nan,0,nan,0,nan,0,nan,nan,nan,nan,nan,nan,nan,nan,nan
100,region,sphere_lower90,0,0,nan,0,nan,0,nan,0,nan,nan,nan,nan,nan,nan,nan,nan,nan
100,region,sphere_bottom120,0,0,nan,0,nan,0,nan,0,nan,nan,nan,nan,nan,nan,nan,nan,nan
100,region,outer_or_other_wall,0,0,nan,0,nan,0,nan,0,nan,nan,nan,nan,nan,nan,nan,nan,nan
100,theta_zone,sphere11,0,0,nan,0,nan,0,nan,0,nan,nan,nan,nan,nan,nan,nan,nan,nan
100,theta_zone,outer90,0,0,nan,0,nan,0,nan,0,nan,nan,nan,nan,nan,nan,nan,nan,nan
100,theta_zone,fallback,7500,0,0.0,6500,0.8666666666666667,4940,0.6586666666666666,2560,0.3413333333333333,0.3966732811238624,0.400462248471519,0.16594383911166777,6.026135139172446,7.9334656224772475,8.00924496943038,0.06444144490135784,0.15063628387314654
100,c_bin,c_0_0p05,972,0,0.0,480,0.49382716049382713,972,1.0,0,0.0,0.04990511337920325,0.05862987061085739,1.0,0.9689012384169273,3.9542982507723434,4.444435138972988,0.017086240929632457,0.02510018710146599
100,c_bin,c_0p05_0p10,760,0,0.0,760,1.0,760,1.0,0,0.0,0.16470347804124233,0.1673676863539591,0.15006763581662483,6.663661993977026,6.829449551481835,6.867090867283798,0.03719064912693355,0.049668675003582616
100,c_bin,c_0p10_0p30,1356,0,0.0,1356,1.0,944,0.696165191740413,412,0.30383480825958703,0.3481842621459495,0.35392819709739587,0.15695264815245735,6.3713483765411905,6.96368524291899,7.078563941947917,0.08502690456632563,0.12008401771793145
100,c_bin,c_0p30_0p70,1648,0,0.0,1648,1.0,0,0.0,1648,1.0,0.40030159396336346,0.40132408991910073,0.1303794796779448,7.669921106584407,8.006031879267269,8.026481798382015,0.14516458707285038,0.15204090592764927
100,c_bin,c_0p70_0p90,1252,0,0.0,1252,1.0,752,0.6006389776357828,500,0.3993610223642173,0.3120968912592693,0.31768627505846225,0.20939914871860033,4.775568602448539,6.241937825185387,6.353725501169245,0.09279019588464299,0.12811072584294086
100,c_bin,c_0p90_0p95,680,0,0.0,680,1.0,680,1.0,0,0.0,0.12563218659975298,0.1284246986138005,0.2090630935136139,4.78324501826689,4.8131840092527485,4.8218665730374,0.03812228178045557,0.052553183460760544
100,c_bin,c_0p95_1,832,0,0.0,324,0.3894230769230769,832,1.0,0,0.0,0.03744513962402122,0.040875508617655626,1.0,0.5996890106592506,2.8828713561330312,3.061440731184442,0.016801276740475157,0.025977673410974123
100,tangent_bin,t_0_0p005,8,0,0.0,0,0.0,8,1.0,0,0.0,3.082405668735657e-07,3.082405668736932e-07,1.0,5.861418386358986e-05,5.861418386365094e-05,5.8614183863674053e-05,0.010517610126265814,0.010517610126266064
100,tangent_bin,t_0p005_0p01,924,0,0.0,80,0.08658008658008658,924,1.0,0,0.0,0.011060629033289613,0.015072570241865377,1.0,0.13317167311545985,1.150346856451817,1.4710647365065097,0.013526163962676422,0.01923007651345334
100,tangent_bin,t_0p01_0p02,1472,0,0.0,1324,0.8994565217391305,1472,1.0,0,0.0,0.09394608282825147,0.09979313999372853,0.301830531457175,3.3133253059325996,5.479486342628855,6.151019522398063,0.024951490673170422,0.03861976870359346
100,tangent_bin,t_0p02_0p05,2380,0,0.0,2380,1.0,2300,0.9663865546218487,80,0.03361344537815126,0.24926540535947891,0.263698908730953,0.15980042578049608,6.257805604182888,6.791208118744672,6.834867894877273,0.061197083839164966,0.09694833632989996
100,tangent_bin,t_0p05_0p10,2716,0,0.0,2716,1.0,236,0.08689248895434462,2480,0.9131075110456554,0.39970368508325166,0.4011374440133164,0.13922825065374786,7.182450366965673,7.994073701665033,8.022748880266327,0.13484805712272024,0.1518450839223912
100,tangent_bin,t_0p10_inf,0,0,nan,0,nan,0,nan,0,nan,nan,nan,nan,nan,nan,nan,nan,nan
100,normal_raw_abs_bin,normal_raw_abs_0_1e-4,0,0,nan,0,nan,0,nan,0,nan,nan,nan,nan,nan,nan,nan,nan,nan
100,normal_raw_abs_bin,normal_raw_abs_1e-4_1e-3,0,0,nan,0,nan,0,nan,0,nan,nan,nan,nan,nan,nan,nan,nan,nan
100,normal_raw_abs_bin,normal_raw_abs_1e-3_1e-2,0,0,nan,0,nan,0,nan,0,nan,nan,nan,nan,nan,nan,nan,nan,nan
100,normal_raw_abs_bin,normal_raw_abs_1e-2_5e-2,3148,0,0.0,2148,0.6823379923761118,3148,1.0,0,0.0,0.14858943184030207,0.16324937352110094,0.34762379365968243,2.8766730535683136,6.778524972765176,6.832293876759146,0.023988764846297965,0.04676684483411752
100,normal_raw_abs_bin,normal_raw_abs_5e-2_inf,4352,0,0.0,4352,1.0,1792,0.4117647058823529,2560,0.5882352941176471,0.3990848718199362,0.4008389387320386,0.1548159010799927,6.4592848216754195,7.981697436398724,8.016778774640771,0.1122778661299067,0.15155258082778866
100,cap_source,abs_cap_selected,2560,0,0.0,2560,1.0,0,0.0,2560,1.0,0.39970400060035105,0.40116422331501156,0.13796691903169178,7.248114308983695,7.994080012007021,8.02328446630023,0.13598532691086568,0.15185368107860575
100,cap_source,ratio_cap_selected,4940,0,0.0,3940,0.7975708502024291,4940,1.0,0,0.0,0.26534551060459893,0.2929244142296059,0.20982575884118798,4.765859089573819,6.737205395835344,6.826361602448051,0.03699198686095494,0.09320534486460363
100,cap_source,none_or_inactive,0,0,nan,0,nan,0,nan,0,nan,nan,nan,nan,nan,nan,nan,nan,nan
100,limiter_class,none,1000,0,0.0,0,0.0,1000,1.0,0,0.0,0.007886946776087861,0.008508768139728902,1.0,0.18425637558413135,0.9251625192465096,0.9540556720943127,0.013649763045164777,0.017660205160338064
100,limiter_class,abs_cap_limiter,2560,0,0.0,2560,1.0,0,0.0,2560,1.0,0.39970400060035105,0.40116422331501156,0.13796691903169178,7.248114308983695,7.994080012007021,8.02328446630023,0.13598532691086568,0.15185368107860575
100,limiter_class,ratio_cap_limiter,3940,0,0.0,3940,1.0,3940,1.0,0,0.0,0.27171780127609463,0.2934911487672212,0.20885947674876446,4.787908193425634,6.753358941954402,6.829024645665337,0.046649557568093566,0.09473000307922456
100,limiter_class,secondary_vector_safety,0,0,nan,0,nan,0,nan,0,nan,nan,nan,nan,nan,nan,nan,nan,nan
100,limiter_class,inactive_or_fallback,0,0,nan,0,nan,0,nan,0,nan,nan,nan,nan,nan,nan,nan,nan,nan
100,normal_agreement_bin,normal_0_0p5,0,0,nan,0,nan,0,nan,0,nan,nan,nan,nan,nan,nan,nan,nan,nan
100,normal_agreement_bin,normal_0p5_0p9,0,0,nan,0,nan,0,nan,0,nan,nan,nan,nan,nan,nan,nan,nan,nan
100,normal_agreement_bin,normal_0p9_0p99,0,0,nan,0,nan,0,nan,0,nan,nan,nan,nan,nan,nan,nan,nan,nan
100,normal_agreement_bin,normal_0p99_1p01,7500,0,0.0,6500,0.8666666666666667,4940,0.6586666666666666,2560,0.3413333333333333,0.3966732811238624,0.400462248471519,0.16594383911166777,6.026135139172446,7.9334656224772475,8.00924496943038,0.06444144490135784,0.15063628387314654
100,c_x_tangent:c_0_0p05,t_0_0p005,0,0,nan,0,nan,0,nan,0,nan,nan,nan,nan,nan,nan,nan,nan,nan
100,c_x_tangent:c_0_0p05,t_0p005_0p01,344,0,0.0,0,0.0,344,1.0,0,0.0,0.0028161126609885087,0.003930444759898192,1.0,0.08928856850555031,0.383598629203126,0.5139209008845409,0.012744077397858322,0.014682600231594154
100,c_x_tangent:c_0_0p05,t_0p01_0p02,628,0,0.0,480,0.7643312101910829,628,1.0,0,0.0,0.05223495370950495,0.059128149874487425,0.5084099495168417,1.9669166603649912,4.101614799482708,4.453174360414321,0.02008964303638003,0.02549725069066615
100,c_x_tangent:c_0_0p05,t_0p02_0p05,0,0,nan,0,nan,0,nan,0,nan,nan,nan,nan,nan,nan,nan,nan,nan
100,c_x_tangent:c_0_0p05,t_0p05_0p10,0,0,nan,0,nan,0,nan,0,nan,nan,nan,nan,nan,nan,nan,nan,nan
100,c_x_tangent:c_0_0p05,t_0p10_inf,0,0,nan,0,nan,0,nan,0,nan,nan,nan,nan,nan,nan,nan,nan,nan
100,c_x_tangent:c_0p05_0p10,t_0_0p005,0,0,nan,0,nan,0,nan,0,nan,nan,nan,nan,nan,nan,nan,nan,nan
100,c_x_tangent:c_0p05_0p10,t_0p005_0p01,0,0,nan,0,nan,0,nan,0,nan,nan,nan,nan,nan,nan,nan,nan,nan
100,c_x_tangent:c_0p05_0p10,t_0p01_0p02,180,0,0.0,180,1.0,180,1.0,0,0.0,0.09762183638881884,0.09901439453685038,0.19062465799585543,5.2459110511387355,6.151019522398073,6.204456662565115,0.028723330575415387,0.03174167665485133
100,c_x_tangent:c_0p05_0p10,t_0p02_0p05,580,0,0.0,580,1.0,580,1.0,0,0.0,0.1650183016211215,0.16804861789844527,0.14871310405554472,6.72435698488613,6.834816202948455,6.884499339465676,0.0405241389499123,0.049922899183052385
100,c_x_tangent:c_0p05_0p10,t_0p05_0p10,0,0,nan,0,nan,0,nan,0,nan,nan,nan,nan,nan,nan,nan,nan,nan
100,c_x_tangent:c_0p05_0p10,t_0p10_inf,0,0,nan,0,nan,0,nan,0,nan,nan,nan,nan,nan,nan,nan,nan,nan
100,c_x_tangent:c_0p10_0p30,t_0_0p005,0,0,nan,0,nan,0,nan,0,nan,nan,nan,nan,nan,nan,nan,nan,nan
100,c_x_tangent:c_0p10_0p30,t_0p005_0p01,0,0,nan,0,nan,0,nan,0,nan,nan,nan,nan,nan,nan,nan,nan,nan
100,c_x_tangent:c_0p10_0p30,t_0p01_0p02,0,0,nan,0,nan,0,nan,0,nan,nan,nan,nan,nan,nan,nan,nan,nan
100,c_x_tangent:c_0p10_0p30,t_0p02_0p05,708,0,0.0,708,1.0,708,1.0,0,0.0,0.2626299917642418,0.2659699140108219,0.15621229337181114,6.401544836294249,6.589454636044821,6.6309801170921014,0.06759748193518425,0.08467999875102045
100,c_x_tangent:c_0p10_0p30,t_0p05_0p10,648,0,0.0,648,1.0,236,0.36419753086419754,412,0.6358024691358025,0.35145896237490504,0.35476208926979824,0.15942823264154804,6.272465305716059,7.0291792474981,7.095241785395965,0.10498928081758749,0.12146558449281851
100,c_x_tangent:c_0p10_0p30,t_0p10_inf,0,0,nan,0,nan,0,nan,0,nan,nan,nan,nan,nan,nan,nan,nan,nan
100,c_x_tangent:c_0p30_0p70,t_0_0p005,0,0,nan,0,nan,0,nan,0,nan,nan,nan,nan,nan,nan,nan,nan,nan
100,c_x_tangent:c_0p30_0p70,t_0p005_0p01,0,0,nan,0,nan,0,nan,0,nan,nan,nan,nan,nan,nan,nan,nan,nan
100,c_x_tangent:c_0p30_0p70,t_0p01_0p02,0,0,nan,0,nan,0,nan,0,nan,nan,nan,nan,nan,nan,nan,nan,nan
100,c_x_tangent:c_0p30_0p70,t_0p02_0p05,0,0,nan,0,nan,0,nan,0,nan,nan,nan,nan,nan,nan,nan,nan,nan
100,c_x_tangent:c_0p30_0p70,t_0p05_0p10,1648,0,0.0,1648,1.0,0,0.0,1648,1.0,0.40030159396336346,0.40132408991910073,0.1303794796779448,7.669921106584407,8.006031879267269,8.026481798382015,0.14516458707285038,0.15204090592764927
100,c_x_tangent:c_0p30_0p70,t_0p10_inf,0,0,nan,0,nan,0,nan,0,nan,nan,nan,nan,nan,nan,nan,nan,nan
100,c_x_tangent:c_0p70_0p90,t_0_0p005,0,0,nan,0,nan,0,nan,0,nan,nan,nan,nan,nan,nan,nan,nan,nan
100,c_x_tangent:c_0p70_0p90,t_0p005_0p01,0,0,nan,0,nan,0,nan,0,nan,nan,nan,nan,nan,nan,nan,nan,nan
100,c_x_tangent:c_0p70_0p90,t_0p01_0p02,0,0,nan,0,nan,0,nan,0,nan,nan,nan,nan,nan,nan,nan,nan,nan
100,c_x_tangent:c_0p70_0p90,t_0p02_0p05,832,0,0.0,832,1.0,752,0.9038461538461539,80,0.09615384615384616,0.2449973404498148,0.24926540535947966,0.20975592064322662,4.767445886110753,4.899946808996296,4.985308107189593,0.07851555911300798,0.102353565505616
100,c_x_tangent:c_0p70_0p90,t_0p05_0p10,420,0,0.0,420,1.0,0,0.0,420,1.0,0.31621688287715255,0.3184948818369493,0.17388620408794422,5.750887514309316,6.324337657543051,6.369897636738986,0.11889534998794668,0.129492388946157
100,c_x_tangent:c_0p70_0p90,t_0p10_inf,0,0,nan,0,nan,0,nan,0,nan,nan,nan,nan,nan,nan,nan,nan,nan
100,c_x_tangent:c_0p90_0p95,t_0_0p005,0,0,nan,0,nan,0,nan,0,nan,nan,nan,nan,nan,nan,nan,nan,nan
100,c_x_tangent:c_0p90_0p95,t_0p005_0p01,0,0,nan,0,nan,0,nan,0,nan,nan,nan,nan,nan,nan,nan,nan,nan
100,c_x_tangent:c_0p90_0p95,t_0p01_0p02,420,0,0.0,420,1.0,420,1.0,0,0.0,0.09953319120694322,0.10021099449689261,0.2219554378419041,4.505408877219249,4.817622185004863,4.821866573037429,0.03362601862054612,0.04146658004426585
100,c_x_tangent:c_0p90_0p95,t_0p02_0p05,260,0,0.0,260,1.0,260,1.0,0,0.0,0.12733601069369163,0.12842469861380165,0.2088078336243287,4.789092356559403,4.805060495176365,4.807995340649257,0.04764776698668585,0.053190604885386183
100,c_x_tangent:c_0p90_0p95,t_0p05_0p10,0,0,nan,0,nan,0,nan,0,nan,nan,nan,nan,nan,nan,nan,nan,nan
100,c_x_tangent:c_0p90_0p95,t_0p10_inf,0,0,nan,0,nan,0,nan,0,nan,nan,nan,nan,nan,nan,nan,nan,nan
100,c_x_tangent:c_0p95_1,t_0_0p005,8,0,0.0,0,0.0,8,1.0,0,0.0,3.082405668735657e-07,3.082405668736932e-07,1.0,5.861418386358986e-05,5.861418386365094e-05,5.8614183863674053e-05,0.010517610126265814,0.010517610126266064
100,c_x_tangent:c_0p95_1,t_0p005_0p01,580,0,0.0,80,0.13793103448275862,580,1.0,0,0.0,0.014574199417326185,0.01602915191998343,1.0,0.2563152983405629,1.4324887026739173,1.5425475583035702,0.014769923131964235,0.02034808287160862
100,c_x_tangent:c_0p95_1,t_0p01_0p02,244,0,0.0,244,1.0,244,1.0,0,0.0,0.040875508617654835,0.040984490603327546,0.4601668954044331,2.1731245988938785,3.061440731184365,3.069605192298496,0.023248445022806263,0.02670342798882143
100,c_x_tangent:c_0p95_1,t_0p02_0p05,0,0,nan,0,nan,0,nan,0,nan,nan,nan,nan,nan,nan,nan,nan,nan
100,c_x_tangent:c_0p95_1,t_0p05_0p10,0,0,nan,0,nan,0,nan,0,nan,nan,nan,nan,nan,nan,nan,nan,nan
100,c_x_tangent:c_0p95_1,t_0p10_inf,0,0,nan,0,nan,0,nan,0,nan,nan,nan,nan,nan,nan,nan,nan,nan
200,region,none_or_unknown,7516,0,0.0,6536,0.8696114954763172,4948,0.6583288983501863,2568,0.34167110164981374,0.3916172291178686,0.395135554974641,0.16904435717665262,5.91560710278541,7.832344582357372,7.90271109949282,0.0650267246866594,0.15096655126480474
200,region,sphere_upper,0,0,nan,0,nan,0,nan,0,nan,nan,nan,nan,nan,nan,nan,nan,nan
200,region,sphere_lower90,0,0,nan,0,nan,0,nan,0,nan,nan,nan,nan,nan,nan,nan,nan,nan
200,region,sphere_bottom120,0,0,nan,0,nan,0,nan,0,nan,nan,nan,nan,nan,nan,nan,nan,nan
200,region,outer_or_other_wall,0,0,nan,0,nan,0,nan,0,nan,nan,nan,nan,nan,nan,nan,nan,nan
200,theta_zone,sphere11,0,0,nan,0,nan,0,nan,0,nan,nan,nan,nan,nan,nan,nan,nan,nan
200,theta_zone,outer90,0,0,nan,0,nan,0,nan,0,nan,nan,nan,nan,nan,nan,nan,nan,nan
200,theta_zone,fallback,7516,0,0.0,6536,0.8696114954763172,4948,0.6583288983501863,2568,0.34167110164981374,0.3916172291178686,0.395135554974641,0.16904435717665262,5.91560710278541,7.832344582357372,7.90271109949282,0.0650267246866594,0.15096655126480474
200,c_bin,c_0_0p05,972,0,0.0,500,0.51440329218107,972,1.0,0,0.0,0.05327992354581983,0.057222611327218335,0.9219420877585145,1.0846668280773093,4.153818826447461,4.362713482745442,0.01758795341944354,0.025721024759315786
200,c_bin,c_0p05_0p10,760,0,0.0,760,1.0,760,1.0,0,0.0,0.1630200163287927,0.16536903528214644,0.15238690129846016,6.562244714957302,6.77587189976685,6.817451777561973,0.03782660576882628,0.05016140744693807
200,c_bin,c_0p10_0p30,1372,0,0.0,1372,1.0,960,0.6997084548104956,412,0.30029154518950435,0.3423771792725756,0.34800540339265335,0.1602039874960017,6.24204188441288,6.847543585451512,6.960108067853067,0.0858962993209112,0.12090384386177541
200,c_bin,c_0p30_0p70,1648,0,0.0,1648,1.0,0,0.0,1648,1.0,0.3950536836901274,0.3960643737438136,0.1316055234837976,7.59846527355756,7.901073673802547,7.921287474876271,0.14559031669216216,0.152337376492466
200,c_bin,c_0p70_0p90,1260,0,0.0,1260,1.0,752,0.5968253968253968,508,0.4031746031746032,0.31261972006476885,0.3180545552513346,0.20877250130181518,4.789902854851246,6.252394401295376,6.361091105026691,0.09309787597440047,0.12846667132695633
200,c_bin,c_0p90_0p95,672,0,0.0,672,1.0,672,1.0,0,0.0,0.12478383746868695,0.12805447479527124,0.20873594823673752,4.79074164487399,4.816148828064038,4.823875599779232,0.037775155807265676,0.0521083594384415
200,c_bin,c_0p95_1,832,0,0.0,324,0.3894230769230769,832,1.0,0,0.0,0.037994558655755406,0.04144814659319658,1.0,0.6166492463257782,2.9114264084299437,3.0899316062600954,0.016897982616495277,0.026100307153426806
200,tangent_bin,t_0_0p005,8,0,0.0,0,0.0,8,1.0,0,0.0,1.124023167902904e-06,1.1240231679029289e-06,1.0,0.00021229402977880044,0.00021229402977882534,0.00021229402977882881,0.010589305493649115,0.010589305493649318
200,tangent_bin,t_0p005_0p01,916,0,0.0,72,0.07860262008733625,916,1.0,0,0.0,0.011003502251410183,0.014948858318839265,1.0,0.17420838693922952,1.1462801687097166,1.46157005484273,0.013715433514734508,0.019198626220317358
200,tangent_bin,t_0p01_0p02,1472,0,0.0,1344,0.9130434782608695,1472,1.0,0,0.0,0.09348600228373612,0.09997463052144476,0.306737646324139,3.260371240403283,5.470251430478236,6.107434253271681,0.025521955165758003,0.03777515580726579
200,tangent_bin,t_0p02_0p05,2424,0,0.0,2424,1.0,2344,0.966996699669967,80,0.033003300330033,0.25060110280914305,0.26567066500689973,0.16401784487902407,6.096897570734318,6.670696236230925,6.787007896663664,0.06220070876391985,0.09726685496555157
200,tangent_bin,t_0p05_0p10,2696,0,0.0,2696,1.0,208,0.0771513353115727,2488,0.9228486646884273,0.39458849835128645,0.3959381077737979,0.1404886622581671,7.118012338405519,7.891769967025729,7.9187621554759575,0.13536614697929647,0.15215066313822617
200,tangent_bin,t_0p10_inf,0,0,nan,0,nan,0,nan,0,nan,nan,nan,nan,nan,nan,nan,nan,nan
200,normal_raw_abs_bin,normal_raw_abs_0_1e-4,0,0,nan,0,nan,0,nan,0,nan,nan,nan,nan,nan,nan,nan,nan,nan
200,normal_raw_abs_bin,normal_raw_abs_1e-4_1e-3,0,0,nan,0,nan,0,nan,0,nan,nan,nan,nan,nan,nan,nan,nan,nan
200,normal_raw_abs_bin,normal_raw_abs_1e-3_1e-2,0,0,nan,0,nan,0,nan,0,nan,nan,nan,nan,nan,nan,nan,nan,nan
200,normal_raw_abs_bin,normal_raw_abs_1e-2_5e-2,3116,0,0.0,2136,0.6854942233632862,3116,1.0,0,0.0,0.14641362159790583,0.15907762384311505,0.34258354474502567,2.918996009409235,6.661609984841668,6.785337497129132,0.023856523972403204,0.04693936020425661
200,normal_raw_abs_bin,normal_raw_abs_5e-2_inf,4400,0,0.0,4400,1.0,1832,0.4163636363636364,2568,0.5836363636363636,0.39371065528316274,0.39561457220583135,0.15724463640922867,6.35951739172523,7.874213105663254,7.912291444116627,0.11214737147222359,0.15185933779193073
200,cap_source,abs_cap_selected,2568,0,0.0,2568,1.0,0,0.0,2568,1.0,0.3947583707132409,0.39593810777379845,0.13931949716029812,7.177746771259139,7.895167414264818,7.918762155475969,0.13642040212995504,0.1521506631382263
200,cap_source,ratio_cap_selected,4948,0,0.0,3968,0.8019401778496362,4948,1.0,0,0.0,0.26229915961188655,0.28894882112694265,0.20912041193201114,4.781933962166821,6.627848546604051,6.75705867853111,0.037310207014740554,0.09345538657353701
200,cap_source,none_or_inactive,0,0,nan,0,nan,0,nan,0,nan,nan,nan,nan,nan,nan,nan,nan,nan
200,limiter_class,none,980,0,0.0,0,0.0,980,1.0,0,0.0,0.007810208698875739,0.00874940738417826,1.0,0.19207659241363556,0.9192766414061025,0.975245589399842,0.013875872140587272,0.01775971533862103
200,limiter_class,abs_cap_limiter,2568,0,0.0,2568,1.0,0,0.0,2568,1.0,0.3947583707132409,0.39593810777379845,0.13931949716029812,7.177746771259139,7.895167414264818,7.918762155475969,0.13642040212995504,0.1521506631382263
200,limiter_class,ratio_cap_limiter,3968,0,0.0,3968,1.0,3968,1.0,0,0.0,0.2684771930472036,0.28937908094104786,0.2084994902239426,4.796174797520919,6.643905011475298,6.76620280603777,0.046939618292388935,0.09518113318255095
200,limiter_class,secondary_vector_safety,0,0,nan,0,nan,0,nan,0,nan,nan,nan,nan,nan,nan,nan,nan,nan
200,limiter_class,inactive_or_fallback,0,0,nan,0,nan,0,nan,0,nan,nan,nan,nan,nan,nan,nan,nan,nan
200,normal_agreement_bin,normal_0_0p5,0,0,nan,0,nan,0,nan,0,nan,nan,nan,nan,nan,nan,nan,nan,nan
200,normal_agreement_bin,normal_0p5_0p9,0,0,nan,0,nan,0,nan,0,nan,nan,nan,nan,nan,nan,nan,nan,nan
200,normal_agreement_bin,normal_0p9_0p99,0,0,nan,0,nan,0,nan,0,nan,nan,nan,nan,nan,nan,nan,nan,nan
200,normal_agreement_bin,normal_0p99_1p01,7516,0,0.0,6536,0.8696114954763172,4948,0.6583288983501863,2568,0.34167110164981374,0.3916172291178686,0.395135554974641,0.16904435717665262,5.91560710278541,7.832344582357372,7.90271109949282,0.0650267246866594,0.15096655126480474
200,c_x_tangent:c_0_0p05,t_0_0p005,0,0,nan,0,nan,0,nan,0,nan,nan,nan,nan,nan,nan,nan,nan,nan
200,c_x_tangent:c_0_0p05,t_0p005_0p01,344,0,0.0,0,0.0,344,1.0,0,0.0,0.0034136009512127905,0.003839033600008887,1.0,0.11755852302233882,0.4540954261784949,0.5013739046348765,0.013267946834541626,0.015009825706774532
200,c_x_tangent:c_0_0p05,t_0p01_0p02,628,0,0.0,500,0.7961783439490446,628,1.0,0,0.0,0.05481699858868003,0.059137560951019075,0.47311950753799137,2.113630877753863,4.211668390282496,4.422353067721046,0.020610057062011824,0.026105826294776643
200,c_x_tangent:c_0_0p05,t_0p02_0p05,0,0,nan,0,nan,0,nan,0,nan,nan,nan,nan,nan,nan,nan,nan,nan
200,c_x_tangent:c_0_0p05,t_0p05_0p10,0,0,nan,0,nan,0,nan,0,nan,nan,nan,nan,nan,nan,nan,nan,nan
200,c_x_tangent:c_0_0p05,t_0p10_inf,0,0,nan,0,nan,0,nan,0,nan,nan,nan,nan,nan,nan,nan,nan,nan
200,c_x_tangent:c_0p05_0p10,t_0_0p005,0,0,nan,0,nan,0,nan,0,nan,nan,nan,nan,nan,nan,nan,nan,nan
200,c_x_tangent:c_0p05_0p10,t_0p005_0p01,0,0,nan,0,nan,0,nan,0,nan,nan,nan,nan,nan,nan,nan,nan,nan
200,c_x_tangent:c_0p05_0p10,t_0p01_0p02,180,0,0.0,180,1.0,180,1.0,0,0.0,0.09647370562481426,0.0976300602431327,0.1842499329203185,5.4274103884339775,6.10743425327169,6.174407287358386,0.029547999562736158,0.0315922207670543
200,c_x_tangent:c_0p05_0p10,t_0p02_0p05,580,0,0.0,580,1.0,580,1.0,0,0.0,0.16471142475001213,0.16552453933617706,0.15166153976307362,6.593629482874859,6.787007896663658,6.826175393180697,0.041286884502319224,0.05032410612159237
200,c_x_tangent:c_0p05_0p10,t_0p05_0p10,0,0,nan,0,nan,0,nan,0,nan,nan,nan,nan,nan,nan,nan,nan,nan
200,c_x_tangent:c_0p05_0p10,t_0p10_inf,0,0,nan,0,nan,0,nan,0,nan,nan,nan,nan,nan,nan,nan,nan,nan
200,c_x_tangent:c_0p10_0p30,t_0_0p005,0,0,nan,0,nan,0,nan,0,nan,nan,nan,nan,nan,nan,nan,nan,nan
200,c_x_tangent:c_0p10_0p30,t_0p005_0p01,0,0,nan,0,nan,0,nan,0,nan,nan,nan,nan,nan,nan,nan,nan,nan
200,c_x_tangent:c_0p10_0p30,t_0p01_0p02,0,0,nan,0,nan,0,nan,0,nan,nan,nan,nan,nan,nan,nan,nan,nan
200,c_x_tangent:c_0p10_0p30,t_0p02_0p05,752,0,0.0,752,1.0,752,1.0,0,0.0,0.26229915961188655,0.26661549721936045,0.16020398749600162,6.242041884412884,6.457631649114083,6.498163763132981,0.06921025513213748,0.0869561326842624
200,c_x_tangent:c_0p10_0p30,t_0p05_0p10,620,0,0.0,620,1.0,208,0.33548387096774196,412,0.6645161290322581,0.345877091543012,0.34881447861550974,0.1613851030565427,6.1963587782302385,6.917541830860239,6.976289572310194,0.10637534858147399,0.12260282154468799
200,c_x_tangent:c_0p10_0p30,t_0p10_inf,0,0,nan,0,nan,0,nan,0,nan,nan,nan,nan,nan,nan,nan,nan,nan
200,c_x_tangent:c_0p30_0p70,t_0_0p005,0,0,nan,0,nan,0,nan,0,nan,nan,nan,nan,nan,nan,nan,nan,nan
200,c_x_tangent:c_0p30_0p70,t_0p005_0p01,0,0,nan,0,nan,0,nan,0,nan,nan,nan,nan,nan,nan,nan,nan,nan
200,c_x_tangent:c_0p30_0p70,t_0p01_0p02,0,0,nan,0,nan,0,nan,0,nan,nan,nan,nan,nan,nan,nan,nan,nan
200,c_x_tangent:c_0p30_0p70,t_0p02_0p05,0,0,nan,0,nan,0,nan,0,nan,nan,nan,nan,nan,nan,nan,nan,nan
200,c_x_tangent:c_0p30_0p70,t_0p05_0p10,1648,0,0.0,1648,1.0,0,0.0,1648,1.0,0.3950536836901274,0.3960643737438136,0.1316055234837976,7.59846527355756,7.901073673802547,7.921287474876271,0.14559031669216216,0.152337376492466
200,c_x_tangent:c_0p30_0p70,t_0p10_inf,0,0,nan,0,nan,0,nan,0,nan,nan,nan,nan,nan,nan,nan,nan,nan
200,c_x_tangent:c_0p70_0p90,t_0_0p005,0,0,nan,0,nan,0,nan,0,nan,nan,nan,nan,nan,nan,nan,nan,nan
200,c_x_tangent:c_0p70_0p90,t_0p005_0p01,0,0,nan,0,nan,0,nan,0,nan,nan,nan,nan,nan,nan,nan,nan,nan
200,c_x_tangent:c_0p70_0p90,t_0p01_0p02,0,0,nan,0,nan,0,nan,0,nan,nan,nan,nan,nan,nan,nan,nan,nan
200,c_x_tangent:c_0p70_0p90,t_0p02_0p05,832,0,0.0,832,1.0,752,0.9038461538461539,80,0.09615384615384616,0.24446899348677922,0.2506011028091437,0.20910509763026236,4.782284179655324,4.889379869735585,5.012022056182874,0.07798598797855674,0.10185295663346118
200,c_x_tangent:c_0p70_0p90,t_0p05_0p10,428,0,0.0,428,1.0,0,0.0,428,1.0,0.3166532830088789,0.31889972075413503,0.17325715807977266,5.771767302910341,6.333065660177577,6.377994415082701,0.11925090976822042,0.12984731748630038
200,c_x_tangent:c_0p70_0p90,t_0p10_inf,0,0,nan,0,nan,0,nan,0,nan,nan,nan,nan,nan,nan,nan,nan,nan
200,c_x_tangent:c_0p90_0p95,t_0_0p005,0,0,nan,0,nan,0,nan,0,nan,nan,nan,nan,nan,nan,nan,nan,nan
200,c_x_tangent:c_0p90_0p95,t_0p005_0p01,0,0,nan,0,nan,0,nan,0,nan,nan,nan,nan,nan,nan,nan,nan,nan
200,c_x_tangent:c_0p90_0p95,t_0p01_0p02,412,0,0.0,412,1.0,412,1.0,0,0.0,0.09704174439017253,0.10023900068051562,0.2210122159499478,4.52463677494853,4.819512138016812,4.823875599779299,0.0337669157842434,0.04030949743971532
200,c_x_tangent:c_0p90_0p95,t_0p02_0p05,260,0,0.0,260,1.0,260,1.0,0,0.0,0.12762621981513608,0.12805447479527207,0.20843369272568568,4.797688832947343,4.809334690057006,4.812212982783535,0.04723325210719764,0.05338023058345587
200,c_x_tangent:c_0p90_0p95,t_0p05_0p10,0,0,nan,0,nan,0,nan,0,nan,nan,nan,nan,nan,nan,nan,nan,nan
200,c_x_tangent:c_0p90_0p95,t_0p10_inf,0,0,nan,0,nan,0,nan,0,nan,nan,nan,nan,nan,nan,nan,nan,nan
200,c_x_tangent:c_0p95_1,t_0_0p005,8,0,0.0,0,0.0,8,1.0,0,0.0,1.124023167902904e-06,1.1240231679029289e-06,1.0,0.00021229402977880044,0.00021229402977882534,0.00021229402977882881,0.010589305493649115,0.010589305493649318
200,c_x_tangent:c_0p95_1,t_0p005_0p01,572,0,0.0,72,0.1258741258741259,572,1.0,0,0.0,0.014030372833505245,0.015399898603983128,1.0,0.26675582620801086,1.3912056909120036,1.4951247836510395,0.014859477720578357,0.020170091202412255
200,c_x_tangent:c_0p95_1,t_0p01_0p02,252,0,0.0,252,1.0,252,1.0,0,0.0,0.04144814659319615,0.04155968774875464,0.45451200079712106,2.200161928059555,3.0899316062600413,3.0982488300887825,0.02336410786870785,0.02682785665576365
200,c_x_tangent:c_0p95_1,t_0p02_0p05,0,0,nan,0,nan,0,nan,0,nan,nan,nan,nan,nan,nan,nan,nan,nan
200,c_x_tangent:c_0p95_1,t_0p05_0p10,0,0,nan,0,nan,0,nan,0,nan,nan,nan,nan,nan,nan,nan,nan,nan
200,c_x_tangent:c_0p95_1,t_0p10_inf,0,0,nan,0,nan,0,nan,0,nan,nan,nan,nan,nan,nan,nan,nan,nan
300,region,none_or_unknown,7592,0,0.0,6584,0.8672286617492097,5016,0.660695468914647,2576,0.339304531085353,0.38741795294980685,0.39083811239622623,0.17227314965452917,5.80473510820094,7.748359058996137,7.816762247924525,0.06481232775668103,0.15120908625163185
300,region,sphere_upper,0,0,nan,0,nan,0,nan,0,nan,nan,nan,nan,nan,nan,nan,nan,nan
300,region,sphere_lower90,0,0,nan,0,nan,0,nan,0,nan,nan,nan,nan,nan,nan,nan,nan,nan
300,region,sphere_bottom120,0,0,nan,0,nan,0,nan,0,nan,nan,nan,nan,nan,nan,nan,nan,nan
300,region,outer_or_other_wall,0,0,nan,0,nan,0,nan,0,nan,nan,nan,nan,nan,nan,nan,nan,nan
300,theta_zone,sphere11,0,0,nan,0,nan,0,nan,0,nan,nan,nan,nan,nan,nan,nan,nan,nan
300,theta_zone,outer90,0,0,nan,0,nan,0,nan,0,nan,nan,nan,nan,nan,nan,nan,nan,nan
300,theta_zone,fallback,7592,0,0.0,6584,0.8672286617492097,5016,0.660695468914647,2576,0.339304531085353,0.38741795294980685,0.39083811239622623,0.17227314965452917,5.80473510820094,7.748359058996137,7.816762247924525,0.06481232775668103,0.15120908625163185
300,c_bin,c_0_0p05,1016,0,0.0,516,0.5078740157480315,1016,1.0,0,0.0,0.055179135369599674,0.058277991499377,0.9823788079960367,1.017942667416028,4.212814013856188,4.376501573794731,0.017414401706598436,0.026195856350701603
300,c_bin,c_0p05_0p10,768,0,0.0,768,1.0,768,1.0,0,0.0,0.16040131026516288,0.16378315636149807,0.15499014187959442,6.45202328712031,6.671820694098541,6.72607627708303,0.037313344081588554,0.05049828976019762
300,c_bin,c_0p10_0p30,1396,0,0.0,1396,1.0,976,0.6991404011461319,420,0.3008595988538682,0.33743162471462534,0.3429310948971906,0.1635229065744252,6.11535118197562,6.748632494292506,6.858621897943811,0.08656688808738064,0.12155270105311729
300,c_bin,c_0p30_0p70,1664,0,0.0,1664,1.0,0,0.0,1664,1.0,0.3908249915730481,0.3916758846119678,0.13309823946639904,7.513247946133183,7.816499831460963,7.833517692239355,0.14582784443764138,0.15258274074541087
300,c_bin,c_0p70_0p90,1244,0,0.0,1244,1.0,752,0.6045016077170418,492,0.3954983922829582,0.31189485359352864,0.31572117840841596,0.20789364248863482,4.810151902815731,6.237897071870572,6.314423568168319,0.09169342425937224,0.12809658755913733
300,c_bin,c_0p90_0p95,672,0,0.0,672,1.0,672,1.0,0,0.0,0.1256209501175089,0.1289287228467963,0.2078158532156275,4.811952430608894,4.835090590574441,4.841037042602245,0.03782788710896251,0.052206635309757665
300,c_bin,c_0p95_1,832,0,0.0,324,0.3894230769230769,832,1.0,0,0.0,0.038214794737952605,0.04168870713853098,1.0,0.6206764126311068,2.925058408508289,3.104388115199235,0.016916803160975463,0.026129256771690004
300,tangent_bin,t_0_0p005,8,0,0.0,0,0.0,8,1.0,0,0.0,1.3419724856723627e-06,1.3419724856723752e-06,1.0,0.00025311917635741023,0.0002531191763577988,0.0002531191763577997,0.010603483347112419,0.010603483347112674
300,tangent_bin,t_0p005_0p01,968,0,0.0,72,0.0743801652892562,968,1.0,0,0.0,0.01064591518075147,0.015037693692966179,1.0,0.17880032875999483,1.1156887210290691,1.4686760265544536,0.013817770744046581,0.019084024029448362
300,tangent_bin,t_0p01_0p02,1472,0,0.0,1368,0.9293478260869565,1472,1.0,0,0.0,0.09395672147432682,0.09755211419647543,0.3056999753234777,3.2712560756497,5.584513462335023,6.0419129931341775,0.02576876476396102,0.037827638134495856
300,tangent_bin,t_0p02_0p05,2440,0,0.0,2440,1.0,2376,0.9737704918032787,64,0.02622950819672131,0.24977477548525873,0.26289892777434065,0.16762390390106144,5.965736250781042,6.573267342137367,6.7037991481419565,0.06229495760496914,0.09587146003934388
300,tangent_bin,t_0p05_0p10,2704,0,0.0,2704,1.0,192,0.07100591715976332,2512,0.9289940828402367,0.39030440446474524,0.3915898208147064,0.1422598937906316,7.029388068233285,7.806088089294905,7.831796416294129,0.1356884302973363,0.15240081559511995
300,tangent_bin,t_0p10_inf,0,0,nan,0,nan,0,nan,0,nan,nan,nan,nan,nan,nan,nan,nan,nan
300,normal_raw_abs_bin,normal_raw_abs_0_1e-4,0,0,nan,0,nan,0,nan,0,nan,nan,nan,nan,nan,nan,nan,nan,nan
300,normal_raw_abs_bin,normal_raw_abs_1e-4_1e-3,0,0,nan,0,nan,0,nan,0,nan,nan,nan,nan,nan,nan,nan,nan,nan
300,normal_raw_abs_bin,normal_raw_abs_1e-3_1e-2,0,0,nan,0,nan,0,nan,0,nan,nan,nan,nan,nan,nan,nan,nan,nan
300,normal_raw_abs_bin,normal_raw_abs_1e-2_5e-2,3168,0,0.0,2160,0.6818181818181818,3168,1.0,0,0.0,0.14414167840236558,0.15779671449135962,0.34659888093051844,2.88531088807395,6.561855489269276,6.682373583932869,0.023772112784886404,0.04682072050333642
300,normal_raw_abs_bin,normal_raw_abs_5e-2_inf,4424,0,0.0,4424,1.0,1848,0.4177215189873418,2576,0.5822784810126582,0.3896118138351181,0.39116791204322604,0.15973533428087267,6.260355732317179,7.792236276702362,7.823358240864521,0.11286931071462107,0.15211189478579876
300,cap_source,abs_cap_selected,2576,0,0.0,2576,1.0,0,0.0,2576,1.0,0.3903166099704966,0.39159357387324,0.14087437056705768,7.098523286916761,7.8063321994099315,7.8318714774648,0.1367340930292345,0.15240124890055948
300,cap_source,ratio_cap_selected,5016,0,0.0,4008,0.7990430622009569,5016,1.0,0,0.0,0.25933827453110164,0.28532123617367183,0.20812496330429708,4.804805651998281,6.520894367878135,6.643325577046558,0.03709094404891308,0.09360001682444935
300,cap_source,none_or_inactive,0,0,nan,0,nan,0,nan,0,nan,nan,nan,nan,nan,nan,nan,nan,nan
300,limiter_class,none,1008,0,0.0,0,0.0,1008,1.0,0,0.0,0.008298524672762984,0.008809628743717697,1.0,0.19214749448136592,0.9515277424368817,0.9807740096485724,0.013862855053528697,0.017779233371186788
300,limiter_class,abs_cap_limiter,2576,0,0.0,2576,1.0,0,0.0,2576,1.0,0.3903166099704966,0.39159357387324,0.14087437056705768,7.098523286916761,7.8063321994099315,7.8318714774648,0.1367340930292345,0.15240124890055948
300,limiter_class,ratio_cap_limiter,4008,0,0.0,4008,1.0,4008,1.0,0,0.0,0.26373066924733307,0.28560663491126514,0.20763188326656856,4.816216008194407,6.533415447290228,6.665994122738493,0.04682072050333644,0.09545289454619664
300,limiter_class,secondary_vector_safety,0,0,nan,0,nan,0,nan,0,nan,nan,nan,nan,nan,nan,nan,nan,nan
300,limiter_class,inactive_or_fallback,0,0,nan,0,nan,0,nan,0,nan,nan,nan,nan,nan,nan,nan,nan,nan
300,normal_agreement_bin,normal_0_0p5,0,0,nan,0,nan,0,nan,0,nan,nan,nan,nan,nan,nan,nan,nan,nan
300,normal_agreement_bin,normal_0p5_0p9,0,0,nan,0,nan,0,nan,0,nan,nan,nan,nan,nan,nan,nan,nan,nan
300,normal_agreement_bin,normal_0p9_0p99,0,0,nan,0,nan,0,nan,0,nan,nan,nan,nan,nan,nan,nan,nan,nan
300,normal_agreement_bin,normal_0p99_1p01,7592,0,0.0,6584,0.8672286617492097,5016,0.660695468914647,2576,0.339304531085353,0.38741795294980685,0.39083811239622623,0.17227314965452917,5.80473510820094,7.748359058996137,7.816762247924525,0.06481232775668103,0.15120908625163185
300,c_x_tangent:c_0_0p05,t_0_0p005,0,0,nan,0,nan,0,nan,0,nan,nan,nan,nan,nan,nan,nan,nan,nan
300,c_x_tangent:c_0_0p05,t_0p005_0p01,396,0,0.0,0,0.0,396,1.0,0,0.0,0.0033760058168728455,0.0044450804315122345,1.0,0.10666305807208165,0.44699668228020745,0.5639367542421438,0.013264996447230186,0.015105283554460657
300,c_x_tangent:c_0_0p05,t_0p01_0p02,620,0,0.0,516,0.832258064516129,620,1.0,0,0.0,0.056874230577953114,0.058914360294500506,0.48965181818898335,2.042267511021567,4.298261375744805,4.390562893504936,0.020441744026571222,0.026553061339862155
300,c_x_tangent:c_0_0p05,t_0p02_0p05,0,0,nan,0,nan,0,nan,0,nan,nan,nan,nan,nan,nan,nan,nan,nan
300,c_x_tangent:c_0_0p05,t_0p05_0p10,0,0,nan,0,nan,0,nan,0,nan,nan,nan,nan,nan,nan,nan,nan,nan
300,c_x_tangent:c_0_0p05,t_0p10_inf,0,0,nan,0,nan,0,nan,0,nan,nan,nan,nan,nan,nan,nan,nan,nan
300,c_x_tangent:c_0p05_0p10,t_0_0p005,0,0,nan,0,nan,0,nan,0,nan,nan,nan,nan,nan,nan,nan,nan,nan
300,c_x_tangent:c_0p05_0p10,t_0p005_0p01,0,0,nan,0,nan,0,nan,0,nan,nan,nan,nan,nan,nan,nan,nan,nan
300,c_x_tangent:c_0p05_0p10,t_0p01_0p02,196,0,0.0,196,1.0,196,1.0,0,0.0,0.097083815865811,0.09746415994386433,0.18998811621860812,5.263487105948032,6.04191299313418,6.06275544292314,0.02920737283477061,0.03209121825169157
300,c_x_tangent:c_0p05_0p10,t_0p02_0p05,572,0,0.0,572,1.0,572,1.0,0,0.0,0.1609345861765176,0.16498255864995318,0.15364522041806405,6.508500539613467,6.703799148141943,6.729667065523889,0.04078908711570191,0.050748966377449294
300,c_x_tangent:c_0p05_0p10,t_0p05_0p10,0,0,nan,0,nan,0,nan,0,nan,nan,nan,nan,nan,nan,nan,nan,nan
300,c_x_tangent:c_0p05_0p10,t_0p10_inf,0,0,nan,0,nan,0,nan,0,nan,nan,nan,nan,nan,nan,nan,nan,nan
300,c_x_tangent:c_0p10_0p30,t_0_0p005,0,0,nan,0,nan,0,nan,0,nan,nan,nan,nan,nan,nan,nan,nan,nan
300,c_x_tangent:c_0p10_0p30,t_0p005_0p01,0,0,nan,0,nan,0,nan,0,nan,nan,nan,nan,nan,nan,nan,nan,nan
300,c_x_tangent:c_0p10_0p30,t_0p01_0p02,0,0,nan,0,nan,0,nan,0,nan,nan,nan,nan,nan,nan,nan,nan,nan
300,c_x_tangent:c_0p10_0p30,t_0p02_0p05,784,0,0.0,784,1.0,784,1.0,0,0.0,0.26016606561642913,0.26387195227822224,0.1635229065744253,6.1153511819756154,6.337627780783046,6.3718465346506346,0.07000569517616208,0.08830762570324774
300,c_x_tangent:c_0p10_0p30,t_0p05_0p10,612,0,0.0,612,1.0,192,0.3137254901960784,420,0.6862745098039216,0.34098467851375275,0.3437204427154612,0.16222176484397027,6.1644009418947565,6.819693570275055,6.874408854309224,0.10826302602106258,0.12322998399999249
300,c_x_tangent:c_0p10_0p30,t_0p10_inf,0,0,nan,0,nan,0,nan,0,nan,nan,nan,nan,nan,nan,nan,nan,nan
300,c_x_tangent:c_0p30_0p70,t_0_0p005,0,0,nan,0,nan,0,nan,0,nan,nan,nan,nan,nan,nan,nan,nan,nan
300,c_x_tangent:c_0p30_0p70,t_0p005_0p01,0,0,nan,0,nan,0,nan,0,nan,nan,nan,nan,nan,nan,nan,nan,nan
300,c_x_tangent:c_0p30_0p70,t_0p01_0p02,0,0,nan,0,nan,0,nan,0,nan,nan,nan,nan,nan,nan,nan,nan,nan
300,c_x_tangent:c_0p30_0p70,t_0p02_0p05,0,0,nan,0,nan,0,nan,0,nan,nan,nan,nan,nan,nan,nan,nan,nan
300,c_x_tangent:c_0p30_0p70,t_0p05_0p10,1664,0,0.0,1664,1.0,0,0.0,1664,1.0,0.3908249915730481,0.3916758846119678,0.13309823946639904,7.513247946133183,7.816499831460963,7.833517692239355,0.14582784443764138,0.15258274074541087
300,c_x_tangent:c_0p30_0p70,t_0p10_inf,0,0,nan,0,nan,0,nan,0,nan,nan,nan,nan,nan,nan,nan,nan,nan
300,c_x_tangent:c_0p70_0p90,t_0_0p005,0,0,nan,0,nan,0,nan,0,nan,nan,nan,nan,nan,nan,nan,nan,nan
300,c_x_tangent:c_0p70_0p90,t_0p005_0p01,0,0,nan,0,nan,0,nan,0,nan,nan,nan,nan,nan,nan,nan,nan,nan
300,c_x_tangent:c_0p70_0p90,t_0p01_0p02,0,0,nan,0,nan,0,nan,0,nan,nan,nan,nan,nan,nan,nan,nan,nan
300,c_x_tangent:c_0p70_0p90,t_0p02_0p05,816,0,0.0,816,1.0,752,0.9215686274509803,64,0.0784313725490196,0.2449315930037267,0.24900635261178103,0.20809708629936446,4.805449311665397,4.898631860074534,4.98012705223562,0.07699861970465982,0.10172879006088895
300,c_x_tangent:c_0p70_0p90,t_0p05_0p10,428,0,0.0,428,1.0,0,0.0,428,1.0,0.31515303986187354,0.3171153228311976,0.17391222320415411,5.750027120440571,6.303060797237471,6.342306456623951,0.11880443720346423,0.1294911616396456
300,c_x_tangent:c_0p70_0p90,t_0p10_inf,0,0,nan,0,nan,0,nan,0,nan,nan,nan,nan,nan,nan,nan,nan,nan
300,c_x_tangent:c_0p90_0p95,t_0_0p005,0,0,nan,0,nan,0,nan,0,nan,nan,nan,nan,nan,nan,nan,nan,nan
300,c_x_tangent:c_0p90_0p95,t_0p005_0p01,0,0,nan,0,nan,0,nan,0,nan,nan,nan,nan,nan,nan,nan,nan,nan
300,c_x_tangent:c_0p90_0p95,t_0p01_0p02,404,0,0.0,404,1.0,404,1.0,0,0.0,0.0972337740112551,0.10051801271791798,0.22020768200820992,4.5411676417479265,4.837613716961024,4.8410370426023,0.03380992083518383,0.04036866088855018
300,c_x_tangent:c_0p90_0p95,t_0p02_0p05,268,0,0.0,268,1.0,268,1.0,0,0.0,0.1284977483395539,0.12892872284679716,0.2074881775753,4.819551704998169,4.832091163824487,4.835090590574436,0.047314323977072165,0.053483119021350015
300,c_x_tangent:c_0p90_0p95,t_0p05_0p10,0,0,nan,0,nan,0,nan,0,nan,nan,nan,nan,nan,nan,nan,nan,nan
300,c_x_tangent:c_0p90_0p95,t_0p10_inf,0,0,nan,0,nan,0,nan,0,nan,nan,nan,nan,nan,nan,nan,nan,nan
300,c_x_tangent:c_0p95_1,t_0_0p005,8,0,0.0,0,0.0,8,1.0,0,0.0,1.3419724856723627e-06,1.3419724856723752e-06,1.0,0.00025311917635741023,0.0002531191763577988,0.0002531191763577997,0.010603483347112419,0.010603483347112674
300,c_x_tangent:c_0p95_1,t_0p005_0p01,572,0,0.0,72,0.1258741258741259,572,1.0,0,0.0,0.01411580052426287,0.015490132421440261,1.0,0.268944048368432,1.3981708926056076,1.5022704355894587,0.014876735663384794,0.020191810026822625
300,c_x_tangent:c_0p95_1,t_0p01_0p02,252,0,0.0,252,1.0,252,1.0,0,0.0,0.041688707138530484,0.041802502516435636,0.4524282265207067,2.2102953383131414,3.1043881151991806,3.112864183305779,0.02338935292812419,0.026857903239480587
300,c_x_tangent:c_0p95_1,t_0p02_0p05,0,0,nan,0,nan,0,nan,0,nan,nan,nan,nan,nan,nan,nan,nan,nan
300,c_x_tangent:c_0p95_1,t_0p05_0p10,0,0,nan,0,nan,0,nan,0,nan,nan,nan,nan,nan,nan,nan,nan,nan
300,c_x_tangent:c_0p95_1,t_0p10_inf,0,0,nan,0,nan,0,nan,0,nan,nan,nan,nan,nan,nan,nan,nan,nan
400,region,none_or_unknown,7632,0,0.0,6616,0.8668763102725366,5032,0.6593291404612159,2600,0.34067085953878407,0.383525625605584,0.38705249008122283,0.17496061100311328,5.715572188739969,7.67051251211168,7.741049801624456,0.06496425210742074,0.15143449229715747
400,region,sphere_upper,0,0,nan,0,nan,0,nan,0,nan,nan,nan,nan,nan,nan,nan,nan,nan
400,region,sphere_lower90,0,0,nan,0,nan,0,nan,0,nan,nan,nan,nan,nan,nan,nan,nan,nan
400,region,sphere_bottom120,0,0,nan,0,nan,0,nan,0,nan,nan,nan,nan,nan,nan,nan,nan,nan
400,region,outer_or_other_wall,0,0,nan,0,nan,0,nan,0,nan,nan,nan,nan,nan,nan,nan,nan,nan
400,theta_zone,sphere11,0,0,nan,0,nan,0,nan,0,nan,nan,nan,nan,nan,nan,nan,nan,nan
400,theta_zone,outer90,0,0,nan,0,nan,0,nan,0,nan,nan,nan,nan,nan,nan,nan,nan,nan
400,theta_zone,fallback,7632,0,0.0,6616,0.8668763102725366,5032,0.6593291404612159,2600,0.34067085953878407,0.383525625605584,0.38705249008122283,0.17496061100311328,5.715572188739969,7.67051251211168,7.741049801624456,0.06496425210742074,0.15143449229715747
400,c_bin,c_0_0p05,1000,0,0.0,492,0.492,1000,1.0,0,0.0,0.05194798430240826,0.056713331940947166,1.0,0.9852845657697984,3.9894505056819596,4.256876495908412,0.01740489044631853,0.026031862443247167
400,c_bin,c_0p05_0p10,792,0,0.0,792,1.0,792,1.0,0,0.0,0.15767815630889337,0.16017248513422971,0.15803292096750327,6.327795461083914,6.553261781011542,6.58382983240817,0.03687672783318261,0.049685321781538824
400,c_bin,c_0p10_0p30,1420,0,0.0,1420,1.0,984,0.6929577464788732,436,0.30704225352112674,0.33173557189570774,0.33685082722816945,0.16602175364277383,6.023307055000052,6.634711437914154,6.737016544563389,0.08509446925467522,0.12147299563062852
400,c_bin,c_0p30_0p70,1672,0,0.0,1672,1.0,0,0.0,1672,1.0,0.38700777243332013,0.3877217666742542,0.1342256216560736,7.450142436756975,7.740155448666402,7.754435333485083,0.14601849006432188,0.15280887251168368
400,c_bin,c_0p70_0p90,1244,0,0.0,1244,1.0,752,0.6045016077170418,492,0.3954983922829582,0.312259869684198,0.31591001365888405,0.20691560939922604,4.832888165873388,6.24519739368396,6.3182002731776805,0.09195741622188294,0.12842084837079312
400,c_bin,c_0p90_0p95,672,0,0.0,672,1.0,672,1.0,0,0.0,0.1265058352141766,0.12984768694357418,0.20680907559832717,4.8353777372045315,4.857671788482848,4.8622569949098615,0.03787274130193033,0.05230403071202183
400,c_bin,c_0p95_1,832,0,0.0,324,0.3894230769230769,832,1.0,0,0.0,0.03842265226474985,0.04192036421080027,1.0,0.6231987007746269,2.939120114028103,3.119579418083933,0.01692248214327058,0.026145683588338485
400,tangent_bin,t_0_0p005,8,0,0.0,0,0.0,8,1.0,0,0.0,1.399115842412223e-06,1.399115842412246e-06,1.0,0.0002638157828564968,0.0002638157828568117,0.00026381578285681755,0.010606763759631849,0.01060676375963215
400,tangent_bin,t_0p005_0p01,992,0,0.0,72,0.07258064516129033,992,1.0,0,0.0,0.01069351659658033,0.015102742878338392,1.0,0.19290439527580036,1.1202483101361902,1.4744076328642322,0.014066752699940755,0.019091332697981123
400,tangent_bin,t_0p01_0p02,1480,0,0.0,1392,0.9405405405405406,1480,1.0,0,0.0,0.09535787482888004,0.10078961032851169,0.29405010423068045,3.40078097444069,5.709768391561074,6.116520565486139,0.026145670869900273,0.0378722537495606
400,tangent_bin,t_0p02_0p05,2456,0,0.0,2456,1.0,2400,0.9771986970684039,56,0.02280130293159609,0.2502961772899904,0.2610244152209377,0.17110489530873818,5.844368147361422,6.468842844011542,6.573476868906673,0.0631759751280048,0.09614954239863562
400,tangent_bin,t_0p05_0p10,2696,0,0.0,2696,1.0,152,0.05637982195845697,2544,0.9436201780415431,0.3863078146378901,0.3876909535383292,0.14288999748547349,6.99839141733005,7.726156292757802,7.753819070766584,0.13600239767197536,0.15262963512037456
400,tangent_bin,t_0p10_inf,0,0,nan,0,nan,0,nan,0,nan,nan,nan,nan,nan,nan,nan,nan,nan
400,normal_raw_abs_bin,normal_raw_abs_0_1e-4,0,0,nan,0,nan,0,nan,0,nan,nan,nan,nan,nan,nan,nan,nan,nan
400,normal_raw_abs_bin,normal_raw_abs_1e-4_1e-3,0,0,nan,0,nan,0,nan,0,nan,nan,nan,nan,nan,nan,nan,nan,nan
400,normal_raw_abs_bin,normal_raw_abs_1e-3_1e-2,0,0,nan,0,nan,0,nan,0,nan,nan,nan,nan,nan,nan,nan,nan,nan
400,normal_raw_abs_bin,normal_raw_abs_1e-2_5e-2,3192,0,0.0,2176,0.681704260651629,3192,1.0,0,0.0,0.1422132446257203,0.15544813537371555,0.34962862268238004,2.8601777289511263,6.4508240356125945,6.571797957170353,0.023895151294746675,0.047233155512993424
400,normal_raw_abs_bin,normal_raw_abs_5e-2_inf,4440,0,0.0,4440,1.0,1840,0.4144144144144144,2600,0.5855855855855856,0.3858369661025149,0.3873826545727448,0.16223567871108552,6.163873064280047,7.716739322050298,7.747653091454895,0.11317379823844775,0.15234423576799352
400,cap_source,abs_cap_selected,2600,0,0.0,2600,1.0,0,0.0,2600,1.0,0.38640503390911757,0.38769095353832955,0.1424249168966358,7.021245725332845,7.728100678182351,7.753819070766591,0.1368569104520074,0.1526296351203747
400,cap_source,ratio_cap_selected,5032,0,0.0,4016,0.7980922098569158,5032,1.0,0,0.0,0.2534436091783351,0.28203599358796205,0.20729040811901456,4.824149892289546,6.406234223999487,6.5339037653871825,0.03704110848911987,0.09363316012647036
400,cap_source,none_or_inactive,0,0,nan,0,nan,0,nan,0,nan,nan,nan,nan,nan,nan,nan,nan,nan
400,limiter_class,none,1016,0,0.0,0,0.0,1016,1.0,0,0.0,0.008368730268560642,0.00884921050382353,1.0,0.19376452737888517,0.9554107032854706,0.9847551373060566,0.014075291142692131,0.01778549958482914
400,limiter_class,abs_cap_limiter,2600,0,0.0,2600,1.0,0,0.0,2600,1.0,0.38640503390911757,0.38769095353832955,0.1424249168966358,7.021245725332845,7.728100678182351,7.753819070766591,0.1368569104520074,0.1526296351203747
400,limiter_class,ratio_cap_limiter,4016,0,0.0,4016,1.0,4016,1.0,0,0.0,0.26009601347999356,0.28204672558868155,0.20665626288673228,4.838953275137632,6.426828153073667,6.538231674694443,0.047177949139201154,0.09489126553854142
400,limiter_class,secondary_vector_safety,0,0,nan,0,nan,0,nan,0,nan,nan,nan,nan,nan,nan,nan,nan,nan
400,limiter_class,inactive_or_fallback,0,0,nan,0,nan,0,nan,0,nan,nan,nan,nan,nan,nan,nan,nan,nan
400,normal_agreement_bin,normal_0_0p5,0,0,nan,0,nan,0,nan,0,nan,nan,nan,nan,nan,nan,nan,nan,nan
400,normal_agreement_bin,normal_0p5_0p9,0,0,nan,0,nan,0,nan,0,nan,nan,nan,nan,nan,nan,nan,nan,nan
400,normal_agreement_bin,normal_0p9_0p99,0,0,nan,0,nan,0,nan,0,nan,nan,nan,nan,nan,nan,nan,nan,nan
400,normal_agreement_bin,normal_0p99_1p01,7632,0,0.0,6616,0.8668763102725366,5032,0.6593291404612159,2600,0.34067085953878407,0.383525625605584,0.38705249008122283,0.17496061100311328,5.715572188739969,7.67051251211168,7.741049801624456,0.06496425210742074,0.15143449229715747
400,c_x_tangent:c_0_0p05,t_0_0p005,0,0,nan,0,nan,0,nan,0,nan,nan,nan,nan,nan,nan,nan,nan,nan
400,c_x_tangent:c_0_0p05,t_0p005_0p01,420,0,0.0,0,0.0,420,1.0,0,0.0,0.003987355672986702,0.00434340333162161,1.0,0.13055523722877882,0.5145586988919694,0.5546745090578473,0.013352269683165774,0.015635695725960526
400,c_x_tangent:c_0_0p05,t_0p01_0p02,580,0,0.0,492,0.8482758620689655,580,1.0,0,0.0,0.05509745645683174,0.05696659681717134,0.5268169553312387,1.8981925123712944,4.172153382839613,4.271742827648592,0.020309255283895433,0.026411999464569916
400,c_x_tangent:c_0_0p05,t_0p02_0p05,0,0,nan,0,nan,0,nan,0,nan,nan,nan,nan,nan,nan,nan,nan,nan
400,c_x_tangent:c_0_0p05,t_0p05_0p10,0,0,nan,0,nan,0,nan,0,nan,nan,nan,nan,nan,nan,nan,nan,nan
400,c_x_tangent:c_0_0p05,t_0p10_inf,0,0,nan,0,nan,0,nan,0,nan,nan,nan,nan,nan,nan,nan,nan,nan
400,c_x_tangent:c_0p05_0p10,t_0_0p005,0,0,nan,0,nan,0,nan,0,nan,nan,nan,nan,nan,nan,nan,nan,nan
400,c_x_tangent:c_0p05_0p10,t_0p005_0p01,0,0,nan,0,nan,0,nan,0,nan,nan,nan,nan,nan,nan,nan,nan,nan
400,c_x_tangent:c_0p05_0p10,t_0p01_0p02,252,0,0.0,252,1.0,252,1.0,0,0.0,0.10078961032851176,0.10116478645108083,0.1914356483929005,5.223687481380743,6.116520565486144,6.134720114042324,0.02959540060546087,0.03293630927820034
400,c_x_tangent:c_0p05_0p10,t_0p02_0p05,540,0,0.0,540,1.0,540,1.0,0,0.0,0.15818818833548398,0.16030466576463306,0.15628217970406816,6.398682190724329,6.57347686890667,6.585480565552159,0.04154935754551741,0.049776089625757844
400,c_x_tangent:c_0p05_0p10,t_0p05_0p10,0,0,nan,0,nan,0,nan,0,nan,nan,nan,nan,nan,nan,nan,nan,nan
400,c_x_tangent:c_0p05_0p10,t_0p10_inf,0,0,nan,0,nan,0,nan,0,nan,nan,nan,nan,nan,nan,nan,nan,nan
400,c_x_tangent:c_0p10_0p30,t_0_0p005,0,0,nan,0,nan,0,nan,0,nan,nan,nan,nan,nan,nan,nan,nan,nan
400,c_x_tangent:c_0p10_0p30,t_0p005_0p01,0,0,nan,0,nan,0,nan,0,nan,nan,nan,nan,nan,nan,nan,nan,nan
400,c_x_tangent:c_0p10_0p30,t_0p01_0p02,0,0,nan,0,nan,0,nan,0,nan,nan,nan,nan,nan,nan,nan,nan,nan
400,c_x_tangent:c_0p10_0p30,t_0p02_0p05,832,0,0.0,832,1.0,832,1.0,0,0.0,0.2602306255805726,0.26272852756095355,0.16660899320469558,6.002076963344958,6.220795784537218,6.275372911601425,0.07020872763700178,0.09026955172075496
400,c_x_tangent:c_0p10_0p30,t_0p05_0p10,588,0,0.0,588,1.0,152,0.2585034013605442,436,0.7414965986394558,0.33607701497083564,0.33839542007033935,0.1640753091221761,6.094762248812012,6.721540299416713,6.767908401406786,0.10896026262770786,0.12347240794386077
400,c_x_tangent:c_0p10_0p30,t_0p10_inf,0,0,nan,0,nan,0,nan,0,nan,nan,nan,nan,nan,nan,nan,nan,nan
400,c_x_tangent:c_0p30_0p70,t_0_0p005,0,0,nan,0,nan,0,nan,0,nan,nan,nan,nan,nan,nan,nan,nan,nan
400,c_x_tangent:c_0p30_0p70,t_0p005_0p01,0,0,nan,0,nan,0,nan,0,nan,nan,nan,nan,nan,nan,nan,nan,nan
400,c_x_tangent:c_0p30_0p70,t_0p01_0p02,0,0,nan,0,nan,0,nan,0,nan,nan,nan,nan,nan,nan,nan,nan,nan
400,c_x_tangent:c_0p30_0p70,t_0p02_0p05,0,0,nan,0,nan,0,nan,0,nan,nan,nan,nan,nan,nan,nan,nan,nan
400,c_x_tangent:c_0p30_0p70,t_0p05_0p10,1672,0,0.0,1672,1.0,0,0.0,1672,1.0,0.38700777243332013,0.3877217666742542,0.1342256216560736,7.450142436756975,7.740155448666402,7.754435333485083,0.14601849006432188,0.15280887251168368
400,c_x_tangent:c_0p30_0p70,t_0p10_inf,0,0,nan,0,nan,0,nan,0,nan,nan,nan,nan,nan,nan,nan,nan,nan
400,c_x_tangent:c_0p70_0p90,t_0_0p005,0,0,nan,0,nan,0,nan,0,nan,nan,nan,nan,nan,nan,nan,nan,nan
400,c_x_tangent:c_0p70_0p90,t_0p005_0p01,0,0,nan,0,nan,0,nan,0,nan,nan,nan,nan,nan,nan,nan,nan,nan
400,c_x_tangent:c_0p70_0p90,t_0p01_0p02,0,0,nan,0,nan,0,nan,0,nan,nan,nan,nan,nan,nan,nan,nan,nan
400,c_x_tangent:c_0p70_0p90,t_0p02_0p05,808,0,0.0,808,1.0,752,0.9306930693069307,56,0.06930693069306931,0.246152773022351,0.24917962723888648,0.20726003177618085,4.82485692697324,4.92305546044702,4.983592544777729,0.07720426163747704,0.10202436787154241
400,c_x_tangent:c_0p70_0p90,t_0p05_0p10,436,0,0.0,436,1.0,0,0.0,436,1.0,0.3154094788987472,0.31733534874291236,0.175335579270742,5.703348996017882,6.308189577974944,6.346706974858247,0.11795924356887544,0.1298145672055595
400,c_x_tangent:c_0p70_0p90,t_0p10_inf,0,0,nan,0,nan,0,nan,0,nan,nan,nan,nan,nan,nan,nan,nan,nan
400,c_x_tangent:c_0p90_0p95,t_0_0p005,0,0,nan,0,nan,0,nan,0,nan,nan,nan,nan,nan,nan,nan,nan,nan
400,c_x_tangent:c_0p90_0p95,t_0p005_0p01,0,0,nan,0,nan,0,nan,0,nan,nan,nan,nan,nan,nan,nan,nan,nan
400,c_x_tangent:c_0p90_0p95,t_0p01_0p02,396,0,0.0,396,1.0,396,1.0,0,0.0,0.09758192517392555,0.09812486460647293,0.21905244596142498,4.565116794797623,4.859610796725682,4.862256994909905,0.033843201274010415,0.04016038701686753
400,c_x_tangent:c_0p90_0p95,t_0p02_0p05,276,0,0.0,276,1.0,276,1.0,0,0.0,0.12941490583398124,0.12984768694357587,0.20645160933732407,4.843750083662882,4.85529016574659,4.857671788482834,0.047391345551592995,0.05358575717921028
400,c_x_tangent:c_0p90_0p95,t_0p05_0p10,0,0,nan,0,nan,0,nan,0,nan,nan,nan,nan,nan,nan,nan,nan,nan
400,c_x_tangent:c_0p90_0p95,t_0p10_inf,0,0,nan,0,nan,0,nan,0,nan,nan,nan,nan,nan,nan,nan,nan,nan
400,c_x_tangent:c_0p95_1,t_0_0p005,8,0,0.0,0,0.0,8,1.0,0,0.0,1.399115842412223e-06,1.399115842412246e-06,1.0,0.0002638157828564968,0.0002638157828568117,0.00026381578285681755,0.010606763759631849,0.01060676375963215
400,c_x_tangent:c_0p95_1,t_0p005_0p01,572,0,0.0,72,0.1258741258741259,572,1.0,0,0.0,0.014177696319027218,0.015556497023433952,1.0,0.269987384995944,1.4037221634553125,1.5080644777715029,0.014881319451381464,0.020200145994885867
400,c_x_tangent:c_0p95_1,t_0p01_0p02,252,0,0.0,252,1.0,252,1.0,0,0.0,0.04192036421079945,0.042036243404423204,0.4504851146966635,2.219829173874824,3.1195794180838363,3.1282053312567553,0.0234015057211584,0.026875629284561824
400,c_x_tangent:c_0p95_1,t_0p02_0p05,0,0,nan,0,nan,0,nan,0,nan,nan,nan,nan,nan,nan,nan,nan,nan
400,c_x_tangent:c_0p95_1,t_0p05_0p10,0,0,nan,0,nan,0,nan,0,nan,nan,nan,nan,nan,nan,nan,nan,nan
400,c_x_tangent:c_0p95_1,t_0p10_inf,0,0,nan,0,nan,0,nan,0,nan,nan,nan,nan,nan,nan,nan,nan,nan
500,region,none_or_unknown,7696,0,0.0,6656,0.8648648648648649,5024,0.6528066528066528,2672,0.3471933471933472,0.380411502867401,0.3834882284112633,0.17758244895405847,5.63118768100911,7.6082300573480195,7.669764568225267,0.0653109417397375,0.15165817946325438
500,region,sphere_upper,0,0,nan,0,nan,0,nan,0,nan,nan,nan,nan,nan,nan,nan,nan,nan
500,region,sphere_lower90,0,0,nan,0,nan,0,nan,0,nan,nan,nan,nan,nan,nan,nan,nan,nan
500,region,sphere_bottom120,0,0,nan,0,nan,0,nan,0,nan,nan,nan,nan,nan,nan,nan,nan,nan
500,region,outer_or_other_wall,0,0,nan,0,nan,0,nan,0,nan,nan,nan,nan,nan,nan,nan,nan,nan
500,theta_zone,sphere11,0,0,nan,0,nan,0,nan,0,nan,nan,nan,nan,nan,nan,nan,nan,nan
500,theta_zone,outer90,0,0,nan,0,nan,0,nan,0,nan,nan,nan,nan,nan,nan,nan,nan,nan
500,theta_zone,fallback,7696,0,0.0,6656,0.8648648648648649,5024,0.6528066528066528,2672,0.3471933471933472,0.380411502867401,0.3834882284112633,0.17758244895405847,5.63118768100911,7.6082300573480195,7.669764568225267,0.0653109417397375,0.15165817946325438
500,c_bin,c_0_0p05,1032,0,0.0,500,0.4844961240310077,1032,1.0,0,0.0,0.04652205435831888,0.055950657041095794,1.0,0.8399647124253777,3.684060386094543,4.176223269636312,0.017105410825068272,0.025255858744289865
500,c_bin,c_0p05_0p10,800,0,0.0,800,1.0,800,1.0,0,0.0,0.1537960897762953,0.15770676735712466,0.1605651557425805,6.22800523055062,6.428471979589547,6.443909155117959,0.037346992857508074,0.049526227826763365
500,c_bin,c_0p10_0p30,1436,0,0.0,1436,1.0,952,0.6629526462395543,484,0.3370473537604457,0.3243680590422588,0.33274721833508947,0.16908541709626634,5.914170584153124,6.487361180845175,6.654944366701789,0.0849593733684619,0.12034197225950251
500,c_bin,c_0p30_0p70,1680,0,0.0,1680,1.0,0,0.0,1680,1.0,0.38323478711973963,0.38402479058173894,0.1355709679046338,7.3762108347887185,7.664695742394792,7.680495811634779,0.14627973127247312,0.15302211281418981
500,c_bin,c_0p70_0p90,1244,0,0.0,1244,1.0,736,0.5916398713826366,508,0.40836012861736337,0.3124075648714019,0.31589258562404265,0.20594744728354664,4.855607647436429,6.248151297428039,6.317851712480853,0.09222785038275017,0.12873737936726468
500,c_bin,c_0p90_0p95,672,0,0.0,672,1.0,672,1.0,0,0.0,0.12739323883161052,0.1307637534189405,0.20580422849476826,4.858986655978359,4.879800410029362,4.884445397009703,0.03792201293171149,0.052410184475101866
500,c_bin,c_0p95_1,832,0,0.0,324,0.3894230769230769,832,1.0,0,0.0,0.0386536951871186,0.04217811795890415,1.0,0.6258386316178188,2.9549297297524766,3.1366544656351025,0.016925864138661928,0.026162175565749783
500,tangent_bin,t_0_0p005,8,0,0.0,0,0.0,8,1.0,0,0.0,1.4227651013485004e-06,1.4227651013485052e-06,1.0,0.0002682512608276887,0.000268251260827897,0.00026825126082789764,0.0106077048581803,0.01060770485818063
500,tangent_bin,t_0p005_0p01,1040,0,0.0,72,0.06923076923076923,1040,1.0,0,0.0,0.010744183889958674,0.015172700658881832,1.0,0.19356990520775003,1.1252386705189366,1.480730705766688,0.013888410280473856,0.01909671996075935
500,tangent_bin,t_0p01_0p02,1472,0,0.0,1408,0.9565217391304348,1472,1.0,0,0.0,0.09505530188334627,0.09954910607286031,0.29395306128405074,3.401998074121752,5.529424043978363,6.01457613535833,0.02615253350565542,0.03792147610372329
500,tangent_bin,t_0p02_0p05,2480,0,0.0,2480,1.0,2408,0.9709677419354839,72,0.02903225806451613,0.25025816830109215,0.25852651142216587,0.17426810896510514,5.738284948768284,6.355034603754197,6.438394279837648,0.06314541343614316,0.09643317068260149
500,tangent_bin,t_0p05_0p10,2696,0,0.0,2696,1.0,96,0.03560830860534125,2600,0.9643916913946587,0.38272295534201606,0.38394500387750974,0.14428068808630284,6.930934539269362,7.654459106840321,7.678900077550194,0.1363042750822427,0.15284201424845206
500,tangent_bin,t_0p10_inf,0,0,nan,0,nan,0,nan,0,nan,nan,nan,nan,nan,nan,nan,nan,nan
500,normal_raw_abs_bin,normal_raw_abs_0_1e-4,0,0,nan,0,nan,0,nan,0,nan,nan,nan,nan,nan,nan,nan,nan,nan
500,normal_raw_abs_bin,normal_raw_abs_1e-4_1e-3,0,0,nan,0,nan,0,nan,0,nan,nan,nan,nan,nan,nan,nan,nan,nan
500,normal_raw_abs_bin,normal_raw_abs_1e-3_1e-2,0,0,nan,0,nan,0,nan,0,nan,nan,nan,nan,nan,nan,nan,nan,nan
500,normal_raw_abs_bin,normal_raw_abs_1e-2_5e-2,3224,0,0.0,2184,0.6774193548387096,3224,1.0,0,0.0,0.13992919683397603,0.15101619545126066,0.3576959849548836,2.795670183790658,6.341547608130764,6.430681264448502,0.023907320915318164,0.047180419848972144
500,normal_raw_abs_bin,normal_raw_abs_5e-2_inf,4472,0,0.0,4472,1.0,1800,0.40250447227191416,2672,0.5974955277280859,0.38242459278497715,0.3838097202328004,0.1645918058230837,6.075636709172548,7.648491855699542,7.676194404656008,0.11282386659382364,0.1525593218692874
500,cap_source,abs_cap_selected,2672,0,0.0,2672,1.0,0,0.0,2672,1.0,0.3827229553420162,0.3839450038775098,0.14379753607137413,6.954222077238155,7.654459106840323,7.678900077550196,0.13642017956667898,0.15284201424845215
500,cap_source,ratio_cap_selected,5024,0,0.0,3984,0.7929936305732485,5024,1.0,0,0.0,0.24041869081018058,0.27067101201121035,0.20656818164809163,4.841016617852809,6.28989024286338,6.423443514583351,0.03683487610992058,0.09137482558096387
500,cap_source,none_or_inactive,0,0,nan,0,nan,0,nan,0,nan,nan,nan,nan,nan,nan,nan,nan,nan
500,limiter_class,none,1040,0,0.0,0,0.0,1040,1.0,0,0.0,0.007452194166281357,0.008890911337407997,1.0,0.18739985960053174,0.8652548262487308,0.9647036128446633,0.013861948329683602,0.017789613471808133
500,limiter_class,abs_cap_limiter,2672,0,0.0,2672,1.0,0,0.0,2672,1.0,0.3827229553420162,0.3839450038775098,0.14379753607137413,6.954222077238155,7.654459106840323,7.678900077550196,0.13642017956667898,0.15284201424845215
500,limiter_class,ratio_cap_limiter,3984,0,0.0,3984,1.0,3984,1.0,0,0.0,0.2510318736144257,0.2711308005839967,0.2056883599865856,4.861723823679805,6.326709270096659,6.428751047150676,0.04688220603074099,0.09385709980787514
500,limiter_class,secondary_vector_safety,0,0,nan,0,nan,0,nan,0,nan,nan,nan,nan,nan,nan,nan,nan,nan
500,limiter_class,inactive_or_fallback,0,0,nan,0,nan,0,nan,0,nan,nan,nan,nan,nan,nan,nan,nan,nan
500,normal_agreement_bin,normal_0_0p5,0,0,nan,0,nan,0,nan,0,nan,nan,nan,nan,nan,nan,nan,nan,nan
500,normal_agreement_bin,normal_0p5_0p9,0,0,nan,0,nan,0,nan,0,nan,nan,nan,nan,nan,nan,nan,nan,nan
500,normal_agreement_bin,normal_0p9_0p99,0,0,nan,0,nan,0,nan,0,nan,nan,nan,nan,nan,nan,nan,nan,nan
500,normal_agreement_bin,normal_0p99_1p01,7696,0,0.0,6656,0.8648648648648649,5024,0.6528066528066528,2672,0.3471933471933472,0.380411502867401,0.3834882284112633,0.17758244895405847,5.63118768100911,7.6082300573480195,7.669764568225267,0.0653109417397375,0.15165817946325438
500,c_x_tangent:c_0_0p05,t_0_0p005,0,0,nan,0,nan,0,nan,0,nan,nan,nan,nan,nan,nan,nan,nan,nan
500,c_x_tangent:c_0_0p05,t_0p005_0p01,468,0,0.0,0,0.0,468,1.0,0,0.0,0.004565115208682701,0.0050007747247391475,1.0,0.13240912078558492,0.5756068436553436,0.6231784055603282,0.013525278197182985,0.01586093353514798
500,c_x_tangent:c_0_0p05,t_0p01_0p02,564,0,0.0,500,0.8865248226950354,564,1.0,0,0.0,0.05106381670046919,0.05789531323040089,0.4950173726192566,2.0201311212751145,3.9065087930534954,4.297135509083386,0.020848251864758322,0.026142942154012413
500,c_x_tangent:c_0_0p05,t_0p02_0p05,0,0,nan,0,nan,0,nan,0,nan,nan,nan,nan,nan,nan,nan,nan,nan
500,c_x_tangent:c_0_0p05,t_0p05_0p10,0,0,nan,0,nan,0,nan,0,nan,nan,nan,nan,nan,nan,nan,nan,nan
500,c_x_tangent:c_0_0p05,t_0p10_inf,0,0,nan,0,nan,0,nan,0,nan,nan,nan,nan,nan,nan,nan,nan,nan
500,c_x_tangent:c_0p05_0p10,t_0_0p005,0,0,nan,0,nan,0,nan,0,nan,nan,nan,nan,nan,nan,nan,nan,nan
500,c_x_tangent:c_0p05_0p10,t_0p005_0p01,0,0,nan,0,nan,0,nan,0,nan,nan,nan,nan,nan,nan,nan,nan,nan
500,c_x_tangent:c_0p05_0p10,t_0p01_0p02,260,0,0.0,260,1.0,260,1.0,0,0.0,0.09954910607286034,0.10022861192615182,0.1919575459967815,5.209485226575916,6.014576135358332,6.03742470442453,0.029984374323629753,0.0329773408188116
500,c_x_tangent:c_0p05_0p10,t_0p02_0p05,540,0,0.0,540,1.0,540,1.0,0,0.0,0.1557086586246212,0.15771772206408274,0.15901120731875817,6.2888648973991685,6.438394279837644,6.455351325863902,0.04199980105294181,0.05029192729595519
500,c_x_tangent:c_0p05_0p10,t_0p05_0p10,0,0,nan,0,nan,0,nan,0,nan,nan,nan,nan,nan,nan,nan,nan,nan
500,c_x_tangent:c_0p05_0p10,t_0p10_inf,0,0,nan,0,nan,0,nan,0,nan,nan,nan,nan,nan,nan,nan,nan,nan
500,c_x_tangent:c_0p10_0p30,t_0_0p005,0,0,nan,0,nan,0,nan,0,nan,nan,nan,nan,nan,nan,nan,nan,nan
500,c_x_tangent:c_0p10_0p30,t_0p005_0p01,0,0,nan,0,nan,0,nan,0,nan,nan,nan,nan,nan,nan,nan,nan,nan
500,c_x_tangent:c_0p10_0p30,t_0p01_0p02,0,0,nan,0,nan,0,nan,0,nan,nan,nan,nan,nan,nan,nan,nan,nan
500,c_x_tangent:c_0p10_0p30,t_0p02_0p05,856,0,0.0,856,1.0,856,1.0,0,0.0,0.2577831308067162,0.26019888081036113,0.16943536334068632,5.901957350599487,6.129346397681095,6.179398528982687,0.07051176033757436,0.09111219912929433
500,c_x_tangent:c_0p10_0p30,t_0p05_0p10,580,0,0.0,580,1.0,96,0.16551724137931034,484,0.8344827586206897,0.33189900543406897,0.33288783038645,0.16581868660605192,6.0306833956282375,6.637980108681379,6.657756607729,0.1096011636681366,0.12399762456642305
500,c_x_tangent:c_0p10_0p30,t_0p10_inf,0,0,nan,0,nan,0,nan,0,nan,nan,nan,nan,nan,nan,nan,nan,nan
500,c_x_tangent:c_0p30_0p70,t_0_0p005,0,0,nan,0,nan,0,nan,0,nan,nan,nan,nan,nan,nan,nan,nan,nan
500,c_x_tangent:c_0p30_0p70,t_0p005_0p01,0,0,nan,0,nan,0,nan,0,nan,nan,nan,nan,nan,nan,nan,nan,nan
500,c_x_tangent:c_0p30_0p70,t_0p01_0p02,0,0,nan,0,nan,0,nan,0,nan,nan,nan,nan,nan,nan,nan,nan,nan
500,c_x_tangent:c_0p30_0p70,t_0p02_0p05,0,0,nan,0,nan,0,nan,0,nan,nan,nan,nan,nan,nan,nan,nan,nan
500,c_x_tangent:c_0p30_0p70,t_0p05_0p10,1680,0,0.0,1680,1.0,0,0.0,1680,1.0,0.38323478711973963,0.38402479058173894,0.1355709679046338,7.3762108347887185,7.664695742394792,7.680495811634779,0.14627973127247312,0.15302211281418981
500,c_x_tangent:c_0p30_0p70,t_0p10_inf,0,0,nan,0,nan,0,nan,0,nan,nan,nan,nan,nan,nan,nan,nan,nan
500,c_x_tangent:c_0p70_0p90,t_0_0p005,0,0,nan,0,nan,0,nan,0,nan,nan,nan,nan,nan,nan,nan,nan,nan
500,c_x_tangent:c_0p70_0p90,t_0p005_0p01,0,0,nan,0,nan,0,nan,0,nan,nan,nan,nan,nan,nan,nan,nan,nan
500,c_x_tangent:c_0p70_0p90,t_0p01_0p02,0,0,nan,0,nan,0,nan,0,nan,nan,nan,nan,nan,nan,nan,nan,nan
500,c_x_tangent:c_0p70_0p90,t_0p02_0p05,808,0,0.0,808,1.0,736,0.9108910891089109,72,0.0891089108910891,0.24726443896169875,0.2502577113610938,0.20638022914172582,4.845425380105574,4.945288779233975,5.005154227221876,0.07742003726665247,0.10232295193549734
500,c_x_tangent:c_0p70_0p90,t_0p05_0p10,436,0,0.0,436,1.0,0,0.0,436,1.0,0.3154462184915715,0.31734055954137813,0.1749589927068495,5.715625041780723,6.308924369831431,6.346811190827562,0.11828076357817241,0.13012983166351255
500,c_x_tangent:c_0p70_0p90,t_0p10_inf,0,0,nan,0,nan,0,nan,0,nan,nan,nan,nan,nan,nan,nan,nan,nan
500,c_x_tangent:c_0p90_0p95,t_0_0p005,0,0,nan,0,nan,0,nan,0,nan,nan,nan,nan,nan,nan,nan,nan,nan
500,c_x_tangent:c_0p90_0p95,t_0p005_0p01,0,0,nan,0,nan,0,nan,0,nan,nan,nan,nan,nan,nan,nan,nan,nan
500,c_x_tangent:c_0p90_0p95,t_0p01_0p02,396,0,0.0,396,1.0,396,1.0,0,0.0,0.09817980027192073,0.09872777830695954,0.21781190844235634,4.591117203606197,4.88241207520453,4.884445397009733,0.03387941052973614,0.04021774432786181
500,c_x_tangent:c_0p90_0p95,t_0p02_0p05,276,0,0.0,276,1.0,276,1.0,0,0.0,0.13033118414245687,0.13076375341894123,0.20543850929302362,4.867636566490402,4.878848606535515,4.880840617863276,0.04747694971713623,0.05369764739108984
500,c_x_tangent:c_0p90_0p95,t_0p05_0p10,0,0,nan,0,nan,0,nan,0,nan,nan,nan,nan,nan,nan,nan,nan,nan
500,c_x_tangent:c_0p90_0p95,t_0p10_inf,0,0,nan,0,nan,0,nan,0,nan,nan,nan,nan,nan,nan,nan,nan,nan
500,c_x_tangent:c_0p95_1,t_0_0p005,8,0,0.0,0,0.0,8,1.0,0,0.0,1.4227651013485004e-06,1.4227651013485052e-06,1.0,0.0002682512608276887,0.000268251260827897,0.00026825126082789764,0.0106077048581803,0.01060770485818063
500,c_x_tangent:c_0p95_1,t_0p005_0p01,572,0,0.0,72,0.1258741258741259,572,1.0,0,0.0,0.014244195622115922,0.015627982206289682,1.0,0.270960738509447,1.4098429397602081,1.5144655026968123,0.014883434049093647,0.02020678363582608
500,c_x_tangent:c_0p95_1,t_0p01_0p02,252,0,0.0,252,1.0,252,1.0,0,0.0,0.04217811795890261,0.0422958759215132,0.44831830659390215,2.2305580327457495,3.1366544656349373,3.145415963689474,0.023412832949827017,0.026893661385187007
500,c_x_tangent:c_0p95_1,t_0p02_0p05,0,0,nan,0,nan,0,nan,0,nan,nan,nan,nan,nan,nan,nan,nan,nan
500,c_x_tangent:c_0p95_1,t_0p05_0p10,0,0,nan,0,nan,0,nan,0,nan,nan,nan,nan,nan,nan,nan,nan,nan
500,c_x_tangent:c_0p95_1,t_0p10_inf,0,0,nan,0,nan,0,nan,0,nan,nan,nan,nan,nan,nan,nan,nan,nan
600,region,none_or_unknown,7728,0,0.0,6672,0.8633540372670807,5056,0.6542443064182195,2672,0.34575569358178054,0.37697491299919333,0.38011512465387487,0.18002166483224963,5.554886968364804,7.5394982599838665,7.602302493077497,0.06551253155843521,0.15186973781711352
600,region,sphere_upper,0,0,nan,0,nan,0,nan,0,nan,nan,nan,nan,nan,nan,nan,nan,nan
600,region,sphere_lower90,0,0,nan,0,nan,0,nan,0,nan,nan,nan,nan,nan,nan,nan,nan,nan
600,region,sphere_bottom120,0,0,nan,0,nan,0,nan,0,nan,nan,nan,nan,nan,nan,nan,nan,nan
600,region,outer_or_other_wall,0,0,nan,0,nan,0,nan,0,nan,nan,nan,nan,nan,nan,nan,nan,nan
600,theta_zone,sphere11,0,0,nan,0,nan,0,nan,0,nan,nan,nan,nan,nan,nan,nan,nan,nan
600,theta_zone,outer90,0,0,nan,0,nan,0,nan,0,nan,nan,nan,nan,nan,nan,nan,nan,nan
600,theta_zone,fallback,7728,0,0.0,6672,0.8633540372670807,5056,0.6542443064182195,2672,0.34575569358178054,0.37697491299919333,0.38011512465387487,0.18002166483224963,5.554886968364804,7.5394982599838665,7.602302493077497,0.06551253155843521,0.15186973781711352
600,c_bin,c_0_0p05,1040,0,0.0,492,0.47307692307692306,1040,1.0,0,0.0,0.04880778877801773,0.05307400296967494,1.0,0.8513230720619518,3.7660962529410305,4.00320509766756,0.017055514615500124,0.025793677324631385
600,c_bin,c_0p05_0p10,824,0,0.0,824,1.0,824,1.0,0,0.0,0.1532484942769891,0.15716239892899878,0.1635457893700642,6.114495541901382,6.294557810225544,6.333473930762689,0.038040615868727465,0.050416020078599445
600,c_bin,c_0p10_0p30,1436,0,0.0,1436,1.0,952,0.6629526462395543,484,0.3370473537604457,0.3207802885143274,0.32897811541855143,0.1718749208237878,5.818184498395988,6.415605770286547,6.579562308371028,0.08579237568372969,0.12087146682487843
600,c_bin,c_0p30_0p70,1688,0,0.0,1688,1.0,0,0.0,1688,1.0,0.3800660845354574,0.3805891151504795,0.1367145360563531,7.314511162059642,7.601321690709149,7.61178230300959,0.14652811363351081,0.15322455536373034
600,c_bin,c_0p70_0p90,1236,0,0.0,1236,1.0,736,0.5954692556634305,500,0.4045307443365696,0.31130933623412704,0.3153148364255179,0.20507199081706093,4.87633633445375,6.226186724682541,6.3062967285103575,0.09250173529699557,0.12869372785886993
600,c_bin,c_0p90_0p95,688,0,0.0,688,1.0,688,1.0,0,0.0,0.12826535402347938,0.13165746922668203,0.20483929828084924,4.881875735723957,4.901942804734559,4.906603932942553,0.03797699525313891,0.05252508288527269
600,c_bin,c_0p95_1,816,0,0.0,308,0.37745098039215685,816,1.0,0,0.0,0.03707146203235473,0.03977814880026415,1.0,0.580280358916217,2.8713852998969345,3.017754049601054,0.016689462003568467,0.025821307947551553
600,tangent_bin,t_0_0p005,8,0,0.0,0,0.0,8,1.0,0,0.0,1.433984062426653e-06,1.4339840624269365e-06,1.0,0.00027036373964753205,0.0002703637396476851,0.00027036373964774136,0.010607813490783852,0.01060781349078388
600,tangent_bin,t_0p005_0p01,1040,0,0.0,72,0.06923076923076923,1040,1.0,0,0.0,0.010802102420708493,0.015252052909028799,1.0,0.19431166915902448,1.1309626936932597,1.4879116085944526,0.014192893469894781,0.019102491144837478
600,tangent_bin,t_0p01_0p02,1504,0,0.0,1424,0.9468085106382979,1504,1.0,0,0.0,0.0965199541080387,0.10208557852716138,0.2898320061358495,3.4503004688323196,5.619325559147234,6.037266075841651,0.026136857552996683,0.03797688621445182
600,tangent_bin,t_0p02_0p05,2472,0,0.0,2472,1.0,2408,0.9741100323624595,64,0.025889967637540454,0.2489684614918895,0.25620960214981475,0.1773153546518798,5.63966951403212,6.2468190436153,6.301952613433951,0.0635014841038457,0.09629615704547329
600,tangent_bin,t_0p05_0p10,2704,0,0.0,2704,1.0,96,0.03550295857988166,2608,0.9644970414201184,0.37950451760803,0.3805828507831436,0.1455201969259155,6.871898342118799,7.590090352160599,7.611657015662871,0.13659389835318314,0.1530419711858523
600,tangent_bin,t_0p10_inf,0,0,nan,0,nan,0,nan,0,nan,nan,nan,nan,nan,nan,nan,nan,nan
600,normal_raw_abs_bin,normal_raw_abs_0_1e-4,0,0,nan,0,nan,0,nan,0,nan,nan,nan,nan,nan,nan,nan,nan,nan
600,normal_raw_abs_bin,normal_raw_abs_1e-4_1e-3,0,0,nan,0,nan,0,nan,0,nan,nan,nan,nan,nan,nan,nan,nan,nan
600,normal_raw_abs_bin,normal_raw_abs_1e-3_1e-2,0,0,nan,0,nan,0,nan,0,nan,nan,nan,nan,nan,nan,nan,nan,nan
600,normal_raw_abs_bin,normal_raw_abs_1e-2_5e-2,3240,0,0.0,2184,0.674074074074074,3240,1.0,0,0.0,0.13916926913543917,0.150047302361039,0.3766130871896378,2.655244955671084,6.236606141307911,6.2994845798402554,0.02392129109262886,0.0472730476650679
600,normal_raw_abs_bin,normal_raw_abs_5e-2_inf,4488,0,0.0,4488,1.0,1816,0.40463458110516937,2672,0.5953654188948306,0.37914749564650496,0.3803960290539574,0.16737052797195906,5.974767758217622,7.582949912930098,7.607920581079148,0.11299416616613228,0.15275654713465187
600,cap_source,abs_cap_selected,2672,0,0.0,2672,1.0,0,0.0,2672,1.0,0.3795045176080303,0.3805828507831436,0.14535772538084013,6.879579309458649,7.590090352160605,7.611657015662871,0.13678736026887273,0.1530420920420863
600,cap_source,ratio_cap_selected,5056,0,0.0,4000,0.7911392405063291,5056,1.0,0,0.0,0.2385843537936898,0.2682497484747379,0.20590532203614498,4.856601063563729,6.186258782981651,6.28855296516837,0.03717678773809551,0.09190203246648565
600,cap_source,none_or_inactive,0,0,nan,0,nan,0,nan,0,nan,nan,nan,nan,nan,nan,nan,nan,nan
600,limiter_class,none,1056,0,0.0,0,0.0,1056,1.0,0,0.0,0.007847332673952389,0.008938743609683384,1.0,0.19431166915902448,0.9046342931236186,0.969634892981072,0.014192893469894781,0.01779405611715784
600,limiter_class,abs_cap_limiter,2672,0,0.0,2672,1.0,0,0.0,2672,1.0,0.3795045176080303,0.3805828507831436,0.14535772538084013,6.879579309458649,7.590090352160605,7.611657015662871,0.13678736026887273,0.1530420920420863
600,limiter_class,ratio_cap_limiter,4000,0,0.0,4000,1.0,4000,1.0,0,0.0,0.24887732459961293,0.26845066383671834,0.20473099736593098,4.884458221171586,6.2229127011467,6.294607077921691,0.046976451370678296,0.09418674610623369
600,limiter_class,secondary_vector_safety,0,0,nan,0,nan,0,nan,0,nan,nan,nan,nan,nan,nan,nan,nan,nan
600,limiter_class,inactive_or_fallback,0,0,nan,0,nan,0,nan,0,nan,nan,nan,nan,nan,nan,nan,nan,nan
600,normal_agreement_bin,normal_0_0p5,0,0,nan,0,nan,0,nan,0,nan,nan,nan,nan,nan,nan,nan,nan,nan
600,normal_agreement_bin,normal_0p5_0p9,0,0,nan,0,nan,0,nan,0,nan,nan,nan,nan,nan,nan,nan,nan,nan
600,normal_agreement_bin,normal_0p9_0p99,0,0,nan,0,nan,0,nan,0,nan,nan,nan,nan,nan,nan,nan,nan,nan
600,normal_agreement_bin,normal_0p99_1p01,7728,0,0.0,6672,0.8633540372670807,5056,0.6542443064182195,2672,0.34575569358178054,0.37697491299919333,0.38011512465387487,0.18002166483224963,5.554886968364804,7.5394982599838665,7.602302493077497,0.06551253155843521,0.15186973781711352
600,c_x_tangent:c_0_0p05,t_0_0p005,0,0,nan,0,nan,0,nan,0,nan,nan,nan,nan,nan,nan,nan,nan,nan
600,c_x_tangent:c_0_0p05,t_0p005_0p01,468,0,0.0,0,0.0,468,1.0,0,0.0,0.004394990088635225,0.006146431552795971,1.0,0.15699400182994705,0.5520400773212765,0.7252836251043505,0.013572079592047844,0.016207046571089765
600,c_x_tangent:c_0_0p05,t_0p01_0p02,572,0,0.0,492,0.8601398601398601,572,1.0,0,0.0,0.05000638202642296,0.05461989322577583,0.49826815608033037,2.0069514533430883,3.848766735298385,4.054516300964854,0.021306191024795085,0.02598566526144437
600,c_x_tangent:c_0_0p05,t_0p02_0p05,0,0,nan,0,nan,0,nan,0,nan,nan,nan,nan,nan,nan,nan,nan,nan
600,c_x_tangent:c_0_0p05,t_0p05_0p10,0,0,nan,0,nan,0,nan,0,nan,nan,nan,nan,nan,nan,nan,nan,nan
600,c_x_tangent:c_0_0p05,t_0p10_inf,0,0,nan,0,nan,0,nan,0,nan,nan,nan,nan,nan,nan,nan,nan,nan
600,c_x_tangent:c_0p05_0p10,t_0_0p005,0,0,nan,0,nan,0,nan,0,nan,nan,nan,nan,nan,nan,nan,nan,nan
600,c_x_tangent:c_0p05_0p10,t_0p005_0p01,0,0,nan,0,nan,0,nan,0,nan,nan,nan,nan,nan,nan,nan,nan,nan
600,c_x_tangent:c_0p05_0p10,t_0p01_0p02,284,0,0.0,284,1.0,284,1.0,0,0.0,0.10210709659976049,0.10304965415252933,0.1959007647953381,5.104625298654256,6.03816309359126,6.040129731407422,0.029954907860887618,0.0338095707013791
600,c_x_tangent:c_0p05_0p10,t_0p02_0p05,540,0,0.0,540,1.0,540,1.0,0,0.0,0.15519734361578175,0.1574032953992295,0.1618804504712582,6.177398179266555,6.30195261343395,6.345012846379265,0.042857720821954035,0.05119165928905765
600,c_x_tangent:c_0p05_0p10,t_0p05_0p10,0,0,nan,0,nan,0,nan,0,nan,nan,nan,nan,nan,nan,nan,nan,nan
600,c_x_tangent:c_0p05_0p10,t_0p10_inf,0,0,nan,0,nan,0,nan,0,nan,nan,nan,nan,nan,nan,nan,nan,nan
600,c_x_tangent:c_0p10_0p30,t_0_0p005,0,0,nan,0,nan,0,nan,0,nan,nan,nan,nan,nan,nan,nan,nan,nan
600,c_x_tangent:c_0p10_0p30,t_0p005_0p01,0,0,nan,0,nan,0,nan,0,nan,nan,nan,nan,nan,nan,nan,nan,nan
600,c_x_tangent:c_0p10_0p30,t_0p01_0p02,0,0,nan,0,nan,0,nan,0,nan,nan,nan,nan,nan,nan,nan,nan,nan
600,c_x_tangent:c_0p10_0p30,t_0p02_0p05,856,0,0.0,856,1.0,856,1.0,0,0.0,0.25551843764469456,0.2578578836590238,0.1725401264802907,5.795755888526279,6.019096641858734,6.068166504935253,0.07139270652465482,0.0919020324664856
600,c_x_tangent:c_0p10_0p30,t_0p05_0p10,580,0,0.0,580,1.0,96,0.16551724137931034,484,0.8344827586206897,0.3282212840153578,0.32934680632142854,0.16748617599069535,5.970642019169121,6.5644256803071555,6.586936126428571,0.1102028047379064,0.12449284819452203
600,c_x_tangent:c_0p10_0p30,t_0p10_inf,0,0,nan,0,nan,0,nan,0,nan,nan,nan,nan,nan,nan,nan,nan,nan
600,c_x_tangent:c_0p30_0p70,t_0_0p005,0,0,nan,0,nan,0,nan,0,nan,nan,nan,nan,nan,nan,nan,nan,nan
600,c_x_tangent:c_0p30_0p70,t_0p005_0p01,0,0,nan,0,nan,0,nan,0,nan,nan,nan,nan,nan,nan,nan,nan,nan
600,c_x_tangent:c_0p30_0p70,t_0p01_0p02,0,0,nan,0,nan,0,nan,0,nan,nan,nan,nan,nan,nan,nan,nan,nan
600,c_x_tangent:c_0p30_0p70,t_0p02_0p05,0,0,nan,0,nan,0,nan,0,nan,nan,nan,nan,nan,nan,nan,nan,nan
600,c_x_tangent:c_0p30_0p70,t_0p05_0p10,1688,0,0.0,1688,1.0,0,0.0,1688,1.0,0.3800660845354574,0.3805891151504795,0.1367145360563531,7.314511162059642,7.601321690709149,7.61178230300959,0.14652811363351081,0.15322455536373034
600,c_x_tangent:c_0p30_0p70,t_0p10_inf,0,0,nan,0,nan,0,nan,0,nan,nan,nan,nan,nan,nan,nan,nan,nan
600,c_x_tangent:c_0p70_0p90,t_0_0p005,0,0,nan,0,nan,0,nan,0,nan,nan,nan,nan,nan,nan,nan,nan,nan
600,c_x_tangent:c_0p70_0p90,t_0p005_0p01,0,0,nan,0,nan,0,nan,0,nan,nan,nan,nan,nan,nan,nan,nan,nan
600,c_x_tangent:c_0p70_0p90,t_0p01_0p02,0,0,nan,0,nan,0,nan,0,nan,nan,nan,nan,nan,nan,nan,nan,nan
600,c_x_tangent:c_0p70_0p90,t_0p02_0p05,800,0,0.0,800,1.0,736,0.92,64,0.08,0.24548838489484998,0.2494025201482097,0.20567659429734697,4.862001937635638,4.909767697896999,4.988050402964194,0.07764293580616677,0.10142209204697938
600,c_x_tangent:c_0p70_0p90,t_0p05_0p10,436,0,0.0,436,1.0,0,0.0,436,1.0,0.31521121547820397,0.31573005052136643,0.17546550172807895,5.699125982893848,6.30422430956408,6.314601010427328,0.11780587007327378,0.1300902878504443
600,c_x_tangent:c_0p70_0p90,t_0p10_inf,0,0,nan,0,nan,0,nan,0,nan,nan,nan,nan,nan,nan,nan,nan,nan
600,c_x_tangent:c_0p90_0p95,t_0_0p005,0,0,nan,0,nan,0,nan,0,nan,nan,nan,nan,nan,nan,nan,nan,nan
600,c_x_tangent:c_0p90_0p95,t_0p005_0p01,0,0,nan,0,nan,0,nan,0,nan,nan,nan,nan,nan,nan,nan,nan,nan
600,c_x_tangent:c_0p90_0p95,t_0p01_0p02,412,0,0.0,412,1.0,412,1.0,0,0.0,0.09879043583449486,0.09934397717623426,0.22148746726743096,4.514928146216818,4.904955360923374,4.906603932942589,0.033244535052548624,0.04028188987061321
600,c_x_tangent:c_0p90_0p95,t_0p02_0p05,276,0,0.0,276,1.0,276,1.0,0,0.0,0.13122860620709131,0.1316574692266827,0.2044839073837566,4.890360384806673,4.9016810226121645,4.903567975526549,0.04757083582417715,0.05381856505829426
600,c_x_tangent:c_0p90_0p95,t_0p05_0p10,0,0,nan,0,nan,0,nan,0,nan,nan,nan,nan,nan,nan,nan,nan,nan
600,c_x_tangent:c_0p90_0p95,t_0p10_inf,0,0,nan,0,nan,0,nan,0,nan,nan,nan,nan,nan,nan,nan,nan,nan
600,c_x_tangent:c_0p95_1,t_0_0p005,8,0,0.0,0,0.0,8,1.0,0,0.0,1.433984062426653e-06,1.4339840624269365e-06,1.0,0.00027036373964753205,0.0002703637396476851,0.00027036373964774136,0.010607813490783852,0.01060781349078388
600,c_x_tangent:c_0p95_1,t_0p005_0p01,572,0,0.0,72,0.1258741258741259,572,1.0,0,0.0,0.014319817567296653,0.015709014640793658,1.0,0.27206539478646274,1.4168146159742705,1.5217283854140784,0.014885075124607239,0.020214101980377368
600,c_x_tangent:c_0p95_1,t_0p01_0p02,236,0,0.0,236,1.0,236,1.0,0,0.0,0.039778148800263584,0.039869789457210945,0.45500253962520437,2.1977899306314246,3.017754049600971,3.0247128749858754,0.02326268522204128,0.026362693653953606
600,c_x_tangent:c_0p95_1,t_0p02_0p05,0,0,nan,0,nan,0,nan,0,nan,nan,nan,nan,nan,nan,nan,nan,nan
600,c_x_tangent:c_0p95_1,t_0p05_0p10,0,0,nan,0,nan,0,nan,0,nan,nan,nan,nan,nan,nan,nan,nan,nan
600,c_x_tangent:c_0p95_1,t_0p10_inf,0,0,nan,0,nan,0,nan,0,nan,nan,nan,nan,nan,nan,nan,nan,nan
700,region,none_or_unknown,7776,0,0.0,6696,0.8611111111111112,5096,0.6553497942386831,2680,0.3446502057613169,0.3736784148426452,0.3769133119977121,0.18209089415812757,5.491762806829873,7.473568296852903,7.5382662399542415,0.06547618076519113,0.15207403967154687
700,region,sphere_upper,0,0,nan,0,nan,0,nan,0,nan,nan,nan,nan,nan,nan,nan,nan,nan
700,region,sphere_lower90,0,0,nan,0,nan,0,nan,0,nan,nan,nan,nan,nan,nan,nan,nan,nan
700,region,sphere_bottom120,0,0,nan,0,nan,0,nan,0,nan,nan,nan,nan,nan,nan,nan,nan,nan
700,region,outer_or_other_wall,0,0,nan,0,nan,0,nan,0,nan,nan,nan,nan,nan,nan,nan,nan,nan
700,theta_zone,sphere11,0,0,nan,0,nan,0,nan,0,nan,nan,nan,nan,nan,nan,nan,nan,nan
700,theta_zone,outer90,0,0,nan,0,nan,0,nan,0,nan,nan,nan,nan,nan,nan,nan,nan,nan
700,theta_zone,fallback,7776,0,0.0,6696,0.8611111111111112,5096,0.6553497942386831,2680,0.3446502057613169,0.3736784148426452,0.3769133119977121,0.18209089415812757,5.491762806829873,7.473568296852903,7.5382662399542415,0.06547618076519113,0.15207403967154687
700,c_bin,c_0_0p05,1072,0,0.0,500,0.4664179104477612,1072,1.0,0,0.0,0.05108923225652092,0.053392109595185235,1.0,0.8401468539963954,3.8849624711752067,3.999144573242668,0.01712216441516952,0.026301017132382417
700,c_bin,c_0p05_0p10,808,0,0.0,808,1.0,808,1.0,0,0.0,0.15002106394474338,0.15273953680132185,0.1661567190736881,6.018414455791671,6.180146868819551,6.2177819552383475,0.038216104266693945,0.050074860103718866
700,c_bin,c_0p10_0p30,1468,0,0.0,1468,1.0,976,0.6648501362397821,492,0.335149863760218,0.3166261582780402,0.325488630824228,0.1746862779255064,5.724548097741497,6.332523165560804,6.50977261648456,0.08553205636576114,0.12106549647908652
700,c_bin,c_0p30_0p70,1696,0,0.0,1696,1.0,0,0.0,1696,1.0,0.37686832514682417,0.37751260542437,0.13784964791076787,7.254282746383611,7.537366502936483,7.550252108487399,0.14659757595049408,0.15341283194309224
700,c_bin,c_0p70_0p90,1244,0,0.0,1244,1.0,752,0.6045016077170418,492,0.3954983922829582,0.30991821464260255,0.31499987056703926,0.20425396896662384,4.895865696315576,6.198364292852051,6.299997411340785,0.09151335734886717,0.12828432336462836
700,c_bin,c_0p90_0p95,672,0,0.0,672,1.0,672,1.0,0,0.0,0.12783337833022287,0.13142316217881927,0.20392894204941386,4.9036688463655675,4.923621362299027,4.928233694699198,0.03803817445638524,0.05200606428027332
700,c_bin,c_0p95_1,816,0,0.0,308,0.37745098039215685,816,1.0,0,0.0,0.03733562572631162,0.04006607873977918,1.0,0.5835151007401196,2.8894921985237234,3.0370105394126075,0.016693053083790432,0.025842344025284097
700,tangent_bin,t_0_0p005,8,0,0.0,0,0.0,8,1.0,0,0.0,1.441657062242351e-06,1.441657062242351e-06,1.0,0.0002718181545808688,0.0002718181545808789,0.000271818154580879,0.010607511219883486,0.010607511219883658
700,tangent_bin,t_0p005_0p01,1072,0,0.0,72,0.06716417910447761,1072,1.0,0,0.0,0.010868138904659945,0.0153414459291607,1.0,0.2141101817516723,1.1374681158384472,1.4959597323958234,0.014259366452307631,0.019109351292275468
700,tangent_bin,t_0p01_0p02,1504,0,0.0,1432,0.9521276595744681,1504,1.0,0,0.0,0.0985366415886968,0.10365112170425915,0.2879507339805921,3.472842861525206,5.5647861315551,6.006098810491753,0.026385183110593763,0.03803817445638532
700,tangent_bin,t_0p02_0p05,2488,0,0.0,2488,1.0,2432,0.977491961414791,56,0.022508038585209004,0.2484976658995528,0.25560610967058633,0.18020279526838923,5.549303486167497,6.143066685793076,6.1896358212372755,0.06406330324733421,0.09658025511417773
700,tangent_bin,t_0p05_0p10,2704,0,0.0,2704,1.0,80,0.029585798816568046,2624,0.9704142011834319,0.37648151049357925,0.377293659789353,0.1461323057069393,6.843113814993433,7.529630209871585,7.545873195787059,0.13687286744624294,0.153231009995895
700,tangent_bin,t_0p10_inf,0,0,nan,0,nan,0,nan,0,nan,nan,nan,nan,nan,nan,nan,nan,nan
700,normal_raw_abs_bin,normal_raw_abs_0_1e-4,0,0,nan,0,nan,0,nan,0,nan,nan,nan,nan,nan,nan,nan,nan,nan
700,normal_raw_abs_bin,normal_raw_abs_1e-4_1e-3,0,0,nan,0,nan,0,nan,0,nan,nan,nan,nan,nan,nan,nan,nan,nan
700,normal_raw_abs_bin,normal_raw_abs_1e-3_1e-2,0,0,nan,0,nan,0,nan,0,nan,nan,nan,nan,nan,nan,nan,nan,nan
700,normal_raw_abs_bin,normal_raw_abs_1e-2_5e-2,3248,0,0.0,2168,0.6674876847290641,3248,1.0,0,0.0,0.13400253889096922,0.14705708907002785,0.3741270277892363,2.672892454502703,6.13158154678772,6.186305416887295,0.023788981785890177,0.047275212196561986
700,normal_raw_abs_bin,normal_raw_abs_5e-2_inf,4528,0,0.0,4528,1.0,1848,0.4081272084805654,2680,0.5918727915194346,0.37603126609621407,0.37725013531170054,0.1693477025913488,5.905010724669172,7.520625321924281,7.545002706234011,0.1133001301080103,0.1529414906278962
700,cap_source,abs_cap_selected,2680,0,0.0,2680,1.0,0,0.0,2680,1.0,0.3764815104935793,0.377293659789353,0.14606358671575712,6.846333469328373,7.529630209871586,7.545873195787059,0.13700507572052573,0.15323125816790584
700,cap_source,ratio_cap_selected,5096,0,0.0,4016,0.7880690737833596,5096,1.0,0,0.0,0.23889491613609842,0.263331957360587,0.20537777386777997,4.86907605028278,6.096429038268497,6.172387107199637,0.037291546557036925,0.09264753150946381
700,cap_source,none_or_inactive,0,0,nan,0,nan,0,nan,0,nan,nan,nan,nan,nan,nan,nan,nan,nan
700,limiter_class,none,1080,0,0.0,0,0.0,1080,1.0,0,0.0,0.00772876863754541,0.008993620312522266,1.0,0.20554524821237777,0.8911636516308252,0.975277151979601,0.014259177574683547,0.01779877572922596
700,limiter_class,abs_cap_limiter,2680,0,0.0,2680,1.0,0,0.0,2680,1.0,0.3764815104935793,0.377293659789353,0.14606358671575712,6.846333469328373,7.529630209871586,7.545873195787059,0.13700507572052573,0.15323125816790584
700,limiter_class,ratio_cap_limiter,4016,0,0.0,4016,1.0,4016,1.0,0,0.0,0.24637042307492066,0.2659220309390784,0.20384960453652073,4.905577370672603,6.120335607720494,6.180146868819552,0.04727521219656201,0.09367655847207754
700,limiter_class,secondary_vector_safety,0,0,nan,0,nan,0,nan,0,nan,nan,nan,nan,nan,nan,nan,nan,nan
700,limiter_class,inactive_or_fallback,0,0,nan,0,nan,0,nan,0,nan,nan,nan,nan,nan,nan,nan,nan,nan
700,normal_agreement_bin,normal_0_0p5,0,0,nan,0,nan,0,nan,0,nan,nan,nan,nan,nan,nan,nan,nan,nan
700,normal_agreement_bin,normal_0p5_0p9,0,0,nan,0,nan,0,nan,0,nan,nan,nan,nan,nan,nan,nan,nan,nan
700,normal_agreement_bin,normal_0p9_0p99,0,0,nan,0,nan,0,nan,0,nan,nan,nan,nan,nan,nan,nan,nan,nan
700,normal_agreement_bin,normal_0p99_1p01,7776,0,0.0,6696,0.8611111111111112,5096,0.6553497942386831,2680,0.3446502057613169,0.3736784148426452,0.3769133119977121,0.18209089415812757,5.491762806829873,7.473568296852903,7.5382662399542415,0.06547618076519113,0.15207403967154687
700,c_x_tangent:c_0_0p05,t_0_0p005,0,0,nan,0,nan,0,nan,0,nan,nan,nan,nan,nan,nan,nan,nan,nan
700,c_x_tangent:c_0_0p05,t_0p005_0p01,500,0,0.0,0,0.0,500,1.0,0,0.0,0.004716377312115122,0.005483957027217904,1.0,0.10862809452499018,0.5884729117613238,0.6693556021653037,0.01342542761422074,0.01664657370887392
700,c_x_tangent:c_0_0p05,t_0p01_0p02,572,0,0.0,500,0.8741258741258742,572,1.0,0,0.0,0.052476972508894104,0.05351421990592761,0.47717886396145426,2.0956502383575364,3.9500311971204933,4.020963936241017,0.021387399494096272,0.026617607496353318
700,c_x_tangent:c_0_0p05,t_0p02_0p05,0,0,nan,0,nan,0,nan,0,nan,nan,nan,nan,nan,nan,nan,nan,nan
700,c_x_tangent:c_0_0p05,t_0p05_0p10,0,0,nan,0,nan,0,nan,0,nan,nan,nan,nan,nan,nan,nan,nan,nan
700,c_x_tangent:c_0_0p05,t_0p10_inf,0,0,nan,0,nan,0,nan,0,nan,nan,nan,nan,nan,nan,nan,nan,nan
700,c_x_tangent:c_0p05_0p10,t_0_0p005,0,0,nan,0,nan,0,nan,0,nan,nan,nan,nan,nan,nan,nan,nan,nan
700,c_x_tangent:c_0p05_0p10,t_0p005_0p01,0,0,nan,0,nan,0,nan,0,nan,nan,nan,nan,nan,nan,nan,nan,nan
700,c_x_tangent:c_0p05_0p10,t_0p01_0p02,284,0,0.0,284,1.0,284,1.0,0,0.0,0.1037651942841346,0.10386411361380016,0.19695826372905334,5.077217787498651,6.009310244955037,6.019016819731107,0.030123119527322974,0.034511986500293614
700,c_x_tangent:c_0p05_0p10,t_0p02_0p05,524,0,0.0,524,1.0,524,1.0,0,0.0,0.1509305880239723,0.1546477072318549,0.16420442046383132,6.089970033542832,6.189635821237275,6.2188124669231355,0.04245979079798579,0.05043170446783364
700,c_x_tangent:c_0p05_0p10,t_0p05_0p10,0,0,nan,0,nan,0,nan,0,nan,nan,nan,nan,nan,nan,nan,nan,nan
700,c_x_tangent:c_0p05_0p10,t_0p10_inf,0,0,nan,0,nan,0,nan,0,nan,nan,nan,nan,nan,nan,nan,nan,nan
700,c_x_tangent:c_0p10_0p30,t_0_0p005,0,0,nan,0,nan,0,nan,0,nan,nan,nan,nan,nan,nan,nan,nan,nan
700,c_x_tangent:c_0p10_0p30,t_0p005_0p01,0,0,nan,0,nan,0,nan,0,nan,nan,nan,nan,nan,nan,nan,nan,nan
700,c_x_tangent:c_0p10_0p30,t_0p01_0p02,0,0,nan,0,nan,0,nan,0,nan,nan,nan,nan,nan,nan,nan,nan,nan
700,c_x_tangent:c_0p10_0p30,t_0p02_0p05,896,0,0.0,896,1.0,896,1.0,0,0.0,0.25340568947490594,0.25665171241929197,0.1753723514299675,5.702153115049815,5.926910356299739,5.989711462760031,0.07095280673344904,0.09264960545350961
700,c_x_tangent:c_0p10_0p30,t_0p05_0p10,572,0,0.0,572,1.0,80,0.13986013986013987,492,0.8601398601398601,0.32477708619215745,0.32603891693073545,0.16909267600238115,5.913916697290414,6.495541723843148,6.520778338614709,0.11077407495152777,0.12495857557684634
700,c_x_tangent:c_0p10_0p30,t_0p10_inf,0,0,nan,0,nan,0,nan,0,nan,nan,nan,nan,nan,nan,nan,nan,nan
700,c_x_tangent:c_0p30_0p70,t_0_0p005,0,0,nan,0,nan,0,nan,0,nan,nan,nan,nan,nan,nan,nan,nan,nan
700,c_x_tangent:c_0p30_0p70,t_0p005_0p01,0,0,nan,0,nan,0,nan,0,nan,nan,nan,nan,nan,nan,nan,nan,nan
700,c_x_tangent:c_0p30_0p70,t_0p01_0p02,0,0,nan,0,nan,0,nan,0,nan,nan,nan,nan,nan,nan,nan,nan,nan
700,c_x_tangent:c_0p30_0p70,t_0p02_0p05,0,0,nan,0,nan,0,nan,0,nan,nan,nan,nan,nan,nan,nan,nan,nan
700,c_x_tangent:c_0p30_0p70,t_0p05_0p10,1696,0,0.0,1696,1.0,0,0.0,1696,1.0,0.37686832514682417,0.37751260542437,0.13784964791076787,7.254282746383611,7.537366502936483,7.550252108487399,0.14659757595049408,0.15341283194309224
700,c_x_tangent:c_0p30_0p70,t_0p10_inf,0,0,nan,0,nan,0,nan,0,nan,nan,nan,nan,nan,nan,nan,nan,nan
700,c_x_tangent:c_0p70_0p90,t_0_0p005,0,0,nan,0,nan,0,nan,0,nan,nan,nan,nan,nan,nan,nan,nan,nan
700,c_x_tangent:c_0p70_0p90,t_0p005_0p01,0,0,nan,0,nan,0,nan,0,nan,nan,nan,nan,nan,nan,nan,nan,nan
700,c_x_tangent:c_0p70_0p90,t_0p01_0p02,0,0,nan,0,nan,0,nan,0,nan,nan,nan,nan,nan,nan,nan,nan,nan
700,c_x_tangent:c_0p70_0p90,t_0p02_0p05,808,0,0.0,808,1.0,752,0.9306930693069307,56,0.06930693069306931,0.24417964203408782,0.24983958483686722,0.20508584431296917,4.87600694093706,4.9129865496076635,4.996791696737344,0.07786983590105412,0.10081024577388716
700,c_x_tangent:c_0p70_0p90,t_0p05_0p10,436,0,0.0,436,1.0,0,0.0,436,1.0,0.31380403772205445,0.3150569778321579,0.17635621668567475,5.670341645978557,6.276080754441089,6.301139556643157,0.11732383401578184,0.13038331672033743
700,c_x_tangent:c_0p70_0p90,t_0p10_inf,0,0,nan,0,nan,0,nan,0,nan,nan,nan,nan,nan,nan,nan,nan,nan
700,c_x_tangent:c_0p90_0p95,t_0_0p005,0,0,nan,0,nan,0,nan,0,nan,nan,nan,nan,nan,nan,nan,nan,nan
700,c_x_tangent:c_0p90_0p95,t_0p005_0p01,0,0,nan,0,nan,0,nan,0,nan,nan,nan,nan,nan,nan,nan,nan,nan
700,c_x_tangent:c_0p90_0p95,t_0p01_0p02,412,0,0.0,412,1.0,412,1.0,0,0.0,0.0994029375697924,0.09996277495494828,0.22012772341353348,4.542817163113039,4.9267423481809285,4.928233694699231,0.03328831514520536,0.040352399433469154
700,c_x_tangent:c_0p90_0p95,t_0p02_0p05,260,0,0.0,260,1.0,260,1.0,0,0.0,0.13073268994374365,0.1314231621788203,0.20357834703319622,4.912113761474527,4.923461494000893,4.925386693873202,0.04737283425071373,0.053294067630045516
700,c_x_tangent:c_0p90_0p95,t_0p05_0p10,0,0,nan,0,nan,0,nan,0,nan,nan,nan,nan,nan,nan,nan,nan,nan
700,c_x_tangent:c_0p90_0p95,t_0p10_inf,0,0,nan,0,nan,0,nan,0,nan,nan,nan,nan,nan,nan,nan,nan,nan
700,c_x_tangent:c_0p95_1,t_0_0p005,8,0,0.0,0,0.0,8,1.0,0,0.0,1.441657062242351e-06,1.441657062242351e-06,1.0,0.0002718181545808688,0.0002718181545808789,0.000271818154580879,0.010607511219883486,0.010607511219883658
700,c_x_tangent:c_0p95_1,t_0p005_0p01,572,0,0.0,72,0.1258741258741259,572,1.0,0,0.0,0.014405244572801216,0.015800167089925748,1.0,0.2733697391902765,1.4246520539521474,1.5298552733149047,0.014886866360624862,0.02022282498079361
700,c_x_tangent:c_0p95_1,t_0p01_0p02,236,0,0.0,236,1.0,236,1.0,0,0.0,0.04006607873977906,0.040159453163562724,0.4523366125801014,2.2107430002096424,3.0370105394125897,3.0440942729647578,0.023277499313569983,0.02638515733249608
700,c_x_tangent:c_0p95_1,t_0p02_0p05,0,0,nan,0,nan,0,nan,0,nan,nan,nan,nan,nan,nan,nan,nan,nan
700,c_x_tangent:c_0p95_1,t_0p05_0p10,0,0,nan,0,nan,0,nan,0,nan,nan,nan,nan,nan,nan,nan,nan,nan
700,c_x_tangent:c_0p95_1,t_0p10_inf,0,0,nan,0,nan,0,nan,0,nan,nan,nan,nan,nan,nan,nan,nan,nan
800,region,none_or_unknown,7816,0,0.0,6728,0.8607983623336745,5120,0.6550665301944729,2696,0.34493346980552714,0.3707255446377134,0.37396818727028486,0.1836574491911868,5.444919730360658,7.414510892754268,7.4793637454056965,0.06505262345180687,0.15226710533660892
800,region,sphere_upper,0,0,nan,0,nan,0,nan,0,nan,nan,nan,nan,nan,nan,nan,nan,nan
800,region,sphere_lower90,0,0,nan,0,nan,0,nan,0,nan,nan,nan,nan,nan,nan,nan,nan,nan
800,region,sphere_bottom120,0,0,nan,0,nan,0,nan,0,nan,nan,nan,nan,nan,nan,nan,nan,nan
800,region,outer_or_other_wall,0,0,nan,0,nan,0,nan,0,nan,nan,nan,nan,nan,nan,nan,nan,nan
800,theta_zone,sphere11,0,0,nan,0,nan,0,nan,0,nan,nan,nan,nan,nan,nan,nan,nan,nan
800,theta_zone,outer90,0,0,nan,0,nan,0,nan,0,nan,nan,nan,nan,nan,nan,nan,nan,nan
800,theta_zone,fallback,7816,0,0.0,6728,0.8607983623336745,5120,0.6550665301944729,2696,0.34493346980552714,0.3707255446377134,0.37396818727028486,0.1836574491911868,5.444919730360658,7.414510892754268,7.4793637454056965,0.06505262345180687,0.15226710533660892
800,c_bin,c_0_0p05,1080,0,0.0,492,0.45555555555555555,1080,1.0,0,0.0,0.049509572691376395,0.05536109956808084,1.0,0.795415003804564,3.7501676276365083,4.0816288889900605,0.01739259647863699,0.026324054605332995
800,c_bin,c_0p05_0p10,824,0,0.0,824,1.0,824,1.0,0,0.0,0.14956442549485346,0.1508010738040788,0.16901476501471616,5.9166428442682495,6.089940356397343,6.1069392945784235,0.03857179263366086,0.050736269219157734
800,c_bin,c_0p10_0p30,1468,0,0.0,1468,1.0,976,0.6648501362397821,492,0.335149863760218,0.31260135372340303,0.32154899582236296,0.17739085867559998,5.637269064854859,6.25202707446806,6.430979916447259,0.08534895384610534,0.12069189727780186
800,c_bin,c_0p30_0p70,1712,0,0.0,1712,1.0,0,0.0,1712,1.0,0.37392656595067264,0.3745748536124307,0.13908604915488304,7.189794133108229,7.478531319013452,7.491497072248613,0.1466627890127289,0.1535908806780727
800,c_bin,c_0p70_0p90,1244,0,0.0,1244,1.0,752,0.6045016077170418,492,0.3954983922829582,0.309714204041367,0.31468526092030613,0.20356814194048461,4.91236001108838,6.19428408082734,6.293705218406123,0.09178412351302351,0.12857438245793837
800,c_bin,c_0p90_0p95,672,0,0.0,672,1.0,672,1.0,0,0.0,0.12863578142760007,0.1322566868411531,0.2030875231166528,4.923985406162068,4.944548734832166,4.949044831120667,0.03810489046983448,0.052131986708057625
800,c_bin,c_0p95_1,816,0,0.0,316,0.3872549019607843,816,1.0,0,0.0,0.03762019952501201,0.04037519437661494,1.0,0.5872133351511657,2.908800618490247,3.05746696177751,0.01669760168613288,0.025866468320911204
800,tangent_bin,t_0_0p005,8,0,0.0,0,0.0,8,1.0,0,0.0,1.451001528899778e-06,1.4510015289003698e-06,1.0,0.0002735898849639923,0.000273589884964435,0.000273589884964549,0.010607128469595661,0.010607128469595956
800,tangent_bin,t_0p005_0p01,1096,0,0.0,80,0.072992700729927,1096,1.0,0,0.0,0.010942232751793625,0.015440471415899194,1.0,0.18515237406303434,1.1447235113123602,1.504805798683868,0.014261200952920078,0.019117686749088925
800,tangent_bin,t_0p01_0p02,1504,0,0.0,1440,0.9574468085106383,1504,1.0,0,0.0,0.09770739880225335,0.10154528761692085,0.2849956506971242,3.508827402935971,5.587393327108034,5.905924917151159,0.026592907292526762,0.038104890469834576
800,tangent_bin,t_0p02_0p05,2512,0,0.0,2512,1.0,2456,0.9777070063694268,56,0.022292993630573247,0.24733718256182843,0.25363159202066854,0.1828183298044777,5.469918342994419,6.039989781250052,6.099232932940448,0.06455000421097146,0.09686263686837449
800,tangent_bin,t_0p05_0p10,2696,0,0.0,2696,1.0,56,0.020771513353115726,2640,0.9792284866468842,0.373521160663049,0.37444427467176866,0.14719643210392042,6.793652882567401,7.47042321326098,7.488885493435373,0.13714104274840436,0.15341090029387328
800,tangent_bin,t_0p10_inf,0,0,nan,0,nan,0,nan,0,nan,nan,nan,nan,nan,nan,nan,nan,nan
800,normal_raw_abs_bin,normal_raw_abs_0_1e-4,0,0,nan,0,nan,0,nan,0,nan,nan,nan,nan,nan,nan,nan,nan,nan
800,normal_raw_abs_bin,normal_raw_abs_1e-4_1e-3,0,0,nan,0,nan,0,nan,0,nan,nan,nan,nan,nan,nan,nan,nan,nan
800,normal_raw_abs_bin,normal_raw_abs_1e-3_1e-2,0,0,nan,0,nan,0,nan,0,nan,nan,nan,nan,nan,nan,nan,nan,nan
800,normal_raw_abs_bin,normal_raw_abs_1e-2_5e-2,3256,0,0.0,2168,0.6658476658476659,3256,1.0,0,0.0,0.13065625619685664,0.14253105586635723,0.3928767295765126,2.545327642789926,6.023062854386218,6.098245378322407,0.023566127499060188,0.047179133764390924
800,normal_raw_abs_bin,normal_raw_abs_5e-2_inf,4560,0,0.0,4560,1.0,1864,0.4087719298245614,2696,0.5912280701754385,0.37314718264001534,0.3741576310808718,0.17123531299270234,5.83991691037828,7.462943652800306,7.483152621617435,0.11359978343775409,0.1531177851447756
800,cap_source,abs_cap_selected,2696,0,0.0,2696,1.0,0,0.0,2696,1.0,0.373521160663049,0.37444427467176866,0.14719643210392042,6.793652882567401,7.47042321326098,7.488885493435373,0.13714104274840436,0.15341090029387328
800,cap_source,ratio_cap_selected,5120,0,0.0,4032,0.7875,5120,1.0,0,0.0,0.23579061881698538,0.2597147703439969,0.2050391116332676,4.87711834449821,5.993513789593786,6.0843769766362055,0.03710885764284874,0.09220613929248861
800,cap_source,none_or_inactive,0,0,nan,0,nan,0,nan,0,nan,nan,nan,nan,nan,nan,nan,nan,nan
800,limiter_class,none,1088,0,0.0,0,0.0,1088,1.0,0,0.0,0.00794809037291468,0.009015582829013522,1.0,0.17360061479327726,0.8887262098612193,0.9772850173430417,0.014157376131347562,0.017804911048584816
800,limiter_class,abs_cap_limiter,2696,0,0.0,2696,1.0,0,0.0,2696,1.0,0.373521160663049,0.37444427467176866,0.14719643210392042,6.793652882567401,7.47042321326098,7.488885493435373,0.13714104274840436,0.15341090029387328
800,limiter_class,ratio_cap_limiter,4032,0,0.0,4032,1.0,4032,1.0,0,0.0,0.2403496106699103,0.2601242987428287,0.20304452009694798,4.925028262388242,6.008131017466591,6.089940356397345,0.047179203505241574,0.09370449373668084
800,limiter_class,secondary_vector_safety,0,0,nan,0,nan,0,nan,0,nan,nan,nan,nan,nan,nan,nan,nan,nan
800,limiter_class,inactive_or_fallback,0,0,nan,0,nan,0,nan,0,nan,nan,nan,nan,nan,nan,nan,nan,nan
800,normal_agreement_bin,normal_0_0p5,0,0,nan,0,nan,0,nan,0,nan,nan,nan,nan,nan,nan,nan,nan,nan
800,normal_agreement_bin,normal_0p5_0p9,0,0,nan,0,nan,0,nan,0,nan,nan,nan,nan,nan,nan,nan,nan,nan
800,normal_agreement_bin,normal_0p9_0p99,0,0,nan,0,nan,0,nan,0,nan,nan,nan,nan,nan,nan,nan,nan,nan
800,normal_agreement_bin,normal_0p99_1p01,7816,0,0.0,6728,0.8607983623336745,5120,0.6550665301944729,2696,0.34493346980552714,0.3707255446377134,0.37396818727028486,0.1836574491911868,5.444919730360658,7.414510892754268,7.4793637454056965,0.06505262345180687,0.15226710533660892
800,c_x_tangent:c_0_0p05,t_0_0p005,0,0,nan,0,nan,0,nan,0,nan,nan,nan,nan,nan,nan,nan,nan,nan
800,c_x_tangent:c_0_0p05,t_0p005_0p01,524,0,0.0,0,0.0,524,1.0,0,0.0,0.0055357513119160505,0.0063011810019411715,1.0,0.1333635915739116,0.6673120294412989,0.7305293171100167,0.013820713855051743,0.01725100103269977
800,c_x_tangent:c_0_0p05,t_0p01_0p02,556,0,0.0,492,0.8848920863309353,556,1.0,0,0.0,0.0517201265568927,0.05545390922061899,0.4719644324414076,2.118803730245384,3.890960716101639,4.093372275705083,0.021766505387176175,0.026617998599339124
800,c_x_tangent:c_0_0p05,t_0p02_0p05,0,0,nan,0,nan,0,nan,0,nan,nan,nan,nan,nan,nan,nan,nan,nan
800,c_x_tangent:c_0_0p05,t_0p05_0p10,0,0,nan,0,nan,0,nan,0,nan,nan,nan,nan,nan,nan,nan,nan,nan
800,c_x_tangent:c_0_0p05,t_0p10_inf,0,0,nan,0,nan,0,nan,0,nan,nan,nan,nan,nan,nan,nan,nan,nan
800,c_x_tangent:c_0p05_0p10,t_0_0p005,0,0,nan,0,nan,0,nan,0,nan,nan,nan,nan,nan,nan,nan,nan,nan
800,c_x_tangent:c_0p05_0p10,t_0p005_0p01,0,0,nan,0,nan,0,nan,0,nan,nan,nan,nan,nan,nan,nan,nan,nan
800,c_x_tangent:c_0p05_0p10,t_0p01_0p02,300,0,0.0,300,1.0,300,1.0,0,0.0,0.10155194683457694,0.10204254780460051,0.19847341688781944,5.038458125428541,5.906111437398974,5.9166428442682495,0.030631235185482275,0.034407452292324926
800,c_x_tangent:c_0p05_0p10,t_0p02_0p05,524,0,0.0,524,1.0,524,1.0,0,0.0,0.14974299495791,0.15221304925093085,0.16684764106680428,5.993491988296132,6.099232932940448,6.115280579174781,0.04251524807189678,0.05089909125745447
800,c_x_tangent:c_0p05_0p10,t_0p05_0p10,0,0,nan,0,nan,0,nan,0,nan,nan,nan,nan,nan,nan,nan,nan,nan
800,c_x_tangent:c_0p05_0p10,t_0p10_inf,0,0,nan,0,nan,0,nan,0,nan,nan,nan,nan,nan,nan,nan,nan,nan
800,c_x_tangent:c_0p10_0p30,t_0_0p005,0,0,nan,0,nan,0,nan,0,nan,nan,nan,nan,nan,nan,nan,nan,nan
800,c_x_tangent:c_0p10_0p30,t_0p005_0p01,0,0,nan,0,nan,0,nan,0,nan,nan,nan,nan,nan,nan,nan,nan,nan
800,c_x_tangent:c_0p10_0p30,t_0p01_0p02,0,0,nan,0,nan,0,nan,0,nan,nan,nan,nan,nan,nan,nan,nan,nan
800,c_x_tangent:c_0p10_0p30,t_0p02_0p05,920,0,0.0,920,1.0,920,1.0,0,0.0,0.2520217038955387,0.25737298831740085,0.17828461119382472,5.609009188488841,5.851021003956806,5.878446901050062,0.07146525396193637,0.093427153450408
800,c_x_tangent:c_0p10_0p30,t_0p05_0p10,548,0,0.0,548,1.0,56,0.10218978102189781,492,0.8978102189781022,0.31919812447487905,0.32165058483991205,0.1706457770390536,5.860092276242748,6.383962489497581,6.433011696798241,0.11132022818970717,0.12413946326400872
800,c_x_tangent:c_0p10_0p30,t_0p10_inf,0,0,nan,0,nan,0,nan,0,nan,nan,nan,nan,nan,nan,nan,nan,nan
800,c_x_tangent:c_0p30_0p70,t_0_0p005,0,0,nan,0,nan,0,nan,0,nan,nan,nan,nan,nan,nan,nan,nan,nan
800,c_x_tangent:c_0p30_0p70,t_0p005_0p01,0,0,nan,0,nan,0,nan,0,nan,nan,nan,nan,nan,nan,nan,nan,nan
800,c_x_tangent:c_0p30_0p70,t_0p01_0p02,0,0,nan,0,nan,0,nan,0,nan,nan,nan,nan,nan,nan,nan,nan,nan
800,c_x_tangent:c_0p30_0p70,t_0p02_0p05,0,0,nan,0,nan,0,nan,0,nan,nan,nan,nan,nan,nan,nan,nan,nan
800,c_x_tangent:c_0p30_0p70,t_0p05_0p10,1712,0,0.0,1712,1.0,0,0.0,1712,1.0,0.37392656595067264,0.3745748536124307,0.13908604915488304,7.189794133108229,7.478531319013452,7.491497072248613,0.1466627890127289,0.1535908806780727
800,c_x_tangent:c_0p30_0p70,t_0p10_inf,0,0,nan,0,nan,0,nan,0,nan,nan,nan,nan,nan,nan,nan,nan,nan
800,c_x_tangent:c_0p70_0p90,t_0_0p005,0,0,nan,0,nan,0,nan,0,nan,nan,nan,nan,nan,nan,nan,nan,nan
800,c_x_tangent:c_0p70_0p90,t_0p005_0p01,0,0,nan,0,nan,0,nan,0,nan,nan,nan,nan,nan,nan,nan,nan,nan
800,c_x_tangent:c_0p70_0p90,t_0p01_0p02,0,0,nan,0,nan,0,nan,0,nan,nan,nan,nan,nan,nan,nan,nan,nan
800,c_x_tangent:c_0p70_0p90,t_0p02_0p05,808,0,0.0,808,1.0,752,0.9306930693069307,56,0.06930693069306931,0.2449124274654034,0.25048105316479885,0.2045916961841418,4.887783916459368,4.931427907025328,5.009621063295977,0.07810020570121146,0.10109876444936838
800,c_x_tangent:c_0p70_0p90,t_0p05_0p10,436,0,0.0,436,1.0,0,0.0,436,1.0,0.313493254216272,0.3147029318512059,0.17618831595380793,5.675745264868611,6.269865084325439,6.294058637024118,0.11762397370262989,0.13066573272997406
800,c_x_tangent:c_0p70_0p90,t_0p10_inf,0,0,nan,0,nan,0,nan,0,nan,nan,nan,nan,nan,nan,nan,nan,nan
800,c_x_tangent:c_0p90_0p95,t_0_0p005,0,0,nan,0,nan,0,nan,0,nan,nan,nan,nan,nan,nan,nan,nan,nan
800,c_x_tangent:c_0p90_0p95,t_0p005_0p01,0,0,nan,0,nan,0,nan,0,nan,nan,nan,nan,nan,nan,nan,nan,nan
800,c_x_tangent:c_0p90_0p95,t_0p01_0p02,412,0,0.0,412,1.0,412,1.0,0,0.0,0.10001055255899875,0.10057721502341266,0.21876462827694684,4.571122890735525,4.947520482961193,4.9490448311207045,0.0333367393550949,0.04042855523425342
800,c_x_tangent:c_0p90_0p95,t_0p02_0p05,260,0,0.0,260,1.0,260,1.0,0,0.0,0.1315608999213514,0.13225668684115402,0.20275419461915717,4.932080452778536,4.943964498170488,4.94607134492681,0.04747861678468718,0.053425478328653186
800,c_x_tangent:c_0p90_0p95,t_0p05_0p10,0,0,nan,0,nan,0,nan,0,nan,nan,nan,nan,nan,nan,nan,nan,nan
800,c_x_tangent:c_0p90_0p95,t_0p10_inf,0,0,nan,0,nan,0,nan,0,nan,nan,nan,nan,nan,nan,nan,nan,nan
800,c_x_tangent:c_0p95_1,t_0_0p005,8,0,0.0,0,0.0,8,1.0,0,0.0,1.451001528899778e-06,1.4510015289003698e-06,1.0,0.0002735898849639923,0.000273589884964435,0.000273589884964549,0.010607128469595661,0.010607128469595956
800,c_x_tangent:c_0p95_1,t_0p005_0p01,572,0,0.0,80,0.13986013986013987,572,1.0,0,0.0,0.014500081304254437,0.015901004479116347,1.0,0.2748991330550331,1.4332873696548876,1.5387750833281535,0.014889209560021682,0.020233320423029635
800,c_x_tangent:c_0p95_1,t_0p01_0p02,236,0,0.0,236,1.0,236,1.0,0,0.0,0.04037519437661418,0.04047034063418246,0.4494814965340151,2.2247856868660305,3.0574669617774095,3.064672954764573,0.023294788173883363,0.026410870739903364
800,c_x_tangent:c_0p95_1,t_0p02_0p05,0,0,nan,0,nan,0,nan,0,nan,nan,nan,nan,nan,nan,nan,nan,nan
800,c_x_tangent:c_0p95_1,t_0p05_0p10,0,0,nan,0,nan,0,nan,0,nan,nan,nan,nan,nan,nan,nan,nan,nan
800,c_x_tangent:c_0p95_1,t_0p10_inf,0,0,nan,0,nan,0,nan,0,nan,nan,nan,nan,nan,nan,nan,nan,nan
900,region,none_or_unknown,7880,0,0.0,6752,0.8568527918781725,5160,0.6548223350253807,2720,0.34517766497461927,0.3681473858953016,0.3712570753002525,0.18626407305675546,5.368721893131628,7.362947717906032,7.425141506005049,0.06516328868334989,0.15244289200661293
900,region,sphere_upper,0,0,nan,0,nan,0,nan,0,nan,nan,nan,nan,nan,nan,nan,nan,nan
900,region,sphere_lower90,0,0,nan,0,nan,0,nan,0,nan,nan,nan,nan,nan,nan,nan,nan,nan
900,region,sphere_bottom120,0,0,nan,0,nan,0,nan,0,nan,nan,nan,nan,nan,nan,nan,nan,nan
900,region,outer_or_other_wall,0,0,nan,0,nan,0,nan,0,nan,nan,nan,nan,nan,nan,nan,nan,nan
900,theta_zone,sphere11,0,0,nan,0,nan,0,nan,0,nan,nan,nan,nan,nan,nan,nan,nan,nan
900,theta_zone,outer90,0,0,nan,0,nan,0,nan,0,nan,nan,nan,nan,nan,nan,nan,nan,nan
900,theta_zone,fallback,7880,0,0.0,6752,0.8568527918781725,5160,0.6548223350253807,2720,0.34517766497461927,0.3681473858953016,0.3712570753002525,0.18626407305675546,5.368721893131628,7.362947717906032,7.425141506005049,0.06516328868334989,0.15244289200661293
900,c_bin,c_0_0p05,1104,0,0.0,476,0.4311594202898551,1104,1.0,0,0.0,0.04684741375166981,0.0525550627313261,1.0,0.7442386878552258,3.6002712931184715,3.8933228575485015,0.017391237835016022,0.026112535331990885
900,c_bin,c_0p05_0p10,856,0,0.0,856,1.0,856,1.0,0,0.0,0.14900317220360076,0.14955993114499466,0.17183993497110517,5.819369055092751,5.9838671282061515,6.034625212945342,0.038696050973004395,0.051450937393869044
900,c_bin,c_0p10_0p30,1460,0,0.0,1460,1.0,968,0.663013698630137,492,0.336986301369863,0.3083699527046337,0.31627870566087857,0.1798114592648841,5.561380815706961,6.167399054092673,6.325574113217571,0.0857496608347258,0.12036924048986025
900,c_bin,c_0p30_0p70,1736,0,0.0,1736,1.0,0,0.0,1736,1.0,0.3711645790503793,0.3717580255468489,0.1404156058388696,7.121715524608602,7.423291581007586,7.435160510936978,0.1468320825073679,0.15376239683533188
900,c_bin,c_0p70_0p90,1244,0,0.0,1244,1.0,752,0.6045016077170418,492,0.3954983922829582,0.3090503763413656,0.3131171819253527,0.20293008379094135,4.927805583671864,6.181007526827313,6.262343638507054,0.0920523025012702,0.1288538079786825
900,c_bin,c_0p90_0p95,664,0,0.0,664,1.0,664,1.0,0,0.0,0.12933508817939754,0.13235705137433737,0.20228875425004308,4.943428535211838,4.9655401090556595,4.96890479681495,0.038176303219150665,0.05226266459354523
900,c_bin,c_0p95_1,816,0,0.0,316,0.3872549019607843,816,1.0,0,0.0,0.03792258873168521,0.04070268388412359,1.0,0.5913566967504718,2.929107692213267,3.0789094791786655,0.01670325098013642,0.02589361178661964
900,tangent_bin,t_0_0p005,48,0,0.0,0,0.0,48,1.0,0,0.0,3.2862840877642293e-06,3.2862840877642933e-06,1.0,0.00013824621555108343,0.0005474749640237854,0.0005474749640237958,0.012141531338993216,0.01245248217595149
900,tangent_bin,t_0p005_0p01,1080,0,0.0,72,0.06666666666666667,1080,1.0,0,0.0,0.010992929745532197,0.015492846745547021,1.0,0.19558075968831473,1.1494339491415748,1.5089657854016325,0.014325658707521251,0.01912755361670288
900,tangent_bin,t_0p01_0p02,1544,0,0.0,1472,0.9533678756476683,1544,1.0,0,0.0,0.09829508354149837,0.10342773510311064,0.28480120839346756,3.5112210571046742,5.6068192946206015,5.889886244712144,0.026704624346784687,0.03817642418731798
900,tangent_bin,t_0p02_0p05,2520,0,0.0,2520,1.0,2456,0.9746031746031746,64,0.025396825396825397,0.24696058385762015,0.2527196955315177,0.18576593356079824,5.383118319014696,5.945753614874787,6.001197021800201,0.06485698831193182,0.09714235735955912
900,tangent_bin,t_0p05_0p10,2688,0,0.0,2688,1.0,32,0.011904761904761904,2656,0.9880952380952381,0.3707917542761689,0.37174574826789025,0.1481186997903927,6.7513420075596855,7.415835085523378,7.434914965357804,0.13739961626939143,0.1535823030784131
900,tangent_bin,t_0p10_inf,0,0,nan,0,nan,0,nan,0,nan,nan,nan,nan,nan,nan,nan,nan,nan
900,normal_raw_abs_bin,normal_raw_abs_0_1e-4,0,0,nan,0,nan,0,nan,0,nan,nan,nan,nan,nan,nan,nan,nan,nan
900,normal_raw_abs_bin,normal_raw_abs_1e-4_1e-3,0,0,nan,0,nan,0,nan,0,nan,nan,nan,nan,nan,nan,nan,nan,nan
900,normal_raw_abs_bin,normal_raw_abs_1e-3_1e-2,0,0,nan,0,nan,0,nan,0,nan,nan,nan,nan,nan,nan,nan,nan,nan
900,normal_raw_abs_bin,normal_raw_abs_1e-2_5e-2,3296,0,0.0,2168,0.6577669902912622,3296,1.0,0,0.0,0.12896379098056016,0.14151425055080633,0.4061140487517777,2.4624097332443493,5.927884762470024,5.991695589669348,0.023627221351108275,0.047288655756341336
900,normal_raw_abs_bin,normal_raw_abs_5e-2_inf,4584,0,0.0,4584,1.0,1864,0.40663176265270506,2720,0.5933682373472949,0.37026278089280423,0.37133258701847704,0.1736476687828568,5.758787518688062,7.405255617856084,7.4266517403695405,0.11389005888178294,0.15328682979992642
900,cap_source,abs_cap_selected,2720,0,0.0,2720,1.0,0,0.0,2720,1.0,0.37079175427616873,0.37174574826789025,0.1485752817396695,6.730594674235107,7.415835085523375,7.434914965357804,0.1373976398371693,0.15357982005568058
900,cap_source,ratio_cap_selected,5160,0,0.0,4032,0.7813953488372093,5160,1.0,0,0.0,0.23555548317889397,0.2553527537275933,0.2047237329428862,4.884631525740007,5.892010661684687,5.983786257724535,0.036928666495266854,0.09205319347766883
900,cap_source,none_or_inactive,0,0,nan,0,nan,0,nan,0,nan,nan,nan,nan,nan,nan,nan,nan,nan
900,limiter_class,none,1128,0,0.0,0,0.0,1128,1.0,0,0.0,0.0076338671499641434,0.009083429820253749,1.0,0.18093439917896673,0.8778980797552998,0.9885748856523568,0.014208841675694812,0.01784406704863353
900,limiter_class,abs_cap_limiter,2720,0,0.0,2720,1.0,0,0.0,2720,1.0,0.37079175427616873,0.37174574826789025,0.1485752817396695,6.730594674235107,7.415835085523375,7.434914965357804,0.1373976398371693,0.15357982005568058
900,limiter_class,ratio_cap_limiter,4032,0,0.0,4032,1.0,4032,1.0,0,0.0,0.2395817749851919,0.25696000943158237,0.20228384213334347,4.943548578281146,5.911189547217541,5.983867128206159,0.047389352586665726,0.0940424841693632
900,limiter_class,secondary_vector_safety,0,0,nan,0,nan,0,nan,0,nan,nan,nan,nan,nan,nan,nan,nan,nan
900,limiter_class,inactive_or_fallback,0,0,nan,0,nan,0,nan,0,nan,nan,nan,nan,nan,nan,nan,nan,nan
900,normal_agreement_bin,normal_0_0p5,0,0,nan,0,nan,0,nan,0,nan,nan,nan,nan,nan,nan,nan,nan,nan
900,normal_agreement_bin,normal_0p5_0p9,0,0,nan,0,nan,0,nan,0,nan,nan,nan,nan,nan,nan,nan,nan,nan
900,normal_agreement_bin,normal_0p9_0p99,0,0,nan,0,nan,0,nan,0,nan,nan,nan,nan,nan,nan,nan,nan,nan
900,normal_agreement_bin,normal_0p99_1p01,7880,0,0.0,6752,0.8568527918781725,5160,0.6548223350253807,2720,0.34517766497461927,0.3681473858953016,0.3712570753002525,0.18626407305675546,5.368721893131628,7.362947717906032,7.425141506005049,0.06516328868334989,0.15244289200661293
900,c_x_tangent:c_0_0p05,t_0_0p005,40,0,0.0,0,0.0,40,1.0,0,0.0,3.286284087764231e-06,3.2862840877642975e-06,1.0,0.0001129740359284108,0.0005474749640237859,0.0005474749640237965,0.012244052773888181,0.012452482175951492
900,c_x_tangent:c_0_0p05,t_0p005_0p01,516,0,0.0,0,0.0,516,1.0,0,0.0,0.006193162585900207,0.00745243894914332,1.0,0.15618844495422082,0.6863289747907151,0.8352847956502181,0.014006561259456138,0.017844067048633526
900,c_x_tangent:c_0_0p05,t_0p01_0p02,548,0,0.0,476,0.8686131386861314,548,1.0,0,0.0,0.04948149609024894,0.05297295705256786,0.47677188926807845,2.097439095109321,3.7475985945517785,3.929780405690428,0.021870739898577803,0.0264070416517845
900,c_x_tangent:c_0_0p05,t_0p02_0p05,0,0,nan,0,nan,0,nan,0,nan,nan,nan,nan,nan,nan,nan,nan,nan
900,c_x_tangent:c_0_0p05,t_0p05_0p10,0,0,nan,0,nan,0,nan,0,nan,nan,nan,nan,nan,nan,nan,nan,nan
900,c_x_tangent:c_0_0p05,t_0p10_inf,0,0,nan,0,nan,0,nan,0,nan,nan,nan,nan,nan,nan,nan,nan,nan
900,c_x_tangent:c_0p05_0p10,t_0_0p005,0,0,nan,0,nan,0,nan,0,nan,nan,nan,nan,nan,nan,nan,nan,nan
900,c_x_tangent:c_0p05_0p10,t_0p005_0p01,0,0,nan,0,nan,0,nan,0,nan,nan,nan,nan,nan,nan,nan,nan,nan
900,c_x_tangent:c_0p05_0p10,t_0p01_0p02,340,0,0.0,340,1.0,340,1.0,0,0.0,0.10330149989508791,0.10392559181676338,0.19562871881913818,5.111723912706885,5.88707015709739,5.910277171558403,0.031085422736201525,0.03503150940889777
900,c_x_tangent:c_0p05_0p10,t_0p02_0p05,516,0,0.0,516,1.0,516,1.0,0,0.0,0.14943739601160386,0.15063554186108669,0.1700591153081606,5.880308139836673,6.0011970218002,6.0395232110062675,0.0432674040040537,0.05164625211018793
900,c_x_tangent:c_0p05_0p10,t_0p05_0p10,0,0,nan,0,nan,0,nan,0,nan,nan,nan,nan,nan,nan,nan,nan,nan
900,c_x_tangent:c_0p05_0p10,t_0p10_inf,0,0,nan,0,nan,0,nan,0,nan,nan,nan,nan,nan,nan,nan,nan,nan
900,c_x_tangent:c_0p10_0p30,t_0_0p005,0,0,nan,0,nan,0,nan,0,nan,nan,nan,nan,nan,nan,nan,nan,nan
900,c_x_tangent:c_0p10_0p30,t_0p005_0p01,0,0,nan,0,nan,0,nan,0,nan,nan,nan,nan,nan,nan,nan,nan,nan
900,c_x_tangent:c_0p10_0p30,t_0p01_0p02,0,0,nan,0,nan,0,nan,0,nan,nan,nan,nan,nan,nan,nan,nan,nan
900,c_x_tangent:c_0p10_0p30,t_0p02_0p05,936,0,0.0,936,1.0,936,1.0,0,0.0,0.25160479070819647,0.2569600094315822,0.18114441627362177,5.52045757028136,5.756323402383005,5.776869832233367,0.07224382912637517,0.09438160740641305
900,c_x_tangent:c_0p10_0p30,t_0p05_0p10,524,0,0.0,524,1.0,32,0.061068702290076333,492,0.9389312977099237,0.31459019696626334,0.31658426904699305,0.17421367060092885,5.740077667559737,6.291803939325265,6.33168538093986,0.11104284953223138,0.12394107180503144
900,c_x_tangent:c_0p10_0p30,t_0p10_inf,0,0,nan,0,nan,0,nan,0,nan,nan,nan,nan,nan,nan,nan,nan,nan
900,c_x_tangent:c_0p30_0p70,t_0_0p005,0,0,nan,0,nan,0,nan,0,nan,nan,nan,nan,nan,nan,nan,nan,nan
900,c_x_tangent:c_0p30_0p70,t_0p005_0p01,0,0,nan,0,nan,0,nan,0,nan,nan,nan,nan,nan,nan,nan,nan,nan
900,c_x_tangent:c_0p30_0p70,t_0p01_0p02,0,0,nan,0,nan,0,nan,0,nan,nan,nan,nan,nan,nan,nan,nan,nan
900,c_x_tangent:c_0p30_0p70,t_0p02_0p05,0,0,nan,0,nan,0,nan,0,nan,nan,nan,nan,nan,nan,nan,nan,nan
900,c_x_tangent:c_0p30_0p70,t_0p05_0p10,1736,0,0.0,1736,1.0,0,0.0,1736,1.0,0.3711645790503793,0.3717580255468489,0.1404156058388696,7.121715524608602,7.423291581007586,7.435160510936978,0.1468320825073679,0.15376239683533188
900,c_x_tangent:c_0p30_0p70,t_0p10_inf,0,0,nan,0,nan,0,nan,0,nan,nan,nan,nan,nan,nan,nan,nan,nan
900,c_x_tangent:c_0p70_0p90,t_0_0p005,0,0,nan,0,nan,0,nan,0,nan,nan,nan,nan,nan,nan,nan,nan,nan
900,c_x_tangent:c_0p70_0p90,t_0p005_0p01,0,0,nan,0,nan,0,nan,0,nan,nan,nan,nan,nan,nan,nan,nan,nan
900,c_x_tangent:c_0p70_0p90,t_0p01_0p02,0,0,nan,0,nan,0,nan,0,nan,nan,nan,nan,nan,nan,nan,nan,nan
900,c_x_tangent:c_0p70_0p90,t_0p02_0p05,816,0,0.0,816,1.0,752,0.9215686274509803,64,0.0784313725490196,0.2455388110544979,0.251023304253215,0.20415269947065462,4.898294279688143,4.94806919357384,5.0204660850642995,0.0783313871755913,0.10138452339904355
900,c_x_tangent:c_0p70_0p90,t_0p05_0p10,428,0,0.0,428,1.0,0,0.0,428,1.0,0.3124881116768134,0.3142884279599362,0.1760853137239612,5.67906532834216,6.249762233536267,6.285768559198724,0.11791637870823574,0.13060003560006248
900,c_x_tangent:c_0p70_0p90,t_0p10_inf,0,0,nan,0,nan,0,nan,0,nan,nan,nan,nan,nan,nan,nan,nan,nan
900,c_x_tangent:c_0p90_0p95,t_0_0p005,0,0,nan,0,nan,0,nan,0,nan,nan,nan,nan,nan,nan,nan,nan,nan
900,c_x_tangent:c_0p90_0p95,t_0p005_0p01,0,0,nan,0,nan,0,nan,0,nan,nan,nan,nan,nan,nan,nan,nan,nan
900,c_x_tangent:c_0p90_0p95,t_0p01_0p02,412,0,0.0,412,1.0,412,1.0,0,0.0,0.10060936785698212,0.10118303900065605,0.2174127988414596,4.599545221480791,4.967186758211701,4.968904796815008,0.03338943912056602,0.04050959738554455
900,c_x_tangent:c_0p90_0p95,t_0p02_0p05,252,0,0.0,252,1.0,252,1.0,0,0.0,0.13072284905322848,0.13235705137433795,0.20199551568267093,4.950604950908765,4.9631342130616,4.965540109055643,0.04758935369926029,0.05290943021048955
900,c_x_tangent:c_0p90_0p95,t_0p05_0p10,0,0,nan,0,nan,0,nan,0,nan,nan,nan,nan,nan,nan,nan,nan,nan
900,c_x_tangent:c_0p90_0p95,t_0p10_inf,0,0,nan,0,nan,0,nan,0,nan,nan,nan,nan,nan,nan,nan,nan,nan
900,c_x_tangent:c_0p95_1,t_0_0p005,8,0,0.0,0,0.0,8,1.0,0,0.0,1.4628570664659877e-06,1.462857066465992e-06,1.0,0.0002758351466914928,0.0002758351466916894,0.0002758351466916934,0.010606748878895539,0.010606748878895785
900,c_x_tangent:c_0p95_1,t_0p005_0p01,564,0,0.0,72,0.1276595744680851,564,1.0,0,0.0,0.011815999870039812,0.015548306361856187,1.0,0.2642337674903903,1.218056718815554,1.5143588801958763,0.01478579182302625,0.019401395169068768
900,c_x_tangent:c_0p95_1,t_0p01_0p02,244,0,0.0,244,1.0,244,1.0,0,0.0,0.04070268388412305,0.040799481565984196,0.45361891269142185,2.204493622337697,3.0789094791786162,3.0862238752730558,0.023151704142370277,0.026439675579537636
900,c_x_tangent:c_0p95_1,t_0p02_0p05,0,0,nan,0,nan,0,nan,0,nan,nan,nan,nan,nan,nan,nan,nan,nan
900,c_x_tangent:c_0p95_1,t_0p05_0p10,0,0,nan,0,nan,0,nan,0,nan,nan,nan,nan,nan,nan,nan,nan,nan
900,c_x_tangent:c_0p95_1,t_0p10_inf,0,0,nan,0,nan,0,nan,0,nan,nan,nan,nan,nan,nan,nan,nan,nan
1000,region,none_or_unknown,7952,0,0.0,6776,0.852112676056338,5232,0.6579476861167002,2720,0.3420523138832998,0.3654161378668578,0.3684038319438446,0.18885334203365164,5.29511413052892,7.308322757337156,7.368076638876891,0.06491802017513515,0.15260678084514506
1000,region,sphere_upper,0,0,nan,0,nan,0,nan,0,nan,nan,nan,nan,nan,nan,nan,nan,nan
1000,region,sphere_lower90,0,0,nan,0,nan,0,nan,0,nan,nan,nan,nan,nan,nan,nan,nan,nan
1000,region,sphere_bottom120,0,0,nan,0,nan,0,nan,0,nan,nan,nan,nan,nan,nan,nan,nan,nan
1000,region,outer_or_other_wall,0,0,nan,0,nan,0,nan,0,nan,nan,nan,nan,nan,nan,nan,nan,nan
1000,theta_zone,sphere11,0,0,nan,0,nan,0,nan,0,nan,nan,nan,nan,nan,nan,nan,nan,nan
1000,theta_zone,outer90,0,0,nan,0,nan,0,nan,0,nan,nan,nan,nan,nan,nan,nan,nan,nan
1000,theta_zone,fallback,7952,0,0.0,6776,0.852112676056338,5232,0.6579476861167002,2720,0.3420523138832998,0.3654161378668578,0.3684038319438446,0.18885334203365164,5.29511413052892,7.308322757337156,7.368076638876891,0.06491802017513515,0.15260678084514506
1000,c_bin,c_0_0p05,1152,0,0.0,476,0.4131944444444444,1152,1.0,0,0.0,0.045335231885365534,0.05109108340557517,1.0,0.7174292599090362,3.517602452576432,3.797992978970875,0.017371820253499804,0.02577621121008727
1000,c_bin,c_0p05_0p10,832,0,0.0,832,1.0,832,1.0,0,0.0,0.1424455815725985,0.14681146158795647,0.17421177479158223,5.740140699322487,5.900505889201749,5.950813762450819,0.037812125246277715,0.050092401989172475
1000,c_bin,c_0p10_0p30,1508,0,0.0,1508,1.0,1016,0.6737400530503979,492,0.32625994694960214,0.30567539579490055,0.3134926730972722,0.18154352348620972,5.508320984394475,6.11350791589801,6.269853461945443,0.08583431501121852,0.12082075539182183
1000,c_bin,c_0p30_0p70,1744,0,0.0,1744,1.0,0,0.0,1744,1.0,0.3683140843546272,0.36908662641992807,0.14150620341155332,7.066827996942202,7.366281687092543,7.381732528398561,0.14703141456941288,0.15392860697876085
1000,c_bin,c_0p70_0p90,1236,0,0.0,1236,1.0,752,0.6084142394822006,484,0.39158576051779936,0.3073080603495755,0.31204732614108793,0.2023921295855345,4.940903591695161,6.146161206991509,6.240946522821758,0.0923188492806471,0.12841409818457675
1000,c_bin,c_0p90_0p95,664,0,0.0,664,1.0,664,1.0,0,0.0,0.13008029981800753,0.1331205616029738,0.2015599864458163,4.961302180708024,4.983771977108845,4.9877479440098025,0.03825194442030416,0.052397365132750506
1000,c_bin,c_0p95_1,816,0,0.0,316,0.3872549019607843,816,1.0,0,0.0,0.03824048502967376,0.041046048498376085,1.0,0.5959250574186764,2.950239418549058,3.101154870782014,0.01671010251669003,0.025923648629494117
1000,tangent_bin,t_0_0p005,48,0,0.0,0,0.0,48,1.0,0,0.0,5.420956672046849e-06,5.420956672046909e-06,1.0,0.0003839842346934631,0.000832390750120142,0.0008323907501201501,0.01270264291751631,0.013025028620907722
1000,tangent_bin,t_0p005_0p01,1144,0,0.0,72,0.06293706293706294,1144,1.0,0,0.0,0.010720285986421134,0.015608366029444832,1.0,0.19880608573349495,1.1282445871815754,1.5191173283648376,0.014431811765647173,0.01905318499511859
1000,tangent_bin,t_0p01_0p02,1520,0,0.0,1464,0.9631578947368421,1520,1.0,0,0.0,0.09664437070415657,0.10383710572508355,0.2819944007023126,3.5461970168827763,5.568369306384475,5.839009990983358,0.026906676149228717,0.037998537106338603
1000,tangent_bin,t_0p02_0p05,2552,0,0.0,2552,1.0,2496,0.9780564263322884,56,0.0219435736677116,0.24567874918327687,0.2534420581596502,0.18842091428409824,5.307266466673731,5.85268243626869,5.916297163712234,0.06537903936112674,0.09741781213628667
1000,tangent_bin,t_0p05_0p10,2688,0,0.0,2688,1.0,24,0.008928571428571428,2664,0.9910714285714286,0.3681802463969956,0.36905223474552895,0.14918403040965614,6.703130336766083,7.363604927939912,7.381044694910579,0.13764751532650277,0.15374643778940492
1000,tangent_bin,t_0p10_inf,0,0,nan,0,nan,0,nan,0,nan,nan,nan,nan,nan,nan,nan,nan,nan
1000,normal_raw_abs_bin,normal_raw_abs_0_1e-4,0,0,nan,0,nan,0,nan,0,nan,nan,nan,nan,nan,nan,nan,nan,nan
1000,normal_raw_abs_bin,normal_raw_abs_1e-4_1e-3,0,0,nan,0,nan,0,nan,0,nan,nan,nan,nan,nan,nan,nan,nan,nan
1000,normal_raw_abs_bin,normal_raw_abs_1e-3_1e-2,16,0,0.0,0,0.0,16,1.0,0,0.0,2.384987802100336e-08,2.3849878021004008e-08,1.0,2.7589134506975162e-06,5.382369025424365e-06,5.382369025424509e-06,0.008837581918530717,0.008862223273188872
1000,normal_raw_abs_bin,normal_raw_abs_1e-2_5e-2,3340,0,0.0,2180,0.6526946107784432,3340,1.0,0,0.0,0.12822187795332818,0.14072475321795522,0.4105577646563446,2.435710845310757,5.843078616321992,5.908809313822261,0.023714083484151736,0.04688170661511458
1000,normal_raw_abs_bin,normal_raw_abs_5e-2_inf,4596,0,0.0,4596,1.0,1876,0.4081810269799826,2720,0.5918189730200174,0.36758657155912844,0.36879265764385544,0.17603664786490308,5.680635322977954,7.351731431182568,7.3758531528771085,0.11377551849990167,0.1534495923716256
1000,cap_source,abs_cap_selected,2720,0,0.0,2720,1.0,0,0.0,2720,1.0,0.3681750201532376,0.3690522347455289,0.1494359768347931,6.69182897707114,7.3635004030647515,7.381044694910578,0.13764497080666654,0.15374386256013067
1000,cap_source,ratio_cap_selected,5232,0,0.0,4056,0.7752293577981652,5232,1.0,0,0.0,0.23400236284320655,0.25344205815965004,0.20471082097883236,4.884939951221586,5.803453919474454,5.898032900632099,0.0368439214929468,0.09231936365081422
1000,cap_source,none_or_inactive,0,0,nan,0,nan,0,nan,0,nan,nan,nan,nan,nan,nan,nan,nan,nan
1000,limiter_class,none,1176,0,0.0,0,0.0,1176,1.0,0,0.0,0.008010484300188414,0.00915762590211504,1.0,0.15631380214054025,0.8880290423520201,0.9916732822563255,0.014266442770914212,0.01842598375706631
1000,limiter_class,abs_cap_limiter,2720,0,0.0,2720,1.0,0,0.0,2720,1.0,0.3681750201532376,0.3690522347455289,0.1494359768347931,6.69182897707114,7.3635004030647515,7.381044694910578,0.13764497080666654,0.15374386256013067
1000,limiter_class,ratio_cap_limiter,4056,0,0.0,4056,1.0,4056,1.0,0,0.0,0.24016457265874847,0.2549867620354451,0.20148963082219876,4.963034553785221,5.82876459288092,5.9005058892017495,0.04740265231433996,0.09469347872119652
1000,limiter_class,secondary_vector_safety,0,0,nan,0,nan,0,nan,0,nan,nan,nan,nan,nan,nan,nan,nan,nan
1000,limiter_class,inactive_or_fallback,0,0,nan,0,nan,0,nan,0,nan,nan,nan,nan,nan,nan,nan,nan,nan
1000,normal_agreement_bin,normal_0_0p5,0,0,nan,0,nan,0,nan,0,nan,nan,nan,nan,nan,nan,nan,nan,nan
1000,normal_agreement_bin,normal_0p5_0p9,0,0,nan,0,nan,0,nan,0,nan,nan,nan,nan,nan,nan,nan,nan,nan
1000,normal_agreement_bin,normal_0p9_0p99,0,0,nan,0,nan,0,nan,0,nan,nan,nan,nan,nan,nan,nan,nan,nan
1000,normal_agreement_bin,normal_0p99_1p01,7952,0,0.0,6776,0.852112676056338,5232,0.6579476861167002,2720,0.3420523138832998,0.3654161378668578,0.3684038319438446,0.18885334203365164,5.29511413052892,7.308322757337156,7.368076638876891,0.06491802017513515,0.15260678084514506
1000,c_x_tangent:c_0_0p05,t_0_0p005,48,0,0.0,0,0.0,48,1.0,0,0.0,5.420956672046849e-06,5.420956672046909e-06,1.0,0.0003839842346934631,0.000832390750120142,0.0008323907501201501,0.01270264291751631,0.013025028620907722
1000,c_x_tangent:c_0_0p05,t_0p005_0p01,572,0,0.0,0,0.0,572,1.0,0,0.0,0.007292335911536967,0.00865373021356355,1.0,0.14539644559577683,0.7832684821183794,0.939296411812463,0.014143081006593082,0.018447666310100825
1000,c_x_tangent:c_0_0p05,t_0p01_0p02,532,0,0.0,476,0.8947368421052632,532,1.0,0,0.0,0.04996180577375117,0.05246266412549105,0.4802337017678883,2.082319496359151,3.757082642029248,3.8832965760562606,0.022072340311624465,0.026742871817625087
1000,c_x_tangent:c_0_0p05,t_0p02_0p05,0,0,nan,0,nan,0,nan,0,nan,nan,nan,nan,nan,nan,nan,nan,nan
1000,c_x_tangent:c_0_0p05,t_0p05_0p10,0,0,nan,0,nan,0,nan,0,nan,nan,nan,nan,nan,nan,nan,nan,nan
1000,c_x_tangent:c_0_0p05,t_0p10_inf,0,0,nan,0,nan,0,nan,0,nan,nan,nan,nan,nan,nan,nan,nan,nan
1000,c_x_tangent:c_0p05_0p10,t_0_0p005,0,0,nan,0,nan,0,nan,0,nan,nan,nan,nan,nan,nan,nan,nan,nan
1000,c_x_tangent:c_0p05_0p10,t_0p005_0p01,0,0,nan,0,nan,0,nan,0,nan,nan,nan,nan,nan,nan,nan,nan,nan
1000,c_x_tangent:c_0p05_0p10,t_0p01_0p02,348,0,0.0,348,1.0,348,1.0,0,0.0,0.1021122914763604,0.10486375097362702,0.19936782168787165,5.015854572387265,5.7605672336902085,5.859364065452917,0.031432703340747464,0.03550560712700446
1000,c_x_tangent:c_0p05_0p10,t_0p02_0p05,484,0,0.0,484,1.0,484,1.0,0,0.0,0.14550320836570121,0.1491149436855815,0.17231118121647054,5.80345391947446,5.916297163712237,5.953566031826385,0.04239379133443188,0.05093264522197301
1000,c_x_tangent:c_0p05_0p10,t_0p05_0p10,0,0,nan,0,nan,0,nan,0,nan,nan,nan,nan,nan,nan,nan,nan,nan
1000,c_x_tangent:c_0p05_0p10,t_0p10_inf,0,0,nan,0,nan,0,nan,0,nan,nan,nan,nan,nan,nan,nan,nan,nan
1000,c_x_tangent:c_0p10_0p30,t_0_0p005,0,0,nan,0,nan,0,nan,0,nan,nan,nan,nan,nan,nan,nan,nan,nan
1000,c_x_tangent:c_0p10_0p30,t_0p005_0p01,0,0,nan,0,nan,0,nan,0,nan,nan,nan,nan,nan,nan,nan,nan,nan
1000,c_x_tangent:c_0p10_0p30,t_0p01_0p02,0,0,nan,0,nan,0,nan,0,nan,nan,nan,nan,nan,nan,nan,nan,nan
1000,c_x_tangent:c_0p10_0p30,t_0p02_0p05,992,0,0.0,992,1.0,992,1.0,0,0.0,0.24972380943041628,0.2557089822759379,0.18356258985464272,5.44773555033624,5.670971973565241,5.702080861029573,0.0720663417667434,0.0950292892905865
1000,c_x_tangent:c_0p10_0p30,t_0p05_0p10,516,0,0.0,516,1.0,24,0.046511627906976744,492,0.9534883720930233,0.31180819920865344,0.31373785368553375,0.17360960107962847,5.760050099656274,6.23616398417307,6.274757073710675,0.11234995234531087,0.12436625725298137
1000,c_x_tangent:c_0p10_0p30,t_0p10_inf,0,0,nan,0,nan,0,nan,0,nan,nan,nan,nan,nan,nan,nan,nan,nan
1000,c_x_tangent:c_0p30_0p70,t_0_0p005,0,0,nan,0,nan,0,nan,0,nan,nan,nan,nan,nan,nan,nan,nan,nan
1000,c_x_tangent:c_0p30_0p70,t_0p005_0p01,0,0,nan,0,nan,0,nan,0,nan,nan,nan,nan,nan,nan,nan,nan,nan
1000,c_x_tangent:c_0p30_0p70,t_0p01_0p02,0,0,nan,0,nan,0,nan,0,nan,nan,nan,nan,nan,nan,nan,nan,nan
1000,c_x_tangent:c_0p30_0p70,t_0p02_0p05,0,0,nan,0,nan,0,nan,0,nan,nan,nan,nan,nan,nan,nan,nan,nan
1000,c_x_tangent:c_0p30_0p70,t_0p05_0p10,1744,0,0.0,1744,1.0,0,0.0,1744,1.0,0.3683140843546272,0.36908662641992807,0.14150620341155332,7.066827996942202,7.366281687092543,7.381732528398561,0.14703141456941288,0.15392860697876085
1000,c_x_tangent:c_0p30_0p70,t_0p10_inf,0,0,nan,0,nan,0,nan,0,nan,nan,nan,nan,nan,nan,nan,nan,nan
1000,c_x_tangent:c_0p70_0p90,t_0_0p005,0,0,nan,0,nan,0,nan,0,nan,nan,nan,nan,nan,nan,nan,nan,nan
1000,c_x_tangent:c_0p70_0p90,t_0p005_0p01,0,0,nan,0,nan,0,nan,0,nan,nan,nan,nan,nan,nan,nan,nan,nan
1000,c_x_tangent:c_0p70_0p90,t_0p01_0p02,0,0,nan,0,nan,0,nan,0,nan,nan,nan,nan,nan,nan,nan,nan,nan
1000,c_x_tangent:c_0p70_0p90,t_0p02_0p05,808,0,0.0,808,1.0,752,0.9306930693069307,56,0.06930693069306931,0.24567874918327723,0.25089736886032166,0.20383225451502227,4.905994948866914,4.957152201317815,5.017947377206433,0.07815627816443085,0.10166167028588864
1000,c_x_tangent:c_0p70_0p90,t_0p05_0p10,428,0,0.0,428,1.0,0,0.0,428,1.0,0.31190504634743305,0.3126874957404176,0.17645259835232383,5.667244400693351,6.23810092694866,6.253749914808352,0.11819957920855051,0.1308576612011153
1000,c_x_tangent:c_0p70_0p90,t_0p10_inf,0,0,nan,0,nan,0,nan,0,nan,nan,nan,nan,nan,nan,nan,nan,nan
1000,c_x_tangent:c_0p90_0p95,t_0_0p005,0,0,nan,0,nan,0,nan,0,nan,nan,nan,nan,nan,nan,nan,nan,nan
1000,c_x_tangent:c_0p90_0p95,t_0p005_0p01,0,0,nan,0,nan,0,nan,0,nan,nan,nan,nan,nan,nan,nan,nan,nan
1000,c_x_tangent:c_0p90_0p95,t_0p01_0p02,396,0,0.0,396,1.0,396,1.0,0,0.0,0.09887420803965226,0.10119688210046261,0.21621393162218505,4.6250488694105645,4.986122503179322,4.98774794400985,0.03344602043354333,0.03980100248861518
1000,c_x_tangent:c_0p90_0p95,t_0p02_0p05,268,0,0.0,268,1.0,268,1.0,0,0.0,0.13148112927932543,0.1331205616029751,0.20129836302978557,4.967750283453784,4.981515682670275,4.983771977108822,0.047704022933247214,0.053046990228094004
1000,c_x_tangent:c_0p90_0p95,t_0p05_0p10,0,0,nan,0,nan,0,nan,0,nan,nan,nan,nan,nan,nan,nan,nan,nan
1000,c_x_tangent:c_0p90_0p95,t_0p10_inf,0,0,nan,0,nan,0,nan,0,nan,nan,nan,nan,nan,nan,nan,nan,nan
1000,c_x_tangent:c_0p95_1,t_0_0p005,0,0,nan,0,nan,0,nan,0,nan,nan,nan,nan,nan,nan,nan,nan,nan
1000,c_x_tangent:c_0p95_1,t_0p005_0p01,572,0,0.0,72,0.1258741258741259,572,1.0,0,0.0,0.01191016105011958,0.015664139660720732,1.0,0.26614680088348125,1.2269915124866315,1.5245334511805002,0.014789535146426863,0.0194135997338436
1000,c_x_tangent:c_0p95_1,t_0p01_0p02,244,0,0.0,244,1.0,244,1.0,0,0.0,0.041046048498375565,0.04114424968003916,0.45043638867397995,2.220069304222637,3.1011548707819134,3.108555933971708,0.02317362177111773,0.02647145996164079
1000,c_x_tangent:c_0p95_1,t_0p02_0p05,0,0,nan,0,nan,0,nan,0,nan,nan,nan,nan,nan,nan,nan,nan,nan
1000,c_x_tangent:c_0p95_1,t_0p05_0p10,0,0,nan,0,nan,0,nan,0,nan,nan,nan,nan,nan,nan,nan,nan,nan
1000,c_x_tangent:c_0p95_1,t_0p10_inf,0,0,nan,0,nan,0,nan,0,nan,nan,nan,nan,nan,nan,nan,nan,nan
