{
  "status": "runtime_sanity",
  "run_root": "/media/yuan/\u65b0\u52a0\u53771/RUNS/runs/stage8/stage8g_cap_contract_revision_diag_20260613/flat",
  "case_count": 1,
  "summaries": [
    {
      "status": "runtime_sanity",
      "case_id": "cap_theta030_wall020_stage8g_mode3",
      "case_dir": "/media/yuan/\u65b0\u52a0\u53771/RUNS/runs/stage8/stage8g_cap_contract_revision_diag_20260613/flat/cap_theta030_wall020_stage8g_mode3",
      "case_params": {
        "status": "runtime_sanity",
        "claim_limit": "runtime_sanity / exploratory_not_validation only",
        "case_id": "cap_theta030_wall020_stage8g_mode3",
        "remote_case": "/media/yuan/\u65b0\u52a0\u53771/RUNS/runs/stage8/stage8g_cap_contract_revision_diag_20260613/flat/cap_theta030_wall020_stage8g_mode3",
        "operator_mode": 1.0,
        "candidate_version": 8.5,
        "stage8g_mode": 3,
        "init_theta_deg": 30.0,
        "wall_angle_deg": 20.0,
        "steps": 1000,
        "vtk_expected_steps": [
          0,
          100,
          1000
        ],
        "vtk_what": "PhaseField,U,P,Rho,BOUNDARY,WallBCPath,WallStage8GradMode,WallStage8ActiveWeight,WallStage8NormalGradRaw,WallStage8NormalGradTarget,WallStage8ContactResidual,WallStage8TangentGradMag,WallStage8TargetCos,WallStage8GradWriteDeltaMag,WallStage8LimiterReason,WallStage8LocalWallAngle,WallStage8LocalWallNormal,WallStage8FluidWallAngle,WallStage8FluidWallNormal,WallStage8FluidWallDataCount,WallStage8GradCandidate,WallStage8GradCandidateUse,WallStage8NormalAgreement,WallStage8UsedGeomNormal,WallStage8TanCoeffLocal,WallStage8ThetaLocal,WallStage8PhaseC,WallStage8GradMagRaw,WallStage8TangentGradRaw,WallStage8TargetNormalGrad,WallStage8NormalDeltaRaw,WallStage8NormalDeltaLimited,WallStage8VectorDeltaRawMag,WallStage8VectorDeltaLimitedMag,WallStage8NormalLimiterHit,WallStage8VectorLimiterHit,WallStage8LimiterRatio,WallStage8RegionTag,WallStage8SphereRadialDot,WallStage8ContactBandTag,WallStage8eDnRaw,WallStage8eDnTry,WallStage8eDnLimited,WallStage8eAbsCap,WallStage8eRatioCap,WallStage8eEffectiveCap,WallStage8eCapSource,WallStage8eCapDemandRatio,WallStage8eNormalRawAbs,WallStage8eTargetNormalAbs,WallStage8eTargetMinusRawAbs,WallStage8eSmoothWeightC,WallStage8eSmoothWeightG,WallStage8eSmoothWeightT,WallStage8eSmoothWeightTotal,WallStage8eTanCoeffTimesTangent,WallStage8eLimiterClass,WallStage8eWallProfileConflict,WallStage8gMode,WallStage8gScaleRawNormal,WallStage8gScaleTarget,WallStage8gScaleTangent,WallStage8gScaleFloor,WallStage8gEffectiveScale,WallStage8gTanRaw,WallStage8gTanEff,WallStage8gRegularizationRatio,WallStage8gCapSource,WallStage8gCapDemandRatio,WallStage8gProfileTargetMismatch,WallStage8gProfileConflictSign,WallStage8gWriteAllowedFlag"
      },
      "frame_count": 3,
      "last": {
        "status": "runtime_sanity",
        "case_id": "cap_theta030_wall020_stage8g_mode3",
        "step": 1000,
        "file": "/media/yuan/\u65b0\u52a0\u53771/RUNS/runs/stage8/stage8g_cap_contract_revision_diag_20260613/flat/cap_theta030_wall020_stage8g_mode3/output/case_VTK_P00_00001000.vti",
        "dims": [
          128,
          96,
          128
        ],
        "case_params": {
          "status": "runtime_sanity",
          "claim_limit": "runtime_sanity / exploratory_not_validation only",
          "case_id": "cap_theta030_wall020_stage8g_mode3",
          "remote_case": "/media/yuan/\u65b0\u52a0\u53771/RUNS/runs/stage8/stage8g_cap_contract_revision_diag_20260613/flat/cap_theta030_wall020_stage8g_mode3",
          "operator_mode": 1.0,
          "candidate_version": 8.5,
          "stage8g_mode": 3,
          "init_theta_deg": 30.0,
          "wall_angle_deg": 20.0,
          "steps": 1000,
          "vtk_expected_steps": [
            0,
            100,
            1000
          ],
          "vtk_what": "PhaseField,U,P,Rho,BOUNDARY,WallBCPath,WallStage8GradMode,WallStage8ActiveWeight,WallStage8NormalGradRaw,WallStage8NormalGradTarget,WallStage8ContactResidual,WallStage8TangentGradMag,WallStage8TargetCos,WallStage8GradWriteDeltaMag,WallStage8LimiterReason,WallStage8LocalWallAngle,WallStage8LocalWallNormal,WallStage8FluidWallAngle,WallStage8FluidWallNormal,WallStage8FluidWallDataCount,WallStage8GradCandidate,WallStage8GradCandidateUse,WallStage8NormalAgreement,WallStage8UsedGeomNormal,WallStage8TanCoeffLocal,WallStage8ThetaLocal,WallStage8PhaseC,WallStage8GradMagRaw,WallStage8TangentGradRaw,WallStage8TargetNormalGrad,WallStage8NormalDeltaRaw,WallStage8NormalDeltaLimited,WallStage8VectorDeltaRawMag,WallStage8VectorDeltaLimitedMag,WallStage8NormalLimiterHit,WallStage8VectorLimiterHit,WallStage8LimiterRatio,WallStage8RegionTag,WallStage8SphereRadialDot,WallStage8ContactBandTag,WallStage8eDnRaw,WallStage8eDnTry,WallStage8eDnLimited,WallStage8eAbsCap,WallStage8eRatioCap,WallStage8eEffectiveCap,WallStage8eCapSource,WallStage8eCapDemandRatio,WallStage8eNormalRawAbs,WallStage8eTargetNormalAbs,WallStage8eTargetMinusRawAbs,WallStage8eSmoothWeightC,WallStage8eSmoothWeightG,WallStage8eSmoothWeightT,WallStage8eSmoothWeightTotal,WallStage8eTanCoeffTimesTangent,WallStage8eLimiterClass,WallStage8eWallProfileConflict,WallStage8gMode,WallStage8gScaleRawNormal,WallStage8gScaleTarget,WallStage8gScaleTangent,WallStage8gScaleFloor,WallStage8gEffectiveScale,WallStage8gTanRaw,WallStage8gTanEff,WallStage8gRegularizationRatio,WallStage8gCapSource,WallStage8gCapDemandRatio,WallStage8gProfileTargetMismatch,WallStage8gProfileConflictSign,WallStage8gWriteAllowedFlag"
        },
        "cell_count": 1572864,
        "wall_count": 80520,
        "fluid_count": 1492344,
        "lower_wall_count": 16384,
        "nonfinite_total": 0,
        "angle_apparent_deg": 29.492623931639816,
        "angle_error_vs_init_deg": -0.507376068360184,
        "angle_error_vs_wall_rad_deg": NaN,
        "fit_point_count": 128,
        "fit_circle": [
          -88.8621156149767,
          63.49999999999999,
          102.09118513498913
        ],
        "wall_bc_path_counts": {
          "2": 64136,
          "5": 16384
        },
        "field_stats": {
          "PhaseField": {
            "all": {
              "count": 1572864,
              "nonfinite": 0,
              "min": 6.206027625531387e-15,
              "mean": 0.03852729980238396,
              "p01": 7.928519326019548e-14,
              "p05": 5.156119873053369e-13,
              "p50": 2.9785851730972102e-09,
              "p99": 0.9869560914407041,
              "max": 0.9998776313832212,
              "sum": 60598.20287637684,
              "nonzero_count": 1572864,
              "positive_count": 1572864,
              "negative_count": 0
            },
            "fluid": {
              "count": 1492344,
              "nonfinite": 0,
              "min": 6.206027625531387e-15,
              "mean": 0.035190361077108025,
              "p01": 1.0300138797180458e-13,
              "p05": 6.65909154385748e-13,
              "p50": 3.0517821075427033e-09,
              "p99": 0.9778579370998735,
              "max": 0.9997660372868551,
              "sum": 52516.124211255694,
              "nonzero_count": 1492344,
              "positive_count": 1492344,
              "negative_count": 0
            },
            "wall": {
              "count": 80520,
              "nonfinite": 0,
              "min": 6.206027625531387e-15,
              "mean": 0.10037355520518088,
              "p01": 1.5460935743822037e-14,
              "p05": 6.916854033244186e-14,
              "p50": 1.326427682133106e-09,
              "p99": 0.9996770525320309,
              "max": 0.9998776313832212,
              "sum": 8082.078665121164,
              "nonzero_count": 80520,
              "positive_count": 80520,
              "negative_count": 0
            },
            "lower_wall": {
              "count": 16384,
              "nonfinite": 0,
              "min": 1.2294766899961358e-06,
              "mean": 0.49300855394666904,
              "p01": 5.152070800682748e-06,
              "p05": 0.00010379523990165164,
              "p50": 0.45769417071234764,
              "p99": 0.9998497694336254,
              "max": 0.9998776313832212,
              "sum": 8077.4521478622255,
              "nonzero_count": 16384,
              "positive_count": 16384,
              "negative_count": 0
            }
          },
          "Rho": {
            "all": {
              "count": 1572864,
              "nonfinite": 0,
              "min": 0.0,
              "mean": 0.03430427048177365,
              "p01": 0.0,
              "p05": 0.0,
              "p50": 0.0010000022396008416,
              "p99": 0.9750808366368727,
              "max": 0.9997662712495682,
              "sum": 53955.952087044425,
              "nonzero_count": 1492344,
              "positive_count": 1492344,
              "negative_count": 0
            },
            "fluid": {
              "count": 1492344,
              "nonfinite": 0,
              "min": 0.0010000000000062,
              "mean": 0.036155170716030915,
              "p01": 0.0010000000001028984,
              "p05": 0.0010000000006652433,
              "p50": 0.0010000030487303255,
              "p99": 0.9778800791627736,
              "max": 0.9997662712495682,
              "sum": 53955.95208704444,
              "nonzero_count": 1492344,
              "positive_count": 1492344,
              "negative_count": 0
            },
            "wall": {
              "count": 80520,
              "nonfinite": 0,
              "min": 0.0,
              "mean": 0.0,
              "p01": 0.0,
              "p05": 0.0,
              "p50": 0.0,
              "p99": 0.0,
              "max": 0.0,
              "sum": 0.0,
              "nonzero_count": 0,
              "positive_count": 0,
              "negative_count": 0
            },
            "lower_wall": {
              "count": 16384,
              "nonfinite": 0,
              "min": 0.0,
              "mean": 0.0,
              "p01": 0.0,
              "p05": 0.0,
              "p50": 0.0,
              "p99": 0.0,
              "max": 0.0,
              "sum": 0.0,
              "nonzero_count": 0,
              "positive_count": 0,
              "negative_count": 0
            }
          },
          "WallStage8GradMode": {
            "all": {
              "count": 1572864,
              "nonfinite": 0,
              "min": 1.0,
              "mean": 1.0,
              "p01": 1.0,
              "p05": 1.0,
              "p50": 1.0,
              "p99": 1.0,
              "max": 1.0,
              "sum": 1572864.0,
              "nonzero_count": 1572864,
              "positive_count": 1572864,
              "negative_count": 0
            },
            "fluid": {
              "count": 1492344,
              "nonfinite": 0,
              "min": 1.0,
              "mean": 1.0,
              "p01": 1.0,
              "p05": 1.0,
              "p50": 1.0,
              "p99": 1.0,
              "max": 1.0,
              "sum": 1492344.0,
              "nonzero_count": 1492344,
              "positive_count": 1492344,
              "negative_count": 0
            },
            "wall": {
              "count": 80520,
              "nonfinite": 0,
              "min": 1.0,
              "mean": 1.0,
              "p01": 1.0,
              "p05": 1.0,
              "p50": 1.0,
              "p99": 1.0,
              "max": 1.0,
              "sum": 80520.0,
              "nonzero_count": 80520,
              "positive_count": 80520,
              "negative_count": 0
            },
            "lower_wall": {
              "count": 16384,
              "nonfinite": 0,
              "min": 1.0,
              "mean": 1.0,
              "p01": 1.0,
              "p05": 1.0,
              "p50": 1.0,
              "p99": 1.0,
              "max": 1.0,
              "sum": 16384.0,
              "nonzero_count": 16384,
              "positive_count": 16384,
              "negative_count": 0
            }
          },
          "WallStage8ActiveWeight": {
            "all": {
              "count": 1572864,
              "nonfinite": 0,
              "min": 0.0,
              "mean": 0.0039047407733255103,
              "p01": 0.0,
              "p05": 0.0,
              "p50": 0.0,
              "p99": 0.0,
              "max": 1.0,
              "sum": 6141.626191695856,
              "nonzero_count": 7760,
              "positive_count": 7760,
              "negative_count": 0
            },
            "fluid": {
              "count": 1492344,
              "nonfinite": 0,
              "min": 0.0,
              "mean": 0.004115422577968522,
              "p01": 0.0,
              "p05": 0.0,
              "p50": 0.0,
              "p99": 0.0,
              "max": 1.0,
              "sum": 6141.626191695856,
              "nonzero_count": 7760,
              "positive_count": 7760,
              "negative_count": 0
            },
            "wall": {
              "count": 80520,
              "nonfinite": 0,
              "min": 0.0,
              "mean": 0.0,
              "p01": 0.0,
              "p05": 0.0,
              "p50": 0.0,
              "p99": 0.0,
              "max": 0.0,
              "sum": 0.0,
              "nonzero_count": 0,
              "positive_count": 0,
              "negative_count": 0
            },
            "lower_wall": {
              "count": 16384,
              "nonfinite": 0,
              "min": 0.0,
              "mean": 0.0,
              "p01": 0.0,
              "p05": 0.0,
              "p50": 0.0,
              "p99": 0.0,
              "max": 0.0,
              "sum": 0.0,
              "nonzero_count": 0,
              "positive_count": 0,
              "negative_count": 0
            }
          },
          "WallStage8NormalGradRaw": {
            "all": {
              "count": 1572864,
              "nonfinite": 0,
              "min": -0.15271032176245924,
              "mean": -0.00037736002628449344,
              "p01": -1.8195925123790147e-06,
              "p05": 0.0,
              "p50": 0.0,
              "p99": 2.037962280913405e-11,
              "max": 0.0003068153453945526,
              "sum": -593.5360003819335,
              "nonzero_count": 77752,
              "positive_count": 60880,
              "negative_count": 16872
            },
            "fluid": {
              "count": 1492344,
              "nonfinite": 0,
              "min": -0.15271032176245924,
              "mean": -0.00039772063303228594,
              "p01": -6.640689801951972e-05,
              "p05": 0.0,
              "p50": 0.0,
              "p99": 2.1075248261681834e-11,
              "max": 0.0003068153453945526,
              "sum": -593.5360003819337,
              "nonzero_count": 77752,
              "positive_count": 60880,
              "negative_count": 16872
            },
            "wall": {
              "count": 80520,
              "nonfinite": 0,
              "min": 0.0,
              "mean": 0.0,
              "p01": 0.0,
              "p05": 0.0,
              "p50": 0.0,
              "p99": 0.0,
              "max": 0.0,
              "sum": 0.0,
              "nonzero_count": 0,
              "positive_count": 0,
              "negative_count": 0
            },
            "lower_wall": {
              "count": 16384,
              "nonfinite": 0,
              "min": 0.0,
              "mean": 0.0,
              "p01": 0.0,
              "p05": 0.0,
              "p50": 0.0,
              "p99": 0.0,
              "max": 0.0,
              "sum": 0.0,
              "nonzero_count": 0,
              "positive_count": 0,
              "negative_count": 0
            }
          },
          "WallStage8NormalGradTarget": {
            "all": {
              "count": 1572864,
              "nonfinite": 0,
              "min": -0.16987687344224436,
              "mean": -0.000433655592175911,
              "p01": -2.356027778982622e-06,
              "p05": 0.0,
              "p50": 0.0,
              "p99": 9.970981388964861e-19,
              "max": 1.162448491610096e-11,
              "sum": -682.081269332172,
              "nonzero_count": 77752,
              "positive_count": 61876,
              "negative_count": 15876
            },
            "fluid": {
              "count": 1492344,
              "nonfinite": 0,
              "min": -0.16987687344224436,
              "mean": -0.00045705364804104955,
              "p01": -4.582792033996742e-05,
              "p05": 0.0,
              "p50": 0.0,
              "p99": 1.0660163567566132e-18,
              "max": 1.162448491610096e-11,
              "sum": -682.081269332172,
              "nonzero_count": 77752,
              "positive_count": 61876,
              "negative_count": 15876
            },
            "wall": {
              "count": 80520,
              "nonfinite": 0,
              "min": 0.0,
              "mean": 0.0,
              "p01": 0.0,
              "p05": 0.0,
              "p50": 0.0,
              "p99": 0.0,
              "max": 0.0,
              "sum": 0.0,
              "nonzero_count": 0,
              "positive_count": 0,
              "negative_count": 0
            },
            "lower_wall": {
              "count": 16384,
              "nonfinite": 0,
              "min": 0.0,
              "mean": 0.0,
              "p01": 0.0,
              "p05": 0.0,
              "p50": 0.0,
              "p99": 0.0,
              "max": 0.0,
              "sum": 0.0,
              "nonzero_count": 0,
              "positive_count": 0,
              "negative_count": 0
            }
          },
          "WallStage8ContactResidual": {
            "all": {
              "count": 1572864,
              "nonfinite": 0,
              "min": -0.060247681922682705,
              "mean": 0.0015436430514383839,
              "p01": 0.0,
              "p05": 0.0,
              "p50": 0.0,
              "p99": 0.04059011229596049,
              "max": 0.3602814996464116,
              "sum": 2427.940584457582,
              "nonzero_count": 23720,
              "positive_count": 21292,
              "negative_count": 2428
            },
            "fluid": {
              "count": 1492344,
              "nonfinite": 0,
              "min": -0.060247681922682705,
              "mean": 0.0016269309116782604,
              "p01": 0.0,
              "p05": 0.0,
              "p50": 0.0,
              "p99": 0.04510082118237476,
              "max": 0.3602814996464116,
              "sum": 2427.9405844575817,
              "nonzero_count": 23720,
              "positive_count": 21292,
              "negative_count": 2428
            },
            "wall": {
              "count": 80520,
              "nonfinite": 0,
              "min": 0.0,
              "mean": 0.0,
              "p01": 0.0,
              "p05": 0.0,
              "p50": 0.0,
              "p99": 0.0,
              "max": 0.0,
              "sum": 0.0,
              "nonzero_count": 0,
              "positive_count": 0,
              "negative_count": 0
            },
            "lower_wall": {
              "count": 16384,
              "nonfinite": 0,
              "min": 0.0,
              "mean": 0.0,
              "p01": 0.0,
              "p05": 0.0,
              "p50": 0.0,
              "p99": 0.0,
              "max": 0.0,
              "sum": 0.0,
              "nonzero_count": 0,
              "positive_count": 0,
              "negative_count": 0
            }
          },
          "WallStage8TangentGradMag": {
            "all": {
              "count": 1572864,
              "nonfinite": 0,
              "min": 0.0,
              "mean": 0.0001929909498148111,
              "p01": 0.0,
              "p05": 0.0,
              "p50": 0.0,
              "p99": 6.297890695754789e-05,
              "max": 0.07501065898060133,
              "sum": 303.54851728952303,
              "nonzero_count": 77752,
              "positive_count": 77752,
              "negative_count": 0
            },
            "fluid": {
              "count": 1492344,
              "nonfinite": 0,
              "min": 0.0,
              "mean": 0.00020340385145082023,
              "p01": 0.0,
              "p05": 0.0,
              "p50": 0.0,
              "p99": 0.00010935841653692423,
              "max": 0.07501065898060133,
              "sum": 303.54851728952286,
              "nonzero_count": 77752,
              "positive_count": 77752,
              "negative_count": 0
            },
            "wall": {
              "count": 80520,
              "nonfinite": 0,
              "min": 0.0,
              "mean": 0.0,
              "p01": 0.0,
              "p05": 0.0,
              "p50": 0.0,
              "p99": 0.0,
              "max": 0.0,
              "sum": 0.0,
              "nonzero_count": 0,
              "positive_count": 0,
              "negative_count": 0
            },
            "lower_wall": {
              "count": 16384,
              "nonfinite": 0,
              "min": 0.0,
              "mean": 0.0,
              "p01": 0.0,
              "p05": 0.0,
              "p50": 0.0,
              "p99": 0.0,
              "max": 0.0,
              "sum": 0.0,
              "nonzero_count": 0,
              "positive_count": 0,
              "negative_count": 0
            }
          },
          "WallStage8TargetCos": {
            "all": {
              "count": 1572864,
              "nonfinite": 0,
              "min": -0.9396926207859083,
              "mean": -0.009395548408174541,
              "p01": -0.6594424555548398,
              "p05": 0.0,
              "p50": 0.0,
              "p99": 1.6081226496766366e-16,
              "max": 3.8285686989269494e-16,
              "sum": -14777.919851475042,
              "nonzero_count": 77752,
              "positive_count": 61874,
              "negative_count": 15878
            },
            "fluid": {
              "count": 1492344,
              "nonfinite": 0,
              "min": -0.9396926207859083,
              "mean": -0.009902488870846828,
              "p01": -0.9396926207859083,
              "p05": 0.0,
              "p50": 0.0,
              "p99": 1.6081226496766366e-16,
              "max": 3.8285686989269494e-16,
              "sum": -14777.919851475039,
              "nonzero_count": 77752,
              "positive_count": 61874,
              "negative_count": 15878
            },
            "wall": {
              "count": 80520,
              "nonfinite": 0,
              "min": 0.0,
              "mean": 0.0,
              "p01": 0.0,
              "p05": 0.0,
              "p50": 0.0,
              "p99": 0.0,
              "max": 0.0,
              "sum": 0.0,
              "nonzero_count": 0,
              "positive_count": 0,
              "negative_count": 0
            },
            "lower_wall": {
              "count": 16384,
              "nonfinite": 0,
              "min": 0.0,
              "mean": 0.0,
              "p01": 0.0,
              "p05": 0.0,
              "p50": 0.0,
              "p99": 0.0,
              "max": 0.0,
              "sum": 0.0,
              "nonzero_count": 0,
              "positive_count": 0,
              "negative_count": 0
            }
          },
          "WallStage8GradWriteDeltaMag": {
            "all": {
              "count": 1572864,
              "nonfinite": 0,
              "min": 0.0,
              "mean": 5.061229302786593e-05,
              "p01": 0.0,
              "p05": 0.0,
              "p50": 0.0,
              "p99": 0.0,
              "max": 0.021116461166454634,
              "sum": 79.60625366098132,
              "nonzero_count": 7760,
              "positive_count": 7760,
              "negative_count": 0
            },
            "fluid": {
              "count": 1492344,
              "nonfinite": 0,
              "min": 0.0,
              "mean": 5.334309895103363e-05,
              "p01": 0.0,
              "p05": 0.0,
              "p50": 0.0,
              "p99": 0.0,
              "max": 0.021116461166454634,
              "sum": 79.60625366098134,
              "nonzero_count": 7760,
              "positive_count": 7760,
              "negative_count": 0
            },
            "wall": {
              "count": 80520,
              "nonfinite": 0,
              "min": 0.0,
              "mean": 0.0,
              "p01": 0.0,
              "p05": 0.0,
              "p50": 0.0,
              "p99": 0.0,
              "max": 0.0,
              "sum": 0.0,
              "nonzero_count": 0,
              "positive_count": 0,
              "negative_count": 0
            },
            "lower_wall": {
              "count": 16384,
              "nonfinite": 0,
              "min": 0.0,
              "mean": 0.0,
              "p01": 0.0,
              "p05": 0.0,
              "p50": 0.0,
              "p99": 0.0,
              "max": 0.0,
              "sum": 0.0,
              "nonzero_count": 0,
              "positive_count": 0,
              "negative_count": 0
            }
          },
          "WallStage8LimiterReason": {
            "all": {
              "count": 1572864,
              "nonfinite": 0,
              "min": 0.0,
              "mean": 2.871037801106771,
              "p01": 1.0,
              "p05": 1.0,
              "p50": 2.0,
              "p99": 28.0,
              "max": 28.0,
              "sum": 4515752.0,
              "nonzero_count": 1565104,
              "positive_count": 1565104,
              "negative_count": 0
            },
            "fluid": {
              "count": 1492344,
              "nonfinite": 0,
              "min": 0.0,
              "mean": 2.9719903721930065,
              "p01": 2.0,
              "p05": 2.0,
              "p50": 2.0,
              "p99": 28.0,
              "max": 28.0,
              "sum": 4435232.0,
              "nonzero_count": 1484584,
              "positive_count": 1484584,
              "negative_count": 0
            },
            "wall": {
              "count": 80520,
              "nonfinite": 0,
              "min": 1.0,
              "mean": 1.0,
              "p01": 1.0,
              "p05": 1.0,
              "p50": 1.0,
              "p99": 1.0,
              "max": 1.0,
              "sum": 80520.0,
              "nonzero_count": 80520,
              "positive_count": 80520,
              "negative_count": 0
            },
            "lower_wall": {
              "count": 16384,
              "nonfinite": 0,
              "min": 1.0,
              "mean": 1.0,
              "p01": 1.0,
              "p05": 1.0,
              "p50": 1.0,
              "p99": 1.0,
              "max": 1.0,
              "sum": 16384.0,
              "nonzero_count": 16384,
              "positive_count": 16384,
              "negative_count": 0
            }
          },
          "WallStage8LocalWallAngle": {
            "all": {
              "count": 1572864,
              "nonfinite": 0,
              "min": 0.0,
              "mean": 0.0676877899858174,
              "p01": 0.0,
              "p05": 0.0,
              "p50": 0.0,
              "p99": 1.5707963267948966,
              "max": 1.5707963267948966,
              "sum": 106463.6881082527,
              "nonzero_count": 80520,
              "positive_count": 80520,
              "negative_count": 0
            },
            "fluid": {
              "count": 1492344,
              "nonfinite": 0,
              "min": 0.0,
              "mean": 0.0,
              "p01": 0.0,
              "p05": 0.0,
              "p50": 0.0,
              "p99": 0.0,
              "max": 0.0,
              "sum": 0.0,
              "nonzero_count": 0,
              "positive_count": 0,
              "negative_count": 0
            },
            "wall": {
              "count": 80520,
              "nonfinite": 0,
              "min": 0.3490658503988659,
              "mean": 1.3222017897199767,
              "p01": 0.3490658503988659,
              "p05": 0.3490658503988659,
              "p50": 1.5707963267948966,
              "p99": 1.5707963267948966,
              "max": 1.5707963267948966,
              "sum": 106463.68810825252,
              "nonzero_count": 80520,
              "positive_count": 80520,
              "negative_count": 0
            },
            "lower_wall": {
              "count": 16384,
              "nonfinite": 0,
              "min": 0.3490658503988659,
              "mean": 0.3490658503988658,
              "p01": 0.3490658503988659,
              "p05": 0.3490658503988659,
              "p50": 0.3490658503988659,
              "p99": 0.3490658503988659,
              "max": 0.3490658503988659,
              "sum": 5719.094892935017,
              "nonzero_count": 16384,
              "positive_count": 16384,
              "negative_count": 0
            }
          },
          "WallStage8FluidWallAngle": {
            "all": {
              "count": 1572864,
              "nonfinite": 0,
              "min": 0.0,
              "mean": 0.06547790052839687,
              "p01": 0.0,
              "p05": 0.0,
              "p50": 0.0,
              "p99": 1.5707963267948968,
              "max": 1.570796326794897,
              "sum": 102987.83253669641,
              "nonzero_count": 77752,
              "positive_count": 77752,
              "negative_count": 0
            },
            "fluid": {
              "count": 1492344,
              "nonfinite": 0,
              "min": 0.0,
              "mean": 0.06901078607659937,
              "p01": 0.0,
              "p05": 0.0,
              "p50": 0.0,
              "p99": 1.5707963267948968,
              "max": 1.570796326794897,
              "sum": 102987.8325366966,
              "nonzero_count": 77752,
              "positive_count": 77752,
              "negative_count": 0
            },
            "wall": {
              "count": 80520,
              "nonfinite": 0,
              "min": 0.0,
              "mean": 0.0,
              "p01": 0.0,
              "p05": 0.0,
              "p50": 0.0,
              "p99": 0.0,
              "max": 0.0,
              "sum": 0.0,
              "nonzero_count": 0,
              "positive_count": 0,
              "negative_count": 0
            },
            "lower_wall": {
              "count": 16384,
              "nonfinite": 0,
              "min": 0.0,
              "mean": 0.0,
              "p01": 0.0,
              "p05": 0.0,
              "p50": 0.0,
              "p99": 0.0,
              "max": 0.0,
              "sum": 0.0,
              "nonzero_count": 0,
              "positive_count": 0,
              "negative_count": 0
            }
          },
          "WallStage8FluidWallDataCount": {
            "all": {
              "count": 1572864,
              "nonfinite": 0,
              "min": 0.0,
              "mean": 0.4501393636067708,
              "p01": 0.0,
              "p05": 0.0,
              "p50": 0.0,
              "p99": 9.0,
              "max": 19.0,
              "sum": 708008.0,
              "nonzero_count": 77752,
              "positive_count": 77752,
              "negative_count": 0
            },
            "fluid": {
              "count": 1492344,
              "nonfinite": 0,
              "min": 0.0,
              "mean": 0.47442680776014107,
              "p01": 0.0,
              "p05": 0.0,
              "p50": 0.0,
              "p99": 9.0,
              "max": 19.0,
              "sum": 708008.0,
              "nonzero_count": 77752,
              "positive_count": 77752,
              "negative_count": 0
            },
            "wall": {
              "count": 80520,
              "nonfinite": 0,
              "min": 0.0,
              "mean": 0.0,
              "p01": 0.0,
              "p05": 0.0,
              "p50": 0.0,
              "p99": 0.0,
              "max": 0.0,
              "sum": 0.0,
              "nonzero_count": 0,
              "positive_count": 0,
              "negative_count": 0
            },
            "lower_wall": {
              "count": 16384,
              "nonfinite": 0,
              "min": 0.0,
              "mean": 0.0,
              "p01": 0.0,
              "p05": 0.0,
              "p50": 0.0,
              "p99": 0.0,
              "max": 0.0,
              "sum": 0.0,
              "nonzero_count": 0,
              "positive_count": 0,
              "negative_count": 0
            }
          },
          "WallStage8GradCandidateUse": {
            "all": {
              "count": 1572864,
              "nonfinite": 0,
              "min": 0.0,
              "mean": 0.004933675130208333,
              "p01": 0.0,
              "p05": 0.0,
              "p50": 0.0,
              "p99": 0.0,
              "max": 1.0,
              "sum": 7760.0,
              "nonzero_count": 7760,
              "positive_count": 7760,
              "negative_count": 0
            },
            "fluid": {
              "count": 1492344,
              "nonfinite": 0,
              "min": 0.0,
              "mean": 0.005199873487614116,
              "p01": 0.0,
              "p05": 0.0,
              "p50": 0.0,
              "p99": 0.0,
              "max": 1.0,
              "sum": 7760.0,
              "nonzero_count": 7760,
              "positive_count": 7760,
              "negative_count": 0
            },
            "wall": {
              "count": 80520,
              "nonfinite": 0,
              "min": 0.0,
              "mean": 0.0,
              "p01": 0.0,
              "p05": 0.0,
              "p50": 0.0,
              "p99": 0.0,
              "max": 0.0,
              "sum": 0.0,
              "nonzero_count": 0,
              "positive_count": 0,
              "negative_count": 0
            },
            "lower_wall": {
              "count": 16384,
              "nonfinite": 0,
              "min": 0.0,
              "mean": 0.0,
              "p01": 0.0,
              "p05": 0.0,
              "p50": 0.0,
              "p99": 0.0,
              "max": 0.0,
              "sum": 0.0,
              "nonzero_count": 0,
              "positive_count": 0,
              "negative_count": 0
            }
          },
          "WallStage8NormalAgreement": {
            "all": {
              "count": 1572864,
              "nonfinite": 0,
              "min": 0.0,
              "mean": 0.049433390299479164,
              "p01": 0.0,
              "p05": 0.0,
              "p50": 0.0,
              "p99": 1.0,
              "max": 1.0000000000000002,
              "sum": 77752.0,
              "nonzero_count": 77752,
              "positive_count": 77752,
              "negative_count": 0
            },
            "fluid": {
              "count": 1492344,
              "nonfinite": 0,
              "min": 0.0,
              "mean": 0.05210058806816659,
              "p01": 0.0,
              "p05": 0.0,
              "p50": 0.0,
              "p99": 1.0,
              "max": 1.0000000000000002,
              "sum": 77752.0,
              "nonzero_count": 77752,
              "positive_count": 77752,
              "negative_count": 0
            },
            "wall": {
              "count": 80520,
              "nonfinite": 0,
              "min": 0.0,
              "mean": 0.0,
              "p01": 0.0,
              "p05": 0.0,
              "p50": 0.0,
              "p99": 0.0,
              "max": 0.0,
              "sum": 0.0,
              "nonzero_count": 0,
              "positive_count": 0,
              "negative_count": 0
            },
            "lower_wall": {
              "count": 16384,
              "nonfinite": 0,
              "min": 0.0,
              "mean": 0.0,
              "p01": 0.0,
              "p05": 0.0,
              "p50": 0.0,
              "p99": 0.0,
              "max": 0.0,
              "sum": 0.0,
              "nonzero_count": 0,
              "positive_count": 0,
              "negative_count": 0
            }
          },
          "WallStage8UsedGeomNormal": {
            "all": {
              "count": 1572864,
              "nonfinite": 0,
              "min": 0.0,
              "mean": 0.049433390299479164,
              "p01": 0.0,
              "p05": 0.0,
              "p50": 0.0,
              "p99": 1.0,
              "max": 1.0,
              "sum": 77752.0,
              "nonzero_count": 77752,
              "positive_count": 77752,
              "negative_count": 0
            },
            "fluid": {
              "count": 1492344,
              "nonfinite": 0,
              "min": 0.0,
              "mean": 0.05210058806816659,
              "p01": 0.0,
              "p05": 0.0,
              "p50": 0.0,
              "p99": 1.0,
              "max": 1.0,
              "sum": 77752.0,
              "nonzero_count": 77752,
              "positive_count": 77752,
              "negative_count": 0
            },
            "wall": {
              "count": 80520,
              "nonfinite": 0,
              "min": 0.0,
              "mean": 0.0,
              "p01": 0.0,
              "p05": 0.0,
              "p50": 0.0,
              "p99": 0.0,
              "max": 0.0,
              "sum": 0.0,
              "nonzero_count": 0,
              "positive_count": 0,
              "negative_count": 0
            },
            "lower_wall": {
              "count": 16384,
              "nonfinite": 0,
              "min": 0.0,
              "mean": 0.0,
              "p01": 0.0,
              "p05": 0.0,
              "p50": 0.0,
              "p99": 0.0,
              "max": 0.0,
              "sum": 0.0,
              "nonzero_count": 0,
              "positive_count": 0,
              "negative_count": 0
            }
          },
          "WallStage8TanCoeffLocal": {
            "all": {
              "count": 1572864,
              "nonfinite": 0,
              "min": -1.7948968977776758e-09,
              "mean": 0.022411055788580447,
              "p01": -1.7948966757330709e-09,
              "p05": 0.0,
              "p50": 0.0,
              "p99": 0.8568418259972967,
              "max": 2.2647031202082437,
              "sum": 35249.542851849794,
              "nonzero_count": 77752,
              "positive_count": 15876,
              "negative_count": 61876
            },
            "fluid": {
              "count": 1492344,
              "nonfinite": 0,
              "min": -1.7948968977776758e-09,
              "mean": 0.02362025300590859,
              "p01": -1.7948966757330709e-09,
              "p05": 0.0,
              "p50": 0.0,
              "p99": 2.2647031202082437,
              "max": 2.2647031202082437,
              "sum": 35249.54285184965,
              "nonzero_count": 77752,
              "positive_count": 15876,
              "negative_count": 61876
            },
            "wall": {
              "count": 80520,
              "nonfinite": 0,
              "min": 0.0,
              "mean": 0.0,
              "p01": 0.0,
              "p05": 0.0,
              "p50": 0.0,
              "p99": 0.0,
              "max": 0.0,
              "sum": 0.0,
              "nonzero_count": 0,
              "positive_count": 0,
              "negative_count": 0
            },
            "lower_wall": {
              "count": 16384,
              "nonfinite": 0,
              "min": 0.0,
              "mean": 0.0,
              "p01": 0.0,
              "p05": 0.0,
              "p50": 0.0,
              "p99": 0.0,
              "max": 0.0,
              "sum": 0.0,
              "nonzero_count": 0,
              "positive_count": 0,
              "negative_count": 0
            }
          },
          "WallStage8ThetaLocal": {
            "all": {
              "count": 1572864,
              "nonfinite": 0,
              "min": 0.0,
              "mean": 0.06547790052839687,
              "p01": 0.0,
              "p05": 0.0,
              "p50": 0.0,
              "p99": 1.5707963267948968,
              "max": 1.570796326794897,
              "sum": 102987.83253669641,
              "nonzero_count": 77752,
              "positive_count": 77752,
              "negative_count": 0
            },
            "fluid": {
              "count": 1492344,
              "nonfinite": 0,
              "min": 0.0,
              "mean": 0.06901078607659937,
              "p01": 0.0,
              "p05": 0.0,
              "p50": 0.0,
              "p99": 1.5707963267948968,
              "max": 1.570796326794897,
              "sum": 102987.8325366966,
              "nonzero_count": 77752,
              "positive_count": 77752,
              "negative_count": 0
            },
            "wall": {
              "count": 80520,
              "nonfinite": 0,
              "min": 0.0,
              "mean": 0.0,
              "p01": 0.0,
              "p05": 0.0,
              "p50": 0.0,
              "p99": 0.0,
              "max": 0.0,
              "sum": 0.0,
              "nonzero_count": 0,
              "positive_count": 0,
              "negative_count": 0
            },
            "lower_wall": {
              "count": 16384,
              "nonfinite": 0,
              "min": 0.0,
              "mean": 0.0,
              "p01": 0.0,
              "p05": 0.0,
              "p50": 0.0,
              "p99": 0.0,
              "max": 0.0,
              "sum": 0.0,
              "nonzero_count": 0,
              "positive_count": 0,
              "negative_count": 0
            }
          },
          "WallStage8PhaseC": {
            "all": {
              "count": 1572864,
              "nonfinite": 0,
              "min": 0.0,
              "mean": 0.00472504729210341,
              "p01": 0.0,
              "p05": 0.0,
              "p50": 0.0,
              "p99": 0.00027111578594058946,
              "max": 0.9997660372868551,
              "sum": 7431.856784046938,
              "nonzero_count": 77752,
              "positive_count": 77752,
              "negative_count": 0
            },
            "fluid": {
              "count": 1492344,
              "nonfinite": 0,
              "min": 0.0,
              "mean": 0.0049799890534936555,
              "p01": 0.0,
              "p05": 0.0,
              "p50": 0.0,
              "p99": 0.0006950649278612581,
              "max": 0.9997660372868551,
              "sum": 7431.856784046936,
              "nonzero_count": 77752,
              "positive_count": 77752,
              "negative_count": 0
            },
            "wall": {
              "count": 80520,
              "nonfinite": 0,
              "min": 0.0,
              "mean": 0.0,
              "p01": 0.0,
              "p05": 0.0,
              "p50": 0.0,
              "p99": 0.0,
              "max": 0.0,
              "sum": 0.0,
              "nonzero_count": 0,
              "positive_count": 0,
              "negative_count": 0
            },
            "lower_wall": {
              "count": 16384,
              "nonfinite": 0,
              "min": 0.0,
              "mean": 0.0,
              "p01": 0.0,
              "p05": 0.0,
              "p50": 0.0,
              "p99": 0.0,
              "max": 0.0,
              "sum": 0.0,
              "nonzero_count": 0,
              "positive_count": 0,
              "negative_count": 0
            }
          },
          "WallStage8GradMagRaw": {
            "all": {
              "count": 1572864,
              "nonfinite": 0,
              "min": 0.0,
              "mean": 0.0004247856847097695,
              "p01": 0.0,
              "p05": 0.0,
              "p50": 0.0,
              "p99": 0.00015042840234805402,
              "max": 0.1701028945817279,
              "sum": 668.1301111953469,
              "nonzero_count": 77752,
              "positive_count": 77752,
              "negative_count": 0
            },
            "fluid": {
              "count": 1492344,
              "nonfinite": 0,
              "min": 0.0,
              "mean": 0.00044770516127337065,
              "p01": 0.0,
              "p05": 0.0,
              "p50": 0.0,
              "p99": 0.00024238600978423655,
              "max": 0.1701028945817279,
              "sum": 668.130111195347,
              "nonzero_count": 77752,
              "positive_count": 77752,
              "negative_count": 0
            },
            "wall": {
              "count": 80520,
              "nonfinite": 0,
              "min": 0.0,
              "mean": 0.0,
              "p01": 0.0,
              "p05": 0.0,
              "p50": 0.0,
              "p99": 0.0,
              "max": 0.0,
              "sum": 0.0,
              "nonzero_count": 0,
              "positive_count": 0,
              "negative_count": 0
            },
            "lower_wall": {
              "count": 16384,
              "nonfinite": 0,
              "min": 0.0,
              "mean": 0.0,
              "p01": 0.0,
              "p05": 0.0,
              "p50": 0.0,
              "p99": 0.0,
              "max": 0.0,
              "sum": 0.0,
              "nonzero_count": 0,
              "positive_count": 0,
              "negative_count": 0
            }
          },
          "WallStage8TangentGradRaw": {
            "all": {
              "count": 1572864,
              "nonfinite": 0,
              "min": 0.0,
              "mean": 0.0001929909498148111,
              "p01": 0.0,
              "p05": 0.0,
              "p50": 0.0,
              "p99": 6.297890695754789e-05,
              "max": 0.07501065898060133,
              "sum": 303.54851728952303,
              "nonzero_count": 77752,
              "positive_count": 77752,
              "negative_count": 0
            },
            "fluid": {
              "count": 1492344,
              "nonfinite": 0,
              "min": 0.0,
              "mean": 0.00020340385145082023,
              "p01": 0.0,
              "p05": 0.0,
              "p50": 0.0,
              "p99": 0.00010935841653692423,
              "max": 0.07501065898060133,
              "sum": 303.54851728952286,
              "nonzero_count": 77752,
              "positive_count": 77752,
              "negative_count": 0
            },
            "wall": {
              "count": 80520,
              "nonfinite": 0,
              "min": 0.0,
              "mean": 0.0,
              "p01": 0.0,
              "p05": 0.0,
              "p50": 0.0,
              "p99": 0.0,
              "max": 0.0,
              "sum": 0.0,
              "nonzero_count": 0,
              "positive_count": 0,
              "negative_count": 0
            },
            "lower_wall": {
              "count": 16384,
              "nonfinite": 0,
              "min": 0.0,
              "mean": 0.0,
              "p01": 0.0,
              "p05": 0.0,
              "p50": 0.0,
              "p99": 0.0,
              "max": 0.0,
              "sum": 0.0,
              "nonzero_count": 0,
              "positive_count": 0,
              "negative_count": 0
            }
          },
          "WallStage8TargetNormalGrad": {
            "all": {
              "count": 1572864,
              "nonfinite": 0,
              "min": -0.16987687344224436,
              "mean": -0.000433655592175911,
              "p01": -2.356027778982622e-06,
              "p05": 0.0,
              "p50": 0.0,
              "p99": 9.970981388964861e-19,
              "max": 1.162448491610096e-11,
              "sum": -682.081269332172,
              "nonzero_count": 77752,
              "positive_count": 61876,
              "negative_count": 15876
            },
            "fluid": {
              "count": 1492344,
              "nonfinite": 0,
              "min": -0.16987687344224436,
              "mean": -0.00045705364804104955,
              "p01": -4.582792033996742e-05,
              "p05": 0.0,
              "p50": 0.0,
              "p99": 1.0660163567566132e-18,
              "max": 1.162448491610096e-11,
              "sum": -682.081269332172,
              "nonzero_count": 77752,
              "positive_count": 61876,
              "negative_count": 15876
            },
            "wall": {
              "count": 80520,
              "nonfinite": 0,
              "min": 0.0,
              "mean": 0.0,
              "p01": 0.0,
              "p05": 0.0,
              "p50": 0.0,
              "p99": 0.0,
              "max": 0.0,
              "sum": 0.0,
              "nonzero_count": 0,
              "positive_count": 0,
              "negative_count": 0
            },
            "lower_wall": {
              "count": 16384,
              "nonfinite": 0,
              "min": 0.0,
              "mean": 0.0,
              "p01": 0.0,
              "p05": 0.0,
              "p50": 0.0,
              "p99": 0.0,
              "max": 0.0,
              "sum": 0.0,
              "nonzero_count": 0,
              "positive_count": 0,
              "negative_count": 0
            }
          },
          "WallStage8NormalDeltaRaw": {
            "all": {
              "count": 1572864,
              "nonfinite": 0,
              "min": -0.021116461166475753,
              "mean": -5.463246393985459e-05,
              "p01": 0.0,
              "p05": 0.0,
              "p50": 0.0,
              "p99": 0.0,
              "max": 0.0008600383649715829,
              "sum": -85.92943576229545,
              "nonzero_count": 7760,
              "positive_count": 56,
              "negative_count": 7704
            },
            "fluid": {
              "count": 1492344,
              "nonfinite": 0,
              "min": -0.021116461166475753,
              "mean": -5.7580179745618605e-05,
              "p01": 0.0,
              "p05": 0.0,
              "p50": 0.0,
              "p99": 0.0,
              "max": 0.0008600383649715829,
              "sum": -85.92943576229545,
              "nonzero_count": 7760,
              "positive_count": 56,
              "negative_count": 7704
            },
            "wall": {
              "count": 80520,
              "nonfinite": 0,
              "min": 0.0,
              "mean": 0.0,
              "p01": 0.0,
              "p05": 0.0,
              "p50": 0.0,
              "p99": 0.0,
              "max": 0.0,
              "sum": 0.0,
              "nonzero_count": 0,
              "positive_count": 0,
              "negative_count": 0
            },
            "lower_wall": {
              "count": 16384,
              "nonfinite": 0,
              "min": 0.0,
              "mean": 0.0,
              "p01": 0.0,
              "p05": 0.0,
              "p50": 0.0,
              "p99": 0.0,
              "max": 0.0,
              "sum": 0.0,
              "nonzero_count": 0,
              "positive_count": 0,
              "negative_count": 0
            }
          },
          "WallStage8NormalDeltaLimited": {
            "all": {
              "count": 1572864,
              "nonfinite": 0,
              "min": -0.021116461166454634,
              "mean": -5.061213052934759e-05,
              "p01": 0.0,
              "p05": 0.0,
              "p50": 0.0,
              "p99": 0.0,
              "max": 4.708893825224167e-06,
              "sum": -79.60599807291176,
              "nonzero_count": 7760,
              "positive_count": 56,
              "negative_count": 7704
            },
            "fluid": {
              "count": 1492344,
              "nonfinite": 0,
              "min": -0.021116461166454634,
              "mean": -5.334292768484463e-05,
              "p01": 0.0,
              "p05": 0.0,
              "p50": 0.0,
              "p99": 0.0,
              "max": 4.708893825224167e-06,
              "sum": -79.60599807291177,
              "nonzero_count": 7760,
              "positive_count": 56,
              "negative_count": 7704
            },
            "wall": {
              "count": 80520,
              "nonfinite": 0,
              "min": 0.0,
              "mean": 0.0,
              "p01": 0.0,
              "p05": 0.0,
              "p50": 0.0,
              "p99": 0.0,
              "max": 0.0,
              "sum": 0.0,
              "nonzero_count": 0,
              "positive_count": 0,
              "negative_count": 0
            },
            "lower_wall": {
              "count": 16384,
              "nonfinite": 0,
              "min": 0.0,
              "mean": 0.0,
              "p01": 0.0,
              "p05": 0.0,
              "p50": 0.0,
              "p99": 0.0,
              "max": 0.0,
              "sum": 0.0,
              "nonzero_count": 0,
              "positive_count": 0,
              "negative_count": 0
            }
          },
          "WallStage8VectorDeltaRawMag": {
            "all": {
              "count": 1572864,
              "nonfinite": 0,
              "min": 0.0,
              "mean": 5.061229302786593e-05,
              "p01": 0.0,
              "p05": 0.0,
              "p50": 0.0,
              "p99": 0.0,
              "max": 0.021116461166454634,
              "sum": 79.60625366098132,
              "nonzero_count": 7760,
              "positive_count": 7760,
              "negative_count": 0
            },
            "fluid": {
              "count": 1492344,
              "nonfinite": 0,
              "min": 0.0,
              "mean": 5.334309895103363e-05,
              "p01": 0.0,
              "p05": 0.0,
              "p50": 0.0,
              "p99": 0.0,
              "max": 0.021116461166454634,
              "sum": 79.60625366098134,
              "nonzero_count": 7760,
              "positive_count": 7760,
              "negative_count": 0
            },
            "wall": {
              "count": 80520,
              "nonfinite": 0,
              "min": 0.0,
              "mean": 0.0,
              "p01": 0.0,
              "p05": 0.0,
              "p50": 0.0,
              "p99": 0.0,
              "max": 0.0,
              "sum": 0.0,
              "nonzero_count": 0,
              "positive_count": 0,
              "negative_count": 0
            },
            "lower_wall": {
              "count": 16384,
              "nonfinite": 0,
              "min": 0.0,
              "mean": 0.0,
              "p01": 0.0,
              "p05": 0.0,
              "p50": 0.0,
              "p99": 0.0,
              "max": 0.0,
              "sum": 0.0,
              "nonzero_count": 0,
              "positive_count": 0,
              "negative_count": 0
            }
          },
          "WallStage8VectorDeltaLimitedMag": {
            "all": {
              "count": 1572864,
              "nonfinite": 0,
              "min": 0.0,
              "mean": 5.061229302786593e-05,
              "p01": 0.0,
              "p05": 0.0,
              "p50": 0.0,
              "p99": 0.0,
              "max": 0.021116461166454634,
              "sum": 79.60625366098132,
              "nonzero_count": 7760,
              "positive_count": 7760,
              "negative_count": 0
            },
            "fluid": {
              "count": 1492344,
              "nonfinite": 0,
              "min": 0.0,
              "mean": 5.334309895103363e-05,
              "p01": 0.0,
              "p05": 0.0,
              "p50": 0.0,
              "p99": 0.0,
              "max": 0.021116461166454634,
              "sum": 79.60625366098134,
              "nonzero_count": 7760,
              "positive_count": 7760,
              "negative_count": 0
            },
            "wall": {
              "count": 80520,
              "nonfinite": 0,
              "min": 0.0,
              "mean": 0.0,
              "p01": 0.0,
              "p05": 0.0,
              "p50": 0.0,
              "p99": 0.0,
              "max": 0.0,
              "sum": 0.0,
              "nonzero_count": 0,
              "positive_count": 0,
              "negative_count": 0
            },
            "lower_wall": {
              "count": 16384,
              "nonfinite": 0,
              "min": 0.0,
              "mean": 0.0,
              "p01": 0.0,
              "p05": 0.0,
              "p50": 0.0,
              "p99": 0.0,
              "max": 0.0,
              "sum": 0.0,
              "nonzero_count": 0,
              "positive_count": 0,
              "negative_count": 0
            }
          },
          "WallStage8NormalLimiterHit": {
            "all": {
              "count": 1572864,
              "nonfinite": 0,
              "min": 0.0,
              "mean": 0.0,
              "p01": 0.0,
              "p05": 0.0,
              "p50": 0.0,
              "p99": 0.0,
              "max": 0.0,
              "sum": 0.0,
              "nonzero_count": 0,
              "positive_count": 0,
              "negative_count": 0
            },
            "fluid": {
              "count": 1492344,
              "nonfinite": 0,
              "min": 0.0,
              "mean": 0.0,
              "p01": 0.0,
              "p05": 0.0,
              "p50": 0.0,
              "p99": 0.0,
              "max": 0.0,
              "sum": 0.0,
              "nonzero_count": 0,
              "positive_count": 0,
              "negative_count": 0
            },
            "wall": {
              "count": 80520,
              "nonfinite": 0,
              "min": 0.0,
              "mean": 0.0,
              "p01": 0.0,
              "p05": 0.0,
              "p50": 0.0,
              "p99": 0.0,
              "max": 0.0,
              "sum": 0.0,
              "nonzero_count": 0,
              "positive_count": 0,
              "negative_count": 0
            },
            "lower_wall": {
              "count": 16384,
              "nonfinite": 0,
              "min": 0.0,
              "mean": 0.0,
              "p01": 0.0,
              "p05": 0.0,
              "p50": 0.0,
              "p99": 0.0,
              "max": 0.0,
              "sum": 0.0,
              "nonzero_count": 0,
              "positive_count": 0,
              "negative_count": 0
            }
          },
          "WallStage8VectorLimiterHit": {
            "all": {
              "count": 1572864,
              "nonfinite": 0,
              "min": 0.0,
              "mean": 0.0,
              "p01": 0.0,
              "p05": 0.0,
              "p50": 0.0,
              "p99": 0.0,
              "max": 0.0,
              "sum": 0.0,
              "nonzero_count": 0,
              "positive_count": 0,
              "negative_count": 0
            },
            "fluid": {
              "count": 1492344,
              "nonfinite": 0,
              "min": 0.0,
              "mean": 0.0,
              "p01": 0.0,
              "p05": 0.0,
              "p50": 0.0,
              "p99": 0.0,
              "max": 0.0,
              "sum": 0.0,
              "nonzero_count": 0,
              "positive_count": 0,
              "negative_count": 0
            },
            "wall": {
              "count": 80520,
              "nonfinite": 0,
              "min": 0.0,
              "mean": 0.0,
              "p01": 0.0,
              "p05": 0.0,
              "p50": 0.0,
              "p99": 0.0,
              "max": 0.0,
              "sum": 0.0,
              "nonzero_count": 0,
              "positive_count": 0,
              "negative_count": 0
            },
            "lower_wall": {
              "count": 16384,
              "nonfinite": 0,
              "min": 0.0,
              "mean": 0.0,
              "p01": 0.0,
              "p05": 0.0,
              "p50": 0.0,
              "p99": 0.0,
              "max": 0.0,
              "sum": 0.0,
              "nonzero_count": 0,
              "positive_count": 0,
              "negative_count": 0
            }
          },
          "WallStage8LimiterRatio": {
            "all": {
              "count": 1572864,
              "nonfinite": 0,
              "min": 1.0,
              "mean": 1.0,
              "p01": 1.0,
              "p05": 1.0,
              "p50": 1.0,
              "p99": 1.0,
              "max": 1.0,
              "sum": 1572864.0,
              "nonzero_count": 1572864,
              "positive_count": 1572864,
              "negative_count": 0
            },
            "fluid": {
              "count": 1492344,
              "nonfinite": 0,
              "min": 1.0,
              "mean": 1.0,
              "p01": 1.0,
              "p05": 1.0,
              "p50": 1.0,
              "p99": 1.0,
              "max": 1.0,
              "sum": 1492344.0,
              "nonzero_count": 1492344,
              "positive_count": 1492344,
              "negative_count": 0
            },
            "wall": {
              "count": 80520,
              "nonfinite": 0,
              "min": 1.0,
              "mean": 1.0,
              "p01": 1.0,
              "p05": 1.0,
              "p50": 1.0,
              "p99": 1.0,
              "max": 1.0,
              "sum": 80520.0,
              "nonzero_count": 80520,
              "positive_count": 80520,
              "negative_count": 0
            },
            "lower_wall": {
              "count": 16384,
              "nonfinite": 0,
              "min": 1.0,
              "mean": 1.0,
              "p01": 1.0,
              "p05": 1.0,
              "p50": 1.0,
              "p99": 1.0,
              "max": 1.0,
              "sum": 16384.0,
              "nonzero_count": 16384,
              "positive_count": 16384,
              "negative_count": 0
            }
          },
          "WallStage8RegionTag": {
            "all": {
              "count": 1572864,
              "nonfinite": 0,
              "min": 0.0,
              "mean": 0.0,
              "p01": 0.0,
              "p05": 0.0,
              "p50": 0.0,
              "p99": 0.0,
              "max": 0.0,
              "sum": 0.0,
              "nonzero_count": 0,
              "positive_count": 0,
              "negative_count": 0
            },
            "fluid": {
              "count": 1492344,
              "nonfinite": 0,
              "min": 0.0,
              "mean": 0.0,
              "p01": 0.0,
              "p05": 0.0,
              "p50": 0.0,
              "p99": 0.0,
              "max": 0.0,
              "sum": 0.0,
              "nonzero_count": 0,
              "positive_count": 0,
              "negative_count": 0
            },
            "wall": {
              "count": 80520,
              "nonfinite": 0,
              "min": 0.0,
              "mean": 0.0,
              "p01": 0.0,
              "p05": 0.0,
              "p50": 0.0,
              "p99": 0.0,
              "max": 0.0,
              "sum": 0.0,
              "nonzero_count": 0,
              "positive_count": 0,
              "negative_count": 0
            },
            "lower_wall": {
              "count": 16384,
              "nonfinite": 0,
              "min": 0.0,
              "mean": 0.0,
              "p01": 0.0,
              "p05": 0.0,
              "p50": 0.0,
              "p99": 0.0,
              "max": 0.0,
              "sum": 0.0,
              "nonzero_count": 0,
              "positive_count": 0,
              "negative_count": 0
            }
          },
          "WallStage8SphereRadialDot": {
            "all": {
              "count": 1572864,
              "nonfinite": 0,
              "min": 0.0,
              "mean": 0.0,
              "p01": 0.0,
              "p05": 0.0,
              "p50": 0.0,
              "p99": 0.0,
              "max": 0.0,
              "sum": 0.0,
              "nonzero_count": 0,
              "positive_count": 0,
              "negative_count": 0
            },
            "fluid": {
              "count": 1492344,
              "nonfinite": 0,
              "min": 0.0,
              "mean": 0.0,
              "p01": 0.0,
              "p05": 0.0,
              "p50": 0.0,
              "p99": 0.0,
              "max": 0.0,
              "sum": 0.0,
              "nonzero_count": 0,
              "positive_count": 0,
              "negative_count": 0
            },
            "wall": {
              "count": 80520,
              "nonfinite": 0,
              "min": 0.0,
              "mean": 0.0,
              "p01": 0.0,
              "p05": 0.0,
              "p50": 0.0,
              "p99": 0.0,
              "max": 0.0,
              "sum": 0.0,
              "nonzero_count": 0,
              "positive_count": 0,
              "negative_count": 0
            },
            "lower_wall": {
              "count": 16384,
              "nonfinite": 0,
              "min": 0.0,
              "mean": 0.0,
              "p01": 0.0,
              "p05": 0.0,
              "p50": 0.0,
              "p99": 0.0,
              "max": 0.0,
              "sum": 0.0,
              "nonzero_count": 0,
              "positive_count": 0,
              "negative_count": 0
            }
          },
          "WallStage8ContactBandTag": {
            "all": {
              "count": 1572864,
              "nonfinite": 0,
              "min": 0.0,
              "mean": 0.0779266357421875,
              "p01": 0.0,
              "p05": 0.0,
              "p50": 0.0,
              "p99": 1.0,
              "max": 7.0,
              "sum": 122568.0,
              "nonzero_count": 77752,
              "positive_count": 77752,
              "negative_count": 0
            },
            "fluid": {
              "count": 1492344,
              "nonfinite": 0,
              "min": 0.0,
              "mean": 0.0821311976327174,
              "p01": 0.0,
              "p05": 0.0,
              "p50": 0.0,
              "p99": 1.0,
              "max": 7.0,
              "sum": 122568.0,
              "nonzero_count": 77752,
              "positive_count": 77752,
              "negative_count": 0
            },
            "wall": {
              "count": 80520,
              "nonfinite": 0,
              "min": 0.0,
              "mean": 0.0,
              "p01": 0.0,
              "p05": 0.0,
              "p50": 0.0,
              "p99": 0.0,
              "max": 0.0,
              "sum": 0.0,
              "nonzero_count": 0,
              "positive_count": 0,
              "negative_count": 0
            },
            "lower_wall": {
              "count": 16384,
              "nonfinite": 0,
              "min": 0.0,
              "mean": 0.0,
              "p01": 0.0,
              "p05": 0.0,
              "p50": 0.0,
              "p99": 0.0,
              "max": 0.0,
              "sum": 0.0,
              "nonzero_count": 0,
              "positive_count": 0,
              "negative_count": 0
            }
          },
          "WallBCPath": {
            "all": {
              "count": 1572864,
              "nonfinite": 0,
              "min": 0.0,
              "mean": 0.133636474609375,
              "p01": 0.0,
              "p05": 0.0,
              "p50": 0.0,
              "p99": 5.0,
              "max": 5.0,
              "sum": 210192.0,
              "nonzero_count": 80520,
              "positive_count": 80520,
              "negative_count": 0
            },
            "fluid": {
              "count": 1492344,
              "nonfinite": 0,
              "min": 0.0,
              "mean": 0.0,
              "p01": 0.0,
              "p05": 0.0,
              "p50": 0.0,
              "p99": 0.0,
              "max": 0.0,
              "sum": 0.0,
              "nonzero_count": 0,
              "positive_count": 0,
              "negative_count": 0
            },
            "wall": {
              "count": 80520,
              "nonfinite": 0,
              "min": 2.0,
              "mean": 2.6104321907600596,
              "p01": 2.0,
              "p05": 2.0,
              "p50": 2.0,
              "p99": 5.0,
              "max": 5.0,
              "sum": 210192.0,
              "nonzero_count": 80520,
              "positive_count": 80520,
              "negative_count": 0
            },
            "lower_wall": {
              "count": 16384,
              "nonfinite": 0,
              "min": 5.0,
              "mean": 5.0,
              "p01": 5.0,
              "p05": 5.0,
              "p50": 5.0,
              "p99": 5.0,
              "max": 5.0,
              "sum": 81920.0,
              "nonzero_count": 16384,
              "positive_count": 16384,
              "negative_count": 0
            }
          },
          "WallStage8LocalWallNormalMag": {
            "all": {
              "count": 1572864,
              "nonfinite": 0,
              "min": 0.0,
              "mean": 0.0511932373046875,
              "p01": 0.0,
              "p05": 0.0,
              "p50": 0.0,
              "p99": 1.0,
              "max": 1.0,
              "sum": 80520.0,
              "nonzero_count": 80520,
              "positive_count": 80520,
              "negative_count": 0
            },
            "fluid": {
              "count": 1492344,
              "nonfinite": 0,
              "min": 0.0,
              "mean": 0.0,
              "p01": 0.0,
              "p05": 0.0,
              "p50": 0.0,
              "p99": 0.0,
              "max": 0.0,
              "sum": 0.0,
              "nonzero_count": 0,
              "positive_count": 0,
              "negative_count": 0
            },
            "wall": {
              "count": 80520,
              "nonfinite": 0,
              "min": 0.9999999999999999,
              "mean": 1.0,
              "p01": 0.9999999999999999,
              "p05": 1.0,
              "p50": 1.0,
              "p99": 1.0,
              "max": 1.0,
              "sum": 80520.0,
              "nonzero_count": 80520,
              "positive_count": 80520,
              "negative_count": 0
            },
            "lower_wall": {
              "count": 16384,
              "nonfinite": 0,
              "min": 0.9999999999999999,
              "mean": 1.0,
              "p01": 0.9999999999999999,
              "p05": 1.0,
              "p50": 1.0,
              "p99": 1.0,
              "max": 1.0,
              "sum": 16384.0,
              "nonzero_count": 16384,
              "positive_count": 16384,
              "negative_count": 0
            }
          },
          "WallStage8FluidWallNormalMag": {
            "all": {
              "count": 1572864,
              "nonfinite": 0,
              "min": 0.0,
              "mean": 0.049433390299479164,
              "p01": 0.0,
              "p05": 0.0,
              "p50": 0.0,
              "p99": 1.0,
              "max": 1.0,
              "sum": 77752.0,
              "nonzero_count": 77752,
              "positive_count": 77752,
              "negative_count": 0
            },
            "fluid": {
              "count": 1492344,
              "nonfinite": 0,
              "min": 0.0,
              "mean": 0.05210058806816659,
              "p01": 0.0,
              "p05": 0.0,
              "p50": 0.0,
              "p99": 1.0,
              "max": 1.0,
              "sum": 77752.0,
              "nonzero_count": 77752,
              "positive_count": 77752,
              "negative_count": 0
            },
            "wall": {
              "count": 80520,
              "nonfinite": 0,
              "min": 0.0,
              "mean": 0.0,
              "p01": 0.0,
              "p05": 0.0,
              "p50": 0.0,
              "p99": 0.0,
              "max": 0.0,
              "sum": 0.0,
              "nonzero_count": 0,
              "positive_count": 0,
              "negative_count": 0
            },
            "lower_wall": {
              "count": 16384,
              "nonfinite": 0,
              "min": 0.0,
              "mean": 0.0,
              "p01": 0.0,
              "p05": 0.0,
              "p50": 0.0,
              "p99": 0.0,
              "max": 0.0,
              "sum": 0.0,
              "nonzero_count": 0,
              "positive_count": 0,
              "negative_count": 0
            }
          },
          "WallStage8GradCandidateMag": {
            "all": {
              "count": 1572864,
              "nonfinite": 0,
              "min": 0.0,
              "mean": 0.005292638081822072,
              "p01": 0.0,
              "p05": 0.0,
              "p50": 2.934499557151649e-10,
              "p99": 0.14731964946113169,
              "max": 0.18570070299061986,
              "sum": 8324.599903926992,
              "nonzero_count": 1492344,
              "positive_count": 1492344,
              "negative_count": 0
            },
            "fluid": {
              "count": 1492344,
              "nonfinite": 0,
              "min": 7.16093707088572e-16,
              "mean": 0.005578204424668167,
              "p01": 2.0594492820236285e-14,
              "p05": 1.5153449000316976e-13,
              "p50": 3.70894703801345e-10,
              "p99": 0.148544790015907,
              "max": 0.18570070299061986,
              "sum": 8324.59990392699,
              "nonzero_count": 1492344,
              "positive_count": 1492344,
              "negative_count": 0
            },
            "wall": {
              "count": 80520,
              "nonfinite": 0,
              "min": 0.0,
              "mean": 0.0,
              "p01": 0.0,
              "p05": 0.0,
              "p50": 0.0,
              "p99": 0.0,
              "max": 0.0,
              "sum": 0.0,
              "nonzero_count": 0,
              "positive_count": 0,
              "negative_count": 0
            },
            "lower_wall": {
              "count": 16384,
              "nonfinite": 0,
              "min": 0.0,
              "mean": 0.0,
              "p01": 0.0,
              "p05": 0.0,
              "p50": 0.0,
              "p99": 0.0,
              "max": 0.0,
              "sum": 0.0,
              "nonzero_count": 0,
              "positive_count": 0,
              "negative_count": 0
            }
          },
          "UMag": {
            "all": {
              "count": 1572864,
              "nonfinite": 0,
              "min": 0.0,
              "mean": 4.508037702335021e-07,
              "p01": 0.0,
              "p05": 0.0,
              "p50": 1.574847182667883e-07,
              "p99": 3.1254895269410925e-06,
              "max": 4.372975398535143e-06,
              "sum": 0.7090530212645471,
              "nonzero_count": 1492344,
              "positive_count": 1492344,
              "negative_count": 0
            },
            "fluid": {
              "count": 1492344,
              "nonfinite": 0,
              "min": 7.234264134507907e-10,
              "mean": 4.7512706270440777e-07,
              "p01": 8.949957830782629e-09,
              "p05": 2.0445461047299614e-08,
              "p50": 1.7313868717447754e-07,
              "p99": 3.1467019472286814e-06,
              "max": 4.372975398535143e-06,
              "sum": 0.7090530212645467,
              "nonzero_count": 1492344,
              "positive_count": 1492344,
              "negative_count": 0
            },
            "wall": {
              "count": 80520,
              "nonfinite": 0,
              "min": 0.0,
              "mean": 0.0,
              "p01": 0.0,
              "p05": 0.0,
              "p50": 0.0,
              "p99": 0.0,
              "max": 0.0,
              "sum": 0.0,
              "nonzero_count": 0,
              "positive_count": 0,
              "negative_count": 0
            },
            "lower_wall": {
              "count": 16384,
              "nonfinite": 0,
              "min": 0.0,
              "mean": 0.0,
              "p01": 0.0,
              "p05": 0.0,
              "p50": 0.0,
              "p99": 0.0,
              "max": 0.0,
              "sum": 0.0,
              "nonzero_count": 0,
              "positive_count": 0,
              "negative_count": 0
            }
          }
        },
        "stage8c_mask_counts": {
          "data_fluid_count": 77752,
          "active_fluid_count": 7760
        },
        "stage8c_field_stats": {
          "WallStage8FluidWallAngle": {
            "data_fluid": {
              "count": 77752,
              "nonfinite": 0,
              "min": 0.34906585039886595,
              "mean": 1.324568275243035,
              "p01": 0.34906585039886595,
              "p05": 0.34906585039886595,
              "p50": 1.5707963267948968,
              "p99": 1.5707963267948968,
              "max": 1.570796326794897,
              "sum": 102987.83253669646,
              "nonzero_count": 77752,
              "positive_count": 77752,
              "negative_count": 0
            },
            "active_fluid": {
              "count": 7760,
              "nonfinite": 0,
              "min": 0.34906585039886595,
              "mean": 0.3490658503988659,
              "p01": 0.34906585039886595,
              "p05": 0.34906585039886595,
              "p50": 0.34906585039886595,
              "p99": 0.34906585039886595,
              "max": 0.34906585039886595,
              "sum": 2708.7509990951994,
              "nonzero_count": 7760,
              "positive_count": 7760,
              "negative_count": 0
            }
          },
          "WallStage8FluidWallNormalMag": {
            "data_fluid": {
              "count": 77752,
              "nonfinite": 0,
              "min": 1.0,
              "mean": 1.0,
              "p01": 1.0,
              "p05": 1.0,
              "p50": 1.0,
              "p99": 1.0,
              "max": 1.0,
              "sum": 77752.0,
              "nonzero_count": 77752,
              "positive_count": 77752,
              "negative_count": 0
            },
            "active_fluid": {
              "count": 7760,
              "nonfinite": 0,
              "min": 1.0,
              "mean": 1.0,
              "p01": 1.0,
              "p05": 1.0,
              "p50": 1.0,
              "p99": 1.0,
              "max": 1.0,
              "sum": 7760.0,
              "nonzero_count": 7760,
              "positive_count": 7760,
              "negative_count": 0
            }
          },
          "WallStage8FluidWallDataCount": {
            "data_fluid": {
              "count": 77752,
              "nonfinite": 0,
              "min": 9.0,
              "mean": 9.105977981273794,
              "p01": 9.0,
              "p05": 9.0,
              "p50": 9.0,
              "p99": 15.0,
              "max": 19.0,
              "sum": 708008.0,
              "nonzero_count": 77752,
              "positive_count": 77752,
              "negative_count": 0
            },
            "active_fluid": {
              "count": 7760,
              "nonfinite": 0,
              "min": 9.0,
              "mean": 9.0,
              "p01": 9.0,
              "p05": 9.0,
              "p50": 9.0,
              "p99": 9.0,
              "max": 9.0,
              "sum": 69840.0,
              "nonzero_count": 7760,
              "positive_count": 7760,
              "negative_count": 0
            }
          },
          "WallStage8GradCandidateUse": {
            "data_fluid": {
              "count": 77752,
              "nonfinite": 0,
              "min": 0.0,
              "mean": 0.09980450663648524,
              "p01": 0.0,
              "p05": 0.0,
              "p50": 0.0,
              "p99": 1.0,
              "max": 1.0,
              "sum": 7760.0,
              "nonzero_count": 7760,
              "positive_count": 7760,
              "negative_count": 0
            },
            "active_fluid": {
              "count": 7760,
              "nonfinite": 0,
              "min": 1.0,
              "mean": 1.0,
              "p01": 1.0,
              "p05": 1.0,
              "p50": 1.0,
              "p99": 1.0,
              "max": 1.0,
              "sum": 7760.0,
              "nonzero_count": 7760,
              "positive_count": 7760,
              "negative_count": 0
            }
          },
          "WallStage8GradCandidateMag": {
            "data_fluid": {
              "count": 77752,
              "nonfinite": 0,
              "min": 7.16093707088572e-16,
              "mean": 0.0095161385115016,
              "p01": 2.7753939005268203e-15,
              "p05": 1.064190650777822e-14,
              "p50": 1.885007054572995e-10,
              "p99": 0.17939228841410057,
              "max": 0.18570070299061986,
              "sum": 739.8988015462725,
              "nonzero_count": 77752,
              "positive_count": 77752,
              "negative_count": 0
            },
            "active_fluid": {
              "count": 7760,
              "nonfinite": 0,
              "min": 0.011687137611227683,
              "mean": 0.09218884197070164,
              "p01": 0.012765413064836036,
              "p05": 0.014730903869808827,
              "p50": 0.08356483679349053,
              "p99": 0.18536113309197522,
              "max": 0.18570070299061986,
              "sum": 715.3854136926448,
              "nonzero_count": 7760,
              "positive_count": 7760,
              "negative_count": 0
            }
          },
          "WallStage8NormalAgreement": {
            "data_fluid": {
              "count": 77752,
              "nonfinite": 0,
              "min": 0.9999999999999999,
              "mean": 1.0,
              "p01": 1.0,
              "p05": 1.0,
              "p50": 1.0,
              "p99": 1.0000000000000002,
              "max": 1.0000000000000002,
              "sum": 77752.0,
              "nonzero_count": 77752,
              "positive_count": 77752,
              "negative_count": 0
            },
            "active_fluid": {
              "count": 7760,
              "nonfinite": 0,
              "min": 1.0,
              "mean": 1.0,
              "p01": 1.0,
              "p05": 1.0,
              "p50": 1.0,
              "p99": 1.0,
              "max": 1.0,
              "sum": 7760.0,
              "nonzero_count": 7760,
              "positive_count": 7760,
              "negative_count": 0
            }
          },
          "WallStage8UsedGeomNormal": {
            "data_fluid": {
              "count": 77752,
              "nonfinite": 0,
              "min": 1.0,
              "mean": 1.0,
              "p01": 1.0,
              "p05": 1.0,
              "p50": 1.0,
              "p99": 1.0,
              "max": 1.0,
              "sum": 77752.0,
              "nonzero_count": 77752,
              "positive_count": 77752,
              "negative_count": 0
            },
            "active_fluid": {
              "count": 7760,
              "nonfinite": 0,
              "min": 1.0,
              "mean": 1.0,
              "p01": 1.0,
              "p05": 1.0,
              "p50": 1.0,
              "p99": 1.0,
              "max": 1.0,
              "sum": 7760.0,
              "nonzero_count": 7760,
              "positive_count": 7760,
              "negative_count": 0
            }
          },
          "WallStage8GradWriteDeltaMag": {
            "data_fluid": {
              "count": 77752,
              "nonfinite": 0,
              "min": 0.0,
              "mean": 0.0010238483082233424,
              "p01": 0.0,
              "p05": 0.0,
              "p50": 0.0,
              "p99": 0.020035554212642272,
              "max": 0.021116461166454634,
              "sum": 79.60625366098132,
              "nonzero_count": 7760,
              "positive_count": 7760,
              "negative_count": 0
            },
            "active_fluid": {
              "count": 7760,
              "nonfinite": 0,
              "min": 2.708512738471097e-08,
              "mean": 0.010258537842909964,
              "p01": 3.9359721506706975e-07,
              "p05": 2.644481187011239e-05,
              "p50": 0.010521622202410852,
              "p99": 0.020858291200307588,
              "max": 0.021116461166454634,
              "sum": 79.60625366098132,
              "nonzero_count": 7760,
              "positive_count": 7760,
              "negative_count": 0
            }
          },
          "WallStage8LimiterReason": {
            "data_fluid": {
              "count": 77752,
              "nonfinite": 0,
              "min": 0.0,
              "mean": 20.65603457145797,
              "p01": 0.0,
              "p05": 0.0,
              "p50": 28.0,
              "p99": 28.0,
              "max": 28.0,
              "sum": 1606048.0,
              "nonzero_count": 69992,
              "positive_count": 69992,
              "negative_count": 0
            },
            "active_fluid": {
              "count": 7760,
              "nonfinite": 0,
              "min": 0.0,
              "mean": 0.0,
              "p01": 0.0,
              "p05": 0.0,
              "p50": 0.0,
              "p99": 0.0,
              "max": 0.0,
              "sum": 0.0,
              "nonzero_count": 0,
              "positive_count": 0,
              "negative_count": 0
            }
          },
          "WallStage8ContactResidual": {
            "data_fluid": {
              "count": 77752,
              "nonfinite": 0,
              "min": -0.060247681922682705,
              "mean": 0.031226728373001108,
              "p01": -0.03643524229249226,
              "p05": 0.0,
              "p50": 0.0,
              "p99": 0.29731473904997296,
              "max": 0.3602814996464116,
              "sum": 2427.940584457582,
              "nonzero_count": 23720,
              "positive_count": 21292,
              "negative_count": 2428
            },
            "active_fluid": {
              "count": 7760,
              "nonfinite": 0,
              "min": 0.015428724714537378,
              "mean": 0.052863063538696464,
              "p01": 0.03530187715633326,
              "p05": 0.038051713658858226,
              "p50": 0.044289250378057754,
              "p99": 0.09199553912161922,
              "max": 0.09373224766732446,
              "sum": 410.21737306028456,
              "nonzero_count": 7760,
              "positive_count": 7760,
              "negative_count": 0
            }
          },
          "WallStage8NormalDeltaRaw": {
            "data_fluid": {
              "count": 77752,
              "nonfinite": 0,
              "min": -0.021116461166475753,
              "mean": -0.0011051733172432279,
              "p01": -0.02003555421266231,
              "p05": -0.010760228472668106,
              "p50": 0.0,
              "p99": 0.0,
              "max": 0.0008600383649715829,
              "sum": -85.92943576229545,
              "nonzero_count": 7760,
              "positive_count": 56,
              "negative_count": 7704
            },
            "active_fluid": {
              "count": 7760,
              "nonfinite": 0,
              "min": -0.021116461166475753,
              "mean": -0.011073380897203024,
              "p01": -0.02085829120032845,
              "p05": -0.020451300066769245,
              "p50": -0.01078318499334447,
              "p99": -0.0007476236473257201,
              "max": 0.0008600383649715829,
              "sum": -85.92943576229547,
              "nonzero_count": 7760,
              "positive_count": 56,
              "negative_count": 7704
            }
          },
          "WallStage8NormalDeltaLimited": {
            "data_fluid": {
              "count": 77752,
              "nonfinite": 0,
              "min": -0.021116461166454634,
              "mean": -0.0010238450210015404,
              "p01": -0.020035554212642272,
              "p05": -0.010498568328015321,
              "p50": 0.0,
              "p99": 0.0,
              "max": 4.708893825224167e-06,
              "sum": -79.60599807291176,
              "nonzero_count": 7760,
              "positive_count": 56,
              "negative_count": 7704
            },
            "active_fluid": {
              "count": 7760,
              "nonfinite": 0,
              "min": -0.021116461166454634,
              "mean": -0.010258504906303062,
              "p01": -0.020858291200307588,
              "p05": -0.020451300066748793,
              "p50": -0.010521622202410852,
              "p99": -1.1556139141534834e-07,
              "max": 4.708893825224167e-06,
              "sum": -79.60599807291176,
              "nonzero_count": 7760,
              "positive_count": 56,
              "negative_count": 7704
            }
          },
          "WallStage8VectorDeltaRawMag": {
            "data_fluid": {
              "count": 77752,
              "nonfinite": 0,
              "min": 0.0,
              "mean": 0.0010238483082233424,
              "p01": 0.0,
              "p05": 0.0,
              "p50": 0.0,
              "p99": 0.020035554212642272,
              "max": 0.021116461166454634,
              "sum": 79.60625366098132,
              "nonzero_count": 7760,
              "positive_count": 7760,
              "negative_count": 0
            },
            "active_fluid": {
              "count": 7760,
              "nonfinite": 0,
              "min": 2.708512738471097e-08,
              "mean": 0.010258537842909964,
              "p01": 3.9359721506706975e-07,
              "p05": 2.644481187011239e-05,
              "p50": 0.010521622202410852,
              "p99": 0.020858291200307588,
              "max": 0.021116461166454634,
              "sum": 79.60625366098132,
              "nonzero_count": 7760,
              "positive_count": 7760,
              "negative_count": 0
            }
          },
          "WallStage8VectorDeltaLimitedMag": {
            "data_fluid": {
              "count": 77752,
              "nonfinite": 0,
              "min": 0.0,
              "mean": 0.0010238483082233424,
              "p01": 0.0,
              "p05": 0.0,
              "p50": 0.0,
              "p99": 0.020035554212642272,
              "max": 0.021116461166454634,
              "sum": 79.60625366098132,
              "nonzero_count": 7760,
              "positive_count": 7760,
              "negative_count": 0
            },
            "active_fluid": {
              "count": 7760,
              "nonfinite": 0,
              "min": 2.708512738471097e-08,
              "mean": 0.010258537842909964,
              "p01": 3.9359721506706975e-07,
              "p05": 2.644481187011239e-05,
              "p50": 0.010521622202410852,
              "p99": 0.020858291200307588,
              "max": 0.021116461166454634,
              "sum": 79.60625366098132,
              "nonzero_count": 7760,
              "positive_count": 7760,
              "negative_count": 0
            }
          },
          "WallStage8NormalLimiterHit": {
            "data_fluid": {
              "count": 77752,
              "nonfinite": 0,
              "min": 0.0,
              "mean": 0.0,
              "p01": 0.0,
              "p05": 0.0,
              "p50": 0.0,
              "p99": 0.0,
              "max": 0.0,
              "sum": 0.0,
              "nonzero_count": 0,
              "positive_count": 0,
              "negative_count": 0
            },
            "active_fluid": {
              "count": 7760,
              "nonfinite": 0,
              "min": 0.0,
              "mean": 0.0,
              "p01": 0.0,
              "p05": 0.0,
              "p50": 0.0,
              "p99": 0.0,
              "max": 0.0,
              "sum": 0.0,
              "nonzero_count": 0,
              "positive_count": 0,
              "negative_count": 0
            }
          },
          "WallStage8VectorLimiterHit": {
            "data_fluid": {
              "count": 77752,
              "nonfinite": 0,
              "min": 0.0,
              "mean": 0.0,
              "p01": 0.0,
              "p05": 0.0,
              "p50": 0.0,
              "p99": 0.0,
              "max": 0.0,
              "sum": 0.0,
              "nonzero_count": 0,
              "positive_count": 0,
              "negative_count": 0
            },
            "active_fluid": {
              "count": 7760,
              "nonfinite": 0,
              "min": 0.0,
              "mean": 0.0,
              "p01": 0.0,
              "p05": 0.0,
              "p50": 0.0,
              "p99": 0.0,
              "max": 0.0,
              "sum": 0.0,
              "nonzero_count": 0,
              "positive_count": 0,
              "negative_count": 0
            }
          },
          "WallStage8LimiterRatio": {
            "data_fluid": {
              "count": 77752,
              "nonfinite": 0,
              "min": 1.0,
              "mean": 1.0,
              "p01": 1.0,
              "p05": 1.0,
              "p50": 1.0,
              "p99": 1.0,
              "max": 1.0,
              "sum": 77752.0,
              "nonzero_count": 77752,
              "positive_count": 77752,
              "negative_count": 0
            },
            "active_fluid": {
              "count": 7760,
              "nonfinite": 0,
              "min": 1.0,
              "mean": 1.0,
              "p01": 1.0,
              "p05": 1.0,
              "p50": 1.0,
              "p99": 1.0,
              "max": 1.0,
              "sum": 7760.0,
              "nonzero_count": 7760,
              "positive_count": 7760,
              "negative_count": 0
            }
          },
          "WallStage8PhaseC": {
            "data_fluid": {
              "count": 77752,
              "nonfinite": 0,
              "min": 1e-12,
              "mean": 0.09558412367587889,
              "p01": 1e-12,
              "p05": 1e-12,
              "p50": 1.3389642308782879e-09,
              "p99": 0.9994010946622999,
              "max": 0.9997660372868551,
              "sum": 7431.856784046935,
              "nonzero_count": 77752,
              "positive_count": 77752,
              "negative_count": 0
            },
            "active_fluid": {
              "count": 7760,
              "nonfinite": 0,
              "min": 0.02016313182459918,
              "mean": 0.4679001940733091,
              "p01": 0.021450352436060898,
              "p05": 0.028019010439578166,
              "p50": 0.4173321170465357,
              "p99": 0.9779491759412222,
              "max": 0.9797254967742837,
              "sum": 3630.9055060088785,
              "nonzero_count": 7760,
              "positive_count": 7760,
              "negative_count": 0
            }
          },
          "WallStage8TangentGradRaw": {
            "data_fluid": {
              "count": 77752,
              "nonfinite": 0,
              "min": 1.4686632302116698e-16,
              "mean": 0.003904060568082144,
              "p01": 2.362746517067198e-15,
              "p05": 8.071338544646646e-15,
              "p50": 1.8704349502555902e-10,
              "p99": 0.07246248158069526,
              "max": 0.07501065898060133,
              "sum": 303.54851728952286,
              "nonzero_count": 77752,
              "positive_count": 77752,
              "negative_count": 0
            },
            "active_fluid": {
              "count": 7760,
              "nonfinite": 0,
              "min": 0.00495819287791604,
              "mean": 0.03753398046194762,
              "p01": 0.005235331768716745,
              "p05": 0.00705777152491126,
              "p50": 0.033754602834231956,
              "p99": 0.0748734954617931,
              "max": 0.07501065898060133,
              "sum": 291.26368838471353,
              "nonzero_count": 7760,
              "positive_count": 7760,
              "negative_count": 0
            }
          }
        },
        "stage7b_limiter_counts": {
          "normal_path_count": 0,
          "normal_limiter_count": 0,
          "active_path_count": 0,
          "active_limiter_count": 0
        },
        "stage8c_limiter_counts": {
          "fluid_count": 1492344,
          "active_count": 7760,
          "limiter_nonzero_count": 1484584,
          "delta_limiter_count": 0,
          "missing_wall_data_count": 1414592,
          "normal_low_agreement_count": 0,
          "normal_limiter_count": 0,
          "normal_limiter_fraction": 0.0,
          "vector_limiter_count": 0,
          "vector_limiter_fraction": 0.0
        },
        "max_mach": 7.574215570511628e-06
      },
      "rows": [
        {
          "case_id": "cap_theta030_wall020_stage8g_mode3",
          "step": 0,
          "init_theta_deg": 30.0,
          "wall_rad_angle_deg": null,
          "angle_apparent_deg": 29.419795783828565,
          "angle_error_vs_init_deg": -0.5802042161714347,
          "angle_error_vs_wall_rad_deg": NaN,
          "fit_point_count": 128,
          "phase_fluid_sum": 52593.44512836894,
          "phase_fluid_rel_change": 0.0,
          "rho_fluid_sum": 54033.19568324057,
          "rho_fluid_rel_change": 0.0,
          "phase_fluid_min": 0.0,
          "phase_fluid_max": 0.9997106094060031,
          "wall_phase_pred_min": NaN,
          "wall_phase_pred_max": NaN,
          "wall_phase_raw_min": NaN,
          "wall_phase_raw_max": NaN,
          "wall_phase_profile_max": NaN,
          "wall_phase_signed_profile_max": NaN,
          "wall_phase_signed_min": NaN,
          "wall_phase_signed_max": NaN,
          "wall_signed_logit_shift_max": NaN,
          "wall_contact_residual_mean": NaN,
          "wall_contact_residual_min": NaN,
          "wall_contact_residual_max": NaN,
          "wall_signed_normal_grad_mean": NaN,
          "wall_tangent_grad_mag_mean": NaN,
          "wall_signed_delta_q_min": NaN,
          "wall_signed_delta_q_max": NaN,
          "wall_signed_q_clipped_sum": NaN,
          "wall_stage7_active_weight_sum": NaN,
          "wall_stage7_active_weight_mean": NaN,
          "wall_stage7_delta_q_raw_p50": NaN,
          "wall_stage7_delta_q_raw_p99": NaN,
          "wall_stage7_delta_q_raw_max": NaN,
          "wall_stage7_delta_q_limited_p50": NaN,
          "wall_stage7_delta_q_limited_p99": NaN,
          "wall_stage7_delta_q_limited_max": NaN,
          "wall_stage7_denom_min": NaN,
          "wall_stage7_denom_p50": NaN,
          "wall_stage7_limiter_reason_sum": NaN,
          "wall_stage7_limiter_reason_max": NaN,
          "wall_stage7_normal_path_count": 0,
          "wall_stage7_normal_limiter_count": 0,
          "wall_stage7_active_path_count": 0,
          "wall_stage7_active_limiter_count": 0,
          "wall_stage7_actual_cos_p50": NaN,
          "wall_stage7_target_cos_p50": NaN,
          "wall_stage7_write_candidate_min": NaN,
          "wall_stage7_write_candidate_max": NaN,
          "wall_stage7_write_minus_profile_min": NaN,
          "wall_stage7_write_minus_profile_max": NaN,
          "wall_stage8_active_weight_sum": 5956.469053172502,
          "wall_stage8_active_weight_mean": 0.003991351225436294,
          "wall_stage8_normal_grad_raw_p50": 0.0,
          "wall_stage8_normal_grad_target_p50": 0.0,
          "wall_stage8_contact_residual_mean": 0.003621945857050013,
          "wall_stage8_contact_residual_p50": 0.0,
          "wall_stage8_contact_residual_p99": 0.09387333471603265,
          "wall_stage8_tangent_grad_mag_p50": 0.0,
          "wall_stage8_target_cos_p50": 0.0,
          "wall_stage8_grad_write_delta_mag_p50": 0.0,
          "wall_stage8_grad_write_delta_mag_max": 0.03366205092931138,
          "wall_stage8_limiter_reason_sum": 4436416.0,
          "wall_stage8_limiter_reason_max": 128.0,
          "wall_stage8_limiter_nonzero_count": 1484856,
          "wall_stage8_active_count": 7536,
          "wall_stage8_delta_limiter_count": 48,
          "wall_stage8_normal_limiter_count": 48,
          "wall_stage8_normal_limiter_fraction": 0.006369426751592357,
          "wall_stage8_vector_limiter_count": 0,
          "wall_stage8_vector_limiter_fraction": 0.0,
          "wall_stage8_missing_wall_data_count": 1414592,
          "wall_stage8_normal_low_agreement_count": 0,
          "wall_stage8_local_wall_angle_wall_p50": 1.5707963267948966,
          "wall_stage8_local_wall_angle_wall_min": 0.3490658503988659,
          "wall_stage8_local_wall_angle_wall_max": 1.5707963267948966,
          "wall_stage8_local_wall_normal_mag_wall_p50": 1.0,
          "wall_stage8_fluid_wall_angle_p50": 0.0,
          "wall_stage8_fluid_wall_angle_min": 0.0,
          "wall_stage8_fluid_wall_angle_max": 1.570796326794897,
          "wall_stage8_fluid_wall_normal_mag_p50": 0.0,
          "wall_stage8_fluid_wall_data_count_p50": 0.0,
          "wall_stage8_fluid_wall_data_count_p05": 0.0,
          "wall_stage8_grad_candidate_use_sum": 7536.0,
          "wall_stage8_grad_candidate_mag_p50": 1.501414356831476e-13,
          "wall_stage8_grad_candidate_mag_max": 0.195106900761725,
          "wall_stage8_normal_agreement_p05": 0.0,
          "wall_stage8_normal_agreement_p50": 0.0,
          "wall_stage8_used_geom_normal_sum": 77752.0,
          "wall_stage8_data_fluid_count": 77752,
          "wall_stage8_active_fluid_count": 7536,
          "wall_stage8_fluid_wall_angle_data_p50": 1.5707963267948968,
          "wall_stage8_fluid_wall_angle_active_p50": 0.34906585039886595,
          "wall_stage8_fluid_wall_data_count_data_p50": 9.0,
          "wall_stage8_fluid_wall_data_count_active_p50": 9.0,
          "wall_stage8_normal_agreement_data_p05": 1.0,
          "wall_stage8_normal_agreement_data_p50": 1.0,
          "wall_stage8_normal_agreement_active_p05": 1.0,
          "wall_stage8_normal_agreement_active_p50": 1.0,
          "wall_stage8_used_geom_normal_data_sum": 77752.0,
          "wall_stage8_used_geom_normal_active_sum": 7536.0,
          "wall_stage8_grad_write_delta_mag_active_p50": 0.010204918885522437,
          "wall_stage8_grad_write_delta_mag_active_max": 0.03366205092931138,
          "wall_stage8_contact_residual_active_p99": 0.12673441186505496,
          "wall_stage8_normal_delta_raw_active_p99": -0.0006029847653273091,
          "wall_stage8_normal_delta_limited_active_p99": -4.355495830792782e-07,
          "wall_stage8_vector_delta_raw_active_p99": 0.0335539919572685,
          "wall_stage8_vector_delta_limited_active_p99": 0.0335539919572685,
          "wall_stage8_limiter_ratio_active_p50": 1.0,
          "max_mach": 0.0,
          "nonfinite_total": 0,
          "path_counts": "{\"2\": 64136, \"5\": 16384}"
        },
        {
          "case_id": "cap_theta030_wall020_stage8g_mode3",
          "step": 100,
          "init_theta_deg": 30.0,
          "wall_rad_angle_deg": null,
          "angle_apparent_deg": 29.455571536479766,
          "angle_error_vs_init_deg": -0.5444284635202337,
          "angle_error_vs_wall_rad_deg": NaN,
          "fit_point_count": 128,
          "phase_fluid_sum": 52522.24270005681,
          "phase_fluid_rel_change": -0.0013538270432434847,
          "rho_fluid_sum": 53962.064457356755,
          "rho_fluid_rel_change": -0.0013164356648607018,
          "phase_fluid_min": -1.832136557339192e-31,
          "phase_fluid_max": 0.9997681754785579,
          "wall_phase_pred_min": NaN,
          "wall_phase_pred_max": NaN,
          "wall_phase_raw_min": NaN,
          "wall_phase_raw_max": NaN,
          "wall_phase_profile_max": NaN,
          "wall_phase_signed_profile_max": NaN,
          "wall_phase_signed_min": NaN,
          "wall_phase_signed_max": NaN,
          "wall_signed_logit_shift_max": NaN,
          "wall_contact_residual_mean": NaN,
          "wall_contact_residual_min": NaN,
          "wall_contact_residual_max": NaN,
          "wall_signed_normal_grad_mean": NaN,
          "wall_tangent_grad_mag_mean": NaN,
          "wall_signed_delta_q_min": NaN,
          "wall_signed_delta_q_max": NaN,
          "wall_signed_q_clipped_sum": NaN,
          "wall_stage7_active_weight_sum": NaN,
          "wall_stage7_active_weight_mean": NaN,
          "wall_stage7_delta_q_raw_p50": NaN,
          "wall_stage7_delta_q_raw_p99": NaN,
          "wall_stage7_delta_q_raw_max": NaN,
          "wall_stage7_delta_q_limited_p50": NaN,
          "wall_stage7_delta_q_limited_p99": NaN,
          "wall_stage7_delta_q_limited_max": NaN,
          "wall_stage7_denom_min": NaN,
          "wall_stage7_denom_p50": NaN,
          "wall_stage7_limiter_reason_sum": NaN,
          "wall_stage7_limiter_reason_max": NaN,
          "wall_stage7_normal_path_count": 0,
          "wall_stage7_normal_limiter_count": 0,
          "wall_stage7_active_path_count": 0,
          "wall_stage7_active_limiter_count": 0,
          "wall_stage7_actual_cos_p50": NaN,
          "wall_stage7_target_cos_p50": NaN,
          "wall_stage7_write_candidate_min": NaN,
          "wall_stage7_write_candidate_max": NaN,
          "wall_stage7_write_minus_profile_min": NaN,
          "wall_stage7_write_minus_profile_max": NaN,
          "wall_stage8_active_weight_sum": 5947.116360919698,
          "wall_stage8_active_weight_mean": 0.003985084109910114,
          "wall_stage8_normal_grad_raw_p50": 0.0,
          "wall_stage8_normal_grad_target_p50": 0.0,
          "wall_stage8_contact_residual_mean": 0.0021855973037999,
          "wall_stage8_contact_residual_p50": 0.0,
          "wall_stage8_contact_residual_p99": 0.06377616315397282,
          "wall_stage8_tangent_grad_mag_p50": 0.0,
          "wall_stage8_target_cos_p50": 0.0,
          "wall_stage8_grad_write_delta_mag_p50": 0.0,
          "wall_stage8_grad_write_delta_mag_max": 0.030830302945089153,
          "wall_stage8_limiter_reason_sum": 4437296.0,
          "wall_stage8_limiter_reason_max": 28.0,
          "wall_stage8_limiter_nonzero_count": 1484852,
          "wall_stage8_active_count": 7492,
          "wall_stage8_delta_limiter_count": 0,
          "wall_stage8_normal_limiter_count": 0,
          "wall_stage8_normal_limiter_fraction": 0.0,
          "wall_stage8_vector_limiter_count": 0,
          "wall_stage8_vector_limiter_fraction": 0.0,
          "wall_stage8_missing_wall_data_count": 1414592,
          "wall_stage8_normal_low_agreement_count": 0,
          "wall_stage8_local_wall_angle_wall_p50": 1.5707963267948966,
          "wall_stage8_local_wall_angle_wall_min": 0.3490658503988659,
          "wall_stage8_local_wall_angle_wall_max": 1.5707963267948966,
          "wall_stage8_local_wall_normal_mag_wall_p50": 1.0,
          "wall_stage8_fluid_wall_angle_p50": 0.0,
          "wall_stage8_fluid_wall_angle_min": 0.0,
          "wall_stage8_fluid_wall_angle_max": 1.570796326794897,
          "wall_stage8_fluid_wall_normal_mag_p50": 0.0,
          "wall_stage8_fluid_wall_data_count_p50": 0.0,
          "wall_stage8_fluid_wall_data_count_p05": 0.0,
          "wall_stage8_grad_candidate_use_sum": 7492.0,
          "wall_stage8_grad_candidate_mag_p50": 8.552182061028781e-12,
          "wall_stage8_grad_candidate_mag_max": 0.19275731239326013,
          "wall_stage8_normal_agreement_p05": 0.0,
          "wall_stage8_normal_agreement_p50": 0.0,
          "wall_stage8_used_geom_normal_sum": 77752.0,
          "wall_stage8_data_fluid_count": 77752,
          "wall_stage8_active_fluid_count": 7492,
          "wall_stage8_fluid_wall_angle_data_p50": 1.5707963267948968,
          "wall_stage8_fluid_wall_angle_active_p50": 0.34906585039886595,
          "wall_stage8_fluid_wall_data_count_data_p50": 9.0,
          "wall_stage8_fluid_wall_data_count_active_p50": 9.0,
          "wall_stage8_normal_agreement_data_p05": 1.0,
          "wall_stage8_normal_agreement_data_p50": 1.0,
          "wall_stage8_normal_agreement_active_p05": 1.0,
          "wall_stage8_normal_agreement_active_p50": 1.0,
          "wall_stage8_used_geom_normal_data_sum": 77752.0,
          "wall_stage8_used_geom_normal_active_sum": 7492.0,
          "wall_stage8_grad_write_delta_mag_active_p50": 0.011617844921146528,
          "wall_stage8_grad_write_delta_mag_active_max": 0.030830302945089153,
          "wall_stage8_contact_residual_active_p99": 0.11215737909243928,
          "wall_stage8_normal_delta_raw_active_p99": -0.0008562798132610652,
          "wall_stage8_normal_delta_limited_active_p99": -8.186070176149412e-07,
          "wall_stage8_vector_delta_raw_active_p99": 0.030707630334429595,
          "wall_stage8_vector_delta_limited_active_p99": 0.030707630334429595,
          "wall_stage8_limiter_ratio_active_p50": 1.0,
          "max_mach": 1.1602360469125029e-05,
          "nonfinite_total": 0,
          "path_counts": "{\"2\": 64136, \"5\": 16384}"
        },
        {
          "case_id": "cap_theta030_wall020_stage8g_mode3",
          "step": 1000,
          "init_theta_deg": 30.0,
          "wall_rad_angle_deg": null,
          "angle_apparent_deg": 29.492623931639816,
          "angle_error_vs_init_deg": -0.507376068360184,
          "angle_error_vs_wall_rad_deg": NaN,
          "fit_point_count": 128,
          "phase_fluid_sum": 52516.124211255694,
          "phase_fluid_rel_change": -0.001470162620541863,
          "rho_fluid_sum": 53955.95208704444,
          "rho_fluid_rel_change": -0.0014295581673339662,
          "phase_fluid_min": 6.206027625531387e-15,
          "phase_fluid_max": 0.9997660372868551,
          "wall_phase_pred_min": NaN,
          "wall_phase_pred_max": NaN,
          "wall_phase_raw_min": NaN,
          "wall_phase_raw_max": NaN,
          "wall_phase_profile_max": NaN,
          "wall_phase_signed_profile_max": NaN,
          "wall_phase_signed_min": NaN,
          "wall_phase_signed_max": NaN,
          "wall_signed_logit_shift_max": NaN,
          "wall_contact_residual_mean": NaN,
          "wall_contact_residual_min": NaN,
          "wall_contact_residual_max": NaN,
          "wall_signed_normal_grad_mean": NaN,
          "wall_tangent_grad_mag_mean": NaN,
          "wall_signed_delta_q_min": NaN,
          "wall_signed_delta_q_max": NaN,
          "wall_signed_q_clipped_sum": NaN,
          "wall_stage7_active_weight_sum": NaN,
          "wall_stage7_active_weight_mean": NaN,
          "wall_stage7_delta_q_raw_p50": NaN,
          "wall_stage7_delta_q_raw_p99": NaN,
          "wall_stage7_delta_q_raw_max": NaN,
          "wall_stage7_delta_q_limited_p50": NaN,
          "wall_stage7_delta_q_limited_p99": NaN,
          "wall_stage7_delta_q_limited_max": NaN,
          "wall_stage7_denom_min": NaN,
          "wall_stage7_denom_p50": NaN,
          "wall_stage7_limiter_reason_sum": NaN,
          "wall_stage7_limiter_reason_max": NaN,
          "wall_stage7_normal_path_count": 0,
          "wall_stage7_normal_limiter_count": 0,
          "wall_stage7_active_path_count": 0,
          "wall_stage7_active_limiter_count": 0,
          "wall_stage7_actual_cos_p50": NaN,
          "wall_stage7_target_cos_p50": NaN,
          "wall_stage7_write_candidate_min": NaN,
          "wall_stage7_write_candidate_max": NaN,
          "wall_stage7_write_minus_profile_min": NaN,
          "wall_stage7_write_minus_profile_max": NaN,
          "wall_stage8_active_weight_sum": 6141.626191695856,
          "wall_stage8_active_weight_mean": 0.004115422577968522,
          "wall_stage8_normal_grad_raw_p50": 0.0,
          "wall_stage8_normal_grad_target_p50": 0.0,
          "wall_stage8_contact_residual_mean": 0.0016269309116782604,
          "wall_stage8_contact_residual_p50": 0.0,
          "wall_stage8_contact_residual_p99": 0.04510082118237476,
          "wall_stage8_tangent_grad_mag_p50": 0.0,
          "wall_stage8_target_cos_p50": 0.0,
          "wall_stage8_grad_write_delta_mag_p50": 0.0,
          "wall_stage8_grad_write_delta_mag_max": 0.021116461166454634,
          "wall_stage8_limiter_reason_sum": 4435232.0,
          "wall_stage8_limiter_reason_max": 28.0,
          "wall_stage8_limiter_nonzero_count": 1484584,
          "wall_stage8_active_count": 7760,
          "wall_stage8_delta_limiter_count": 0,
          "wall_stage8_normal_limiter_count": 0,
          "wall_stage8_normal_limiter_fraction": 0.0,
          "wall_stage8_vector_limiter_count": 0,
          "wall_stage8_vector_limiter_fraction": 0.0,
          "wall_stage8_missing_wall_data_count": 1414592,
          "wall_stage8_normal_low_agreement_count": 0,
          "wall_stage8_local_wall_angle_wall_p50": 1.5707963267948966,
          "wall_stage8_local_wall_angle_wall_min": 0.3490658503988659,
          "wall_stage8_local_wall_angle_wall_max": 1.5707963267948966,
          "wall_stage8_local_wall_normal_mag_wall_p50": 1.0,
          "wall_stage8_fluid_wall_angle_p50": 0.0,
          "wall_stage8_fluid_wall_angle_min": 0.0,
          "wall_stage8_fluid_wall_angle_max": 1.570796326794897,
          "wall_stage8_fluid_wall_normal_mag_p50": 0.0,
          "wall_stage8_fluid_wall_data_count_p50": 0.0,
          "wall_stage8_fluid_wall_data_count_p05": 0.0,
          "wall_stage8_grad_candidate_use_sum": 7760.0,
          "wall_stage8_grad_candidate_mag_p50": 3.70894703801345e-10,
          "wall_stage8_grad_candidate_mag_max": 0.18570070299061986,
          "wall_stage8_normal_agreement_p05": 0.0,
          "wall_stage8_normal_agreement_p50": 0.0,
          "wall_stage8_used_geom_normal_sum": 77752.0,
          "wall_stage8_data_fluid_count": 77752,
          "wall_stage8_active_fluid_count": 7760,
          "wall_stage8_fluid_wall_angle_data_p50": 1.5707963267948968,
          "wall_stage8_fluid_wall_angle_active_p50": 0.34906585039886595,
          "wall_stage8_fluid_wall_data_count_data_p50": 9.0,
          "wall_stage8_fluid_wall_data_count_active_p50": 9.0,
          "wall_stage8_normal_agreement_data_p05": 1.0,
          "wall_stage8_normal_agreement_data_p50": 1.0,
          "wall_stage8_normal_agreement_active_p05": 1.0,
          "wall_stage8_normal_agreement_active_p50": 1.0,
          "wall_stage8_used_geom_normal_data_sum": 77752.0,
          "wall_stage8_used_geom_normal_active_sum": 7760.0,
          "wall_stage8_grad_write_delta_mag_active_p50": 0.010521622202410852,
          "wall_stage8_grad_write_delta_mag_active_max": 0.021116461166454634,
          "wall_stage8_contact_residual_active_p99": 0.09199553912161922,
          "wall_stage8_normal_delta_raw_active_p99": -0.0007476236473257201,
          "wall_stage8_normal_delta_limited_active_p99": -1.1556139141534834e-07,
          "wall_stage8_vector_delta_raw_active_p99": 0.020858291200307588,
          "wall_stage8_vector_delta_limited_active_p99": 0.020858291200307588,
          "wall_stage8_limiter_ratio_active_p50": 1.0,
          "max_mach": 7.574215570511628e-06,
          "nonfinite_total": 0,
          "path_counts": "{\"2\": 64136, \"5\": 16384}"
        }
      ],
      "claim_limit": "flat-wall runtime sanity/contact-response diagnostic only"
    }
  ],
  "claim_limit": "flat-wall runtime sanity/contact-response diagnostic only"
}
