step,group,bin,active_count,limiter_count,limiter_fraction,normal_limiter_count,normal_limiter_fraction,ratio_cap_selected_count,ratio_cap_selected_fraction,abs_cap_selected_count,abs_cap_selected_fraction,raw_delta_p95,raw_delta_p99,limiter_ratio_p50,cap_demand_ratio_p50,cap_demand_ratio_p95,cap_demand_ratio_p99,normal_raw_abs_p50,normal_raw_abs_p95
0,region,none_or_unknown,7536,0,0.0,5968,0.7919320594479831,5048,0.6698513800424628,2488,0.33014861995753714,0.14186332056835477,0.14319217471102455,0.500528260491698,1.9978968427802026,2.867008941680439,2.93036680374033,0.06133080428151852,0.15245514100433458
0,region,sphere_upper,0,0,nan,0,nan,0,nan,0,nan,nan,nan,nan,nan,nan,nan,nan,nan
0,region,sphere_lower90,0,0,nan,0,nan,0,nan,0,nan,nan,nan,nan,nan,nan,nan,nan,nan
0,region,sphere_bottom120,0,0,nan,0,nan,0,nan,0,nan,nan,nan,nan,nan,nan,nan,nan,nan
0,region,outer_or_other_wall,0,0,nan,0,nan,0,nan,0,nan,nan,nan,nan,nan,nan,nan,nan,nan
0,theta_zone,sphere11,0,0,nan,0,nan,0,nan,0,nan,nan,nan,nan,nan,nan,nan,nan,nan
0,theta_zone,outer90,0,0,nan,0,nan,0,nan,0,nan,nan,nan,nan,nan,nan,nan,nan,nan
0,theta_zone,fallback,7536,0,0.0,5968,0.7919320594479831,5048,0.6698513800424628,2488,0.33014861995753714,0.14186332056835477,0.14319217471102455,0.500528260491698,1.9978968427802026,2.867008941680439,2.93036680374033,0.06133080428151852,0.15245514100433458
0,c_bin,c_0_0p05,1000,0,0.0,300,0.3,1000,1.0,0,0.0,0.022873036121866405,0.02448322185277949,1.0,0.44425696156224814,1.8639115711988237,1.9608206786207971,0.01608859262834797,0.024543048581596616
0,c_bin,c_0p05_0p10,740,0,0.0,740,1.0,740,1.0,0,0.0,0.06700148858729807,0.06836101401770628,0.3510758813395431,2.848387067161842,2.9443687363345257,2.961036357156466,0.036112298180738744,0.0476526612431514
0,c_bin,c_0p10_0p30,1324,0,0.0,1324,1.0,960,0.7250755287009063,364,0.27492447129909364,0.13213137205636963,0.1337947820451291,0.38788681646695355,2.5780716372586387,2.762583906990841,2.7944404263841225,0.08324426169947649,0.11862949547187074
0,c_bin,c_0p30_0p70,1632,0,0.0,1632,1.0,0,0.0,1632,1.0,0.14318065523328669,0.1436558939463273,0.3649249009902351,2.740290027691775,2.8636131046657334,2.873117878926546,0.14636025225266994,0.15386520038625762
0,c_bin,c_0p70_0p90,1276,0,0.0,1276,1.0,784,0.6144200626959248,492,0.38557993730407525,0.10011249900118158,0.10290081005148895,0.6441289059721834,1.5524842787340845,2.0022499800236315,2.058016201029779,0.09072827106264036,0.12775463181251415
0,c_bin,c_0p90_0p95,696,0,0.0,696,1.0,696,1.0,0,0.0,0.03959906457641097,0.040407795462165275,0.6377500124412463,1.5680125135152876,1.5823426289760494,1.5861839497578507,0.03641927559553615,0.05062270342068331
0,c_bin,c_0p95_1,868,0,0.0,0,0.0,868,1.0,0,0.0,0.011777593175552147,0.012610109844703943,1.0,0.19469253955657082,0.9385602811437738,0.985065995064628,0.016411549453357488,0.025097148072789566
0,tangent_bin,t_0_0p005,60,0,0.0,0,0.0,60,1.0,0,0.0,5.337122095830604e-06,5.337122095830604e-06,1.0,0.00035659358373330973,0.0009955802666266134,0.0009955802666266134,0.010501676465884013,0.010721630941751603
0,tangent_bin,t_0p005_0p01,952,0,0.0,0,0.0,952,1.0,0,0.0,0.004739408539150673,0.005672747228788131,1.0,0.07334216788781014,0.47760299444526055,0.5489760092154184,0.013139095655361144,0.019846644992900564
0,tangent_bin,t_0p01_0p02,1460,0,0.0,904,0.6191780821917808,1460,1.0,0,0.0,0.032749165645926274,0.03912131613134213,0.8192805192064683,1.220583153824494,2.355218031811621,2.6380272340510817,0.023842514113010416,0.0383225874953903
0,tangent_bin,t_0p02_0p05,2356,0,0.0,2356,1.0,2276,0.966044142614601,80,0.03395585738539898,0.09748734798319743,0.10303265191803256,0.39073980674473513,2.559247823586313,2.9204897920498105,2.9465210448715418,0.0586252057640998,0.09753693620185777
0,tangent_bin,t_0p05_0p10,2708,0,0.0,2708,1.0,300,0.11078286558345643,2408,0.8892171344165436,0.1429108605185841,0.14355922818517672,0.3906641676714965,2.5597433364835362,2.8582172103716816,2.871184563703534,0.13478554577951907,0.15368599521798243
0,tangent_bin,t_0p10_inf,0,0,nan,0,nan,0,nan,0,nan,nan,nan,nan,nan,nan,nan,nan,nan
0,normal_raw_abs_bin,normal_raw_abs_0_1e-4,0,0,nan,0,nan,0,nan,0,nan,nan,nan,nan,nan,nan,nan,nan,nan
0,normal_raw_abs_bin,normal_raw_abs_1e-4_1e-3,0,0,nan,0,nan,0,nan,0,nan,nan,nan,nan,nan,nan,nan,nan,nan
0,normal_raw_abs_bin,normal_raw_abs_1e-3_1e-2,0,0,nan,0,nan,0,nan,0,nan,nan,nan,nan,nan,nan,nan,nan,nan
0,normal_raw_abs_bin,normal_raw_abs_1e-2_5e-2,3272,0,0.0,1704,0.5207823960880196,3272,1.0,0,0.0,0.06271290068810899,0.06813172050937721,0.9064568916570218,1.103196422470769,2.900766750946653,2.9443687363345257,0.02289279099363306,0.046155033582219146
0,normal_raw_abs_bin,normal_raw_abs_5e-2_inf,4264,0,0.0,4264,1.0,1776,0.4165103189493433,2488,0.5834896810506567,0.14256812806663346,0.1434459203300694,0.39942995146397164,2.5035679018720005,2.851362561332669,2.8689184066013875,0.11170836273937218,0.15340541704949062
0,cap_source,abs_cap_selected,2488,0,0.0,2488,1.0,0,0.0,2488,1.0,0.14293095108192372,0.14355922818517672,0.3867502248680294,2.58564814109993,2.858619021638474,2.871184563703534,0.1371438539412676,0.15375696772891978
0,cap_source,ratio_cap_selected,5048,0,0.0,3480,0.6893819334389857,5048,1.0,0,0.0,0.10608657239144358,0.11531733417019319,0.6462164593569243,1.5474690957193196,2.8837915904632365,2.9409229915124624,0.03572669779428761,0.09257014959162937
0,cap_source,none_or_inactive,0,0,nan,0,nan,0,nan,0,nan,nan,nan,nan,nan,nan,nan,nan,nan
0,limiter_class,none,1568,0,0.0,0,0.0,1568,1.0,0,0.0,0.009839603691535007,0.012468963773918953,1.0,0.20195154989790132,0.9097601498798513,0.9793430458859723,0.014903786541066999,0.023794011327574527
0,limiter_class,abs_cap_limiter,2488,0,0.0,2488,1.0,0,0.0,2488,1.0,0.14293095108192372,0.14355922818517672,0.3867502248680294,2.58564814109993,2.858619021638474,2.871184563703534,0.1371438539412676,0.15375696772891978
0,limiter_class,ratio_cap_limiter,3480,0,0.0,3480,1.0,3480,1.0,0,0.0,0.11081748823009105,0.11749866514480463,0.5219944408418421,1.9157292142561106,2.9004034769568414,2.9443687363345257,0.0507634131001613,0.09447415579041415
0,limiter_class,secondary_vector_safety,0,0,nan,0,nan,0,nan,0,nan,nan,nan,nan,nan,nan,nan,nan,nan
0,limiter_class,inactive_or_fallback,0,0,nan,0,nan,0,nan,0,nan,nan,nan,nan,nan,nan,nan,nan,nan
0,normal_agreement_bin,normal_0_0p5,0,0,nan,0,nan,0,nan,0,nan,nan,nan,nan,nan,nan,nan,nan,nan
0,normal_agreement_bin,normal_0p5_0p9,0,0,nan,0,nan,0,nan,0,nan,nan,nan,nan,nan,nan,nan,nan,nan
0,normal_agreement_bin,normal_0p9_0p99,0,0,nan,0,nan,0,nan,0,nan,nan,nan,nan,nan,nan,nan,nan,nan
0,normal_agreement_bin,normal_0p99_1p01,7536,0,0.0,5968,0.7919320594479831,5048,0.6698513800424628,2488,0.33014861995753714,0.14186332056835477,0.14319217471102455,0.500528260491698,1.9978968427802026,2.867008941680439,2.93036680374033,0.06133080428151852,0.15245514100433458
0,c_x_tangent:c_0_0p05,t_0_0p005,0,0,nan,0,nan,0,nan,0,nan,nan,nan,nan,nan,nan,nan,nan,nan
0,c_x_tangent:c_0_0p05,t_0p005_0p01,360,0,0.0,0,0.0,360,1.0,0,0.0,0.0014706599724548664,0.001541993482107162,1.0,0.029542950345915923,0.20838158709192167,0.2171900765072901,0.011655925696507391,0.0141150664315281
0,c_x_tangent:c_0_0p05,t_0p01_0p02,640,0,0.0,300,0.46875,640,1.0,0,0.0,0.02419844023897571,0.024483221852779496,1.0,0.9097601498798513,1.9380129909481856,1.9608206786207978,0.019095642358162107,0.02497242314886286
0,c_x_tangent:c_0_0p05,t_0p02_0p05,0,0,nan,0,nan,0,nan,0,nan,nan,nan,nan,nan,nan,nan,nan,nan
0,c_x_tangent:c_0_0p05,t_0p05_0p10,0,0,nan,0,nan,0,nan,0,nan,nan,nan,nan,nan,nan,nan,nan,nan
0,c_x_tangent:c_0_0p05,t_0p10_inf,0,0,nan,0,nan,0,nan,0,nan,nan,nan,nan,nan,nan,nan,nan,nan
0,c_x_tangent:c_0p05_0p10,t_0_0p005,0,0,nan,0,nan,0,nan,0,nan,nan,nan,nan,nan,nan,nan,nan,nan
0,c_x_tangent:c_0p05_0p10,t_0p005_0p01,0,0,nan,0,nan,0,nan,0,nan,nan,nan,nan,nan,nan,nan,nan,nan
0,c_x_tangent:c_0p05_0p10,t_0p01_0p02,144,0,0.0,144,1.0,144,1.0,0,0.0,0.03942560341829674,0.03947930117481815,0.4225159751666811,2.36683139858985,2.658545923843287,2.662166869100735,0.02753830244265365,0.029659524076455834
0,c_x_tangent:c_0p05_0p10,t_0p02_0p05,596,0,0.0,596,1.0,596,1.0,0,0.0,0.0673891122419673,0.06850761150663796,0.3481799615943909,2.872077977781332,2.944948043757882,2.9639629484547094,0.03880322507922837,0.04816039843590489
0,c_x_tangent:c_0p05_0p10,t_0p05_0p10,0,0,nan,0,nan,0,nan,0,nan,nan,nan,nan,nan,nan,nan,nan,nan
0,c_x_tangent:c_0p05_0p10,t_0p10_inf,0,0,nan,0,nan,0,nan,0,nan,nan,nan,nan,nan,nan,nan,nan,nan
0,c_x_tangent:c_0p10_0p30,t_0_0p005,0,0,nan,0,nan,0,nan,0,nan,nan,nan,nan,nan,nan,nan,nan,nan
0,c_x_tangent:c_0p10_0p30,t_0p005_0p01,0,0,nan,0,nan,0,nan,0,nan,nan,nan,nan,nan,nan,nan,nan,nan
0,c_x_tangent:c_0p10_0p30,t_0p01_0p02,0,0,nan,0,nan,0,nan,0,nan,nan,nan,nan,nan,nan,nan,nan,nan
0,c_x_tangent:c_0p10_0p30,t_0p02_0p05,660,0,0.0,660,1.0,660,1.0,0,0.0,0.10248703775745438,0.10370244445964351,0.3757296238726215,2.6614883055881067,2.7857617087202358,2.7950930641841927,0.06475327962746971,0.08106619805218623
0,c_x_tangent:c_0p10_0p30,t_0p05_0p10,664,0,0.0,664,1.0,300,0.45180722891566266,364,0.5481927710843374,0.1334205974670641,0.13433347663208287,0.4015600916788893,2.490287308729021,2.668411949341282,2.686669532641657,0.10235990587930383,0.12085609133466357
0,c_x_tangent:c_0p10_0p30,t_0p10_inf,0,0,nan,0,nan,0,nan,0,nan,nan,nan,nan,nan,nan,nan,nan,nan
0,c_x_tangent:c_0p30_0p70,t_0_0p005,0,0,nan,0,nan,0,nan,0,nan,nan,nan,nan,nan,nan,nan,nan,nan
0,c_x_tangent:c_0p30_0p70,t_0p005_0p01,0,0,nan,0,nan,0,nan,0,nan,nan,nan,nan,nan,nan,nan,nan,nan
0,c_x_tangent:c_0p30_0p70,t_0p01_0p02,0,0,nan,0,nan,0,nan,0,nan,nan,nan,nan,nan,nan,nan,nan,nan
0,c_x_tangent:c_0p30_0p70,t_0p02_0p05,0,0,nan,0,nan,0,nan,0,nan,nan,nan,nan,nan,nan,nan,nan,nan
0,c_x_tangent:c_0p30_0p70,t_0p05_0p10,1632,0,0.0,1632,1.0,0,0.0,1632,1.0,0.14318065523328669,0.1436558939463273,0.3649249009902351,2.740290027691775,2.8636131046657334,2.873117878926546,0.14636025225266994,0.15386520038625762
0,c_x_tangent:c_0p30_0p70,t_0p10_inf,0,0,nan,0,nan,0,nan,0,nan,nan,nan,nan,nan,nan,nan,nan,nan
0,c_x_tangent:c_0p70_0p90,t_0_0p005,0,0,nan,0,nan,0,nan,0,nan,nan,nan,nan,nan,nan,nan,nan,nan
0,c_x_tangent:c_0p70_0p90,t_0p005_0p01,0,0,nan,0,nan,0,nan,0,nan,nan,nan,nan,nan,nan,nan,nan,nan
0,c_x_tangent:c_0p70_0p90,t_0p01_0p02,0,0,nan,0,nan,0,nan,0,nan,nan,nan,nan,nan,nan,nan,nan,nan
0,c_x_tangent:c_0p70_0p90,t_0p02_0p05,864,0,0.0,864,1.0,784,0.9074074074074074,80,0.09259259259259259,0.078019033295849,0.08071749460255757,0.6492140236959504,1.5403240895922712,1.5647566505774684,1.6143498920511514,0.07635014006733704,0.1018186767742349
0,c_x_tangent:c_0p70_0p90,t_0p05_0p10,412,0,0.0,412,1.0,0,0.0,412,1.0,0.10282885768858571,0.10290614572697032,0.5424387271921681,1.8435261899096174,2.056577153771714,2.0581229145394064,0.1190540784429932,0.13060380568799246
0,c_x_tangent:c_0p70_0p90,t_0p10_inf,0,0,nan,0,nan,0,nan,0,nan,nan,nan,nan,nan,nan,nan,nan,nan
0,c_x_tangent:c_0p90_0p95,t_0_0p005,0,0,nan,0,nan,0,nan,0,nan,nan,nan,nan,nan,nan,nan,nan,nan
0,c_x_tangent:c_0p90_0p95,t_0p005_0p01,0,0,nan,0,nan,0,nan,0,nan,nan,nan,nan,nan,nan,nan,nan,nan
0,c_x_tangent:c_0p90_0p95,t_0p01_0p02,460,0,0.0,460,1.0,460,1.0,0,0.0,0.0320902409958481,0.03282479736844838,0.6672744296313128,1.4986337788374824,1.5842531874412458,1.5861839497578507,0.033069214250144585,0.04081932050400772
0,c_x_tangent:c_0p90_0p95,t_0p02_0p05,236,0,0.0,236,1.0,236,1.0,0,0.0,0.04016758444429489,0.040407795462165275,0.6370823724868441,1.5696557355629082,1.5773163788453597,1.579913921592614,0.04649969849406416,0.0512338344047063
0,c_x_tangent:c_0p90_0p95,t_0p05_0p10,0,0,nan,0,nan,0,nan,0,nan,nan,nan,nan,nan,nan,nan,nan,nan
0,c_x_tangent:c_0p90_0p95,t_0p10_inf,0,0,nan,0,nan,0,nan,0,nan,nan,nan,nan,nan,nan,nan,nan,nan
0,c_x_tangent:c_0p95_1,t_0_0p005,60,0,0.0,0,0.0,60,1.0,0,0.0,5.337122095830604e-06,5.337122095830604e-06,1.0,0.00035659358373330973,0.0009955802666266134,0.0009955802666266134,0.010501676465884013,0.010721630941751603
0,c_x_tangent:c_0p95_1,t_0p005_0p01,592,0,0.0,0,0.0,592,1.0,0,0.0,0.005038300004225355,0.005672747228788131,1.0,0.10098618790630486,0.5009120398606971,0.5489760092154184,0.014813310062430918,0.02011650590641223
0,c_x_tangent:c_0p95_1,t_0p01_0p02,216,0,0.0,0,0.0,216,1.0,0,0.0,0.012610109844703943,0.012652290244812132,1.0,0.742316175313193,0.985065995064628,0.9883610082180818,0.022858132402095332,0.025602568574863094
0,c_x_tangent:c_0p95_1,t_0p02_0p05,0,0,nan,0,nan,0,nan,0,nan,nan,nan,nan,nan,nan,nan,nan,nan
0,c_x_tangent:c_0p95_1,t_0p05_0p10,0,0,nan,0,nan,0,nan,0,nan,nan,nan,nan,nan,nan,nan,nan,nan
0,c_x_tangent:c_0p95_1,t_0p10_inf,0,0,nan,0,nan,0,nan,0,nan,nan,nan,nan,nan,nan,nan,nan,nan
100,region,none_or_unknown,7500,0,0.0,5944,0.7925333333333333,4956,0.6608,2544,0.3392,0.1385180473533483,0.13988362305671526,0.48764524948434096,2.0506710586383177,2.770360947066966,2.797672461134305,0.06434471304135059,0.15032464638828436
100,region,sphere_upper,0,0,nan,0,nan,0,nan,0,nan,nan,nan,nan,nan,nan,nan,nan,nan
100,region,sphere_lower90,0,0,nan,0,nan,0,nan,0,nan,nan,nan,nan,nan,nan,nan,nan,nan
100,region,sphere_bottom120,0,0,nan,0,nan,0,nan,0,nan,nan,nan,nan,nan,nan,nan,nan,nan
100,region,outer_or_other_wall,0,0,nan,0,nan,0,nan,0,nan,nan,nan,nan,nan,nan,nan,nan,nan
100,theta_zone,sphere11,0,0,nan,0,nan,0,nan,0,nan,nan,nan,nan,nan,nan,nan,nan,nan
100,theta_zone,outer90,0,0,nan,0,nan,0,nan,0,nan,nan,nan,nan,nan,nan,nan,nan,nan
100,theta_zone,fallback,7500,0,0.0,5944,0.7925333333333333,4956,0.6608,2544,0.3392,0.1385180473533483,0.13988362305671526,0.48764524948434096,2.0506710586383177,2.770360947066966,2.797672461134305,0.06434471304135059,0.15032464638828436
100,c_bin,c_0_0p05,980,0,0.0,240,0.24489795918367346,980,1.0,0,0.0,0.019425199804618137,0.0226425648091136,1.0,0.37071368284218487,1.568939268097787,1.726135910422523,0.01689979789331567,0.02498680781481278
100,c_bin,c_0p05_0p10,760,0,0.0,760,1.0,760,1.0,0,0.0,0.06302539817942521,0.06441803251024653,0.38827536143049457,2.5754934638995,2.6618325182896823,2.679769728863462,0.03735654408555186,0.04952332991718174
100,c_bin,c_0p10_0p30,1348,0,0.0,1348,1.0,952,0.7062314540059347,396,0.29376854599406527,0.12647300965677133,0.12835820927633337,0.41627538725477364,2.402255887850435,2.5382929845098685,2.5671641855266674,0.08454029623379677,0.11961518185216617
100,c_bin,c_0p30_0p70,1648,0,0.0,1648,1.0,0,0.0,1648,1.0,0.13987563821202387,0.14014315900364507,0.37338038849048316,2.6782339124335017,2.797512764240477,2.8028631800729014,0.14485155821296639,0.15170918955688995
100,c_bin,c_0p70_0p90,1252,0,0.0,1252,1.0,752,0.6006389776357828,500,0.3993610223642173,0.10295071760237305,0.1049224766890599,0.6425033106208979,1.5564122137108165,2.059014352047461,2.0984495337811975,0.09263672192570305,0.12787797235408827
100,c_bin,c_0p90_0p95,680,0,0.0,680,1.0,680,1.0,0,0.0,0.04088799467992253,0.04174353960139943,0.6404639496016227,1.5613681402244022,1.5751198401684716,1.5800595535645865,0.038071875711206626,0.052478269693570834
100,c_bin,c_0p95_1,832,0,0.0,16,0.019230769230769232,832,1.0,0,0.0,0.012252800496689229,0.013358759314787408,1.0,0.1961126142524383,0.9444856693852092,1.0017559568758363,0.016782420715381663,0.025945978472760277
100,tangent_bin,t_0_0p005,8,0,0.0,0,0.0,8,1.0,0,0.0,8.876201906805748e-08,8.876201906805887e-08,1.0,1.6896104765491803e-05,1.6896104765532023e-05,1.6896104765532287e-05,0.010506802638810847,0.010506802638811097
100,tangent_bin,t_0p005_0p01,924,0,0.0,0,0.0,924,1.0,0,0.0,0.003609125726881356,0.004927447914631271,1.0,0.04777014850820792,0.37579520230547847,0.48147398494326754,0.013373021430347657,0.019207939349622352
100,tangent_bin,t_0p01_0p02,1472,0,0.0,848,0.5760869565217391,1472,1.0,0,0.0,0.03247716053417243,0.03747397046632463,0.8900369222870106,1.1235881042170632,2.124188310804541,2.383755881672379,0.024741143894318182,0.038568558769830064
100,tangent_bin,t_0p02_0p05,2380,0,0.0,2380,1.0,2300,0.9663865546218487,80,0.03361344537815126,0.09271647600998613,0.09843441786591921,0.4238044513596766,2.3595788028930227,2.63982991435584,2.6642216505350156,0.06075613413821418,0.09678606676176495
100,tangent_bin,t_0p05_0p10,2716,0,0.0,2716,1.0,252,0.09278350515463918,2464,0.9072164948453608,0.1396871855364159,0.14009563396914942,0.4023462896835802,2.4854212046703266,2.7937437107283176,2.8019126793829883,0.1344141145931365,0.15150401708687128
100,tangent_bin,t_0p10_inf,0,0,nan,0,nan,0,nan,0,nan,nan,nan,nan,nan,nan,nan,nan,nan
100,normal_raw_abs_bin,normal_raw_abs_0_1e-4,0,0,nan,0,nan,0,nan,0,nan,nan,nan,nan,nan,nan,nan,nan,nan
100,normal_raw_abs_bin,normal_raw_abs_1e-4_1e-3,0,0,nan,0,nan,0,nan,0,nan,nan,nan,nan,nan,nan,nan,nan,nan
100,normal_raw_abs_bin,normal_raw_abs_1e-3_1e-2,0,0,nan,0,nan,0,nan,0,nan,nan,nan,nan,nan,nan,nan,nan,nan
100,normal_raw_abs_bin,normal_raw_abs_1e-2_5e-2,3148,0,0.0,1592,0.5057179161372299,3148,1.0,0,0.0,0.0570956535577163,0.06250915597810318,0.9823233286897775,1.0179947587458802,2.6332895566124424,2.6622363849881197,0.023744488869515697,0.046702036216644684
100,normal_raw_abs_bin,normal_raw_abs_5e-2_inf,4352,0,0.0,4352,1.0,1808,0.41544117647058826,2544,0.5845588235294118,0.13929759097220004,0.1400123917925435,0.4196558556726625,2.382904912400446,2.785951819444001,2.8002478358508696,0.1119902319054411,0.1512012366819947
100,cap_source,abs_cap_selected,2544,0,0.0,2544,1.0,0,0.0,2544,1.0,0.13972887526135072,0.14009563396914956,0.3939655532685069,2.5382929845098685,2.794577505227014,2.8019126793829914,0.13555492053047768,0.1515334260575306
100,cap_source,ratio_cap_selected,4956,0,0.0,3400,0.6860371267150929,4956,1.0,0,0.0,0.10019212939694425,0.10879527581248043,0.6439803835443855,1.5528423311532071,2.6113751605524627,2.659855228437394,0.03705335831157483,0.0932268925507744
100,cap_source,none_or_inactive,0,0,nan,0,nan,0,nan,0,nan,nan,nan,nan,nan,nan,nan,nan,nan
100,limiter_class,none,1556,0,0.0,0,0.0,1556,1.0,0,0.0,0.01022492519849493,0.012401743255840838,1.0,0.2097008462538622,0.9111991595089443,0.9609819332026611,0.015944867161129587,0.024210807666017686
100,limiter_class,abs_cap_limiter,2544,0,0.0,2544,1.0,0,0.0,2544,1.0,0.13972887526135072,0.14009563396914956,0.3939655532685069,2.5382929845098685,2.794577505227014,2.8019126793829914,0.13555492053047768,0.1515334260575306
100,limiter_class,ratio_cap_limiter,3400,0,0.0,3400,1.0,3400,1.0,0,0.0,0.10380033255220081,0.10937232508630973,0.5576915763219892,1.7931057997954039,2.6319610097623176,2.661832518289683,0.052478269693570834,0.09512501410793872
100,limiter_class,secondary_vector_safety,0,0,nan,0,nan,0,nan,0,nan,nan,nan,nan,nan,nan,nan,nan,nan
100,limiter_class,inactive_or_fallback,0,0,nan,0,nan,0,nan,0,nan,nan,nan,nan,nan,nan,nan,nan,nan
100,normal_agreement_bin,normal_0_0p5,0,0,nan,0,nan,0,nan,0,nan,nan,nan,nan,nan,nan,nan,nan,nan
100,normal_agreement_bin,normal_0p5_0p9,0,0,nan,0,nan,0,nan,0,nan,nan,nan,nan,nan,nan,nan,nan,nan
100,normal_agreement_bin,normal_0p9_0p99,0,0,nan,0,nan,0,nan,0,nan,nan,nan,nan,nan,nan,nan,nan,nan
100,normal_agreement_bin,normal_0p99_1p01,7500,0,0.0,5944,0.7925333333333333,4956,0.6608,2544,0.3392,0.1385180473533483,0.13988362305671526,0.48764524948434096,2.0506710586383177,2.770360947066966,2.797672461134305,0.06434471304135059,0.15032464638828436
100,c_x_tangent:c_0_0p05,t_0_0p005,0,0,nan,0,nan,0,nan,0,nan,nan,nan,nan,nan,nan,nan,nan,nan
100,c_x_tangent:c_0_0p05,t_0p005_0p01,344,0,0.0,0,0.0,344,1.0,0,0.0,0.0010467589290762249,0.0014724339473520338,1.0,0.03193033604378588,0.14419851006703344,0.1946908859531786,0.012598273552583738,0.014518304365136906
100,c_x_tangent:c_0_0p05,t_0p01_0p02,636,0,0.0,240,0.37735849056603776,636,1.0,0,0.0,0.020299553513150163,0.023516604791435497,1.0,0.8012663521200185,1.6062155662256048,1.768856213534795,0.02015927107878699,0.025343775097358707
100,c_x_tangent:c_0_0p05,t_0p02_0p05,0,0,nan,0,nan,0,nan,0,nan,nan,nan,nan,nan,nan,nan,nan,nan
100,c_x_tangent:c_0_0p05,t_0p05_0p10,0,0,nan,0,nan,0,nan,0,nan,nan,nan,nan,nan,nan,nan,nan,nan
100,c_x_tangent:c_0_0p05,t_0p10_inf,0,0,nan,0,nan,0,nan,0,nan,nan,nan,nan,nan,nan,nan,nan,nan
100,c_x_tangent:c_0p05_0p10,t_0_0p005,0,0,nan,0,nan,0,nan,0,nan,nan,nan,nan,nan,nan,nan,nan,nan
100,c_x_tangent:c_0p05_0p10,t_0p005_0p01,0,0,nan,0,nan,0,nan,0,nan,nan,nan,nan,nan,nan,nan,nan,nan
100,c_x_tangent:c_0p05_0p10,t_0p01_0p02,172,0,0.0,172,1.0,172,1.0,0,0.0,0.03747397046632469,0.03803464995965661,0.4711785240395793,2.122337816729523,2.3837558816723834,2.406079769206506,0.029086701550669627,0.031441114213452005
100,c_x_tangent:c_0p05_0p10,t_0p02_0p05,588,0,0.0,588,1.0,588,1.0,0,0.0,0.06317576084625921,0.064821521749467,0.38389821340028246,2.60485713424595,2.662594530928243,2.688449013580546,0.040170689149717956,0.04952350316191201
100,c_x_tangent:c_0p05_0p10,t_0p05_0p10,0,0,nan,0,nan,0,nan,0,nan,nan,nan,nan,nan,nan,nan,nan,nan
100,c_x_tangent:c_0p05_0p10,t_0p10_inf,0,0,nan,0,nan,0,nan,0,nan,nan,nan,nan,nan,nan,nan,nan,nan
100,c_x_tangent:c_0p10_0p30,t_0_0p005,0,0,nan,0,nan,0,nan,0,nan,nan,nan,nan,nan,nan,nan,nan,nan
100,c_x_tangent:c_0p10_0p30,t_0p005_0p01,0,0,nan,0,nan,0,nan,0,nan,nan,nan,nan,nan,nan,nan,nan,nan
100,c_x_tangent:c_0p10_0p30,t_0p01_0p02,0,0,nan,0,nan,0,nan,0,nan,nan,nan,nan,nan,nan,nan,nan,nan
100,c_x_tangent:c_0p10_0p30,t_0p02_0p05,700,0,0.0,700,1.0,700,1.0,0,0.0,0.098103982938611,0.09922601156558458,0.4114368356087562,2.4305067350627803,2.533826830502676,2.556513856421272,0.06745314319300641,0.08419394313906031
100,c_x_tangent:c_0p10_0p30,t_0p05_0p10,648,0,0.0,648,1.0,252,0.3888888888888889,396,0.6111111111111112,0.12754363973978997,0.1286363764401428,0.43212613270006217,2.314139148223502,2.550872794795799,2.5727275288028557,0.10450163646675767,0.12099930963041186
100,c_x_tangent:c_0p10_0p30,t_0p10_inf,0,0,nan,0,nan,0,nan,0,nan,nan,nan,nan,nan,nan,nan,nan,nan
100,c_x_tangent:c_0p30_0p70,t_0_0p005,0,0,nan,0,nan,0,nan,0,nan,nan,nan,nan,nan,nan,nan,nan,nan
100,c_x_tangent:c_0p30_0p70,t_0p005_0p01,0,0,nan,0,nan,0,nan,0,nan,nan,nan,nan,nan,nan,nan,nan,nan
100,c_x_tangent:c_0p30_0p70,t_0p01_0p02,0,0,nan,0,nan,0,nan,0,nan,nan,nan,nan,nan,nan,nan,nan,nan
100,c_x_tangent:c_0p30_0p70,t_0p02_0p05,0,0,nan,0,nan,0,nan,0,nan,nan,nan,nan,nan,nan,nan,nan,nan
100,c_x_tangent:c_0p30_0p70,t_0p05_0p10,1648,0,0.0,1648,1.0,0,0.0,1648,1.0,0.13987563821202387,0.14014315900364507,0.37338038849048316,2.6782339124335017,2.797512764240477,2.8028631800729014,0.14485155821296639,0.15170918955688995
100,c_x_tangent:c_0p30_0p70,t_0p10_inf,0,0,nan,0,nan,0,nan,0,nan,nan,nan,nan,nan,nan,nan,nan,nan
100,c_x_tangent:c_0p70_0p90,t_0_0p005,0,0,nan,0,nan,0,nan,0,nan,nan,nan,nan,nan,nan,nan,nan,nan
100,c_x_tangent:c_0p70_0p90,t_0p005_0p01,0,0,nan,0,nan,0,nan,0,nan,nan,nan,nan,nan,nan,nan,nan,nan
100,c_x_tangent:c_0p70_0p90,t_0p01_0p02,0,0,nan,0,nan,0,nan,0,nan,nan,nan,nan,nan,nan,nan,nan,nan
100,c_x_tangent:c_0p70_0p90,t_0p02_0p05,832,0,0.0,832,1.0,752,0.9038461538461539,80,0.09615384615384616,0.07985647193977596,0.08131003478217702,0.644443438290426,1.5517265685881436,1.5971294387955193,1.6262006956435402,0.07839139440000636,0.10217969936113139
100,c_x_tangent:c_0p70_0p90,t_0p05_0p10,420,0,0.0,420,1.0,0,0.0,420,1.0,0.104466277095807,0.1053427506659443,0.5297634051203206,1.887635103396541,2.0893255419161396,2.106855013318886,0.11868459278141585,0.12925618774292114
100,c_x_tangent:c_0p70_0p90,t_0p10_inf,0,0,nan,0,nan,0,nan,0,nan,nan,nan,nan,nan,nan,nan,nan,nan
100,c_x_tangent:c_0p90_0p95,t_0_0p005,0,0,nan,0,nan,0,nan,0,nan,nan,nan,nan,nan,nan,nan,nan,nan
100,c_x_tangent:c_0p90_0p95,t_0p005_0p01,0,0,nan,0,nan,0,nan,0,nan,nan,nan,nan,nan,nan,nan,nan,nan
100,c_x_tangent:c_0p90_0p95,t_0p01_0p02,420,0,0.0,420,1.0,420,1.0,0,0.0,0.03247716053417219,0.032705613273588834,0.6771234489767868,1.4768355777829254,1.5777827514929306,1.5800595535646083,0.03358275672085498,0.041410705316166196
100,c_x_tangent:c_0p90_0p95,t_0p02_0p05,260,0,0.0,260,1.0,260,1.0,0,0.0,0.04147843237133982,0.041743539601399884,0.6400145570640362,1.5624644611012273,1.5708490095488814,1.5723859910167661,0.047581443426057635,0.05311455619595712
100,c_x_tangent:c_0p90_0p95,t_0p05_0p10,0,0,nan,0,nan,0,nan,0,nan,nan,nan,nan,nan,nan,nan,nan,nan
100,c_x_tangent:c_0p90_0p95,t_0p10_inf,0,0,nan,0,nan,0,nan,0,nan,nan,nan,nan,nan,nan,nan,nan,nan
100,c_x_tangent:c_0p95_1,t_0_0p005,8,0,0.0,0,0.0,8,1.0,0,0.0,8.876201906805748e-08,8.876201906805887e-08,1.0,1.6896104765491803e-05,1.6896104765532023e-05,1.6896104765532287e-05,0.010506802638810847,0.010506802638811097
100,c_x_tangent:c_0p95_1,t_0p005_0p01,580,0,0.0,0,0.0,580,1.0,0,0.0,0.004759764192704642,0.005238963004432294,1.0,0.08327108610161027,0.46837916618355324,0.5047554612483011,0.014753742134778924,0.020324406106651316
100,c_x_tangent:c_0p95_1,t_0p01_0p02,244,0,0.0,16,0.06557377049180328,244,1.0,0,0.0,0.013358759314787092,0.013415676823138874,1.0,0.711975976077493,1.0017559568757894,1.0060248121711406,0.023220691532886306,0.02667066788181092
100,c_x_tangent:c_0p95_1,t_0p02_0p05,0,0,nan,0,nan,0,nan,0,nan,nan,nan,nan,nan,nan,nan,nan,nan
100,c_x_tangent:c_0p95_1,t_0p05_0p10,0,0,nan,0,nan,0,nan,0,nan,nan,nan,nan,nan,nan,nan,nan,nan
100,c_x_tangent:c_0p95_1,t_0p10_inf,0,0,nan,0,nan,0,nan,0,nan,nan,nan,nan,nan,nan,nan,nan,nan
200,region,none_or_unknown,7508,0,0.0,5968,0.7948854555141183,4948,0.6590303676078849,2560,0.3409696323921151,0.13592992267955428,0.1372095314401113,0.4825960888806632,2.0721262004410503,2.7185984535910857,2.7441906288022255,0.06482088615586463,0.15058196729807305
200,region,sphere_upper,0,0,nan,0,nan,0,nan,0,nan,nan,nan,nan,nan,nan,nan,nan,nan
200,region,sphere_lower90,0,0,nan,0,nan,0,nan,0,nan,nan,nan,nan,nan,nan,nan,nan,nan
200,region,sphere_bottom120,0,0,nan,0,nan,0,nan,0,nan,nan,nan,nan,nan,nan,nan,nan,nan
200,region,outer_or_other_wall,0,0,nan,0,nan,0,nan,0,nan,nan,nan,nan,nan,nan,nan,nan,nan
200,theta_zone,sphere11,0,0,nan,0,nan,0,nan,0,nan,nan,nan,nan,nan,nan,nan,nan,nan
200,theta_zone,outer90,0,0,nan,0,nan,0,nan,0,nan,nan,nan,nan,nan,nan,nan,nan,nan
200,theta_zone,fallback,7508,0,0.0,5968,0.7948854555141183,4948,0.6590303676078849,2560,0.3409696323921151,0.13592992267955428,0.1372095314401113,0.4825960888806632,2.0721262004410503,2.7185984535910857,2.7441906288022255,0.06482088615586463,0.15058196729807305
200,c_bin,c_0_0p05,964,0,0.0,240,0.24896265560165975,964,1.0,0,0.0,0.020205737000038696,0.021685319518144636,1.0,0.4033975569666338,1.5902454793057548,1.68047171427081,0.01729047553078157,0.02532572649850263
200,c_bin,c_0p05_0p10,768,0,0.0,768,1.0,768,1.0,0,0.0,0.06259488793999501,0.0629813436058625,0.39480916552192447,2.53286926274377,2.6453165313695703,2.664010112051265,0.037402979816606716,0.04973569590970348
200,c_bin,c_0p10_0p30,1364,0,0.0,1364,1.0,952,0.6979472140762464,412,0.3020527859237537,0.12352214983702449,0.12537547994700055,0.42745110781351026,2.3394488439044667,2.4897651827436977,2.5075095989400107,0.08523789799117207,0.12032905419916623
200,c_bin,c_0p30_0p70,1648,0,0.0,1648,1.0,0,0.0,1648,1.0,0.1371636516941546,0.13745692218714126,0.38083566681229597,2.6258047797053283,2.7432730338830917,2.749138443742825,0.14514446503962164,0.15196794240103947
200,c_bin,c_0p70_0p90,1260,0,0.0,1260,1.0,760,0.6031746031746031,500,0.3968253968253968,0.10304243221559276,0.104946373102158,0.6403567960042305,1.5616294013586036,2.060848644311855,2.09892746204316,0.09289905054264114,0.12817939707825
200,c_bin,c_0p90_0p95,672,0,0.0,672,1.0,672,1.0,0,0.0,0.04059194465362931,0.04169933997906536,0.6398675854049993,1.5628235634456986,1.5750271654713979,1.5792646532147754,0.03771556983312921,0.052016237244228145
200,c_bin,c_0p95_1,832,0,0.0,16,0.019230769230769232,832,1.0,0,0.0,0.012402872375235255,0.013514082743974816,1.0,0.20105766452135299,0.9517351724030203,1.0088921434164921,0.016876912880328804,0.02606370730946447
200,tangent_bin,t_0_0p005,8,0,0.0,0,0.0,8,1.0,0,0.0,3.3590932008240123e-07,3.3590932008241473e-07,1.0,6.351394007514669e-05,6.351394007519748e-05,6.351394007520013e-05,0.010577499039886362,0.010577499039886765
200,tangent_bin,t_0p005_0p01,916,0,0.0,0,0.0,916,1.0,0,0.0,0.003689814267358339,0.005020753409650656,1.0,0.06160433817848282,0.38217579780855343,0.4880887186031483,0.013630038677714456,0.019309512996459485
200,tangent_bin,t_0p01_0p02,1464,0,0.0,848,0.5792349726775956,1464,1.0,0,0.0,0.032551653470381414,0.036785040778710316,0.8692728288681126,1.1503868138868532,2.1099676081216563,2.3630707451887574,0.025283644522445914,0.03771556983312943
200,tangent_bin,t_0p02_0p05,2420,0,0.0,2420,1.0,2340,0.9669421487603306,80,0.03305785123966942,0.09162761007505826,0.097195342563995,0.4373090182891185,2.2867125034656137,2.589415677486849,2.645843024188049,0.06174385479363907,0.09705712616190787
200,tangent_bin,t_0p05_0p10,2700,0,0.0,2700,1.0,220,0.08148148148148149,2480,0.9185185185185185,0.1369020880507912,0.13740417247271722,0.407179208534734,2.4559210761241417,2.738041761015824,2.7480834494543442,0.13506274107841654,0.15178420564009482
200,tangent_bin,t_0p10_inf,0,0,nan,0,nan,0,nan,0,nan,nan,nan,nan,nan,nan,nan,nan,nan
200,normal_raw_abs_bin,normal_raw_abs_0_1e-4,0,0,nan,0,nan,0,nan,0,nan,nan,nan,nan,nan,nan,nan,nan,nan
200,normal_raw_abs_bin,normal_raw_abs_1e-4_1e-3,0,0,nan,0,nan,0,nan,0,nan,nan,nan,nan,nan,nan,nan,nan,nan
200,normal_raw_abs_bin,normal_raw_abs_1e-3_1e-2,0,0,nan,0,nan,0,nan,0,nan,nan,nan,nan,nan,nan,nan,nan,nan
200,normal_raw_abs_bin,normal_raw_abs_1e-2_5e-2,3132,0,0.0,1592,0.508301404853129,3132,1.0,0,0.0,0.05670470987112967,0.0610085237996868,0.9634434503659639,1.0379436381244278,2.583085500178209,2.6456798114143196,0.02407544147252689,0.046889286905545585
200,normal_raw_abs_bin,normal_raw_abs_5e-2_inf,4376,0,0.0,4376,1.0,1816,0.4149908592321755,2560,0.5850091407678245,0.1366211623272768,0.13734942304568754,0.4279677457407389,2.3366248760651516,2.732423246545536,2.7469884609137507,0.11228553532161112,0.15147970508326242
200,cap_source,abs_cap_selected,2560,0,0.0,2560,1.0,0,0.0,2560,1.0,0.13699605648906565,0.1374041724727173,0.4014204889590077,2.491153360390924,2.739921129781313,2.7480834494543456,0.13605734617312953,0.1517851558642331
200,cap_source,ratio_cap_selected,4948,0,0.0,3408,0.6887631366208569,4948,1.0,0,0.0,0.09719534256399483,0.10624999932069998,0.6417008243576043,1.5583586027041227,2.5674205625556894,2.631885169490166,0.037230736372533255,0.0932272541140353
200,cap_source,none_or_inactive,0,0,nan,0,nan,0,nan,0,nan,nan,nan,nan,nan,nan,nan,nan,nan
200,limiter_class,none,1540,0,0.0,0,0.0,1540,1.0,0,0.0,0.010571613468119287,0.012588070812196058,1.0,0.22434001064572176,0.9184112660637557,0.980961021234423,0.016286280517488733,0.02432474753110759
200,limiter_class,abs_cap_limiter,2560,0,0.0,2560,1.0,0,0.0,2560,1.0,0.13699605648906565,0.1374041724727173,0.4014204889590077,2.491153360390924,2.739921129781313,2.7480834494543456,0.13605734617312953,0.1517851558642331
200,limiter_class,ratio_cap_limiter,3408,0,0.0,3408,1.0,3408,1.0,0,0.0,0.10101275254224783,0.10652054895984063,0.5484841718274323,1.823339861745393,2.577888186177754,2.6453165313695743,0.05278601640378565,0.09539260490010804
200,limiter_class,secondary_vector_safety,0,0,nan,0,nan,0,nan,0,nan,nan,nan,nan,nan,nan,nan,nan,nan
200,limiter_class,inactive_or_fallback,0,0,nan,0,nan,0,nan,0,nan,nan,nan,nan,nan,nan,nan,nan,nan
200,normal_agreement_bin,normal_0_0p5,0,0,nan,0,nan,0,nan,0,nan,nan,nan,nan,nan,nan,nan,nan,nan
200,normal_agreement_bin,normal_0p5_0p9,0,0,nan,0,nan,0,nan,0,nan,nan,nan,nan,nan,nan,nan,nan,nan
200,normal_agreement_bin,normal_0p9_0p99,0,0,nan,0,nan,0,nan,0,nan,nan,nan,nan,nan,nan,nan,nan,nan
200,normal_agreement_bin,normal_0p99_1p01,7508,0,0.0,5968,0.7948854555141183,4948,0.6590303676078849,2560,0.3409696323921151,0.13592992267955428,0.1372095314401113,0.4825960888806632,2.0721262004410503,2.7185984535910857,2.7441906288022255,0.06482088615586463,0.15058196729807305
200,c_x_tangent:c_0_0p05,t_0_0p005,0,0,nan,0,nan,0,nan,0,nan,nan,nan,nan,nan,nan,nan,nan,nan
200,c_x_tangent:c_0_0p05,t_0p005_0p01,336,0,0.0,0,0.0,336,1.0,0,0.0,0.0012131467374273317,0.0013657668968020357,1.0,0.03979787573280383,0.16389403252731252,0.1815259096402521,0.013042894862354878,0.01474217030413829
200,c_x_tangent:c_0_0p05,t_0p01_0p02,628,0,0.0,240,0.3821656050955414,628,1.0,0,0.0,0.02066411413052401,0.022219276541041274,1.0,0.7995592309909145,1.6176329747417102,1.6872013466983724,0.020272997874861545,0.025706549536389713
200,c_x_tangent:c_0_0p05,t_0p02_0p05,0,0,nan,0,nan,0,nan,0,nan,nan,nan,nan,nan,nan,nan,nan,nan
200,c_x_tangent:c_0_0p05,t_0p05_0p10,0,0,nan,0,nan,0,nan,0,nan,nan,nan,nan,nan,nan,nan,nan,nan
200,c_x_tangent:c_0_0p05,t_0p10_inf,0,0,nan,0,nan,0,nan,0,nan,nan,nan,nan,nan,nan,nan,nan,nan
200,c_x_tangent:c_0p05_0p10,t_0_0p005,0,0,nan,0,nan,0,nan,0,nan,nan,nan,nan,nan,nan,nan,nan,nan
200,c_x_tangent:c_0p05_0p10,t_0p005_0p01,0,0,nan,0,nan,0,nan,0,nan,nan,nan,nan,nan,nan,nan,nan,nan
200,c_x_tangent:c_0p05_0p10,t_0p01_0p02,180,0,0.0,180,1.0,180,1.0,0,0.0,0.03678504077871035,0.03735160186583018,0.47897391484499496,2.0877963684590606,2.363070745188759,2.3975544610215604,0.029113372787593544,0.03113325392699745
200,c_x_tangent:c_0p05_0p10,t_0p02_0p05,588,0,0.0,588,1.0,588,1.0,0,0.0,0.06265161380322044,0.0633650874527879,0.392540239439783,2.547509527754806,2.6458430241880446,2.668594558210614,0.04074830305583499,0.050337046755021396
200,c_x_tangent:c_0p05_0p10,t_0p05_0p10,0,0,nan,0,nan,0,nan,0,nan,nan,nan,nan,nan,nan,nan,nan,nan
200,c_x_tangent:c_0p05_0p10,t_0p10_inf,0,0,nan,0,nan,0,nan,0,nan,nan,nan,nan,nan,nan,nan,nan,nan
200,c_x_tangent:c_0p10_0p30,t_0_0p005,0,0,nan,0,nan,0,nan,0,nan,nan,nan,nan,nan,nan,nan,nan,nan
200,c_x_tangent:c_0p10_0p30,t_0p005_0p01,0,0,nan,0,nan,0,nan,0,nan,nan,nan,nan,nan,nan,nan,nan,nan
200,c_x_tangent:c_0p10_0p30,t_0p01_0p02,0,0,nan,0,nan,0,nan,0,nan,nan,nan,nan,nan,nan,nan,nan,nan
200,c_x_tangent:c_0p10_0p30,t_0p02_0p05,732,0,0.0,732,1.0,732,1.0,0,0.0,0.09711045440396218,0.09837510821956291,0.4230720008870209,2.3636638631329436,2.4692267486741564,2.5023801635617713,0.06856109117939932,0.08629150912776871
200,c_x_tangent:c_0p10_0p30,t_0p05_0p10,632,0,0.0,632,1.0,220,0.34810126582278483,412,0.6518987341772152,0.12457174518623756,0.12564431041502366,0.4417637425111145,2.263653440936981,2.491434903724751,2.512886208300473,0.10575068671977544,0.12184920913931163
200,c_x_tangent:c_0p10_0p30,t_0p10_inf,0,0,nan,0,nan,0,nan,0,nan,nan,nan,nan,nan,nan,nan,nan,nan
200,c_x_tangent:c_0p30_0p70,t_0_0p005,0,0,nan,0,nan,0,nan,0,nan,nan,nan,nan,nan,nan,nan,nan,nan
200,c_x_tangent:c_0p30_0p70,t_0p005_0p01,0,0,nan,0,nan,0,nan,0,nan,nan,nan,nan,nan,nan,nan,nan,nan
200,c_x_tangent:c_0p30_0p70,t_0p01_0p02,0,0,nan,0,nan,0,nan,0,nan,nan,nan,nan,nan,nan,nan,nan,nan
200,c_x_tangent:c_0p30_0p70,t_0p02_0p05,0,0,nan,0,nan,0,nan,0,nan,nan,nan,nan,nan,nan,nan,nan,nan
200,c_x_tangent:c_0p30_0p70,t_0p05_0p10,1648,0,0.0,1648,1.0,0,0.0,1648,1.0,0.1371636516941546,0.13745692218714126,0.38083566681229597,2.6258047797053283,2.7432730338830917,2.749138443742825,0.14514446503962164,0.15196794240103947
200,c_x_tangent:c_0p30_0p70,t_0p10_inf,0,0,nan,0,nan,0,nan,0,nan,nan,nan,nan,nan,nan,nan,nan,nan
200,c_x_tangent:c_0p70_0p90,t_0_0p005,0,0,nan,0,nan,0,nan,0,nan,nan,nan,nan,nan,nan,nan,nan,nan
200,c_x_tangent:c_0p70_0p90,t_0p005_0p01,0,0,nan,0,nan,0,nan,0,nan,nan,nan,nan,nan,nan,nan,nan,nan
200,c_x_tangent:c_0p70_0p90,t_0p01_0p02,0,0,nan,0,nan,0,nan,0,nan,nan,nan,nan,nan,nan,nan,nan,nan
200,c_x_tangent:c_0p70_0p90,t_0p02_0p05,840,0,0.0,840,1.0,760,0.9047619047619048,80,0.09523809523809523,0.08034694539855185,0.08180603910403561,0.6420329827779101,1.5575523794326882,1.6069389079710368,1.6361207820807122,0.0782242875469486,0.10246081425709075
200,c_x_tangent:c_0p70_0p90,t_0p05_0p10,420,0,0.0,420,1.0,0,0.0,420,1.0,0.10451975158169471,0.1053826696652263,0.5279629815322462,1.8940721887315186,2.090395031633894,2.107653393304526,0.11898544937106037,0.1295568647892753
200,c_x_tangent:c_0p70_0p90,t_0p10_inf,0,0,nan,0,nan,0,nan,0,nan,nan,nan,nan,nan,nan,nan,nan,nan
200,c_x_tangent:c_0p90_0p95,t_0_0p005,0,0,nan,0,nan,0,nan,0,nan,nan,nan,nan,nan,nan,nan,nan,nan
200,c_x_tangent:c_0p90_0p95,t_0p005_0p01,0,0,nan,0,nan,0,nan,0,nan,nan,nan,nan,nan,nan,nan,nan,nan
200,c_x_tangent:c_0p90_0p95,t_0p01_0p02,412,0,0.0,412,1.0,412,1.0,0,0.0,0.0316804645859988,0.03272772803482743,0.6752474457328477,1.480938589726463,1.5769636738457813,1.5792646532147891,0.03371561510417709,0.04024447502849312
200,c_x_tangent:c_0p90_0p95,t_0p02_0p05,260,0,0.0,260,1.0,260,1.0,0,0.0,0.04147473566575208,0.04169933997906588,0.6389388697743241,1.5650949524376316,1.5712890666905666,1.5728982796900042,0.04715265863993684,0.0532850356367205
200,c_x_tangent:c_0p90_0p95,t_0p05_0p10,0,0,nan,0,nan,0,nan,0,nan,nan,nan,nan,nan,nan,nan,nan,nan
200,c_x_tangent:c_0p90_0p95,t_0p10_inf,0,0,nan,0,nan,0,nan,0,nan,nan,nan,nan,nan,nan,nan,nan,nan
200,c_x_tangent:c_0p95_1,t_0_0p005,8,0,0.0,0,0.0,8,1.0,0,0.0,3.3590932008240123e-07,3.3590932008241473e-07,1.0,6.351394007514669e-05,6.351394007519748e-05,6.351394007520013e-05,0.010577499039886362,0.010577499039886765
200,c_x_tangent:c_0p95_1,t_0p005_0p01,580,0,0.0,0,0.0,580,1.0,0,0.0,0.004851686175224974,0.0053343162875716665,1.0,0.08638914583694143,0.4749810257575255,0.5113390874393857,0.014841527399755666,0.0204289683676826
200,c_x_tangent:c_0p95_1,t_0p01_0p02,244,0,0.0,16,0.06557377049180328,244,1.0,0,0.0,0.013514082743974662,0.013572170583992063,1.0,0.7191088966241146,1.008892143416467,1.01322931532993,0.023332371560451343,0.02678992875284636
200,c_x_tangent:c_0p95_1,t_0p02_0p05,0,0,nan,0,nan,0,nan,0,nan,nan,nan,nan,nan,nan,nan,nan,nan
200,c_x_tangent:c_0p95_1,t_0p05_0p10,0,0,nan,0,nan,0,nan,0,nan,nan,nan,nan,nan,nan,nan,nan,nan
200,c_x_tangent:c_0p95_1,t_0p10_inf,0,0,nan,0,nan,0,nan,0,nan,nan,nan,nan,nan,nan,nan,nan,nan
300,region,none_or_unknown,7560,0,0.0,5984,0.7915343915343915,4992,0.6603174603174603,2568,0.3396825396825397,0.1336995877939513,0.13496505548409146,0.48501362085217226,2.061797766097771,2.673991755879026,2.699301109681829,0.06488621974595943,0.15080137250484948
300,region,sphere_upper,0,0,nan,0,nan,0,nan,0,nan,nan,nan,nan,nan,nan,nan,nan,nan
300,region,sphere_lower90,0,0,nan,0,nan,0,nan,0,nan,nan,nan,nan,nan,nan,nan,nan,nan
300,region,sphere_bottom120,0,0,nan,0,nan,0,nan,0,nan,nan,nan,nan,nan,nan,nan,nan,nan
300,region,outer_or_other_wall,0,0,nan,0,nan,0,nan,0,nan,nan,nan,nan,nan,nan,nan,nan,nan
300,theta_zone,sphere11,0,0,nan,0,nan,0,nan,0,nan,nan,nan,nan,nan,nan,nan,nan,nan
300,theta_zone,outer90,0,0,nan,0,nan,0,nan,0,nan,nan,nan,nan,nan,nan,nan,nan,nan
300,theta_zone,fallback,7560,0,0.0,5984,0.7915343915343915,4992,0.6603174603174603,2568,0.3396825396825397,0.1336995877939513,0.13496505548409146,0.48501362085217226,2.061797766097771,2.673991755879026,2.699301109681829,0.06488621974595943,0.15080137250484948
300,c_bin,c_0_0p05,1008,0,0.0,248,0.24603174603174602,1008,1.0,0,0.0,0.021087639076193144,0.022916568133877182,1.0,0.3896150852853574,1.6265995010235008,1.716267899321025,0.0173451693056375,0.026020010529820697
300,c_bin,c_0p05_0p10,752,0,0.0,752,1.0,752,1.0,0,0.0,0.06065707699921354,0.06235425911118128,0.40257381981888285,2.4840164841111037,2.602603058397576,2.624063371828894,0.03762792360820515,0.04999412080203793
300,c_bin,c_0p10_0p30,1388,0,0.0,1388,1.0,976,0.7031700288184438,412,0.2968299711815562,0.12103341999277159,0.12284428352280707,0.43736133403027194,2.2864389743488047,2.438362282794088,2.4574647534074807,0.0857624237391815,0.12088560366167977
300,c_bin,c_0p30_0p70,1648,0,0.0,1648,1.0,0,0.0,1648,1.0,0.1349322306713327,0.13525446738367086,0.38563196800161315,2.5931460529818953,2.6986446134266533,2.705089347673417,0.14542688103594498,0.15217875125451094
300,c_bin,c_0p70_0p90,1260,0,0.0,1260,1.0,752,0.5968253968253968,508,0.4031746031746032,0.10318450823738415,0.10501466740790853,0.6363593384289055,1.5714391847676494,2.063690164747683,2.1002933481581705,0.0931170202213692,0.12845852127051532
300,c_bin,c_0p90_0p95,672,0,0.0,672,1.0,672,1.0,0,0.0,0.04091958832722149,0.04204228129752802,0.6362758047884698,1.5716454920051155,1.5831982130987579,1.5865285520040917,0.037758421967133055,0.052095461155465005
300,c_bin,c_0p95_1,832,0,0.0,16,0.019230769230769232,832,1.0,0,0.0,0.012469865577262294,0.01358777872332512,1.0,0.20214054145204569,0.9559732482958596,1.0134318146107733,0.016894080850086368,0.026088319507250927
300,tangent_bin,t_0_0p005,8,0,0.0,0,0.0,8,1.0,0,0.0,3.9942969990691414e-07,3.9942969990692653e-07,1.0,7.54279666922919e-05,7.542796669240692e-05,7.542796669241014e-05,0.010591023924475945,0.010591023924476195
300,tangent_bin,t_0p005_0p01,960,0,0.0,0,0.0,960,1.0,0,0.0,0.003472564864644241,0.004903180777015959,1.0,0.06281079330901157,0.3642994005589567,0.47956172901291366,0.01371556305396705,0.01906412522857613
300,tangent_bin,t_0p01_0p02,1472,0,0.0,864,0.5869565217391305,1472,1.0,0,0.0,0.03293802144502427,0.03798159936794877,0.8379405503622983,1.1934444443329097,2.154008576273018,2.3869016938688135,0.02568609337797704,0.03775842196713308
300,tangent_bin,t_0p02_0p05,2416,0,0.0,2416,1.0,2352,0.9735099337748344,64,0.026490066225165563,0.09130360451077249,0.0966955362832063,0.448884202736742,2.2277460363399424,2.544727721860135,2.6120496115785943,0.06233149633377751,0.09561815499715565
300,tangent_bin,t_0p05_0p10,2704,0,0.0,2704,1.0,200,0.07396449704142012,2504,0.9260355029585798,0.13467323237576717,0.13520198018520058,0.41213471214962816,2.426391105918163,2.693464647515343,2.7040396037040115,0.1353344882224643,0.15199713143058316
300,tangent_bin,t_0p10_inf,0,0,nan,0,nan,0,nan,0,nan,nan,nan,nan,nan,nan,nan,nan,nan
300,normal_raw_abs_bin,normal_raw_abs_0_1e-4,0,0,nan,0,nan,0,nan,0,nan,nan,nan,nan,nan,nan,nan,nan,nan
300,normal_raw_abs_bin,normal_raw_abs_1e-4_1e-3,0,0,nan,0,nan,0,nan,0,nan,nan,nan,nan,nan,nan,nan,nan,nan
300,normal_raw_abs_bin,normal_raw_abs_1e-3_1e-2,0,0,nan,0,nan,0,nan,0,nan,nan,nan,nan,nan,nan,nan,nan,nan
300,normal_raw_abs_bin,normal_raw_abs_1e-2_5e-2,3160,0,0.0,1584,0.5012658227848101,3160,1.0,0,0.0,0.05552656840161974,0.06025777853257155,0.9867462078680662,1.013431814610739,2.5365693701051906,2.606476145201791,0.023846153203580245,0.04692388351851552
300,normal_raw_abs_bin,normal_raw_abs_5e-2_inf,4400,0,0.0,4400,1.0,1832,0.4163636363636364,2568,0.5836363636363636,0.13436485021200792,0.13513600208218057,0.4370171595200147,2.288239667976245,2.6872970042401585,2.702720041643611,0.11218658429723603,0.15170007917769712
300,cap_source,abs_cap_selected,2568,0,0.0,2568,1.0,0,0.0,2568,1.0,0.13469376369272268,0.13520198018520066,0.40822183827578573,2.449652325561875,2.693875273854453,2.704039603704013,0.13630447701576887,0.15199958270126898
300,cap_source,ratio_cap_selected,4992,0,0.0,3416,0.6842948717948718,4992,1.0,0,0.0,0.09557769706651262,0.1044176385178435,0.6374179783937162,1.568829298665195,2.520166646022097,2.5863293932008173,0.03706740503134105,0.09345820093712125
300,cap_source,none_or_inactive,0,0,nan,0,nan,0,nan,0,nan,nan,nan,nan,nan,nan,nan,nan,nan
300,limiter_class,none,1576,0,0.0,0,0.0,1576,1.0,0,0.0,0.01062767956751201,0.012577158278761045,1.0,0.19776060072863166,0.9432648264850246,0.9788494469010396,0.016368213041302364,0.024347552637052586
300,limiter_class,abs_cap_limiter,2568,0,0.0,2568,1.0,0,0.0,2568,1.0,0.13469376369272268,0.13520198018520066,0.40822183827578573,2.449652325561875,2.693875273854453,2.704039603704013,0.13630447701576887,0.15199958270126898
300,limiter_class,ratio_cap_limiter,3416,0,0.0,3416,1.0,3416,1.0,0,0.0,0.09950155759414576,0.1047126955533842,0.535941270030035,1.86587608740032,2.535155171816617,2.602603058397577,0.052865529828680896,0.09561815499715542
300,limiter_class,secondary_vector_safety,0,0,nan,0,nan,0,nan,0,nan,nan,nan,nan,nan,nan,nan,nan,nan
300,limiter_class,inactive_or_fallback,0,0,nan,0,nan,0,nan,0,nan,nan,nan,nan,nan,nan,nan,nan,nan
300,normal_agreement_bin,normal_0_0p5,0,0,nan,0,nan,0,nan,0,nan,nan,nan,nan,nan,nan,nan,nan,nan
300,normal_agreement_bin,normal_0p5_0p9,0,0,nan,0,nan,0,nan,0,nan,nan,nan,nan,nan,nan,nan,nan,nan
300,normal_agreement_bin,normal_0p9_0p99,0,0,nan,0,nan,0,nan,0,nan,nan,nan,nan,nan,nan,nan,nan,nan
300,normal_agreement_bin,normal_0p99_1p01,7560,0,0.0,5984,0.7915343915343915,4992,0.6603174603174603,2568,0.3396825396825397,0.1336995877939513,0.13496505548409146,0.48501362085217226,2.061797766097771,2.673991755879026,2.699301109681829,0.06488621974595943,0.15080137250484948
300,c_x_tangent:c_0_0p05,t_0_0p005,0,0,nan,0,nan,0,nan,0,nan,nan,nan,nan,nan,nan,nan,nan,nan
300,c_x_tangent:c_0_0p05,t_0p005_0p01,388,0,0.0,0,0.0,388,1.0,0,0.0,0.0015022656394086714,0.0017007312567887327,1.0,0.04963716083437057,0.19589396684877902,0.21883913856487439,0.013181226869007153,0.015192769781985947
300,c_x_tangent:c_0_0p05,t_0p01_0p02,620,0,0.0,248,0.4,620,1.0,0,0.0,0.021794174281181886,0.022956010921319343,1.0,0.8659708936973942,1.6615377202964474,1.733172515099713,0.020840563069406105,0.02630003289020568
300,c_x_tangent:c_0_0p05,t_0p02_0p05,0,0,nan,0,nan,0,nan,0,nan,nan,nan,nan,nan,nan,nan,nan,nan
300,c_x_tangent:c_0_0p05,t_0p05_0p10,0,0,nan,0,nan,0,nan,0,nan,nan,nan,nan,nan,nan,nan,nan,nan
300,c_x_tangent:c_0_0p05,t_0p10_inf,0,0,nan,0,nan,0,nan,0,nan,nan,nan,nan,nan,nan,nan,nan,nan
300,c_x_tangent:c_0p05_0p10,t_0_0p005,0,0,nan,0,nan,0,nan,0,nan,nan,nan,nan,nan,nan,nan,nan,nan
300,c_x_tangent:c_0p05_0p10,t_0p005_0p01,0,0,nan,0,nan,0,nan,0,nan,nan,nan,nan,nan,nan,nan,nan,nan
300,c_x_tangent:c_0p05_0p10,t_0p01_0p02,188,0,0.0,188,1.0,188,1.0,0,0.0,0.03798159936794882,0.03833552788447431,0.46966163477908546,2.129192435465523,2.3869016938688183,2.4068743102347847,0.029850404436426878,0.03182502192319973
300,c_x_tangent:c_0p05_0p10,t_0p02_0p05,564,0,0.0,564,1.0,564,1.0,0,0.0,0.06121813123842106,0.06255713543565103,0.3979743061764347,2.5127250289285463,2.6120496115785916,2.6260364551633377,0.041508577005185655,0.050473774158105965
300,c_x_tangent:c_0p05_0p10,t_0p05_0p10,0,0,nan,0,nan,0,nan,0,nan,nan,nan,nan,nan,nan,nan,nan,nan
300,c_x_tangent:c_0p05_0p10,t_0p10_inf,0,0,nan,0,nan,0,nan,0,nan,nan,nan,nan,nan,nan,nan,nan,nan
300,c_x_tangent:c_0p10_0p30,t_0_0p005,0,0,nan,0,nan,0,nan,0,nan,nan,nan,nan,nan,nan,nan,nan,nan
300,c_x_tangent:c_0p10_0p30,t_0p005_0p01,0,0,nan,0,nan,0,nan,0,nan,nan,nan,nan,nan,nan,nan,nan,nan
300,c_x_tangent:c_0p10_0p30,t_0p01_0p02,0,0,nan,0,nan,0,nan,0,nan,nan,nan,nan,nan,nan,nan,nan,nan
300,c_x_tangent:c_0p10_0p30,t_0p02_0p05,776,0,0.0,776,1.0,776,1.0,0,0.0,0.09573917015226821,0.09709181663414554,0.4339035762855288,2.3046627839022844,2.4199262905855425,2.445913137985243,0.06934252241165584,0.08749981113375978
300,c_x_tangent:c_0p10_0p30,t_0p05_0p10,612,0,0.0,612,1.0,200,0.32679738562091504,412,0.673202614379085,0.12211432135240893,0.12310577920267869,0.44701579425334215,2.2370574213609533,2.4422864270481788,2.462115584053574,0.10752456268340084,0.12257320244715558
300,c_x_tangent:c_0p10_0p30,t_0p10_inf,0,0,nan,0,nan,0,nan,0,nan,nan,nan,nan,nan,nan,nan,nan,nan
300,c_x_tangent:c_0p30_0p70,t_0_0p005,0,0,nan,0,nan,0,nan,0,nan,nan,nan,nan,nan,nan,nan,nan,nan
300,c_x_tangent:c_0p30_0p70,t_0p005_0p01,0,0,nan,0,nan,0,nan,0,nan,nan,nan,nan,nan,nan,nan,nan,nan
300,c_x_tangent:c_0p30_0p70,t_0p01_0p02,0,0,nan,0,nan,0,nan,0,nan,nan,nan,nan,nan,nan,nan,nan,nan
300,c_x_tangent:c_0p30_0p70,t_0p02_0p05,0,0,nan,0,nan,0,nan,0,nan,nan,nan,nan,nan,nan,nan,nan,nan
300,c_x_tangent:c_0p30_0p70,t_0p05_0p10,1648,0,0.0,1648,1.0,0,0.0,1648,1.0,0.1349322306713327,0.13525446738367086,0.38563196800161315,2.5931460529818953,2.6986446134266533,2.705089347673417,0.14542688103594498,0.15217875125451094
300,c_x_tangent:c_0p30_0p70,t_0p10_inf,0,0,nan,0,nan,0,nan,0,nan,nan,nan,nan,nan,nan,nan,nan,nan
300,c_x_tangent:c_0p70_0p90,t_0_0p005,0,0,nan,0,nan,0,nan,0,nan,nan,nan,nan,nan,nan,nan,nan,nan
300,c_x_tangent:c_0p70_0p90,t_0p005_0p01,0,0,nan,0,nan,0,nan,0,nan,nan,nan,nan,nan,nan,nan,nan,nan
300,c_x_tangent:c_0p70_0p90,t_0p01_0p02,0,0,nan,0,nan,0,nan,0,nan,nan,nan,nan,nan,nan,nan,nan,nan
300,c_x_tangent:c_0p70_0p90,t_0p02_0p05,816,0,0.0,816,1.0,752,0.9215686274509803,64,0.0784313725490196,0.07993828116572381,0.08129462656564997,0.637693436138293,1.5681516288278328,1.5987656233144762,1.6258925313129995,0.07680657282466336,0.10145766597500239
300,c_x_tangent:c_0p70_0p90,t_0p05_0p10,444,0,0.0,444,1.0,0,0.0,444,1.0,0.10462705186913981,0.10547452439473654,0.529072077710079,1.8901016366771488,2.092541037382796,2.1094904878947305,0.11848675103136999,0.1298339852536814
300,c_x_tangent:c_0p70_0p90,t_0p10_inf,0,0,nan,0,nan,0,nan,0,nan,nan,nan,nan,nan,nan,nan,nan,nan
300,c_x_tangent:c_0p90_0p95,t_0_0p005,0,0,nan,0,nan,0,nan,0,nan,nan,nan,nan,nan,nan,nan,nan,nan
300,c_x_tangent:c_0p90_0p95,t_0p005_0p01,0,0,nan,0,nan,0,nan,0,nan,nan,nan,nan,nan,nan,nan,nan,nan
300,c_x_tangent:c_0p90_0p95,t_0p01_0p02,412,0,0.0,412,1.0,412,1.0,0,0.0,0.03187565240776223,0.03293802144502363,0.6718396620508684,1.4884503795851884,1.584615734280596,1.586528552004133,0.03375095665287775,0.04029271681501753
300,c_x_tangent:c_0p90_0p95,t_0p02_0p05,260,0,0.0,260,1.0,260,1.0,0,0.0,0.04181611297840554,0.04204228129752879,0.6350563355901389,1.5746634494571727,1.580671468990694,1.5815244829868227,0.04721800600492071,0.053367979293251044
300,c_x_tangent:c_0p90_0p95,t_0p05_0p10,0,0,nan,0,nan,0,nan,0,nan,nan,nan,nan,nan,nan,nan,nan,nan
300,c_x_tangent:c_0p90_0p95,t_0p10_inf,0,0,nan,0,nan,0,nan,0,nan,nan,nan,nan,nan,nan,nan,nan,nan
300,c_x_tangent:c_0p95_1,t_0_0p005,8,0,0.0,0,0.0,8,1.0,0,0.0,3.9942969990691414e-07,3.9942969990692653e-07,1.0,7.54279666922919e-05,7.542796669240692e-05,7.542796669241014e-05,0.010591023924475945,0.010591023924476195
300,c_x_tangent:c_0p95_1,t_0p005_0p01,572,0,0.0,0,0.0,572,1.0,0,0.0,0.004604520894182358,0.005046193699135442,1.0,0.08697949416046186,0.45672838623666145,0.4900949954687518,0.014857522290461445,0.020163059853242484
300,c_x_tangent:c_0p95_1,t_0p01_0p02,252,0,0.0,16,0.06349206349206349,252,1.0,0,0.0,0.013587778723324654,0.013646876170406875,1.0,0.7221026681615521,1.0134318146107275,1.0178402650880214,0.023354240785230407,0.026815359223830097
300,c_x_tangent:c_0p95_1,t_0p02_0p05,0,0,nan,0,nan,0,nan,0,nan,nan,nan,nan,nan,nan,nan,nan,nan
300,c_x_tangent:c_0p95_1,t_0p05_0p10,0,0,nan,0,nan,0,nan,0,nan,nan,nan,nan,nan,nan,nan,nan,nan
300,c_x_tangent:c_0p95_1,t_0p10_inf,0,0,nan,0,nan,0,nan,0,nan,nan,nan,nan,nan,nan,nan,nan,nan
400,region,none_or_unknown,7600,0,0.0,6016,0.791578947368421,5024,0.6610526315789473,2576,0.3389473684210526,0.1316688800763146,0.13302838528047684,0.48823356215095404,2.0482011362369255,2.633377601526292,2.660567705609537,0.06478276252322218,0.15100578501805165
400,region,sphere_upper,0,0,nan,0,nan,0,nan,0,nan,nan,nan,nan,nan,nan,nan,nan,nan
400,region,sphere_lower90,0,0,nan,0,nan,0,nan,0,nan,nan,nan,nan,nan,nan,nan,nan,nan
400,region,sphere_bottom120,0,0,nan,0,nan,0,nan,0,nan,nan,nan,nan,nan,nan,nan,nan,nan
400,region,outer_or_other_wall,0,0,nan,0,nan,0,nan,0,nan,nan,nan,nan,nan,nan,nan,nan,nan
400,theta_zone,sphere11,0,0,nan,0,nan,0,nan,0,nan,nan,nan,nan,nan,nan,nan,nan,nan
400,theta_zone,outer90,0,0,nan,0,nan,0,nan,0,nan,nan,nan,nan,nan,nan,nan,nan,nan
400,theta_zone,fallback,7600,0,0.0,6016,0.791578947368421,5024,0.6610526315789473,2576,0.3389473684210526,0.1316688800763146,0.13302838528047684,0.48823356215095404,2.0482011362369255,2.633377601526292,2.660567705609537,0.06478276252322218,0.15100578501805165
400,c_bin,c_0_0p05,1016,0,0.0,248,0.2440944881889764,1016,1.0,0,0.0,0.02071622497874333,0.022351661882518397,1.0,0.4082819295689522,1.60046102986354,1.6833805751211182,0.017479767151117945,0.02610827266485745
400,c_bin,c_0p05_0p10,768,0,0.0,768,1.0,768,1.0,0,0.0,0.06005908531779235,0.060932128035128374,0.4111950462757429,2.4319409845085556,2.547417816074816,2.563937938151587,0.0368549328446586,0.05008647687914252
400,c_bin,c_0p10_0p30,1396,0,0.0,1396,1.0,984,0.7048710601719198,412,0.29512893982808025,0.11845495769101647,0.12006659588655291,0.44690963020664287,2.2375888376753443,2.386424152392258,2.4115238933076633,0.08582292014555884,0.12071714387174343
400,c_bin,c_0p30_0p70,1672,0,0.0,1672,1.0,0,0.0,1672,1.0,0.13298677609164428,0.1332818554957563,0.39140250773751084,2.5549146472782374,2.6597355218328858,2.6656371099151257,0.14560518978617215,0.1523728137319046
400,c_bin,c_0p70_0p90,1244,0,0.0,1244,1.0,752,0.6045016077170418,492,0.3954983922829582,0.10290087440897328,0.10404149065341152,0.6327861043234895,1.5803128310933727,2.0580174881794653,2.0808298130682306,0.09167049476610784,0.12803017462295482
400,c_bin,c_0p90_0p95,672,0,0.0,672,1.0,672,1.0,0,0.0,0.0412732707023514,0.04240992657910669,0.6321615645219436,1.5818741032011268,1.5932524521964047,1.5959067113071903,0.03779252979360728,0.0521722415210454
400,c_bin,c_0p95_1,832,0,0.0,16,0.019230769230769232,832,1.0,0,0.0,0.012539435565596906,0.013665767954015659,1.0,0.20283870867747672,0.9608690017436987,1.0187597899783019,0.016898217127673504,0.026100197930918
400,tangent_bin,t_0_0p005,8,0,0.0,0,0.0,8,1.0,0,0.0,4.1364417089270653e-07,4.1364417089270653e-07,1.0,7.809197566637234e-05,7.809197566645783e-05,7.809197566645783e-05,0.010593768882463689,0.010593768882463845
400,tangent_bin,t_0p005_0p01,976,0,0.0,0,0.0,976,1.0,0,0.0,0.0034792175005471603,0.004923168921214657,1.0,0.06960206306418751,0.3650308205648557,0.4813719311661304,0.01395196981349312,0.01906259583869352
400,tangent_bin,t_0p01_0p02,1464,0,0.0,864,0.5901639344262295,1464,1.0,0,0.0,0.032985084452121685,0.03753077179460202,0.8561507748773007,1.1680185655888884,2.159125347875991,2.3298507495238803,0.025758724922489446,0.03779204638177157
400,tangent_bin,t_0p02_0p05,2448,0,0.0,2448,1.0,2392,0.9771241830065359,56,0.02287581699346405,0.09075632400340417,0.09535850114284561,0.46010486038172194,2.173417851182384,2.498862194585681,2.5595490823057925,0.06223987950724339,0.09584757497065845
400,tangent_bin,t_0p05_0p10,2704,0,0.0,2704,1.0,184,0.06804733727810651,2520,0.9319526627218935,0.1326287020838238,0.13328049964708463,0.41709606196482685,2.3975292293321355,2.6525740416764756,2.6656099929416923,0.13559774652593626,0.15219444627263273
400,tangent_bin,t_0p10_inf,0,0,nan,0,nan,0,nan,0,nan,nan,nan,nan,nan,nan,nan,nan,nan
400,normal_raw_abs_bin,normal_raw_abs_0_1e-4,0,0,nan,0,nan,0,nan,0,nan,nan,nan,nan,nan,nan,nan,nan,nan
400,normal_raw_abs_bin,normal_raw_abs_1e-4_1e-3,0,0,nan,0,nan,0,nan,0,nan,nan,nan,nan,nan,nan,nan,nan,nan
400,normal_raw_abs_bin,normal_raw_abs_1e-3_1e-2,0,0,nan,0,nan,0,nan,0,nan,nan,nan,nan,nan,nan,nan,nan,nan
400,normal_raw_abs_bin,normal_raw_abs_1e-2_5e-2,3176,0,0.0,1592,0.5012594458438288,3176,1.0,0,0.0,0.054026640321166323,0.05924595670386767,0.9924941347288914,1.0075626293480906,2.4876620713641504,2.5504506326325616,0.02385537165612789,0.04690283065471562
400,normal_raw_abs_bin,normal_raw_abs_5e-2_inf,4424,0,0.0,4424,1.0,1848,0.4177215189873418,2576,0.5822784810126582,0.13241283407528323,0.1331179362208409,0.4442055691305432,2.251209981402619,2.6482566815056643,2.662358724416818,0.11275953066479408,0.15189605802325748
400,cap_source,abs_cap_selected,2576,0,0.0,2576,1.0,0,0.0,2576,1.0,0.13263153592654894,0.13328049964708466,0.41324559336137245,2.419868514182863,2.6526307185309785,2.665609992941693,0.13651743954008513,0.15219698306792317
400,cap_source,ratio_cap_selected,5024,0,0.0,3440,0.6847133757961783,5024,1.0,0,0.0,0.09392030984964114,0.1024642381644074,0.6335526505367077,1.57840078350688,2.46578531532128,2.5327613234856106,0.036955303251052535,0.09353904172197224
400,cap_source,none_or_inactive,0,0,nan,0,nan,0,nan,0,nan,nan,nan,nan,nan,nan,nan,nan,nan
400,limiter_class,none,1584,0,0.0,0,0.0,1584,1.0,0,0.0,0.010354341149836375,0.012630098700786067,1.0,0.18709259583894247,0.92267707932818,0.9757464392859299,0.01620098012581083,0.02428203100745563
400,limiter_class,abs_cap_limiter,2576,0,0.0,2576,1.0,0,0.0,2576,1.0,0.13263153592654894,0.13328049964708466,0.41324559336137245,2.419868514182863,2.6526307185309785,2.665609992941693,0.13651743954008513,0.15219698306792317
400,limiter_class,ratio_cap_limiter,3440,0,0.0,3440,1.0,3440,1.0,0,0.0,0.09737724103813655,0.10286065109174304,0.5592763066853651,1.7881160135029406,2.483272860825974,2.5474178160748178,0.05301092323890458,0.09584853744651362
400,limiter_class,secondary_vector_safety,0,0,nan,0,nan,0,nan,0,nan,nan,nan,nan,nan,nan,nan,nan,nan
400,limiter_class,inactive_or_fallback,0,0,nan,0,nan,0,nan,0,nan,nan,nan,nan,nan,nan,nan,nan,nan
400,normal_agreement_bin,normal_0_0p5,0,0,nan,0,nan,0,nan,0,nan,nan,nan,nan,nan,nan,nan,nan,nan
400,normal_agreement_bin,normal_0p5_0p9,0,0,nan,0,nan,0,nan,0,nan,nan,nan,nan,nan,nan,nan,nan,nan
400,normal_agreement_bin,normal_0p9_0p99,0,0,nan,0,nan,0,nan,0,nan,nan,nan,nan,nan,nan,nan,nan,nan
400,normal_agreement_bin,normal_0p99_1p01,7600,0,0.0,6016,0.791578947368421,5024,0.6610526315789473,2576,0.3389473684210526,0.1316688800763146,0.13302838528047684,0.48823356215095404,2.0482011362369255,2.633377601526292,2.660567705609537,0.06478276252322218,0.15100578501805165
400,c_x_tangent:c_0_0p05,t_0_0p005,0,0,nan,0,nan,0,nan,0,nan,nan,nan,nan,nan,nan,nan,nan,nan
400,c_x_tangent:c_0_0p05,t_0p005_0p01,404,0,0.0,0,0.0,404,1.0,0,0.0,0.0014227782952482893,0.0018378297720532588,1.0,0.045451053354771086,0.1870617430899516,0.2303387281133641,0.013245354941246212,0.01521185755832633
400,c_x_tangent:c_0_0p05,t_0p01_0p02,612,0,0.0,248,0.40522875816993464,612,1.0,0,0.0,0.02218475410534137,0.022691393763993373,1.0,0.7937493437868127,1.6625888842737926,1.6942446411496315,0.020538571407458614,0.02664003925796718
400,c_x_tangent:c_0_0p05,t_0p02_0p05,0,0,nan,0,nan,0,nan,0,nan,nan,nan,nan,nan,nan,nan,nan,nan
400,c_x_tangent:c_0_0p05,t_0p05_0p10,0,0,nan,0,nan,0,nan,0,nan,nan,nan,nan,nan,nan,nan,nan,nan
400,c_x_tangent:c_0_0p05,t_0p10_inf,0,0,nan,0,nan,0,nan,0,nan,nan,nan,nan,nan,nan,nan,nan,nan
400,c_x_tangent:c_0p05_0p10,t_0_0p005,0,0,nan,0,nan,0,nan,0,nan,nan,nan,nan,nan,nan,nan,nan,nan
400,c_x_tangent:c_0p05_0p10,t_0p005_0p01,0,0,nan,0,nan,0,nan,0,nan,nan,nan,nan,nan,nan,nan,nan,nan
400,c_x_tangent:c_0p05_0p10,t_0p01_0p02,204,0,0.0,204,1.0,204,1.0,0,0.0,0.037530771794602055,0.03758892033456129,0.4885912565658959,2.0467005632245296,2.3298507495238843,2.34137491449083,0.02929505800280313,0.03218926492372544
400,c_x_tangent:c_0p05_0p10,t_0p02_0p05,564,0,0.0,564,1.0,564,1.0,0,0.0,0.06022109289427863,0.06127154151755788,0.40634978155401735,2.460934016441859,2.559549082305788,2.564473657547327,0.04091215484988127,0.0506020583246837
400,c_x_tangent:c_0p05_0p10,t_0p05_0p10,0,0,nan,0,nan,0,nan,0,nan,nan,nan,nan,nan,nan,nan,nan,nan
400,c_x_tangent:c_0p05_0p10,t_0p10_inf,0,0,nan,0,nan,0,nan,0,nan,nan,nan,nan,nan,nan,nan,nan,nan
400,c_x_tangent:c_0p10_0p30,t_0_0p005,0,0,nan,0,nan,0,nan,0,nan,nan,nan,nan,nan,nan,nan,nan,nan
400,c_x_tangent:c_0p10_0p30,t_0p005_0p01,0,0,nan,0,nan,0,nan,0,nan,nan,nan,nan,nan,nan,nan,nan,nan
400,c_x_tangent:c_0p10_0p30,t_0p01_0p02,0,0,nan,0,nan,0,nan,0,nan,nan,nan,nan,nan,nan,nan,nan,nan
400,c_x_tangent:c_0p10_0p30,t_0p02_0p05,800,0,0.0,800,1.0,800,1.0,0,0.0,0.09507163344088132,0.09598226644741326,0.44425220290876455,2.2509736439176837,2.3685771580262576,2.4044601758553648,0.07004126837258107,0.08932396002850862
400,c_x_tangent:c_0p10_0p30,t_0p05_0p10,596,0,0.0,596,1.0,184,0.3087248322147651,412,0.6912751677852349,0.11981081406602824,0.12057619466538318,0.4543732061472748,2.2008339982879024,2.396216281320565,2.4115238933076633,0.10811399903586756,0.12273279416946692
400,c_x_tangent:c_0p10_0p30,t_0p10_inf,0,0,nan,0,nan,0,nan,0,nan,nan,nan,nan,nan,nan,nan,nan,nan
400,c_x_tangent:c_0p30_0p70,t_0_0p005,0,0,nan,0,nan,0,nan,0,nan,nan,nan,nan,nan,nan,nan,nan,nan
400,c_x_tangent:c_0p30_0p70,t_0p005_0p01,0,0,nan,0,nan,0,nan,0,nan,nan,nan,nan,nan,nan,nan,nan,nan
400,c_x_tangent:c_0p30_0p70,t_0p01_0p02,0,0,nan,0,nan,0,nan,0,nan,nan,nan,nan,nan,nan,nan,nan,nan
400,c_x_tangent:c_0p30_0p70,t_0p02_0p05,0,0,nan,0,nan,0,nan,0,nan,nan,nan,nan,nan,nan,nan,nan,nan
400,c_x_tangent:c_0p30_0p70,t_0p05_0p10,1672,0,0.0,1672,1.0,0,0.0,1672,1.0,0.13298677609164428,0.1332818554957563,0.39140250773751084,2.5549146472782374,2.6597355218328858,2.6656371099151257,0.14560518978617215,0.1523728137319046
400,c_x_tangent:c_0p30_0p70,t_0p10_inf,0,0,nan,0,nan,0,nan,0,nan,nan,nan,nan,nan,nan,nan,nan,nan
400,c_x_tangent:c_0p70_0p90,t_0_0p005,0,0,nan,0,nan,0,nan,0,nan,nan,nan,nan,nan,nan,nan,nan,nan
400,c_x_tangent:c_0p70_0p90,t_0p005_0p01,0,0,nan,0,nan,0,nan,0,nan,nan,nan,nan,nan,nan,nan,nan,nan
400,c_x_tangent:c_0p70_0p90,t_0p01_0p02,0,0,nan,0,nan,0,nan,0,nan,nan,nan,nan,nan,nan,nan,nan,nan
400,c_x_tangent:c_0p70_0p90,t_0p02_0p05,808,0,0.0,808,1.0,752,0.9306930693069307,56,0.06930693069306931,0.08038773105393172,0.0813904733750514,0.6337024483327804,1.5780276731310074,1.6077546210786344,1.627809467501028,0.07697383228230184,0.10170242976131699
400,c_x_tangent:c_0p70_0p90,t_0p05_0p10,436,0,0.0,436,1.0,0,0.0,436,1.0,0.10396949170449896,0.10463165344257083,0.5349551146295586,1.8693157101460218,2.079389834089979,2.0926330688514163,0.11759110440614962,0.1294214345624667
400,c_x_tangent:c_0p70_0p90,t_0p10_inf,0,0,nan,0,nan,0,nan,0,nan,nan,nan,nan,nan,nan,nan,nan,nan
400,c_x_tangent:c_0p90_0p95,t_0_0p005,0,0,nan,0,nan,0,nan,0,nan,nan,nan,nan,nan,nan,nan,nan,nan
400,c_x_tangent:c_0p90_0p95,t_0p005_0p01,0,0,nan,0,nan,0,nan,0,nan,nan,nan,nan,nan,nan,nan,nan,nan
400,c_x_tangent:c_0p90_0p95,t_0p01_0p02,396,0,0.0,396,1.0,396,1.0,0,0.0,0.03193667872539902,0.0321048003592784,0.6686218964125814,1.49561359770805,1.5943818414560018,1.5959067113072118,0.03377579996562513,0.04007254655924969
400,c_x_tangent:c_0p90_0p95,t_0p02_0p05,276,0,0.0,276,1.0,276,1.0,0,0.0,0.042182443158252425,0.042409926579107145,0.6306553671326324,1.585652088472104,1.5918874111991526,1.5932524521963964,0.04727793855653509,0.05344905962102414
400,c_x_tangent:c_0p90_0p95,t_0p05_0p10,0,0,nan,0,nan,0,nan,0,nan,nan,nan,nan,nan,nan,nan,nan,nan
400,c_x_tangent:c_0p90_0p95,t_0p10_inf,0,0,nan,0,nan,0,nan,0,nan,nan,nan,nan,nan,nan,nan,nan,nan
400,c_x_tangent:c_0p95_1,t_0_0p005,8,0,0.0,0,0.0,8,1.0,0,0.0,4.1364417089270653e-07,4.1364417089270653e-07,1.0,7.809197566637234e-05,7.809197566645783e-05,7.809197566645783e-05,0.010593768882463689,0.010593768882463845
400,c_x_tangent:c_0p95_1,t_0p005_0p01,572,0,0.0,0,0.0,572,1.0,0,0.0,0.004623360217594623,0.005066644287221546,1.0,0.08724516295963773,0.45846203552768194,0.4919317806487812,0.01486097595973715,0.020168999216143124
400,c_x_tangent:c_0p95_1,t_0p01_0p02,252,0,0.0,16,0.06349206349206349,252,1.0,0,0.0,0.013665767954015343,0.013725794365720037,1.0,0.7252958644629451,1.0187597899782674,1.0232354790680813,0.023362932696641137,0.026828222137529667
400,c_x_tangent:c_0p95_1,t_0p02_0p05,0,0,nan,0,nan,0,nan,0,nan,nan,nan,nan,nan,nan,nan,nan,nan
400,c_x_tangent:c_0p95_1,t_0p05_0p10,0,0,nan,0,nan,0,nan,0,nan,nan,nan,nan,nan,nan,nan,nan,nan
400,c_x_tangent:c_0p95_1,t_0p10_inf,0,0,nan,0,nan,0,nan,0,nan,nan,nan,nan,nan,nan,nan,nan,nan
500,region,none_or_unknown,7648,0,0.0,6040,0.7897489539748954,5056,0.6610878661087866,2592,0.3389121338912134,0.13002709715169974,0.13110404769726985,0.49255033029390105,2.030252759190023,2.600541943033995,2.6220809539453973,0.06477511693549876,0.15119973333578496
500,region,sphere_upper,0,0,nan,0,nan,0,nan,0,nan,nan,nan,nan,nan,nan,nan,nan,nan
500,region,sphere_lower90,0,0,nan,0,nan,0,nan,0,nan,nan,nan,nan,nan,nan,nan,nan,nan
500,region,sphere_bottom120,0,0,nan,0,nan,0,nan,0,nan,nan,nan,nan,nan,nan,nan,nan,nan
500,region,outer_or_other_wall,0,0,nan,0,nan,0,nan,0,nan,nan,nan,nan,nan,nan,nan,nan,nan
500,theta_zone,sphere11,0,0,nan,0,nan,0,nan,0,nan,nan,nan,nan,nan,nan,nan,nan,nan
500,theta_zone,outer90,0,0,nan,0,nan,0,nan,0,nan,nan,nan,nan,nan,nan,nan,nan,nan
500,theta_zone,fallback,7648,0,0.0,6040,0.7897489539748954,5056,0.6610878661087866,2592,0.3389121338912134,0.13002709715169974,0.13110404769726985,0.49255033029390105,2.030252759190023,2.600541943033995,2.6220809539453973,0.06477511693549876,0.15119973333578496
500,c_bin,c_0_0p05,1016,0,0.0,224,0.2204724409448819,1016,1.0,0,0.0,0.01989828015331227,0.021835416530953333,1.0,0.38207219950617854,1.5277873420853312,1.6362607325572534,0.017332163085127576,0.02602482645420865
500,c_bin,c_0p05_0p10,792,0,0.0,792,1.0,792,1.0,0,0.0,0.05911343893315059,0.059641819768564384,0.41912891389026574,2.385900773865043,2.4913563611808613,2.496533558873574,0.03682046537520722,0.04953038567540591
500,c_bin,c_0p10_0p30,1420,0,0.0,1420,1.0,992,0.6985915492957746,428,0.30140845070422534,0.11642742152829832,0.1180861226695595,0.4554338421590027,2.1957085913059498,2.3406175585070064,2.367170789187787,0.08488748363242467,0.12119095984064338
500,c_bin,c_0p30_0p70,1672,0,0.0,1672,1.0,0,0.0,1672,1.0,0.13110218505749455,0.13150148277997956,0.3966259992236735,2.5212668911199128,2.6220437011498907,2.630029655599591,0.1458291241806713,0.15255622707668867
500,c_bin,c_0p70_0p90,1244,0,0.0,1244,1.0,752,0.6045016077170418,492,0.3954983922829582,0.10287381990221499,0.10393682922263381,0.628686647273497,1.5906175267708065,2.0574763980442996,2.0787365844526757,0.09189369656254237,0.1282969815746296
500,c_bin,c_0p90_0p95,672,0,0.0,672,1.0,672,1.0,0,0.0,0.0416261440601804,0.04277419063965616,0.6279296665634295,1.5925351255990359,1.6034196017858875,1.605844860423674,0.037830028647194036,0.05225630231310121
500,c_bin,c_0p95_1,832,0,0.0,16,0.019230769230769232,832,1.0,0,0.0,0.012618576356362033,0.013754446036523942,1.0,0.2036051135724743,0.9665072800679868,1.0248851382076805,0.016900019940730288,0.026111704726061613
500,tangent_bin,t_0_0p005,8,0,0.0,0,0.0,8,1.0,0,0.0,4.177589862730209e-07,4.177589862730235e-07,1.0,7.886528018628576e-05,7.886528018634194e-05,7.886528018634301e-05,0.01059424338025422,0.010594243380254605
500,tangent_bin,t_0p005_0p01,1008,0,0.0,0,0.0,1008,1.0,0,0.0,0.0034946613265718083,0.004945642980568416,1.0,0.06335716929136682,0.3665896905319213,0.48346635271136845,0.014002447746130341,0.019065791629333917
500,tangent_bin,t_0p01_0p02,1480,0,0.0,888,0.6,1480,1.0,0,0.0,0.03407076170156158,0.038394494419230214,0.8405694128353967,1.1896697461626808,2.179554042363185,2.336477754308431,0.026111650936556985,0.03782949280346115
500,tangent_bin,t_0p02_0p05,2456,0,0.0,2456,1.0,2400,0.9771986970684039,56,0.02280130293159609,0.09000890348465809,0.0939456921164877,0.47116725110510027,2.122388594823914,2.4501385140884047,2.492768004387461,0.06303385733882025,0.0960823693678939
500,tangent_bin,t_0p05_0p10,2696,0,0.0,2696,1.0,160,0.05934718100890208,2536,0.9406528189910979,0.13085899820498964,0.13149106982412065,0.42053767086066196,2.377908401548126,2.6171799640997926,2.629821396482413,0.13585325946169405,0.1523805138147965
500,tangent_bin,t_0p10_inf,0,0,nan,0,nan,0,nan,0,nan,nan,nan,nan,nan,nan,nan,nan,nan
500,normal_raw_abs_bin,normal_raw_abs_0_1e-4,0,0,nan,0,nan,0,nan,0,nan,nan,nan,nan,nan,nan,nan,nan,nan
500,normal_raw_abs_bin,normal_raw_abs_1e-4_1e-3,0,0,nan,0,nan,0,nan,0,nan,nan,nan,nan,nan,nan,nan,nan,nan
500,normal_raw_abs_bin,normal_raw_abs_1e-3_1e-2,0,0,nan,0,nan,0,nan,0,nan,nan,nan,nan,nan,nan,nan,nan,nan
500,normal_raw_abs_bin,normal_raw_abs_1e-2_5e-2,3208,0,0.0,1600,0.49875311720698257,3208,1.0,0,0.0,0.053188277223466376,0.057856431759042856,1.0,0.9844521996241791,2.4398981212143953,2.4924384687236594,0.023863572598118166,0.04707474245781549
500,normal_raw_abs_bin,normal_raw_abs_5e-2_inf,4440,0,0.0,4440,1.0,1848,0.41621621621621624,2592,0.5837837837837838,0.13055723333677632,0.1313127909933382,0.4518031737555963,2.2133555693320797,2.6111446667355263,2.626255819866764,0.11308386082911367,0.15207551887435003
500,cap_source,abs_cap_selected,2592,0,0.0,2592,1.0,0,0.0,2592,1.0,0.13087885973971616,0.1314910698241211,0.41767190463917214,2.394223764856539,2.617577194794323,2.6298213964824217,0.1368313561936918,0.15238051381479678
500,cap_source,ratio_cap_selected,5056,0,0.0,3448,0.6819620253164557,5056,1.0,0,0.0,0.09154679738172228,0.10080942330007041,0.6300507134130311,1.5871738238068591,2.41651947669826,2.4857551765121326,0.03689719848094758,0.09388410018270875
500,cap_source,none_or_inactive,0,0,nan,0,nan,0,nan,0,nan,nan,nan,nan,nan,nan,nan,nan,nan
500,limiter_class,none,1608,0,0.0,0,0.0,1608,1.0,0,0.0,0.009949738556971873,0.01267248767040155,1.0,0.18781576658403837,0.8660095585983849,0.9809097522265844,0.016083871965359695,0.02386360861049791
500,limiter_class,abs_cap_limiter,2592,0,0.0,2592,1.0,0,0.0,2592,1.0,0.13087885973971616,0.1314910698241211,0.41767190463917214,2.394223764856539,2.617577194794323,2.6298213964824217,0.1368313561936918,0.15238051381479678
500,limiter_class,ratio_cap_limiter,3448,0,0.0,3448,1.0,3448,1.0,0,0.0,0.09478835162518816,0.10088319018677028,0.5632408285728945,1.7754394732600254,2.4371057918196413,2.4924384687236576,0.053187899691603244,0.09608236936789376
500,limiter_class,secondary_vector_safety,0,0,nan,0,nan,0,nan,0,nan,nan,nan,nan,nan,nan,nan,nan,nan
500,limiter_class,inactive_or_fallback,0,0,nan,0,nan,0,nan,0,nan,nan,nan,nan,nan,nan,nan,nan,nan
500,normal_agreement_bin,normal_0_0p5,0,0,nan,0,nan,0,nan,0,nan,nan,nan,nan,nan,nan,nan,nan,nan
500,normal_agreement_bin,normal_0p5_0p9,0,0,nan,0,nan,0,nan,0,nan,nan,nan,nan,nan,nan,nan,nan,nan
500,normal_agreement_bin,normal_0p9_0p99,0,0,nan,0,nan,0,nan,0,nan,nan,nan,nan,nan,nan,nan,nan,nan
500,normal_agreement_bin,normal_0p99_1p01,7648,0,0.0,6040,0.7897489539748954,5056,0.6610878661087866,2592,0.3389121338912134,0.13002709715169974,0.13110404769726985,0.49255033029390105,2.030252759190023,2.600541943033995,2.6220809539453973,0.06477511693549876,0.15119973333578496
500,c_x_tangent:c_0_0p05,t_0_0p005,0,0,nan,0,nan,0,nan,0,nan,nan,nan,nan,nan,nan,nan,nan,nan
500,c_x_tangent:c_0_0p05,t_0p005_0p01,436,0,0.0,0,0.0,436,1.0,0,0.0,0.0015875657630557006,0.001726838661747034,1.0,0.05106837384314235,0.20472611087348036,0.2205024469124401,0.013360052614644402,0.015637304194051613
500,c_x_tangent:c_0_0p05,t_0p01_0p02,580,0,0.0,224,0.38620689655172413,580,1.0,0,0.0,0.02121739506977626,0.021879490835261296,1.0,0.7400728451371061,1.6056260431574616,1.6478280280568074,0.020327240061551004,0.026368632949265683
500,c_x_tangent:c_0_0p05,t_0p02_0p05,0,0,nan,0,nan,0,nan,0,nan,nan,nan,nan,nan,nan,nan,nan,nan
500,c_x_tangent:c_0_0p05,t_0p05_0p10,0,0,nan,0,nan,0,nan,0,nan,nan,nan,nan,nan,nan,nan,nan,nan
500,c_x_tangent:c_0_0p05,t_0p10_inf,0,0,nan,0,nan,0,nan,0,nan,nan,nan,nan,nan,nan,nan,nan,nan
500,c_x_tangent:c_0p05_0p10,t_0_0p005,0,0,nan,0,nan,0,nan,0,nan,nan,nan,nan,nan,nan,nan,nan,nan
500,c_x_tangent:c_0p05_0p10,t_0p005_0p01,0,0,nan,0,nan,0,nan,0,nan,nan,nan,nan,nan,nan,nan,nan,nan
500,c_x_tangent:c_0p05_0p10,t_0p01_0p02,252,0,0.0,252,1.0,252,1.0,0,0.0,0.038394494419230235,0.038452813450091994,0.5007188323612951,1.9971287983801,2.3364777543084334,2.3461667321304995,0.029538721839347443,0.03286527710219479
500,c_x_tangent:c_0p05_0p10,t_0p02_0p05,540,0,0.0,540,1.0,540,1.0,0,0.0,0.05929368399092606,0.0599055460167231,0.4147847658399185,2.4108889292861315,2.492768004387459,2.499853168111246,0.04146807795157045,0.04967678038947478
500,c_x_tangent:c_0p05_0p10,t_0p05_0p10,0,0,nan,0,nan,0,nan,0,nan,nan,nan,nan,nan,nan,nan,nan,nan
500,c_x_tangent:c_0p05_0p10,t_0p10_inf,0,0,nan,0,nan,0,nan,0,nan,nan,nan,nan,nan,nan,nan,nan,nan
500,c_x_tangent:c_0p10_0p30,t_0_0p005,0,0,nan,0,nan,0,nan,0,nan,nan,nan,nan,nan,nan,nan,nan,nan
500,c_x_tangent:c_0p10_0p30,t_0p005_0p01,0,0,nan,0,nan,0,nan,0,nan,nan,nan,nan,nan,nan,nan,nan,nan
500,c_x_tangent:c_0p10_0p30,t_0p01_0p02,0,0,nan,0,nan,0,nan,0,nan,nan,nan,nan,nan,nan,nan,nan,nan
500,c_x_tangent:c_0p10_0p30,t_0p02_0p05,832,0,0.0,832,1.0,832,1.0,0,0.0,0.09370860967040105,0.09478835162518831,0.4536841033814407,2.204176854658796,2.321960257005223,2.3502547224801553,0.06997577979223171,0.09004911125342109
500,c_x_tangent:c_0p10_0p30,t_0p05_0p10,588,0,0.0,588,1.0,160,0.272108843537415,428,0.7278911564625851,0.11775089971081328,0.1185047703762465,0.4614991389604792,2.1668512800532778,2.3550179942162655,2.3700954075249294,0.10865507171794371,0.12318503684191247
500,c_x_tangent:c_0p10_0p30,t_0p10_inf,0,0,nan,0,nan,0,nan,0,nan,nan,nan,nan,nan,nan,nan,nan,nan
500,c_x_tangent:c_0p30_0p70,t_0_0p005,0,0,nan,0,nan,0,nan,0,nan,nan,nan,nan,nan,nan,nan,nan,nan
500,c_x_tangent:c_0p30_0p70,t_0p005_0p01,0,0,nan,0,nan,0,nan,0,nan,nan,nan,nan,nan,nan,nan,nan,nan
500,c_x_tangent:c_0p30_0p70,t_0p01_0p02,0,0,nan,0,nan,0,nan,0,nan,nan,nan,nan,nan,nan,nan,nan,nan
500,c_x_tangent:c_0p30_0p70,t_0p02_0p05,0,0,nan,0,nan,0,nan,0,nan,nan,nan,nan,nan,nan,nan,nan,nan
500,c_x_tangent:c_0p30_0p70,t_0p05_0p10,1672,0,0.0,1672,1.0,0,0.0,1672,1.0,0.13110218505749455,0.13150148277997956,0.3966259992236735,2.5212668911199128,2.6220437011498907,2.630029655599591,0.1458291241806713,0.15255622707668867
500,c_x_tangent:c_0p30_0p70,t_0p10_inf,0,0,nan,0,nan,0,nan,0,nan,nan,nan,nan,nan,nan,nan,nan,nan
500,c_x_tangent:c_0p70_0p90,t_0_0p005,0,0,nan,0,nan,0,nan,0,nan,nan,nan,nan,nan,nan,nan,nan,nan
500,c_x_tangent:c_0p70_0p90,t_0p005_0p01,0,0,nan,0,nan,0,nan,0,nan,nan,nan,nan,nan,nan,nan,nan,nan
500,c_x_tangent:c_0p70_0p90,t_0p01_0p02,0,0,nan,0,nan,0,nan,0,nan,nan,nan,nan,nan,nan,nan,nan,nan
500,c_x_tangent:c_0p70_0p90,t_0p02_0p05,808,0,0.0,808,1.0,752,0.9306930693069307,56,0.06930693069306931,0.08078928452963796,0.08177591697247652,0.6304499143520983,1.5861688284890822,1.6157856905927592,1.6355183394495303,0.0771500659065732,0.10195041463128118
500,c_x_tangent:c_0p70_0p90,t_0p05_0p10,436,0,0.0,436,1.0,0,0.0,436,1.0,0.10391681823413737,0.10454146791207905,0.5339637311154526,1.8727863742936162,2.0783363646827473,2.090829358241581,0.11786074896398041,0.1296875556681213
500,c_x_tangent:c_0p70_0p90,t_0p10_inf,0,0,nan,0,nan,0,nan,0,nan,nan,nan,nan,nan,nan,nan,nan,nan
500,c_x_tangent:c_0p90_0p95,t_0_0p005,0,0,nan,0,nan,0,nan,0,nan,nan,nan,nan,nan,nan,nan,nan,nan
500,c_x_tangent:c_0p90_0p95,t_0p005_0p01,0,0,nan,0,nan,0,nan,0,nan,nan,nan,nan,nan,nan,nan,nan,nan
500,c_x_tangent:c_0p90_0p95,t_0p01_0p02,396,0,0.0,396,1.0,396,1.0,0,0.0,0.032176682060380754,0.032346594537758525,0.6640796022617449,1.5058435714546359,1.6045959622828179,1.6058448604237192,0.03380280287317322,0.04011658568279215
500,c_x_tangent:c_0p90_0p95,t_0p02_0p05,276,0,0.0,276,1.0,276,1.0,0,0.0,0.04254635888813233,0.042774190639656345,0.6263706133767197,1.5964989075861502,1.6024826758880646,1.6036572209249464,0.047345083169975655,0.0535379028962486
500,c_x_tangent:c_0p90_0p95,t_0p05_0p10,0,0,nan,0,nan,0,nan,0,nan,nan,nan,nan,nan,nan,nan,nan,nan
500,c_x_tangent:c_0p90_0p95,t_0p10_inf,0,0,nan,0,nan,0,nan,0,nan,nan,nan,nan,nan,nan,nan,nan,nan
500,c_x_tangent:c_0p95_1,t_0_0p005,8,0,0.0,0,0.0,8,1.0,0,0.0,4.177589862730209e-07,4.177589862730235e-07,1.0,7.886528018628576e-05,7.886528018634194e-05,7.886528018634301e-05,0.01059424338025422,0.010594243380254605
500,c_x_tangent:c_0p95_1,t_0p005_0p01,572,0,0.0,0,0.0,572,1.0,0,0.0,0.00464451961188703,0.0050896882846023705,1.0,0.08749986383283107,0.46046698839503397,0.49406113947133395,0.014861979567325767,0.020173083973188004
500,c_x_tangent:c_0p95_1,t_0p01_0p02,252,0,0.0,16,0.06349206349206349,252,1.0,0,0.0,0.013754446036523591,0.013815313156778896,1.0,0.7290124131754647,1.0248851382076385,1.0294218844290035,0.023370499295350594,0.026840915985464946
500,c_x_tangent:c_0p95_1,t_0p02_0p05,0,0,nan,0,nan,0,nan,0,nan,nan,nan,nan,nan,nan,nan,nan,nan
500,c_x_tangent:c_0p95_1,t_0p05_0p10,0,0,nan,0,nan,0,nan,0,nan,nan,nan,nan,nan,nan,nan,nan,nan
500,c_x_tangent:c_0p95_1,t_0p10_inf,0,0,nan,0,nan,0,nan,0,nan,nan,nan,nan,nan,nan,nan,nan,nan
600,region,none_or_unknown,7696,0,0.0,6048,0.7858627858627859,5072,0.659043659043659,2624,0.340956340956341,0.12834312318502647,0.12942318172993972,0.5001826197316224,1.9992697877758312,2.566862463700529,2.5884636345987944,0.06505236479482801,0.1513833706405277
600,region,sphere_upper,0,0,nan,0,nan,0,nan,0,nan,nan,nan,nan,nan,nan,nan,nan,nan
600,region,sphere_lower90,0,0,nan,0,nan,0,nan,0,nan,nan,nan,nan,nan,nan,nan,nan,nan
600,region,sphere_bottom120,0,0,nan,0,nan,0,nan,0,nan,nan,nan,nan,nan,nan,nan,nan,nan
600,region,outer_or_other_wall,0,0,nan,0,nan,0,nan,0,nan,nan,nan,nan,nan,nan,nan,nan,nan
600,theta_zone,sphere11,0,0,nan,0,nan,0,nan,0,nan,nan,nan,nan,nan,nan,nan,nan,nan
600,theta_zone,outer90,0,0,nan,0,nan,0,nan,0,nan,nan,nan,nan,nan,nan,nan,nan,nan
600,theta_zone,fallback,7696,0,0.0,6048,0.7858627858627859,5072,0.659043659043659,2624,0.340956340956341,0.12834312318502647,0.12942318172993972,0.5001826197316224,1.9992697877758312,2.566862463700529,2.5884636345987944,0.06505236479482801,0.1513833706405277
600,c_bin,c_0_0p05,1032,0,0.0,200,0.1937984496124031,1032,1.0,0,0.0,0.01754433397579172,0.021071976540668835,1.0,0.31776183711741146,1.3980264440108408,1.5824346492036403,0.01703935983313694,0.02509871547988498
600,c_bin,c_0p05_0p10,808,0,0.0,808,1.0,808,1.0,0,0.0,0.057452089291780715,0.058717654870852905,0.4278660081859673,2.3371802874449443,2.42612521794863,2.4455066947961615,0.03712831564510788,0.049487320773128125
600,c_bin,c_0p10_0p30,1428,0,0.0,1428,1.0,992,0.6946778711484594,436,0.30532212885154064,0.11407668344165152,0.11609529614381878,0.4650878431343628,2.1501314531480933,2.2950813520270947,2.3219059228763754,0.08458160767921044,0.12045831860847517
600,c_bin,c_0p30_0p70,1680,0,0.0,1680,1.0,0,0.0,1680,1.0,0.1293681954610657,0.12981763511278252,0.40207650559945196,2.4870900304435075,2.5873639092213137,2.59635270225565,0.14604155239371314,0.15273086408083864
600,c_bin,c_0p70_0p90,1244,0,0.0,1244,1.0,736,0.5916398713826366,508,0.40836012861736337,0.10277181475075697,0.10379024991384722,0.6249325946063388,1.600172576419903,2.0554362950151392,2.075804998276944,0.09212040069596927,0.12855688252614636
600,c_bin,c_0p90_0p95,672,0,0.0,672,1.0,672,1.0,0,0.0,0.04196965484809419,0.04312561326343171,0.6238052282481052,1.6030645094430507,1.6133643696835527,1.6157998825202298,0.037872585347184407,0.05234786496176269
600,c_bin,c_0p95_1,832,0,0.0,16,0.019230769230769232,832,1.0,0,0.0,0.012706880684668109,0.013853034456022408,1.0,0.20451976473230674,0.9727699651479869,1.0316602543661857,0.01690159711947009,0.026125150117551454
600,tangent_bin,t_0_0p005,8,0,0.0,0,0.0,8,1.0,0,0.0,4.1813291943660864e-07,4.181329194366183e-07,1.0,7.893825823037989e-05,7.893825823042665e-05,7.893825823042894e-05,0.010593923119409376,0.01059392311940954
600,tangent_bin,t_0p005_0p01,1040,0,0.0,0,0.0,1040,1.0,0,0.0,0.00351272140442996,0.004971633499898035,1.0,0.06877553133888538,0.36841894081636545,0.485892023895066,0.013891210098165938,0.01906916835842499
600,tangent_bin,t_0p01_0p02,1472,0,0.0,872,0.592391304347826,1472,1.0,0,0.0,0.03259241831452078,0.03737303346960658,0.8302519409741902,1.204893367554395,2.1003149575750593,2.2705451395956016,0.026073110558263272,0.037872137430039254
600,tangent_bin,t_0p02_0p05,2480,0,0.0,2480,1.0,2408,0.9709677419354839,72,0.02903225806451613,0.08823419334910504,0.09259020286702377,0.48111736956429635,2.0784958403294267,2.3991435033539803,2.4316385156857265,0.06294712359747824,0.09631966801100728
600,tangent_bin,t_0p05_0p10,2696,0,0.0,2696,1.0,144,0.05341246290801187,2552,0.9465875370919882,0.1291511313846505,0.12976806834650703,0.4242171517484672,2.3572839792979288,2.58302262769301,2.595361366930141,0.1361001018584596,0.15255256334952244
600,tangent_bin,t_0p10_inf,0,0,nan,0,nan,0,nan,0,nan,nan,nan,nan,nan,nan,nan,nan,nan
600,normal_raw_abs_bin,normal_raw_abs_0_1e-4,0,0,nan,0,nan,0,nan,0,nan,nan,nan,nan,nan,nan,nan,nan,nan
600,normal_raw_abs_bin,normal_raw_abs_1e-4_1e-3,0,0,nan,0,nan,0,nan,0,nan,nan,nan,nan,nan,nan,nan,nan,nan
600,normal_raw_abs_bin,normal_raw_abs_1e-3_1e-2,0,0,nan,0,nan,0,nan,0,nan,nan,nan,nan,nan,nan,nan,nan,nan
600,normal_raw_abs_bin,normal_raw_abs_1e-2_5e-2,3232,0,0.0,1584,0.4900990099009901,3232,1.0,0,0.0,0.05233566090274834,0.056333236764470725,1.0,0.9710256832273931,2.3904177510505122,2.430546380861374,0.023873134146162323,0.047123144323881344
600,normal_raw_abs_bin,normal_raw_abs_5e-2_inf,4464,0,0.0,4464,1.0,1840,0.4121863799283154,2624,0.5878136200716846,0.1288923040858989,0.12960764063655178,0.4592732055450275,2.1773532353434,2.5778460817179782,2.592152812731036,0.11273942268389475,0.15225010284502213
600,cap_source,abs_cap_selected,2624,0,0.0,2624,1.0,0,0.0,2624,1.0,0.1291523578377094,0.12976806834650723,0.42268118221037654,2.365849349551315,2.583047156754188,2.595361366930144,0.13640186475685678,0.1525525633495227
600,cap_source,ratio_cap_selected,5072,0,0.0,3424,0.6750788643533123,5072,1.0,0,0.0,0.09010555198570484,0.09926955946526472,0.6269180842597488,1.5951047343286944,2.371235170337072,2.426105093892685,0.037055545941690735,0.09327174219054055
600,cap_source,none_or_inactive,0,0,nan,0,nan,0,nan,0,nan,nan,nan,nan,nan,nan,nan,nan,nan
600,limiter_class,none,1648,0,0.0,0,0.0,1648,1.0,0,0.0,0.010029647325536687,0.01276180942406745,1.0,0.18766502096552667,0.9044963414943622,0.9769771471448842,0.01609192470285717,0.023873150389199627
600,limiter_class,abs_cap_limiter,2624,0,0.0,2624,1.0,0,0.0,2624,1.0,0.1291523578377094,0.12976806834650723,0.42268118221037654,2.365849349551315,2.583047156754188,2.595361366930144,0.13640186475685678,0.1525525633495227
600,limiter_class,ratio_cap_limiter,3424,0,0.0,3424,1.0,3424,1.0,0,0.0,0.09259020286702369,0.09927486948832245,0.5523373833723287,1.81050460562696,2.389405755434585,2.430546380861372,0.05296372401158759,0.09535818073248722
600,limiter_class,secondary_vector_safety,0,0,nan,0,nan,0,nan,0,nan,nan,nan,nan,nan,nan,nan,nan,nan
600,limiter_class,inactive_or_fallback,0,0,nan,0,nan,0,nan,0,nan,nan,nan,nan,nan,nan,nan,nan,nan
600,normal_agreement_bin,normal_0_0p5,0,0,nan,0,nan,0,nan,0,nan,nan,nan,nan,nan,nan,nan,nan,nan
600,normal_agreement_bin,normal_0p5_0p9,0,0,nan,0,nan,0,nan,0,nan,nan,nan,nan,nan,nan,nan,nan,nan
600,normal_agreement_bin,normal_0p9_0p99,0,0,nan,0,nan,0,nan,0,nan,nan,nan,nan,nan,nan,nan,nan,nan
600,normal_agreement_bin,normal_0p99_1p01,7696,0,0.0,6048,0.7858627858627859,5072,0.659043659043659,2624,0.340956340956341,0.12834312318502647,0.12942318172993972,0.5001826197316224,1.9992697877758312,2.566862463700529,2.5884636345987944,0.06505236479482801,0.1513833706405277
600,c_x_tangent:c_0_0p05,t_0_0p005,0,0,nan,0,nan,0,nan,0,nan,nan,nan,nan,nan,nan,nan,nan,nan
600,c_x_tangent:c_0_0p05,t_0p005_0p01,468,0,0.0,0,0.0,468,1.0,0,0.0,0.0017256681591103,0.00189736724551945,1.0,0.049832720547856216,0.21869769474939985,0.2378075152562534,0.013485294207109783,0.01578219046522983
600,c_x_tangent:c_0_0p05,t_0p01_0p02,564,0,0.0,200,0.3546099290780142,564,1.0,0,0.0,0.01908738030277642,0.0218079776213028,1.0,0.770936261103409,1.4670678559662533,1.6287689957851506,0.02079160454467735,0.02602112809595289
600,c_x_tangent:c_0_0p05,t_0p02_0p05,0,0,nan,0,nan,0,nan,0,nan,nan,nan,nan,nan,nan,nan,nan,nan
600,c_x_tangent:c_0_0p05,t_0p05_0p10,0,0,nan,0,nan,0,nan,0,nan,nan,nan,nan,nan,nan,nan,nan,nan
600,c_x_tangent:c_0_0p05,t_0p10_inf,0,0,nan,0,nan,0,nan,0,nan,nan,nan,nan,nan,nan,nan,nan,nan
600,c_x_tangent:c_0p05_0p10,t_0_0p005,0,0,nan,0,nan,0,nan,0,nan,nan,nan,nan,nan,nan,nan,nan,nan
600,c_x_tangent:c_0p05_0p10,t_0p005_0p01,0,0,nan,0,nan,0,nan,0,nan,nan,nan,nan,nan,nan,nan,nan,nan
600,c_x_tangent:c_0p05_0p10,t_0p01_0p02,260,0,0.0,260,1.0,260,1.0,0,0.0,0.03737303346960665,0.03760871387999145,0.5068072220707974,1.9731368387254493,2.270545139595602,2.2805769323769685,0.029802332658006234,0.03277506927218983
600,c_x_tangent:c_0p05_0p10,t_0p02_0p05,548,0,0.0,548,1.0,548,1.0,0,0.0,0.058442207670832184,0.05947920582435892,0.4227921004301496,2.3652286761805574,2.4316385156857243,2.448135780952775,0.04202098025147494,0.05021386649342155
600,c_x_tangent:c_0p05_0p10,t_0p05_0p10,0,0,nan,0,nan,0,nan,0,nan,nan,nan,nan,nan,nan,nan,nan,nan
600,c_x_tangent:c_0p05_0p10,t_0p10_inf,0,0,nan,0,nan,0,nan,0,nan,nan,nan,nan,nan,nan,nan,nan,nan
600,c_x_tangent:c_0p10_0p30,t_0_0p005,0,0,nan,0,nan,0,nan,0,nan,nan,nan,nan,nan,nan,nan,nan,nan
600,c_x_tangent:c_0p10_0p30,t_0p005_0p01,0,0,nan,0,nan,0,nan,0,nan,nan,nan,nan,nan,nan,nan,nan,nan
600,c_x_tangent:c_0p10_0p30,t_0p01_0p02,0,0,nan,0,nan,0,nan,0,nan,nan,nan,nan,nan,nan,nan,nan,nan
600,c_x_tangent:c_0p10_0p30,t_0p02_0p05,848,0,0.0,848,1.0,848,1.0,0,0.0,0.09238097791774857,0.09352306879140744,0.4624871527261446,2.162222224131999,2.2822679726826185,2.297111259903952,0.07021377675584708,0.09072416878669953
600,c_x_tangent:c_0p10_0p30,t_0p05_0p10,580,0,0.0,580,1.0,144,0.2482758620689655,436,0.7517241379310344,0.11584124883464042,0.11631921059524568,0.46850652550856603,2.134441988645719,2.3168249766928084,2.3263842119049136,0.10916375771762865,0.12360867738525622
600,c_x_tangent:c_0p10_0p30,t_0p10_inf,0,0,nan,0,nan,0,nan,0,nan,nan,nan,nan,nan,nan,nan,nan,nan
600,c_x_tangent:c_0p30_0p70,t_0_0p005,0,0,nan,0,nan,0,nan,0,nan,nan,nan,nan,nan,nan,nan,nan,nan
600,c_x_tangent:c_0p30_0p70,t_0p005_0p01,0,0,nan,0,nan,0,nan,0,nan,nan,nan,nan,nan,nan,nan,nan,nan
600,c_x_tangent:c_0p30_0p70,t_0p01_0p02,0,0,nan,0,nan,0,nan,0,nan,nan,nan,nan,nan,nan,nan,nan,nan
600,c_x_tangent:c_0p30_0p70,t_0p02_0p05,0,0,nan,0,nan,0,nan,0,nan,nan,nan,nan,nan,nan,nan,nan,nan
600,c_x_tangent:c_0p30_0p70,t_0p05_0p10,1680,0,0.0,1680,1.0,0,0.0,1680,1.0,0.1293681954610657,0.12981763511278252,0.40207650559945196,2.4870900304435075,2.5873639092213137,2.59635270225565,0.14604155239371314,0.15273086408083864
600,c_x_tangent:c_0p30_0p70,t_0p10_inf,0,0,nan,0,nan,0,nan,0,nan,nan,nan,nan,nan,nan,nan,nan,nan
600,c_x_tangent:c_0p70_0p90,t_0_0p005,0,0,nan,0,nan,0,nan,0,nan,nan,nan,nan,nan,nan,nan,nan,nan
600,c_x_tangent:c_0p70_0p90,t_0p005_0p01,0,0,nan,0,nan,0,nan,0,nan,nan,nan,nan,nan,nan,nan,nan,nan
600,c_x_tangent:c_0p70_0p90,t_0p01_0p02,0,0,nan,0,nan,0,nan,0,nan,nan,nan,nan,nan,nan,nan,nan,nan
600,c_x_tangent:c_0p70_0p90,t_0p02_0p05,808,0,0.0,808,1.0,736,0.9108910891089109,72,0.0891089108910891,0.08111216298418765,0.0820810013101968,0.6272674305917825,1.5942163614504739,1.6222432596837528,1.641620026203936,0.07733303533210159,0.1021991130993793
600,c_x_tangent:c_0p70_0p90,t_0p05_0p10,436,0,0.0,436,1.0,0,0.0,436,1.0,0.10377099037417667,0.10437758828273477,0.5334265191882293,1.8746724507094323,2.075419807483533,2.0875517656546956,0.11812519702039351,0.1299460976367287
600,c_x_tangent:c_0p70_0p90,t_0p10_inf,0,0,nan,0,nan,0,nan,0,nan,nan,nan,nan,nan,nan,nan,nan,nan
600,c_x_tangent:c_0p90_0p95,t_0_0p005,0,0,nan,0,nan,0,nan,0,nan,nan,nan,nan,nan,nan,nan,nan,nan
600,c_x_tangent:c_0p90_0p95,t_0p005_0p01,0,0,nan,0,nan,0,nan,0,nan,nan,nan,nan,nan,nan,nan,nan,nan
600,c_x_tangent:c_0p90_0p95,t_0p01_0p02,396,0,0.0,396,1.0,396,1.0,0,0.0,0.0324209730715889,0.032592418314520505,0.6593844773436095,1.516565879786238,1.6147427303056845,1.6157998825202546,0.03383394185242178,0.04016635832503497
600,c_x_tangent:c_0p90_0p95,t_0p02_0p05,276,0,0.0,276,1.0,276,1.0,0,0.0,0.04289926021561375,0.043125613263432214,0.62230833612005,1.6069204636318566,1.6128308226313155,1.6139124029888092,0.047419318674099764,0.053634546257069454
600,c_x_tangent:c_0p90_0p95,t_0p05_0p10,0,0,nan,0,nan,0,nan,0,nan,nan,nan,nan,nan,nan,nan,nan,nan
600,c_x_tangent:c_0p90_0p95,t_0p10_inf,0,0,nan,0,nan,0,nan,0,nan,nan,nan,nan,nan,nan,nan,nan,nan
600,c_x_tangent:c_0p95_1,t_0_0p005,8,0,0.0,0,0.0,8,1.0,0,0.0,4.1813291943660864e-07,4.181329194366183e-07,1.0,7.893825823037989e-05,7.893825823042665e-05,7.893825823042894e-05,0.010593923119409376,0.01059392311940954
600,c_x_tangent:c_0p95_1,t_0p005_0p01,572,0,0.0,0,0.0,572,1.0,0,0.0,0.004669072181944979,0.005116312671089814,1.0,0.0878016566800868,0.46279761031692185,0.4965243658531914,0.014862459478526269,0.020177598491693205
600,c_x_tangent:c_0p95_1,t_0p01_0p02,252,0,0.0,16,0.06349206349206349,252,1.0,0,0.0,0.013853034456022074,0.013914707528562354,1.0,0.7332295876009913,1.0316602543661557,1.0362554943754054,0.023379270762566934,0.02685574668426599
600,c_x_tangent:c_0p95_1,t_0p02_0p05,0,0,nan,0,nan,0,nan,0,nan,nan,nan,nan,nan,nan,nan,nan,nan
600,c_x_tangent:c_0p95_1,t_0p05_0p10,0,0,nan,0,nan,0,nan,0,nan,nan,nan,nan,nan,nan,nan,nan,nan
600,c_x_tangent:c_0p95_1,t_0p10_inf,0,0,nan,0,nan,0,nan,0,nan,nan,nan,nan,nan,nan,nan,nan,nan
700,region,none_or_unknown,7728,0,0.0,6048,0.782608695652174,5056,0.6542443064182195,2672,0.34575569358178054,0.1268136830882619,0.1278292719897465,0.50759550396558,1.9700726113362306,2.536273661765238,2.55658543979493,0.06519751866506904,0.1515533161367408
700,region,sphere_upper,0,0,nan,0,nan,0,nan,0,nan,nan,nan,nan,nan,nan,nan,nan,nan
700,region,sphere_lower90,0,0,nan,0,nan,0,nan,0,nan,nan,nan,nan,nan,nan,nan,nan,nan
700,region,sphere_bottom120,0,0,nan,0,nan,0,nan,0,nan,nan,nan,nan,nan,nan,nan,nan,nan
700,region,outer_or_other_wall,0,0,nan,0,nan,0,nan,0,nan,nan,nan,nan,nan,nan,nan,nan,nan
700,theta_zone,sphere11,0,0,nan,0,nan,0,nan,0,nan,nan,nan,nan,nan,nan,nan,nan,nan
700,theta_zone,outer90,0,0,nan,0,nan,0,nan,0,nan,nan,nan,nan,nan,nan,nan,nan,nan
700,theta_zone,fallback,7728,0,0.0,6048,0.782608695652174,5056,0.6542443064182195,2672,0.34575569358178054,0.1268136830882619,0.1278292719897465,0.50759550396558,1.9700726113362306,2.536273661765238,2.55658543979493,0.06519751866506904,0.1515533161367408
700,c_bin,c_0_0p05,1040,0,0.0,176,0.16923076923076924,1040,1.0,0,0.0,0.017989848526016074,0.019640292281992933,1.0,0.314855238535392,1.4110387668540743,1.4980202257239077,0.016854826383328553,0.02549873036603329
700,c_bin,c_0p05_0p10,824,0,0.0,824,1.0,824,1.0,0,0.0,0.05668380190667558,0.058058915362405004,0.4384285579355383,2.2808733188111097,2.371062423574637,2.3978790242221835,0.03764193012373776,0.04996122652622513
700,c_bin,c_0p10_0p30,1436,0,0.0,1436,1.0,952,0.6629526462395543,484,0.3370473537604457,0.11207936499480038,0.11432487947928596,0.47411553399078077,2.1091905417708694,2.258135249424843,2.286497589585719,0.08525637988464,0.12037691091089602
700,c_bin,c_0p30_0p70,1688,0,0.0,1688,1.0,0,0.0,1688,1.0,0.1278008561390256,0.12820541999798926,0.40621699752931173,2.461738462530268,2.5560171227805113,2.564108399959785,0.14624428403657563,0.15289345580916783
700,c_bin,c_0p70_0p90,1236,0,0.0,1236,1.0,736,0.5954692556634305,500,0.4045307443365696,0.10220976260329362,0.1035624152547493,0.6215487358321075,1.6088842955512335,2.0441952520658724,2.0712483050949855,0.09234845246274107,0.12845909874366934
700,c_bin,c_0p90_0p95,672,0,0.0,672,1.0,672,1.0,0,0.0,0.04230025138881498,0.043460709912929316,0.619938477095687,1.6130632921793784,1.623121284158426,1.6255323865078672,0.03792010364348575,0.052445866231596305
700,c_bin,c_0p95_1,832,0,0.0,16,0.019230769230769232,832,1.0,0,0.0,0.012803113457982027,0.0139600189251247,1.0,0.20560034722019183,0.9795402327594515,1.038950301089139,0.016903598879321358,0.026141070356692254
700,tangent_bin,t_0_0p005,8,0,0.0,0,0.0,8,1.0,0,0.0,4.1735896855031205e-07,4.1735896855031735e-07,1.0,7.87975133789625e-05,7.879751337899335e-05,7.879751337899482e-05,0.010593201502259009,0.0105932015022593
700,tangent_bin,t_0p005_0p01,1056,0,0.0,0,0.0,1056,1.0,0,0.0,0.003533539296888592,0.005001148748133534,1.0,0.0666512508678847,0.3705205646160814,0.4886335702398227,0.014024416367165466,0.019073377482029363
700,tangent_bin,t_0p01_0p02,1488,0,0.0,872,0.5860215053763441,1488,1.0,0,0.0,0.03299013091120233,0.03787279431752296,0.8253212864342379,1.211731201357937,2.115677061435347,2.263881171493656,0.026141068710097387,0.037919750185925305
700,tangent_bin,t_0p02_0p05,2472,0,0.0,2472,1.0,2408,0.9741100323624595,64,0.025889967637540454,0.08735565542991804,0.09132173985741351,0.4910698519815907,2.0363701741508824,2.349471003312143,2.3804314030146387,0.0629517372870776,0.09613503140761126
700,tangent_bin,t_0p05_0p10,2704,0,0.0,2704,1.0,96,0.03550295857988166,2608,0.9644970414201184,0.1276336212363309,0.12812635858631147,0.4289330227255558,2.331366313662984,2.5526724247266177,2.5625271717262295,0.13633877149269585,0.15271235112126214
700,tangent_bin,t_0p10_inf,0,0,nan,0,nan,0,nan,0,nan,nan,nan,nan,nan,nan,nan,nan,nan
700,normal_raw_abs_bin,normal_raw_abs_0_1e-4,0,0,nan,0,nan,0,nan,0,nan,nan,nan,nan,nan,nan,nan,nan,nan
700,normal_raw_abs_bin,normal_raw_abs_1e-4_1e-3,0,0,nan,0,nan,0,nan,0,nan,nan,nan,nan,nan,nan,nan,nan,nan
700,normal_raw_abs_bin,normal_raw_abs_1e-3_1e-2,0,0,nan,0,nan,0,nan,0,nan,nan,nan,nan,nan,nan,nan,nan,nan
700,normal_raw_abs_bin,normal_raw_abs_1e-2_5e-2,3248,0,0.0,1568,0.4827586206896552,3248,1.0,0,0.0,0.05181411138770966,0.05570164226669223,1.0,0.9692380350365433,2.3460047274571463,2.376412823388082,0.023884626739765102,0.04720240340516568
700,normal_raw_abs_bin,normal_raw_abs_5e-2_inf,4480,0,0.0,4480,1.0,1808,0.4035714285714286,2672,0.5964285714285714,0.12736065256482332,0.12800831838225202,0.46717169924544066,2.1405406226771975,2.5472130512964664,2.56016636764504,0.11284926811079879,0.1524021454615998
700,cap_source,abs_cap_selected,2672,0,0.0,2672,1.0,0,0.0,2672,1.0,0.12763362123633104,0.1281268025695405,0.4286351935904882,2.332986219874855,2.5526724247266204,2.56253605139081,0.13635321818003637,0.15271509384706602
700,cap_source,ratio_cap_selected,5056,0,0.0,3376,0.6677215189873418,5056,1.0,0,0.0,0.08566282000792257,0.09563818721444453,0.6244975071253964,1.601287430038436,2.3264535621135676,2.3687636385145456,0.036858822656962165,0.0914516379784345
700,cap_source,none_or_inactive,0,0,nan,0,nan,0,nan,0,nan,nan,nan,nan,nan,nan,nan,nan,nan
700,limiter_class,none,1680,0,0.0,0,0.0,1680,1.0,0,0.0,0.010689589685232995,0.012859092315808902,1.0,0.1886294320078797,0.9381385626611454,0.9838229376493114,0.01631450106262853,0.02388468916544273
700,limiter_class,abs_cap_limiter,2672,0,0.0,2672,1.0,0,0.0,2672,1.0,0.12763362123633104,0.1281268025695405,0.4286351935904882,2.332986219874855,2.5526724247266204,2.56253605139081,0.13635321818003637,0.15271509384706602
700,limiter_class,ratio_cap_limiter,3376,0,0.0,3376,1.0,3376,1.0,0,0.0,0.09015835116341764,0.09575796086738737,0.558787950990913,1.7895883128408971,2.345794452187929,2.3764128233880806,0.05312828470033258,0.09445183275175384
700,limiter_class,secondary_vector_safety,0,0,nan,0,nan,0,nan,0,nan,nan,nan,nan,nan,nan,nan,nan,nan
700,limiter_class,inactive_or_fallback,0,0,nan,0,nan,0,nan,0,nan,nan,nan,nan,nan,nan,nan,nan,nan
700,normal_agreement_bin,normal_0_0p5,0,0,nan,0,nan,0,nan,0,nan,nan,nan,nan,nan,nan,nan,nan,nan
700,normal_agreement_bin,normal_0p5_0p9,0,0,nan,0,nan,0,nan,0,nan,nan,nan,nan,nan,nan,nan,nan,nan
700,normal_agreement_bin,normal_0p9_0p99,0,0,nan,0,nan,0,nan,0,nan,nan,nan,nan,nan,nan,nan,nan,nan
700,normal_agreement_bin,normal_0p99_1p01,7728,0,0.0,6048,0.782608695652174,5056,0.6542443064182195,2672,0.34575569358178054,0.1268136830882619,0.1278292719897465,0.50759550396558,1.9700726113362306,2.536273661765238,2.55658543979493,0.06519751866506904,0.1515533161367408
700,c_x_tangent:c_0_0p05,t_0_0p005,0,0,nan,0,nan,0,nan,0,nan,nan,nan,nan,nan,nan,nan,nan,nan
700,c_x_tangent:c_0_0p05,t_0p005_0p01,484,0,0.0,0,0.0,484,1.0,0,0.0,0.0017681812274472854,0.0021878058884337703,1.0,0.05546905173860059,0.22300077367927826,0.2603726280529671,0.013624133369445214,0.01618432302581574
700,c_x_tangent:c_0_0p05,t_0p01_0p02,556,0,0.0,176,0.31654676258992803,556,1.0,0,0.0,0.01848269197841106,0.019993650842946725,1.0,0.7400661222122709,1.4385238191544416,1.4987171627955223,0.021198084092542722,0.025696747919370717
700,c_x_tangent:c_0_0p05,t_0p02_0p05,0,0,nan,0,nan,0,nan,0,nan,nan,nan,nan,nan,nan,nan,nan,nan
700,c_x_tangent:c_0_0p05,t_0p05_0p10,0,0,nan,0,nan,0,nan,0,nan,nan,nan,nan,nan,nan,nan,nan,nan
700,c_x_tangent:c_0_0p05,t_0p10_inf,0,0,nan,0,nan,0,nan,0,nan,nan,nan,nan,nan,nan,nan,nan,nan
700,c_x_tangent:c_0p05_0p10,t_0_0p005,0,0,nan,0,nan,0,nan,0,nan,nan,nan,nan,nan,nan,nan,nan,nan
700,c_x_tangent:c_0p05_0p10,t_0p005_0p01,0,0,nan,0,nan,0,nan,0,nan,nan,nan,nan,nan,nan,nan,nan,nan
700,c_x_tangent:c_0p05_0p10,t_0p01_0p02,284,0,0.0,284,1.0,284,1.0,0,0.0,0.03787279431752298,0.03826173749976911,0.5233419985208795,1.910796387116452,2.263881171493657,2.2655787812548343,0.029631902013637648,0.03345828817732105
700,c_x_tangent:c_0p05_0p10,t_0p02_0p05,540,0,0.0,540,1.0,540,1.0,0,0.0,0.05736891075475739,0.05822329385458444,0.4306199414571815,2.3222333750176185,2.380431403014636,2.398788196166871,0.042428451459172234,0.05070722073463018
700,c_x_tangent:c_0p05_0p10,t_0p05_0p10,0,0,nan,0,nan,0,nan,0,nan,nan,nan,nan,nan,nan,nan,nan,nan
700,c_x_tangent:c_0p05_0p10,t_0p10_inf,0,0,nan,0,nan,0,nan,0,nan,nan,nan,nan,nan,nan,nan,nan,nan
700,c_x_tangent:c_0p10_0p30,t_0_0p005,0,0,nan,0,nan,0,nan,0,nan,nan,nan,nan,nan,nan,nan,nan,nan
700,c_x_tangent:c_0p10_0p30,t_0p005_0p01,0,0,nan,0,nan,0,nan,0,nan,nan,nan,nan,nan,nan,nan,nan,nan
700,c_x_tangent:c_0p10_0p30,t_0p01_0p02,0,0,nan,0,nan,0,nan,0,nan,nan,nan,nan,nan,nan,nan,nan,nan
700,c_x_tangent:c_0p10_0p30,t_0p02_0p05,856,0,0.0,856,1.0,856,1.0,0,0.0,0.09113918188656997,0.09229834406738947,0.4720057422357438,2.118619943261428,2.2373432136780287,2.2621531083042203,0.07085130241589968,0.09136387236728624
700,c_x_tangent:c_0p10_0p30,t_0p05_0p10,580,0,0.0,580,1.0,96,0.16551724137931034,484,0.8344827586206897,0.11409545027712992,0.1146621465595632,0.4756500356320335,2.1023860508519077,2.281909005542598,2.293242931191264,0.10964811956340363,0.12400908770005384
700,c_x_tangent:c_0p10_0p30,t_0p10_inf,0,0,nan,0,nan,0,nan,0,nan,nan,nan,nan,nan,nan,nan,nan,nan
700,c_x_tangent:c_0p30_0p70,t_0_0p005,0,0,nan,0,nan,0,nan,0,nan,nan,nan,nan,nan,nan,nan,nan,nan
700,c_x_tangent:c_0p30_0p70,t_0p005_0p01,0,0,nan,0,nan,0,nan,0,nan,nan,nan,nan,nan,nan,nan,nan,nan
700,c_x_tangent:c_0p30_0p70,t_0p01_0p02,0,0,nan,0,nan,0,nan,0,nan,nan,nan,nan,nan,nan,nan,nan,nan
700,c_x_tangent:c_0p30_0p70,t_0p02_0p05,0,0,nan,0,nan,0,nan,0,nan,nan,nan,nan,nan,nan,nan,nan,nan
700,c_x_tangent:c_0p30_0p70,t_0p05_0p10,1688,0,0.0,1688,1.0,0,0.0,1688,1.0,0.1278008561390256,0.12820541999798926,0.40621699752931173,2.461738462530268,2.5560171227805113,2.564108399959785,0.14624428403657563,0.15289345580916783
700,c_x_tangent:c_0p30_0p70,t_0p10_inf,0,0,nan,0,nan,0,nan,0,nan,nan,nan,nan,nan,nan,nan,nan,nan
700,c_x_tangent:c_0p70_0p90,t_0_0p005,0,0,nan,0,nan,0,nan,0,nan,nan,nan,nan,nan,nan,nan,nan,nan
700,c_x_tangent:c_0p70_0p90,t_0p005_0p01,0,0,nan,0,nan,0,nan,0,nan,nan,nan,nan,nan,nan,nan,nan,nan
700,c_x_tangent:c_0p70_0p90,t_0p01_0p02,0,0,nan,0,nan,0,nan,0,nan,nan,nan,nan,nan,nan,nan,nan,nan
700,c_x_tangent:c_0p70_0p90,t_0p02_0p05,800,0,0.0,800,1.0,736,0.92,64,0.08,0.0805144301094799,0.08179658730734345,0.6247793472681658,1.6005650704884509,1.6162710043573947,1.6359317461468688,0.0775200160565136,0.10124970949028798
700,c_x_tangent:c_0p70_0p90,t_0p05_0p10,436,0,0.0,436,1.0,0,0.0,436,1.0,0.10349556941088077,0.10360673342362871,0.5348456914406986,1.8696981503325352,2.0699113882176152,2.072134668472574,0.11759665490972968,0.12985067052127505
700,c_x_tangent:c_0p70_0p90,t_0p10_inf,0,0,nan,0,nan,0,nan,0,nan,nan,nan,nan,nan,nan,nan,nan,nan
700,c_x_tangent:c_0p90_0p95,t_0_0p005,0,0,nan,0,nan,0,nan,0,nan,nan,nan,nan,nan,nan,nan,nan,nan
700,c_x_tangent:c_0p90_0p95,t_0p005_0p01,0,0,nan,0,nan,0,nan,0,nan,nan,nan,nan,nan,nan,nan,nan,nan
700,c_x_tangent:c_0p90_0p95,t_0p01_0p02,396,0,0.0,396,1.0,396,1.0,0,0.0,0.03266499466331653,0.03283742827678541,0.6546540569025354,1.5275243305318424,1.6245840049468554,1.6255323865078877,0.03386931700310461,0.040221557312107956
700,c_x_tangent:c_0p90_0p95,t_0p02_0p05,276,0,0.0,276,1.0,276,1.0,0,0.0,0.043237763780946875,0.04346070991293015,0.6185199951193489,1.61676260733825,1.6227256179625333,1.6237938375016665,0.04749968811449565,0.05373764124091936
700,c_x_tangent:c_0p90_0p95,t_0p05_0p10,0,0,nan,0,nan,0,nan,0,nan,nan,nan,nan,nan,nan,nan,nan,nan
700,c_x_tangent:c_0p90_0p95,t_0p10_inf,0,0,nan,0,nan,0,nan,0,nan,nan,nan,nan,nan,nan,nan,nan,nan
700,c_x_tangent:c_0p95_1,t_0_0p005,8,0,0.0,0,0.0,8,1.0,0,0.0,4.1735896855031205e-07,4.1735896855031735e-07,1.0,7.87975133789625e-05,7.879751337899335e-05,7.879751337899482e-05,0.010593201502259009,0.0105932015022593
700,c_x_tangent:c_0p95_1,t_0p005_0p01,572,0,0.0,0,0.0,572,1.0,0,0.0,0.004697044215590514,0.0051464933353301875,1.0,0.08816921120228816,0.46544059597102033,0.49930307946776475,0.01486298988109816,0.020183216746666975
700,c_x_tangent:c_0p95_1,t_0p01_0p02,252,0,0.0,16,0.06349206349206349,252,1.0,0,0.0,0.013960018925124261,0.014022508480872949,1.0,0.7378870336059151,1.0389503010890935,1.043604210044706,0.02338985813779798,0.02687323095462071
700,c_x_tangent:c_0p95_1,t_0p02_0p05,0,0,nan,0,nan,0,nan,0,nan,nan,nan,nan,nan,nan,nan,nan,nan
700,c_x_tangent:c_0p95_1,t_0p05_0p10,0,0,nan,0,nan,0,nan,0,nan,nan,nan,nan,nan,nan,nan,nan,nan
700,c_x_tangent:c_0p95_1,t_0p10_inf,0,0,nan,0,nan,0,nan,0,nan,nan,nan,nan,nan,nan,nan,nan,nan
800,region,none_or_unknown,7760,0,0.0,6096,0.7855670103092783,5088,0.6556701030927835,2672,0.3443298969072165,0.1252604520283721,0.12627511688979567,0.5151081050061711,1.9413400610111151,2.505209040567442,2.5255023377959134,0.06534675455932368,0.15171186168801395
800,region,sphere_upper,0,0,nan,0,nan,0,nan,0,nan,nan,nan,nan,nan,nan,nan,nan,nan
800,region,sphere_lower90,0,0,nan,0,nan,0,nan,0,nan,nan,nan,nan,nan,nan,nan,nan,nan
800,region,sphere_bottom120,0,0,nan,0,nan,0,nan,0,nan,nan,nan,nan,nan,nan,nan,nan,nan
800,region,outer_or_other_wall,0,0,nan,0,nan,0,nan,0,nan,nan,nan,nan,nan,nan,nan,nan,nan
800,theta_zone,sphere11,0,0,nan,0,nan,0,nan,0,nan,nan,nan,nan,nan,nan,nan,nan,nan
800,theta_zone,outer90,0,0,nan,0,nan,0,nan,0,nan,nan,nan,nan,nan,nan,nan,nan,nan
800,theta_zone,fallback,7760,0,0.0,6096,0.7855670103092783,5088,0.6556701030927835,2672,0.3443298969072165,0.1252604520283721,0.12627511688979567,0.5151081050061711,1.9413400610111151,2.505209040567442,2.5255023377959134,0.06534675455932368,0.15171186168801395
800,c_bin,c_0_0p05,1064,0,0.0,200,0.18796992481203006,1064,1.0,0,0.0,0.018832947035896618,0.01951909951753846,1.0,0.3123616892756932,1.4383003486689496,1.4910436102274922,0.016953711442369256,0.025993899330310585
800,c_bin,c_0p05_0p10,816,0,0.0,816,1.0,816,1.0,0,0.0,0.0554854067904524,0.05722042321694928,0.44593966024539144,2.242455949439475,2.3227607588502535,2.3441891972591495,0.038170180467977426,0.04979340195839718
800,c_bin,c_0p10_0p30,1452,0,0.0,1452,1.0,968,0.6666666666666666,484,0.3333333333333333,0.11031668997890522,0.11266952845272742,0.4817073125365996,2.0759493866392593,2.2245555041219247,2.253390569054548,0.08490026475064708,0.12048667581780703
800,c_bin,c_0p30_0p70,1688,0,0.0,1688,1.0,0,0.0,1688,1.0,0.1262613219123417,0.12667170715965484,0.40979777400791495,2.4402279939682785,2.525226438246834,2.5334341431930967,0.14643969310247792,0.15304677598272853
800,c_bin,c_0p70_0p90,1252,0,0.0,1252,1.0,752,0.6006389776357828,500,0.3993610223642173,0.10200684943527132,0.10332210578349546,0.6183826098929777,1.6171218012955897,2.040136988705426,2.066442115669909,0.09173609576911171,0.12870417709382598
800,c_bin,c_0p90_0p95,672,0,0.0,672,1.0,672,1.0,0,0.0,0.04224818208113811,0.04336256262277794,0.6164806169568309,1.6221110294007528,1.6327044660369128,1.634924164465202,0.03797200615029428,0.051909667640227496
800,c_bin,c_0p95_1,816,0,0.0,16,0.0196078431372549,816,1.0,0,0.0,0.012275567467656921,0.013190319685200763,1.0,0.19075358770018574,0.9516107150140344,1.00148937587658,0.016666880704283127,0.025799557054117545
800,tangent_bin,t_0_0p005,8,0,0.0,0,0.0,8,1.0,0,0.0,4.1689922216776114e-07,4.168992221677649e-07,1.0,7.871678729121494e-05,7.871678729121847e-05,7.871678729121869e-05,0.010592384077500794,0.010592384077500997
800,tangent_bin,t_0p005_0p01,1072,0,0.0,0,0.0,1072,1.0,0,0.0,0.003556993930077262,0.005033910052979022,1.0,0.0755540630314389,0.372874425227187,0.491654880177278,0.014237771837326108,0.019078776603731855
800,tangent_bin,t_0p01_0p02,1504,0,0.0,920,0.6117021276595744,1504,1.0,0,0.0,0.03377087042264631,0.038284928915444,0.8070702458936143,1.2390642689346458,2.124846811903714,2.2518958824741144,0.02620155638852191,0.037972006150294356
800,tangent_bin,t_0p02_0p05,2472,0,0.0,2472,1.0,2408,0.9741100323624595,64,0.025889967637540454,0.08626509682432361,0.09012873987784684,0.5010556851826412,1.995786156254244,2.3056065566015924,2.333504274122805,0.06364595438130705,0.09637046236420065
800,tangent_bin,t_0p05_0p10,2704,0,0.0,2704,1.0,96,0.03550295857988166,2608,0.9644970414201184,0.12616522199212965,0.12662266170104788,0.43419180386649275,2.3031296102205663,2.523304439842593,2.5324532340209576,0.1365670409516596,0.1528668914415527
800,tangent_bin,t_0p10_inf,0,0,nan,0,nan,0,nan,0,nan,nan,nan,nan,nan,nan,nan,nan,nan
800,normal_raw_abs_bin,normal_raw_abs_0_1e-4,0,0,nan,0,nan,0,nan,0,nan,nan,nan,nan,nan,nan,nan,nan,nan
800,normal_raw_abs_bin,normal_raw_abs_1e-4_1e-3,0,0,nan,0,nan,0,nan,0,nan,nan,nan,nan,nan,nan,nan,nan,nan
800,normal_raw_abs_bin,normal_raw_abs_1e-3_1e-2,0,0,nan,0,nan,0,nan,0,nan,nan,nan,nan,nan,nan,nan,nan,nan
800,normal_raw_abs_bin,normal_raw_abs_1e-2_5e-2,3264,0,0.0,1600,0.49019607843137253,3264,1.0,0,0.0,0.05051214224476566,0.054862790249020826,1.0,0.9830930790195123,2.2988331654842047,2.324251325726143,0.023898294135364623,0.04726331343188507
800,normal_raw_abs_bin,normal_raw_abs_5e-2_inf,4496,0,0.0,4496,1.0,1824,0.40569395017793597,2672,0.594306049822064,0.12594211033718314,0.12650698263717594,0.4735914707833118,2.1115245136193392,2.5188422067436624,2.5301396527435185,0.1130481403721563,0.15255225160249603
800,cap_source,abs_cap_selected,2672,0,0.0,2672,1.0,0,0.0,2672,1.0,0.1261652219921297,0.1266243664890219,0.43309755255739196,2.3089486285367196,2.523304439842594,2.532487329780438,0.13664292116703197,0.1528696518718423
800,cap_source,ratio_cap_selected,5088,0,0.0,3424,0.6729559748427673,5088,1.0,0,0.0,0.08457266271456146,0.09440492747421643,0.6224910493524469,1.6064488086092923,2.279587264744747,2.3201620316656677,0.03718329311824754,0.09197589705854806
800,cap_source,none_or_inactive,0,0,nan,0,nan,0,nan,0,nan,nan,nan,nan,nan,nan,nan,nan,nan
800,limiter_class,none,1664,0,0.0,0,0.0,1664,1.0,0,0.0,0.010162888148543284,0.012859307094915295,1.0,0.18974274627933824,0.8719426406177214,0.9858681998832282,0.016421796899614358,0.023898293779159197
800,limiter_class,abs_cap_limiter,2672,0,0.0,2672,1.0,0,0.0,2672,1.0,0.1261652219921297,0.1266243664890219,0.43309755255739196,2.3089486285367196,2.523304439842594,2.532487329780438,0.13664292116703197,0.1528696518718423
800,limiter_class,ratio_cap_limiter,3424,0,0.0,3424,1.0,3424,1.0,0,0.0,0.08899059556838727,0.09449408067210424,0.5689281424545711,1.75769381996114,2.297924404711089,2.3242513257261423,0.05294814149188513,0.09471751535495966
800,limiter_class,secondary_vector_safety,0,0,nan,0,nan,0,nan,0,nan,nan,nan,nan,nan,nan,nan,nan,nan
800,limiter_class,inactive_or_fallback,0,0,nan,0,nan,0,nan,0,nan,nan,nan,nan,nan,nan,nan,nan,nan
800,normal_agreement_bin,normal_0_0p5,0,0,nan,0,nan,0,nan,0,nan,nan,nan,nan,nan,nan,nan,nan,nan
800,normal_agreement_bin,normal_0p5_0p9,0,0,nan,0,nan,0,nan,0,nan,nan,nan,nan,nan,nan,nan,nan,nan
800,normal_agreement_bin,normal_0p9_0p99,0,0,nan,0,nan,0,nan,0,nan,nan,nan,nan,nan,nan,nan,nan,nan
800,normal_agreement_bin,normal_0p99_1p01,7760,0,0.0,6096,0.7855670103092783,5088,0.6556701030927835,2672,0.3443298969072165,0.1252604520283721,0.12627511688979567,0.5151081050061711,1.9413400610111151,2.505209040567442,2.5255023377959134,0.06534675455932368,0.15171186168801395
800,c_x_tangent:c_0_0p05,t_0_0p005,0,0,nan,0,nan,0,nan,0,nan,nan,nan,nan,nan,nan,nan,nan,nan
800,c_x_tangent:c_0_0p05,t_0p005_0p01,500,0,0.0,0,0.0,500,1.0,0,0.0,0.0017662532972237814,0.0025305366689159225,1.0,0.040795376748630915,0.2193998553752437,0.29198678608666806,0.01374909632045223,0.016573294802039572
800,c_x_tangent:c_0_0p05,t_0p01_0p02,564,0,0.0,200,0.3546099290780142,564,1.0,0,0.0,0.01921061153232279,0.02061331758226776,1.0,0.7640028760279078,1.4652667067264151,1.5393987334264234,0.021464429714161647,0.02622131717609505
800,c_x_tangent:c_0_0p05,t_0p02_0p05,0,0,nan,0,nan,0,nan,0,nan,nan,nan,nan,nan,nan,nan,nan,nan
800,c_x_tangent:c_0_0p05,t_0p05_0p10,0,0,nan,0,nan,0,nan,0,nan,nan,nan,nan,nan,nan,nan,nan,nan
800,c_x_tangent:c_0_0p05,t_0p10_inf,0,0,nan,0,nan,0,nan,0,nan,nan,nan,nan,nan,nan,nan,nan,nan
800,c_x_tangent:c_0p05_0p10,t_0_0p005,0,0,nan,0,nan,0,nan,0,nan,nan,nan,nan,nan,nan,nan,nan,nan
800,c_x_tangent:c_0p05_0p10,t_0p005_0p01,0,0,nan,0,nan,0,nan,0,nan,nan,nan,nan,nan,nan,nan,nan,nan
800,c_x_tangent:c_0p05_0p10,t_0p01_0p02,292,0,0.0,292,1.0,292,1.0,0,0.0,0.03828604415270378,0.03877975747303431,0.5168440126251302,1.9348197436221546,2.252064064412604,2.2544382975770736,0.030225675516856072,0.03412522700933087
800,c_x_tangent:c_0p05_0p10,t_0p02_0p05,524,0,0.0,524,1.0,524,1.0,0,0.0,0.05610687762953696,0.05744466928034173,0.4387646036487211,2.2791264192327807,2.333504274122805,2.346860185408032,0.04251991154959487,0.05066064055929739
800,c_x_tangent:c_0p05_0p10,t_0p05_0p10,0,0,nan,0,nan,0,nan,0,nan,nan,nan,nan,nan,nan,nan,nan,nan
800,c_x_tangent:c_0p05_0p10,t_0p10_inf,0,0,nan,0,nan,0,nan,0,nan,nan,nan,nan,nan,nan,nan,nan,nan
800,c_x_tangent:c_0p10_0p30,t_0_0p005,0,0,nan,0,nan,0,nan,0,nan,nan,nan,nan,nan,nan,nan,nan,nan
800,c_x_tangent:c_0p10_0p30,t_0p005_0p01,0,0,nan,0,nan,0,nan,0,nan,nan,nan,nan,nan,nan,nan,nan,nan
800,c_x_tangent:c_0p10_0p30,t_0p01_0p02,0,0,nan,0,nan,0,nan,0,nan,nan,nan,nan,nan,nan,nan,nan,nan
800,c_x_tangent:c_0p10_0p30,t_0p02_0p05,872,0,0.0,872,1.0,872,1.0,0,0.0,0.08988794357416903,0.09111590124160697,0.4811255951289691,2.0784597509716622,2.195797419319857,2.2162184043693727,0.07088054306465771,0.09197198309354436
800,c_x_tangent:c_0p10_0p30,t_0p05_0p10,580,0,0.0,580,1.0,96,0.16551724137931034,484,0.8344827586206897,0.1124516679555091,0.11309507388384957,0.48254381376507904,2.072350678785903,2.249033359110182,2.2619014776769912,0.11011272690072312,0.12439008186145833
800,c_x_tangent:c_0p10_0p30,t_0p10_inf,0,0,nan,0,nan,0,nan,0,nan,nan,nan,nan,nan,nan,nan,nan,nan
800,c_x_tangent:c_0p30_0p70,t_0_0p005,0,0,nan,0,nan,0,nan,0,nan,nan,nan,nan,nan,nan,nan,nan,nan
800,c_x_tangent:c_0p30_0p70,t_0p005_0p01,0,0,nan,0,nan,0,nan,0,nan,nan,nan,nan,nan,nan,nan,nan,nan
800,c_x_tangent:c_0p30_0p70,t_0p01_0p02,0,0,nan,0,nan,0,nan,0,nan,nan,nan,nan,nan,nan,nan,nan,nan
800,c_x_tangent:c_0p30_0p70,t_0p02_0p05,0,0,nan,0,nan,0,nan,0,nan,nan,nan,nan,nan,nan,nan,nan,nan
800,c_x_tangent:c_0p30_0p70,t_0p05_0p10,1688,0,0.0,1688,1.0,0,0.0,1688,1.0,0.1262613219123417,0.12667170715965484,0.40979777400791495,2.4402279939682785,2.525226438246834,2.5334341431930967,0.14643969310247792,0.15304677598272853
800,c_x_tangent:c_0p30_0p70,t_0p10_inf,0,0,nan,0,nan,0,nan,0,nan,nan,nan,nan,nan,nan,nan,nan,nan
800,c_x_tangent:c_0p70_0p90,t_0_0p005,0,0,nan,0,nan,0,nan,0,nan,nan,nan,nan,nan,nan,nan,nan,nan
800,c_x_tangent:c_0p70_0p90,t_0p005_0p01,0,0,nan,0,nan,0,nan,0,nan,nan,nan,nan,nan,nan,nan,nan,nan
800,c_x_tangent:c_0p70_0p90,t_0p01_0p02,0,0,nan,0,nan,0,nan,0,nan,nan,nan,nan,nan,nan,nan,nan,nan
800,c_x_tangent:c_0p70_0p90,t_0p02_0p05,816,0,0.0,816,1.0,752,0.9215686274509803,64,0.0784313725490196,0.08069484827059425,0.08199985265765639,0.6225332787828771,1.6063398280572452,1.6260624221619384,1.6399970531531276,0.07770880019759979,0.10142997710058099
800,c_x_tangent:c_0p70_0p90,t_0p05_0p10,436,0,0.0,436,1.0,0,0.0,436,1.0,0.10324862807395863,0.10337886908668219,0.5347723313981823,1.8699546354342282,2.0649725614791725,2.0675773817336434,0.11785033510105383,0.13009335579827946
800,c_x_tangent:c_0p70_0p90,t_0p10_inf,0,0,nan,0,nan,0,nan,0,nan,nan,nan,nan,nan,nan,nan,nan,nan
800,c_x_tangent:c_0p90_0p95,t_0_0p005,0,0,nan,0,nan,0,nan,0,nan,nan,nan,nan,nan,nan,nan,nan,nan
800,c_x_tangent:c_0p90_0p95,t_0p005_0p01,0,0,nan,0,nan,0,nan,0,nan,nan,nan,nan,nan,nan,nan,nan,nan
800,c_x_tangent:c_0p90_0p95,t_0p01_0p02,412,0,0.0,412,1.0,412,1.0,0,0.0,0.032905947551205655,0.03307865314821317,0.6654629145539255,1.502713341539584,1.6339995079990133,1.6349241644652153,0.03323143258271122,0.04028158649358706
800,c_x_tangent:c_0p90_0p95,t_0p02_0p05,260,0,0.0,260,1.0,260,1.0,0,0.0,0.04315618631552336,0.04336256262277838,0.6150215864057056,1.625959189244358,1.6320737447280105,1.633193266135954,0.047286924071912734,0.05319447047407777
800,c_x_tangent:c_0p90_0p95,t_0p05_0p10,0,0,nan,0,nan,0,nan,0,nan,nan,nan,nan,nan,nan,nan,nan,nan
800,c_x_tangent:c_0p90_0p95,t_0p10_inf,0,0,nan,0,nan,0,nan,0,nan,nan,nan,nan,nan,nan,nan,nan,nan
800,c_x_tangent:c_0p95_1,t_0_0p005,8,0,0.0,0,0.0,8,1.0,0,0.0,4.1689922216776114e-07,4.168992221677649e-07,1.0,7.871678729121494e-05,7.871678729121847e-05,7.871678729121869e-05,0.010592384077500794,0.010592384077500997
800,c_x_tangent:c_0p95_1,t_0p005_0p01,572,0,0.0,0,0.0,572,1.0,0,0.0,0.004728161369098009,0.0051799437107756365,1.0,0.08860790927090542,0.4683600876859046,0.502360784291944,0.014863937667841387,0.020190283046786075
800,c_x_tangent:c_0p95_1,t_0p01_0p02,236,0,0.0,16,0.06779661016949153,236,1.0,0,0.0,0.013190319685200388,0.013239193080802123,1.0,0.7276408051378491,1.0014893758765373,1.0052006600140346,0.02323938920520152,0.026341393529561122
800,c_x_tangent:c_0p95_1,t_0p02_0p05,0,0,nan,0,nan,0,nan,0,nan,nan,nan,nan,nan,nan,nan,nan,nan
800,c_x_tangent:c_0p95_1,t_0p05_0p10,0,0,nan,0,nan,0,nan,0,nan,nan,nan,nan,nan,nan,nan,nan,nan
800,c_x_tangent:c_0p95_1,t_0p10_inf,0,0,nan,0,nan,0,nan,0,nan,nan,nan,nan,nan,nan,nan,nan,nan
900,region,none_or_unknown,7792,0,0.0,6112,0.784394250513347,5112,0.6560574948665298,2680,0.34394250513347024,0.12373493941117487,0.1249234899166948,0.5229037678257724,1.9123977709282687,2.4746987882234976,2.498469798333896,0.06545725945100794,0.15186960979835473
900,region,sphere_upper,0,0,nan,0,nan,0,nan,0,nan,nan,nan,nan,nan,nan,nan,nan,nan
900,region,sphere_lower90,0,0,nan,0,nan,0,nan,0,nan,nan,nan,nan,nan,nan,nan,nan,nan
900,region,sphere_bottom120,0,0,nan,0,nan,0,nan,0,nan,nan,nan,nan,nan,nan,nan,nan,nan
900,region,outer_or_other_wall,0,0,nan,0,nan,0,nan,0,nan,nan,nan,nan,nan,nan,nan,nan,nan
900,theta_zone,sphere11,0,0,nan,0,nan,0,nan,0,nan,nan,nan,nan,nan,nan,nan,nan,nan
900,theta_zone,outer90,0,0,nan,0,nan,0,nan,0,nan,nan,nan,nan,nan,nan,nan,nan,nan
900,theta_zone,fallback,7792,0,0.0,6112,0.784394250513347,5112,0.6560574948665298,2680,0.34394250513347024,0.12373493941117487,0.1249234899166948,0.5229037678257724,1.9123977709282687,2.4746987882234976,2.498469798333896,0.06545725945100794,0.15186960979835473
900,c_bin,c_0_0p05,1088,0,0.0,208,0.19117647058823528,1088,1.0,0,0.0,0.019508256404803734,0.020234389802502264,1.0,0.31577068079243226,1.4502166989670162,1.506917450032402,0.017318922370216174,0.026402157336982788
900,c_bin,c_0p05_0p10,808,0,0.0,808,1.0,808,1.0,0,0.0,0.05481778135120375,0.05553981336660445,0.45417030482066156,2.201817224476775,2.2871900662699383,2.290549345966334,0.03829616565897809,0.05013266476854013
900,c_bin,c_0p10_0p30,1460,0,0.0,1460,1.0,976,0.6684931506849315,484,0.3315068493150685,0.10863828090333624,0.11099794469625297,0.49038409173378594,2.0392178638267664,2.177077205147692,2.2199588939250594,0.08517476968511531,0.12022952511578205
900,c_bin,c_0p30_0p70,1704,0,0.0,1704,1.0,0,0.0,1704,1.0,0.1248522913700548,0.12520800912263277,0.4145221649624573,2.4124162337388366,2.4970458274010956,2.5041601824526554,0.14622360595877845,0.1531963254467958
900,c_bin,c_0p70_0p90,1244,0,0.0,1244,1.0,752,0.6045016077170418,492,0.3954983922829582,0.10146366253460276,0.10297091252112148,0.6159028305193555,1.6236327395293144,2.029273250692055,2.0594182504224294,0.09154022752414942,0.12823588739022718
900,c_bin,c_0p90_0p95,672,0,0.0,672,1.0,672,1.0,0,0.0,0.0425415564960887,0.04366753340823283,0.6132458143267174,1.6306674721188514,1.6420714273773147,1.6439140829908223,0.03802838270501588,0.05201517794266411
900,c_bin,c_0p95_1,816,0,0.0,16,0.0196078431372549,816,1.0,0,0.0,0.012377795440346295,0.01330144604283972,1.0,0.19202613055620216,0.9587821456766059,1.0090996384433013,0.016670326240916966,0.02581982882380754
900,tangent_bin,t_0_0p005,16,0,0.0,0,0.0,16,1.0,0,0.0,4.1690248297028565e-07,4.1690248297028565e-07,1.0,5.34233404472186e-05,7.872372699430041e-05,7.872372699430088e-05,0.011194258145931522,0.011796983119139234
900,tangent_bin,t_0p005_0p01,1072,0,0.0,0,0.0,1072,1.0,0,0.0,0.0035828962308600207,0.005069582286114258,1.0,0.0678497482523514,0.3754578370642932,0.49492009029590345,0.014238754948743992,0.01908547845944402
900,tangent_bin,t_0p01_0p02,1520,0,0.0,928,0.6105263157894737,1520,1.0,0,0.0,0.0333873368784694,0.038642848562119025,0.8117425187568115,1.232368845623344,2.0899994460657476,2.2302141088822,0.026382609537478216,0.03802838270501585
900,tangent_bin,t_0p02_0p05,2480,0,0.0,2480,1.0,2424,0.9774193548387097,56,0.02258064516129032,0.08567433874842593,0.08954662410584675,0.5101511562981347,1.96020636475276,2.2557448708628614,2.289725720799072,0.06409282710409661,0.0966034639365626
900,tangent_bin,t_0p05_0p10,2704,0,0.0,2704,1.0,80,0.029585798816568046,2624,0.9704142011834319,0.12472588137789946,0.1251996045538493,0.43893316149734907,2.2782511956687497,2.4945176275579892,2.5039920910769853,0.1367874667791151,0.15301465532184946
900,tangent_bin,t_0p10_inf,0,0,nan,0,nan,0,nan,0,nan,nan,nan,nan,nan,nan,nan,nan,nan
900,normal_raw_abs_bin,normal_raw_abs_0_1e-4,0,0,nan,0,nan,0,nan,0,nan,nan,nan,nan,nan,nan,nan,nan,nan
900,normal_raw_abs_bin,normal_raw_abs_1e-4_1e-3,0,0,nan,0,nan,0,nan,0,nan,nan,nan,nan,nan,nan,nan,nan,nan
900,normal_raw_abs_bin,normal_raw_abs_1e-3_1e-2,0,0,nan,0,nan,0,nan,0,nan,nan,nan,nan,nan,nan,nan,nan,nan
900,normal_raw_abs_bin,normal_raw_abs_1e-2_5e-2,3264,0,0.0,1584,0.4852941176470588,3264,1.0,0,0.0,0.04909971701274364,0.053594529847048086,1.0,0.9316487170334031,2.252674421447278,2.287208280943643,0.023651051213862045,0.047306283207727014
900,normal_raw_abs_bin,normal_raw_abs_5e-2_inf,4528,0,0.0,4528,1.0,1848,0.4081272084805654,2680,0.5918727915194346,0.12459733246275381,0.12508115763543776,0.47996853382771953,2.083469914215129,2.491946649255076,2.501623152708755,0.11329229999063148,0.15269748658252918
900,cap_source,abs_cap_selected,2680,0,0.0,2680,1.0,0,0.0,2680,1.0,0.12472588137789954,0.12520147021406625,0.43845893290151194,2.2807153353473426,2.494517627557991,2.5040294042813245,0.13685499531824916,0.15301740761931093
900,cap_source,ratio_cap_selected,5112,0,0.0,3432,0.6713615023474179,5112,1.0,0,0.0,0.08347812741146397,0.09220026856593257,0.6208255082376841,1.6107585573258183,2.23444394154021,2.2844908482976076,0.037280445529625617,0.09254769269237303
900,cap_source,none_or_inactive,0,0,nan,0,nan,0,nan,0,nan,nan,nan,nan,nan,nan,nan,nan,nan
900,limiter_class,none,1680,0,0.0,0,0.0,1680,1.0,0,0.0,0.01024499127875027,0.012967181565887918,1.0,0.19274592987787065,0.8881493356699446,0.9905857603638826,0.016531720343970262,0.023914140301309117
900,limiter_class,abs_cap_limiter,2680,0,0.0,2680,1.0,0,0.0,2680,1.0,0.12472588137789954,0.12520147021406625,0.43845893290151194,2.2807153353473426,2.494517627557991,2.5040294042813245,0.13685499531824916,0.15301740761931093
900,limiter_class,ratio_cap_limiter,3432,0,0.0,3432,1.0,3432,1.0,0,0.0,0.08742910914911722,0.09322726626331303,0.5651883011548715,1.7693218312492682,2.2492329582678217,2.2872082809436427,0.05265700846628385,0.09496390356967664
900,limiter_class,secondary_vector_safety,0,0,nan,0,nan,0,nan,0,nan,nan,nan,nan,nan,nan,nan,nan,nan
900,limiter_class,inactive_or_fallback,0,0,nan,0,nan,0,nan,0,nan,nan,nan,nan,nan,nan,nan,nan,nan
900,normal_agreement_bin,normal_0_0p5,0,0,nan,0,nan,0,nan,0,nan,nan,nan,nan,nan,nan,nan,nan,nan
900,normal_agreement_bin,normal_0p5_0p9,0,0,nan,0,nan,0,nan,0,nan,nan,nan,nan,nan,nan,nan,nan,nan
900,normal_agreement_bin,normal_0p9_0p99,0,0,nan,0,nan,0,nan,0,nan,nan,nan,nan,nan,nan,nan,nan,nan
900,normal_agreement_bin,normal_0p99_1p01,7792,0,0.0,6112,0.784394250513347,5112,0.6560574948665298,2680,0.34394250513347024,0.12373493941117487,0.1249234899166948,0.5229037678257724,1.9123977709282687,2.4746987882234976,2.498469798333896,0.06545725945100794,0.15186960979835473
900,c_x_tangent:c_0_0p05,t_0_0p005,8,0,0.0,0,0.0,8,1.0,0,0.0,1.6588300621047837e-07,1.6588300621047993e-07,1.0,2.8122953900195235e-05,2.8122953900197166e-05,2.8122953900197434e-05,0.011796983119139227,0.011796983119139235
900,c_x_tangent:c_0_0p05,t_0p005_0p01,500,0,0.0,0,0.0,500,1.0,0,0.0,0.0018466395301412633,0.0020593692669980735,1.0,0.04471175132304472,0.22996664448108353,0.24838320291219257,0.01373930626518584,0.01689810615153044
900,c_x_tangent:c_0_0p05,t_0p01_0p02,580,0,0.0,208,0.3586206896551724,580,1.0,0,0.0,0.019886591069368492,0.0204110154478408,1.0,0.7705844357348661,1.498624868583977,1.5278916800300435,0.021497481886951247,0.026717882837662212
900,c_x_tangent:c_0_0p05,t_0p02_0p05,0,0,nan,0,nan,0,nan,0,nan,nan,nan,nan,nan,nan,nan,nan,nan
900,c_x_tangent:c_0_0p05,t_0p05_0p10,0,0,nan,0,nan,0,nan,0,nan,nan,nan,nan,nan,nan,nan,nan,nan
900,c_x_tangent:c_0_0p05,t_0p10_inf,0,0,nan,0,nan,0,nan,0,nan,nan,nan,nan,nan,nan,nan,nan,nan
900,c_x_tangent:c_0p05_0p10,t_0_0p005,0,0,nan,0,nan,0,nan,0,nan,nan,nan,nan,nan,nan,nan,nan,nan
900,c_x_tangent:c_0p05_0p10,t_0p005_0p01,0,0,nan,0,nan,0,nan,0,nan,nan,nan,nan,nan,nan,nan,nan,nan
900,c_x_tangent:c_0p05_0p10,t_0p01_0p02,292,0,0.0,292,1.0,292,1.0,0,0.0,0.038674909711322626,0.038740158945936874,0.516341457525761,1.9367029035240866,2.233881104737787,2.239559020846766,0.030433549734188485,0.03462575481685026
900,c_x_tangent:c_0p05_0p10,t_0p02_0p05,516,0,0.0,516,1.0,516,1.0,0,0.0,0.0551209061166642,0.05618893478224811,0.4486493198046164,2.2289123283090966,2.289725720799072,2.2978217052780314,0.042541493076046724,0.050448865255407996
900,c_x_tangent:c_0p05_0p10,t_0p05_0p10,0,0,nan,0,nan,0,nan,0,nan,nan,nan,nan,nan,nan,nan,nan,nan
900,c_x_tangent:c_0p05_0p10,t_0p10_inf,0,0,nan,0,nan,0,nan,0,nan,nan,nan,nan,nan,nan,nan,nan,nan
900,c_x_tangent:c_0p10_0p30,t_0_0p005,0,0,nan,0,nan,0,nan,0,nan,nan,nan,nan,nan,nan,nan,nan,nan
900,c_x_tangent:c_0p10_0p30,t_0p005_0p01,0,0,nan,0,nan,0,nan,0,nan,nan,nan,nan,nan,nan,nan,nan,nan
900,c_x_tangent:c_0p10_0p30,t_0p01_0p02,0,0,nan,0,nan,0,nan,0,nan,nan,nan,nan,nan,nan,nan,nan,nan
900,c_x_tangent:c_0p10_0p30,t_0p02_0p05,896,0,0.0,896,1.0,896,1.0,0,0.0,0.08886380743946447,0.09019037297551148,0.4904472047023132,2.0389554817968207,2.153857059542176,2.172826071395003,0.07093916294534562,0.09256097199672852
900,c_x_tangent:c_0p10_0p30,t_0p05_0p10,564,0,0.0,564,1.0,80,0.14184397163120568,484,0.8581560283687943,0.11034142269835047,0.11160525804022416,0.48921874435753665,2.0440753988550533,2.206828453967009,2.232105160804483,0.11056043842882365,0.12381874091987916
900,c_x_tangent:c_0p10_0p30,t_0p10_inf,0,0,nan,0,nan,0,nan,0,nan,nan,nan,nan,nan,nan,nan,nan,nan
900,c_x_tangent:c_0p30_0p70,t_0_0p005,0,0,nan,0,nan,0,nan,0,nan,nan,nan,nan,nan,nan,nan,nan,nan
900,c_x_tangent:c_0p30_0p70,t_0p005_0p01,0,0,nan,0,nan,0,nan,0,nan,nan,nan,nan,nan,nan,nan,nan,nan
900,c_x_tangent:c_0p30_0p70,t_0p01_0p02,0,0,nan,0,nan,0,nan,0,nan,nan,nan,nan,nan,nan,nan,nan,nan
900,c_x_tangent:c_0p30_0p70,t_0p02_0p05,0,0,nan,0,nan,0,nan,0,nan,nan,nan,nan,nan,nan,nan,nan,nan
900,c_x_tangent:c_0p30_0p70,t_0p05_0p10,1704,0,0.0,1704,1.0,0,0.0,1704,1.0,0.1248522913700548,0.12520800912263277,0.4145221649624573,2.4124162337388366,2.4970458274010956,2.5041601824526554,0.14622360595877845,0.1531963254467958
900,c_x_tangent:c_0p30_0p70,t_0p10_inf,0,0,nan,0,nan,0,nan,0,nan,nan,nan,nan,nan,nan,nan,nan,nan
900,c_x_tangent:c_0p70_0p90,t_0_0p005,0,0,nan,0,nan,0,nan,0,nan,nan,nan,nan,nan,nan,nan,nan,nan
900,c_x_tangent:c_0p70_0p90,t_0p005_0p01,0,0,nan,0,nan,0,nan,0,nan,nan,nan,nan,nan,nan,nan,nan,nan
900,c_x_tangent:c_0p70_0p90,t_0p01_0p02,0,0,nan,0,nan,0,nan,0,nan,nan,nan,nan,nan,nan,nan,nan,nan
900,c_x_tangent:c_0p70_0p90,t_0p02_0p05,808,0,0.0,808,1.0,752,0.9306930693069307,56,0.06930693069306931,0.08022827728800487,0.08196264182493955,0.6207439935694692,1.6109701062011543,1.6314620156922892,1.6392528364987908,0.07789984374505668,0.10082693819743144
900,c_x_tangent:c_0p70_0p90,t_0p05_0p10,436,0,0.0,436,1.0,0,0.0,436,1.0,0.10251765419459871,0.10311606620102579,0.5381969432068954,1.8580558894322388,2.050353083891974,2.0623213240205156,0.11730763832558389,0.13031958867039234
900,c_x_tangent:c_0p70_0p90,t_0p10_inf,0,0,nan,0,nan,0,nan,0,nan,nan,nan,nan,nan,nan,nan,nan,nan
900,c_x_tangent:c_0p90_0p95,t_0_0p005,0,0,nan,0,nan,0,nan,0,nan,nan,nan,nan,nan,nan,nan,nan,nan
900,c_x_tangent:c_0p90_0p95,t_0p005_0p01,0,0,nan,0,nan,0,nan,0,nan,nan,nan,nan,nan,nan,nan,nan,nan
900,c_x_tangent:c_0p90_0p95,t_0p01_0p02,412,0,0.0,412,1.0,412,1.0,0,0.0,0.03314218255802126,0.03331442300750241,0.6606525185797191,1.513655018147536,1.6429408130810106,1.6439140829908767,0.033272348937491064,0.0403457998402264
900,c_x_tangent:c_0p90_0p95,t_0p02_0p05,260,0,0.0,260,1.0,260,1.0,0,0.0,0.04345927020707965,0.04366753340823349,0.6118936018741756,1.6342710512695162,1.6408472334657185,1.6420714273773058,0.04737571823694947,0.0533047147898667
900,c_x_tangent:c_0p90_0p95,t_0p05_0p10,0,0,nan,0,nan,0,nan,0,nan,nan,nan,nan,nan,nan,nan,nan,nan
900,c_x_tangent:c_0p90_0p95,t_0p10_inf,0,0,nan,0,nan,0,nan,0,nan,nan,nan,nan,nan,nan,nan,nan,nan
900,c_x_tangent:c_0p95_1,t_0_0p005,8,0,0.0,0,0.0,8,1.0,0,0.0,4.1690248297028565e-07,4.1690248297028565e-07,1.0,7.87237269942971e-05,7.872372699430072e-05,7.872372699430095e-05,0.010591533172723544,0.010591533172723822
900,c_x_tangent:c_0p95_1,t_0p005_0p01,572,0,0.0,0,0.0,572,1.0,0,0.0,0.004762092684282759,0.005216334749601828,1.0,0.08911816161636654,0.47152037408885555,0.5056624923923679,0.014865428223895027,0.020198884060883993
900,c_x_tangent:c_0p95_1,t_0p01_0p02,236,0,0.0,16,0.06779661016949153,236,1.0,0,0.0,0.013301446042839494,0.013351045165577792,1.0,0.7328446898929852,1.0090996384432753,1.012859985556754,0.023253803776207116,0.02636299833257183
900,c_x_tangent:c_0p95_1,t_0p02_0p05,0,0,nan,0,nan,0,nan,0,nan,nan,nan,nan,nan,nan,nan,nan,nan
900,c_x_tangent:c_0p95_1,t_0p05_0p10,0,0,nan,0,nan,0,nan,0,nan,nan,nan,nan,nan,nan,nan,nan,nan
900,c_x_tangent:c_0p95_1,t_0p10_inf,0,0,nan,0,nan,0,nan,0,nan,nan,nan,nan,nan,nan,nan,nan,nan
1000,region,none_or_unknown,7856,0,0.0,6136,0.7810590631364562,5160,0.6568228105906314,2696,0.34317718940936864,0.12253421649496979,0.12359354178141392,0.5313861836669614,1.8818705317219238,2.4506843298993957,2.471870835628278,0.06454598473763312,0.152017981239998
1000,region,sphere_upper,0,0,nan,0,nan,0,nan,0,nan,nan,nan,nan,nan,nan,nan,nan,nan
1000,region,sphere_lower90,0,0,nan,0,nan,0,nan,0,nan,nan,nan,nan,nan,nan,nan,nan,nan
1000,region,sphere_bottom120,0,0,nan,0,nan,0,nan,0,nan,nan,nan,nan,nan,nan,nan,nan,nan
1000,region,outer_or_other_wall,0,0,nan,0,nan,0,nan,0,nan,nan,nan,nan,nan,nan,nan,nan,nan
1000,theta_zone,sphere11,0,0,nan,0,nan,0,nan,0,nan,nan,nan,nan,nan,nan,nan,nan,nan
1000,theta_zone,outer90,0,0,nan,0,nan,0,nan,0,nan,nan,nan,nan,nan,nan,nan,nan,nan
1000,theta_zone,fallback,7856,0,0.0,6136,0.7810590631364562,5160,0.6568228105906314,2696,0.34317718940936864,0.12253421649496979,0.12359354178141392,0.5313861836669614,1.8818705317219238,2.4506843298993957,2.471870835628278,0.06454598473763312,0.152017981239998
1000,c_bin,c_0_0p05,1112,0,0.0,176,0.15827338129496402,1112,1.0,0,0.0,0.017742941498792155,0.020367142757965057,1.0,0.26870285750104017,1.3552335629815293,1.5133438464563411,0.01730616543211776,0.02588885526627464
1000,c_bin,c_0p05_0p10,832,0,0.0,832,1.0,832,1.0,0,0.0,0.05414822139382028,0.05475535528273216,0.4630921949421619,2.1593973525017747,2.24286453004816,2.257306035476273,0.038365086244850674,0.050627009896086414
1000,c_bin,c_0p10_0p30,1468,0,0.0,1468,1.0,976,0.6648501362397821,492,0.335149863760218,0.10702893825608946,0.10944868639457739,0.49991059407386107,2.0003576876633495,2.140578765121789,2.1889737278915473,0.08512509324457578,0.12035245271004087
1000,c_bin,c_0p30_0p70,1712,0,0.0,1712,1.0,0,0.0,1712,1.0,0.12353772964534092,0.12383729044748396,0.4197411970260866,2.382420719366413,2.470754592906818,2.476745808949679,0.14640025997820943,0.15334174158660957
1000,c_bin,c_0p70_0p90,1252,0,0.0,1252,1.0,760,0.6070287539936102,492,0.3929712460063898,0.1012166598411945,0.10266949009156341,0.6133692365544043,1.630339346031585,2.02433319682389,2.053389801831268,0.09176207768687211,0.12846646210219723
1000,c_bin,c_0p90_0p95,664,0,0.0,664,1.0,664,1.0,0,0.0,0.042783886125344506,0.04374655378156349,0.6102193571335359,1.6387549637141536,1.6504170501158744,1.6524715571909243,0.03808810371146715,0.0521240647276968
1000,c_bin,c_0p95_1,816,0,0.0,32,0.0392156862745098,816,1.0,0,0.0,0.012484589181030263,0.013417209548132684,1.0,0.19343116912067124,0.9662050903203775,1.01695233968961,0.016674748433849,0.025842524130960054
1000,tangent_bin,t_0_0p005,32,0,0.0,0,0.0,32,1.0,0,0.0,4.181266091654515e-07,4.181266091657074e-07,1.0,1.9799567059803835e-06,7.896067653185043e-05,7.896067653190076e-05,0.01190576166631125,0.012172023996893629
1000,tangent_bin,t_0p005_0p01,1104,0,0.0,0,0.0,1104,1.0,0,0.0,0.0035794827118429376,0.005079141445366482,1.0,0.06389908795292168,0.37533316632483743,0.49559892906372255,0.01424645603689711,0.019073212155105133
1000,tangent_bin,t_0p01_0p02,1512,0,0.0,928,0.6137566137566137,1512,1.0,0,0.0,0.03366292094799037,0.03754791868565931,0.809764734674495,1.2349265869203045,2.06487558654497,2.181995050923188,0.026557540396373928,0.03808819483571946
1000,tangent_bin,t_0p02_0p05,2512,0,0.0,2512,1.0,2456,0.9777070063694268,56,0.022292993630573247,0.08563990932148395,0.08887865511613631,0.5179714082603933,1.9306129829742629,2.2164877182461713,2.2509254420951557,0.06454507486921002,0.09683397395703125
1000,tangent_bin,t_0p05_0p10,2696,0,0.0,2696,1.0,56,0.020771513353115726,2640,0.9792284866468842,0.12341462924891408,0.12382479373349638,0.44262026941193644,2.259273620890493,2.4682925849782817,2.4764958746699275,0.13700041499318283,0.15315922589321845
1000,tangent_bin,t_0p10_inf,0,0,nan,0,nan,0,nan,0,nan,nan,nan,nan,nan,nan,nan,nan,nan
1000,normal_raw_abs_bin,normal_raw_abs_0_1e-4,0,0,nan,0,nan,0,nan,0,nan,nan,nan,nan,nan,nan,nan,nan,nan
1000,normal_raw_abs_bin,normal_raw_abs_1e-4_1e-3,0,0,nan,0,nan,0,nan,0,nan,nan,nan,nan,nan,nan,nan,nan,nan
1000,normal_raw_abs_bin,normal_raw_abs_1e-3_1e-2,0,0,nan,0,nan,0,nan,0,nan,nan,nan,nan,nan,nan,nan,nan,nan
1000,normal_raw_abs_bin,normal_raw_abs_1e-2_5e-2,3296,0,0.0,1576,0.47815533980582525,3296,1.0,0,0.0,0.04765085684356465,0.051873532847036996,1.0,0.8686810055232368,2.211221292430658,2.246786843986152,0.023407200284683117,0.04683345522195566
1000,normal_raw_abs_bin,normal_raw_abs_5e-2_inf,4560,0,0.0,4560,1.0,1864,0.4087719298245614,2696,0.5912280701754385,0.12327017864747974,0.12367095933614551,0.4865468383977579,2.055300581734513,2.4654035729495947,2.4734191867229103,0.11344671476924173,0.1528377411301284
1000,cap_source,abs_cap_selected,2696,0,0.0,2696,1.0,0,0.0,2696,1.0,0.12341462924891408,0.12382479373349638,0.44262026941193644,2.259273620890493,2.4682925849782817,2.4764958746699275,0.13700041499318283,0.15315922589321845
1000,cap_source,ratio_cap_selected,5160,0,0.0,3440,0.6666666666666666,5160,1.0,0,0.0,0.08235928169120176,0.09062560808309415,0.620137634395991,1.612545255335119,2.186819090635679,2.239511221536326,0.03684460326503136,0.09210978710136533
1000,cap_source,none_or_inactive,0,0,nan,0,nan,0,nan,0,nan,nan,nan,nan,nan,nan,nan,nan,nan
1000,limiter_class,none,1720,0,0.0,0,0.0,1720,1.0,0,0.0,0.009851970598447144,0.011922240748797929,1.0,0.18556620998811446,0.8467722378228932,0.9662050903203607,0.016460624885493998,0.023380254517909496
1000,limiter_class,abs_cap_limiter,2696,0,0.0,2696,1.0,0,0.0,2696,1.0,0.12341462924891408,0.12382479373349638,0.44262026941193644,2.259273620890493,2.4682925849782817,2.4764958746699275,0.13700041499318283,0.15315922589321845
1000,limiter_class,ratio_cap_limiter,3440,0,0.0,3440,1.0,3440,1.0,0,0.0,0.08587908494245729,0.09109591961041567,0.5747746912138509,1.7398373531277664,2.2107170831666587,2.246786843986151,0.05291930936025124,0.09471791968993226
1000,limiter_class,secondary_vector_safety,0,0,nan,0,nan,0,nan,0,nan,nan,nan,nan,nan,nan,nan,nan,nan
1000,limiter_class,inactive_or_fallback,0,0,nan,0,nan,0,nan,0,nan,nan,nan,nan,nan,nan,nan,nan,nan
1000,normal_agreement_bin,normal_0_0p5,0,0,nan,0,nan,0,nan,0,nan,nan,nan,nan,nan,nan,nan,nan,nan
1000,normal_agreement_bin,normal_0p5_0p9,0,0,nan,0,nan,0,nan,0,nan,nan,nan,nan,nan,nan,nan,nan,nan
1000,normal_agreement_bin,normal_0p9_0p99,0,0,nan,0,nan,0,nan,0,nan,nan,nan,nan,nan,nan,nan,nan,nan
1000,normal_agreement_bin,normal_0p99_1p01,7856,0,0.0,6136,0.7810590631364562,5160,0.6568228105906314,2696,0.34317718940936864,0.12253421649496979,0.12359354178141392,0.5313861836669614,1.8818705317219238,2.4506843298993957,2.471870835628278,0.06454598473763312,0.152017981239998
1000,c_x_tangent:c_0_0p05,t_0_0p005,24,0,0.0,0,0.0,24,1.0,0,0.0,1.9120970018764705e-08,1.9120970018764986e-08,1.0,8.181236777895167e-07,3.141789734171489e-06,3.1417897341715343e-06,0.01210333256451028,0.012172023996893629
1000,c_x_tangent:c_0_0p05,t_0p005_0p01,540,0,0.0,0,0.0,540,1.0,0,0.0,0.0021244828707450503,0.0023613530057650925,1.0,0.05290383889398236,0.2583017080577811,0.2716552470029806,0.013853755712050008,0.017384924692724124
1000,c_x_tangent:c_0_0p05,t_0p01_0p02,548,0,0.0,176,0.32116788321167883,548,1.0,0,0.0,0.019294364267344256,0.020719803994749937,1.0,0.7828497608613914,1.4516576859515504,1.5306494599448524,0.021578970010835523,0.026582526244397556
1000,c_x_tangent:c_0_0p05,t_0p02_0p05,0,0,nan,0,nan,0,nan,0,nan,nan,nan,nan,nan,nan,nan,nan,nan
1000,c_x_tangent:c_0_0p05,t_0p05_0p10,0,0,nan,0,nan,0,nan,0,nan,nan,nan,nan,nan,nan,nan,nan,nan
1000,c_x_tangent:c_0_0p05,t_0p10_inf,0,0,nan,0,nan,0,nan,0,nan,nan,nan,nan,nan,nan,nan,nan,nan
1000,c_x_tangent:c_0p05_0p10,t_0_0p005,0,0,nan,0,nan,0,nan,0,nan,nan,nan,nan,nan,nan,nan,nan,nan
1000,c_x_tangent:c_0p05_0p10,t_0p005_0p01,0,0,nan,0,nan,0,nan,0,nan,nan,nan,nan,nan,nan,nan,nan,nan
1000,c_x_tangent:c_0p05_0p10,t_0p01_0p02,308,0,0.0,308,1.0,308,1.0,0,0.0,0.037510281593088314,0.03761803192455637,0.5322180491890247,1.87892913726576,2.181021098919915,2.193438758327103,0.03069396967515297,0.03431413364807274
1000,c_x_tangent:c_0p05_0p10,t_0p02_0p05,524,0,0.0,524,1.0,524,1.0,0,0.0,0.05437934122470857,0.054985205769320346,0.45749722970691203,2.185805585403508,2.2509254420951548,2.258511299414648,0.042399051084686425,0.05077815566454871
1000,c_x_tangent:c_0p05_0p10,t_0p05_0p10,0,0,nan,0,nan,0,nan,0,nan,nan,nan,nan,nan,nan,nan,nan,nan
1000,c_x_tangent:c_0p05_0p10,t_0p10_inf,0,0,nan,0,nan,0,nan,0,nan,nan,nan,nan,nan,nan,nan,nan,nan
1000,c_x_tangent:c_0p10_0p30,t_0_0p005,0,0,nan,0,nan,0,nan,0,nan,nan,nan,nan,nan,nan,nan,nan,nan
1000,c_x_tangent:c_0p10_0p30,t_0p005_0p01,0,0,nan,0,nan,0,nan,0,nan,nan,nan,nan,nan,nan,nan,nan,nan
1000,c_x_tangent:c_0p10_0p30,t_0p01_0p02,0,0,nan,0,nan,0,nan,0,nan,nan,nan,nan,nan,nan,nan,nan,nan
1000,c_x_tangent:c_0p10_0p30,t_0p02_0p05,920,0,0.0,920,1.0,920,1.0,0,0.0,0.08793283698287517,0.08960836517324644,0.49997016542373074,2.0001193738213665,2.1203790467261037,2.1293266543937444,0.0712714470820953,0.09312428528463199
1000,c_x_tangent:c_0p10_0p30,t_0p05_0p10,548,0,0.0,548,1.0,56,0.10218978102189781,492,0.8978102189781022,0.10886165153059311,0.10956451602651046,0.49569993503832716,2.017349467521477,2.177233030611862,2.191290320530209,0.11099320208979464,0.12386178570604962
1000,c_x_tangent:c_0p10_0p30,t_0p10_inf,0,0,nan,0,nan,0,nan,0,nan,nan,nan,nan,nan,nan,nan,nan,nan
1000,c_x_tangent:c_0p30_0p70,t_0_0p005,0,0,nan,0,nan,0,nan,0,nan,nan,nan,nan,nan,nan,nan,nan,nan
1000,c_x_tangent:c_0p30_0p70,t_0p005_0p01,0,0,nan,0,nan,0,nan,0,nan,nan,nan,nan,nan,nan,nan,nan,nan
1000,c_x_tangent:c_0p30_0p70,t_0p01_0p02,0,0,nan,0,nan,0,nan,0,nan,nan,nan,nan,nan,nan,nan,nan,nan
1000,c_x_tangent:c_0p30_0p70,t_0p02_0p05,0,0,nan,0,nan,0,nan,0,nan,nan,nan,nan,nan,nan,nan,nan,nan
1000,c_x_tangent:c_0p30_0p70,t_0p05_0p10,1712,0,0.0,1712,1.0,0,0.0,1712,1.0,0.12353772964534092,0.12383729044748396,0.4197411970260866,2.382420719366413,2.470754592906818,2.476745808949679,0.14640025997820943,0.15334174158660957
1000,c_x_tangent:c_0p30_0p70,t_0p10_inf,0,0,nan,0,nan,0,nan,0,nan,nan,nan,nan,nan,nan,nan,nan,nan
1000,c_x_tangent:c_0p70_0p90,t_0_0p005,0,0,nan,0,nan,0,nan,0,nan,nan,nan,nan,nan,nan,nan,nan,nan
1000,c_x_tangent:c_0p70_0p90,t_0p005_0p01,0,0,nan,0,nan,0,nan,0,nan,nan,nan,nan,nan,nan,nan,nan,nan
1000,c_x_tangent:c_0p70_0p90,t_0p01_0p02,0,0,nan,0,nan,0,nan,0,nan,nan,nan,nan,nan,nan,nan,nan,nan
1000,c_x_tangent:c_0p70_0p90,t_0p02_0p05,816,0,0.0,816,1.0,760,0.9313725490196079,56,0.06862745098039216,0.08037489710951404,0.08207485772863277,0.6192270833214942,1.614916444926899,1.6377655486559093,1.6414971545726553,0.07809005840816308,0.10106250178504367
1000,c_x_tangent:c_0p70_0p90,t_0p05_0p10,436,0,0.0,436,1.0,0,0.0,436,1.0,0.1022468076631611,0.1028254965501716,0.5385180682294005,1.8569479075937247,2.044936153263222,2.0565099310034323,0.11754892803456804,0.13054297740873766
1000,c_x_tangent:c_0p70_0p90,t_0p10_inf,0,0,nan,0,nan,0,nan,0,nan,nan,nan,nan,nan,nan,nan,nan,nan
1000,c_x_tangent:c_0p90_0p95,t_0_0p005,0,0,nan,0,nan,0,nan,0,nan,nan,nan,nan,nan,nan,nan,nan,nan
1000,c_x_tangent:c_0p90_0p95,t_0p005_0p01,0,0,nan,0,nan,0,nan,0,nan,nan,nan,nan,nan,nan,nan,nan,nan
1000,c_x_tangent:c_0p90_0p95,t_0p01_0p02,412,0,0.0,412,1.0,412,1.0,0,0.0,0.033369292681969545,0.03354370048313511,0.6559470548218456,1.5245132860175716,1.6513886938437794,1.6524715571909625,0.03331657288257789,0.040413614076888316
1000,c_x_tangent:c_0p90_0p95,t_0p02_0p05,252,0,0.0,252,1.0,252,1.0,0,0.0,0.043203152211000406,0.043746553781563904,0.6088742270354067,1.6423753143058375,1.6490444006800367,1.6504170501158684,0.04746804245528133,0.05276837387586328
1000,c_x_tangent:c_0p90_0p95,t_0p05_0p10,0,0,nan,0,nan,0,nan,0,nan,nan,nan,nan,nan,nan,nan,nan,nan
1000,c_x_tangent:c_0p90_0p95,t_0p10_inf,0,0,nan,0,nan,0,nan,0,nan,nan,nan,nan,nan,nan,nan,nan,nan
1000,c_x_tangent:c_0p95_1,t_0_0p005,8,0,0.0,0,0.0,8,1.0,0,0.0,4.1812660916569344e-07,4.181266091657913e-07,1.0,7.896067653180463e-05,7.8960676531898e-05,7.896067653191728e-05,0.010590755488190134,0.010590755488190436
1000,c_x_tangent:c_0p95_1,t_0p005_0p01,564,0,0.0,0,0.0,564,1.0,0,0.0,0.0038654849444851366,0.005107834198997673,1.0,0.08586985269026906,0.39918924800309696,0.4983948534411206,0.014761348153262271,0.01936667865590979
1000,c_x_tangent:c_0p95_1,t_0p01_0p02,244,0,0.0,32,0.13114754098360656,244,1.0,0,0.0,0.013417209548132088,0.013467405481933231,1.0,0.7281964091774037,1.0169523396895424,1.0207507843403387,0.02310796006953819,0.026387096080093674
1000,c_x_tangent:c_0p95_1,t_0p02_0p05,0,0,nan,0,nan,0,nan,0,nan,nan,nan,nan,nan,nan,nan,nan,nan
1000,c_x_tangent:c_0p95_1,t_0p05_0p10,0,0,nan,0,nan,0,nan,0,nan,nan,nan,nan,nan,nan,nan,nan,nan
1000,c_x_tangent:c_0p95_1,t_0p10_inf,0,0,nan,0,nan,0,nan,0,nan,nan,nan,nan,nan,nan,nan,nan,nan
