step,group,bin,active_count,limiter_count,limiter_fraction,normal_limiter_count,normal_limiter_fraction,ratio_cap_selected_count,ratio_cap_selected_fraction,abs_cap_selected_count,abs_cap_selected_fraction,raw_delta_p95,raw_delta_p99,limiter_ratio_p50,cap_demand_ratio_p50,cap_demand_ratio_p95,cap_demand_ratio_p99,normal_raw_abs_p50,normal_raw_abs_p95
0,region,none_or_unknown,0,0,nan,0,nan,0,nan,0,nan,nan,nan,nan,nan,nan,nan,nan,nan
0,region,sphere_upper,2160,0,0.0,1904,0.8814814814814815,1672,0.774074074074074,488,0.22592592592592592,0.4136082685907265,0.5775868461206123,0.18681545887658454,5.352876723167252,14.089387765781584,22.46813478491711,0.04516725675831619,0.13494237284043664
0,region,sphere_lower90,2688,0,0.0,2096,0.7797619047619048,1664,0.6190476190476191,1024,0.38095238095238093,0.32047612007461956,0.34752854546294826,0.4240127168413878,2.3584198310119886,6.409522401492391,6.950570909258965,0.0726165629423256,0.14706644434833013
0,region,sphere_bottom120,348,0,0.0,0,0.0,348,1.0,0,0.0,0.003342842212773964,0.006048072853896863,1.0,0.023944706176746187,0.32287234046588803,0.5933889745564634,0.015481800270841763,0.020900720489524554
0,region,outer_or_other_wall,0,0,nan,0,nan,0,nan,0,nan,nan,nan,nan,nan,nan,nan,nan,nan
0,theta_zone,sphere11,5196,0,0.0,4000,0.7698229407236336,3684,0.7090069284064665,1512,0.2909930715935335,0.3396364658043522,0.5029118575019015,0.30717490620412496,3.255474258484762,9.697841136838164,18.41656221748974,0.05476341861089737,0.14296369099323192
0,theta_zone,outer90,0,0,nan,0,nan,0,nan,0,nan,nan,nan,nan,nan,nan,nan,nan,nan
0,theta_zone,fallback,0,0,nan,0,nan,0,nan,0,nan,nan,nan,nan,nan,nan,nan,nan,nan
0,c_bin,c_0_0p05,816,0,0.0,76,0.09313725490196079,816,1.0,0,0.0,0.01979564462000385,0.024877074755387637,1.0,0.09880404674342283,1.4479014137326145,1.8351248319804554,0.019160410997353442,0.027343912275037716
0,c_bin,c_0p05_0p10,564,0,0.0,436,0.7730496453900709,564,1.0,0,0.0,0.0731361180809221,0.09338197454936042,0.5699198556112518,1.7546326736194824,3.3661457463485664,5.401722217442422,0.0412969600375756,0.05345663903924774
0,c_bin,c_0p10_0p30,1004,0,0.0,932,0.9282868525896414,632,0.6294820717131474,372,0.3705179282868526,0.22560905204540135,0.2807809462104102,0.4027793228663802,2.482749096660417,4.7154219690435895,5.644961992715743,0.08832551513966667,0.12373960731242645
0,c_bin,c_0p30_0p70,988,0,0.0,988,1.0,24,0.024291497975708502,964,0.9757085020242915,0.4612484721120338,0.6073815756838,0.1763703392645096,5.669887602247338,9.224969442240676,18.416562217489744,0.13700354327174746,0.15170551512897976
0,c_bin,c_0p70_0p90,820,0,0.0,820,1.0,644,0.7853658536585366,176,0.2146341463414634,0.4140127727902485,0.5029118575019016,0.16204608373375723,6.171084033372917,17.343418468397925,22.468134784917112,0.07356060996965821,0.11822145728185883
0,c_bin,c_0p90_0p95,468,0,0.0,468,1.0,468,1.0,0,0.0,0.17813876270899143,0.23644602402519738,0.15833935851184466,6.31554914329904,13.366884801178006,16.062783424504435,0.030737789814645755,0.044864219376176344
0,c_bin,c_0p95_1,536,0,0.0,280,0.5223880597014925,536,1.0,0,0.0,0.04897049091085223,0.06600735492536289,0.9605740432099179,1.0410441621536366,5.773289371815765,8.052217066550163,0.014364320858373074,0.02128669330616838
0,tangent_bin,t_0_0p005,200,0,0.0,0,0.0,200,1.0,0,0.0,0.006824052178843418,0.007714270588563571,1.0,0.0029012800844063825,0.3417514025459303,0.3721914670125676,0.015780325680183668,0.043154979232391075
0,tangent_bin,t_0p005_0p01,736,0,0.0,0,0.0,736,1.0,0,0.0,0.009464709689625976,0.028563324113475053,1.0,0.11515946012172883,0.7599269359777441,0.7923861706368458,0.01850079770984046,0.034410235159131164
0,tangent_bin,t_0p01_0p02,944,0,0.0,716,0.7584745762711864,944,1.0,0,0.0,0.05663179618697946,0.0621884019006188,0.6127458283800068,1.632000321389293,4.368781691386151,4.692802751544183,0.027176628125057896,0.055931430451043415
0,tangent_bin,t_0p02_0p05,1484,0,0.0,1452,0.9784366576819407,1264,0.8517520215633423,220,0.14824797843665768,0.16610682606959445,0.1942978821464933,0.3130680068618948,3.194194162551828,8.052217066550163,12.025093581200068,0.059222226328540656,0.11553842299857837
0,tangent_bin,t_0p05_0p10,1736,0,0.0,1736,1.0,500,0.2880184331797235,1236,0.7119815668202765,0.36037240710276247,0.42247442944629676,0.18276956213113488,5.471370551747082,13.856709928903241,20.55646693784606,0.12286764059469278,0.14858426452883794
0,tangent_bin,t_0p10_inf,96,0,0.0,96,1.0,40,0.4166666666666667,56,0.5833333333333334,0.6239620462516936,0.6239620462516936,0.09387776148396168,10.65688722045395,23.939240547036928,23.93924054703693,0.10188020248703708,0.1351514077858472
0,normal_raw_abs_bin,normal_raw_abs_0_1e-4,0,0,nan,0,nan,0,nan,0,nan,nan,nan,nan,nan,nan,nan,nan,nan
0,normal_raw_abs_bin,normal_raw_abs_1e-4_1e-3,0,0,nan,0,nan,0,nan,0,nan,nan,nan,nan,nan,nan,nan,nan,nan
0,normal_raw_abs_bin,normal_raw_abs_1e-3_1e-2,72,0,0.0,0,0.0,72,1.0,0,0.0,0.001354082020264055,0.001354082020264055,1.0,0.03284405635132944,0.27395177430586626,0.2739517743058663,0.008853734734082755,0.00995530736211305
0,normal_raw_abs_bin,normal_raw_abs_1e-2_5e-2,2376,0,0.0,1336,0.5622895622895623,2376,1.0,0,0.0,0.22374639068210073,0.3610195915613207,0.6702537958346182,1.4921191208183076,12.025093581200068,20.87804215214559,0.0247703059599468,0.04572377351348582
0,normal_raw_abs_bin,normal_raw_abs_5e-2_inf,2748,0,0.0,2664,0.9694323144104804,1236,0.4497816593886463,1512,0.5502183406113537,0.3826152207273992,0.5440786481141887,0.2249065102894682,4.446291922421187,8.620179227215528,13.606062499549195,0.10575512485852244,0.14699774554458134
0,cap_source,abs_cap_selected,1512,0,0.0,1488,0.9841269841269841,0,0.0,1512,1.0,0.36037240710276247,0.5171399899265349,0.1996908354959808,5.007742612945602,7.207448142055249,10.342799798530697,0.12951313184711158,0.14960481603540982
0,cap_source,ratio_cap_selected,3684,0,0.0,2512,0.6818675352877307,3684,1.0,0,0.0,0.30843420387623127,0.5029118575019015,0.45152736570580626,2.214705189433751,11.76156829574084,20.55646693784606,0.034410235159131164,0.09025736291755983
0,cap_source,none_or_inactive,0,0,nan,0,nan,0,nan,0,nan,nan,nan,nan,nan,nan,nan,nan,nan
0,limiter_class,none,1196,0,0.0,0,0.0,1172,0.979933110367893,24,0.020066889632107024,0.016928001564982878,0.04064359286013483,1.0,0.12327639707674176,0.8130874130865264,0.9818746532711932,0.017783936262464994,0.07184134852496184
0,limiter_class,abs_cap_limiter,1488,0,0.0,1488,1.0,0,0.0,1488,1.0,0.36037240710276247,0.5216100739312063,0.19822419882205708,5.044792744490723,7.207448142055249,10.432201478624124,0.12971619723215708,0.14960481603540982
0,limiter_class,ratio_cap_limiter,2512,0,0.0,2512,1.0,2512,1.0,0,0.0,0.33346557495271945,0.5211246021112698,0.2635613890418089,3.794182882936478,13.606062499549195,21.842767795044175,0.046620139473725744,0.09190673410468686
0,limiter_class,secondary_vector_safety,0,0,nan,0,nan,0,nan,0,nan,nan,nan,nan,nan,nan,nan,nan,nan
0,limiter_class,inactive_or_fallback,0,0,nan,0,nan,0,nan,0,nan,nan,nan,nan,nan,nan,nan,nan,nan
0,normal_agreement_bin,normal_0_0p5,0,0,nan,0,nan,0,nan,0,nan,nan,nan,nan,nan,nan,nan,nan,nan
0,normal_agreement_bin,normal_0p5_0p9,0,0,nan,0,nan,0,nan,0,nan,nan,nan,nan,nan,nan,nan,nan,nan
0,normal_agreement_bin,normal_0p9_0p99,968,0,0.0,816,0.8429752066115702,632,0.6528925619834711,336,0.34710743801652894,0.32833769169670596,0.4612484721120338,0.25729626861931715,3.8866270545374557,6.933628115697014,10.881572962283773,0.07506114945180407,0.1451064241174346
0,normal_agreement_bin,normal_0p99_1p01,4228,0,0.0,3184,0.7530747398297067,3052,0.7218543046357616,1176,0.2781456953642384,0.340534645599662,0.5029118575019016,0.3352939206526462,2.9824578926259986,10.464382438375353,18.416562217489744,0.05179883916853574,0.14221152469404771
0,c_x_tangent:c_0_0p05,t_0_0p005,168,0,0.0,0,0.0,168,1.0,0,0.0,0.0006275981841547954,0.0007148152120251268,1.0,0.0015589300386352036,0.049782078865739356,0.058092539016633346,0.014939080982154917,0.02460953589308456
0,c_x_tangent:c_0_0p05,t_0p005_0p01,528,0,0.0,0,0.0,528,1.0,0,0.0,0.008714953888400599,0.010869487949604292,1.0,0.10974555080601986,0.7489672718199043,0.7970161368747667,0.019198427852516006,0.02669619451380095
0,c_x_tangent:c_0_0p05,t_0p01_0p02,120,0,0.0,76,0.6333333333333333,120,1.0,0,0.0,0.024877074755387637,0.026356155062506263,0.9113057468629271,1.1001356162155491,1.8351248319804554,1.9082577798217149,0.02538230104638557,0.028791277715682826
0,c_x_tangent:c_0_0p05,t_0p02_0p05,0,0,nan,0,nan,0,nan,0,nan,nan,nan,nan,nan,nan,nan,nan,nan
0,c_x_tangent:c_0_0p05,t_0p05_0p10,0,0,nan,0,nan,0,nan,0,nan,nan,nan,nan,nan,nan,nan,nan,nan
0,c_x_tangent:c_0_0p05,t_0p10_inf,0,0,nan,0,nan,0,nan,0,nan,nan,nan,nan,nan,nan,nan,nan,nan
0,c_x_tangent:c_0p05_0p10,t_0_0p005,32,0,0.0,0,0.0,32,1.0,0,0.0,0.007714270588563571,0.007714270588563571,1.0,0.24736420957059022,0.3721914670125676,0.3721914670125676,0.04230410823129422,0.04394636402378148
0,c_x_tangent:c_0p05_0p10,t_0p005_0p01,56,0,0.0,0,0.0,56,1.0,0,0.0,0.01493677695758929,0.01493677695758929,1.0,0.30493885040909136,0.5893518446118721,0.5893518446118721,0.0343761372601398,0.05515704620041064
0,c_x_tangent:c_0p05_0p10,t_0p01_0p02,372,0,0.0,332,0.8924731182795699,372,1.0,0,0.0,0.0553592127633669,0.05953269815211856,0.6078551421434566,1.645128799065083,2.99018415841243,3.328616465475437,0.037993651802647514,0.05345663903924774
0,c_x_tangent:c_0p05_0p10,t_0p02_0p05,104,0,0.0,104,1.0,104,1.0,0,0.0,0.09338197454936042,0.09338197454936042,0.3349171932095557,2.9858126733264063,5.401722217442422,5.401722217442422,0.04697157707672096,0.054009896073497037
0,c_x_tangent:c_0p05_0p10,t_0p05_0p10,0,0,nan,0,nan,0,nan,0,nan,nan,nan,nan,nan,nan,nan,nan,nan
0,c_x_tangent:c_0p05_0p10,t_0p10_inf,0,0,nan,0,nan,0,nan,0,nan,nan,nan,nan,nan,nan,nan,nan,nan
0,c_x_tangent:c_0p10_0p30,t_0_0p005,0,0,nan,0,nan,0,nan,0,nan,nan,nan,nan,nan,nan,nan,nan,nan
0,c_x_tangent:c_0p10_0p30,t_0p005_0p01,16,0,0.0,0,0.0,16,1.0,0,0.0,0.029245143596593064,0.029245143596593064,1.0,0.7676234420400039,0.7753199481022636,0.7753199481022636,0.07364077119559333,0.07544019386622482
0,c_x_tangent:c_0p10_0p30,t_0p01_0p02,40,0,0.0,16,0.4,40,1.0,0,0.0,0.04580431963801893,0.04580431963801893,1.0,0.5217190963084782,1.6300770215148395,1.6300770215148395,0.07175098605008147,0.088822065956545
0,c_x_tangent:c_0p10_0p30,t_0p02_0p05,736,0,0.0,704,0.9565217391304348,536,0.7282608695652174,200,0.2717391304347826,0.1435866488318988,0.15153023948474076,0.43096804363733054,2.3203576570552475,3.795446439154283,4.213598546812784,0.08011538579697777,0.12065312976102306
0,c_x_tangent:c_0p10_0p30,t_0p05_0p10,212,0,0.0,212,1.0,40,0.18867924528301888,172,0.8113207547169812,0.2807809462104102,0.2822480996357872,0.2631647936362259,3.7999003825044517,5.644961992715743,5.885983170771695,0.1087475392516263,0.12408085146436039
0,c_x_tangent:c_0p10_0p30,t_0p10_inf,0,0,nan,0,nan,0,nan,0,nan,nan,nan,nan,nan,nan,nan,nan,nan
0,c_x_tangent:c_0p30_0p70,t_0_0p005,0,0,nan,0,nan,0,nan,0,nan,nan,nan,nan,nan,nan,nan,nan,nan
0,c_x_tangent:c_0p30_0p70,t_0p005_0p01,0,0,nan,0,nan,0,nan,0,nan,nan,nan,nan,nan,nan,nan,nan,nan
0,c_x_tangent:c_0p30_0p70,t_0p01_0p02,0,0,nan,0,nan,0,nan,0,nan,nan,nan,nan,nan,nan,nan,nan,nan
0,c_x_tangent:c_0p30_0p70,t_0p02_0p05,16,0,0.0,16,1.0,0,0.0,16,1.0,0.09992773720599217,0.09992773720599217,0.5004240577200412,1.9983052376535073,1.9985547441198432,1.9985547441198432,0.13852553589140743,0.14221152469404771
0,c_x_tangent:c_0p30_0p70,t_0p05_0p10,892,0,0.0,892,1.0,0,0.0,892,1.0,0.34752854546294826,0.3826152207273992,0.1816435710422693,5.5052870534421245,6.950570909258965,7.6523044145479835,0.13838624023098794,0.15228647744279714
0,c_x_tangent:c_0p30_0p70,t_0p10_inf,80,0,0.0,80,1.0,24,0.3,56,0.7,0.6239620462516936,0.6239620462516936,0.09990649761083065,10.025830205471811,23.939240547036928,23.93924054703693,0.1059482973610997,0.1351514077858472
0,c_x_tangent:c_0p70_0p90,t_0_0p005,0,0,nan,0,nan,0,nan,0,nan,nan,nan,nan,nan,nan,nan,nan,nan
0,c_x_tangent:c_0p70_0p90,t_0p005_0p01,0,0,nan,0,nan,0,nan,0,nan,nan,nan,nan,nan,nan,nan,nan,nan
0,c_x_tangent:c_0p70_0p90,t_0p01_0p02,0,0,nan,0,nan,0,nan,0,nan,nan,nan,nan,nan,nan,nan,nan,nan
0,c_x_tangent:c_0p70_0p90,t_0p02_0p05,188,0,0.0,188,1.0,184,0.9787234042553191,4,0.02127659574468085,0.1942978821464933,0.19976089000705544,0.180154963803061,5.55077683617513,7.365363031787083,7.605732978806296,0.05476341861089737,0.09623856402361614
0,c_x_tangent:c_0p70_0p90,t_0p05_0p10,616,0,0.0,616,1.0,444,0.7207792207792207,172,0.2792207792207792,0.4140127727902485,0.4320860770298145,0.15477663087587995,6.460923682994045,20.4212203958402,22.46813478491711,0.08428711622996557,0.11908094297560942
0,c_x_tangent:c_0p70_0p90,t_0p10_inf,16,0,0.0,16,1.0,16,1.0,0,0.0,0.5211246021112698,0.5211246021112698,0.05886404260991725,18.29255925678762,23.17704944760225,23.17704944760225,0.05999265947367215,0.07501629877163925
0,c_x_tangent:c_0p90_0p95,t_0_0p005,0,0,nan,0,nan,0,nan,0,nan,nan,nan,nan,nan,nan,nan,nan,nan
0,c_x_tangent:c_0p90_0p95,t_0p005_0p01,0,0,nan,0,nan,0,nan,0,nan,nan,nan,nan,nan,nan,nan,nan,nan
0,c_x_tangent:c_0p90_0p95,t_0p01_0p02,52,0,0.0,52,1.0,52,1.0,0,0.0,0.06730904047095881,0.06730904047095881,0.23289417192481643,4.293795725909461,4.537097571842343,4.537097571842343,0.027161389531317272,0.029670528087685433
0,c_x_tangent:c_0p90_0p95,t_0p02_0p05,400,0,0.0,400,1.0,400,1.0,0,0.0,0.1658572088795919,0.17973634841679634,0.15599449367979873,6.410545008026946,11.13443246774335,15.531073145761322,0.031787237957193654,0.045013368730539294
0,c_x_tangent:c_0p90_0p95,t_0p05_0p10,16,0,0.0,16,1.0,16,1.0,0,0.0,0.23644602402519738,0.23644602402519738,0.06661555781282551,15.07608559514301,16.062783424504435,16.062783424504435,0.031033339337430667,0.03262644807765497
0,c_x_tangent:c_0p90_0p95,t_0p10_inf,0,0,nan,0,nan,0,nan,0,nan,nan,nan,nan,nan,nan,nan,nan,nan
0,c_x_tangent:c_0p95_1,t_0_0p005,0,0,nan,0,nan,0,nan,0,nan,nan,nan,nan,nan,nan,nan,nan,nan
0,c_x_tangent:c_0p95_1,t_0p005_0p01,136,0,0.0,0,0.0,136,1.0,0,0.0,0.0027143550116379284,0.0027143550116379297,1.0,0.08080971407941598,0.44129600277170594,0.4412960027717062,0.010048892986819869,0.012797718212728897
0,c_x_tangent:c_0p95_1,t_0p01_0p02,360,0,0.0,240,0.6666666666666666,360,1.0,0,0.0,0.04507590592855394,0.04897049091085223,0.5687833298145907,1.7581388428283733,4.382014508823224,5.008375166535615,0.01643268554995137,0.021655038477158276
0,c_x_tangent:c_0p95_1,t_0p02_0p05,40,0,0.0,40,1.0,40,1.0,0,0.0,0.06600735492536289,0.06600735492536289,0.1512944986021699,6.60962565882523,8.052217066550163,8.052217066550163,0.0151135530400137,0.01675195452263095
0,c_x_tangent:c_0p95_1,t_0p05_0p10,0,0,nan,0,nan,0,nan,0,nan,nan,nan,nan,nan,nan,nan,nan,nan
0,c_x_tangent:c_0p95_1,t_0p10_inf,0,0,nan,0,nan,0,nan,0,nan,nan,nan,nan,nan,nan,nan,nan,nan
100,region,none_or_unknown,0,0,nan,0,nan,0,nan,0,nan,nan,nan,nan,nan,nan,nan,nan,nan
100,region,sphere_upper,2144,0,0.0,1872,0.8731343283582089,1648,0.7686567164179104,496,0.23134328358208955,0.40674409564145314,0.5558230004173704,0.19588780314991144,5.1049630651823055,14.006087194030657,20.5053367385101,0.04918163725806876,0.13647598346147077
100,region,sphere_lower90,2688,0,0.0,2052,0.7633928571428571,1664,0.6190476190476191,1024,0.38095238095238093,0.30233689856261753,0.3343413878574084,0.4681531403287296,2.1360531711862834,6.04673797125235,6.686827757148168,0.07623277955513384,0.1475830964358063
100,region,sphere_bottom120,344,0,0.0,0,0.0,344,1.0,0,0.0,0.0021289560041504443,0.004669390877293929,1.0,0.021797719616453142,0.19228655631067781,0.415944113815861,0.016397176636175466,0.022115036678547497
100,region,outer_or_other_wall,0,0,nan,0,nan,0,nan,0,nan,nan,nan,nan,nan,nan,nan,nan,nan
100,theta_zone,sphere11,5176,0,0.0,3924,0.7581143740340031,3656,0.7063369397217929,1520,0.2936630602782071,0.3347347574485041,0.4848402710123968,0.34116302311362295,2.9311655200613593,9.645286676000122,17.615856679995765,0.058101137726957616,0.1442317703350645
100,theta_zone,outer90,0,0,nan,0,nan,0,nan,0,nan,nan,nan,nan,nan,nan,nan,nan,nan
100,theta_zone,fallback,0,0,nan,0,nan,0,nan,0,nan,nan,nan,nan,nan,nan,nan,nan,nan
100,c_bin,c_0_0p05,796,0,0.0,52,0.06532663316582915,796,1.0,0,0.0,0.015143970834062735,0.024560174057445757,1.0,0.09642476958450068,1.0804617706050315,1.7018471770689432,0.020174368952077058,0.028549357396384097
100,c_bin,c_0p05_0p10,580,0,0.0,432,0.7448275862068966,580,1.0,0,0.0,0.06896724220344497,0.09146106457026906,0.6522519181592581,1.5331499565721995,2.917258109417441,4.050149646897035,0.04192740215243049,0.0567576627362543
100,c_bin,c_0p10_0p30,1004,0,0.0,916,0.9123505976095617,632,0.6294820717131474,372,0.3705179282868526,0.21422929755651135,0.25818204218254953,0.44600234692966256,2.242140667833098,4.426436726109588,5.16364084365099,0.09086208498870782,0.12589180511417464
100,c_bin,c_0p30_0p70,1004,0,0.0,1004,1.0,32,0.03187250996015936,972,0.9681274900398407,0.4602111796594216,0.5972454241998487,0.1834130689682535,5.452174185979558,9.20422359318843,17.615856714805762,0.13835192772516566,0.15169469594710475
100,c_bin,c_0p70_0p90,796,0,0.0,796,1.0,620,0.7788944723618091,176,0.22110552763819097,0.41481972746177953,0.48599352326982864,0.16654392049246608,6.004422119060404,17.36656994306406,20.513907594830656,0.07554640185255726,0.1179940556559122
100,c_bin,c_0p90_0p95,476,0,0.0,476,1.0,476,1.0,0,0.0,0.1738222702456124,0.2410328133132239,0.17845948587934202,5.603512724877648,11.514724673052037,15.778248840087517,0.03387600089968208,0.049531283858272906
100,c_bin,c_0p95_1,520,0,0.0,248,0.47692307692307695,520,1.0,0,0.0,0.048699763357194045,0.06456148436838466,1.0,0.9044373198173354,5.4597508485700565,7.569490825564392,0.014727351933232097,0.024228371880900598
100,tangent_bin,t_0_0p005,192,0,0.0,0,0.0,192,1.0,0,0.0,0.0018763640408344464,0.014193608761733567,1.0,0.0033699792538529113,0.08588363991618987,0.5011535626742768,0.01630920017795287,0.04430247909197122
100,tangent_bin,t_0p005_0p01,728,0,0.0,0,0.0,728,1.0,0,0.0,0.009894130389224228,0.02995545163804631,1.0,0.11554812180406257,0.7337062949586015,0.8355148962427468,0.020184785522905577,0.04146810208818555
100,tangent_bin,t_0p01_0p02,932,0,0.0,632,0.6781115879828327,932,1.0,0,0.0,0.05389557386085438,0.05985271513026453,0.7026587941087736,1.423165850031622,3.2574538656979044,4.100892095307784,0.02973009881596297,0.05843651821295932
100,tangent_bin,t_0p02_0p05,1508,0,0.0,1476,0.9787798408488063,1280,0.8488063660477454,228,0.15119363395225463,0.17215300250545876,0.18556739757085292,0.34194770670470864,2.924423765367017,8.049709695760418,12.060806485533158,0.062076107128722906,0.1178957623460153
100,tangent_bin,t_0p05_0p10,1728,0,0.0,1728,1.0,484,0.2800925925925926,1244,0.7199074074074074,0.37070300156474745,0.41825487030951264,0.18511404768455353,5.4020751666781415,13.75116972990604,18.67637778431579,0.12570476775058426,0.15018243886510155
100,tangent_bin,t_0p10_inf,88,0,0.0,88,1.0,40,0.45454545454545453,48,0.5454545454545454,0.6085144324193478,0.608514440948646,0.09474344966906728,10.55481939377271,21.818884830099623,21.81890523569495,0.10370290366346988,0.13700405848082006
100,normal_raw_abs_bin,normal_raw_abs_0_1e-4,0,0,nan,0,nan,0,nan,0,nan,nan,nan,nan,nan,nan,nan,nan,nan
100,normal_raw_abs_bin,normal_raw_abs_1e-4_1e-3,0,0,nan,0,nan,0,nan,0,nan,nan,nan,nan,nan,nan,nan,nan,nan
100,normal_raw_abs_bin,normal_raw_abs_1e-3_1e-2,32,0,0.0,0,0.0,32,1.0,0,0.0,0.0009017698676683597,0.0009017720843397755,1.0,0.04698816438399705,0.1825426788554204,0.18254313063117675,0.009454937584217086,0.009946133643102165
100,normal_raw_abs_bin,normal_raw_abs_1e-2_5e-2,2332,0,0.0,1220,0.5231560891938251,2332,1.0,0,0.0,0.1786190880881711,0.3410189823837667,0.8155236982198405,1.2262059363608755,11.313959300816347,19.929883696908487,0.02492843677540006,0.04694524922830235
100,normal_raw_abs_bin,normal_raw_abs_5e-2_inf,2812,0,0.0,2704,0.9615931721194879,1292,0.4594594594594595,1520,0.5405405405405406,0.38001354322456155,0.5277409662875041,0.23048605728920718,4.338657234893949,8.946850845756867,14.009859072871958,0.10726208024246212,0.14740628006959028
100,cap_source,abs_cap_selected,1520,0,0.0,1496,0.9842105263157894,0,0.0,1520,1.0,0.3567375589692751,0.5040930936826207,0.20366407608595244,4.910046087744851,7.134751179385502,10.081861873652413,0.13027245262233367,0.15055372445653886
100,cap_source,ratio_cap_selected,3656,0,0.0,2428,0.6641137855579868,3656,1.0,0,0.0,0.31871025167292544,0.48484026959082893,0.5041451786514428,1.9835556152196836,11.313959206956737,18.676349528925417,0.03713578566389403,0.09211909611499618
100,cap_source,none_or_inactive,0,0,nan,0,nan,0,nan,0,nan,nan,nan,nan,nan,nan,nan,nan,nan
100,limiter_class,none,1252,0,0.0,0,0.0,1228,0.9808306709265175,24,0.019169329073482427,0.02547864636366967,0.043842482767667106,1.0,0.13569268255317565,0.9029008693414636,0.9912560354619483,0.01919981330120886,0.07296336631534736
100,limiter_class,abs_cap_limiter,1496,0,0.0,1496,1.0,0,0.0,1496,1.0,0.35673757763187847,0.5110806942779923,0.20307651798644116,4.924259760240059,7.134751552637569,10.221613885559846,0.130661686046804,0.15055372733129507
100,limiter_class,ratio_cap_limiter,2428,0,0.0,2428,1.0,2428,1.0,0,0.0,0.3389534010279892,0.5079056900429458,0.2900968174557188,3.4471250280180783,12.701056921511638,20.49308236109943,0.0499268375570454,0.09425015707011744
100,limiter_class,secondary_vector_safety,0,0,nan,0,nan,0,nan,0,nan,nan,nan,nan,nan,nan,nan,nan,nan
100,limiter_class,inactive_or_fallback,0,0,nan,0,nan,0,nan,0,nan,nan,nan,nan,nan,nan,nan,nan,nan
100,normal_agreement_bin,normal_0_0p5,0,0,nan,0,nan,0,nan,0,nan,nan,nan,nan,nan,nan,nan,nan,nan
100,normal_agreement_bin,normal_0p5_0p9,0,0,nan,0,nan,0,nan,0,nan,nan,nan,nan,nan,nan,nan,nan,nan
100,normal_agreement_bin,normal_0p9_0p99,960,0,0.0,792,0.825,624,0.65,336,0.35,0.323017662219157,0.46021117971232184,0.2684741008530017,3.724754070589224,6.881373411690561,10.55481948382395,0.07866231898909176,0.14626911108492696
100,normal_agreement_bin,normal_0p99_1p01,4216,0,0.0,3132,0.7428842504743833,3032,0.7191650853889943,1184,0.2808349146110057,0.3347347574485041,0.4848402752771003,0.35847428091732547,2.7896012704878363,10.114712567440664,17.615856714805762,0.05505206057452443,0.14360576316073426
100,c_x_tangent:c_0_0p05,t_0_0p005,172,0,0.0,0,0.0,172,1.0,0,0.0,0.0003353586025736005,0.0006902429575750354,1.0,0.002382087093847656,0.029120651647575845,0.05285200757482874,0.01599258470361995,0.024600326689331698
100,c_x_tangent:c_0_0p05,t_0p005_0p01,524,0,0.0,0,0.0,524,1.0,0,0.0,0.008618360482743975,0.009894130374538467,1.0,0.11747100964103918,0.6736447160160579,0.7403729248630551,0.020367504778955166,0.028177520782737924
100,c_x_tangent:c_0_0p05,t_0p01_0p02,100,0,0.0,52,0.52,100,1.0,0,0.0,0.024560188682315087,0.025879632047807213,0.984826303360982,1.0154074851445718,1.70184794738134,1.7513274836380255,0.027465352115903265,0.02973009881654101
100,c_x_tangent:c_0_0p05,t_0p02_0p05,0,0,nan,0,nan,0,nan,0,nan,nan,nan,nan,nan,nan,nan,nan,nan
100,c_x_tangent:c_0_0p05,t_0p05_0p10,0,0,nan,0,nan,0,nan,0,nan,nan,nan,nan,nan,nan,nan,nan,nan
100,c_x_tangent:c_0_0p05,t_0p10_inf,0,0,nan,0,nan,0,nan,0,nan,nan,nan,nan,nan,nan,nan,nan,nan
100,c_x_tangent:c_0p05_0p10,t_0_0p005,20,0,0.0,0,0.0,20,1.0,0,0.0,0.014193610340393386,0.0141936103403934,1.0,0.08588364019120079,0.5011535794395937,0.5011535794395943,0.04430247910096157,0.05664375521877003
100,c_x_tangent:c_0p05_0p10,t_0p005_0p01,68,0,0.0,0,0.0,68,1.0,0,0.0,0.014133513636115771,0.014133516636282924,1.0,0.3577195554678253,0.8450553395262635,0.8450554914246577,0.03559847480412716,0.04694524764567799
100,c_x_tangent:c_0p05_0p10,t_0p01_0p02,396,0,0.0,336,0.8484848484848485,396,1.0,0,0.0,0.05389557405901216,0.05746676963143527,0.6522519484629008,1.5331498853420118,2.8480999408476126,2.917258110526748,0.04012827515417984,0.05675766292406162
100,c_x_tangent:c_0p05_0p10,t_0p02_0p05,96,0,0.0,96,1.0,96,1.0,0,0.0,0.09146106494793019,0.0914610754370691,0.3840555356869541,2.60445083473849,4.0501496565881325,4.0501501322178015,0.04938689029342412,0.05712376752133515
100,c_x_tangent:c_0p05_0p10,t_0p05_0p10,0,0,nan,0,nan,0,nan,0,nan,nan,nan,nan,nan,nan,nan,nan,nan
100,c_x_tangent:c_0p05_0p10,t_0p10_inf,0,0,nan,0,nan,0,nan,0,nan,nan,nan,nan,nan,nan,nan,nan,nan
100,c_x_tangent:c_0p10_0p30,t_0_0p005,0,0,nan,0,nan,0,nan,0,nan,nan,nan,nan,nan,nan,nan,nan,nan
100,c_x_tangent:c_0p10_0p30,t_0p005_0p01,16,0,0.0,0,0.0,16,1.0,0,0.0,0.030758210704336358,0.030758210704336365,1.0,0.7891778527318201,0.8097208852648999,0.8097208852649002,0.0741347432787583,0.07597237829495732
100,c_x_tangent:c_0p10_0p30,t_0p01_0p02,56,0,0.0,16,0.2857142857142857,56,1.0,0,0.0,0.04013533833035025,0.04013535514980228,1.0,0.766292226041886,1.3736389341752706,1.3736392595905818,0.06077344758693005,0.08952616479681888
100,c_x_tangent:c_0p10_0p30,t_0p02_0p05,752,0,0.0,720,0.9574468085106383,544,0.723404255319149,208,0.2765957446808511,0.13955766951842577,0.1626306219559501,0.4681531403287296,2.1360531711862834,3.5198965787943832,3.9055981388496908,0.0856599187007475,0.12393577596395508
100,c_x_tangent:c_0p10_0p30,t_0p05_0p10,180,0,0.0,180,1.0,16,0.08888888888888889,164,0.9111111111111111,0.25818204233424974,0.26652385886136326,0.27242914766366355,3.6706791787000093,5.163640846684994,5.330477177227265,0.11517400750456616,0.12623342663068668
100,c_x_tangent:c_0p10_0p30,t_0p10_inf,0,0,nan,0,nan,0,nan,0,nan,nan,nan,nan,nan,nan,nan,nan,nan
100,c_x_tangent:c_0p30_0p70,t_0_0p005,0,0,nan,0,nan,0,nan,0,nan,nan,nan,nan,nan,nan,nan,nan,nan
100,c_x_tangent:c_0p30_0p70,t_0p005_0p01,0,0,nan,0,nan,0,nan,0,nan,nan,nan,nan,nan,nan,nan,nan,nan
100,c_x_tangent:c_0p30_0p70,t_0p01_0p02,0,0,nan,0,nan,0,nan,0,nan,nan,nan,nan,nan,nan,nan,nan,nan
100,c_x_tangent:c_0p30_0p70,t_0p02_0p05,16,0,0.0,16,1.0,0,0.0,16,1.0,0.09841917084784794,0.09841917084784797,0.5160318545167397,1.9383307891437553,1.9683834169569587,1.9683834169569594,0.13815754852865053,0.14210375705311334
100,c_x_tangent:c_0p30_0p70,t_0p05_0p10,916,0,0.0,916,1.0,8,0.008733624454148471,908,0.9912663755458515,0.3566808154827749,0.3838569039388791,0.18489367725758132,5.408513773063575,7.133616309655498,7.677138078777582,0.1390522471745385,0.15207587088637123
100,c_x_tangent:c_0p30_0p70,t_0p10_inf,72,0,0.0,72,1.0,24,0.3333333333333333,48,0.6666666666666666,0.608514434159742,0.6085144409486462,0.09783190429658811,10.221614382240695,21.818884875351774,21.818905235694952,0.10513076305536352,0.13700405932469814
100,c_x_tangent:c_0p70_0p90,t_0_0p005,0,0,nan,0,nan,0,nan,0,nan,nan,nan,nan,nan,nan,nan,nan,nan
100,c_x_tangent:c_0p70_0p90,t_0p005_0p01,0,0,nan,0,nan,0,nan,0,nan,nan,nan,nan,nan,nan,nan,nan,nan
100,c_x_tangent:c_0p70_0p90,t_0p01_0p02,0,0,nan,0,nan,0,nan,0,nan,nan,nan,nan,nan,nan,nan,nan,nan
100,c_x_tangent:c_0p70_0p90,t_0p02_0p05,156,0,0.0,156,1.0,152,0.9743589743589743,4,0.02564102564102564,0.1821136131001122,0.18592297602217944,0.21179814328743662,4.721476706445362,6.9647332380272555,7.454668386954306,0.06086708048198877,0.09685631785591522
100,c_x_tangent:c_0p70_0p90,t_0p05_0p10,624,0,0.0,624,1.0,452,0.7243589743589743,172,0.27564102564102566,0.4126352333417847,0.43692240593561893,0.1572234957736261,6.360403077964827,18.376669129066595,20.505336049238124,0.08678842396843767,0.12123055676627417
100,c_x_tangent:c_0p70_0p90,t_0p10_inf,16,0,0.0,16,1.0,16,1.0,0,0.0,0.5079056900429457,0.5079056900429458,0.06708720591953433,16.164909221316186,20.676100787576022,20.676100787576047,0.06616869687765503,0.08320771792581641
100,c_x_tangent:c_0p90_0p95,t_0_0p005,0,0,nan,0,nan,0,nan,0,nan,nan,nan,nan,nan,nan,nan,nan,nan
100,c_x_tangent:c_0p90_0p95,t_0p005_0p01,0,0,nan,0,nan,0,nan,0,nan,nan,nan,nan,nan,nan,nan,nan,nan
100,c_x_tangent:c_0p90_0p95,t_0p01_0p02,52,0,0.0,52,1.0,52,1.0,0,0.0,0.06028432651223796,0.06028432662059352,0.27157664160439055,3.682201805325802,4.1271895098096865,4.127189536897844,0.02863751629553717,0.041458023505518304
100,c_x_tangent:c_0p90_0p95,t_0p02_0p05,416,0,0.0,416,1.0,416,1.0,0,0.0,0.1722234100794923,0.18605207069605478,0.17750853794855054,5.633548271901505,11.313958983202424,15.328698902157413,0.036142844229576615,0.0517121695443076
100,c_x_tangent:c_0p90_0p95,t_0p05_0p10,8,0,0.0,8,1.0,8,1.0,0,0.0,0.24103281814364433,0.24103281814364455,0.063378389223913,15.778248899116775,15.778261157930855,15.778261157930881,0.030552543221944728,0.030552544906351408
100,c_x_tangent:c_0p90_0p95,t_0p10_inf,0,0,nan,0,nan,0,nan,0,nan,nan,nan,nan,nan,nan,nan,nan,nan
100,c_x_tangent:c_0p95_1,t_0_0p005,0,0,nan,0,nan,0,nan,0,nan,nan,nan,nan,nan,nan,nan,nan,nan
100,c_x_tangent:c_0p95_1,t_0p005_0p01,120,0,0.0,0,0.0,120,1.0,0,0.0,0.0021103896335575942,0.002110424101656176,1.0,0.024536432926189698,0.33374889869114616,0.3337540070029812,0.010828740556542753,0.013002567496905771
100,c_x_tangent:c_0p95_1,t_0p01_0p02,328,0,0.0,176,0.5365853658536586,328,1.0,0,0.0,0.033523102464838306,0.04012399508936945,0.6988096481670418,1.4310048560762891,3.0477700676712356,3.568760150437166,0.016878961503002957,0.024247274583279157
100,c_x_tangent:c_0p95_1,t_0p02_0p05,72,0,0.0,72,1.0,72,1.0,0,0.0,0.06456160482101646,0.06456166360277173,0.1934911410924171,5.168195269066354,7.569501237201173,7.569507341525634,0.017247088567324306,0.022303679278352022
100,c_x_tangent:c_0p95_1,t_0p05_0p10,0,0,nan,0,nan,0,nan,0,nan,nan,nan,nan,nan,nan,nan,nan,nan
100,c_x_tangent:c_0p95_1,t_0p10_inf,0,0,nan,0,nan,0,nan,0,nan,nan,nan,nan,nan,nan,nan,nan,nan
200,region,none_or_unknown,0,0,nan,0,nan,0,nan,0,nan,nan,nan,nan,nan,nan,nan,nan,nan
200,region,sphere_upper,2152,0,0.0,1872,0.8698884758364313,1656,0.7695167286245354,496,0.23048327137546468,0.4079602210182234,0.5532927188375503,0.1960527479898432,5.100668195819092,14.033576125024705,20.38494407851151,0.0494028734913136,0.13635915482897903
200,region,sphere_lower90,2688,0,0.0,2068,0.7693452380952381,1656,0.6160714285714286,1032,0.38392857142857145,0.2968436940264216,0.32929104731189,0.4841458122325586,2.0654934417148265,5.936873880528431,6.5858209462378,0.07780347053401368,0.14789702438564142
200,region,sphere_bottom120,388,0,0.0,0,0.0,388,1.0,0,0.0,0.002569185420082729,0.0036359469719860647,1.0,0.029254197329497987,0.22632536415071594,0.33803731128341175,0.016782589991555907,0.022705175207263076
200,region,outer_or_other_wall,0,0,nan,0,nan,0,nan,0,nan,nan,nan,nan,nan,nan,nan,nan,nan
200,theta_zone,sphere11,5228,0,0.0,3940,0.7536342769701607,3700,0.7077276205049732,1528,0.29227237949502677,0.3332977442560298,0.4829838895608094,0.35172176461827265,2.843156440178446,9.435608547681376,17.56857101456708,0.05861024243608789,0.14453488980323567
200,theta_zone,outer90,0,0,nan,0,nan,0,nan,0,nan,nan,nan,nan,nan,nan,nan,nan,nan
200,theta_zone,fallback,0,0,nan,0,nan,0,nan,0,nan,nan,nan,nan,nan,nan,nan,nan,nan
200,c_bin,c_0_0p05,828,0,0.0,56,0.06763285024154589,828,1.0,0,0.0,0.015698606380125733,0.021382770801940586,1.0,0.09916169029370825,1.0931650075950252,1.4434142902448237,0.020362280276755882,0.029126399927978275
200,c_bin,c_0p05_0p10,544,0,0.0,404,0.7426470588235294,544,1.0,0,0.0,0.06934894667924743,0.09287763761637408,0.6306814737069868,1.5855864516239264,3.004227369692654,4.016602856026158,0.04152973409093247,0.05483799948383309
200,c_bin,c_0p10_0p30,1052,0,0.0,956,0.908745247148289,672,0.6387832699619772,380,0.3612167300380228,0.21009741402774493,0.25606642687132625,0.4620589996071991,2.164225782530176,4.208358847591008,5.121328537426525,0.09054141422193746,0.12668504129518623
200,c_bin,c_0p30_0p70,1004,0,0.0,1004,1.0,32,0.03187250996015936,972,0.9681274900398407,0.45755241874470975,0.597522508087787,0.18489205197153374,5.408561316383473,9.151048374894195,17.568571130298555,0.13892976702984303,0.15206476125940976
200,c_bin,c_0p70_0p90,796,0,0.0,796,1.0,620,0.7788944723618091,176,0.22110552763819097,0.4136385734097615,0.48420321633590924,0.16662315604546757,6.001566791395572,17.365823482421014,20.3884464732757,0.07563366962163573,0.1182847838720761
200,c_bin,c_0p90_0p95,476,0,0.0,476,1.0,476,1.0,0,0.0,0.17512040470178158,0.2428326268206013,0.17849400147493907,5.6024291728001065,11.516328453041627,15.821855423672474,0.034220801349634004,0.04990045318168773
200,c_bin,c_0p95_1,528,0,0.0,248,0.4696969696969697,528,1.0,0,0.0,0.050473714009216644,0.06670693759100564,1.0,0.939671169503789,5.63553866546473,7.783814585067242,0.014775737988352956,0.024473565820120318
200,tangent_bin,t_0_0p005,212,0,0.0,0,0.0,212,1.0,0,0.0,0.0021113055810591153,0.013376710962046342,1.0,0.0017896631384407835,0.09340106384060624,0.46178843452223634,0.015792438016325357,0.04520942219486257
200,tangent_bin,t_0p005_0p01,712,0,0.0,0,0.0,712,1.0,0,0.0,0.00881936716045472,0.030399692038722618,1.0,0.11508421078158766,0.6055690214769097,0.7946696324104285,0.01982920861918991,0.04269206966159999
200,tangent_bin,t_0p01_0p02,972,0,0.0,640,0.6584362139917695,972,1.0,0,0.0,0.0548214638689449,0.06061513411418854,0.7008547737100412,1.4268291199707541,3.29322753283793,4.116795728390965,0.030621089178732658,0.05963811626069355
200,tangent_bin,t_0p02_0p05,1516,0,0.0,1484,0.978891820580475,1272,0.8390501319261213,244,0.16094986807387862,0.1729019466635159,0.18593077883121523,0.35185159085090456,2.842107371410882,8.150292863303061,12.010650937060612,0.06352414596921802,0.11910494712779347
200,tangent_bin,t_0p05_0p10,1736,0,0.0,1736,1.0,492,0.2834101382488479,1244,0.716589861751152,0.37589081761338466,0.4184349158674437,0.18696102636721879,5.348722123638,13.754514289636639,18.595252801760385,0.12634808069306713,0.15063091165191544
200,tangent_bin,t_0p10_inf,80,0,0.0,80,1.0,40,0.5,40,0.5,0.6073745989848407,0.6073746215888876,0.09093790243555336,11.021768141969105,21.553217189796094,21.553515620573258,0.09717195819799396,0.13727247680897217
200,normal_raw_abs_bin,normal_raw_abs_0_1e-4,0,0,nan,0,nan,0,nan,0,nan,nan,nan,nan,nan,nan,nan,nan,nan
200,normal_raw_abs_bin,normal_raw_abs_1e-4_1e-3,0,0,nan,0,nan,0,nan,0,nan,nan,nan,nan,nan,nan,nan,nan,nan
200,normal_raw_abs_bin,normal_raw_abs_1e-3_1e-2,24,0,0.0,0,0.0,24,1.0,0,0.0,0.0010105388250637836,0.0010105393956761782,1.0,0.007780066390840846,0.20377131089320505,0.20377143021488148,0.009118324843052222,0.009918363148218536
200,normal_raw_abs_bin,normal_raw_abs_1e-2_5e-2,2352,0,0.0,1196,0.5085034013605442,2352,1.0,0,0.0,0.18007342531098733,0.3415459612927688,0.9147758477012784,1.0931639729152902,11.310360691096554,19.437818687493202,0.02487839036615864,0.04758178094503753
200,normal_raw_abs_bin,normal_raw_abs_5e-2_inf,2852,0,0.0,2744,0.9621318373071529,1324,0.4642356241234222,1528,0.5357643758765779,0.376965494944861,0.5247096531353663,0.237622324675049,4.208358795275277,8.918809359916587,14.033575899647078,0.10701265455490175,0.14771567824334852
200,cap_source,abs_cap_selected,1528,0,0.0,1504,0.9842931937172775,0,0.0,1528,1.0,0.3552205657768172,0.49964050850593583,0.2072513988994717,4.825247335127708,7.104411315536344,9.992810170118716,0.1308940735006017,0.1507819859470187
200,cap_source,ratio_cap_selected,3700,0,0.0,2436,0.6583783783783784,3700,1.0,0,0.0,0.3162384668803181,0.4829838895608092,0.5219158788923505,1.9160175814582945,11.292422654003753,18.595088042764775,0.0373030404759062,0.09324485342665326
200,cap_source,none_or_inactive,0,0,nan,0,nan,0,nan,0,nan,nan,nan,nan,nan,nan,nan,nan,nan
200,limiter_class,none,1288,0,0.0,0,0.0,1264,0.9813664596273292,24,0.018633540372670808,0.023360472869272886,0.04184271028012191,1.0,0.1546122222750192,0.9185662973025855,0.9773642927393715,0.018967366034400412,0.07351583966342583
200,limiter_class,abs_cap_limiter,1504,0,0.0,1504,1.0,0,0.0,1504,1.0,0.355220568178156,0.5087999865585078,0.20574351858822004,4.860420424720278,7.10441136356312,10.175999731170155,0.13097463682948352,0.15078198722453307
200,limiter_class,ratio_cap_limiter,2436,0,0.0,2436,1.0,2436,1.0,0,0.0,0.3390146095188682,0.5073765734726358,0.29309965944471505,3.4118088089714127,12.718711711535624,20.31501537145899,0.050915364163720715,0.09593106769929989
200,limiter_class,secondary_vector_safety,0,0,nan,0,nan,0,nan,0,nan,nan,nan,nan,nan,nan,nan,nan,nan
200,limiter_class,inactive_or_fallback,0,0,nan,0,nan,0,nan,0,nan,nan,nan,nan,nan,nan,nan,nan,nan
200,normal_agreement_bin,normal_0_0p5,0,0,nan,0,nan,0,nan,0,nan,nan,nan,nan,nan,nan,nan,nan,nan
200,normal_agreement_bin,normal_0p5_0p9,0,0,nan,0,nan,0,nan,0,nan,nan,nan,nan,nan,nan,nan,nan,nan
200,normal_agreement_bin,normal_0p9_0p99,960,0,0.0,800,0.8333333333333334,624,0.65,336,0.35,0.32354276725946907,0.4575524193213663,0.27035565650667537,3.698831431608345,6.826730820636092,10.494193205904416,0.07992000370545035,0.14684058973817082
200,normal_agreement_bin,normal_0p99_1p01,4268,0,0.0,3140,0.7357075913776945,3076,0.7207122774133083,1192,0.27928772258669166,0.3332977442560298,0.4829839031916302,0.36909222111101436,2.70934997489211,10.104310820507237,17.56857113029855,0.054134413013922564,0.1441636702247092
200,c_x_tangent:c_0_0p05,t_0_0p005,192,0,0.0,0,0.0,192,1.0,0,0.0,0.0003764047279767114,0.0008626312897349464,1.0,0.001705719553110455,0.029775616814396152,0.06385867416216627,0.015730842269688544,0.02528274938468961
200,c_x_tangent:c_0_0p05,t_0p005_0p01,516,0,0.0,0,0.0,516,1.0,0,0.0,0.007399403867239696,0.011108506099930698,1.0,0.12334522926458306,0.5819815230603216,0.7627795343865733,0.02074351125263329,0.029126394334115888
200,c_x_tangent:c_0_0p05,t_0p01_0p02,120,0,0.0,56,0.4666666666666667,120,1.0,0,0.0,0.0274907816534363,0.027490815917010424,1.0,0.9302377745155127,1.8377314506053073,1.8377331280559752,0.02746547803117945,0.029918170736405982
200,c_x_tangent:c_0_0p05,t_0p02_0p05,0,0,nan,0,nan,0,nan,0,nan,nan,nan,nan,nan,nan,nan,nan,nan
200,c_x_tangent:c_0_0p05,t_0p05_0p10,0,0,nan,0,nan,0,nan,0,nan,nan,nan,nan,nan,nan,nan,nan,nan
200,c_x_tangent:c_0_0p05,t_0p10_inf,0,0,nan,0,nan,0,nan,0,nan,nan,nan,nan,nan,nan,nan,nan,nan
200,c_x_tangent:c_0p05_0p10,t_0_0p005,20,0,0.0,0,0.0,20,1.0,0,0.0,0.013376717212111035,0.013376717212111047,1.0,0.09340166470111946,0.46178855764195587,0.4617885576419562,0.0452094234616207,0.05793438139921417
200,c_x_tangent:c_0p05_0p10,t_0p005_0p01,52,0,0.0,0,0.0,52,1.0,0,0.0,0.009550626081971271,0.00955063836466032,1.0,0.339905718870642,0.5478988118005003,0.5478993272874781,0.03677891671487973,0.04823526711278834
200,c_x_tangent:c_0p05_0p10,t_0p01_0p02,392,0,0.0,324,0.826530612244898,392,1.0,0,0.0,0.055146919494892574,0.05843481162788519,0.6384243973565815,1.5665866089118956,2.8873512912534154,3.0042269625054576,0.039401546832083,0.05276835624764082
200,c_x_tangent:c_0p05_0p10,t_0p02_0p05,80,0,0.0,80,1.0,80,1.0,0,0.0,0.09287763855485688,0.09287766543439106,0.37808854242456325,2.646381367062331,4.016603062204299,4.016603095517133,0.04991254196261599,0.054962160151682656
200,c_x_tangent:c_0p05_0p10,t_0p05_0p10,0,0,nan,0,nan,0,nan,0,nan,nan,nan,nan,nan,nan,nan,nan,nan
200,c_x_tangent:c_0p05_0p10,t_0p10_inf,0,0,nan,0,nan,0,nan,0,nan,nan,nan,nan,nan,nan,nan,nan,nan
200,c_x_tangent:c_0p10_0p30,t_0_0p005,0,0,nan,0,nan,0,nan,0,nan,nan,nan,nan,nan,nan,nan,nan,nan
200,c_x_tangent:c_0p10_0p30,t_0p005_0p01,16,0,0.0,0,0.0,16,1.0,0,0.0,0.030544579476809317,0.030544579476809334,1.0,0.7930166563638568,0.7951361337150674,0.7951361337150676,0.07537806559208114,0.07724030651008373
200,c_x_tangent:c_0p10_0p30,t_0p01_0p02,88,0,0.0,40,0.45454545454545453,88,1.0,0,0.0,0.04261896655155325,0.04261899844541009,1.0,0.9185659208564245,1.4843114244342566,1.4843115225033576,0.05968747235548302,0.09054140071303407
200,c_x_tangent:c_0p10_0p30,t_0p02_0p05,776,0,0.0,744,0.9587628865979382,552,0.711340206185567,224,0.28865979381443296,0.13880469291223263,0.16215453875254776,0.4839688896328572,2.0662492574462576,3.4641107215638516,3.7825398655818843,0.08685444015880253,0.12470496013811269
200,c_x_tangent:c_0p10_0p30,t_0p05_0p10,172,0,0.0,172,1.0,16,0.09302325581395349,156,0.9069767441860465,0.25606642909232596,0.26137131322598256,0.27741684319879667,3.6046837981099618,5.1213285818465195,5.227426264519652,0.11620301243695269,0.12716597266027746
200,c_x_tangent:c_0p10_0p30,t_0p10_inf,0,0,nan,0,nan,0,nan,0,nan,nan,nan,nan,nan,nan,nan,nan,nan
200,c_x_tangent:c_0p30_0p70,t_0_0p005,0,0,nan,0,nan,0,nan,0,nan,nan,nan,nan,nan,nan,nan,nan,nan
200,c_x_tangent:c_0p30_0p70,t_0p005_0p01,0,0,nan,0,nan,0,nan,0,nan,nan,nan,nan,nan,nan,nan,nan,nan
200,c_x_tangent:c_0p30_0p70,t_0p01_0p02,0,0,nan,0,nan,0,nan,0,nan,nan,nan,nan,nan,nan,nan,nan,nan
200,c_x_tangent:c_0p30_0p70,t_0p02_0p05,16,0,0.0,16,1.0,0,0.0,16,1.0,0.09615849466966461,0.09615849466966465,0.5263261034080682,1.9002387843722008,1.9231698933932921,1.923169893393293,0.13865785884380183,0.14265147585614535
200,c_x_tangent:c_0p30_0p70,t_0p05_0p10,924,0,0.0,924,1.0,8,0.008658008658008658,916,0.9913419913419913,0.35522055225373045,0.38683948776849514,0.187522862817588,5.332683092477824,7.104411045074608,7.7367897553699025,0.139850186937298,0.15229753892240377
200,c_x_tangent:c_0p30_0p70,t_0p10_inf,64,0,0.0,64,1.0,24,0.375,40,0.625,0.60737461030657,0.6073746215888876,0.09667033992626431,10.346541266345719,21.553217367639014,21.55351562057326,0.10480697460833635,0.13727247760197642
200,c_x_tangent:c_0p70_0p90,t_0_0p005,0,0,nan,0,nan,0,nan,0,nan,nan,nan,nan,nan,nan,nan,nan,nan
200,c_x_tangent:c_0p70_0p90,t_0p005_0p01,0,0,nan,0,nan,0,nan,0,nan,nan,nan,nan,nan,nan,nan,nan,nan
200,c_x_tangent:c_0p70_0p90,t_0p01_0p02,0,0,nan,0,nan,0,nan,0,nan,nan,nan,nan,nan,nan,nan,nan,nan
200,c_x_tangent:c_0p70_0p90,t_0p02_0p05,148,0,0.0,148,1.0,144,0.972972972972973,4,0.02702702702702703,0.18492714980168543,0.18668352075739267,0.21226869539522708,4.71101025112719,7.206417543490896,7.418895946786842,0.061294837939385144,0.09693137156607108
200,c_x_tangent:c_0p70_0p90,t_0p05_0p10,632,0,0.0,632,1.0,460,0.7278481012658228,172,0.2721518987341772,0.40979669215783115,0.43891545826843087,0.1581425218061125,6.32340997588258,17.686014516292914,20.384943746242744,0.08724756363772229,0.12023467922855945
200,c_x_tangent:c_0p70_0p90,t_0p10_inf,16,0,0.0,16,1.0,16,1.0,0,0.0,0.5073765734726355,0.5073765734726359,0.06774166516285095,15.9998051221432,20.450433149252387,20.450433149252415,0.06662883274785164,0.0836383339010627
200,c_x_tangent:c_0p90_0p95,t_0_0p005,0,0,nan,0,nan,0,nan,0,nan,nan,nan,nan,nan,nan,nan,nan,nan
200,c_x_tangent:c_0p90_0p95,t_0p005_0p01,0,0,nan,0,nan,0,nan,0,nan,nan,nan,nan,nan,nan,nan,nan,nan
200,c_x_tangent:c_0p90_0p95,t_0p01_0p02,52,0,0.0,52,1.0,52,1.0,0,0.0,0.0611480577705027,0.061148058298753714,0.27035564280722196,3.698831619035431,4.158519424148166,4.158519500591621,0.028881771340537377,0.041770659490433244
200,c_x_tangent:c_0p90_0p95,t_0p02_0p05,416,0,0.0,416,1.0,416,1.0,0,0.0,0.17347118171404086,0.18714236547023744,0.17783824149110353,5.623102667619525,11.31035981555147,15.384763321356061,0.036343426720807356,0.052004625448267956
200,c_x_tangent:c_0p90_0p95,t_0p05_0p10,8,0,0.0,8,1.0,8,1.0,0,0.0,0.24283264908665364,0.2428326490866537,0.06320371166817512,15.821855609526313,15.821991933483625,15.821991933483647,0.030695848027054915,0.030695849112410543
200,c_x_tangent:c_0p90_0p95,t_0p10_inf,0,0,nan,0,nan,0,nan,0,nan,nan,nan,nan,nan,nan,nan,nan,nan
200,c_x_tangent:c_0p95_1,t_0_0p005,0,0,nan,0,nan,0,nan,0,nan,nan,nan,nan,nan,nan,nan,nan,nan
200,c_x_tangent:c_0p95_1,t_0p005_0p01,128,0,0.0,0,0.0,128,1.0,0,0.0,0.00231912305546623,0.0023196046656113987,1.0,0.025346905853563716,0.3628941484258961,0.36295962737810133,0.01114289899900117,0.01312544527512989
200,c_x_tangent:c_0p95_1,t_0p01_0p02,320,0,0.0,168,0.525,320,1.0,0,0.0,0.03495694447412308,0.041456450558775795,0.7448857677128096,1.3554082886800702,2.8169213751637914,3.6554331004140876,0.016742505040807626,0.024543603984699326
200,c_x_tangent:c_0p95_1,t_0p02_0p05,80,0,0.0,80,1.0,80,1.0,0,0.0,0.06670889078758116,0.06670891410904844,0.19090804325323668,5.238231962360503,7.783982784052748,7.783985506666597,0.017471011119355787,0.02246591686896038
200,c_x_tangent:c_0p95_1,t_0p05_0p10,0,0,nan,0,nan,0,nan,0,nan,nan,nan,nan,nan,nan,nan,nan,nan
200,c_x_tangent:c_0p95_1,t_0p10_inf,0,0,nan,0,nan,0,nan,0,nan,nan,nan,nan,nan,nan,nan,nan,nan
300,region,none_or_unknown,0,0,nan,0,nan,0,nan,0,nan,nan,nan,nan,nan,nan,nan,nan,nan
300,region,sphere_upper,2152,0,0.0,1880,0.8736059479553904,1640,0.7620817843866171,512,0.2379182156133829,0.4089202962775683,0.5519090458137903,0.19669987980269163,5.0838972902781805,14.064163466921975,20.336174204397246,0.04952625860701729,0.13668745667003712
300,region,sphere_lower90,2688,0,0.0,2076,0.7723214285714286,1640,0.6101190476190477,1048,0.3898809523809524,0.29257042572297187,0.3253613821861604,0.48942125740991904,2.0432295999812844,5.851408514459437,6.5072276437232075,0.07889069273946017,0.14812561292483667
300,region,sphere_bottom120,420,0,0.0,0,0.0,420,1.0,0,0.0,0.0029397396739630033,0.003796003401824391,1.0,0.03339598912489203,0.2475544367423462,0.35314742193613413,0.016377454412396165,0.02316818923834558
300,region,outer_or_other_wall,0,0,nan,0,nan,0,nan,0,nan,nan,nan,nan,nan,nan,nan,nan,nan
300,theta_zone,sphere11,5260,0,0.0,3956,0.7520912547528517,3700,0.7034220532319392,1560,0.2965779467680608,0.3321021171220436,0.48233874323006615,0.356698486859657,2.8034882031710207,9.406720095481248,17.51891894883367,0.05911388346913496,0.1448545635441502
300,theta_zone,outer90,0,0,nan,0,nan,0,nan,0,nan,nan,nan,nan,nan,nan,nan,nan,nan
300,theta_zone,fallback,0,0,nan,0,nan,0,nan,0,nan,nan,nan,nan,nan,nan,nan,nan,nan
300,c_bin,c_0_0p05,844,0,0.0,56,0.06635071090047394,844,1.0,0,0.0,0.014337410240651046,0.019829768189450144,1.0,0.09844923879763988,1.18709032504312,1.3746652850418488,0.02046170732697604,0.029726532627612216
300,c_bin,c_0p05_0p10,552,0,0.0,404,0.7318840579710145,552,1.0,0,0.0,0.06960403879363368,0.09401009851433255,0.6158933226840697,1.623701702335801,3.118979897178652,3.980430589233126,0.04202986755740523,0.05510024511328535
300,c_bin,c_0p10_0p30,1052,0,0.0,956,0.908745247148289,664,0.6311787072243346,388,0.3688212927756654,0.18529391488125146,0.25412398351400145,0.4749467353867486,2.105499260218532,4.168777138666231,5.082479670280029,0.09134477507383522,0.12710325919281368
300,c_bin,c_0p30_0p70,1012,0,0.0,1012,1.0,24,0.023715415019762844,988,0.9762845849802372,0.45531711426751664,0.5979374171309388,0.18778229798863905,5.3253155952991325,9.106342285350332,17.518919044187385,0.13941160317437318,0.1523871530219247
300,c_bin,c_0p70_0p90,804,0,0.0,804,1.0,620,0.7711442786069652,184,0.22885572139303484,0.41137744823686123,0.48233877226611366,0.16872071414551332,5.926954524016244,16.973827642383505,20.33692551177106,0.07594153286871808,0.11840574394603806
300,c_bin,c_0p90_0p95,468,0,0.0,468,1.0,468,1.0,0,0.0,0.17872260916166213,0.24419536055342767,0.17822920467313416,5.610752748619525,11.874065996134416,15.854933063718063,0.033684971475566816,0.05076415001390023
300,c_bin,c_0p95_1,528,0,0.0,256,0.48484848484848486,528,1.0,0,0.0,0.05136161095042388,0.06781624805280823,1.0,0.9679251379409897,5.723385901842204,7.895560849971748,0.014809887186945852,0.024630957240152393
300,tangent_bin,t_0_0p005,228,0,0.0,0,0.0,228,1.0,0,0.0,0.002634501763338172,0.0121780400602894,1.0,0.0024445601974113834,0.11482350589057018,0.4127788169650618,0.016268929427824097,0.04587893342434903
300,tangent_bin,t_0p005_0p01,712,0,0.0,0,0.0,712,1.0,0,0.0,0.008881202374864295,0.030223765547719703,1.0,0.12196346442291645,0.6022419723466562,0.8070592973573483,0.0198735977917164,0.04377214189303956
300,tangent_bin,t_0p01_0p02,956,0,0.0,624,0.6527196652719666,956,1.0,0,0.0,0.05635739178846558,0.06115682975490615,0.7274541900837396,1.3746570074535085,3.34439969457242,4.1338304520569435,0.030115618308672,0.06083432339107985
300,tangent_bin,t_0p02_0p05,1548,0,0.0,1516,0.979328165374677,1288,0.8320413436692506,260,0.16795865633074936,0.17353348943244856,0.185207300168751,0.36175359859057776,2.764312515192919,8.200022758123687,11.773799085056629,0.06450845408095486,0.1203237126845163
300,tangent_bin,t_0p05_0p10,1736,0,0.0,1736,1.0,476,0.27419354838709675,1260,0.7258064516129032,0.37383759712074927,0.4191144634792161,0.1883015245833938,5.3106319257454535,13.780709356873313,18.567769513928354,0.12671139778200588,0.1510069117757995
300,tangent_bin,t_0p10_inf,80,0,0.0,80,1.0,40,0.5,40,0.5,0.6071508019564161,0.607150835398875,0.09135219289524357,10.971103056596945,21.39694423521336,21.397682915505165,0.09752192666820353,0.13754834664471674
300,normal_raw_abs_bin,normal_raw_abs_0_1e-4,0,0,nan,0,nan,0,nan,0,nan,nan,nan,nan,nan,nan,nan,nan,nan
300,normal_raw_abs_bin,normal_raw_abs_1e-4_1e-3,0,0,nan,0,nan,0,nan,0,nan,nan,nan,nan,nan,nan,nan,nan,nan
300,normal_raw_abs_bin,normal_raw_abs_1e-3_1e-2,24,0,0.0,0,0.0,24,1.0,0,0.0,0.0010553963735770967,0.0010553967900583537,1.0,0.009201090464653654,0.2126495274899224,0.21264961240327138,0.009151838295948175,0.009926157928837989
300,normal_raw_abs_bin,normal_raw_abs_1e-2_5e-2,2364,0,0.0,1196,0.505922165820643,2364,1.0,0,0.0,0.18105789342930015,0.3426151813457546,0.9703497544982552,1.0305562456886252,11.330951467808772,19.184557740687985,0.024864490250815396,0.048114592647472774
300,normal_raw_abs_bin,normal_raw_abs_5e-2_inf,2872,0,0.0,2760,0.9610027855153204,1312,0.4568245125348189,1560,0.5431754874651811,0.3741621276328762,0.522654483177554,0.23987852678932034,4.168776644515065,8.764572892093785,14.064163417129206,0.1070141148096321,0.1480231130359186
300,cap_source,abs_cap_selected,1560,0,0.0,1536,0.9846153846153847,0,0.0,1560,1.0,0.3738376264837892,0.48617779557158514,0.21192016754523246,4.718775667360799,7.4767525296757835,9.723555911431703,0.13098000430963286,0.15107605444349428
300,cap_source,ratio_cap_selected,3700,0,0.0,2420,0.654054054054054,3700,1.0,0,0.0,0.315563597484224,0.48233874323006604,0.5378610694476771,1.859216174591154,11.247556112509262,18.56758264991174,0.03763918545960796,0.09334944273826658
300,cap_source,none_or_inactive,0,0,nan,0,nan,0,nan,0,nan,nan,nan,nan,nan,nan,nan,nan,nan
300,limiter_class,none,1304,0,0.0,0,0.0,1280,0.9815950920245399,24,0.018404907975460124,0.022885594745925452,0.03992655191427426,1.0,0.15398045386224485,0.8872488240926114,0.9840652224815595,0.01911579443909899,0.07450928018206925
300,limiter_class,abs_cap_limiter,1536,0,0.0,1536,1.0,0,0.0,1536,1.0,0.37383818438154504,0.49545103268839374,0.2087655740928692,4.790061792252926,7.4767636876309,9.909020653767874,0.1311380389771499,0.15107609428705515
300,limiter_class,ratio_cap_limiter,2420,0,0.0,2420,1.0,2420,1.0,0,0.0,0.3387328367415372,0.5077105499919384,0.29494368412966676,3.3904777699658766,12.759226079730006,20.235274740378497,0.05042645300571899,0.0946356665041314
300,limiter_class,secondary_vector_safety,0,0,nan,0,nan,0,nan,0,nan,nan,nan,nan,nan,nan,nan,nan,nan
300,limiter_class,inactive_or_fallback,0,0,nan,0,nan,0,nan,0,nan,nan,nan,nan,nan,nan,nan,nan,nan
300,normal_agreement_bin,normal_0_0p5,0,0,nan,0,nan,0,nan,0,nan,nan,nan,nan,nan,nan,nan,nan,nan
300,normal_agreement_bin,normal_0p5_0p9,0,0,nan,0,nan,0,nan,0,nan,nan,nan,nan,nan,nan,nan,nan,nan
300,normal_agreement_bin,normal_0p9_0p99,960,0,0.0,800,0.8333333333333334,616,0.6416666666666667,344,0.35833333333333334,0.32418592449284295,0.4553171451752495,0.2754650254194499,3.630224920486013,6.788921993972284,10.453090912019084,0.08103763611380621,0.14726746002907287
300,normal_agreement_bin,normal_0p99_1p01,4300,0,0.0,3156,0.7339534883720931,3084,0.7172093023255814,1216,0.2827906976744186,0.3321021171220436,0.4823387604837342,0.3774981461739538,2.649019631315471,10.08738585098149,17.51891904418734,0.053811752079390596,0.14455388027225133
300,c_x_tangent:c_0_0p05,t_0_0p005,208,0,0.0,0,0.0,208,1.0,0,0.0,0.0004231287941957177,0.0010381356855159538,1.0,0.0020151112907293017,0.032587022364410224,0.07464335846456133,0.015937559734125223,0.02596912045704099
300,c_x_tangent:c_0_0p05,t_0p005_0p01,508,0,0.0,0,0.0,508,1.0,0,0.0,0.00825241246022798,0.008628399764515121,1.0,0.13929975756323168,0.5827326963092072,0.6511124787009632,0.02077474294710374,0.028800057103284142
300,c_x_tangent:c_0_0p05,t_0p01_0p02,128,0,0.0,56,0.4375,128,1.0,0,0.0,0.023708934886201447,0.02370902677902891,1.0,0.9512205141549346,1.5544270195092462,1.5544312474320472,0.028303974706656788,0.03050504731149962
300,c_x_tangent:c_0_0p05,t_0p02_0p05,0,0,nan,0,nan,0,nan,0,nan,nan,nan,nan,nan,nan,nan,nan,nan
300,c_x_tangent:c_0_0p05,t_0p05_0p10,0,0,nan,0,nan,0,nan,0,nan,nan,nan,nan,nan,nan,nan,nan,nan
300,c_x_tangent:c_0_0p05,t_0p10_inf,0,0,nan,0,nan,0,nan,0,nan,nan,nan,nan,nan,nan,nan,nan,nan
300,c_x_tangent:c_0p05_0p10,t_0_0p005,20,0,0.0,0,0.0,20,1.0,0,0.0,0.012178053825402085,0.012178053825402116,1.0,0.11772327429119948,0.41277910346210617,0.4127791034621073,0.04606847863293895,0.05900518569501689
300,c_x_tangent:c_0p05_0p10,t_0p005_0p01,60,0,0.0,0,0.0,60,1.0,0,0.0,0.010719271246217863,0.01071929705196297,1.0,0.3695544802045322,0.5960200980529509,0.5960211134037692,0.037816764580464665,0.04937066963343456
300,c_x_tangent:c_0p05_0p10,t_0p01_0p02,368,0,0.0,300,0.8152173913043478,368,1.0,0,0.0,0.0564175876595437,0.057523591802346424,0.6201145586920157,1.612605261372222,2.8747124747411377,3.1189797693259673,0.03961794193659421,0.0529187644813863
300,c_x_tangent:c_0p05_0p10,t_0p02_0p05,104,0,0.0,104,1.0,104,1.0,0,0.0,0.09401009851438329,0.09401016572791175,0.3952134617675267,2.5302781831561822,3.980430591738423,3.980435782651486,0.05004902121859878,0.056482028595006735
300,c_x_tangent:c_0p05_0p10,t_0p05_0p10,0,0,nan,0,nan,0,nan,0,nan,nan,nan,nan,nan,nan,nan,nan,nan
300,c_x_tangent:c_0p05_0p10,t_0p10_inf,0,0,nan,0,nan,0,nan,0,nan,nan,nan,nan,nan,nan,nan,nan,nan
300,c_x_tangent:c_0p10_0p30,t_0_0p005,0,0,nan,0,nan,0,nan,0,nan,nan,nan,nan,nan,nan,nan,nan,nan
300,c_x_tangent:c_0p10_0p30,t_0p005_0p01,16,0,0.0,0,0.0,16,1.0,0,0.0,0.03027692582851101,0.030276925828511023,1.0,0.7870546217961181,0.812702118151872,0.8127021181518722,0.07638467214893127,0.0782600948125845
300,c_x_tangent:c_0p10_0p30,t_0p01_0p02,88,0,0.0,40,0.45454545454545453,88,1.0,0,0.0,0.042578769156307934,0.042578968550147894,1.0,0.8802793393898177,1.4481818458032825,1.4481865883871874,0.06091737491910067,0.09134474743181119
300,c_x_tangent:c_0p10_0p30,t_0p02_0p05,784,0,0.0,752,0.9591836734693877,544,0.6938775510204082,240,0.30612244897959184,0.13770908274970603,0.1609306522509847,0.49737721426970666,2.0105464651578244,3.3960845177717838,3.753729904112385,0.08822160064500859,0.1251310095880777
300,c_x_tangent:c_0p10_0p30,t_0p05_0p10,164,0,0.0,164,1.0,16,0.0975609756097561,148,0.9024390243902439,0.2541239844094102,0.25718823883228603,0.27885217050841526,3.5861295187615614,5.0824796881882035,5.14376477664572,0.11239696761552326,0.12797838676997822
300,c_x_tangent:c_0p10_0p30,t_0p10_inf,0,0,nan,0,nan,0,nan,0,nan,nan,nan,nan,nan,nan,nan,nan,nan
300,c_x_tangent:c_0p30_0p70,t_0_0p005,0,0,nan,0,nan,0,nan,0,nan,nan,nan,nan,nan,nan,nan,nan,nan
300,c_x_tangent:c_0p30_0p70,t_0p005_0p01,0,0,nan,0,nan,0,nan,0,nan,nan,nan,nan,nan,nan,nan,nan,nan
300,c_x_tangent:c_0p30_0p70,t_0p01_0p02,0,0,nan,0,nan,0,nan,0,nan,nan,nan,nan,nan,nan,nan,nan,nan
300,c_x_tangent:c_0p30_0p70,t_0p02_0p05,16,0,0.0,16,1.0,0,0.0,16,1.0,0.09395644230798365,0.09395644230798379,0.5357082250507161,1.8667685312395619,1.879128846159673,1.8791288461596756,0.13904912261007582,0.1430939573400906
300,c_x_tangent:c_0p30_0p70,t_0p05_0p10,932,0,0.0,932,1.0,0,0.0,932,1.0,0.35386000703663417,0.3842529921244289,0.19002215902896297,5.262544144806057,7.077200140732684,7.685059842488578,0.14008792528988145,0.15252293961499527
300,c_x_tangent:c_0p30_0p70,t_0p10_inf,64,0,0.0,64,1.0,24,0.375,40,0.625,0.6071508185366298,0.6071508353988752,0.09695111163136486,10.316290897238066,21.396944351465123,21.397682915505165,0.10513762956122469,0.137548348269375
300,c_x_tangent:c_0p70_0p90,t_0_0p005,0,0,nan,0,nan,0,nan,0,nan,nan,nan,nan,nan,nan,nan,nan,nan
300,c_x_tangent:c_0p70_0p90,t_0p005_0p01,0,0,nan,0,nan,0,nan,0,nan,nan,nan,nan,nan,nan,nan,nan,nan
300,c_x_tangent:c_0p70_0p90,t_0p01_0p02,0,0,nan,0,nan,0,nan,0,nan,nan,nan,nan,nan,nan,nan,nan,nan
300,c_x_tangent:c_0p70_0p90,t_0p02_0p05,156,0,0.0,156,1.0,152,0.9743589743589743,4,0.02564102564102564,0.1838436374022781,0.18749635031833373,0.21056757135138093,4.7490693537575535,6.978097644665042,7.405386689319638,0.05879457901780033,0.09729576320904096
300,c_x_tangent:c_0p70_0p90,t_0p05_0p10,632,0,0.0,632,1.0,452,0.7151898734177216,180,0.2848101265822785,0.4100242772290924,0.44069571168303395,0.15865709877241685,6.302901085027617,17.681201019944158,20.339461247349536,0.0876028453491325,0.12055637126630195
300,c_x_tangent:c_0p70_0p90,t_0p10_inf,16,0,0.0,16,1.0,16,1.0,0,0.0,0.5077105499919383,0.5077105499919384,0.0681046849242045,15.912842143215343,20.336925511771042,20.336925511771057,0.06694622000036227,0.08396448767686247
300,c_x_tangent:c_0p90_0p95,t_0_0p005,0,0,nan,0,nan,0,nan,0,nan,nan,nan,nan,nan,nan,nan,nan,nan
300,c_x_tangent:c_0p90_0p95,t_0p005_0p01,0,0,nan,0,nan,0,nan,0,nan,nan,nan,nan,nan,nan,nan,nan,nan
300,c_x_tangent:c_0p90_0p95,t_0p01_0p02,52,0,0.0,52,1.0,52,1.0,0,0.0,0.061871642052435755,0.06187164451770353,0.2691282630517243,3.715700419795038,4.19302675686442,4.193026876596268,0.02901542942608762,0.041966694201390806
300,c_x_tangent:c_0p90_0p95,t_0p02_0p05,408,0,0.0,408,1.0,408,1.0,0,0.0,0.1744126310851856,0.18801664866294662,0.17664323038001564,5.661128353736981,11.330951216540736,15.424343995447392,0.03595878773130837,0.052232705598459064
300,c_x_tangent:c_0p90_0p95,t_0p05_0p10,8,0,0.0,8,1.0,8,1.0,0,0.0,0.2441953775927326,0.2441953775927327,0.06307185140017196,15.854933346657297,15.855250992182564,15.855250992182569,0.03080370807716038,0.030803709685983054
300,c_x_tangent:c_0p90_0p95,t_0p10_inf,0,0,nan,0,nan,0,nan,0,nan,nan,nan,nan,nan,nan,nan,nan,nan
300,c_x_tangent:c_0p95_1,t_0_0p005,0,0,nan,0,nan,0,nan,0,nan,nan,nan,nan,nan,nan,nan,nan,nan
300,c_x_tangent:c_0p95_1,t_0p005_0p01,128,0,0.0,0,0.0,128,1.0,0,0.0,0.0024276561091909417,0.002429256933749859,1.0,0.027779034755861975,0.378060781622479,0.37827649899023313,0.01118712754799803,0.013171660903526247
300,c_x_tangent:c_0p95_1,t_0p01_0p02,320,0,0.0,176,0.55,320,1.0,0,0.0,0.03554358822660599,0.042317675059410094,0.7272027028238375,1.3885733024935767,2.851902356929934,3.714540768947564,0.01680825463124202,0.024705132546705515
300,c_x_tangent:c_0p95_1,t_0p02_0p05,80,0,0.0,80,1.0,80,1.0,0,0.0,0.06782153658064709,0.06782157264072193,0.1884464844154063,5.306568066455697,7.896066418647052,7.896069667970162,0.017499794178175633,0.022531323437611155
300,c_x_tangent:c_0p95_1,t_0p05_0p10,0,0,nan,0,nan,0,nan,0,nan,nan,nan,nan,nan,nan,nan,nan,nan
300,c_x_tangent:c_0p95_1,t_0p10_inf,0,0,nan,0,nan,0,nan,0,nan,nan,nan,nan,nan,nan,nan,nan,nan
400,region,none_or_unknown,0,0,nan,0,nan,0,nan,0,nan,nan,nan,nan,nan,nan,nan,nan,nan
400,region,sphere_upper,2152,0,0.0,1888,0.8773234200743495,1640,0.7620817843866171,512,0.2379182156133829,0.4096814000170729,0.5507637466579431,0.19668149196334012,5.084365297242213,14.087966113457068,20.24742491727226,0.04977019548529121,0.13696699828360434
400,region,sphere_lower90,2688,0,0.0,2100,0.78125,1640,0.6101190476190477,1048,0.3898809523809524,0.2888555933778017,0.3219206652096277,0.49434290628452293,2.0229094477902363,5.777111867556033,6.4384133041925535,0.07998537551749715,0.14848346856789402
400,region,sphere_bottom120,460,0,0.0,0,0.0,460,1.0,0,0.0,0.0035613252872842218,0.004640849375429916,1.0,0.04056844020279525,0.28663541670008896,0.4169410296153696,0.016522466643531745,0.023790275667395677
400,region,outer_or_other_wall,0,0,nan,0,nan,0,nan,0,nan,nan,nan,nan,nan,nan,nan,nan,nan
400,theta_zone,sphere11,5300,0,0.0,3988,0.7524528301886793,3740,0.7056603773584905,1560,0.2943396226415094,0.3311156726585188,0.4819127450341839,0.3662413796937027,2.73043969208668,9.38166959193687,17.46092647973656,0.059448104951541084,0.14513192180508228
400,theta_zone,outer90,0,0,nan,0,nan,0,nan,0,nan,nan,nan,nan,nan,nan,nan,nan,nan
400,theta_zone,fallback,0,0,nan,0,nan,0,nan,0,nan,nan,nan,nan,nan,nan,nan,nan,nan
400,c_bin,c_0_0p05,852,0,0.0,40,0.046948356807511735,852,1.0,0,0.0,0.013448070811363544,0.01633266697280128,1.0,0.09490291994131585,0.9907255927733882,1.3177003015248436,0.02000194678366582,0.029575943357825967
400,c_bin,c_0p05_0p10,568,0,0.0,428,0.7535211267605634,568,1.0,0,0.0,0.06948335029582481,0.09502729236101609,0.6207751227186672,1.6110532034434026,3.2138905423699256,3.94139227507152,0.04193100597590099,0.05444196958557804
400,c_bin,c_0p10_0p30,1052,0,0.0,956,0.908745247148289,680,0.6463878326996197,372,0.35361216730038025,0.18602072616835286,0.2523144515845967,0.48870853344406895,2.046209410244418,4.137586968861343,5.046289031691933,0.09063682872840889,0.12590331025980364
400,c_bin,c_0p30_0p70,1028,0,0.0,1028,1.0,24,0.023346303501945526,1004,0.9766536964980544,0.45319015071846996,0.5982181650114259,0.19040739192651013,5.251896945187756,9.063803014369398,17.460926590913914,0.13957216657646054,0.15269462978085696
400,c_bin,c_0p70_0p90,804,0,0.0,804,1.0,620,0.7711442786069652,184,0.22885572139303484,0.4108688234794438,0.4819127923146385,0.16826039115477429,5.943169352795154,16.97159071868121,20.248543107674358,0.07628055747537187,0.11869391788216997
400,c_bin,c_0p90_0p95,468,0,0.0,468,1.0,468,1.0,0,0.0,0.17960685551822914,0.24544491734880247,0.1777604144191669,5.625549441322366,11.909393909850548,15.883291373649115,0.03376574302554066,0.0509977845480154
400,c_bin,c_0p95_1,528,0,0.0,264,0.5,528,1.0,0,0.0,0.05210011892338993,0.06874772096095218,0.9952720973210251,0.9928541159256952,5.797442690759796,7.990278460314456,0.014833506403254074,0.024775830432182493
400,tangent_bin,t_0_0p005,216,0,0.0,0,0.0,216,1.0,0,0.0,0.0034375258926909614,0.010782067317842592,1.0,0.003498459605086242,0.14655905599632185,0.3596033038227078,0.016657562457697856,0.04690954025920707
400,tangent_bin,t_0p005_0p01,764,0,0.0,0,0.0,764,1.0,0,0.0,0.009939153606922744,0.0297030254928595,1.0,0.11765489979808708,0.6546443703330772,0.814661413146254,0.019811905958247437,0.04478880847867407
400,tangent_bin,t_0p01_0p02,956,0,0.0,656,0.6861924686192469,956,1.0,0,0.0,0.057450750311285964,0.06168569698871397,0.7264738675234335,1.376512005048486,3.3878900985901454,4.152414116659767,0.031073091443568537,0.06215245214539184
400,tangent_bin,t_0p02_0p05,1556,0,0.0,1524,0.9794344473007712,1288,0.8277634961439588,268,0.17223650385604114,0.17421622599054454,0.1856909367220194,0.3702766388518812,2.7006834759142677,8.263478548299775,11.740687190802102,0.06616139737324517,0.12139310918759802
400,tangent_bin,t_0p05_0p10,1728,0,0.0,1728,1.0,476,0.27546296296296297,1252,0.7245370370370371,0.37233589293303765,0.4199110002412716,0.18988926203045053,5.266227217417172,13.808332637307739,18.550785925747952,0.12720572831462618,0.15121898301763176
400,tangent_bin,t_0p10_inf,80,0,0.0,80,1.0,40,0.5,40,0.5,0.6070897961756011,0.6070898499021717,0.09171498796610389,10.927178794644373,21.26726932892975,21.268430096598692,0.09784843656238422,0.13782302806071997
400,normal_raw_abs_bin,normal_raw_abs_0_1e-4,0,0,nan,0,nan,0,nan,0,nan,nan,nan,nan,nan,nan,nan,nan,nan
400,normal_raw_abs_bin,normal_raw_abs_1e-4_1e-3,0,0,nan,0,nan,0,nan,0,nan,nan,nan,nan,nan,nan,nan,nan,nan
400,normal_raw_abs_bin,normal_raw_abs_1e-3_1e-2,24,0,0.0,0,0.0,24,1.0,0,0.0,0.0010882002874355765,0.0010882007177843715,1.0,0.01036066946933706,0.21918909308888718,0.21918918077134064,0.009174758424934946,0.00992932901241709
400,normal_raw_abs_bin,normal_raw_abs_1e-2_5e-2,2356,0,0.0,1196,0.5076400679117148,2356,1.0,0,0.0,0.17661200024565868,0.3417150535781575,0.9740495310421302,1.026641837125167,10.729347831464072,18.54088457265064,0.024486044367925924,0.047063584757768166
400,normal_raw_abs_bin,normal_raw_abs_5e-2_inf,2920,0,0.0,2792,0.9561643835616438,1360,0.4657534246575342,1560,0.5342465753424658,0.3739705627894411,0.5208398572684727,0.24384927003350515,4.100893965614902,8.882033527046094,16.97102559405066,0.1073563873987381,0.14829551674805727
400,cap_source,abs_cap_selected,1560,0,0.0,1536,0.9846153846153847,0,0.0,1560,1.0,0.3719180153266613,0.485015260598473,0.21325102104515664,4.689312491091865,7.438360306533226,9.700305211969459,0.13135571487128875,0.1514652927021319
400,cap_source,ratio_cap_selected,3740,0,0.0,2452,0.6556149732620321,3740,1.0,0,0.0,0.31703040028802226,0.4819097499603717,0.5538593340471416,1.805512588716046,11.210517484529392,18.550776065727593,0.03770249374999282,0.09417568282707661
400,cap_source,none_or_inactive,0,0,nan,0,nan,0,nan,0,nan,nan,nan,nan,nan,nan,nan,nan,nan
400,limiter_class,none,1312,0,0.0,0,0.0,1288,0.9817073170731707,24,0.018292682926829267,0.022231412917828094,0.03819660905625282,1.0,0.14657648067699963,0.8714316967811948,0.9760925660133352,0.01903703171330816,0.0753980549127337
400,limiter_class,abs_cap_limiter,1536,0,0.0,1536,1.0,0,0.0,1536,1.0,0.3719187836517162,0.49434085628549723,0.2124184524067817,4.70768894448491,7.438375673034323,9.886817125709944,0.13185904753128636,0.15146533522397454
400,limiter_class,ratio_cap_limiter,2452,0,0.0,2452,1.0,2452,1.0,0,0.0,0.33900396692511015,0.5082185808434388,0.29999147566065687,3.333428050906283,12.798832859696546,20.177135093451113,0.050754295997232995,0.09530940723774406
400,limiter_class,secondary_vector_safety,0,0,nan,0,nan,0,nan,0,nan,nan,nan,nan,nan,nan,nan,nan,nan
400,limiter_class,inactive_or_fallback,0,0,nan,0,nan,0,nan,0,nan,nan,nan,nan,nan,nan,nan,nan,nan
400,normal_agreement_bin,normal_0_0p5,0,0,nan,0,nan,0,nan,0,nan,nan,nan,nan,nan,nan,nan,nan,nan
400,normal_agreement_bin,normal_0p5_0p9,0,0,nan,0,nan,0,nan,0,nan,nan,nan,nan,nan,nan,nan,nan,nan
400,normal_agreement_bin,normal_0p9_0p99,960,0,0.0,800,0.8333333333333334,616,0.6416666666666667,344,0.35833333333333334,0.3248604920283904,0.45319032482540567,0.28076179674991963,3.5617381409291973,6.756277978396393,10.416811233761646,0.08223728275464694,0.14762678335919946
400,normal_agreement_bin,normal_0p99_1p01,4340,0,0.0,3188,0.7345622119815668,3124,0.719815668202765,1216,0.280184331797235,0.3311156726585188,0.4819127616070653,0.3859713367148874,2.5908659656661195,10.066700374944867,17.46092654755474,0.054011140653912465,0.14470185325207602
400,c_x_tangent:c_0_0p05,t_0_0p005,196,0,0.0,0,0.0,196,1.0,0,0.0,0.00048568323321303785,0.00122600315792783,1.0,0.00336455641428012,0.036416380591442706,0.08578725551648993,0.016078519348024903,0.026673910873628186
400,c_x_tangent:c_0_0p05,t_0p005_0p01,560,0,0.0,0,0.0,560,1.0,0,0.0,0.009059589050677334,0.009939210483958981,1.0,0.12535652026055288,0.6522155593009834,0.7164932662280659,0.020716185018329378,0.029572498471377166
400,c_x_tangent:c_0_0p05,t_0p01_0p02,96,0,0.0,40,0.4166666666666667,96,1.0,0,0.0,0.02138720403468106,0.021387525356895497,1.0,0.9675390208200305,1.4462567933897308,1.4462743873978918,0.027540927696688436,0.030864332541567868
400,c_x_tangent:c_0_0p05,t_0p02_0p05,0,0,nan,0,nan,0,nan,0,nan,nan,nan,nan,nan,nan,nan,nan,nan
400,c_x_tangent:c_0_0p05,t_0p05_0p10,0,0,nan,0,nan,0,nan,0,nan,nan,nan,nan,nan,nan,nan,nan,nan
400,c_x_tangent:c_0_0p05,t_0p10_inf,0,0,nan,0,nan,0,nan,0,nan,nan,nan,nan,nan,nan,nan,nan,nan
400,c_x_tangent:c_0p05_0p10,t_0_0p005,20,0,0.0,0,0.0,20,1.0,0,0.0,0.010782086295862213,0.01078208629586225,1.0,0.14656775428148516,0.35960365366724206,0.3596036536672433,0.046909543934736044,0.05996650026164292
400,c_x_tangent:c_0p05_0p10,t_0p005_0p01,60,0,0.0,0,0.0,60,1.0,0,0.0,0.011595058845460728,0.011595098944031686,1.0,0.3978990909303788,0.6254396413708638,0.625441055513637,0.03878502347850687,0.050422410529029515
400,c_x_tangent:c_0p05_0p10,t_0p01_0p02,400,0,0.0,340,0.85,400,1.0,0,0.0,0.05761317433717889,0.05925596373514804,0.6270367075056555,1.5948029645313566,2.827506000840689,3.213890559241124,0.040264846279830534,0.05444190036582077
400,c_x_tangent:c_0p05_0p10,t_0p02_0p05,88,0,0.0,88,1.0,88,1.0,0,0.0,0.09502729251609635,0.0950274286071977,0.38594518967192726,2.591041491798487,3.941392297602034,3.941407675454602,0.05075422058070621,0.05619677470545567
400,c_x_tangent:c_0p05_0p10,t_0p05_0p10,0,0,nan,0,nan,0,nan,0,nan,nan,nan,nan,nan,nan,nan,nan,nan
400,c_x_tangent:c_0p05_0p10,t_0p10_inf,0,0,nan,0,nan,0,nan,0,nan,nan,nan,nan,nan,nan,nan,nan,nan
400,c_x_tangent:c_0p10_0p30,t_0_0p005,0,0,nan,0,nan,0,nan,0,nan,nan,nan,nan,nan,nan,nan,nan,nan
400,c_x_tangent:c_0p10_0p30,t_0p005_0p01,16,0,0.0,0,0.0,16,1.0,0,0.0,0.031070299903236988,0.031070299903236995,1.0,0.7771351139371361,0.8241669982441688,0.824166998244169,0.07728249072993565,0.07916697236950074
400,c_x_tangent:c_0p10_0p30,t_0p01_0p02,88,0,0.0,40,0.45454545454545453,88,1.0,0,0.0,0.04242221479554031,0.042422693721288464,1.0,0.8418311364605809,1.4116098780649675,1.4116216739357321,0.06216708240251875,0.09205911122870486
400,c_x_tangent:c_0p10_0p30,t_0p02_0p05,808,0,0.0,776,0.9603960396039604,560,0.693069306930693,248,0.3069306930693069,0.13710081929985135,0.15856914108354214,0.5015839243296933,1.9937930514106914,3.2907835392174487,3.672027443900986,0.08908696240452602,0.12474236020091246
400,c_x_tangent:c_0p10_0p30,t_0p05_0p10,140,0,0.0,140,1.0,16,0.11428571428571428,124,0.8857142857142857,0.25231446101248056,0.25365864032013585,0.28128420501182827,3.5551231892241146,5.046289220249611,5.073172806402717,0.11254118459512846,0.12790264805220522
400,c_x_tangent:c_0p10_0p30,t_0p10_inf,0,0,nan,0,nan,0,nan,0,nan,nan,nan,nan,nan,nan,nan,nan,nan
400,c_x_tangent:c_0p30_0p70,t_0_0p005,0,0,nan,0,nan,0,nan,0,nan,nan,nan,nan,nan,nan,nan,nan,nan
400,c_x_tangent:c_0p30_0p70,t_0p005_0p01,0,0,nan,0,nan,0,nan,0,nan,nan,nan,nan,nan,nan,nan,nan,nan
400,c_x_tangent:c_0p30_0p70,t_0p01_0p02,0,0,nan,0,nan,0,nan,0,nan,nan,nan,nan,nan,nan,nan,nan,nan
400,c_x_tangent:c_0p30_0p70,t_0p02_0p05,16,0,0.0,16,1.0,0,0.0,16,1.0,0.09180723954386585,0.09180723954386585,0.5449166776438652,1.8351433586144767,1.836144790877317,1.836144790877317,0.13940888874539026,0.14350690719184409
400,c_x_tangent:c_0p30_0p70,t_0p05_0p10,948,0,0.0,948,1.0,0,0.0,948,1.0,0.3522317812666582,0.38189612281458873,0.1923223017043528,5.199604991922614,7.044635625333164,7.637922456291775,0.14005578524960743,0.15273002235085495
400,c_x_tangent:c_0p30_0p70,t_0p10_inf,64,0,0.0,64,1.0,24,0.375,40,0.625,0.6070898243499967,0.6070898499021719,0.09721772515564883,10.287807366960651,21.267269376676893,21.268430096598692,0.10544676760961805,0.1378230314035491
400,c_x_tangent:c_0p70_0p90,t_0_0p005,0,0,nan,0,nan,0,nan,0,nan,nan,nan,nan,nan,nan,nan,nan,nan
400,c_x_tangent:c_0p70_0p90,t_0p005_0p01,0,0,nan,0,nan,0,nan,0,nan,nan,nan,nan,nan,nan,nan,nan,nan
400,c_x_tangent:c_0p70_0p90,t_0p01_0p02,0,0,nan,0,nan,0,nan,0,nan,nan,nan,nan,nan,nan,nan,nan,nan
400,c_x_tangent:c_0p70_0p90,t_0p02_0p05,156,0,0.0,156,1.0,152,0.9743589743589743,4,0.02564102564102564,0.18475455739236066,0.18826606814695873,0.2112029408380245,4.734782555735903,6.992430504994261,7.3970106642343225,0.059134233196647776,0.09763230209089671
400,c_x_tangent:c_0p70_0p90,t_0p05_0p10,632,0,0.0,632,1.0,452,0.7151898734177216,180,0.2848101265822785,0.4102127952215148,0.44228337564947906,0.15918477397409037,6.282007851848724,17.67406636327956,20.310771506872992,0.0879393145194935,0.1208777342191784
400,c_x_tangent:c_0p70_0p90,t_0p10_inf,16,0,0.0,16,1.0,16,1.0,0,0.0,0.5082185808434387,0.5082185808434391,0.06840783878213176,15.842790355336106,20.24854310767433,20.24854310767435,0.06723176603068477,0.08426870908550108
400,c_x_tangent:c_0p90_0p95,t_0_0p005,0,0,nan,0,nan,0,nan,0,nan,nan,nan,nan,nan,nan,nan,nan,nan
400,c_x_tangent:c_0p90_0p95,t_0p005_0p01,0,0,nan,0,nan,0,nan,0,nan,nan,nan,nan,nan,nan,nan,nan,nan
400,c_x_tangent:c_0p90_0p95,t_0p01_0p02,52,0,0.0,52,1.0,52,1.0,0,0.0,0.06263232440922732,0.06263232697971649,0.26783717635521564,3.7336116427458554,4.230445350328072,4.230445420765937,0.029132053121405953,0.042146719040457185
400,c_x_tangent:c_0p90_0p95,t_0p02_0p05,408,0,0.0,408,1.0,408,1.0,0,0.0,0.17529616019168498,0.18890252452273193,0.17497533412041616,5.715091244299682,11.361085975702803,15.460176111089106,0.036117419317293745,0.052459609587130224
400,c_x_tangent:c_0p90_0p95,t_0p05_0p10,8,0,0.0,8,1.0,8,1.0,0,0.0,0.24544495651365325,0.24544495651365336,0.06295924255658375,15.883291465923593,15.8837295900201,15.883729590020105,0.030906054560389355,0.030906057282416178
400,c_x_tangent:c_0p90_0p95,t_0p10_inf,0,0,nan,0,nan,0,nan,0,nan,nan,nan,nan,nan,nan,nan,nan,nan
400,c_x_tangent:c_0p95_1,t_0_0p005,0,0,nan,0,nan,0,nan,0,nan,nan,nan,nan,nan,nan,nan,nan,nan
400,c_x_tangent:c_0p95_1,t_0p005_0p01,128,0,0.0,0,0.0,128,1.0,0,0.0,0.0025191668085285225,0.0025219402710725627,1.0,0.02979073134655063,0.39083445209558565,0.39120895307649206,0.011221820829165325,0.013204294315891105
400,c_x_tangent:c_0p95_1,t_0p01_0p02,320,0,0.0,184,0.575,320,1.0,0,0.0,0.03600654936349637,0.04312960040202761,0.7114839447345414,1.4194465491176054,2.883268493581562,3.7705961564905772,0.016864297471557974,0.02484696318991346
400,c_x_tangent:c_0p95_1,t_0p02_0p05,80,0,0.0,80,1.0,80,1.0,0,0.0,0.06875566122579983,0.06875570054607093,0.1863517996724311,5.366195192770355,7.9911082486697325,7.991112257689389,0.017520148582606213,0.022583601931652104
400,c_x_tangent:c_0p95_1,t_0p05_0p10,0,0,nan,0,nan,0,nan,0,nan,nan,nan,nan,nan,nan,nan,nan,nan
400,c_x_tangent:c_0p95_1,t_0p10_inf,0,0,nan,0,nan,0,nan,0,nan,nan,nan,nan,nan,nan,nan,nan,nan
500,region,none_or_unknown,0,0,nan,0,nan,0,nan,0,nan,nan,nan,nan,nan,nan,nan,nan,nan
500,region,sphere_upper,2152,0,0.0,1888,0.8773234200743495,1624,0.7546468401486989,528,0.24535315985130113,0.41028881104755416,0.5496994761172482,0.19678438459500724,5.0817040340268225,14.10372442916596,20.16670979024569,0.04988755535474961,0.13722239713023282
500,region,sphere_lower90,2688,0,0.0,2116,0.7872023809523809,1600,0.5952380952380952,1088,0.40476190476190477,0.28632762870540535,0.3187981545365565,0.507499013468249,1.9705063109126812,5.726552574108106,6.37596309073113,0.08103516947251536,0.148910369642184
500,region,sphere_bottom120,468,0,0.0,0,0.0,468,1.0,0,0.0,0.004233210237545325,0.005578446828381082,1.0,0.05343805477926135,0.32881524209512103,0.48431799436291656,0.0171028735377758,0.024435286936939807
500,region,outer_or_other_wall,0,0,nan,0,nan,0,nan,0,nan,nan,nan,nan,nan,nan,nan,nan,nan
500,theta_zone,sphere11,5308,0,0.0,4004,0.7543330821401658,3692,0.6955538809344386,1616,0.3044461190655614,0.33163555717353005,0.48152793403481486,0.36892346878005855,2.7105892810418384,9.357703009382123,17.39702280663673,0.059461252588071015,0.14545502513414393
500,theta_zone,outer90,0,0,nan,0,nan,0,nan,0,nan,nan,nan,nan,nan,nan,nan,nan,nan
500,theta_zone,fallback,0,0,nan,0,nan,0,nan,0,nan,nan,nan,nan,nan,nan,nan,nan,nan
500,c_bin,c_0_0p05,836,0,0.0,64,0.07655502392344497,836,1.0,0,0.0,0.014993465098209948,0.018362394903499977,1.0,0.11375000885409635,1.0370328563859432,1.437376637596217,0.020116307612361543,0.03021641471205564
500,c_bin,c_0p05_0p10,592,0,0.0,428,0.722972972972973,592,1.0,0,0.0,0.07091170160591498,0.0959689674160393,0.6454723041063817,1.549253149419792,3.291791271059104,3.9013415347087776,0.042462569252634766,0.0559258315004828
500,c_bin,c_0p10_0p30,1044,0,0.0,940,0.9003831417624522,640,0.6130268199233716,404,0.38697318007662834,0.1816103413920061,0.2506014122945392,0.510281314582079,1.9597033468458511,3.735646196472801,5.012028245890784,0.09128639951481865,0.12646474184198858
500,c_bin,c_0p30_0p70,1036,0,0.0,1036,1.0,24,0.023166023166023165,1012,0.9768339768339769,0.4511318615162426,0.5983729174911229,0.19224911825013485,5.201584325078617,9.022637230324852,17.397022971659133,0.13958044932659625,0.152974355661607
500,c_bin,c_0p70_0p90,828,0,0.0,828,1.0,628,0.7584541062801933,200,0.24154589371980675,0.41038307571126714,0.4815287283145709,0.1678690751168325,5.957023348726064,16.960839818147644,20.1681154626848,0.0755390031282033,0.11897723788026827
500,c_bin,c_0p90_0p95,444,0,0.0,444,1.0,444,1.0,0,0.0,0.1761198926095396,0.18980408800791734,0.17668405774539356,5.659820205403214,11.394368741618884,15.4926276059649,0.033846455646902016,0.04747797346417494
500,c_bin,c_0p95_1,528,0,0.0,264,0.5,528,1.0,0,0.0,0.05281177941710702,0.06964602541419837,0.9829776948233779,1.0174405792638033,5.869043723844045,8.081348875170526,0.01485512364172384,0.024917475195105145
500,tangent_bin,t_0_0p005,216,0,0.0,0,0.0,216,1.0,0,0.0,0.0064456091908115945,0.009309879183807771,1.0,0.00521623554832389,0.3059762323078472,0.3247132962530865,0.0172071281611731,0.04773537396475462
500,tangent_bin,t_0p005_0p01,760,0,0.0,0,0.0,760,1.0,0,0.0,0.010663385038988957,0.02956246677223785,1.0,0.12968691865429624,0.7168410642661336,0.7999918294722667,0.019709090126694223,0.045759628038735865
500,tangent_bin,t_0p01_0p02,944,0,0.0,656,0.6949152542372882,944,1.0,0,0.0,0.05805407834334196,0.062211707078233355,0.7418755996165405,1.3480033035126224,3.4903005029833887,4.171166386508513,0.031587289106279906,0.06339498910478354
500,tangent_bin,t_0p02_0p05,1576,0,0.0,1536,0.9746192893401016,1272,0.8071065989847716,304,0.19289340101522842,0.17494288713499845,0.18561312773093755,0.3819840426365072,2.6179104534113042,8.350316592833444,11.606623314829998,0.06612246084414564,0.12236528605028588
500,tangent_bin,t_0p05_0p10,1732,0,0.0,1732,1.0,460,0.26558891454965355,1272,0.7344110854503464,0.37021836466732955,0.42072928703595824,0.19199747043026444,5.208401953208088,13.832159072289455,18.536475326905727,0.12757608142528676,0.15141544804524099
500,tangent_bin,t_0p10_inf,80,0,0.0,80,1.0,40,0.5,40,0.5,0.6070478527826123,0.6070479401670904,0.09205873422375874,10.885861545709558,21.147755336452846,21.149288088326472,0.09816038287706894,0.13809080407088808
500,normal_raw_abs_bin,normal_raw_abs_0_1e-4,0,0,nan,0,nan,0,nan,0,nan,nan,nan,nan,nan,nan,nan,nan,nan
500,normal_raw_abs_bin,normal_raw_abs_1e-4_1e-3,0,0,nan,0,nan,0,nan,0,nan,nan,nan,nan,nan,nan,nan,nan,nan
500,normal_raw_abs_bin,normal_raw_abs_1e-3_1e-2,24,0,0.0,0,0.0,24,1.0,0,0.0,0.0011197672220690726,0.0011197673278800203,1.0,0.011519133954253972,0.22547245736862118,0.2254724765781936,0.009195740612383974,0.00993263010265043
500,normal_raw_abs_bin,normal_raw_abs_1e-2_5e-2,2324,0,0.0,1188,0.5111876075731497,2324,1.0,0,0.0,0.1773560728162333,0.3443261653282645,0.9642954990954213,1.037026514111194,10.834972744246851,18.532587325701645,0.024705960664480765,0.047162686558588546
500,normal_raw_abs_bin,normal_raw_abs_5e-2_inf,2960,0,0.0,2816,0.9513513513513514,1344,0.4540540540540541,1616,0.5459459459459459,0.37378219749387415,0.5191454982918565,0.24588567845293025,4.066952482657363,8.863997053160793,16.960338201887343,0.10771934596917965,0.14858272872400125
500,cap_source,abs_cap_selected,1616,0,0.0,1592,0.9851485148514851,0,0.0,1616,1.0,0.37009947003352056,0.46788624650404187,0.21620801261372238,4.625186321620345,7.401989400670411,9.357724930080838,0.13066928201819605,0.15141841634112418
500,cap_source,ratio_cap_selected,3692,0,0.0,2412,0.6533044420368364,3692,1.0,0,0.0,0.3132498915491889,0.4815286507709706,0.5644803035424361,1.7715409974881844,11.175582752674813,18.536474791319268,0.0378651110249492,0.09238465012464593
500,cap_source,none_or_inactive,0,0,nan,0,nan,0,nan,0,nan,nan,nan,nan,nan,nan,nan,nan,nan
500,limiter_class,none,1304,0,0.0,0,0.0,1280,0.9815950920245399,24,0.018404907975460124,0.022765674512297683,0.04669254746361909,1.0,0.15449767203293036,0.8321065243435103,0.9934556821049212,0.019562042640089452,0.07694633327799928
500,limiter_class,abs_cap_limiter,1592,0,0.0,1592,1.0,0,0.0,1592,1.0,0.3701529726187346,0.47139319332755947,0.2155781930617245,4.638694451792334,7.403059452374691,9.427863866551188,0.1311040678456225,0.15155960732775725
500,limiter_class,ratio_cap_limiter,2412,0,0.0,2412,1.0,2412,1.0,0,0.0,0.33405596720716496,0.5087523670020497,0.30378596844720074,3.2917912736769614,12.833080710142639,20.125214311154643,0.05045128557439989,0.09479762835405252
500,limiter_class,secondary_vector_safety,0,0,nan,0,nan,0,nan,0,nan,nan,nan,nan,nan,nan,nan,nan,nan
500,limiter_class,inactive_or_fallback,0,0,nan,0,nan,0,nan,0,nan,nan,nan,nan,nan,nan,nan,nan,nan
500,normal_agreement_bin,normal_0_0p5,0,0,nan,0,nan,0,nan,0,nan,nan,nan,nan,nan,nan,nan,nan,nan
500,normal_agreement_bin,normal_0p5_0p9,0,0,nan,0,nan,0,nan,0,nan,nan,nan,nan,nan,nan,nan,nan,nan
500,normal_agreement_bin,normal_0p9_0p99,960,0,0.0,800,0.8333333333333334,600,0.625,360,0.375,0.3255454994928087,0.4511322214814152,0.28489656040456013,3.510045886759656,6.7265363161302645,10.38293814525547,0.0835698694034622,0.14803726714718188
500,normal_agreement_bin,normal_0p99_1p01,4348,0,0.0,3204,0.7368905243790248,3092,0.7111315547378105,1256,0.2888684452621895,0.33163555717353005,0.4815286723496677,0.3911302079140755,2.5566933460165933,10.043412625502377,17.397022900947952,0.05447541243815026,0.14515474553710336
500,c_x_tangent:c_0_0p05,t_0_0p005,188,0,0.0,0,0.0,188,1.0,0,0.0,0.0005682977558495719,0.0014283761408453745,1.0,0.004486781234313293,0.04149405849625968,0.09740132029647716,0.016659835903711572,0.027391834037323516
500,c_x_tangent:c_0_0p05,t_0p005_0p01,540,0,0.0,0,0.0,540,1.0,0,0.0,0.008697911774589189,0.010663357501341017,1.0,0.13090035095956318,0.616983386224449,0.7776608551075547,0.02068314115656737,0.030068866184254663
500,c_x_tangent:c_0_0p05,t_0p01_0p02,108,0,0.0,64,0.5925925925925926,108,1.0,0,0.0,0.022932479719367422,0.02293300175269635,0.9907291555277618,1.0093575973014561,1.5135264720314108,1.513554482226272,0.028325557804330416,0.031693756437089965
500,c_x_tangent:c_0_0p05,t_0p02_0p05,0,0,nan,0,nan,0,nan,0,nan,nan,nan,nan,nan,nan,nan,nan,nan
500,c_x_tangent:c_0_0p05,t_0p05_0p10,0,0,nan,0,nan,0,nan,0,nan,nan,nan,nan,nan,nan,nan,nan,nan
500,c_x_tangent:c_0_0p05,t_0p10_inf,0,0,nan,0,nan,0,nan,0,nan,nan,nan,nan,nan,nan,nan,nan,nan
500,c_x_tangent:c_0p05_0p10,t_0_0p005,28,0,0.0,0,0.0,28,1.0,0,0.0,0.009309892597390668,0.009309899820089194,1.0,0.17808801036724814,0.3247134574879877,0.3247135443067807,0.04720770450542983,0.060853658540101586
500,c_x_tangent:c_0p05_0p10,t_0p005_0p01,76,0,0.0,0,0.0,76,1.0,0,0.0,0.011452728420954461,0.012189193992812215,1.0,0.4242323482838639,0.745252334612309,0.745256047465465,0.03813524077845917,0.05140933073344067
500,c_x_tangent:c_0p05_0p10,t_0p01_0p02,384,0,0.0,324,0.84375,384,1.0,0,0.0,0.05815212973094276,0.06187487603800872,0.6454723041063817,1.549253149419792,2.780478740669438,3.2917916957911744,0.04106284823207293,0.05533453909674079
500,c_x_tangent:c_0p05_0p10,t_0p02_0p05,104,0,0.0,104,1.0,104,1.0,0,0.0,0.09596896779888442,0.09596917717586734,0.3932976584419675,2.542603492635731,3.9013415876039126,3.901367538788399,0.052107035091508255,0.05714412147689183
500,c_x_tangent:c_0p05_0p10,t_0p05_0p10,0,0,nan,0,nan,0,nan,0,nan,nan,nan,nan,nan,nan,nan,nan,nan
500,c_x_tangent:c_0p05_0p10,t_0p10_inf,0,0,nan,0,nan,0,nan,0,nan,nan,nan,nan,nan,nan,nan,nan,nan
500,c_x_tangent:c_0p10_0p30,t_0_0p005,0,0,nan,0,nan,0,nan,0,nan,nan,nan,nan,nan,nan,nan,nan,nan
500,c_x_tangent:c_0p10_0p30,t_0p005_0p01,16,0,0.0,0,0.0,16,1.0,0,0.0,0.031710296370608175,0.031710296370608175,1.0,0.7669227041933915,0.8321074643383072,0.8321074643383073,0.07810895463283488,0.0800011717720777
500,c_x_tangent:c_0p10_0p30,t_0p01_0p02,80,0,0.0,32,0.4,80,1.0,0,0.0,0.04079986018335429,0.04080114242467948,1.0,0.7132714427547339,1.3349193484636583,1.334951203166116,0.06354152051361431,0.09271625838746103
500,c_x_tangent:c_0p10_0p30,t_0p02_0p05,816,0,0.0,776,0.9509803921568627,528,0.6470588235294118,288,0.35294117647058826,0.13554643344394796,0.1551225363401959,0.5205504769092542,1.9210432885153743,3.2232078953365013,3.292301118947005,0.08983678147042178,0.12571176925282201
500,c_x_tangent:c_0p10_0p30,t_0p05_0p10,132,0,0.0,132,1.0,16,0.12121212121212122,116,0.8787878787878788,0.25062286694202957,0.25062835856988885,0.27531763556120004,3.6321683428167777,5.012457338840591,5.012567171397777,0.11165713867875374,0.12848102468234585
500,c_x_tangent:c_0p10_0p30,t_0p10_inf,0,0,nan,0,nan,0,nan,0,nan,nan,nan,nan,nan,nan,nan,nan,nan
500,c_x_tangent:c_0p30_0p70,t_0_0p005,0,0,nan,0,nan,0,nan,0,nan,nan,nan,nan,nan,nan,nan,nan,nan
500,c_x_tangent:c_0p30_0p70,t_0p005_0p01,0,0,nan,0,nan,0,nan,0,nan,nan,nan,nan,nan,nan,nan,nan,nan
500,c_x_tangent:c_0p30_0p70,t_0p01_0p02,0,0,nan,0,nan,0,nan,0,nan,nan,nan,nan,nan,nan,nan,nan,nan
500,c_x_tangent:c_0p30_0p70,t_0p02_0p05,16,0,0.0,16,1.0,0,0.0,16,1.0,0.09078378245366475,0.09078378245366478,0.5539860596251139,1.8051606527560864,1.8156756490732953,1.8156756490732955,0.13975265019463068,0.14390387379644715
500,c_x_tangent:c_0p30_0p70,t_0p05_0p10,956,0,0.0,956,1.0,0,0.0,956,1.0,0.35059459161585793,0.3797139495406769,0.1933634537205743,5.171608081872893,7.011891832317158,7.594278990813538,0.1404600854542815,0.15297872295918205
500,c_x_tangent:c_0p30_0p70,t_0p10_inf,64,0,0.0,64,1.0,24,0.375,40,0.625,0.6070478960717011,0.6070479401670904,0.09748003054255638,10.259984138402064,21.147755738037926,21.149288088326482,0.10574162830111666,0.13809080949336122
500,c_x_tangent:c_0p70_0p90,t_0_0p005,0,0,nan,0,nan,0,nan,0,nan,nan,nan,nan,nan,nan,nan,nan,nan
500,c_x_tangent:c_0p70_0p90,t_0p005_0p01,0,0,nan,0,nan,0,nan,0,nan,nan,nan,nan,nan,nan,nan,nan,nan
500,c_x_tangent:c_0p70_0p90,t_0p01_0p02,0,0,nan,0,nan,0,nan,0,nan,nan,nan,nan,nan,nan,nan,nan,nan
500,c_x_tangent:c_0p70_0p90,t_0p02_0p05,168,0,0.0,168,1.0,168,1.0,0,0.0,0.18449507084278943,0.1889674312707336,0.2007541218089713,4.981217775202422,6.875590722553108,7.389150047531242,0.05835991892069278,0.08289644679916583
500,c_x_tangent:c_0p70_0p90,t_0p05_0p10,644,0,0.0,644,1.0,444,0.6894409937888198,200,0.3105590062111801,0.41028887726653823,0.44371311546488396,0.15972116584848925,6.260910991020608,16.961109590171713,20.286518891773113,0.08788806776260141,0.11977732358629116
500,c_x_tangent:c_0p70_0p90,t_0p10_inf,16,0,0.0,16,1.0,16,1.0,0,0.0,0.5087523670020497,0.5087523670020497,0.06869312265707253,15.77814326398185,20.168115462684764,20.16811546268481,0.06750444744169196,0.084562211706617
500,c_x_tangent:c_0p90_0p95,t_0_0p005,0,0,nan,0,nan,0,nan,0,nan,nan,nan,nan,nan,nan,nan,nan,nan
500,c_x_tangent:c_0p90_0p95,t_0p005_0p01,0,0,nan,0,nan,0,nan,0,nan,nan,nan,nan,nan,nan,nan,nan,nan
500,c_x_tangent:c_0p90_0p95,t_0p01_0p02,52,0,0.0,52,1.0,52,1.0,0,0.0,0.06341640117764225,0.06341640460743286,0.26654810960041053,3.7516679502966817,4.268351719633235,4.268351865715713,0.02924542301948943,0.04232340667445275
500,c_x_tangent:c_0p90_0p95,t_0p02_0p05,392,0,0.0,392,1.0,392,1.0,0,0.0,0.17614543069076916,0.18980409430290335,0.17216438211083057,5.808402340481409,11.39437277975218,15.492627729030183,0.035587956322640626,0.047477992087402617
500,c_x_tangent:c_0p90_0p95,t_0p05_0p10,0,0,nan,0,nan,0,nan,0,nan,nan,nan,nan,nan,nan,nan,nan,nan
500,c_x_tangent:c_0p90_0p95,t_0p10_inf,0,0,nan,0,nan,0,nan,0,nan,nan,nan,nan,nan,nan,nan,nan,nan
500,c_x_tangent:c_0p95_1,t_0_0p005,0,0,nan,0,nan,0,nan,0,nan,nan,nan,nan,nan,nan,nan,nan,nan
500,c_x_tangent:c_0p95_1,t_0p005_0p01,128,0,0.0,0,0.0,128,1.0,0,0.0,0.0026081980084308697,0.0026119630933605417,1.0,0.03184489100973958,0.4031923395469082,0.403702143833548,0.011256098165669113,0.013235187443385305
500,c_x_tangent:c_0p95_1,t_0p01_0p02,320,0,0.0,184,0.575,320,1.0,0,0.0,0.03647741238719927,0.0439381556649756,0.6964659072250255,1.450152997191255,2.9153739190087036,3.825754450257229,0.016921055782996443,0.0249833612854939
500,c_x_tangent:c_0p95_1,t_0p02_0p05,80,0,0.0,80,1.0,80,1.0,0,0.0,0.06965566383755879,0.06965571311388934,0.1843557456197926,5.424296978694775,8.082440064560837,8.082445004633215,0.01753979021698798,0.022637083177106745
500,c_x_tangent:c_0p95_1,t_0p05_0p10,0,0,nan,0,nan,0,nan,0,nan,nan,nan,nan,nan,nan,nan,nan,nan
500,c_x_tangent:c_0p95_1,t_0p10_inf,0,0,nan,0,nan,0,nan,0,nan,nan,nan,nan,nan,nan,nan,nan,nan
600,region,none_or_unknown,0,0,nan,0,nan,0,nan,0,nan,nan,nan,nan,nan,nan,nan,nan,nan
600,region,sphere_upper,2152,0,0.0,1896,0.8810408921933085,1624,0.7546468401486989,528,0.24535315985130113,0.40989140741223484,0.5486756666526938,0.19719622330671455,5.071091164554566,14.112340000389683,20.08950132178562,0.049976848105081045,0.13746498684319788
600,region,sphere_lower90,2688,0,0.0,2116,0.7872023809523809,1584,0.5892857142857143,1104,0.4107142857142857,0.28297251729641376,0.3159201264136951,0.5144415791334271,1.9438833587849418,5.659450345928274,6.318402528273902,0.08204623211355627,0.14949269926532271
600,region,sphere_bottom120,500,0,0.0,0,0.0,500,1.0,0,0.0,0.004944254471330398,0.006596245902009918,1.0,0.04396728081913749,0.38018149789757777,0.5538383527248806,0.017248317369107067,0.025099165705277218
600,region,outer_or_other_wall,0,0,nan,0,nan,0,nan,0,nan,nan,nan,nan,nan,nan,nan,nan,nan
600,theta_zone,sphere11,5340,0,0.0,4012,0.751310861423221,3708,0.6943820224719102,1632,0.3056179775280899,0.3329888260523134,0.48113805629983575,0.37718678279831297,2.6512064736568153,9.356746719599537,17.32954828784176,0.059777413830305756,0.1457471264373818
600,theta_zone,outer90,0,0,nan,0,nan,0,nan,0,nan,nan,nan,nan,nan,nan,nan,nan,nan
600,theta_zone,fallback,0,0,nan,0,nan,0,nan,0,nan,nan,nan,nan,nan,nan,nan,nan,nan
600,c_bin,c_0_0p05,836,0,0.0,56,0.06698564593301436,836,1.0,0,0.0,0.015232848347711641,0.01891140285185261,1.0,0.11188492385631624,1.0551753363652612,1.2937460173227002,0.020177619540957793,0.03006166287270239
600,c_bin,c_0p05_0p10,624,0,0.0,444,0.7115384615384616,624,1.0,0,0.0,0.07181603738460063,0.0968493520692059,0.6708408154326064,1.4906666037532803,3.2764165148493225,3.8612054386924544,0.04293669795522851,0.05737053561421309
600,c_bin,c_0p10_0p30,1036,0,0.0,924,0.8918918918918919,624,0.6023166023166023,412,0.39768339768339767,0.18390168238092922,0.2478993079195652,0.5124876537716176,1.9512665185992337,3.8334816807048195,4.957986158391304,0.09185119379249279,0.12663709607398937
600,c_bin,c_0p30_0p70,1052,0,0.0,1052,1.0,24,0.022813688212927757,1028,0.9771863117870723,0.44913907678079396,0.5984278088322742,0.19437275120759182,5.144754055222597,8.982781535615878,17.329548462200265,0.1399783048905056,0.15323209375680796
600,c_bin,c_0p70_0p90,828,0,0.0,828,1.0,636,0.7681159420289855,192,0.2318840579710145,0.4107756736988169,0.48114323385073493,0.1674448223929747,5.972116579712072,16.94404040742753,20.091139398349355,0.07580156161757837,0.11913887358499295
600,c_bin,c_0p90_0p95,436,0,0.0,436,1.0,436,1.0,0,0.0,0.1769385398951074,0.19071102203461074,0.17687702406848155,5.653645550693386,11.428118115154572,15.521820954596702,0.03382540334815624,0.04764715754917979
600,c_bin,c_0p95_1,528,0,0.0,272,0.5151515151515151,528,1.0,0,0.0,0.05352126313768649,0.07054029519835256,0.9599085684830815,1.0421175922677395,5.940274981726353,8.171297043046376,0.014876802529922493,0.02505692216024083
600,tangent_bin,t_0_0p005,240,0,0.0,0,0.0,240,1.0,0,0.0,0.007075363821584767,0.027412454228544852,1.0,0.0062606736698873275,0.3468023851937831,0.6786869842971088,0.017678670006434517,0.04920335089785625
600,tangent_bin,t_0p005_0p01,748,0,0.0,0,0.0,748,1.0,0,0.0,0.010507834950340357,0.022929481933158934,1.0,0.14908827998230445,0.6347945187286017,0.8203721340376285,0.020177619540957793,0.04046401877610742
600,tangent_bin,t_0p01_0p02,948,0,0.0,656,0.6919831223628692,948,1.0,0,0.0,0.05751449490952739,0.06273142327420522,0.7512334772887527,1.3311440853388543,3.519289839427753,4.189454619121161,0.031216497196686767,0.06459306049092325
600,tangent_bin,t_0p02_0p05,1600,0,0.0,1552,0.97,1272,0.795,328,0.205,0.1740668672602947,0.1853917011032239,0.3894565223678075,2.5676807103402135,8.366883756703256,11.436686197482329,0.06653785734127761,0.12340331536925557
600,tangent_bin,t_0p05_0p10,1724,0,0.0,1724,1.0,460,0.2668213457076566,1264,0.7331786542923434,0.3683636898079017,0.42153758753148896,0.1930130558188639,5.18099668316944,13.85120886184494,18.52240406287749,0.12786582865449697,0.15159677830120233
600,tangent_bin,t_0p10_inf,80,0,0.0,80,1.0,40,0.5,40,0.5,0.6069880018292079,0.6069881265999116,0.09239107520135048,10.846176547183173,21.033971862134965,21.03583734531967,0.09845970859569511,0.13834900400738825
600,normal_raw_abs_bin,normal_raw_abs_0_1e-4,0,0,nan,0,nan,0,nan,0,nan,nan,nan,nan,nan,nan,nan,nan,nan
600,normal_raw_abs_bin,normal_raw_abs_1e-4_1e-3,0,0,nan,0,nan,0,nan,0,nan,nan,nan,nan,nan,nan,nan,nan,nan
600,normal_raw_abs_bin,normal_raw_abs_1e-3_1e-2,24,0,0.0,0,0.0,24,1.0,0,0.0,0.0011523159267872434,0.0011523164188285615,1.0,0.012735712380722478,0.23192541389804452,0.23192550542736112,0.009216694826448775,0.009936952789254397
600,normal_raw_abs_bin,normal_raw_abs_1e-2_5e-2,2356,0,0.0,1204,0.5110356536502547,2356,1.0,0,0.0,0.17806150334002172,0.34424572972751144,0.9477143895565864,1.05517021902335,10.938318423978968,18.514970534584624,0.025099215165651424,0.04729659192551142
600,normal_raw_abs_bin,normal_raw_abs_5e-2_inf,2960,0,0.0,2808,0.9486486486486486,1328,0.4486486486486487,1632,0.5513513513513514,0.3718123509087027,0.5175376873876442,0.2476644418941906,4.037744163241587,8.845632097509565,16.943417945029616,0.10805222192515074,0.14886841465621448
600,cap_source,abs_cap_selected,1632,0,0.0,1608,0.9852941176470589,0,0.0,1632,1.0,0.3681857939832468,0.46671411765410326,0.21967375395666058,4.552238243592845,7.3637158796649365,9.334282353082065,0.1308312179313879,0.1516006013447231
600,cap_source,ratio_cap_selected,3708,0,0.0,2404,0.6483279395900755,3708,1.0,0,0.0,0.3142204369761236,0.4811422159456431,0.5673549065010572,1.762565174896158,11.141465943922585,18.522322603737575,0.03819505820359148,0.09235527073567913
600,cap_source,none_or_inactive,0,0,nan,0,nan,0,nan,0,nan,nan,nan,nan,nan,nan,nan,nan,nan
600,limiter_class,none,1328,0,0.0,0,0.0,1304,0.9819277108433735,24,0.018072289156626505,0.024729844710545946,0.043969180577284855,1.0,0.16424520987084573,0.838295863708181,0.9833007695823783,0.02006464320229022,0.07773270910339922
600,limiter_class,abs_cap_limiter,1608,0,0.0,1608,1.0,0,0.0,1608,1.0,0.36818579848942273,0.46671411765410326,0.2181169226209438,4.584696996380508,7.363715969788454,9.334282353082065,0.13102089899468036,0.15160060515861334
600,limiter_class,ratio_cap_limiter,2404,0,0.0,2404,1.0,2404,1.0,0,0.0,0.3353940426519541,0.5092683270074297,0.3040214131890038,3.2892419961824566,12.861446949448379,20.075396634820446,0.049976853961368715,0.0950785535096381
600,limiter_class,secondary_vector_safety,0,0,nan,0,nan,0,nan,0,nan,nan,nan,nan,nan,nan,nan,nan,nan
600,limiter_class,inactive_or_fallback,0,0,nan,0,nan,0,nan,0,nan,nan,nan,nan,nan,nan,nan,nan,nan
600,normal_agreement_bin,normal_0_0p5,0,0,nan,0,nan,0,nan,0,nan,nan,nan,nan,nan,nan,nan,nan,nan
600,normal_agreement_bin,normal_0p5_0p9,0,0,nan,0,nan,0,nan,0,nan,nan,nan,nan,nan,nan,nan,nan,nan
600,normal_agreement_bin,normal_0p9_0p99,960,0,0.0,800,0.8333333333333334,600,0.625,360,0.375,0.3262323055176804,0.44913963823802855,0.2883113254176699,3.4684728341882627,6.748881337361652,10.350795379558207,0.08431273866339298,0.14846572405638833
600,normal_agreement_bin,normal_0p99_1p01,4380,0,0.0,3212,0.7333333333333333,3108,0.7095890410958904,1272,0.29041095890410956,0.3329888260523134,0.4811431381576566,0.39995029733342524,2.500310680270187,10.018368728641937,17.32954840260494,0.054463543055646234,0.14540243638311431
600,c_x_tangent:c_0_0p05,t_0_0p005,204,0,0.0,0,0.0,204,1.0,0,0.0,0.000673491235290038,0.0016456799976698945,1.0,0.005831116897738672,0.04790485829270542,0.10948712402031248,0.016596268138173415,0.028117882424136223
600,c_x_tangent:c_0_0p05,t_0p005_0p01,532,0,0.0,0,0.0,532,1.0,0,0.0,0.006914770289805393,0.011623980049671682,1.0,0.14971428771396733,0.5544431602125595,0.7750962792292024,0.020284019387701226,0.02999369916936405
600,c_x_tangent:c_0_0p05,t_0p01_0p02,100,0,0.0,56,0.56,100,1.0,0,0.0,0.020406218513477764,0.02040647312524812,0.9566071544296555,1.0453611970202519,1.5517388325813348,1.551753436290672,0.027745919074233287,0.03110874403081231
600,c_x_tangent:c_0_0p05,t_0p02_0p05,0,0,nan,0,nan,0,nan,0,nan,nan,nan,nan,nan,nan,nan,nan,nan
600,c_x_tangent:c_0_0p05,t_0p05_0p10,0,0,nan,0,nan,0,nan,0,nan,nan,nan,nan,nan,nan,nan,nan,nan
600,c_x_tangent:c_0_0p05,t_0p10_inf,0,0,nan,0,nan,0,nan,0,nan,nan,nan,nan,nan,nan,nan,nan,nan
600,c_x_tangent:c_0p05_0p10,t_0_0p005,28,0,0.0,0,0.0,28,1.0,0,0.0,0.007838328130021891,0.007838334796265266,1.0,0.21110321069143048,0.3468043465155337,0.3468044341443271,0.048019857737374536,0.06168413383223553
600,c_x_tangent:c_0p05_0p10,t_0p005_0p01,80,0,0.0,0,0.0,80,1.0,0,0.0,0.0124000888970581,0.012400212518014531,1.0,0.44919816549007124,0.800154256899673,0.8001602686644542,0.03652876006066151,0.052341783986555895
600,c_x_tangent:c_0p05_0p10,t_0p01_0p02,404,0,0.0,332,0.8217821782178217,404,1.0,0,0.0,0.055947948682622886,0.058685483070804324,0.6708408697396488,1.4906664830783147,2.5942409507416064,2.760744319573461,0.04154207896509874,0.056534366159362276
600,c_x_tangent:c_0p05_0p10,t_0p02_0p05,112,0,0.0,112,1.0,112,1.0,0,0.0,0.09684935210490424,0.0968496218144996,0.3997993745798487,2.501268245734293,3.8612054871906625,3.8612394130359826,0.05253157515808303,0.05805373446166976
600,c_x_tangent:c_0p05_0p10,t_0p05_0p10,0,0,nan,0,nan,0,nan,0,nan,nan,nan,nan,nan,nan,nan,nan,nan
600,c_x_tangent:c_0p05_0p10,t_0p10_inf,0,0,nan,0,nan,0,nan,0,nan,nan,nan,nan,nan,nan,nan,nan,nan
600,c_x_tangent:c_0p10_0p30,t_0_0p005,8,0,0.0,0,0.0,8,1.0,0,0.0,0.027412641999405137,0.02741264199940519,1.0,0.6786869394653319,0.6786907494093832,0.6786907494093846,0.08078089840451647,0.0807809735915569
600,c_x_tangent:c_0p10_0p30,t_0p005_0p01,8,0,0.0,0,0.0,8,1.0,0,0.0,0.03226686060678868,0.0322668606067887,1.0,0.8382964685341154,0.8382973048702346,0.8382973048702349,0.07698183668728245,0.07698192381695841
600,c_x_tangent:c_0p10_0p30,t_0p01_0p02,72,0,0.0,24,0.3333333333333333,72,1.0,0,0.0,0.04019929734503325,0.04020103309425591,1.0,0.5883927532828818,1.2951215837274557,1.2951638125775975,0.06513134062014417,0.09333027236322898
600,c_x_tangent:c_0p10_0p30,t_0p02_0p05,816,0,0.0,768,0.9411764705882353,520,0.6372549019607843,296,0.3627450980392157,0.1344659903774385,0.15569607108086111,0.5389464696844154,1.8554718441435538,3.166899120799827,3.2396445984741824,0.09066864696397328,0.12602778016481603
600,c_x_tangent:c_0p10_0p30,t_0p05_0p10,132,0,0.0,132,1.0,16,0.12121212121212122,116,0.8787878787878788,0.24903325726952874,0.24904066790815624,0.27369259266366963,3.6537342513303237,4.980665145390575,4.980813358163124,0.11249808113447263,0.12904748614632386
600,c_x_tangent:c_0p10_0p30,t_0p10_inf,0,0,nan,0,nan,0,nan,0,nan,nan,nan,nan,nan,nan,nan,nan,nan
600,c_x_tangent:c_0p30_0p70,t_0_0p005,0,0,nan,0,nan,0,nan,0,nan,nan,nan,nan,nan,nan,nan,nan,nan
600,c_x_tangent:c_0p30_0p70,t_0p005_0p01,0,0,nan,0,nan,0,nan,0,nan,nan,nan,nan,nan,nan,nan,nan,nan
600,c_x_tangent:c_0p30_0p70,t_0p01_0p02,0,0,nan,0,nan,0,nan,0,nan,nan,nan,nan,nan,nan,nan,nan,nan
600,c_x_tangent:c_0p30_0p70,t_0p02_0p05,32,0,0.0,32,1.0,0,0.0,32,1.0,0.11857501169448073,0.11857503673802178,0.540261067919368,1.8525375430652702,2.3715002338896145,2.3715007347604353,0.13679061352875058,0.1442870171649616
600,c_x_tangent:c_0p30_0p70,t_0p05_0p10,956,0,0.0,956,1.0,0,0.0,956,1.0,0.34922036852773003,0.37767461680759534,0.194658680560794,5.13719705239495,6.9844073705546,7.553492336151907,0.14068815257264905,0.15324411097716534
600,c_x_tangent:c_0p30_0p70,t_0p10_inf,64,0,0.0,64,1.0,24,0.375,40,0.625,0.6069880654406568,0.6069881265999117,0.09773881244935949,10.23271171500512,21.03397302133364,21.03583734531968,0.10602394912308223,0.13834901255571305
600,c_x_tangent:c_0p70_0p90,t_0_0p005,0,0,nan,0,nan,0,nan,0,nan,nan,nan,nan,nan,nan,nan,nan,nan
600,c_x_tangent:c_0p70_0p90,t_0p005_0p01,0,0,nan,0,nan,0,nan,0,nan,nan,nan,nan,nan,nan,nan,nan,nan
600,c_x_tangent:c_0p70_0p90,t_0p01_0p02,0,0,nan,0,nan,0,nan,0,nan,nan,nan,nan,nan,nan,nan,nan,nan
600,c_x_tangent:c_0p70_0p90,t_0p02_0p05,176,0,0.0,176,1.0,176,1.0,0,0.0,0.18534920115986825,0.1895993796782241,0.1988573794902465,5.029328455031964,7.089671172272738,7.380660174364949,0.05823911529928241,0.08321671764204383
600,c_x_tangent:c_0p70_0p90,t_0p05_0p10,636,0,0.0,636,1.0,444,0.6981132075471698,192,0.3018867924528302,0.4101092827578121,0.44501202719977045,0.15705962980865523,6.367008512743194,17.335359461407727,20.263271360945723,0.08814132985138524,0.11946189830470771
600,c_x_tangent:c_0p70_0p90,t_0p10_inf,16,0,0.0,16,1.0,16,1.0,0,0.0,0.5092683270074295,0.5092683270074297,0.0689705806695466,15.716004953517876,20.091139398349327,20.091139398349362,0.06776829027600705,0.08484650259497614
600,c_x_tangent:c_0p90_0p95,t_0_0p005,0,0,nan,0,nan,0,nan,0,nan,nan,nan,nan,nan,nan,nan,nan,nan
600,c_x_tangent:c_0p90_0p95,t_0p005_0p01,0,0,nan,0,nan,0,nan,0,nan,nan,nan,nan,nan,nan,nan,nan,nan
600,c_x_tangent:c_0p90_0p95,t_0p01_0p02,52,0,0.0,52,1.0,52,1.0,0,0.0,0.06420559469045933,0.06420559921925435,0.2652921189617386,3.769429728684367,4.3054836839380055,4.3054838326421265,0.029358213638836506,0.04249854294582607
600,c_x_tangent:c_0p90_0p95,t_0p02_0p05,384,0,0.0,384,1.0,384,1.0,0,0.0,0.17696303397467658,0.1907110412843246,0.17170141212602782,5.824066279534815,11.428123174274369,15.521821268602237,0.03529381571054036,0.04764717452229899
600,c_x_tangent:c_0p90_0p95,t_0p05_0p10,0,0,nan,0,nan,0,nan,0,nan,nan,nan,nan,nan,nan,nan,nan,nan
600,c_x_tangent:c_0p90_0p95,t_0p10_inf,0,0,nan,0,nan,0,nan,0,nan,nan,nan,nan,nan,nan,nan,nan,nan
600,c_x_tangent:c_0p95_1,t_0_0p005,0,0,nan,0,nan,0,nan,0,nan,nan,nan,nan,nan,nan,nan,nan,nan
600,c_x_tangent:c_0p95_1,t_0p005_0p01,128,0,0.0,0,0.0,128,1.0,0,0.0,0.0026974727277408773,0.002702093154722291,1.0,0.034023907523860815,0.41549528653680606,0.416122179867541,0.011291482281564033,0.01326697752092571
600,c_x_tangent:c_0p95_1,t_0p01_0p02,320,0,0.0,192,0.6,320,1.0,0,0.0,0.036966761905736785,0.044745203255225366,0.6820410298824213,1.4808259852846288,2.948651225249579,3.8799546182771376,0.01698005686127227,0.025116822534661243
600,c_x_tangent:c_0p95_1,t_0p02_0p05,80,0,0.0,80,1.0,80,1.0,0,0.0,0.07055106185919838,0.07055115453170256,0.18240409838663596,5.482352956136727,8.172607073651237,8.172615738515601,0.017560533872430673,0.02269438620268652
600,c_x_tangent:c_0p95_1,t_0p05_0p10,0,0,nan,0,nan,0,nan,0,nan,nan,nan,nan,nan,nan,nan,nan,nan
600,c_x_tangent:c_0p95_1,t_0p10_inf,0,0,nan,0,nan,0,nan,0,nan,nan,nan,nan,nan,nan,nan,nan,nan
700,region,none_or_unknown,0,0,nan,0,nan,0,nan,0,nan,nan,nan,nan,nan,nan,nan,nan,nan
700,region,sphere_upper,2160,0,0.0,1896,0.8777777777777778,1624,0.7518518518518519,536,0.24814814814814815,0.40938727888160387,0.5476782004632705,0.19781680190954345,5.0551823219610785,14.114924947472533,20.025420052804947,0.05011784778802636,0.13704466866686105
700,region,sphere_lower90,2688,0,0.0,2124,0.7901785714285714,1584,0.5892857142857143,1104,0.4107142857142857,0.2797665398970959,0.3132438147559699,0.520989197081922,1.9197167439965712,5.595330797941917,6.2648762951193975,0.08302346174535474,0.15004713269546371
700,region,sphere_bottom120,540,0,0.0,4,0.007407407407407408,540,1.0,0,0.0,0.005682234820364453,0.007677254567180827,1.0,0.04214628961293561,0.4359834809847125,0.6239251939040903,0.017287809714391734,0.02577791413472067
700,region,outer_or_other_wall,0,0,nan,0,nan,0,nan,0,nan,nan,nan,nan,nan,nan,nan,nan,nan
700,theta_zone,sphere11,5388,0,0.0,4024,0.746844840386043,3748,0.6956198960653304,1640,0.30438010393466963,0.3329465088449476,0.4807301102096254,0.38841566449053977,2.5745614593367243,9.31120285657111,17.26013097505515,0.05938305887909238,0.14603256019149163
700,theta_zone,outer90,0,0,nan,0,nan,0,nan,0,nan,nan,nan,nan,nan,nan,nan,nan,nan
700,theta_zone,fallback,0,0,nan,0,nan,0,nan,0,nan,nan,nan,nan,nan,nan,nan,nan,nan
700,c_bin,c_0_0p05,844,0,0.0,60,0.07109004739336493,844,1.0,0,0.0,0.01651522578575536,0.020543180456003732,1.0,0.11394748300592633,1.1030811177083948,1.3678311118490947,0.019976872865514732,0.029943810152539028
700,c_bin,c_0p05_0p10,620,0,0.0,436,0.7032258064516129,620,1.0,0,0.0,0.07358910087225443,0.09767618303357066,0.6857915976019808,1.4581689298858675,3.341188651568605,3.821430720866653,0.04272445051669138,0.05619465945804081
700,c_bin,c_0p10_0p30,1064,0,0.0,932,0.8759398496240601,660,0.6203007518796992,404,0.37969924812030076,0.18372556931499423,0.24547291095262902,0.5386247701386875,1.8565800450331615,3.7661762617223116,4.90945821905258,0.09195393471342768,0.1271574779563579
700,c_bin,c_0p30_0p70,1068,0,0.0,1068,1.0,24,0.02247191011235955,1044,0.9775280898876404,0.4472121349354314,0.5984039374690637,0.19608847495780501,5.099738779728543,8.944242698708626,17.260132092003182,0.1400639146646624,0.15343675285973196
700,c_bin,c_0p70_0p90,820,0,0.0,820,1.0,628,0.7658536585365854,192,0.23414634146341465,0.41116473362463773,0.4807441182394584,0.1673166042721686,5.976693134334594,16.922846581679394,20.02633894867003,0.07613975848057267,0.11935222330671429
700,c_bin,c_0p90_0p95,436,0,0.0,436,1.0,436,1.0,0,0.0,0.177718947994977,0.191614500140315,0.17650658402159236,5.6655110390821894,11.460994443894931,15.547862781249108,0.03397461850365604,0.0478235478009698
700,c_bin,c_0p95_1,536,0,0.0,272,0.5074626865671642,536,1.0,0,0.0,0.05423659653254834,0.07143581875919851,0.9557109632793985,1.0463414551290504,6.011843240685469,8.260422166342678,0.014891731206541536,0.02519423974888238
700,tangent_bin,t_0_0p005,256,0,0.0,0,0.0,256,1.0,0,0.0,0.0075553256597596045,0.026979336391673218,1.0,0.008832187248783752,0.36495598356099845,0.6619330777226191,0.01709057836425429,0.049341713433787016
700,tangent_bin,t_0p005_0p01,780,0,0.0,0,0.0,780,1.0,0,0.0,0.011088727625045047,0.017541627465942334,1.0,0.15866345558248113,0.666063290713395,0.844112555005467,0.02080268954391013,0.04130264896526289
700,tangent_bin,t_0p01_0p02,940,0,0.0,668,0.7106382978723405,940,1.0,0,0.0,0.058935969395169624,0.0632415210238191,0.734578104925858,1.361325663656605,3.612100355727078,4.207388472512543,0.031947985991172476,0.06578065816712246
700,tangent_bin,t_0p02_0p05,1608,0,0.0,1552,0.9651741293532339,1280,0.7960199004975125,328,0.20398009950248755,0.17439242033514113,0.18614597971372668,0.3984401185326425,2.5098171351150453,8.424587634264258,11.461057985599284,0.06763133152137561,0.12410719819159304
700,tangent_bin,t_0p05_0p10,1724,0,0.0,1724,1.0,452,0.26218097447795824,1272,0.7378190255220418,0.36670328058705814,0.4223225379420313,0.19447188674204013,5.14213142451003,13.865585467113254,18.507716160740358,0.12808404843360968,0.15176415122907186
700,tangent_bin,t_0p10_inf,80,0,0.0,80,1.0,40,0.5,40,0.5,0.6068999726992622,0.6069001345294723,0.09271446087513614,10.807806874669328,20.924417087767214,20.926585248909728,0.09874710560174699,0.13859667309860804
700,normal_raw_abs_bin,normal_raw_abs_0_1e-4,0,0,nan,0,nan,0,nan,0,nan,nan,nan,nan,nan,nan,nan,nan,nan
700,normal_raw_abs_bin,normal_raw_abs_1e-4_1e-3,0,0,nan,0,nan,0,nan,0,nan,nan,nan,nan,nan,nan,nan,nan,nan
700,normal_raw_abs_bin,normal_raw_abs_1e-3_1e-2,24,0,0.0,0,0.0,24,1.0,0,0.0,0.0011868684846877884,0.0011868692839440286,1.0,0.014041045002840067,0.2387467478563249,0.23874689591559167,0.009238320501154614,0.009942489381704483
700,normal_raw_abs_bin,normal_raw_abs_1e-2_5e-2,2356,0,0.0,1192,0.5059422750424448,2356,1.0,0,0.0,0.17646770806653034,0.34532617803485405,0.9737105497999325,1.0269992455306665,10.725654936129546,18.50124184184296,0.024815660419423638,0.04696039896779059
700,normal_raw_abs_bin,normal_raw_abs_5e-2_inf,3008,0,0.0,2832,0.9414893617021277,1368,0.45478723404255317,1640,0.5452127659574468,0.36997964891468593,0.5160012111419214,0.2500953686052146,3.9984837644486033,9.118558417592352,16.921717344147403,0.1061090700611399,0.14913000512210645
700,cap_source,abs_cap_selected,1640,0,0.0,1616,0.9853658536585366,0,0.0,1640,1.0,0.3662304083847258,0.46556064863707974,0.22088353232697794,4.527272764362126,7.3246081676945165,9.311212972741595,0.13099323802948742,0.15176883313423586
700,cap_source,ratio_cap_selected,3748,0,0.0,2408,0.6424759871931697,3748,1.0,0,0.0,0.3150857667531483,0.4807364869296987,0.5828422025252935,1.7157302536900683,11.084194968338117,18.50686375529856,0.03819875967732071,0.09267723126965724
700,cap_source,none_or_inactive,0,0,nan,0,nan,0,nan,0,nan,nan,nan,nan,nan,nan,nan,nan,nan
700,limiter_class,none,1364,0,0.0,0,0.0,1340,0.9824046920821115,24,0.017595307917888565,0.02435209059077121,0.04485643812343567,1.0,0.1774846761595868,0.8438279275153849,0.967475665832917,0.019976808325761923,0.08151679183569825
700,limiter_class,abs_cap_limiter,1616,0,0.0,1616,1.0,0,0.0,1616,1.0,0.36623041618298624,0.46556064863707997,0.21975705147807,4.550480368815221,7.324608323659725,9.311212972741599,0.13127232437106306,0.15176884129696513
700,limiter_class,ratio_cap_limiter,2408,0,0.0,2408,1.0,2408,1.0,0,0.0,0.3366795366051805,0.5097514045468138,0.3088682154068636,3.237626761572378,12.884281722116137,20.016194486151623,0.05009861042864901,0.09501653842145419
700,limiter_class,secondary_vector_safety,0,0,nan,0,nan,0,nan,0,nan,nan,nan,nan,nan,nan,nan,nan,nan
700,limiter_class,inactive_or_fallback,0,0,nan,0,nan,0,nan,0,nan,nan,nan,nan,nan,nan,nan,nan,nan
700,normal_agreement_bin,normal_0_0p5,0,0,nan,0,nan,0,nan,0,nan,nan,nan,nan,nan,nan,nan,nan,nan
700,normal_agreement_bin,normal_0p5_0p9,0,0,nan,0,nan,0,nan,0,nan,nan,nan,nan,nan,nan,nan,nan,nan
700,normal_agreement_bin,normal_0p9_0p99,968,0,0.0,800,0.8264462809917356,600,0.6198347107438017,368,0.38016528925619836,0.3265972333955519,0.4472127615908645,0.2935518705010379,3.406710854828921,6.817232247174979,10.32006809940236,0.08534491881105416,0.14878956074075222
700,normal_agreement_bin,normal_0p99_1p01,4420,0,0.0,3224,0.7294117647058823,3148,0.7122171945701358,1272,0.28778280542986423,0.334264266029132,0.4807439795757852,0.4153409401605195,2.407660558608847,9.97614007652763,17.260131311196048,0.05473838269105751,0.14562524414698771
700,c_x_tangent:c_0_0p05,t_0_0p005,220,0,0.0,0,0.0,220,1.0,0,0.0,0.00028257133915258234,0.001877832114811571,1.0,0.007311589226546341,0.03167365046696928,0.12201696158206969,0.01599647315881627,0.023957806293046943
700,c_x_tangent:c_0_0p05,t_0p005_0p01,540,0,0.0,0,0.0,540,1.0,0,0.0,0.007595972551228435,0.010301938935489915,1.0,0.16678917964770462,0.6125084101055027,0.72946985619324,0.020907820766751843,0.0290364326343303
700,c_x_tangent:c_0_0p05,t_0p01_0p02,84,0,0.0,60,0.7142857142857143,84,1.0,0,0.0,0.0224468077783798,0.022447139666942336,0.9065453885620915,1.1030887285563769,1.660171986388465,1.6601902043075933,0.027716752455683794,0.030037495176209694
700,c_x_tangent:c_0_0p05,t_0p02_0p05,0,0,nan,0,nan,0,nan,0,nan,nan,nan,nan,nan,nan,nan,nan,nan
700,c_x_tangent:c_0_0p05,t_0p05_0p10,0,0,nan,0,nan,0,nan,0,nan,nan,nan,nan,nan,nan,nan,nan,nan
700,c_x_tangent:c_0_0p05,t_0p10_inf,0,0,nan,0,nan,0,nan,0,nan,nan,nan,nan,nan,nan,nan,nan,nan
700,c_x_tangent:c_0p05_0p10,t_0_0p005,24,0,0.0,0,0.0,24,1.0,0,0.0,0.007555398876696162,0.007555399819660222,1.0,0.2448742184861401,0.36495850219389514,0.3649585324741823,0.0488141925725388,0.0493416049775723
700,c_x_tangent:c_0p05_0p10,t_0p005_0p01,96,0,0.0,0,0.0,96,1.0,0,0.0,0.013489681427213749,0.013489842265949863,1.0,0.48355584158171605,0.8451755560249031,0.8451829082846435,0.03489734664169375,0.053227247099477425
700,c_x_tangent:c_0p05_0p10,t_0p01_0p02,404,0,0.0,340,0.8415841584158416,404,1.0,0,0.0,0.05606924476595643,0.058964975425866185,0.6690534888234214,1.4946488086603886,2.544100328862101,2.7112703956468773,0.04204237650951856,0.0549642394552785
700,c_x_tangent:c_0p05_0p10,t_0p02_0p05,96,0,0.0,96,1.0,96,1.0,0,0.0,0.09767618310854655,0.09767654573401287,0.4037617066690913,2.476830141737276,3.821430870394252,3.82148037893405,0.052183982811448426,0.056509761569745354
700,c_x_tangent:c_0p05_0p10,t_0p05_0p10,0,0,nan,0,nan,0,nan,0,nan,nan,nan,nan,nan,nan,nan,nan,nan
700,c_x_tangent:c_0p05_0p10,t_0p10_inf,0,0,nan,0,nan,0,nan,0,nan,nan,nan,nan,nan,nan,nan,nan,nan
700,c_x_tangent:c_0p10_0p30,t_0_0p005,12,0,0.0,0,0.0,12,1.0,0,0.0,0.02697957451654019,0.02697957451654024,1.0,0.6619324400738429,0.6619379361954902,0.6619379361954913,0.08151679156370757,0.0815169564870564
700,c_x_tangent:c_0p10_0p30,t_0p005_0p01,8,0,0.0,0,0.0,8,1.0,0,0.0,0.03278418871838653,0.032784188718386544,1.0,0.8438286831608925,0.8438299870792519,0.8438299870792522,0.07770324321757649,0.07770335114600108
700,c_x_tangent:c_0p10_0p30,t_0p01_0p02,80,0,0.0,24,0.3,80,1.0,0,0.0,0.03959646416864013,0.03959867508900831,1.0,0.627677780066729,1.2570504016137372,1.2571029931136086,0.066093259480412,0.0939093310462387
700,c_x_tangent:c_0p10_0p30,t_0p02_0p05,832,0,0.0,776,0.9326923076923077,544,0.6538461538461539,288,0.34615384615384615,0.13384223916866922,0.15436311082845158,0.5552628497091905,1.8009488668722087,3.1133271752480702,3.189336465285078,0.09133073495175548,0.12410719015987154
700,c_x_tangent:c_0p10_0p30,t_0p05_0p10,132,0,0.0,132,1.0,16,0.12121212121212122,116,0.8787878787878788,0.24753207816511233,0.24754144214512705,0.2721491124869545,3.6744562239008247,4.950641563302247,4.950828842902541,0.11330100041647315,0.12960155664396258
700,c_x_tangent:c_0p10_0p30,t_0p10_inf,0,0,nan,0,nan,0,nan,0,nan,nan,nan,nan,nan,nan,nan,nan,nan
700,c_x_tangent:c_0p30_0p70,t_0_0p005,0,0,nan,0,nan,0,nan,0,nan,nan,nan,nan,nan,nan,nan,nan,nan
700,c_x_tangent:c_0p30_0p70,t_0p005_0p01,0,0,nan,0,nan,0,nan,0,nan,nan,nan,nan,nan,nan,nan,nan,nan
700,c_x_tangent:c_0p30_0p70,t_0p01_0p02,0,0,nan,0,nan,0,nan,0,nan,nan,nan,nan,nan,nan,nan,nan,nan
700,c_x_tangent:c_0p30_0p70,t_0p02_0p05,40,0,0.0,40,1.0,0,0.0,40,1.0,0.11470506295810709,0.11470512531444348,0.5610393257466587,1.7824062487405625,2.2941012591621415,2.2941025062888696,0.13615522536521926,0.14465822210842183
700,c_x_tangent:c_0p30_0p70,t_0p05_0p10,964,0,0.0,964,1.0,0,0.0,964,1.0,0.34774975248070167,0.3757555055759542,0.19647246772484211,5.089771669181102,6.954995049614032,7.515110111519085,0.1408707764335716,0.15343743232025528
700,c_x_tangent:c_0p30_0p70,t_0p10_inf,64,0,0.0,64,1.0,24,0.375,40,0.625,0.606900057449112,0.6069001345294724,0.097993728050492,10.206008450348808,20.924419058402947,20.92658524890974,0.10629448487840015,0.13859668473962308
700,c_x_tangent:c_0p70_0p90,t_0_0p005,0,0,nan,0,nan,0,nan,0,nan,nan,nan,nan,nan,nan,nan,nan,nan
700,c_x_tangent:c_0p70_0p90,t_0p005_0p01,0,0,nan,0,nan,0,nan,0,nan,nan,nan,nan,nan,nan,nan,nan,nan
700,c_x_tangent:c_0p70_0p90,t_0p01_0p02,0,0,nan,0,nan,0,nan,0,nan,nan,nan,nan,nan,nan,nan,nan,nan
700,c_x_tangent:c_0p70_0p90,t_0p02_0p05,176,0,0.0,176,1.0,176,1.0,0,0.0,0.18614597971372648,0.19016630816001667,0.19904662875411078,5.024627193244994,7.104598796478117,7.371258345863373,0.058469652556783915,0.08352507794685349
700,c_x_tangent:c_0p70_0p90,t_0p05_0p10,628,0,0.0,628,1.0,436,0.6942675159235668,192,0.3057324840764331,0.4105321881666823,0.44619925447102027,0.15740462391718296,6.353053519740021,17.94482823316458,20.240003445452736,0.08817793416616004,0.1194926127835008
700,c_x_tangent:c_0p70_0p90,t_0p10_inf,16,0,0.0,16,1.0,16,1.0,0,0.0,0.5097514045468134,0.5097514045468137,0.06924305444300069,15.655495411165045,20.016194486151615,20.016194486151623,0.06802428214525107,0.08512167245712832
700,c_x_tangent:c_0p90_0p95,t_0_0p005,0,0,nan,0,nan,0,nan,0,nan,nan,nan,nan,nan,nan,nan,nan,nan
700,c_x_tangent:c_0p90_0p95,t_0p005_0p01,0,0,nan,0,nan,0,nan,0,nan,nan,nan,nan,nan,nan,nan,nan,nan
700,c_x_tangent:c_0p90_0p95,t_0p01_0p02,52,0,0.0,52,1.0,52,1.0,0,0.0,0.06498804380982884,0.06498804987738165,0.264084980216041,3.7866598819137884,4.3412090879052565,4.341209261816433,0.0294710767514975,0.04267218518629802
700,c_x_tangent:c_0p90_0p95,t_0p02_0p05,384,0,0.0,384,1.0,384,1.0,0,0.0,0.17774863778063152,0.1916145285122697,0.1707573391263304,5.8562858932291135,11.461002035938888,15.547863179813113,0.0354139216670937,0.04782356618095434
700,c_x_tangent:c_0p90_0p95,t_0p05_0p10,0,0,nan,0,nan,0,nan,0,nan,nan,nan,nan,nan,nan,nan,nan,nan
700,c_x_tangent:c_0p90_0p95,t_0p10_inf,0,0,nan,0,nan,0,nan,0,nan,nan,nan,nan,nan,nan,nan,nan,nan
700,c_x_tangent:c_0p95_1,t_0_0p005,0,0,nan,0,nan,0,nan,0,nan,nan,nan,nan,nan,nan,nan,nan,nan
700,c_x_tangent:c_0p95_1,t_0p005_0p01,136,0,0.0,0,0.0,136,1.0,0,0.0,0.002787835559366144,0.002793232281540158,1.0,0.03248567206415438,0.4278539544407565,0.4285869036319577,0.011164938385892567,0.013300530119618313
700,c_x_tangent:c_0p95_1,t_0p01_0p02,320,0,0.0,192,0.6,320,1.0,0,0.0,0.03747495171869173,0.045548903340145795,0.6681991393528011,1.5114204592736038,2.982993349168422,3.9330662469993247,0.01704139354667178,0.02524520640771715
700,c_x_tangent:c_0p95_1,t_0p02_0p05,80,0,0.0,80,1.0,80,1.0,0,0.0,0.07145084655450105,0.07145098267813928,0.1804916019650946,5.540484740564555,8.262372826830921,8.262385186117845,0.017582920697419704,0.02275579849918747
700,c_x_tangent:c_0p95_1,t_0p05_0p10,0,0,nan,0,nan,0,nan,0,nan,nan,nan,nan,nan,nan,nan,nan,nan
700,c_x_tangent:c_0p95_1,t_0p10_inf,0,0,nan,0,nan,0,nan,0,nan,nan,nan,nan,nan,nan,nan,nan,nan
800,region,none_or_unknown,0,0,nan,0,nan,0,nan,0,nan,nan,nan,nan,nan,nan,nan,nan,nan
800,region,sphere_upper,2160,0,0.0,1896,0.8777777777777778,1624,0.7518518518518519,536,0.24814814814814815,0.40887015086616546,0.5467019818975413,0.19842921618475085,5.039580457088205,14.112451575501767,19.976696498345326,0.050306516878668404,0.13725090471421567
800,region,sphere_lower90,2688,0,0.0,2116,0.7872023809523809,1572,0.5848214285714286,1116,0.41517857142857145,0.2771887498238837,0.31073981053790345,0.5269599446420565,1.8976803280444643,5.543774996477673,6.214796210758069,0.08405356715199444,0.15034345111391018
800,region,sphere_bottom120,572,0,0.0,4,0.006993006993006993,572,1.0,0,0.0,0.005988377280812888,0.008802498677397776,1.0,0.040107343980748694,0.4547387138199534,0.6930653064943064,0.017517042220275152,0.02633766204116895
800,region,outer_or_other_wall,0,0,nan,0,nan,0,nan,0,nan,nan,nan,nan,nan,nan,nan,nan,nan
800,theta_zone,sphere11,5420,0,0.0,4016,0.7409594095940959,3768,0.6952029520295203,1652,0.3047970479704797,0.33293916248009126,0.4803095333578034,0.39440396778679343,2.535471449771646,9.288454770326231,17.189836173816097,0.05968570951405127,0.1463974394990565
800,theta_zone,outer90,0,0,nan,0,nan,0,nan,0,nan,nan,nan,nan,nan,nan,nan,nan,nan
800,theta_zone,fallback,0,0,nan,0,nan,0,nan,0,nan,nan,nan,nan,nan,nan,nan,nan,nan
800,c_bin,c_0_0p05,860,0,0.0,52,0.06046511627906977,860,1.0,0,0.0,0.0165404311034453,0.020162547251941394,1.0,0.13495428472163395,1.1560693477193733,1.4304919361153134,0.02015173653105611,0.029780340856075872
800,c_bin,c_0p05_0p10,612,0,0.0,420,0.6862745098039216,612,1.0,0,0.0,0.07484899226326423,0.09845513200606329,0.7081745917476225,1.4120811614156379,3.3006643667214535,3.7822423117237287,0.04306677605539275,0.055910340432810846
800,c_bin,c_0p10_0p30,1080,0,0.0,940,0.8703703703703703,672,0.6222222222222222,408,0.37777777777777777,0.18472549118549467,0.2432665180500212,0.5527305328276519,1.8091998552790751,3.781157702300777,4.865330361000424,0.09253943294095975,0.12767690808613322
800,c_bin,c_0p30_0p70,1076,0,0.0,1076,1.0,24,0.022304832713754646,1052,0.9776951672862454,0.4453503052324815,0.5983173863164031,0.19802248451742593,5.049931594342475,8.907006104649628,17.189838558012667,0.14027770770974765,0.153632947346336
800,c_bin,c_0p70_0p90,828,0,0.0,828,1.0,636,0.7681159420289855,192,0.2318840579710145,0.41147295679105883,0.4803287598937778,0.16437410353079238,6.08368336933725,16.897116580575474,19.97754350911299,0.0762409255910884,0.11963480393665069
800,c_bin,c_0p90_0p95,428,0,0.0,428,1.0,428,1.0,0,0.0,0.17848674681528526,0.19250958141734326,0.17633182839057093,5.671125905784008,11.492305378534796,15.570923572329532,0.034112545823348536,0.04758484782482072
800,c_bin,c_0p95_1,536,0,0.0,272,0.5074626865671642,536,1.0,0,0.0,0.05495929216127258,0.07234072284327854,0.9348137918810489,1.0697317569405107,6.083814943910804,8.34961884638078,0.01493201955754695,0.025329328782509812
800,tangent_bin,t_0_0p005,264,0,0.0,0,0.0,264,1.0,0,0.0,0.007999571092323245,0.026787688736504355,1.0,0.010192709708572997,0.3791033253510841,0.651641230474123,0.016746049489299836,0.05012137384995149
800,tangent_bin,t_0p005_0p01,796,0,0.0,0,0.0,796,1.0,0,0.0,0.011509909243549209,0.015396061052582902,1.0,0.1556715290392502,0.695474856290372,0.8685020975129697,0.021433858790795332,0.04093981811081161
800,tangent_bin,t_0p01_0p02,898,0,0.0,610,0.6792873051224945,898,1.0,0,0.0,0.04888882616980618,0.06003470804707346,0.7916068338290576,1.2632533693057324,3.5176315313235103,4.223528255418591,0.0326108497873639,0.06693100118460435
800,tangent_bin,t_0p02_0p05,1674,0,0.0,1618,0.966547192353644,1318,0.7873357228195937,356,0.2126642771804062,0.17473646678960555,0.18688837251900434,0.39808284336372357,2.5120399350803266,8.487877603461078,11.492384694363281,0.0678959209442042,0.12719629961455317
800,tangent_bin,t_0p05_0p10,1708,0,0.0,1708,1.0,452,0.2646370023419204,1256,0.7353629976580797,0.3651104764389492,0.42307894970025817,0.19558620957938985,5.112834908711152,13.875666344157073,18.492031626490217,0.1282911577007546,0.15192247422885255
800,tangent_bin,t_0p10_inf,80,0,0.0,80,1.0,40,0.5,40,0.5,0.6067824367784919,0.606782635419417,0.09302997809271987,10.770606619057348,20.818438754745333,20.820883399627178,0.09902320449796698,0.1388338004978021
800,normal_raw_abs_bin,normal_raw_abs_0_1e-4,0,0,nan,0,nan,0,nan,0,nan,nan,nan,nan,nan,nan,nan,nan,nan
800,normal_raw_abs_bin,normal_raw_abs_1e-4_1e-3,0,0,nan,0,nan,0,nan,0,nan,nan,nan,nan,nan,nan,nan,nan,nan
800,normal_raw_abs_bin,normal_raw_abs_1e-3_1e-2,24,0,0.0,0,0.0,24,1.0,0,0.0,0.0012234412600054725,0.001223442270425491,1.0,0.01543931799984381,0.24593526114377698,0.2459354487079634,0.009260831866091487,0.009949295358658237
800,normal_raw_abs_bin,normal_raw_abs_1e-2_5e-2,2364,0,0.0,1176,0.49746192893401014,2364,1.0,0,0.0,0.17724318933295777,0.3461671738068491,1.0,0.9350407569218496,10.824842059411246,18.48594502981472,0.025317893065990894,0.04675352190341674
800,normal_raw_abs_bin,normal_raw_abs_5e-2_inf,3032,0,0.0,2840,0.9366754617414248,1380,0.4551451187335092,1652,0.5448548812664907,0.3665293359772298,0.5145268496954072,0.25251349007355867,3.9601844626546265,9.002194938945797,16.89627852992559,0.10636549539689791,0.14937269957336607
800,cap_source,abs_cap_selected,1652,0,0.0,1620,0.9806295399515739,0,0.0,1652,1.0,0.36434763893174754,0.464424072625829,0.22517706323273132,4.440949653039548,7.28695277863495,9.28848145251658,0.13130240905749502,0.15192443345704196
800,cap_source,ratio_cap_selected,3768,0,0.0,2396,0.6358811040339702,3768,1.0,0,0.0,0.31586102300123736,0.4803158225499369,0.5950431000539139,1.680550755520834,11.075597836193285,18.490363114453448,0.03813070177036833,0.09292423507683224
800,cap_source,none_or_inactive,0,0,nan,0,nan,0,nan,0,nan,nan,nan,nan,nan,nan,nan,nan,nan
800,limiter_class,none,1404,0,0.0,0,0.0,1372,0.9772079772079773,32,0.022792022792022793,0.026787652764094592,0.043533806527657884,1.0,0.18417807034374398,0.8706761305531574,0.963544624824712,0.020336408923629024,0.0822159654291494
800,limiter_class,abs_cap_limiter,1620,0,0.0,1620,1.0,0,0.0,1620,1.0,0.3643476476620595,0.4644240726258292,0.22154383708911682,4.51377936366493,7.28695295324119,9.288481452516583,0.1314747496931904,0.15192444434766583
800,limiter_class,ratio_cap_limiter,2396,0,0.0,2396,1.0,2396,1.0,0,0.0,0.3381894959831855,0.5120224600509221,0.3040871972512356,3.288530424955064,13.145501727669426,19.944454820859175,0.05030886173550543,0.09530644428898899
800,limiter_class,secondary_vector_safety,0,0,nan,0,nan,0,nan,0,nan,nan,nan,nan,nan,nan,nan,nan,nan
800,limiter_class,inactive_or_fallback,0,0,nan,0,nan,0,nan,0,nan,nan,nan,nan,nan,nan,nan,nan,nan
800,normal_agreement_bin,normal_0_0p5,0,0,nan,0,nan,0,nan,0,nan,nan,nan,nan,nan,nan,nan,nan,nan
800,normal_agreement_bin,normal_0p5_0p9,0,0,nan,0,nan,0,nan,0,nan,nan,nan,nan,nan,nan,nan,nan,nan
800,normal_agreement_bin,normal_0p9_0p99,968,0,0.0,800,0.8264462809917356,600,0.6198347107438017,368,0.38016528925619836,0.3273732611631217,0.44535112864306187,0.2977843531857937,3.3583586933257177,6.896291493504766,10.290590552685233,0.08635346808864446,0.14916464776197275
800,normal_agreement_bin,normal_0p99_1p01,4452,0,0.0,3216,0.7223719676549866,3168,0.7115902964959568,1284,0.2884097035040431,0.33541784514884815,0.4803285915157834,0.4271643399383114,2.3410193841207176,9.95807125180486,17.189836749838886,0.055002128407611275,0.14582760579752552
800,c_x_tangent:c_0_0p05,t_0_0p005,228,0,0.0,0,0.0,228,1.0,0,0.0,0.00036982418998910744,0.002124500954057255,1.0,0.009064521767855355,0.04010780316464966,0.13495149475359186,0.01584243414379638,0.02340137249635709
800,c_x_tangent:c_0_0p05,t_0p005_0p01,556,0,0.0,0,0.0,556,1.0,0,0.0,0.008587325796955562,0.011324722963698713,1.0,0.16792396065959572,0.6704989972137638,0.7794384119769578,0.02151088701858526,0.029582157905159293
800,c_x_tangent:c_0_0p05,t_0p01_0p02,76,0,0.0,52,0.6842105263157895,76,1.0,0,0.0,0.024469409418042203,0.024469753405946794,0.8649893692730171,1.1560835723379057,1.7623033569253432,1.7623214276892665,0.027769885500081852,0.030726336971455766
800,c_x_tangent:c_0_0p05,t_0p02_0p05,0,0,nan,0,nan,0,nan,0,nan,nan,nan,nan,nan,nan,nan,nan,nan
800,c_x_tangent:c_0_0p05,t_0p05_0p10,0,0,nan,0,nan,0,nan,0,nan,nan,nan,nan,nan,nan,nan,nan,nan
800,c_x_tangent:c_0_0p05,t_0p10_inf,0,0,nan,0,nan,0,nan,0,nan,nan,nan,nan,nan,nan,nan,nan,nan
800,c_x_tangent:c_0p05_0p10,t_0_0p005,24,0,0.0,0,0.0,24,1.0,0,0.0,0.007999657062122767,0.007999657760615389,1.0,0.27885338839949314,0.37910612505108005,0.37910614041749036,0.04959191773204499,0.05012137384995149
800,c_x_tangent:c_0p05_0p10,t_0p005_0p01,104,0,0.0,0,0.0,104,1.0,0,0.0,0.014454177875787096,0.014454365950584315,1.0,0.4898948072213781,0.879927016451708,0.8799351091214983,0.03570984069626518,0.05407158922614381
800,c_x_tangent:c_0p05_0p10,t_0p01_0p02,380,0,0.0,316,0.8315789473684211,380,1.0,0,0.0,0.04681834923170056,0.056130975059326994,0.6969427739527886,1.434838034597906,2.3329003479064334,2.495315605959144,0.041714862981711245,0.05573811066264953
800,c_x_tangent:c_0p05_0p10,t_0p02_0p05,104,0,0.0,104,1.0,104,1.0,0,0.0,0.09845513268035674,0.09845555109327568,0.37814440131021276,2.6444924122508673,3.782242479549693,3.782302128219033,0.050719303912295954,0.05745528556881262
800,c_x_tangent:c_0p05_0p10,t_0p05_0p10,0,0,nan,0,nan,0,nan,0,nan,nan,nan,nan,nan,nan,nan,nan,nan
800,c_x_tangent:c_0p05_0p10,t_0p10_inf,0,0,nan,0,nan,0,nan,0,nan,nan,nan,nan,nan,nan,nan,nan,nan
800,c_x_tangent:c_0p10_0p30,t_0_0p005,12,0,0.0,0,0.0,12,1.0,0,0.0,0.02678795445657032,0.026787954456570336,1.0,0.6516407849300058,0.651647106083855,0.6516471060838555,0.08221596568465422,0.0822161651959807
800,c_x_tangent:c_0p10_0p30,t_0p005_0p01,8,0,0.0,0,0.0,8,1.0,0,0.0,0.0332884269180964,0.03328842691809641,1.0,0.8493231597424578,0.8493249036020611,0.8493249036020614,0.07838789314222723,0.07838801850125018
800,c_x_tangent:c_0p10_0p30,t_0p01_0p02,86,0,0.0,22,0.2558139534883721,86,1.0,0,0.0,0.04099685362554177,0.04099715276588876,1.0,0.6160337430095391,1.3943330353241037,1.3943343088786506,0.06693101582468045,0.09445911563634075
800,c_x_tangent:c_0p10_0p30,t_0p02_0p05,866,0,0.0,810,0.9353348729792148,550,0.6351039260969977,316,0.3648960739030023,0.1342980288755411,0.1530874298062317,0.5527307192775789,1.8091992449904062,3.0622781684466127,3.141192193089684,0.09214684981939475,0.1271963217901935
800,c_x_tangent:c_0p10_0p30,t_0p05_0p10,108,0,0.0,108,1.0,16,0.14814814814814814,92,0.8518518518518519,0.24610831655012932,0.24612359371919493,0.26891927164189744,3.718588087400734,4.922166331002586,4.922471874383898,0.11406965590986783,0.12798868600510743
800,c_x_tangent:c_0p10_0p30,t_0p10_inf,0,0,nan,0,nan,0,nan,0,nan,nan,nan,nan,nan,nan,nan,nan,nan
800,c_x_tangent:c_0p30_0p70,t_0_0p005,0,0,nan,0,nan,0,nan,0,nan,nan,nan,nan,nan,nan,nan,nan,nan
800,c_x_tangent:c_0p30_0p70,t_0p005_0p01,0,0,nan,0,nan,0,nan,0,nan,nan,nan,nan,nan,nan,nan,nan,nan
800,c_x_tangent:c_0p30_0p70,t_0p01_0p02,0,0,nan,0,nan,0,nan,0,nan,nan,nan,nan,nan,nan,nan,nan,nan
800,c_x_tangent:c_0p30_0p70,t_0p02_0p05,40,0,0.0,40,1.0,0,0.0,40,1.0,0.11112201096752945,0.1111220951417499,0.5657643499039069,1.7675203468898366,2.222440219350589,2.2224419028349973,0.1369776242252057,0.1450191562352202
800,c_x_tangent:c_0p30_0p70,t_0p05_0p10,972,0,0.0,972,1.0,0,0.0,972,1.0,0.34664390498736786,0.3739399863420878,0.19850157217875092,5.037743474895905,6.932878099747358,7.478799726841755,0.14110921900819354,0.15363455284217806
800,c_x_tangent:c_0p30_0p70,t_0p10_inf,64,0,0.0,64,1.0,24,0.375,40,0.625,0.6067825406812062,0.606782635419417,0.09824443176591716,10.179896418187177,20.81844170568302,20.820883399627185,0.1065539458210695,0.13883381524250854
800,c_x_tangent:c_0p70_0p90,t_0_0p005,0,0,nan,0,nan,0,nan,0,nan,nan,nan,nan,nan,nan,nan,nan,nan
800,c_x_tangent:c_0p70_0p90,t_0p005_0p01,0,0,nan,0,nan,0,nan,0,nan,nan,nan,nan,nan,nan,nan,nan,nan
800,c_x_tangent:c_0p70_0p90,t_0p01_0p02,0,0,nan,0,nan,0,nan,0,nan,nan,nan,nan,nan,nan,nan,nan,nan
800,c_x_tangent:c_0p70_0p90,t_0p02_0p05,184,0,0.0,184,1.0,184,1.0,0,0.0,0.18688836964217317,0.19067419738857097,0.19683943753748145,5.080282754870115,7.117321234173594,7.360804928633953,0.05829256486614437,0.08382161299297226
800,c_x_tangent:c_0p70_0p90,t_0p05_0p10,628,0,0.0,628,1.0,436,0.6942675159235668,192,0.3057324840764331,0.4105494792054163,0.44728985825098355,0.15779901235735513,6.337175277982847,17.926623905137873,20.216220104876218,0.08842385944112052,0.11976162891499154
800,c_x_tangent:c_0p70_0p90,t_0p10_inf,16,0,0.0,16,1.0,16,1.0,0,0.0,0.5101972981933616,0.5101972981933618,0.06951147762017695,15.596297443418177,19.942757901589516,19.942757901589527,0.06827287822163443,0.08538786906499374
800,c_x_tangent:c_0p90_0p95,t_0_0p005,0,0,nan,0,nan,0,nan,0,nan,nan,nan,nan,nan,nan,nan,nan,nan
800,c_x_tangent:c_0p90_0p95,t_0p005_0p01,0,0,nan,0,nan,0,nan,0,nan,nan,nan,nan,nan,nan,nan,nan,nan
800,c_x_tangent:c_0p90_0p95,t_0p01_0p02,36,0,0.0,36,1.0,36,1.0,0,0.0,0.06373965414468784,0.06373970841976141,0.26293538623658413,3.803215741757742,4.242508097220898,4.242509313131487,0.028301503584535696,0.0301831422979812
800,c_x_tangent:c_0p90_0p95,t_0p02_0p05,392,0,0.0,392,1.0,392,1.0,0,0.0,0.1785029847914311,0.19250960188125438,0.174685606393798,5.724570104222988,11.492310322754678,15.570923811143716,0.03525329160954009,0.04758487190782831
800,c_x_tangent:c_0p90_0p95,t_0p05_0p10,0,0,nan,0,nan,0,nan,0,nan,nan,nan,nan,nan,nan,nan,nan,nan
800,c_x_tangent:c_0p90_0p95,t_0p10_inf,0,0,nan,0,nan,0,nan,0,nan,nan,nan,nan,nan,nan,nan,nan,nan
800,c_x_tangent:c_0p95_1,t_0_0p005,0,0,nan,0,nan,0,nan,0,nan,nan,nan,nan,nan,nan,nan,nan,nan
800,c_x_tangent:c_0p95_1,t_0p005_0p01,128,0,0.0,0,0.0,128,1.0,0,0.0,0.00287927240064081,0.0028854008414212476,1.0,0.032798321288789005,0.4402606818233733,0.4410931112830002,0.010947266990284515,0.013079852548794877
800,c_x_tangent:c_0p95_1,t_0p01_0p02,320,0,0.0,184,0.575,320,1.0,0,0.0,0.037999402236244144,0.046347031937080424,0.8068260843180923,1.253993795970561,3.018134819503303,3.984958757657795,0.015790467765603625,0.025371562339518976
800,c_x_tangent:c_0p95_1,t_0p02_0p05,88,0,0.0,88,1.0,88,1.0,0,0.0,0.0723565893157801,0.07235677627977881,0.1794727117192389,5.571877698958508,8.351802708621074,8.351819682658656,0.017741392005670258,0.02282104445596623
800,c_x_tangent:c_0p95_1,t_0p05_0p10,0,0,nan,0,nan,0,nan,0,nan,nan,nan,nan,nan,nan,nan,nan,nan
800,c_x_tangent:c_0p95_1,t_0p10_inf,0,0,nan,0,nan,0,nan,0,nan,nan,nan,nan,nan,nan,nan,nan,nan
900,region,none_or_unknown,0,0,nan,0,nan,0,nan,0,nan,nan,nan,nan,nan,nan,nan,nan,nan
900,region,sphere_upper,2160,0,0.0,1896,0.8777777777777778,1616,0.7481481481481481,544,0.2518518518518518,0.40834119322569445,0.5457442231500343,0.19860425092433343,5.035138952695403,14.105737472750008,19.928076984174208,0.050488570679132594,0.13744600305248708
900,region,sphere_lower90,2688,0,0.0,2096,0.7797619047619048,1572,0.5848214285714286,1116,0.41517857142857145,0.274778319190679,0.30838584580217515,0.5376114772103248,1.8600817451368843,5.49556638381358,6.167716916043503,0.0851632849816501,0.15056351409119614
900,region,sphere_bottom120,572,0,0.0,4,0.006993006993006993,572,1.0,0,0.0,0.006841936178634714,0.009952280518512272,1.0,0.05659788982522282,0.4965835249071509,0.7598882549909333,0.018049822816634135,0.027042557133770233
900,region,outer_or_other_wall,0,0,nan,0,nan,0,nan,0,nan,nan,nan,nan,nan,nan,nan,nan,nan
900,theta_zone,sphere11,5420,0,0.0,3996,0.7372693726937269,3760,0.6937269372693727,1660,0.3062730627306273,0.33335756990865395,0.47987519154864444,0.40223891458720606,2.4860846719082974,9.294610365991607,17.119366875526264,0.059933251621185846,0.14675587544599197
900,theta_zone,outer90,0,0,nan,0,nan,0,nan,0,nan,nan,nan,nan,nan,nan,nan,nan,nan
900,theta_zone,fallback,0,0,nan,0,nan,0,nan,0,nan,nan,nan,nan,nan,nan,nan,nan,nan
900,c_bin,c_0_0p05,820,0,0.0,36,0.04390243902439024,820,1.0,0,0.0,0.014891951390956629,0.021175544150029316,1.0,0.15409358158589118,0.980272188126028,1.514727566606898,0.02057012989568933,0.029859878202638964
900,c_bin,c_0p05_0p10,612,0,0.0,380,0.6209150326797386,612,1.0,0,0.0,0.07573839830810632,0.09919096943618905,0.8303843757796214,1.2042615795379543,3.260969213765847,3.743758583259768,0.04265667322673231,0.054879690263224166
900,c_bin,c_0p10_0p30,1120,0,0.0,976,0.8714285714285714,712,0.6357142857142857,408,0.36428571428571427,0.18569340112020316,0.23766613079691373,0.5746790222461972,1.740426343260696,3.795880887804647,4.7716162173469705,0.09242728020804258,0.12777265240592262
900,c_bin,c_0p30_0p70,1076,0,0.0,1076,1.0,24,0.022304832713754646,1052,0.9776951672862454,0.4435516944010293,0.5981802874111041,0.19964926131910082,5.008783877741376,8.871033888020586,17.119370556871687,0.1406356724832361,0.1538221233960948
900,c_bin,c_0p70_0p90,828,0,0.0,828,1.0,628,0.7584541062801933,200,0.24154589371980675,0.41171338656008744,0.4798977106008171,0.16483314514871775,6.066741001015107,16.86881627794861,19.928825921854617,0.0764816300825297,0.11989697111173135
900,c_bin,c_0p90_0p95,436,0,0.0,436,1.0,436,1.0,0,0.0,0.17918793151652318,0.19339369889126626,0.17790393858243925,5.621011024088489,11.521701183182739,15.591241140596603,0.03363989454078256,0.047736138760610176
900,c_bin,c_0p95_1,528,0,0.0,264,0.5,528,1.0,0,0.0,0.05407349696398429,0.07325452588650239,0.9581582038683235,0.9928695215306349,6.1560533615294135,8.438916561724872,0.014947166533263044,0.025462101729857644
900,tangent_bin,t_0_0p005,224,0,0.0,0,0.0,224,1.0,0,0.0,0.008364645285806216,0.02683407320569063,1.0,0.010202083086275323,0.3893154861862249,0.6475114493981698,0.018068374706892897,0.061970106240973696
900,tangent_bin,t_0p005_0p01,812,0,0.0,0,0.0,812,1.0,0,0.0,0.011890787620626692,0.013934327783451366,1.0,0.17729282429731263,0.7221639931854639,0.8244105038706497,0.02121107098378553,0.04129208538869262
900,tangent_bin,t_0p01_0p02,916,0,0.0,580,0.6331877729257642,916,1.0,0,0.0,0.04968579585109521,0.06080953320658637,0.8064939334444446,1.2399349313505286,3.55170518206419,4.239069447120129,0.03317292456698667,0.0680559184728308
900,tangent_bin,t_0p02_0p05,1688,0,0.0,1636,0.9691943127962085,1324,0.7843601895734598,364,0.2156398104265403,0.17502763942237384,0.1875803763856572,0.40901411506501684,2.444903398605306,8.552225848170728,11.521809544654433,0.06798244293353815,0.12833705406022008
900,tangent_bin,t_0p05_0p10,1700,0,0.0,1700,1.0,444,0.2611764705882353,1256,0.7388235294117647,0.36357790146592334,0.42380501482988203,0.19724975827501118,5.069714704571512,13.881890234856487,18.475193402686884,0.12877544270050145,0.1520685969825727
900,tangent_bin,t_0p10_inf,80,0,0.0,80,1.0,40,0.5,40,0.5,0.6066370638770501,0.6066373017619753,0.09333825584352756,10.734486849754923,20.71568504686726,20.718381588498815,0.09928865302506892,0.13906076639443213
900,normal_raw_abs_bin,normal_raw_abs_0_1e-4,0,0,nan,0,nan,0,nan,0,nan,nan,nan,nan,nan,nan,nan,nan,nan
900,normal_raw_abs_bin,normal_raw_abs_1e-4_1e-3,0,0,nan,0,nan,0,nan,0,nan,nan,nan,nan,nan,nan,nan,nan,nan
900,normal_raw_abs_bin,normal_raw_abs_1e-3_1e-2,24,0,0.0,0,0.0,24,1.0,0,0.0,0.0012616150177574448,0.001261616287195726,1.0,0.01692449941739413,0.25340662880283027,0.25340686463489576,0.009284061950816484,0.00995723775599564
900,normal_raw_abs_bin,normal_raw_abs_1e-2_5e-2,2356,0,0.0,1176,0.499151103565365,2356,1.0,0,0.0,0.1780191576194767,0.3473813539822403,1.0,0.9802941611976974,10.92176435707875,18.470305134007127,0.02546556611015409,0.04695118324802321
900,normal_raw_abs_bin,normal_raw_abs_5e-2_inf,3040,0,0.0,2820,0.9276315789473685,1380,0.45394736842105265,1660,0.5460526315789473,0.36373135090559927,0.5131080189438448,0.25462338504560805,3.9273698019611887,8.88334681854355,16.867881293777977,0.10656701782280674,0.1496033005516698
900,cap_source,abs_cap_selected,1660,0,0.0,1628,0.980722891566265,0,0.0,1660,1.0,0.362533264411078,0.46330402262234466,0.22807601024772461,4.384503214142814,7.250665288221561,9.266080452446893,0.13159644473054333,0.1520686255614787
900,cap_source,ratio_cap_selected,3760,0,0.0,2368,0.6297872340425532,3760,1.0,0,0.0,0.3165587235013798,0.4798843422644921,0.6086282638459399,1.6430390427170938,11.050971927086522,18.473317198544937,0.03851995860029112,0.09356710854824854
900,cap_source,none_or_inactive,0,0,nan,0,nan,0,nan,0,nan,nan,nan,nan,nan,nan,nan,nan,nan
900,limiter_class,none,1424,0,0.0,0,0.0,1392,0.9775280898876404,32,0.02247191011235955,0.026834061537912422,0.041065174982559925,1.0,0.2012278708613573,0.8944111935983858,0.9781320383708264,0.021140849745091988,0.08268168978969455
900,limiter_class,abs_cap_limiter,1628,0,0.0,1628,1.0,0,0.0,1628,1.0,0.36253327045165845,0.4633040226223448,0.22281127718819066,4.4881031724236715,7.250665409033169,9.266080452446896,0.13178172424979684,0.15206863414122654
900,limiter_class,ratio_cap_limiter,2368,0,0.0,2368,1.0,2368,1.0,0,0.0,0.33908218647385147,0.5222009544098883,0.3037990273829868,3.2917381231198366,13.881886743637265,19.88957976780108,0.05040351544330346,0.09558380191506118
900,limiter_class,secondary_vector_safety,0,0,nan,0,nan,0,nan,0,nan,nan,nan,nan,nan,nan,nan,nan,nan
900,limiter_class,inactive_or_fallback,0,0,nan,0,nan,0,nan,0,nan,nan,nan,nan,nan,nan,nan,nan,nan
900,normal_agreement_bin,normal_0_0p5,0,0,nan,0,nan,0,nan,0,nan,nan,nan,nan,nan,nan,nan,nan,nan
900,normal_agreement_bin,normal_0p5_0p9,0,0,nan,0,nan,0,nan,0,nan,nan,nan,nan,nan,nan,nan,nan,nan
900,normal_agreement_bin,normal_0p9_0p99,968,0,0.0,800,0.8264462809917356,600,0.6198347107438017,368,0.38016528925619836,0.3281345972366773,0.4435527271181054,0.3022535997568673,3.3087107401934324,6.9019272469921304,10.262223149940331,0.08732779012673955,0.1495152496225791
900,normal_agreement_bin,normal_0p99_1p01,4452,0,0.0,3196,0.7178796046720575,3160,0.7097933513027853,1292,0.29020664869721474,0.3351892041749806,0.4798975103677853,0.43148678587953526,2.317568077028435,9.937632956738225,17.11936762676976,0.05603722893133458,0.1460289759760252
900,c_x_tangent:c_0_0p05,t_0_0p005,188,0,0.0,0,0.0,188,1.0,0,0.0,0.00028559439712253827,0.0023852430928210417,1.0,0.006066900563507305,0.029184561916557328,0.14824823322621117,0.016129208270255307,0.024024007436893556
900,c_x_tangent:c_0_0p05,t_0p005_0p01,564,0,0.0,0,0.0,564,1.0,0,0.0,0.009448002011992248,0.012308036680920486,1.0,0.17801807730183797,0.7240013659282477,0.8243921892903986,0.02121116360083023,0.029246407732746827
900,c_x_tangent:c_0_0p05,t_0p01_0p02,68,0,0.0,36,0.5294117647058824,68,1.0,0,0.0,0.026461982102014687,0.026462259100578683,0.8064939334444446,1.2399349313505286,1.857951488872961,1.8579652260300097,0.027959295688064253,0.030383308623222107
900,c_x_tangent:c_0_0p05,t_0p02_0p05,0,0,nan,0,nan,0,nan,0,nan,nan,nan,nan,nan,nan,nan,nan,nan
900,c_x_tangent:c_0_0p05,t_0p05_0p10,0,0,nan,0,nan,0,nan,0,nan,nan,nan,nan,nan,nan,nan,nan,nan
900,c_x_tangent:c_0_0p05,t_0p10_inf,0,0,nan,0,nan,0,nan,0,nan,nan,nan,nan,nan,nan,nan,nan,nan
900,c_x_tangent:c_0p05_0p10,t_0_0p005,24,0,0.0,0,0.0,24,1.0,0,0.0,0.008364661034872314,0.008364661303781128,1.0,0.3126059558628128,0.3893159682189284,0.3893159754536378,0.05035333985181919,0.050885899411976174
900,c_x_tangent:c_0p05_0p10,t_0p005_0p01,112,0,0.0,0,0.0,112,1.0,0,0.0,0.013934155285059011,0.013934311587970065,1.0,0.3622618812967582,0.7221549332953402,0.7221637822086847,0.03591780585289535,0.05487954432633696
900,c_x_tangent:c_0p05_0p10,t_0p01_0p02,396,0,0.0,300,0.7575757575757576,396,1.0,0,0.0,0.044530321597350764,0.05614775591383204,0.7318160981025599,1.3664635180789046,2.3404954544083694,2.448208499113411,0.04189877530336178,0.05504852494291335
900,c_x_tangent:c_0p05_0p10,t_0p02_0p05,80,0,0.0,80,1.0,80,1.0,0,0.0,0.09919098089919441,0.0991914576097695,0.36565697582583556,2.7403931928235226,3.7437588520132943,3.7438325563086536,0.04803487660454994,0.05604078763196207
900,c_x_tangent:c_0p05_0p10,t_0p05_0p10,0,0,nan,0,nan,0,nan,0,nan,nan,nan,nan,nan,nan,nan,nan,nan
900,c_x_tangent:c_0p05_0p10,t_0p10_inf,0,0,nan,0,nan,0,nan,0,nan,nan,nan,nan,nan,nan,nan,nan,nan
900,c_x_tangent:c_0p10_0p30,t_0_0p005,12,0,0.0,0,0.0,12,1.0,0,0.0,0.026834342335378108,0.026834342335378156,1.0,0.6475113533567246,0.6475181420403113,0.6475181420403124,0.08288346894360041,0.0828837026144683
900,c_x_tangent:c_0p10_0p30,t_0p005_0p01,8,0,0.0,0,0.0,8,1.0,0,0.0,0.03379363573945301,0.03379363573945303,1.0,0.8550894451375171,0.8550915748871485,0.8550915748871489,0.07904088296526308,0.07904102351274357
900,c_x_tangent:c_0p10_0p30,t_0p01_0p02,96,0,0.0,24,0.25,96,1.0,0,0.0,0.04310422812785428,0.04310431011817342,1.0,0.5768165891486001,1.4539524485587259,1.4539531767999443,0.06805226893463337,0.09498367775489588
900,c_x_tangent:c_0p10_0p30,t_0p02_0p05,896,0,0.0,844,0.9419642857142857,580,0.6473214285714286,316,0.35267857142857145,0.13279416646724906,0.15186253349652368,0.5668311664729244,1.764193747889052,3.013587803491008,3.0950366469095094,0.08929625521001451,0.12774495217836498
900,c_x_tangent:c_0p10_0p30,t_0p05_0p10,108,0,0.0,108,1.0,16,0.14814814814814814,92,0.8518518518518519,0.2447528903394442,0.24477094978260824,0.2682364068168244,3.7280547106454156,4.895057806788883,4.8954189956521645,0.1148082916842805,0.12877517330519472
900,c_x_tangent:c_0p10_0p30,t_0p10_inf,0,0,nan,0,nan,0,nan,0,nan,nan,nan,nan,nan,nan,nan,nan,nan
900,c_x_tangent:c_0p30_0p70,t_0_0p005,0,0,nan,0,nan,0,nan,0,nan,nan,nan,nan,nan,nan,nan,nan,nan
900,c_x_tangent:c_0p30_0p70,t_0p005_0p01,0,0,nan,0,nan,0,nan,0,nan,nan,nan,nan,nan,nan,nan,nan,nan
900,c_x_tangent:c_0p30_0p70,t_0p01_0p02,0,0,nan,0,nan,0,nan,0,nan,nan,nan,nan,nan,nan,nan,nan,nan
900,c_x_tangent:c_0p30_0p70,t_0p02_0p05,48,0,0.0,48,1.0,0,0.0,48,1.0,0.11557014460659738,0.11557039611026737,0.5776881935169972,1.7313248419178204,2.311402892131947,2.311407922205347,0.13861380722707936,0.1453693629732425
900,c_x_tangent:c_0p30_0p70,t_0p05_0p10,964,0,0.0,964,1.0,0,0.0,964,1.0,0.3453461957655644,0.3722156377178984,0.19984741133762335,5.003817629196149,6.906923915311287,7.444312754357967,0.1416959457871372,0.15382387523435534
900,c_x_tangent:c_0p30_0p70,t_0p10_inf,64,0,0.0,64,1.0,24,0.375,40,0.625,0.6066371884337816,0.6066373017619754,0.09849071880605029,10.154384852707048,20.71568907275486,20.718381588498815,0.10680303936251798,0.13906078458014365
900,c_x_tangent:c_0p70_0p90,t_0_0p005,0,0,nan,0,nan,0,nan,0,nan,nan,nan,nan,nan,nan,nan,nan,nan
900,c_x_tangent:c_0p70_0p90,t_0p005_0p01,0,0,nan,0,nan,0,nan,0,nan,nan,nan,nan,nan,nan,nan,nan,nan
900,c_x_tangent:c_0p70_0p90,t_0p01_0p02,0,0,nan,0,nan,0,nan,0,nan,nan,nan,nan,nan,nan,nan,nan,nan
900,c_x_tangent:c_0p70_0p90,t_0p02_0p05,184,0,0.0,184,1.0,184,1.0,0,0.0,0.1875803728933387,0.19112909425614205,0.19699591855451876,5.076247301657926,7.128026460636747,7.349503512405954,0.058505561947275964,0.08410666286864313
900,c_x_tangent:c_0p70_0p90,t_0p05_0p10,628,0,0.0,628,1.0,428,0.6815286624203821,200,0.3184713375796178,0.41051850187303157,0.4482959668529465,0.1582303771345827,6.319898985969964,17.906508478338267,20.191708524475963,0.08866688406876455,0.1200200441062376
900,c_x_tangent:c_0p70_0p90,t_0p10_inf,16,0,0.0,16,1.0,16,1.0,0,0.0,0.5106058254003428,0.5106058254003428,0.06977618172221296,15.538281097946248,19.87061857117245,19.870618571172482,0.06851441913210879,0.0856453593322103
900,c_x_tangent:c_0p90_0p95,t_0_0p005,0,0,nan,0,nan,0,nan,0,nan,nan,nan,nan,nan,nan,nan,nan,nan
900,c_x_tangent:c_0p90_0p95,t_0p005_0p01,0,0,nan,0,nan,0,nan,0,nan,nan,nan,nan,nan,nan,nan,nan,nan
900,c_x_tangent:c_0p90_0p95,t_0p01_0p02,36,0,0.0,36,1.0,36,1.0,0,0.0,0.06422437561852098,0.06422444287957679,0.26184713579776686,3.819022105983718,4.2751828115556645,4.275184288003673,0.028447675244836046,0.030301177523010717
900,c_x_tangent:c_0p90_0p95,t_0p02_0p05,400,0,0.0,400,1.0,400,1.0,0,0.0,0.17922761967676962,0.193393701820238,0.17503508437020104,5.71328524059334,11.521714995067823,15.591241168779854,0.03483654523969992,0.04773617292244067
900,c_x_tangent:c_0p90_0p95,t_0p05_0p10,0,0,nan,0,nan,0,nan,0,nan,nan,nan,nan,nan,nan,nan,nan,nan
900,c_x_tangent:c_0p90_0p95,t_0p10_inf,0,0,nan,0,nan,0,nan,0,nan,nan,nan,nan,nan,nan,nan,nan,nan
900,c_x_tangent:c_0p95_1,t_0_0p005,0,0,nan,0,nan,0,nan,0,nan,nan,nan,nan,nan,nan,nan,nan,nan
900,c_x_tangent:c_0p95_1,t_0p005_0p01,128,0,0.0,0,0.0,128,1.0,0,0.0,0.0029715135955334787,0.002978341453183333,1.0,0.03552036343765233,0.4526781381478372,0.45360505751685287,0.010988144532416332,0.013128593343127305
900,c_x_tangent:c_0p95_1,t_0p01_0p02,320,0,0.0,184,0.575,320,1.0,0,0.0,0.03853700244482091,0.04713782086228492,0.7903933914958747,1.2799329417039722,3.053812677598439,4.035561412521679,0.015805900620153718,0.025467129007380112
900,c_x_tangent:c_0p95_1,t_0p02_0p05,80,0,0.0,80,1.0,80,1.0,0,0.0,0.073267293895817,0.07326753486477072,0.18272227819378972,5.480941506083477,8.44077121703024,8.44079292012695,0.017633455507069726,0.022889633827180792
900,c_x_tangent:c_0p95_1,t_0p05_0p10,0,0,nan,0,nan,0,nan,0,nan,nan,nan,nan,nan,nan,nan,nan,nan
900,c_x_tangent:c_0p95_1,t_0p10_inf,0,0,nan,0,nan,0,nan,0,nan,nan,nan,nan,nan,nan,nan,nan,nan
1000,region,none_or_unknown,0,0,nan,0,nan,0,nan,0,nan,nan,nan,nan,nan,nan,nan,nan,nan
1000,region,sphere_upper,2160,0,0.0,1896,0.8777777777777778,1616,0.7481481481481481,544,0.2518518518518518,0.4078019297913304,0.5448035636362747,0.19954460768143722,5.011416989899798,14.0954746859513,19.879509757468586,0.05067631758877518,0.13762989818297863
1000,region,sphere_lower90,2688,0,0.0,2088,0.7767857142857143,1544,0.5744047619047619,1144,0.4255952380952381,0.2725117947706202,0.30616423637676293,0.5415936878248455,1.8464074718633756,5.450235895412403,6.123284727535259,0.08613512994508626,0.15076948557238126
1000,region,sphere_bottom120,612,0,0.0,4,0.006535947712418301,612,1.0,0,0.0,0.007756845296445206,0.011106865900364655,1.0,0.04648108244536176,0.5372231181939424,0.8231924522897068,0.017766014126503648,0.027752557472303742
1000,region,outer_or_other_wall,0,0,nan,0,nan,0,nan,0,nan,nan,nan,nan,nan,nan,nan,nan,nan
1000,theta_zone,sphere11,5460,0,0.0,3988,0.7304029304029304,3772,0.6908424908424908,1688,0.30915750915750917,0.3331200964679359,0.4794265072846032,0.4122576787348907,2.42566737160302,9.356428316185978,17.049206151474895,0.06017788218074154,0.14685006438324216
1000,theta_zone,outer90,0,0,nan,0,nan,0,nan,0,nan,nan,nan,nan,nan,nan,nan,nan,nan
1000,theta_zone,fallback,0,0,nan,0,nan,0,nan,0,nan,nan,nan,nan,nan,nan,nan,nan,nan
1000,c_bin,c_0_0p05,824,0,0.0,32,0.038834951456310676,824,1.0,0,0.0,0.011107034368915076,0.02285196630711005,1.0,0.12001606446260338,0.8232026279726162,1.5948887470124675,0.020260206697295974,0.028766724312606726
1000,c_bin,c_0p05_0p10,640,0,0.0,384,0.6,640,1.0,0,0.0,0.06177287872084678,0.08778328579900674,0.8377463207082065,1.193724395873219,2.586518683828488,3.7060434935193736,0.042564633916267136,0.05567931944796175
1000,c_bin,c_0p10_0p30,1128,0,0.0,968,0.8581560283687943,692,0.6134751773049646,436,0.38652482269503546,0.18663259565392426,0.23462832065876502,0.5809505480241461,1.7213169062347276,3.810328564850745,4.7082606289946405,0.0919999009132831,0.12827463979427192
1000,c_bin,c_0p30_0p70,1084,0,0.0,1084,1.0,24,0.02214022140221402,1060,0.977859778597786,0.44181374648647637,0.5980017617575508,0.20067530717530824,4.983174133758314,8.836274929729527,17.04921111031327,0.1406761032028237,0.1540033210704858
1000,c_bin,c_0p70_0p90,820,0,0.0,820,1.0,628,0.7658536585365854,192,0.23414634146341465,0.41189609244565334,0.47945244172659834,0.16529264948191655,6.049875860561878,16.838716906560972,19.880138307054178,0.07672063447588418,0.11852414791600878
1000,c_bin,c_0p90_0p95,436,0,0.0,436,1.0,436,1.0,0,0.0,0.17987929013411497,0.19426480987658742,0.17639042472001176,5.669241976072806,11.549045418060953,15.60902950953735,0.033806685476925044,0.04789060911139342
1000,c_bin,c_0p95_1,528,0,0.0,264,0.5,528,1.0,0,0.0,0.054734257236198486,0.0741688864705098,0.9486627360652851,1.0138368415389107,6.2284884029918555,8.527188536276803,0.01497274589401176,0.025524464339732343
1000,tangent_bin,t_0_0p005,224,0,0.0,0,0.0,224,1.0,0,0.0,0.00892688076926626,0.027102701468330076,1.0,0.00799428626820782,0.3957442643424947,0.6489842557146447,0.016756275280452936,0.06266292681146693
1000,tangent_bin,t_0p005_0p01,832,0,0.0,0,0.0,832,1.0,0,0.0,0.01110695508959723,0.01458410924255089,1.0,0.18270043808611078,0.652113051378234,0.8232044236813697,0.021280641497687047,0.04363769649246314
1000,tangent_bin,t_0p01_0p02,928,0,0.0,588,0.6336206896551724,928,1.0,0,0.0,0.05034472092311459,0.06155194373762325,0.8266241058449548,1.209739702640105,3.5841544191413997,4.253551308125194,0.0322415907163877,0.06915042970390016
1000,tangent_bin,t_0p02_0p05,1688,0,0.0,1612,0.9549763033175356,1296,0.7677725118483413,392,0.23222748815165878,0.17518291662666727,0.18822577135683582,0.41517975557983444,2.408595280864345,8.617068395944651,11.549179370784875,0.06908020643485943,0.1285197443368522
1000,tangent_bin,t_0p05_0p10,1708,0,0.0,1708,1.0,452,0.2646370023419204,1256,0.7353629976580797,0.3620995929685279,0.4245001122369901,0.198831199760578,5.029391771878998,13.884694501349681,18.457151851531112,0.12932273239632192,0.15219989770661826
1000,tangent_bin,t_0p10_inf,80,0,0.0,80,1.0,40,0.5,40,0.5,0.6064663151550793,0.6064665873481173,0.09363972232680014,10.699383580625,20.615940821003566,20.618866051795276,0.09954405007136252,0.13927807092809516
1000,normal_raw_abs_bin,normal_raw_abs_0_1e-4,0,0,nan,0,nan,0,nan,0,nan,nan,nan,nan,nan,nan,nan,nan,nan
1000,normal_raw_abs_bin,normal_raw_abs_1e-4_1e-3,0,0,nan,0,nan,0,nan,0,nan,nan,nan,nan,nan,nan,nan,nan,nan
1000,normal_raw_abs_bin,normal_raw_abs_1e-3_1e-2,24,0,0.0,0,0.0,24,1.0,0,0.0,0.0013012452764528649,0.0013012468560542271,1.0,0.01849732449070034,0.26113314572111135,0.2611334387953767,0.009307837636863422,0.009966144081254189
1000,normal_raw_abs_bin,normal_raw_abs_1e-2_5e-2,2356,0,0.0,1152,0.48896434634974534,2356,1.0,0,0.0,0.16887006542567023,0.3429703677538259,1.0,0.9132505809897238,9.36932208351751,18.45290766313636,0.025533444126080246,0.046978024414988356
1000,normal_raw_abs_bin,normal_raw_abs_5e-2_inf,3080,0,0.0,2836,0.9207792207792208,1392,0.45194805194805193,1688,0.548051948051948,0.3621003063437979,0.5117396320528136,0.25770118872324166,3.880463279794988,9.111957717681758,16.837139906001173,0.1063081901032418,0.14984450014878928
1000,cap_source,abs_cap_selected,1688,0,0.0,1648,0.976303317535545,0,0.0,1688,1.0,0.36078317293165263,0.4622004599159991,0.23148290998876891,4.319973340790118,7.215663458633053,9.244009198319983,0.13134649158651157,0.15220245105621025
1000,cap_source,ratio_cap_selected,3772,0,0.0,2340,0.6203605514316013,3772,1.0,0,0.0,0.3171884025416148,0.47943396219247036,0.6270289044047677,1.594822811158274,11.016312327952088,18.454400242177552,0.03783777057167992,0.09360866628477439
1000,cap_source,none_or_inactive,0,0,nan,0,nan,0,nan,0,nan,nan,nan,nan,nan,nan,nan,nan,nan
1000,limiter_class,none,1472,0,0.0,0,0.0,1432,0.9728260869565217,40,0.02717391304347826,0.029138979026637275,0.04726701049187161,1.0,0.21650516994922953,0.9132086927048519,0.9595913346124461,0.02142914504749413,0.08877826840703908
1000,limiter_class,abs_cap_limiter,1648,0,0.0,1648,1.0,0,0.0,1648,1.0,0.36078319396477754,0.4622004599159994,0.2290963187632878,4.365162355162634,7.21566387929555,9.244009198319988,0.13187592170750687,0.15220248442799836
1000,limiter_class,ratio_cap_limiter,2340,0,0.0,2340,1.0,2340,1.0,0,0.0,0.3402016559957247,0.5316105103427621,0.29473396701710997,3.392890239698614,13.884695939191609,19.848382460243542,0.050596819086279166,0.09509626015604905
1000,limiter_class,secondary_vector_safety,0,0,nan,0,nan,0,nan,0,nan,nan,nan,nan,nan,nan,nan,nan,nan
1000,limiter_class,inactive_or_fallback,0,0,nan,0,nan,0,nan,0,nan,nan,nan,nan,nan,nan,nan,nan,nan
1000,normal_agreement_bin,normal_0_0p5,0,0,nan,0,nan,0,nan,0,nan,nan,nan,nan,nan,nan,nan,nan,nan
1000,normal_agreement_bin,normal_0p5_0p9,0,0,nan,0,nan,0,nan,0,nan,nan,nan,nan,nan,nan,nan,nan,nan
1000,normal_agreement_bin,normal_0p9_0p99,968,0,0.0,800,0.8264462809917356,596,0.6157024793388429,372,0.384297520661157,0.3288795540943437,0.44181500304176335,0.30666026362373805,3.2611698336804884,6.875866567149294,10.234864082417456,0.08827026276219416,0.1498445170863005
1000,normal_agreement_bin,normal_0p99_1p01,4492,0,0.0,3188,0.709706144256456,3176,0.7070347284060552,1316,0.2929652715939448,0.3335852230202917,0.47945221386345555,0.44359799902777597,2.2542933065335697,9.909830149850794,17.049207080085285,0.055679309810788016,0.146272909319116
1000,c_x_tangent:c_0_0p05,t_0_0p005,188,0,0.0,0,0.0,188,1.0,0,0.0,0.0003171809286065134,0.0026594592789708823,1.0,0.002807513035912817,0.025748967835896933,0.1618597721797263,0.015190488650881104,0.024636399605907883
1000,c_x_tangent:c_0_0p05,t_0p005_0p01,560,0,0.0,0,0.0,560,1.0,0,0.0,0.008050950677052806,0.011106714736926874,1.0,0.20177441643654065,0.6045439932509086,0.8231838002240283,0.020822334050871243,0.02843023296891971
1000,c_x_tangent:c_0_0p05,t_0p01_0p02,76,0,0.0,32,0.42105263157894735,76,1.0,0,0.0,0.028414097284898028,0.02841456884657993,1.0,0.8645794887110291,1.947034026070354,1.9470568067315281,0.02670970668058983,0.030648113053253684
1000,c_x_tangent:c_0_0p05,t_0p02_0p05,0,0,nan,0,nan,0,nan,0,nan,nan,nan,nan,nan,nan,nan,nan,nan
1000,c_x_tangent:c_0_0p05,t_0p05_0p10,0,0,nan,0,nan,0,nan,0,nan,nan,nan,nan,nan,nan,nan,nan,nan
1000,c_x_tangent:c_0_0p05,t_0p10_inf,0,0,nan,0,nan,0,nan,0,nan,nan,nan,nan,nan,nan,nan,nan,nan
1000,c_x_tangent:c_0p05_0p10,t_0_0p005,24,0,0.0,0,0.0,24,1.0,0,0.0,0.008926887031938427,0.008926887676464523,1.0,0.345772719302191,0.39574490234959436,0.39574493923175313,0.05109902590135107,0.0516354904153665
1000,c_x_tangent:c_0p05_0p10,t_0p005_0p01,136,0,0.0,0,0.0,136,1.0,0,0.0,0.014583914446290668,0.014584053806138395,1.0,0.37437160806889813,0.7382457430398399,0.7382544094294455,0.036088731301423184,0.05567930382458748
1000,c_x_tangent:c_0p05_0p10,t_0p01_0p02,408,0,0.0,312,0.7647058823529411,408,1.0,0,0.0,0.04440378333723035,0.056130284581870485,0.7476047259894343,1.3377575055642181,2.355216808851724,2.4029260574596063,0.042252580163882836,0.053283940691376916
1000,c_x_tangent:c_0p05_0p10,t_0p02_0p05,72,0,0.0,72,1.0,72,1.0,0,0.0,0.08778334268805546,0.08778668055907086,0.38887880989406987,2.5714952179379456,3.706043898515286,3.706130547521175,0.047373075896969465,0.05688786220760814
1000,c_x_tangent:c_0p05_0p10,t_0p05_0p10,0,0,nan,0,nan,0,nan,0,nan,nan,nan,nan,nan,nan,nan,nan,nan
1000,c_x_tangent:c_0p05_0p10,t_0p10_inf,0,0,nan,0,nan,0,nan,0,nan,nan,nan,nan,nan,nan,nan,nan,nan
1000,c_x_tangent:c_0p10_0p30,t_0_0p005,12,0,0.0,0,0.0,12,1.0,0,0.0,0.027102944801789878,0.027102944801789958,1.0,0.6489828431759321,0.6489902539185414,0.6489902539185431,0.083523183976811,0.08352344831073066
1000,c_x_tangent:c_0p10_0p30,t_0p005_0p01,8,0,0.0,0,0.0,8,1.0,0,0.0,0.034305968488082,0.034305968488082025,1.0,0.8612399930884724,0.8612424130018562,0.8612424130018569,0.0796661232087428,0.07966627486807903
1000,c_x_tangent:c_0p10_0p30,t_0p01_0p02,88,0,0.0,24,0.2727272727272727,88,1.0,0,0.0,0.042393441834767606,0.042393537471428044,1.0,0.5803532020841673,1.4048858407981486,1.4048865746904846,0.06915047894439136,0.095486114259639
1000,c_x_tangent:c_0p10_0p30,t_0p02_0p05,912,0,0.0,836,0.9166666666666666,568,0.6228070175438597,344,0.37719298245614036,0.13226965808517793,0.15068144728284447,0.5809505480241461,1.7213169062347276,2.9669973293028398,3.6229483678998537,0.08941487310101696,0.1282724395177664
1000,c_x_tangent:c_0p10_0p30,t_0p05_0p10,108,0,0.0,108,1.0,16,0.14814814814814814,92,0.8518518518518519,0.24345837192181313,0.2434793029933865,0.2675950455728179,3.7369899650401672,4.869167438436262,4.86958605986773,0.11543428293887996,0.12952162228055644
1000,c_x_tangent:c_0p10_0p30,t_0p10_inf,0,0,nan,0,nan,0,nan,0,nan,nan,nan,nan,nan,nan,nan,nan,nan
1000,c_x_tangent:c_0p30_0p70,t_0_0p005,0,0,nan,0,nan,0,nan,0,nan,nan,nan,nan,nan,nan,nan,nan,nan
1000,c_x_tangent:c_0p30_0p70,t_0p005_0p01,0,0,nan,0,nan,0,nan,0,nan,nan,nan,nan,nan,nan,nan,nan,nan
1000,c_x_tangent:c_0p30_0p70,t_0p01_0p02,0,0,nan,0,nan,0,nan,0,nan,nan,nan,nan,nan,nan,nan,nan,nan
1000,c_x_tangent:c_0p30_0p70,t_0p02_0p05,48,0,0.0,48,1.0,0,0.0,48,1.0,0.11417947396633465,0.1141797796865016,0.5902162674415136,1.6955000219749334,2.283589479326693,2.283595593730032,0.13924358001850906,0.14570966152723439
1000,c_x_tangent:c_0p30_0p70,t_0p05_0p10,972,0,0.0,972,1.0,0,0.0,972,1.0,0.34396740592310593,0.3705717032786301,0.20125038890519753,4.968934497170424,6.879348118462118,7.411434065572601,0.141895147922827,0.15400583919195548
1000,c_x_tangent:c_0p30_0p70,t_0p10_inf,64,0,0.0,64,1.0,24,0.375,40,0.625,0.6064664578899109,0.6064665873481173,0.09873250350056464,10.129471889678772,20.615945845758443,20.618866051795283,0.10704240868344778,0.1392780920896641
1000,c_x_tangent:c_0p70_0p90,t_0_0p005,0,0,nan,0,nan,0,nan,0,nan,nan,nan,nan,nan,nan,nan,nan,nan
1000,c_x_tangent:c_0p70_0p90,t_0p005_0p01,0,0,nan,0,nan,0,nan,0,nan,nan,nan,nan,nan,nan,nan,nan,nan
1000,c_x_tangent:c_0p70_0p90,t_0p01_0p02,0,0,nan,0,nan,0,nan,0,nan,nan,nan,nan,nan,nan,nan,nan,nan
1000,c_x_tangent:c_0p70_0p90,t_0p02_0p05,176,0,0.0,176,1.0,176,1.0,0,0.0,0.18822577135683588,0.1915363182591036,0.19480187922730657,5.134193727819017,7.136901376254516,7.337469707640868,0.05861836610198854,0.08438064862235442
1000,c_x_tangent:c_0p70_0p90,t_0p05_0p10,628,0,0.0,628,1.0,436,0.6942675159235668,192,0.3057324840764331,0.41044633568233857,0.4492271033233806,0.1586896404046909,6.301608582983567,17.88467187865207,20.166390674208188,0.08531466324228323,0.12014112675659305
1000,c_x_tangent:c_0p70_0p90,t_0p10_inf,16,0,0.0,16,1.0,16,1.0,0,0.0,0.5109781642486216,0.5109781642486217,0.07003726366618658,15.481392486191313,19.79969655843578,19.799696558435784,0.06874916391674066,0.08589443318599346
1000,c_x_tangent:c_0p90_0p95,t_0_0p005,0,0,nan,0,nan,0,nan,0,nan,nan,nan,nan,nan,nan,nan,nan,nan
1000,c_x_tangent:c_0p90_0p95,t_0p005_0p01,0,0,nan,0,nan,0,nan,0,nan,nan,nan,nan,nan,nan,nan,nan,nan
1000,c_x_tangent:c_0p90_0p95,t_0p01_0p02,36,0,0.0,36,1.0,36,1.0,0,0.0,0.06469454977220486,0.06469462967645409,0.2608221933195999,3.834029563484668,4.305585172647907,4.305586872087181,0.02859166293894223,0.030419085355799763
1000,c_x_tangent:c_0p90_0p95,t_0p02_0p05,400,0,0.0,400,1.0,400,1.0,0,0.0,0.17992385647921824,0.1942648134794435,0.17467936859345945,5.724967976148496,11.549063035119577,15.609029540072715,0.03498928775931791,0.04789066296054992
1000,c_x_tangent:c_0p90_0p95,t_0p05_0p10,0,0,nan,0,nan,0,nan,0,nan,nan,nan,nan,nan,nan,nan,nan,nan
1000,c_x_tangent:c_0p90_0p95,t_0p10_inf,0,0,nan,0,nan,0,nan,0,nan,nan,nan,nan,nan,nan,nan,nan,nan
1000,c_x_tangent:c_0p95_1,t_0_0p005,0,0,nan,0,nan,0,nan,0,nan,nan,nan,nan,nan,nan,nan,nan,nan
1000,c_x_tangent:c_0p95_1,t_0p005_0p01,128,0,0.0,0,0.0,128,1.0,0,0.0,0.003064430801533655,0.0030719274652391076,1.0,0.03836857184273096,0.4650908398282234,0.4661074735833654,0.011029374820841011,0.013177773196588777
1000,c_x_tangent:c_0p95_1,t_0p01_0p02,320,0,0.0,184,0.575,320,1.0,0,0.0,0.0390852279170748,0.04792017147588667,0.7733911311528339,1.3075425268745864,3.089836666916778,4.084858643485337,0.015822717984793525,0.025593547083681903
1000,c_x_tangent:c_0p95_1,t_0p02_0p05,80,0,0.0,80,1.0,80,1.0,0,0.0,0.07418207340681074,0.07418237342903616,0.18087470489540924,5.537594539537313,8.529203596939482,8.529230426227596,0.017661549889023555,0.0229610511958567
1000,c_x_tangent:c_0p95_1,t_0p05_0p10,0,0,nan,0,nan,0,nan,0,nan,nan,nan,nan,nan,nan,nan,nan,nan
1000,c_x_tangent:c_0p95_1,t_0p10_inf,0,0,nan,0,nan,0,nan,0,nan,nan,nan,nan,nan,nan,nan,nan,nan
