MPMD: TCLB: local:0/1 work:0/1 ---  connected to:
[  ]    ---- : Using std::chrono::steady_clock::now() for walltime
[  ]    #### : -------------------------------------------------------------------------
[  ]    #### : -  CLB version:                   ded67cd                               -
[  ]    #### : -        Model: d3q27_pf_velocity_q27_geometric                               -
[  ]    #### : -------------------------------------------------------------------------
[  ]    #### : Setting output path to: case
[  ]    ---- : Discarding 1 comments
[ 0]    ---- : Selecting device 0/1
[  ]    ---- :   Threads  |      Action
[  ]    ==== :    32x4    | BorderExecutor<(eOperationType)0, (eCalculateGlobals)0, (eStage)0> --- Reduced from maximum 512
[  ]    ==== :    32x4    | BorderExecutor<(eOperationType)0, (eCalculateGlobals)0, (eStage)1> --- Reduced from maximum 384
[  ]    ==== :    32x4    | BorderExecutor<(eOperationType)0, (eCalculateGlobals)0, (eStage)2> --- Reduced from maximum 384
[  ]    ==== :    32x4    | BorderExecutor<(eOperationType)0, (eCalculateGlobals)0, (eStage)3> --- Reduced from maximum 256
[  ]    ==== :    32x4    | BorderExecutor<(eOperationType)0, (eCalculateGlobals)0, (eStage)4> --- Reduced from maximum 1024
[  ]    ==== :    32x4    | BorderExecutor<(eOperationType)0, (eCalculateGlobals)0, (eStage)5> --- Reduced from maximum 512
[  ]    ==== :    32x4    | BorderExecutor<(eOperationType)0, (eCalculateGlobals)0, (eStage)6> --- Reduced from maximum 1024
[  ]    ==== :    32x4    | BorderExecutor<(eOperationType)0, (eCalculateGlobals)0, (eStage)7> --- Reduced from maximum 640
[  ]    ==== :    32x4    | BorderExecutor<(eOperationType)0, (eCalculateGlobals)0, (eStage)8> --- Reduced from maximum 640
[  ]    ==== :    32x4    | BorderExecutor<(eOperationType)0, (eCalculateGlobals)0, (eStage)9> --- Reduced from maximum 1024
[  ]    ==== :    32x4    | BorderExecutor<(eOperationType)0, (eCalculateGlobals)1, (eStage)0> --- Reduced from maximum 640
[  ]    ==== :    32x4    | BorderExecutor<(eOperationType)0, (eCalculateGlobals)1, (eStage)1> --- Reduced from maximum 384
[  ]    ==== :    32x4    | BorderExecutor<(eOperationType)0, (eCalculateGlobals)1, (eStage)2> --- Reduced from maximum 256
[  ]    ==== :    32x4    | BorderExecutor<(eOperationType)0, (eCalculateGlobals)1, (eStage)3> --- Reduced from maximum 256
[  ]    ==== :    32x4    | BorderExecutor<(eOperationType)0, (eCalculateGlobals)1, (eStage)4> --- Reduced from maximum 1024
[  ]    ==== :    32x4    | BorderExecutor<(eOperationType)0, (eCalculateGlobals)1, (eStage)5> --- Reduced from maximum 512
[  ]    ==== :    32x4    | BorderExecutor<(eOperationType)0, (eCalculateGlobals)1, (eStage)6> --- Reduced from maximum 1024
[  ]    ==== :    32x4    | BorderExecutor<(eOperationType)0, (eCalculateGlobals)1, (eStage)7> --- Reduced from maximum 640
[  ]    ==== :    32x4    | BorderExecutor<(eOperationType)0, (eCalculateGlobals)1, (eStage)8> --- Reduced from maximum 640
[  ]    ==== :    32x4    | BorderExecutor<(eOperationType)0, (eCalculateGlobals)1, (eStage)9> --- Reduced from maximum 1024
[  ]    ==== :    32x4    | BorderExecutor<(eOperationType)0, (eCalculateGlobals)2, (eStage)0> --- Reduced from maximum 1024
[  ]    ==== :    32x4    | BorderExecutor<(eOperationType)0, (eCalculateGlobals)2, (eStage)1> --- Reduced from maximum 1024
[  ]    ==== :    32x4    | BorderExecutor<(eOperationType)0, (eCalculateGlobals)2, (eStage)2> --- Reduced from maximum 1024
[  ]    ==== :    32x4    | BorderExecutor<(eOperationType)0, (eCalculateGlobals)2, (eStage)3> --- Reduced from maximum 1024
[  ]    ==== :    32x4    | BorderExecutor<(eOperationType)0, (eCalculateGlobals)2, (eStage)4> --- Reduced from maximum 1024
[  ]    ==== :    32x4    | BorderExecutor<(eOperationType)0, (eCalculateGlobals)2, (eStage)5> --- Reduced from maximum 1024
[  ]    ==== :    32x4    | BorderExecutor<(eOperationType)0, (eCalculateGlobals)2, (eStage)6> --- Reduced from maximum 1024
[  ]    ==== :    32x4    | BorderExecutor<(eOperationType)0, (eCalculateGlobals)2, (eStage)7> --- Reduced from maximum 1024
[  ]    ==== :    32x4    | BorderExecutor<(eOperationType)0, (eCalculateGlobals)2, (eStage)8> --- Reduced from maximum 1024
[  ]    ==== :    32x4    | BorderExecutor<(eOperationType)0, (eCalculateGlobals)2, (eStage)9> --- Reduced from maximum 1024
[  ]    ==== :    32x4    | BorderExecutor<(eOperationType)1, (eCalculateGlobals)0, (eStage)0> --- Reduced from maximum 1024
[  ]    ==== :    32x4    | BorderExecutor<(eOperationType)1, (eCalculateGlobals)0, (eStage)1> --- Reduced from maximum 1024
[  ]    ==== :    32x4    | BorderExecutor<(eOperationType)1, (eCalculateGlobals)0, (eStage)2> --- Reduced from maximum 1024
[  ]    ==== :    32x4    | BorderExecutor<(eOperationType)1, (eCalculateGlobals)0, (eStage)3> --- Reduced from maximum 1024
[  ]    ==== :    32x4    | BorderExecutor<(eOperationType)1, (eCalculateGlobals)0, (eStage)4> --- Reduced from maximum 1024
[  ]    ==== :    32x4    | BorderExecutor<(eOperationType)1, (eCalculateGlobals)0, (eStage)5> --- Reduced from maximum 1024
[  ]    ==== :    32x4    | BorderExecutor<(eOperationType)1, (eCalculateGlobals)0, (eStage)6> --- Reduced from maximum 1024
[  ]    ==== :    32x4    | BorderExecutor<(eOperationType)1, (eCalculateGlobals)0, (eStage)7> --- Reduced from maximum 1024
[  ]    ==== :    32x4    | BorderExecutor<(eOperationType)1, (eCalculateGlobals)0, (eStage)8> --- Reduced from maximum 1024
[  ]    ==== :    32x4    | BorderExecutor<(eOperationType)1, (eCalculateGlobals)0, (eStage)9> --- Reduced from maximum 1024
[  ]    ==== :    32x4    | BorderExecutor<(eOperationType)1, (eCalculateGlobals)1, (eStage)0> --- Reduced from maximum 1024
[  ]    ==== :    32x4    | BorderExecutor<(eOperationType)1, (eCalculateGlobals)1, (eStage)1> --- Reduced from maximum 1024
[  ]    ==== :    32x4    | BorderExecutor<(eOperationType)1, (eCalculateGlobals)1, (eStage)2> --- Reduced from maximum 1024
[  ]    ==== :    32x4    | BorderExecutor<(eOperationType)1, (eCalculateGlobals)1, (eStage)3> --- Reduced from maximum 1024
[  ]    ==== :    32x4    | BorderExecutor<(eOperationType)1, (eCalculateGlobals)1, (eStage)4> --- Reduced from maximum 1024
[  ]    ==== :    32x4    | BorderExecutor<(eOperationType)1, (eCalculateGlobals)1, (eStage)5> --- Reduced from maximum 1024
[  ]    ==== :    32x4    | BorderExecutor<(eOperationType)1, (eCalculateGlobals)1, (eStage)6> --- Reduced from maximum 1024
[  ]    ==== :    32x4    | BorderExecutor<(eOperationType)1, (eCalculateGlobals)1, (eStage)7> --- Reduced from maximum 1024
[  ]    ==== :    32x4    | BorderExecutor<(eOperationType)1, (eCalculateGlobals)1, (eStage)8> --- Reduced from maximum 1024
[  ]    ==== :    32x4    | BorderExecutor<(eOperationType)1, (eCalculateGlobals)1, (eStage)9> --- Reduced from maximum 1024
[  ]    ==== :    32x4    | BorderExecutor<(eOperationType)1, (eCalculateGlobals)2, (eStage)0> --- Reduced from maximum 1024
[  ]    ==== :    32x4    | BorderExecutor<(eOperationType)1, (eCalculateGlobals)2, (eStage)1> --- Reduced from maximum 1024
[  ]    ==== :    32x4    | BorderExecutor<(eOperationType)1, (eCalculateGlobals)2, (eStage)2> --- Reduced from maximum 1024
[  ]    ==== :    32x4    | BorderExecutor<(eOperationType)1, (eCalculateGlobals)2, (eStage)3> --- Reduced from maximum 1024
[  ]    ==== :    32x4    | BorderExecutor<(eOperationType)1, (eCalculateGlobals)2, (eStage)4> --- Reduced from maximum 1024
[  ]    ==== :    32x4    | BorderExecutor<(eOperationType)1, (eCalculateGlobals)2, (eStage)5> --- Reduced from maximum 1024
[  ]    ==== :    32x4    | BorderExecutor<(eOperationType)1, (eCalculateGlobals)2, (eStage)6> --- Reduced from maximum 1024
[  ]    ==== :    32x4    | BorderExecutor<(eOperationType)1, (eCalculateGlobals)2, (eStage)7> --- Reduced from maximum 1024
[  ]    ==== :    32x4    | BorderExecutor<(eOperationType)1, (eCalculateGlobals)2, (eStage)8> --- Reduced from maximum 1024
[  ]    ==== :    32x4    | BorderExecutor<(eOperationType)1, (eCalculateGlobals)2, (eStage)9> --- Reduced from maximum 1024
[  ]    ==== :    32x4    | BorderExecutor<(eOperationType)3, (eCalculateGlobals)0, (eStage)0> --- Reduced from maximum 1024
[  ]    ==== :    32x4    | BorderExecutor<(eOperationType)3, (eCalculateGlobals)0, (eStage)1> --- Reduced from maximum 1024
[  ]    ==== :    32x4    | BorderExecutor<(eOperationType)3, (eCalculateGlobals)0, (eStage)2> --- Reduced from maximum 1024
[  ]    ==== :    32x4    | BorderExecutor<(eOperationType)3, (eCalculateGlobals)0, (eStage)3> --- Reduced from maximum 1024
[  ]    ==== :    32x4    | BorderExecutor<(eOperationType)3, (eCalculateGlobals)0, (eStage)4> --- Reduced from maximum 1024
[  ]    ==== :    32x4    | BorderExecutor<(eOperationType)3, (eCalculateGlobals)0, (eStage)5> --- Reduced from maximum 1024
[  ]    ==== :    32x4    | BorderExecutor<(eOperationType)3, (eCalculateGlobals)0, (eStage)6> --- Reduced from maximum 1024
[  ]    ==== :    32x4    | BorderExecutor<(eOperationType)3, (eCalculateGlobals)0, (eStage)7> --- Reduced from maximum 1024
[  ]    ==== :    32x4    | BorderExecutor<(eOperationType)3, (eCalculateGlobals)0, (eStage)8> --- Reduced from maximum 1024
[  ]    ==== :    32x4    | BorderExecutor<(eOperationType)3, (eCalculateGlobals)0, (eStage)9> --- Reduced from maximum 1024
[  ]    ==== :    32x4    | BorderExecutor<(eOperationType)3, (eCalculateGlobals)1, (eStage)0> --- Reduced from maximum 1024
[  ]    ==== :    32x4    | BorderExecutor<(eOperationType)3, (eCalculateGlobals)1, (eStage)1> --- Reduced from maximum 1024
[  ]    ==== :    32x4    | BorderExecutor<(eOperationType)3, (eCalculateGlobals)1, (eStage)2> --- Reduced from maximum 1024
[  ]    ==== :    32x4    | BorderExecutor<(eOperationType)3, (eCalculateGlobals)1, (eStage)3> --- Reduced from maximum 1024
[  ]    ==== :    32x4    | BorderExecutor<(eOperationType)3, (eCalculateGlobals)1, (eStage)4> --- Reduced from maximum 1024
[  ]    ==== :    32x4    | BorderExecutor<(eOperationType)3, (eCalculateGlobals)1, (eStage)5> --- Reduced from maximum 1024
[  ]    ==== :    32x4    | BorderExecutor<(eOperationType)3, (eCalculateGlobals)1, (eStage)6> --- Reduced from maximum 1024
[  ]    ==== :    32x4    | BorderExecutor<(eOperationType)3, (eCalculateGlobals)1, (eStage)7> --- Reduced from maximum 1024
[  ]    ==== :    32x4    | BorderExecutor<(eOperationType)3, (eCalculateGlobals)1, (eStage)8> --- Reduced from maximum 1024
[  ]    ==== :    32x4    | BorderExecutor<(eOperationType)3, (eCalculateGlobals)1, (eStage)9> --- Reduced from maximum 1024
[  ]    ==== :    32x4    | BorderExecutor<(eOperationType)3, (eCalculateGlobals)2, (eStage)0> --- Reduced from maximum 1024
[  ]    ==== :    32x4    | BorderExecutor<(eOperationType)3, (eCalculateGlobals)2, (eStage)1> --- Reduced from maximum 1024
[  ]    ==== :    32x4    | BorderExecutor<(eOperationType)3, (eCalculateGlobals)2, (eStage)2> --- Reduced from maximum 1024
[  ]    ==== :    32x4    | BorderExecutor<(eOperationType)3, (eCalculateGlobals)2, (eStage)3> --- Reduced from maximum 1024
[  ]    ==== :    32x4    | BorderExecutor<(eOperationType)3, (eCalculateGlobals)2, (eStage)4> --- Reduced from maximum 1024
[  ]    ==== :    32x4    | BorderExecutor<(eOperationType)3, (eCalculateGlobals)2, (eStage)5> --- Reduced from maximum 1024
[  ]    ==== :    32x4    | BorderExecutor<(eOperationType)3, (eCalculateGlobals)2, (eStage)6> --- Reduced from maximum 1024
[  ]    ==== :    32x4    | BorderExecutor<(eOperationType)3, (eCalculateGlobals)2, (eStage)7> --- Reduced from maximum 1024
[  ]    ==== :    32x4    | BorderExecutor<(eOperationType)3, (eCalculateGlobals)2, (eStage)8> --- Reduced from maximum 1024
[  ]    ==== :    32x4    | BorderExecutor<(eOperationType)3, (eCalculateGlobals)2, (eStage)9> --- Reduced from maximum 1024
[  ]    ==== :    32x4    | BorderExecutor<(eOperationType)4, (eCalculateGlobals)0, (eStage)0> --- Reduced from maximum 1024
[  ]    ==== :    32x4    | BorderExecutor<(eOperationType)4, (eCalculateGlobals)0, (eStage)1> --- Reduced from maximum 1024
[  ]    ==== :    32x4    | BorderExecutor<(eOperationType)4, (eCalculateGlobals)0, (eStage)2> --- Reduced from maximum 1024
[  ]    ==== :    32x4    | BorderExecutor<(eOperationType)4, (eCalculateGlobals)0, (eStage)3> --- Reduced from maximum 1024
[  ]    ==== :    32x4    | BorderExecutor<(eOperationType)4, (eCalculateGlobals)0, (eStage)4> --- Reduced from maximum 1024
[  ]    ==== :    32x4    | BorderExecutor<(eOperationType)4, (eCalculateGlobals)0, (eStage)5> --- Reduced from maximum 1024
[  ]    ==== :    32x4    | BorderExecutor<(eOperationType)4, (eCalculateGlobals)0, (eStage)6> --- Reduced from maximum 1024
[  ]    ==== :    32x4    | BorderExecutor<(eOperationType)4, (eCalculateGlobals)0, (eStage)7> --- Reduced from maximum 1024
[  ]    ==== :    32x4    | BorderExecutor<(eOperationType)4, (eCalculateGlobals)0, (eStage)8> --- Reduced from maximum 1024
[  ]    ==== :    32x4    | BorderExecutor<(eOperationType)4, (eCalculateGlobals)0, (eStage)9> --- Reduced from maximum 1024
[  ]    ==== :    32x4    | BorderExecutor<(eOperationType)4, (eCalculateGlobals)1, (eStage)0> --- Reduced from maximum 1024
[  ]    ==== :    32x4    | BorderExecutor<(eOperationType)4, (eCalculateGlobals)1, (eStage)1> --- Reduced from maximum 1024
[  ]    ==== :    32x4    | BorderExecutor<(eOperationType)4, (eCalculateGlobals)1, (eStage)2> --- Reduced from maximum 1024
[  ]    ==== :    32x4    | BorderExecutor<(eOperationType)4, (eCalculateGlobals)1, (eStage)3> --- Reduced from maximum 1024
[  ]    ==== :    32x4    | BorderExecutor<(eOperationType)4, (eCalculateGlobals)1, (eStage)4> --- Reduced from maximum 1024
[  ]    ==== :    32x4    | BorderExecutor<(eOperationType)4, (eCalculateGlobals)1, (eStage)5> --- Reduced from maximum 1024
[  ]    ==== :    32x4    | BorderExecutor<(eOperationType)4, (eCalculateGlobals)1, (eStage)6> --- Reduced from maximum 1024
[  ]    ==== :    32x4    | BorderExecutor<(eOperationType)4, (eCalculateGlobals)1, (eStage)7> --- Reduced from maximum 1024
[  ]    ==== :    32x4    | BorderExecutor<(eOperationType)4, (eCalculateGlobals)1, (eStage)8> --- Reduced from maximum 1024
[  ]    ==== :    32x4    | BorderExecutor<(eOperationType)4, (eCalculateGlobals)1, (eStage)9> --- Reduced from maximum 1024
[  ]    ==== :    32x4    | BorderExecutor<(eOperationType)4, (eCalculateGlobals)2, (eStage)0> --- Reduced from maximum 1024
[  ]    ==== :    32x4    | BorderExecutor<(eOperationType)4, (eCalculateGlobals)2, (eStage)1> --- Reduced from maximum 1024
[  ]    ==== :    32x4    | BorderExecutor<(eOperationType)4, (eCalculateGlobals)2, (eStage)2> --- Reduced from maximum 1024
[  ]    ==== :    32x4    | BorderExecutor<(eOperationType)4, (eCalculateGlobals)2, (eStage)3> --- Reduced from maximum 1024
[  ]    ==== :    32x4    | BorderExecutor<(eOperationType)4, (eCalculateGlobals)2, (eStage)4> --- Reduced from maximum 1024
[  ]    ==== :    32x4    | BorderExecutor<(eOperationType)4, (eCalculateGlobals)2, (eStage)5> --- Reduced from maximum 1024
[  ]    ==== :    32x4    | BorderExecutor<(eOperationType)4, (eCalculateGlobals)2, (eStage)6> --- Reduced from maximum 1024
[  ]    ==== :    32x4    | BorderExecutor<(eOperationType)4, (eCalculateGlobals)2, (eStage)7> --- Reduced from maximum 1024
[  ]    ==== :    32x4    | BorderExecutor<(eOperationType)4, (eCalculateGlobals)2, (eStage)8> --- Reduced from maximum 1024
[  ]    ==== :    32x4    | BorderExecutor<(eOperationType)4, (eCalculateGlobals)2, (eStage)9> --- Reduced from maximum 1024
[  ]    ==== :    32x4    | InteriorExecutor<(eOperationType)0, (eCalculateGlobals)0, (eStage)0> --- Reduced from maximum 1024
[  ]    ==== :    32x4    | InteriorExecutor<(eOperationType)0, (eCalculateGlobals)0, (eStage)1> --- Reduced from maximum 640
[  ]    ==== :    32x4    | InteriorExecutor<(eOperationType)0, (eCalculateGlobals)0, (eStage)2> --- Reduced from maximum 384
[  ]    ==== :    32x4    | InteriorExecutor<(eOperationType)0, (eCalculateGlobals)0, (eStage)3> --- Reduced from maximum 256
[  ]    ==== :    32x4    | InteriorExecutor<(eOperationType)0, (eCalculateGlobals)0, (eStage)4> --- Reduced from maximum 1024
[  ]    ==== :    32x4    | InteriorExecutor<(eOperationType)0, (eCalculateGlobals)0, (eStage)5> --- Reduced from maximum 640
[  ]    ==== :    32x4    | InteriorExecutor<(eOperationType)0, (eCalculateGlobals)0, (eStage)6> --- Reduced from maximum 1024
[  ]    ==== :    32x4    | InteriorExecutor<(eOperationType)0, (eCalculateGlobals)0, (eStage)7> --- Reduced from maximum 1024
[  ]    ==== :    32x4    | InteriorExecutor<(eOperationType)0, (eCalculateGlobals)0, (eStage)8> --- Reduced from maximum 1024
[  ]    ==== :    32x4    | InteriorExecutor<(eOperationType)0, (eCalculateGlobals)0, (eStage)9> --- Reduced from maximum 1024
[  ]    ==== :    32x4    | InteriorExecutor<(eOperationType)0, (eCalculateGlobals)1, (eStage)0> --- Reduced from maximum 1024
[  ]    ==== :    32x4    | InteriorExecutor<(eOperationType)0, (eCalculateGlobals)1, (eStage)1> --- Reduced from maximum 256
[  ]    ==== :    32x4    | InteriorExecutor<(eOperationType)0, (eCalculateGlobals)1, (eStage)2> --- Reduced from maximum 256
[  ]    ==== :    32x4    | InteriorExecutor<(eOperationType)0, (eCalculateGlobals)1, (eStage)3> --- Reduced from maximum 256
[  ]    ==== :    32x4    | InteriorExecutor<(eOperationType)0, (eCalculateGlobals)1, (eStage)4> --- Reduced from maximum 1024
[  ]    ==== :    32x4    | InteriorExecutor<(eOperationType)0, (eCalculateGlobals)1, (eStage)5> --- Reduced from maximum 768
[  ]    ==== :    32x4    | InteriorExecutor<(eOperationType)0, (eCalculateGlobals)1, (eStage)6> --- Reduced from maximum 1024
[  ]    ==== :    32x4    | InteriorExecutor<(eOperationType)0, (eCalculateGlobals)1, (eStage)7> --- Reduced from maximum 1024
[  ]    ==== :    32x4    | InteriorExecutor<(eOperationType)0, (eCalculateGlobals)1, (eStage)8> --- Reduced from maximum 896
[  ]    ==== :    32x4    | InteriorExecutor<(eOperationType)0, (eCalculateGlobals)1, (eStage)9> --- Reduced from maximum 1024
[  ]    ==== :    32x4    | InteriorExecutor<(eOperationType)0, (eCalculateGlobals)2, (eStage)0> --- Reduced from maximum 1024
[  ]    ==== :    32x4    | InteriorExecutor<(eOperationType)0, (eCalculateGlobals)2, (eStage)1> --- Reduced from maximum 1024
[  ]    ==== :    32x4    | InteriorExecutor<(eOperationType)0, (eCalculateGlobals)2, (eStage)2> --- Reduced from maximum 1024
[  ]    ==== :    32x4    | InteriorExecutor<(eOperationType)0, (eCalculateGlobals)2, (eStage)3> --- Reduced from maximum 1024
[  ]    ==== :    32x4    | InteriorExecutor<(eOperationType)0, (eCalculateGlobals)2, (eStage)4> --- Reduced from maximum 1024
[  ]    ==== :    32x4    | InteriorExecutor<(eOperationType)0, (eCalculateGlobals)2, (eStage)5> --- Reduced from maximum 1024
[  ]    ==== :    32x4    | InteriorExecutor<(eOperationType)0, (eCalculateGlobals)2, (eStage)6> --- Reduced from maximum 1024
[  ]    ==== :    32x4    | InteriorExecutor<(eOperationType)0, (eCalculateGlobals)2, (eStage)7> --- Reduced from maximum 1024
[  ]    ==== :    32x4    | InteriorExecutor<(eOperationType)0, (eCalculateGlobals)2, (eStage)8> --- Reduced from maximum 1024
[  ]    ==== :    32x4    | InteriorExecutor<(eOperationType)0, (eCalculateGlobals)2, (eStage)9> --- Reduced from maximum 1024
[  ]    ==== :    32x4    | InteriorExecutor<(eOperationType)1, (eCalculateGlobals)0, (eStage)0> --- Reduced from maximum 1024
[  ]    ==== :    32x4    | InteriorExecutor<(eOperationType)1, (eCalculateGlobals)0, (eStage)1> --- Reduced from maximum 1024
[  ]    ==== :    32x4    | InteriorExecutor<(eOperationType)1, (eCalculateGlobals)0, (eStage)2> --- Reduced from maximum 1024
[  ]    ==== :    32x4    | InteriorExecutor<(eOperationType)1, (eCalculateGlobals)0, (eStage)3> --- Reduced from maximum 1024
[  ]    ==== :    32x4    | InteriorExecutor<(eOperationType)1, (eCalculateGlobals)0, (eStage)4> --- Reduced from maximum 1024
[  ]    ==== :    32x4    | InteriorExecutor<(eOperationType)1, (eCalculateGlobals)0, (eStage)5> --- Reduced from maximum 1024
[  ]    ==== :    32x4    | InteriorExecutor<(eOperationType)1, (eCalculateGlobals)0, (eStage)6> --- Reduced from maximum 1024
[  ]    ==== :    32x4    | InteriorExecutor<(eOperationType)1, (eCalculateGlobals)0, (eStage)7> --- Reduced from maximum 1024
[  ]    ==== :    32x4    | InteriorExecutor<(eOperationType)1, (eCalculateGlobals)0, (eStage)8> --- Reduced from maximum 1024
[  ]    ==== :    32x4    | InteriorExecutor<(eOperationType)1, (eCalculateGlobals)0, (eStage)9> --- Reduced from maximum 1024
[  ]    ==== :    32x4    | InteriorExecutor<(eOperationType)1, (eCalculateGlobals)1, (eStage)0> --- Reduced from maximum 1024
[  ]    ==== :    32x4    | InteriorExecutor<(eOperationType)1, (eCalculateGlobals)1, (eStage)1> --- Reduced from maximum 1024
[  ]    ==== :    32x4    | InteriorExecutor<(eOperationType)1, (eCalculateGlobals)1, (eStage)2> --- Reduced from maximum 1024
[  ]    ==== :    32x4    | InteriorExecutor<(eOperationType)1, (eCalculateGlobals)1, (eStage)3> --- Reduced from maximum 1024
[  ]    ==== :    32x4    | InteriorExecutor<(eOperationType)1, (eCalculateGlobals)1, (eStage)4> --- Reduced from maximum 1024
[  ]    ==== :    32x4    | InteriorExecutor<(eOperationType)1, (eCalculateGlobals)1, (eStage)5> --- Reduced from maximum 1024
[  ]    ==== :    32x4    | InteriorExecutor<(eOperationType)1, (eCalculateGlobals)1, (eStage)6> --- Reduced from maximum 1024
[  ]    ==== :    32x4    | InteriorExecutor<(eOperationType)1, (eCalculateGlobals)1, (eStage)7> --- Reduced from maximum 1024
[  ]    ==== :    32x4    | InteriorExecutor<(eOperationType)1, (eCalculateGlobals)1, (eStage)8> --- Reduced from maximum 1024
[  ]    ==== :    32x4    | InteriorExecutor<(eOperationType)1, (eCalculateGlobals)1, (eStage)9> --- Reduced from maximum 1024
[  ]    ==== :    32x4    | InteriorExecutor<(eOperationType)1, (eCalculateGlobals)2, (eStage)0> --- Reduced from maximum 1024
[  ]    ==== :    32x4    | InteriorExecutor<(eOperationType)1, (eCalculateGlobals)2, (eStage)1> --- Reduced from maximum 1024
[  ]    ==== :    32x4    | InteriorExecutor<(eOperationType)1, (eCalculateGlobals)2, (eStage)2> --- Reduced from maximum 1024
[  ]    ==== :    32x4    | InteriorExecutor<(eOperationType)1, (eCalculateGlobals)2, (eStage)3> --- Reduced from maximum 1024
[  ]    ==== :    32x4    | InteriorExecutor<(eOperationType)1, (eCalculateGlobals)2, (eStage)4> --- Reduced from maximum 1024
[  ]    ==== :    32x4    | InteriorExecutor<(eOperationType)1, (eCalculateGlobals)2, (eStage)5> --- Reduced from maximum 1024
[  ]    ==== :    32x4    | InteriorExecutor<(eOperationType)1, (eCalculateGlobals)2, (eStage)6> --- Reduced from maximum 1024
[  ]    ==== :    32x4    | InteriorExecutor<(eOperationType)1, (eCalculateGlobals)2, (eStage)7> --- Reduced from maximum 1024
[  ]    ==== :    32x4    | InteriorExecutor<(eOperationType)1, (eCalculateGlobals)2, (eStage)8> --- Reduced from maximum 1024
[  ]    ==== :    32x4    | InteriorExecutor<(eOperationType)1, (eCalculateGlobals)2, (eStage)9> --- Reduced from maximum 1024
[  ]    ==== :    32x4    | InteriorExecutor<(eOperationType)3, (eCalculateGlobals)0, (eStage)0> --- Reduced from maximum 1024
[  ]    ==== :    32x4    | InteriorExecutor<(eOperationType)3, (eCalculateGlobals)0, (eStage)1> --- Reduced from maximum 1024
[  ]    ==== :    32x4    | InteriorExecutor<(eOperationType)3, (eCalculateGlobals)0, (eStage)2> --- Reduced from maximum 1024
[  ]    ==== :    32x4    | InteriorExecutor<(eOperationType)3, (eCalculateGlobals)0, (eStage)3> --- Reduced from maximum 1024
[  ]    ==== :    32x4    | InteriorExecutor<(eOperationType)3, (eCalculateGlobals)0, (eStage)4> --- Reduced from maximum 1024
[  ]    ==== :    32x4    | InteriorExecutor<(eOperationType)3, (eCalculateGlobals)0, (eStage)5> --- Reduced from maximum 1024
[  ]    ==== :    32x4    | InteriorExecutor<(eOperationType)3, (eCalculateGlobals)0, (eStage)6> --- Reduced from maximum 1024
[  ]    ==== :    32x4    | InteriorExecutor<(eOperationType)3, (eCalculateGlobals)0, (eStage)7> --- Reduced from maximum 1024
[  ]    ==== :    32x4    | InteriorExecutor<(eOperationType)3, (eCalculateGlobals)0, (eStage)8> --- Reduced from maximum 1024
[  ]    ==== :    32x4    | InteriorExecutor<(eOperationType)3, (eCalculateGlobals)0, (eStage)9> --- Reduced from maximum 1024
[  ]    ==== :    32x4    | InteriorExecutor<(eOperationType)3, (eCalculateGlobals)1, (eStage)0> --- Reduced from maximum 1024
[  ]    ==== :    32x4    | InteriorExecutor<(eOperationType)3, (eCalculateGlobals)1, (eStage)1> --- Reduced from maximum 1024
[  ]    ==== :    32x4    | InteriorExecutor<(eOperationType)3, (eCalculateGlobals)1, (eStage)2> --- Reduced from maximum 1024
[  ]    ==== :    32x4    | InteriorExecutor<(eOperationType)3, (eCalculateGlobals)1, (eStage)3> --- Reduced from maximum 1024
[  ]    ==== :    32x4    | InteriorExecutor<(eOperationType)3, (eCalculateGlobals)1, (eStage)4> --- Reduced from maximum 1024
[  ]    ==== :    32x4    | InteriorExecutor<(eOperationType)3, (eCalculateGlobals)1, (eStage)5> --- Reduced from maximum 1024
[  ]    ==== :    32x4    | InteriorExecutor<(eOperationType)3, (eCalculateGlobals)1, (eStage)6> --- Reduced from maximum 1024
[  ]    ==== :    32x4    | InteriorExecutor<(eOperationType)3, (eCalculateGlobals)1, (eStage)7> --- Reduced from maximum 1024
[  ]    ==== :    32x4    | InteriorExecutor<(eOperationType)3, (eCalculateGlobals)1, (eStage)8> --- Reduced from maximum 1024
[  ]    ==== :    32x4    | InteriorExecutor<(eOperationType)3, (eCalculateGlobals)1, (eStage)9> --- Reduced from maximum 1024
[  ]    ==== :    32x4    | InteriorExecutor<(eOperationType)3, (eCalculateGlobals)2, (eStage)0> --- Reduced from maximum 1024
[  ]    ==== :    32x4    | InteriorExecutor<(eOperationType)3, (eCalculateGlobals)2, (eStage)1> --- Reduced from maximum 1024
[  ]    ==== :    32x4    | InteriorExecutor<(eOperationType)3, (eCalculateGlobals)2, (eStage)2> --- Reduced from maximum 1024
[  ]    ==== :    32x4    | InteriorExecutor<(eOperationType)3, (eCalculateGlobals)2, (eStage)3> --- Reduced from maximum 1024
[  ]    ==== :    32x4    | InteriorExecutor<(eOperationType)3, (eCalculateGlobals)2, (eStage)4> --- Reduced from maximum 1024
[  ]    ==== :    32x4    | InteriorExecutor<(eOperationType)3, (eCalculateGlobals)2, (eStage)5> --- Reduced from maximum 1024
[  ]    ==== :    32x4    | InteriorExecutor<(eOperationType)3, (eCalculateGlobals)2, (eStage)6> --- Reduced from maximum 1024
[  ]    ==== :    32x4    | InteriorExecutor<(eOperationType)3, (eCalculateGlobals)2, (eStage)7> --- Reduced from maximum 1024
[  ]    ==== :    32x4    | InteriorExecutor<(eOperationType)3, (eCalculateGlobals)2, (eStage)8> --- Reduced from maximum 1024
[  ]    ==== :    32x4    | InteriorExecutor<(eOperationType)3, (eCalculateGlobals)2, (eStage)9> --- Reduced from maximum 1024
[  ]    ==== :    32x4    | InteriorExecutor<(eOperationType)4, (eCalculateGlobals)0, (eStage)0> --- Reduced from maximum 1024
[  ]    ==== :    32x4    | InteriorExecutor<(eOperationType)4, (eCalculateGlobals)0, (eStage)1> --- Reduced from maximum 1024
[  ]    ==== :    32x4    | InteriorExecutor<(eOperationType)4, (eCalculateGlobals)0, (eStage)2> --- Reduced from maximum 1024
[  ]    ==== :    32x4    | InteriorExecutor<(eOperationType)4, (eCalculateGlobals)0, (eStage)3> --- Reduced from maximum 1024
[  ]    ==== :    32x4    | InteriorExecutor<(eOperationType)4, (eCalculateGlobals)0, (eStage)4> --- Reduced from maximum 1024
[  ]    ==== :    32x4    | InteriorExecutor<(eOperationType)4, (eCalculateGlobals)0, (eStage)5> --- Reduced from maximum 1024
[  ]    ==== :    32x4    | InteriorExecutor<(eOperationType)4, (eCalculateGlobals)0, (eStage)6> --- Reduced from maximum 1024
[  ]    ==== :    32x4    | InteriorExecutor<(eOperationType)4, (eCalculateGlobals)0, (eStage)7> --- Reduced from maximum 1024
[  ]    ==== :    32x4    | InteriorExecutor<(eOperationType)4, (eCalculateGlobals)0, (eStage)8> --- Reduced from maximum 1024
[  ]    ==== :    32x4    | InteriorExecutor<(eOperationType)4, (eCalculateGlobals)0, (eStage)9> --- Reduced from maximum 1024
[  ]    ==== :    32x4    | InteriorExecutor<(eOperationType)4, (eCalculateGlobals)1, (eStage)0> --- Reduced from maximum 1024
[  ]    ==== :    32x4    | InteriorExecutor<(eOperationType)4, (eCalculateGlobals)1, (eStage)1> --- Reduced from maximum 1024
[  ]    ==== :    32x4    | InteriorExecutor<(eOperationType)4, (eCalculateGlobals)1, (eStage)2> --- Reduced from maximum 1024
[  ]    ==== :    32x4    | InteriorExecutor<(eOperationType)4, (eCalculateGlobals)1, (eStage)3> --- Reduced from maximum 1024
[  ]    ==== :    32x4    | InteriorExecutor<(eOperationType)4, (eCalculateGlobals)1, (eStage)4> --- Reduced from maximum 1024
[  ]    ==== :    32x4    | InteriorExecutor<(eOperationType)4, (eCalculateGlobals)1, (eStage)5> --- Reduced from maximum 1024
[  ]    ==== :    32x4    | InteriorExecutor<(eOperationType)4, (eCalculateGlobals)1, (eStage)6> --- Reduced from maximum 1024
[  ]    ==== :    32x4    | InteriorExecutor<(eOperationType)4, (eCalculateGlobals)1, (eStage)7> --- Reduced from maximum 1024
[  ]    ==== :    32x4    | InteriorExecutor<(eOperationType)4, (eCalculateGlobals)1, (eStage)8> --- Reduced from maximum 1024
[  ]    ==== :    32x4    | InteriorExecutor<(eOperationType)4, (eCalculateGlobals)1, (eStage)9> --- Reduced from maximum 1024
[  ]    ==== :    32x4    | InteriorExecutor<(eOperationType)4, (eCalculateGlobals)2, (eStage)0> --- Reduced from maximum 1024
[  ]    ==== :    32x4    | InteriorExecutor<(eOperationType)4, (eCalculateGlobals)2, (eStage)1> --- Reduced from maximum 1024
[  ]    ==== :    32x4    | InteriorExecutor<(eOperationType)4, (eCalculateGlobals)2, (eStage)2> --- Reduced from maximum 1024
[  ]    ==== :    32x4    | InteriorExecutor<(eOperationType)4, (eCalculateGlobals)2, (eStage)3> --- Reduced from maximum 1024
[  ]    ==== :    32x4    | InteriorExecutor<(eOperationType)4, (eCalculateGlobals)2, (eStage)4> --- Reduced from maximum 1024
[  ]    ==== :    32x4    | InteriorExecutor<(eOperationType)4, (eCalculateGlobals)2, (eStage)5> --- Reduced from maximum 1024
[  ]    ==== :    32x4    | InteriorExecutor<(eOperationType)4, (eCalculateGlobals)2, (eStage)6> --- Reduced from maximum 1024
[  ]    ==== :    32x4    | InteriorExecutor<(eOperationType)4, (eCalculateGlobals)2, (eStage)7> --- Reduced from maximum 1024
[  ]    ==== :    32x4    | InteriorExecutor<(eOperationType)4, (eCalculateGlobals)2, (eStage)8> --- Reduced from maximum 1024
[  ]    ==== :    32x4    | InteriorExecutor<(eOperationType)4, (eCalculateGlobals)2, (eStage)9> --- Reduced from maximum 1024
[ 0] warning ! No "Units" element in config file
[  ]    ==== : Mesh size in config file: 80x80x140
[  ]    ---- : Global lattice size: 80x80x140
[  ]    ==== : Max region size: 1075200. Mesh size 1075200. Overhead:  0%
[  ]    ---- : Local lattice size: 96x80x140
[  ]    #### : [0] Cumulative allocation of 1269176320 b (1.3 GB)
[  ]    ---- : Creating geom size:1075200
[  ]    #### : Setting output path to: case
[  ]    #### : Setting output path to: /media/yuan/8A0E24070E23EAC1/runs/tclb_pre2025_sphere_tableII_q27_geometric_200k_20260610/theta080/output/case
[  ]    ---- : loading geometry ...
[  ]    ---- : overwriting all flags
[  ]    ---- : Setting number of zones to 3
[  ]    ---- : Setting Density_h to 1 (1.000000)
[  ]    ---- : Setting Density_l to 0.001 (0.001000)
[  ]    ---- : Setting Viscosity_h to 0.09 (0.090000)
[  ]    ---- : Setting Viscosity_l to 0.1 (0.100000)
[  ]    ---- : Setting tauUpdate to 3 (3.000000)
[  ]    ---- : Setting sigma to 5e-05 (0.000050)
[  ]    ---- : Setting M to 0.2 (0.200000)
[  ]    ---- : Setting IntWidth to 6 (6.000000)
[  ]    ---- : Setting Radius to 24 (24.000000)
[  ]    ---- : Setting BubbleType to 1 (1.000000)
[  ]    ---- : Setting CenterX to 40 (40.000000)
[  ]    ---- : Setting CenterY to 40 (40.000000)
[  ]    ---- : Setting CenterZ to 72 (72.000000)
[  ]    ---- : Setting VelocityX in zone  (-1) to 0.0 (0.000000)
[  ]    ---- : Setting VelocityY in zone  (-1) to 0.0 (0.000000)
[  ]    ---- : Setting VelocityZ in zone  (-1) to 0.0 (0.000000)
[  ]    ---- : Setting DropletOnlyVelocity to 0.0 (0.000000)
[  ]    ---- : Setting DropletVelocityX to 0.0 (0.000000)
[  ]    ---- : Setting DropletVelocityY to 0.0 (0.000000)
[  ]    ---- : Setting DropletVelocityZ to 0.0 (0.000000)
[  ]    ---- : Setting GravitationX to 0.0 (0.000000)
[  ]    ---- : Setting GravitationY to 0.0 (0.000000)
[  ]    ---- : Setting GravitationZ to 0.0 (0.000000)
[  ]    ---- : Setting BuoyancyX to 0.0 (0.000000)
[  ]    ---- : Setting BuoyancyY to 0.0 (0.000000)
[  ]    ---- : Setting BuoyancyZ to 0.0 (0.000000)
[  ]    ---- : Setting radAngle in zone  (-1) to 80d (1.396263)
[ 0] WARNING ! Zone-specific settings in zone 0 were overwritten from 1.570796 to 1.396263
[  ]    ---- : Setting minGradient to 1e-08 (0.000000)
[  ]    ---- : Initializing Lattice ...
[  ]    107.6 MLBUps    124.19 GB/s [====================]  0s
[  ]    ---- : Callback VTK with no Iterations attribute
[  ]    ---- :        0 it writing vtk
[  ]    ---- : Setting callback Log at 1000.000000 iterations
[  ]    ---- : Adding Log to the solver hands
[  ]    ---- : Setting callback Failcheck at 1000.000000 iterations
[  ]    ---- : Adding Failcheck to the solver hands
[  ]    ---- : Setting action Solve at 200000.000000 iterations
[  ]    ---- : Setting callback VTK at 20000.000000 iterations
[  ]    ---- : Adding VTK to the solver hands
[  ]    ---- : Setting callback Log at 1000.000000 iterations
[  ]    ---- : Adding Log to the solver hands
[  ]    ---- : Setting callback Failcheck at 1000.000000 iterations
[  ]    ---- : Adding Failcheck to the solver hands
[  ]    125.4 MLBUps    144.67 GB/s [==                  ]  0s
[  ]    217.8 MLBUps    251.32 GB/s [====                ]  1s
[  ]    218.4 MLBUps    251.98 GB/s [========            ]  2s
[  ]    219.1 MLBUps    252.81 GB/s [============        ]  3s
[  ]    219.1 MLBUps    252.80 GB/s [================    ]  4s
[  ]    ---- :    215.9 MLBUps    249.14 GB/s [====================]
[  ]    218.8 MLBUps    252.46 GB/s [===                 ]  0s
[  ]    218.9 MLBUps    252.60 GB/s [=======             ]  1s
[  ]    219.0 MLBUps    252.71 GB/s [===========         ]  2s
[  ]    219.0 MLBUps    252.78 GB/s [================    ]  3s
[  ]    ---- :    216.3 MLBUps    249.59 GB/s [====================]
[  ]    219.0 MLBUps    252.71 GB/s [====                ]  1s
[  ]    219.0 MLBUps    252.67 GB/s [========            ]  2s
[  ]    219.1 MLBUps    252.84 GB/s [============        ]  3s
[  ]    218.9 MLBUps    252.56 GB/s [================    ]  4s
[  ]    ---- :    216.0 MLBUps    249.28 GB/s [====================]
[  ]    218.8 MLBUps    252.55 GB/s [====                ]  1s
[  ]    219.1 MLBUps    252.86 GB/s [========            ]  2s
[  ]    219.0 MLBUps    252.70 GB/s [============        ]  3s
[  ]    219.1 MLBUps    252.88 GB/s [================    ]  4s
[  ]    ---- :    216.1 MLBUps    249.34 GB/s [====================]
[  ]    219.0 MLBUps    252.77 GB/s [====                ]  1s
[  ]    219.1 MLBUps    252.83 GB/s [========            ]  2s
[  ]    218.9 MLBUps    252.67 GB/s [============        ]  3s
[  ]    218.9 MLBUps    252.59 GB/s [================    ]  4s
[  ]    ---- :    215.9 MLBUps    249.17 GB/s [====================]
[  ]    218.8 MLBUps    252.50 GB/s [====                ]  1s
[  ]    218.8 MLBUps    252.54 GB/s [========            ]  2s
[  ]    218.9 MLBUps    252.59 GB/s [============        ]  3s
[  ]    218.9 MLBUps    252.57 GB/s [================    ]  4s
[  ]    ---- :    216.1 MLBUps    249.35 GB/s [====================]
[  ]    218.9 MLBUps    252.60 GB/s [====                ]  1s
[  ]    219.0 MLBUps    252.77 GB/s [========            ]  2s
[  ]    218.9 MLBUps    252.64 GB/s [============        ]  3s
[  ]    219.1 MLBUps    252.85 GB/s [================    ]  4s
[  ]    ---- :    216.2 MLBUps    249.52 GB/s [====================]
[  ]    218.8 MLBUps    252.54 GB/s [====                ]  1s
[  ]    219.0 MLBUps    252.76 GB/s [========            ]  2s
[  ]    219.0 MLBUps    252.76 GB/s [============        ]  3s
[  ]    219.0 MLBUps    252.74 GB/s [================    ]  4s
[  ]    ---- :    216.0 MLBUps    249.27 GB/s [====================]
[  ]    218.9 MLBUps    252.56 GB/s [====                ]  1s
[  ]    218.9 MLBUps    252.56 GB/s [========            ]  2s
[  ]    219.0 MLBUps    252.76 GB/s [============        ]  3s
[  ]    219.1 MLBUps    252.83 GB/s [================    ]  4s
[  ]    ---- :    215.9 MLBUps    249.20 GB/s [====================]
[  ]    219.0 MLBUps    252.70 GB/s [====                ]  1s
[  ]    218.9 MLBUps    252.58 GB/s [========            ]  2s
[  ]    219.0 MLBUps    252.70 GB/s [============        ]  3s
[  ]    219.0 MLBUps    252.74 GB/s [================    ]  4s
[  ]    ---- :    216.2 MLBUps    249.46 GB/s [====================]
[  ]    218.9 MLBUps    252.63 GB/s [====                ]  1s
[  ]    218.9 MLBUps    252.61 GB/s [========            ]  2s
[  ]    216.0 MLBUps    249.22 GB/s [============        ]  3s
[  ]    215.7 MLBUps    248.94 GB/s [================    ]  4s
[  ]    ---- :    213.2 MLBUps    246.07 GB/s [====================]
[  ]    215.6 MLBUps    248.85 GB/s [====                ]  1s
[  ]    215.8 MLBUps    249.01 GB/s [========            ]  2s
[  ]    215.3 MLBUps    248.48 GB/s [============        ]  3s
[  ]    215.9 MLBUps    249.09 GB/s [================    ]  3s
[  ]    ---- :    213.5 MLBUps    246.37 GB/s [====================]
[  ]    216.0 MLBUps    249.32 GB/s [====                ]  0s
[  ]    216.3 MLBUps    249.61 GB/s [========            ]  1s
[  ]    215.8 MLBUps    249.09 GB/s [============        ]  2s
[  ]    215.7 MLBUps    248.90 GB/s [================    ]  3s
[  ]    ---- :    213.1 MLBUps    245.90 GB/s [====================]
[  ]    216.8 MLBUps    250.17 GB/s [====                ]  0s
[  ]    217.5 MLBUps    251.03 GB/s [========            ]  1s
[  ]    217.4 MLBUps    250.92 GB/s [============        ]  2s
[  ]    217.5 MLBUps    251.05 GB/s [================    ]  3s
[  ]    ---- :    214.5 MLBUps    247.53 GB/s [====================]
[  ]    217.2 MLBUps    250.60 GB/s [====                ]  1s
[  ]    217.2 MLBUps    250.66 GB/s [========            ]  2s
[  ]    217.3 MLBUps    250.82 GB/s [============        ]  2s
[  ]    217.6 MLBUps    251.07 GB/s [================    ]  3s
[  ]    ---- :    211.0 MLBUps    243.45 GB/s [====================]
[  ]    212.3 MLBUps    244.94 GB/s [====                ]  1s
[  ]    211.8 MLBUps    244.42 GB/s [=======             ]  2s
[  ]    212.3 MLBUps    244.99 GB/s [===========         ]  3s
[  ]    212.2 MLBUps    244.89 GB/s [===============     ]  4s
[  ]    211.9 MLBUps    244.54 GB/s [=================== ]  5s
[  ]    ---- :    171.2 MLBUps    197.55 GB/s [====================]
[  ]    212.1 MLBUps    244.75 GB/s [===                 ]  0s
[  ]    211.7 MLBUps    244.33 GB/s [=======             ]  1s
[  ]    212.1 MLBUps    244.72 GB/s [===========         ]  2s
[  ]    211.8 MLBUps    244.44 GB/s [===============     ]  3s
[  ]    211.7 MLBUps    244.29 GB/s [=================== ]  5s
[  ]    ---- :    180.4 MLBUps    208.14 GB/s [====================]
[  ]    211.7 MLBUps    244.34 GB/s [===                 ]  0s
[  ]    212.2 MLBUps    244.92 GB/s [=======             ]  1s
[  ]    211.8 MLBUps    244.44 GB/s [===========         ]  2s
[  ]    212.2 MLBUps    244.88 GB/s [===============     ]  3s
[  ]    211.6 MLBUps    244.23 GB/s [=================== ]  5s
[  ]    ---- :    181.7 MLBUps    209.68 GB/s [====================]
[  ]    212.2 MLBUps    244.92 GB/s [===                 ]  0s
[  ]    212.2 MLBUps    244.87 GB/s [=======             ]  1s
[  ]    212.6 MLBUps    245.29 GB/s [===========         ]  2s
[  ]    212.1 MLBUps    244.77 GB/s [===============     ]  4s
[  ]    214.4 MLBUps    247.40 GB/s [=================== ]  4s
[  ]    ---- :    178.3 MLBUps    205.74 GB/s [====================]
[  ]    214.0 MLBUps    247.00 GB/s [===                 ]  0s
[  ]    215.0 MLBUps    248.06 GB/s [=======             ]  1s
[  ]    214.8 MLBUps    247.82 GB/s [===========         ]  2s
[  ]    213.9 MLBUps    246.80 GB/s [===============     ]  4s
[  ]    214.7 MLBUps    247.81 GB/s [=================== ]  4s
[  ]    ---- :    133.6 MLBUps    154.19 GB/s [====================]
[  ]    ---- :    20000 it writing vtk
[  ]    172.6 MLBUps    199.16 GB/s [===                 ]  1s
[  ]    218.4 MLBUps    252.04 GB/s [=======             ]  2s
[  ]    218.2 MLBUps    251.84 GB/s [===========         ]  3s
[  ]    218.4 MLBUps    251.98 GB/s [===============     ]  4s
[  ]    213.2 MLBUps    246.09 GB/s [=================== ]  5s
[  ]    ---- :    198.5 MLBUps    229.12 GB/s [====================]
[  ]    213.1 MLBUps    245.94 GB/s [===                 ]  0s
[  ]    213.2 MLBUps    246.05 GB/s [=======             ]  1s
[  ]    213.0 MLBUps    245.81 GB/s [===========         ]  2s
[  ]    212.5 MLBUps    245.23 GB/s [===============     ]  3s
[  ]    213.4 MLBUps    246.22 GB/s [=================== ]  4s
[  ]    ---- :    185.8 MLBUps    214.39 GB/s [====================]
[  ]    213.0 MLBUps    245.81 GB/s [===                 ]  0s
[  ]    212.6 MLBUps    245.32 GB/s [=======             ]  2s
[  ]    212.8 MLBUps    245.53 GB/s [===========         ]  3s
[  ]    212.6 MLBUps    245.35 GB/s [===============     ]  4s
[  ]    212.8 MLBUps    245.53 GB/s [=================== ]  5s
[  ]    ---- :    171.0 MLBUps    197.37 GB/s [====================]
[  ]    212.5 MLBUps    245.18 GB/s [===                 ]  1s
[  ]    213.5 MLBUps    246.33 GB/s [=======             ]  1s
[  ]    213.4 MLBUps    246.28 GB/s [===========         ]  2s
[  ]    212.3 MLBUps    245.02 GB/s [===============     ]  3s
[  ]    213.0 MLBUps    245.82 GB/s [=================== ]  4s
[  ]    ---- :    172.5 MLBUps    199.05 GB/s [====================]
[  ]    213.2 MLBUps    246.06 GB/s [===                 ]  0s
[  ]    213.0 MLBUps    245.78 GB/s [=======             ]  1s
[  ]    212.9 MLBUps    245.73 GB/s [===========         ]  2s
[  ]    213.4 MLBUps    246.23 GB/s [===============     ]  3s
[  ]    212.8 MLBUps    245.61 GB/s [=================== ]  4s
[  ]    ---- :    172.0 MLBUps    198.51 GB/s [====================]
[  ]    212.7 MLBUps    245.50 GB/s [===                 ]  1s
[  ]    213.0 MLBUps    245.85 GB/s [=======             ]  2s
[  ]    213.4 MLBUps    246.31 GB/s [===========         ]  2s
[  ]    212.6 MLBUps    245.32 GB/s [===============     ]  3s
[  ]    213.1 MLBUps    245.91 GB/s [=================== ]  4s
[  ]    ---- :    172.2 MLBUps    198.74 GB/s [====================]
[  ]    213.1 MLBUps    245.91 GB/s [===                 ]  0s
[  ]    213.0 MLBUps    245.83 GB/s [=======             ]  1s
[  ]    212.4 MLBUps    245.12 GB/s [===========         ]  3s
[  ]    213.1 MLBUps    245.87 GB/s [===============     ]  3s
[  ]    212.9 MLBUps    245.64 GB/s [=================== ]  5s
[  ]    ---- :    171.2 MLBUps    197.53 GB/s [====================]
[  ]    213.6 MLBUps    246.47 GB/s [===                 ]  0s
[  ]    213.2 MLBUps    246.03 GB/s [=======             ]  1s
[  ]    212.5 MLBUps    245.17 GB/s [===========         ]  2s
[  ]    213.2 MLBUps    246.05 GB/s [===============     ]  3s
[  ]    212.6 MLBUps    245.37 GB/s [=================== ]  4s
[  ]    ---- :    171.6 MLBUps    197.97 GB/s [====================]
[  ]    212.5 MLBUps    245.26 GB/s [===                 ]  1s
[  ]    212.6 MLBUps    245.38 GB/s [=======             ]  2s
[  ]    213.4 MLBUps    246.22 GB/s [===========         ]  3s
[  ]    212.9 MLBUps    245.70 GB/s [===============     ]  4s
[  ]    212.9 MLBUps    245.67 GB/s [=================== ]  5s
[  ]    ---- :    171.8 MLBUps    198.27 GB/s [====================]
[  ]    213.3 MLBUps    246.13 GB/s [===                 ]  0s
[  ]    213.0 MLBUps    245.77 GB/s [=======             ]  1s
[  ]    213.6 MLBUps    246.50 GB/s [===========         ]  2s
[  ]    215.6 MLBUps    248.75 GB/s [===============     ]  3s
[  ]    215.5 MLBUps    248.64 GB/s [=================== ]  4s
[  ]    ---- :    165.4 MLBUps    190.93 GB/s [====================]
[  ]    215.7 MLBUps    248.97 GB/s [===                 ]  0s
[  ]    215.5 MLBUps    248.63 GB/s [=======             ]  1s
[  ]    215.4 MLBUps    248.62 GB/s [===========         ]  2s
[  ]    215.5 MLBUps    248.67 GB/s [===============     ]  3s
[  ]    215.7 MLBUps    248.92 GB/s [=================== ]  4s
[  ]    ---- :     97.5 MLBUps    112.53 GB/s [====================]
[  ]    215.5 MLBUps    248.67 GB/s [====                ]  0s
[  ]    215.5 MLBUps    248.63 GB/s [========            ]  1s
[  ]    215.7 MLBUps    248.90 GB/s [============        ]  2s
[  ]    215.6 MLBUps    248.77 GB/s [================    ]  3s
[  ]    ---- :    213.1 MLBUps    245.95 GB/s [====================]
[  ]    215.6 MLBUps    248.76 GB/s [====                ]  0s
[  ]    215.4 MLBUps    248.60 GB/s [========            ]  1s
[  ]    215.5 MLBUps    248.67 GB/s [============        ]  2s
[  ]    215.4 MLBUps    248.59 GB/s [================    ]  3s
[  ]    ---- :    212.5 MLBUps    245.28 GB/s [====================]
[  ]    215.1 MLBUps    248.26 GB/s [====                ]  0s
[  ]    215.1 MLBUps    248.25 GB/s [========            ]  1s
[  ]    215.4 MLBUps    248.60 GB/s [============        ]  2s
[  ]    215.5 MLBUps    248.67 GB/s [================    ]  3s
[  ]    ---- :    212.9 MLBUps    245.65 GB/s [====================]
[  ]    215.7 MLBUps    248.92 GB/s [====                ]  0s
[  ]    215.7 MLBUps    248.92 GB/s [========            ]  1s
[  ]    215.6 MLBUps    248.80 GB/s [============        ]  2s
[  ]    215.2 MLBUps    248.37 GB/s [================    ]  3s
[  ]    ---- :    212.4 MLBUps    245.15 GB/s [====================]
[  ]    214.9 MLBUps    247.94 GB/s [====                ]  1s
[  ]    214.8 MLBUps    247.87 GB/s [========            ]  2s
[  ]    215.0 MLBUps    248.09 GB/s [============        ]  3s
[  ]    215.0 MLBUps    248.06 GB/s [================    ]  4s
[  ]    ---- :    212.5 MLBUps    245.27 GB/s [====================]
[  ]    214.8 MLBUps    247.92 GB/s [====                ]  1s
[  ]    215.1 MLBUps    248.24 GB/s [========            ]  2s
[  ]    215.1 MLBUps    248.28 GB/s [============        ]  3s
[  ]    214.9 MLBUps    247.98 GB/s [================    ]  4s
[  ]    ---- :    213.0 MLBUps    245.76 GB/s [====================]
[  ]    215.2 MLBUps    248.34 GB/s [====                ]  0s
[  ]    215.2 MLBUps    248.38 GB/s [========            ]  1s
[  ]    215.4 MLBUps    248.57 GB/s [============        ]  2s
[  ]    215.7 MLBUps    248.90 GB/s [================    ]  3s
[  ]    ---- :    212.6 MLBUps    245.35 GB/s [====================]
[  ]    215.2 MLBUps    248.36 GB/s [====                ]  0s
[  ]    215.4 MLBUps    248.57 GB/s [========            ]  1s
[  ]    215.8 MLBUps    249.04 GB/s [============        ]  2s
[  ]    215.6 MLBUps    248.86 GB/s [================    ]  3s
[  ]    ---- :    212.9 MLBUps    245.66 GB/s [====================]
[  ]    215.4 MLBUps    248.58 GB/s [====                ]  0s
[  ]    215.6 MLBUps    248.86 GB/s [========            ]  1s
[  ]    215.8 MLBUps    249.04 GB/s [============        ]  2s
[  ]    215.4 MLBUps    248.55 GB/s [================    ]  3s
[  ]    ---- :    212.8 MLBUps    245.54 GB/s [====================]
[  ]    ---- :    40000 it writing vtk
[  ]    171.3 MLBUps    197.71 GB/s [====                ]  1s
[  ]    215.2 MLBUps    248.38 GB/s [=======             ]  2s
[  ]    215.4 MLBUps    248.58 GB/s [===========         ]  3s
[  ]    215.5 MLBUps    248.65 GB/s [===============     ]  4s
[  ]    215.4 MLBUps    248.61 GB/s [=================== ]  5s
[  ]    ---- :    203.0 MLBUps    234.21 GB/s [====================]
[  ]    215.5 MLBUps    248.69 GB/s [===                 ]  0s
[  ]    215.3 MLBUps    248.40 GB/s [=======             ]  1s
[  ]    215.6 MLBUps    248.84 GB/s [===========         ]  2s
[  ]    215.4 MLBUps    248.62 GB/s [===============     ]  3s
[  ]    215.4 MLBUps    248.57 GB/s [=================== ]  4s
[  ]    ---- :    173.2 MLBUps    199.92 GB/s [====================]
[  ]    215.4 MLBUps    248.62 GB/s [====                ]  0s
[  ]    215.1 MLBUps    248.27 GB/s [========            ]  1s
[  ]    215.3 MLBUps    248.46 GB/s [============        ]  2s
[  ]    215.5 MLBUps    248.69 GB/s [================    ]  3s
[  ]    ---- :    213.0 MLBUps    245.76 GB/s [====================]
[  ]    215.6 MLBUps    248.79 GB/s [====                ]  0s
[  ]    215.4 MLBUps    248.58 GB/s [========            ]  1s
[  ]    215.6 MLBUps    248.81 GB/s [============        ]  2s
[  ]    215.5 MLBUps    248.66 GB/s [================    ]  3s
[  ]    ---- :    213.1 MLBUps    245.90 GB/s [====================]
[  ]    215.5 MLBUps    248.67 GB/s [====                ]  0s
[  ]    215.5 MLBUps    248.66 GB/s [========            ]  1s
[  ]    215.2 MLBUps    248.33 GB/s [============        ]  2s
[  ]    215.4 MLBUps    248.63 GB/s [================    ]  3s
[  ]    ---- :    212.6 MLBUps    245.37 GB/s [====================]
[  ]    215.1 MLBUps    248.19 GB/s [====                ]  0s
[  ]    214.8 MLBUps    247.87 GB/s [========            ]  2s
[  ]    215.7 MLBUps    248.89 GB/s [============        ]  2s
[  ]    215.7 MLBUps    248.91 GB/s [================    ]  3s
[  ]    ---- :    212.7 MLBUps    245.45 GB/s [====================]
[  ]    215.5 MLBUps    248.66 GB/s [====                ]  0s
[  ]    215.3 MLBUps    248.45 GB/s [========            ]  1s
[  ]    215.2 MLBUps    248.38 GB/s [============        ]  2s
[  ]    215.7 MLBUps    248.97 GB/s [================    ]  3s
[  ]    ---- :    212.7 MLBUps    245.40 GB/s [====================]
[  ]    215.2 MLBUps    248.36 GB/s [====                ]  0s
[  ]    215.5 MLBUps    248.71 GB/s [========            ]  1s
[  ]    215.4 MLBUps    248.55 GB/s [============        ]  2s
[  ]    215.6 MLBUps    248.85 GB/s [================    ]  3s
[  ]    ---- :    212.9 MLBUps    245.67 GB/s [====================]
[  ]    215.0 MLBUps    248.06 GB/s [====                ]  1s
[  ]    215.2 MLBUps    248.38 GB/s [========            ]  1s
[  ]    215.7 MLBUps    248.89 GB/s [============        ]  2s
[  ]    215.3 MLBUps    248.44 GB/s [================    ]  3s
[  ]    ---- :    212.7 MLBUps    245.49 GB/s [====================]
[  ]    215.7 MLBUps    248.93 GB/s [====                ]  0s
[  ]    215.6 MLBUps    248.86 GB/s [========            ]  1s
[  ]    215.3 MLBUps    248.47 GB/s [============        ]  2s
[  ]    215.2 MLBUps    248.36 GB/s [================    ]  3s
[  ]    ---- :    212.8 MLBUps    245.57 GB/s [====================]
[  ]    215.0 MLBUps    248.15 GB/s [====                ]  1s
[  ]    215.5 MLBUps    248.63 GB/s [========            ]  1s
[  ]    215.5 MLBUps    248.74 GB/s [============        ]  2s
[  ]    215.1 MLBUps    248.24 GB/s [================    ]  3s
[  ]    ---- :    212.7 MLBUps    245.47 GB/s [====================]
[  ]    215.5 MLBUps    248.63 GB/s [====                ]  0s
[  ]    215.8 MLBUps    249.00 GB/s [========            ]  1s
[  ]    215.2 MLBUps    248.38 GB/s [============        ]  2s
[  ]    215.6 MLBUps    248.81 GB/s [================    ]  3s
[  ]    ---- :    212.7 MLBUps    245.44 GB/s [====================]
[  ]    215.6 MLBUps    248.76 GB/s [====                ]  0s
[  ]    215.4 MLBUps    248.55 GB/s [========            ]  1s
[  ]    209.0 MLBUps    241.15 GB/s [============        ]  3s
[  ]    206.6 MLBUps    238.42 GB/s [===============     ]  4s
[  ]    207.1 MLBUps    239.05 GB/s [=================== ]  5s
[  ]    ---- :    176.6 MLBUps    203.76 GB/s [====================]
[  ]    207.4 MLBUps    239.28 GB/s [===                 ]  1s
[  ]    207.5 MLBUps    239.42 GB/s [=======             ]  2s
[  ]    211.1 MLBUps    243.56 GB/s [===========         ]  2s
[  ]    212.2 MLBUps    244.88 GB/s [===============     ]  3s
[  ]    211.8 MLBUps    244.37 GB/s [=================== ]  4s
[  ]    ---- :    192.8 MLBUps    222.47 GB/s [====================]
[  ]    212.1 MLBUps    244.78 GB/s [===                 ]  0s
[  ]    213.5 MLBUps    246.36 GB/s [=======             ]  1s
[  ]    214.9 MLBUps    248.00 GB/s [===========         ]  2s
[  ]    215.1 MLBUps    248.22 GB/s [===============     ]  3s
[  ]    214.7 MLBUps    247.74 GB/s [=================== ]  4s
[  ]    ---- :    173.3 MLBUps    200.01 GB/s [====================]
[  ]    214.2 MLBUps    247.17 GB/s [===                 ]  0s
[  ]    214.2 MLBUps    247.16 GB/s [=======             ]  1s
[  ]    214.2 MLBUps    247.14 GB/s [===========         ]  3s
[  ]    215.0 MLBUps    248.12 GB/s [===============     ]  4s
[  ]    215.2 MLBUps    248.36 GB/s [=================== ]  5s
[  ]    ---- :     97.6 MLBUps    112.65 GB/s [====================]
[  ]    214.1 MLBUps    247.08 GB/s [====                ]  1s
[  ]    214.7 MLBUps    247.72 GB/s [========            ]  2s
[  ]    214.8 MLBUps    247.86 GB/s [============        ]  3s
[  ]    214.6 MLBUps    247.60 GB/s [================    ]  4s
[  ]    ---- :    212.0 MLBUps    244.66 GB/s [====================]
[  ]    213.3 MLBUps    246.16 GB/s [====                ]  1s
[  ]    213.6 MLBUps    246.54 GB/s [=======             ]  2s
[  ]    214.3 MLBUps    247.28 GB/s [===========         ]  2s
[  ]    213.5 MLBUps    246.36 GB/s [===============     ]  4s
[  ]    213.8 MLBUps    246.77 GB/s [=================== ]  5s
[  ]    ---- :    152.2 MLBUps    175.61 GB/s [====================]
[  ]    213.7 MLBUps    246.62 GB/s [===                 ]  0s
[  ]    213.9 MLBUps    246.82 GB/s [=======             ]  1s
[  ]    213.9 MLBUps    246.88 GB/s [===========         ]  2s
[  ]    214.6 MLBUps    247.64 GB/s [===============     ]  3s
[  ]    214.4 MLBUps    247.44 GB/s [=================== ]  4s
[  ]    ---- :    164.7 MLBUps    190.08 GB/s [====================]
[  ]    215.2 MLBUps    248.29 GB/s [===                 ]  0s
[  ]    215.0 MLBUps    248.17 GB/s [=======             ]  1s
[  ]    214.7 MLBUps    247.80 GB/s [===========         ]  2s
[  ]    214.8 MLBUps    247.93 GB/s [===============     ]  3s
[  ]    214.7 MLBUps    247.77 GB/s [=================== ]  4s
[  ]    ---- :     97.4 MLBUps    112.38 GB/s [====================]
[  ]    ---- :    60000 it writing vtk
[  ]    173.1 MLBUps    199.75 GB/s [====                ]  1s
[  ]    218.7 MLBUps    252.40 GB/s [=======             ]  2s
[  ]    218.4 MLBUps    252.08 GB/s [===========         ]  3s
[  ]    218.4 MLBUps    252.08 GB/s [===============     ]  4s
[  ]    218.4 MLBUps    252.08 GB/s [=================== ]  5s
[  ]    ---- :    200.7 MLBUps    231.59 GB/s [====================]
[  ]    213.6 MLBUps    246.47 GB/s [===                 ]  0s
[  ]    212.9 MLBUps    245.66 GB/s [=======             ]  1s
[  ]    212.9 MLBUps    245.73 GB/s [===========         ]  2s
[  ]    213.7 MLBUps    246.60 GB/s [===============     ]  3s
[  ]    213.5 MLBUps    246.37 GB/s [=================== ]  4s
[  ]    ---- :    185.6 MLBUps    214.15 GB/s [====================]
[  ]    213.6 MLBUps    246.48 GB/s [===                 ]  0s
[  ]    213.6 MLBUps    246.50 GB/s [=======             ]  1s
[  ]    212.8 MLBUps    245.54 GB/s [===========         ]  2s
[  ]    213.2 MLBUps    246.06 GB/s [===============     ]  3s
[  ]    213.0 MLBUps    245.77 GB/s [=================== ]  4s
[  ]    ---- :    172.2 MLBUps    198.68 GB/s [====================]
[  ]    213.4 MLBUps    246.23 GB/s [===                 ]  0s
[  ]    212.4 MLBUps    245.13 GB/s [=======             ]  1s
[  ]    214.0 MLBUps    247.01 GB/s [===========         ]  2s
[  ]    213.0 MLBUps    245.75 GB/s [===============     ]  4s
[  ]    213.2 MLBUps    246.00 GB/s [=================== ]  5s
[  ]    ---- :    164.1 MLBUps    189.39 GB/s [====================]
[  ]    213.3 MLBUps    246.13 GB/s [===                 ]  0s
[  ]    212.7 MLBUps    245.45 GB/s [=======             ]  1s
[  ]    212.8 MLBUps    245.61 GB/s [===========         ]  2s
[  ]    212.8 MLBUps    245.56 GB/s [===============     ]  3s
[  ]    212.8 MLBUps    245.60 GB/s [=================== ]  5s
[  ]    ---- :    171.5 MLBUps    197.88 GB/s [====================]
[  ]    213.5 MLBUps    246.41 GB/s [===                 ]  0s
[  ]    212.8 MLBUps    245.52 GB/s [=======             ]  1s
[  ]    212.6 MLBUps    245.30 GB/s [===========         ]  2s
[  ]    213.0 MLBUps    245.77 GB/s [===============     ]  3s
[  ]    213.5 MLBUps    246.42 GB/s [=================== ]  4s
[  ]    ---- :    172.2 MLBUps    198.66 GB/s [====================]
[  ]    212.9 MLBUps    245.63 GB/s [===                 ]  1s
[  ]    212.8 MLBUps    245.59 GB/s [=======             ]  2s
[  ]    212.6 MLBUps    245.36 GB/s [===========         ]  3s
[  ]    212.7 MLBUps    245.51 GB/s [===============     ]  4s
[  ]    213.3 MLBUps    246.17 GB/s [=================== ]  5s
[  ]    ---- :    171.0 MLBUps    197.37 GB/s [====================]
[  ]    213.1 MLBUps    245.97 GB/s [===                 ]  0s
[  ]    212.3 MLBUps    245.05 GB/s [=======             ]  2s
[  ]    212.6 MLBUps    245.29 GB/s [===========         ]  3s
[  ]    212.2 MLBUps    244.87 GB/s [===============     ]  4s
[  ]    212.5 MLBUps    245.17 GB/s [=================== ]  5s
[  ]    ---- :     70.1 MLBUps     80.92 GB/s [====================]
[  ]    210.0 MLBUps    242.35 GB/s [===                 ]  0s
[  ]    217.6 MLBUps    251.16 GB/s [=======             ]  1s
[  ]    217.3 MLBUps    250.80 GB/s [===========         ]  2s
[  ]    217.4 MLBUps    250.90 GB/s [===============     ]  3s
[  ]    217.8 MLBUps    251.31 GB/s [=================== ]  4s
[  ]    ---- :    135.1 MLBUps    155.95 GB/s [====================]
[  ]    217.6 MLBUps    251.15 GB/s [====                ]  0s
[  ]    217.0 MLBUps    250.42 GB/s [========            ]  1s
[  ]    217.4 MLBUps    250.86 GB/s [============        ]  2s
[  ]    217.1 MLBUps    250.48 GB/s [================    ]  3s
[  ]    ---- :    214.2 MLBUps    247.22 GB/s [====================]
[  ]    211.8 MLBUps    244.42 GB/s [====                ]  1s
[  ]    212.1 MLBUps    244.76 GB/s [=======             ]  2s
[  ]    212.0 MLBUps    244.69 GB/s [===========         ]  3s
[  ]    211.9 MLBUps    244.56 GB/s [===============     ]  4s
[  ]    212.0 MLBUps    244.67 GB/s [=================== ]  5s
[  ]    ---- :    162.7 MLBUps    187.81 GB/s [====================]
[  ]    212.0 MLBUps    244.62 GB/s [===                 ]  0s
[  ]    212.2 MLBUps    244.82 GB/s [=======             ]  1s
[  ]    212.4 MLBUps    245.06 GB/s [===========         ]  3s
[  ]    211.6 MLBUps    244.23 GB/s [===============     ]  4s
[  ]    212.1 MLBUps    244.77 GB/s [=================== ]  4s
[  ]    ---- :    180.8 MLBUps    208.68 GB/s [====================]
[  ]    211.9 MLBUps    244.50 GB/s [===                 ]  0s
[  ]    212.3 MLBUps    244.98 GB/s [=======             ]  1s
[  ]    212.5 MLBUps    245.19 GB/s [===========         ]  2s
[  ]    211.9 MLBUps    244.51 GB/s [===============     ]  4s
[  ]    212.3 MLBUps    245.02 GB/s [=================== ]  5s
[  ]    ---- :    177.1 MLBUps    204.41 GB/s [====================]
[  ]    212.5 MLBUps    245.20 GB/s [===                 ]  0s
[  ]    212.4 MLBUps    245.06 GB/s [=======             ]  1s
[  ]    212.8 MLBUps    245.54 GB/s [===========         ]  2s
[  ]    212.5 MLBUps    245.28 GB/s [===============     ]  3s
[  ]    212.2 MLBUps    244.86 GB/s [=================== ]  4s
[  ]    ---- :    176.7 MLBUps    203.86 GB/s [====================]
[  ]    211.5 MLBUps    244.08 GB/s [===                 ]  1s
[  ]    212.0 MLBUps    244.67 GB/s [=======             ]  2s
[  ]    212.2 MLBUps    244.86 GB/s [===========         ]  3s
[  ]    212.3 MLBUps    245.00 GB/s [===============     ]  4s
[  ]    212.0 MLBUps    244.63 GB/s [=================== ]  5s
[  ]    ---- :    177.3 MLBUps    204.61 GB/s [====================]
[  ]    212.4 MLBUps    245.13 GB/s [===                 ]  0s
[  ]    211.9 MLBUps    244.49 GB/s [=======             ]  1s
[  ]    212.2 MLBUps    244.85 GB/s [===========         ]  3s
[  ]    212.1 MLBUps    244.80 GB/s [===============     ]  4s
[  ]    212.5 MLBUps    245.17 GB/s [=================== ]  5s
[  ]    ---- :    176.7 MLBUps    203.92 GB/s [====================]
[  ]    211.5 MLBUps    244.02 GB/s [===                 ]  0s
[  ]    211.7 MLBUps    244.25 GB/s [=======             ]  1s
[  ]    212.5 MLBUps    245.23 GB/s [===========         ]  2s
[  ]    212.3 MLBUps    244.98 GB/s [===============     ]  3s
[  ]    212.1 MLBUps    244.74 GB/s [=================== ]  4s
[  ]    ---- :    184.8 MLBUps    213.25 GB/s [====================]
[  ]    212.1 MLBUps    244.80 GB/s [===                 ]  0s
[  ]    212.3 MLBUps    245.05 GB/s [=======             ]  1s
[  ]    212.3 MLBUps    244.94 GB/s [===========         ]  2s
[  ]    212.2 MLBUps    244.93 GB/s [===============     ]  4s
[  ]    212.4 MLBUps    245.13 GB/s [=================== ]  5s
[  ]    ---- :    177.3 MLBUps    204.59 GB/s [====================]
[  ]    212.4 MLBUps    245.16 GB/s [===                 ]  0s
[  ]    212.2 MLBUps    244.89 GB/s [=======             ]  1s
[  ]    212.2 MLBUps    244.84 GB/s [===========         ]  2s
[  ]    212.5 MLBUps    245.23 GB/s [===============     ]  4s
[  ]    212.5 MLBUps    245.23 GB/s [=================== ]  5s
[  ]    ---- :    176.6 MLBUps    203.81 GB/s [====================]
[  ]    212.3 MLBUps    244.94 GB/s [===                 ]  1s
[  ]    212.5 MLBUps    245.27 GB/s [=======             ]  2s
[  ]    212.0 MLBUps    244.62 GB/s [===========         ]  3s
[  ]    213.7 MLBUps    246.59 GB/s [===============     ]  4s
[  ]    214.8 MLBUps    247.84 GB/s [=================== ]  4s
[  ]    ---- :    172.6 MLBUps    199.17 GB/s [====================]
[  ]    ---- :    80000 it writing vtk
[  ]    112.6 MLBUps    129.94 GB/s [===                 ]  1s
[  ]    220.1 MLBUps    253.98 GB/s [======              ]  2s
[  ]    220.5 MLBUps    254.43 GB/s [==========          ]  3s
[  ]    220.3 MLBUps    254.23 GB/s [==============      ]  4s
[  ]    217.8 MLBUps    251.33 GB/s [==================  ]  5s
[  ]    ---- :    211.8 MLBUps    244.45 GB/s [====================]
[  ]    217.5 MLBUps    251.05 GB/s [===                 ]  0s
[  ]    217.2 MLBUps    250.70 GB/s [=======             ]  1s
[  ]    217.4 MLBUps    250.91 GB/s [===========         ]  2s
[  ]    217.3 MLBUps    250.77 GB/s [===============     ]  3s
[  ]    217.6 MLBUps    251.17 GB/s [=================== ]  4s
[  ]    ---- :    193.1 MLBUps    222.82 GB/s [====================]
[  ]    217.5 MLBUps    251.02 GB/s [====                ]  0s
[  ]    217.8 MLBUps    251.32 GB/s [========            ]  1s
[  ]    216.9 MLBUps    250.31 GB/s [============        ]  2s
[  ]    217.4 MLBUps    250.83 GB/s [================    ]  3s
[  ]    ---- :    214.6 MLBUps    247.67 GB/s [====================]
[  ]    217.3 MLBUps    250.78 GB/s [====                ]  0s
[  ]    217.4 MLBUps    250.92 GB/s [========            ]  1s
[  ]    217.4 MLBUps    250.84 GB/s [============        ]  2s
[  ]    217.7 MLBUps    251.25 GB/s [================    ]  3s
[  ]    ---- :    214.8 MLBUps    247.89 GB/s [====================]
[  ]    215.9 MLBUps    249.10 GB/s [====                ]  1s
[  ]    212.3 MLBUps    245.00 GB/s [========            ]  2s
[  ]    212.4 MLBUps    245.16 GB/s [============        ]  3s
[  ]    212.2 MLBUps    244.93 GB/s [===============     ]  4s
[  ]    212.8 MLBUps    245.53 GB/s [=================== ]  5s
[  ]    ---- :    132.9 MLBUps    153.37 GB/s [====================]
[  ]    211.9 MLBUps    244.49 GB/s [===                 ]  1s
[  ]    212.2 MLBUps    244.93 GB/s [=======             ]  2s
[  ]    212.3 MLBUps    244.98 GB/s [===========         ]  3s
[  ]    212.4 MLBUps    245.06 GB/s [===============     ]  4s
[  ]    214.2 MLBUps    247.16 GB/s [=================== ]  5s
[  ]    ---- :    173.2 MLBUps    199.91 GB/s [====================]
[  ]    215.1 MLBUps    248.26 GB/s [===                 ]  0s
[  ]    215.3 MLBUps    248.45 GB/s [=======             ]  1s
[  ]    215.0 MLBUps    248.14 GB/s [===========         ]  2s
[  ]    215.2 MLBUps    248.38 GB/s [===============     ]  3s
[  ]    215.1 MLBUps    248.27 GB/s [=================== ]  4s
[  ]    ---- :     97.0 MLBUps    111.92 GB/s [====================]
[  ]    214.8 MLBUps    247.93 GB/s [====                ]  1s
[  ]    215.4 MLBUps    248.62 GB/s [========            ]  1s
[  ]    217.4 MLBUps    250.92 GB/s [============        ]  2s
[  ]    217.6 MLBUps    251.08 GB/s [================    ]  3s
[  ]    ---- :    214.8 MLBUps    247.92 GB/s [====================]
[  ]    217.4 MLBUps    250.85 GB/s [====                ]  0s
[  ]    217.4 MLBUps    250.87 GB/s [========            ]  1s
[  ]    217.6 MLBUps    251.06 GB/s [============        ]  2s
[  ]    217.3 MLBUps    250.81 GB/s [================    ]  3s
[  ]    ---- :    214.6 MLBUps    247.67 GB/s [====================]
[  ]    217.4 MLBUps    250.91 GB/s [====                ]  0s
[  ]    217.3 MLBUps    250.72 GB/s [========            ]  1s
[  ]    217.2 MLBUps    250.61 GB/s [============        ]  2s
[  ]    217.4 MLBUps    250.92 GB/s [================    ]  3s
[  ]    ---- :    214.7 MLBUps    247.75 GB/s [====================]
[  ]    217.4 MLBUps    250.88 GB/s [====                ]  0s
[  ]    217.5 MLBUps    251.00 GB/s [========            ]  1s
[  ]    217.4 MLBUps    250.92 GB/s [============        ]  2s
[  ]    217.2 MLBUps    250.62 GB/s [================    ]  3s
[  ]    ---- :    214.7 MLBUps    247.82 GB/s [====================]
[  ]    217.1 MLBUps    250.53 GB/s [====                ]  1s
[  ]    217.5 MLBUps    251.02 GB/s [========            ]  1s
[  ]    217.3 MLBUps    250.80 GB/s [============        ]  2s
[  ]    217.4 MLBUps    250.94 GB/s [================    ]  3s
[  ]    ---- :    214.9 MLBUps    248.03 GB/s [====================]
[  ]    217.4 MLBUps    250.88 GB/s [====                ]  0s
[  ]    217.3 MLBUps    250.82 GB/s [========            ]  1s
[  ]    217.2 MLBUps    250.66 GB/s [============        ]  2s
[  ]    217.6 MLBUps    251.06 GB/s [================    ]  3s
[  ]    ---- :    214.6 MLBUps    247.65 GB/s [====================]
[  ]    217.3 MLBUps    250.75 GB/s [====                ]  0s
[  ]    217.5 MLBUps    251.03 GB/s [========            ]  1s
[  ]    216.7 MLBUps    250.05 GB/s [============        ]  3s
[  ]    217.2 MLBUps    250.67 GB/s [================    ]  4s
[  ]    ---- :    214.3 MLBUps    247.33 GB/s [====================]
[  ]    217.3 MLBUps    250.79 GB/s [====                ]  0s
[  ]    217.1 MLBUps    250.56 GB/s [========            ]  1s
[  ]    217.4 MLBUps    250.90 GB/s [============        ]  2s
[  ]    217.5 MLBUps    250.94 GB/s [================    ]  3s
[  ]    ---- :    214.6 MLBUps    247.63 GB/s [====================]
[  ]    217.4 MLBUps    250.86 GB/s [====                ]  0s
[  ]    217.5 MLBUps    250.97 GB/s [========            ]  1s
[  ]    217.4 MLBUps    250.87 GB/s [============        ]  2s
[  ]    217.4 MLBUps    250.88 GB/s [================    ]  3s
[  ]    ---- :    214.6 MLBUps    247.69 GB/s [====================]
[  ]    217.5 MLBUps    250.99 GB/s [====                ]  0s
[  ]    217.1 MLBUps    250.59 GB/s [========            ]  1s
[  ]    217.1 MLBUps    250.52 GB/s [============        ]  2s
[  ]    217.2 MLBUps    250.61 GB/s [================    ]  3s
[  ]    ---- :    214.5 MLBUps    247.56 GB/s [====================]
[  ]    216.4 MLBUps    249.72 GB/s [====                ]  1s
[  ]    212.6 MLBUps    245.30 GB/s [========            ]  2s
[  ]    212.9 MLBUps    245.64 GB/s [============        ]  3s
[  ]    213.0 MLBUps    245.75 GB/s [================    ]  4s
[  ]    212.8 MLBUps    245.53 GB/s [=================== ]  5s
[  ]    ---- :     97.0 MLBUps    111.99 GB/s [====================]
[  ]    212.5 MLBUps    245.27 GB/s [===                 ]  1s
[  ]    212.3 MLBUps    244.97 GB/s [=======             ]  2s
[  ]    212.0 MLBUps    244.59 GB/s [===========         ]  3s
[  ]    212.6 MLBUps    245.38 GB/s [===============     ]  4s
[  ]    212.5 MLBUps    245.19 GB/s [=================== ]  5s
[  ]    ---- :    171.6 MLBUps    198.07 GB/s [====================]
[  ]    212.4 MLBUps    245.08 GB/s [===                 ]  1s
[  ]    212.5 MLBUps    245.23 GB/s [=======             ]  2s
[  ]    212.5 MLBUps    245.21 GB/s [===========         ]  3s
[  ]    212.4 MLBUps    245.13 GB/s [===============     ]  4s
[  ]    212.6 MLBUps    245.40 GB/s [=================== ]  5s
[  ]    ---- :    171.0 MLBUps    197.32 GB/s [====================]
[  ]    ---- :   100000 it writing vtk
[  ]    172.6 MLBUps    199.19 GB/s [===                 ]  1s
[  ]    219.1 MLBUps    252.90 GB/s [=======             ]  2s
[  ]    218.4 MLBUps    252.00 GB/s [===========         ]  3s
[  ]    217.3 MLBUps    250.72 GB/s [===============     ]  4s
[  ]    215.7 MLBUps    248.92 GB/s [=================== ]  5s
[  ]    ---- :    200.3 MLBUps    231.20 GB/s [====================]
[  ]    215.7 MLBUps    248.95 GB/s [===                 ]  0s
[  ]    215.8 MLBUps    249.00 GB/s [=======             ]  1s
[  ]    215.1 MLBUps    248.24 GB/s [===========         ]  2s
[  ]    215.8 MLBUps    249.02 GB/s [===============     ]  3s
[  ]    216.0 MLBUps    249.21 GB/s [=================== ]  4s
[  ]    ---- :    165.1 MLBUps    190.52 GB/s [====================]
[  ]    216.1 MLBUps    249.38 GB/s [====                ]  0s
[  ]    215.7 MLBUps    248.94 GB/s [========            ]  1s
[  ]    215.7 MLBUps    248.90 GB/s [============        ]  2s
[  ]    216.0 MLBUps    249.22 GB/s [================    ]  3s
[  ]    ---- :    213.3 MLBUps    246.10 GB/s [====================]
[  ]    216.2 MLBUps    249.53 GB/s [====                ]  0s
[  ]    215.8 MLBUps    249.02 GB/s [========            ]  2s
[  ]    215.9 MLBUps    249.16 GB/s [============        ]  2s
[  ]    215.5 MLBUps    248.74 GB/s [================    ]  3s
[  ]    ---- :    213.3 MLBUps    246.17 GB/s [====================]
[  ]    215.7 MLBUps    248.95 GB/s [====                ]  0s
[  ]    215.3 MLBUps    248.49 GB/s [========            ]  1s
[  ]    215.7 MLBUps    248.95 GB/s [============        ]  2s
[  ]    215.9 MLBUps    249.17 GB/s [================    ]  3s
[  ]    ---- :    213.1 MLBUps    245.95 GB/s [====================]
[  ]    215.8 MLBUps    249.04 GB/s [====                ]  0s
[  ]    216.0 MLBUps    249.27 GB/s [========            ]  1s
[  ]    215.4 MLBUps    248.62 GB/s [============        ]  2s
[  ]    215.8 MLBUps    249.06 GB/s [================    ]  3s
[  ]    ---- :    212.9 MLBUps    245.70 GB/s [====================]
[  ]    215.7 MLBUps    248.95 GB/s [====                ]  0s
[  ]    215.8 MLBUps    249.09 GB/s [========            ]  1s
[  ]    215.8 MLBUps    249.00 GB/s [============        ]  2s
[  ]    216.2 MLBUps    249.51 GB/s [================    ]  3s
[  ]    ---- :    212.9 MLBUps    245.71 GB/s [====================]
[  ]    215.4 MLBUps    248.58 GB/s [====                ]  0s
[  ]    215.9 MLBUps    249.18 GB/s [========            ]  1s
[  ]    216.2 MLBUps    249.48 GB/s [============        ]  2s
[  ]    215.6 MLBUps    248.81 GB/s [================    ]  3s
[  ]    ---- :    213.3 MLBUps    246.16 GB/s [====================]
[  ]    215.8 MLBUps    249.01 GB/s [====                ]  0s
[  ]    215.9 MLBUps    249.10 GB/s [========            ]  1s
[  ]    216.0 MLBUps    249.28 GB/s [============        ]  2s
[  ]    215.3 MLBUps    248.47 GB/s [================    ]  3s
[  ]    ---- :    212.7 MLBUps    245.50 GB/s [====================]
[  ]    216.1 MLBUps    249.35 GB/s [====                ]  0s
[  ]    215.9 MLBUps    249.13 GB/s [========            ]  1s
[  ]    215.9 MLBUps    249.18 GB/s [============        ]  2s
[  ]    215.7 MLBUps    248.89 GB/s [================    ]  3s
[  ]    ---- :    213.2 MLBUps    245.98 GB/s [====================]
[  ]    215.7 MLBUps    248.92 GB/s [====                ]  0s
[  ]    215.8 MLBUps    248.98 GB/s [========            ]  1s
[  ]    215.5 MLBUps    248.64 GB/s [============        ]  2s
[  ]    215.7 MLBUps    248.89 GB/s [================    ]  3s
[  ]    ---- :    213.2 MLBUps    245.98 GB/s [====================]
[  ]    215.8 MLBUps    249.02 GB/s [====                ]  0s
[  ]    216.1 MLBUps    249.43 GB/s [========            ]  1s
[  ]    215.7 MLBUps    248.89 GB/s [============        ]  2s
[  ]    215.9 MLBUps    249.19 GB/s [================    ]  3s
[  ]    ---- :    212.7 MLBUps    245.50 GB/s [====================]
[  ]    215.7 MLBUps    248.86 GB/s [====                ]  0s
[  ]    215.9 MLBUps    249.13 GB/s [========            ]  1s
[  ]    215.9 MLBUps    249.15 GB/s [============        ]  2s
[  ]    213.9 MLBUps    246.82 GB/s [================    ]  3s
[  ]    212.3 MLBUps    245.04 GB/s [=================== ]  4s
[  ]    ---- :     96.2 MLBUps    111.05 GB/s [====================]
[  ]    212.7 MLBUps    245.40 GB/s [====                ]  1s
[  ]    212.6 MLBUps    245.35 GB/s [=======             ]  2s
[  ]    212.3 MLBUps    245.02 GB/s [===========         ]  3s
[  ]    212.5 MLBUps    245.20 GB/s [===============     ]  4s
[  ]    212.7 MLBUps    245.41 GB/s [=================== ]  5s
[  ]    ---- :    163.3 MLBUps    188.48 GB/s [====================]
[  ]    212.6 MLBUps    245.37 GB/s [===                 ]  1s
[  ]    212.4 MLBUps    245.14 GB/s [=======             ]  2s
[  ]    212.3 MLBUps    245.02 GB/s [===========         ]  3s
[  ]    212.5 MLBUps    245.26 GB/s [===============     ]  4s
[  ]    212.6 MLBUps    245.31 GB/s [=================== ]  5s
[  ]    ---- :    171.0 MLBUps    197.39 GB/s [====================]
[  ]    212.5 MLBUps    245.17 GB/s [===                 ]  1s
[  ]    212.2 MLBUps    244.89 GB/s [=======             ]  2s
[  ]    212.7 MLBUps    245.51 GB/s [===========         ]  3s
[  ]    212.3 MLBUps    245.00 GB/s [===============     ]  4s
[  ]    212.1 MLBUps    244.77 GB/s [=================== ]  5s
[  ]    ---- :    171.7 MLBUps    198.17 GB/s [====================]
[  ]    212.4 MLBUps    245.10 GB/s [===                 ]  1s
[  ]    212.0 MLBUps    244.60 GB/s [=======             ]  2s
[  ]    212.0 MLBUps    244.68 GB/s [===========         ]  3s
[  ]    212.2 MLBUps    244.91 GB/s [===============     ]  4s
[  ]    212.6 MLBUps    245.32 GB/s [=================== ]  5s
[  ]    ---- :    170.7 MLBUps    196.99 GB/s [====================]
[  ]    214.7 MLBUps    247.74 GB/s [===                 ]  0s
[  ]    215.0 MLBUps    248.15 GB/s [=======             ]  1s
[  ]    215.3 MLBUps    248.42 GB/s [===========         ]  2s
[  ]    215.3 MLBUps    248.45 GB/s [===============     ]  3s
[  ]    215.3 MLBUps    248.43 GB/s [=================== ]  4s
[  ]    ---- :    133.6 MLBUps    154.19 GB/s [====================]
[  ]    215.1 MLBUps    248.22 GB/s [====                ]  0s
[  ]    215.1 MLBUps    248.23 GB/s [========            ]  1s
[  ]    215.2 MLBUps    248.32 GB/s [============        ]  2s
[  ]    215.4 MLBUps    248.52 GB/s [================    ]  3s
[  ]    ---- :    212.5 MLBUps    245.18 GB/s [====================]
[  ]    214.9 MLBUps    248.03 GB/s [====                ]  1s
[  ]    215.4 MLBUps    248.51 GB/s [========            ]  1s
[  ]    215.2 MLBUps    248.30 GB/s [============        ]  2s
[  ]    214.9 MLBUps    248.00 GB/s [================    ]  3s
[  ]    ---- :    212.6 MLBUps    245.33 GB/s [====================]
[  ]    ---- :   120000 it writing vtk
[  ]    173.2 MLBUps    199.82 GB/s [====                ]  1s
[  ]    218.8 MLBUps    252.55 GB/s [=======             ]  2s
[  ]    218.5 MLBUps    252.18 GB/s [===========         ]  3s
[  ]    218.1 MLBUps    251.71 GB/s [===============     ]  4s
[  ]    218.4 MLBUps    252.09 GB/s [=================== ]  5s
[  ]    ---- :    200.7 MLBUps    231.62 GB/s [====================]
[  ]    218.3 MLBUps    251.89 GB/s [===                 ]  0s
[  ]    218.0 MLBUps    251.55 GB/s [=======             ]  1s
[  ]    214.8 MLBUps    247.92 GB/s [===========         ]  2s
[  ]    215.1 MLBUps    248.27 GB/s [===============     ]  3s
[  ]    214.9 MLBUps    248.03 GB/s [=================== ]  4s
[  ]    ---- :     97.5 MLBUps    112.50 GB/s [====================]
[  ]    215.4 MLBUps    248.61 GB/s [====                ]  0s
[  ]    215.4 MLBUps    248.55 GB/s [========            ]  1s
[  ]    215.1 MLBUps    248.25 GB/s [============        ]  2s
[  ]    215.1 MLBUps    248.18 GB/s [================    ]  3s
[  ]    ---- :    213.2 MLBUps    245.98 GB/s [====================]
[  ]    215.4 MLBUps    248.62 GB/s [====                ]  0s
[  ]    215.3 MLBUps    248.50 GB/s [========            ]  1s
[  ]    215.3 MLBUps    248.47 GB/s [============        ]  2s
[  ]    215.2 MLBUps    248.32 GB/s [================    ]  3s
[  ]    ---- :    213.1 MLBUps    245.89 GB/s [====================]
[  ]    215.5 MLBUps    248.64 GB/s [====                ]  0s
[  ]    215.3 MLBUps    248.51 GB/s [========            ]  1s
[  ]    215.3 MLBUps    248.40 GB/s [============        ]  2s
[  ]    215.2 MLBUps    248.33 GB/s [================    ]  3s
[  ]    ---- :    212.4 MLBUps    245.09 GB/s [====================]
[  ]    215.4 MLBUps    248.58 GB/s [====                ]  0s
[  ]    215.4 MLBUps    248.56 GB/s [========            ]  1s
[  ]    215.0 MLBUps    248.13 GB/s [============        ]  2s
[  ]    215.1 MLBUps    248.26 GB/s [================    ]  3s
[  ]    ---- :    212.7 MLBUps    245.51 GB/s [====================]
[  ]    215.4 MLBUps    248.53 GB/s [====                ]  0s
[  ]    215.4 MLBUps    248.57 GB/s [========            ]  1s
[  ]    215.4 MLBUps    248.63 GB/s [============        ]  2s
[  ]    215.5 MLBUps    248.65 GB/s [================    ]  3s
[  ]    ---- :    212.7 MLBUps    245.49 GB/s [====================]
[  ]    215.6 MLBUps    248.75 GB/s [====                ]  0s
[  ]    215.3 MLBUps    248.48 GB/s [========            ]  1s
[  ]    215.2 MLBUps    248.37 GB/s [============        ]  2s
[  ]    215.5 MLBUps    248.66 GB/s [================    ]  3s
[  ]    ---- :    212.7 MLBUps    245.49 GB/s [====================]
[  ]    214.8 MLBUps    247.87 GB/s [====                ]  1s
[  ]    215.5 MLBUps    248.70 GB/s [========            ]  1s
[  ]    215.5 MLBUps    248.70 GB/s [============        ]  2s
[  ]    215.4 MLBUps    248.61 GB/s [================    ]  3s
[  ]    ---- :    212.7 MLBUps    245.48 GB/s [====================]
[  ]    215.2 MLBUps    248.38 GB/s [====                ]  0s
[  ]    215.6 MLBUps    248.78 GB/s [========            ]  1s
[  ]    211.7 MLBUps    244.33 GB/s [============        ]  3s
[  ]    210.7 MLBUps    243.19 GB/s [===============     ]  4s
[  ]    210.3 MLBUps    242.68 GB/s [=================== ]  5s
[  ]    ---- :    162.4 MLBUps    187.37 GB/s [====================]
[  ]    210.3 MLBUps    242.66 GB/s [===                 ]  1s
[  ]    210.4 MLBUps    242.82 GB/s [=======             ]  2s
[  ]    210.5 MLBUps    242.93 GB/s [===========         ]  3s
[  ]    210.3 MLBUps    242.71 GB/s [===============     ]  4s
[  ]    210.3 MLBUps    242.70 GB/s [=================== ]  5s
[  ]    ---- :    185.5 MLBUps    214.12 GB/s [====================]
[  ]    210.5 MLBUps    242.95 GB/s [===                 ]  1s
[  ]    210.4 MLBUps    242.80 GB/s [=======             ]  2s
[  ]    210.4 MLBUps    242.85 GB/s [===========         ]  3s
[  ]    210.5 MLBUps    242.92 GB/s [===============     ]  4s
[  ]    212.7 MLBUps    245.50 GB/s [=================== ]  4s
[  ]    ---- :    190.1 MLBUps    219.35 GB/s [====================]
[  ]    212.4 MLBUps    245.13 GB/s [===                 ]  0s
[  ]    212.5 MLBUps    245.25 GB/s [=======             ]  1s
[  ]    212.3 MLBUps    244.99 GB/s [===========         ]  2s
[  ]    212.7 MLBUps    245.43 GB/s [===============     ]  3s
[  ]    213.2 MLBUps    246.05 GB/s [=================== ]  4s
[  ]    ---- :    178.1 MLBUps    205.56 GB/s [====================]
[  ]    212.1 MLBUps    244.73 GB/s [===                 ]  1s
[  ]    212.2 MLBUps    244.93 GB/s [=======             ]  2s
[  ]    211.9 MLBUps    244.58 GB/s [===========         ]  3s
[  ]    212.2 MLBUps    244.91 GB/s [===============     ]  4s
[  ]    212.4 MLBUps    245.08 GB/s [=================== ]  5s
[  ]    ---- :    170.7 MLBUps    197.03 GB/s [====================]
[  ]    212.3 MLBUps    245.00 GB/s [===                 ]  0s
[  ]    212.1 MLBUps    244.76 GB/s [=======             ]  1s
[  ]    212.7 MLBUps    245.45 GB/s [===========         ]  2s
[  ]    212.2 MLBUps    244.91 GB/s [===============     ]  4s
[  ]    212.1 MLBUps    244.79 GB/s [=================== ]  5s
[  ]    ---- :    176.4 MLBUps    203.59 GB/s [====================]
[  ]    212.2 MLBUps    244.93 GB/s [===                 ]  0s
[  ]    211.7 MLBUps    244.25 GB/s [=======             ]  1s
[  ]    212.0 MLBUps    244.64 GB/s [===========         ]  2s
[  ]    212.4 MLBUps    245.15 GB/s [===============     ]  3s
[  ]    212.5 MLBUps    245.17 GB/s [=================== ]  4s
[  ]    ---- :    180.8 MLBUps    208.62 GB/s [====================]
[  ]    212.4 MLBUps    245.07 GB/s [===                 ]  0s
[  ]    212.2 MLBUps    244.91 GB/s [=======             ]  1s
[  ]    212.2 MLBUps    244.92 GB/s [===========         ]  2s
[  ]    212.7 MLBUps    245.43 GB/s [===============     ]  3s
[  ]    212.6 MLBUps    245.30 GB/s [=================== ]  5s
[  ]    ---- :    177.9 MLBUps    205.29 GB/s [====================]
[  ]    212.2 MLBUps    244.93 GB/s [===                 ]  1s
[  ]    212.5 MLBUps    245.24 GB/s [=======             ]  2s
[  ]    212.4 MLBUps    245.07 GB/s [===========         ]  3s
[  ]    211.9 MLBUps    244.59 GB/s [===============     ]  4s
[  ]    212.2 MLBUps    244.85 GB/s [=================== ]  5s
[  ]    ---- :    171.3 MLBUps    197.67 GB/s [====================]
[  ]    212.5 MLBUps    245.26 GB/s [===                 ]  0s
[  ]    212.1 MLBUps    244.74 GB/s [=======             ]  1s
[  ]    212.5 MLBUps    245.27 GB/s [===========         ]  2s
[  ]    212.5 MLBUps    245.23 GB/s [===============     ]  3s
[  ]    212.5 MLBUps    245.19 GB/s [=================== ]  5s
[  ]    ---- :    177.5 MLBUps    204.84 GB/s [====================]
[  ]    212.2 MLBUps    244.90 GB/s [===                 ]  1s
[  ]    212.5 MLBUps    245.24 GB/s [=======             ]  2s
[  ]    212.4 MLBUps    245.16 GB/s [===========         ]  3s
[  ]    212.9 MLBUps    245.64 GB/s [===============     ]  4s
[  ]    212.8 MLBUps    245.57 GB/s [=================== ]  5s
[  ]    ---- :    171.0 MLBUps    197.36 GB/s [====================]
[  ]    ---- :   140000 it writing vtk
[  ]    131.4 MLBUps    151.61 GB/s [===                 ]  1s
[  ]    220.4 MLBUps    254.31 GB/s [======              ]  2s
[  ]    218.5 MLBUps    252.10 GB/s [==========          ]  3s
[  ]    217.6 MLBUps    251.09 GB/s [==============      ]  4s
[  ]    217.6 MLBUps    251.14 GB/s [==================  ]  5s
[  ]    ---- :    210.5 MLBUps    242.86 GB/s [====================]
[  ]    217.4 MLBUps    250.91 GB/s [===                 ]  0s
[  ]    217.6 MLBUps    251.09 GB/s [=======             ]  1s
[  ]    215.7 MLBUps    248.92 GB/s [===========         ]  2s
[  ]    212.2 MLBUps    244.93 GB/s [===============     ]  3s
[  ]    212.3 MLBUps    245.05 GB/s [=================== ]  4s
[  ]    ---- :    187.7 MLBUps    216.57 GB/s [====================]
[  ]    212.6 MLBUps    245.32 GB/s [====                ]  1s
[  ]    212.3 MLBUps    244.95 GB/s [=======             ]  2s
[  ]    212.6 MLBUps    245.29 GB/s [===========         ]  3s
[  ]    212.2 MLBUps    244.91 GB/s [===============     ]  4s
[  ]    212.3 MLBUps    245.05 GB/s [=================== ]  5s
[  ]    ---- :    162.6 MLBUps    187.67 GB/s [====================]
[  ]    212.0 MLBUps    244.69 GB/s [===                 ]  1s
[  ]    212.0 MLBUps    244.62 GB/s [=======             ]  2s
[  ]    212.3 MLBUps    245.00 GB/s [===========         ]  3s
[  ]    211.9 MLBUps    244.51 GB/s [===============     ]  4s
[  ]    211.1 MLBUps    243.66 GB/s [=================== ]  5s
[  ]    ---- :    170.7 MLBUps    197.02 GB/s [====================]
[  ]    211.2 MLBUps    243.75 GB/s [===                 ]  0s
[  ]    211.7 MLBUps    244.28 GB/s [=======             ]  1s
[  ]    212.0 MLBUps    244.62 GB/s [===========         ]  2s
[  ]    211.8 MLBUps    244.43 GB/s [===============     ]  3s
[  ]    211.9 MLBUps    244.52 GB/s [=================== ]  4s
[  ]    ---- :    186.7 MLBUps    215.46 GB/s [====================]
[  ]    212.3 MLBUps    244.98 GB/s [===                 ]  0s
[  ]    211.9 MLBUps    244.48 GB/s [=======             ]  1s
[  ]    212.4 MLBUps    245.12 GB/s [===========         ]  2s
[  ]    212.2 MLBUps    244.85 GB/s [===============     ]  4s
[  ]    211.7 MLBUps    244.25 GB/s [=================== ]  5s
[  ]    ---- :    176.3 MLBUps    203.50 GB/s [====================]
[  ]    212.0 MLBUps    244.64 GB/s [===                 ]  0s
[  ]    212.5 MLBUps    245.19 GB/s [=======             ]  1s
[  ]    212.3 MLBUps    244.97 GB/s [===========         ]  2s
[  ]    211.6 MLBUps    244.20 GB/s [===============     ]  4s
[  ]    212.2 MLBUps    244.90 GB/s [=================== ]  4s
[  ]    ---- :    180.8 MLBUps    208.60 GB/s [====================]
[  ]    212.0 MLBUps    244.64 GB/s [===                 ]  0s
[  ]    211.7 MLBUps    244.25 GB/s [=======             ]  1s
[  ]    212.0 MLBUps    244.59 GB/s [===========         ]  2s
[  ]    212.1 MLBUps    244.80 GB/s [===============     ]  3s
[  ]    212.0 MLBUps    244.65 GB/s [=================== ]  5s
[  ]    ---- :    181.8 MLBUps    209.85 GB/s [====================]
[  ]    212.0 MLBUps    244.67 GB/s [===                 ]  0s
[  ]    211.8 MLBUps    244.42 GB/s [=======             ]  1s
[  ]    212.0 MLBUps    244.60 GB/s [===========         ]  2s
[  ]    211.8 MLBUps    244.46 GB/s [===============     ]  3s
[  ]    212.3 MLBUps    244.96 GB/s [=================== ]  5s
[  ]    ---- :    180.2 MLBUps    207.98 GB/s [====================]
[  ]    212.0 MLBUps    244.67 GB/s [===                 ]  0s
[  ]    212.0 MLBUps    244.62 GB/s [=======             ]  1s
[  ]    211.7 MLBUps    244.33 GB/s [===========         ]  3s
[  ]    212.2 MLBUps    244.92 GB/s [===============     ]  3s
[  ]    213.5 MLBUps    246.35 GB/s [=================== ]  4s
[  ]    ---- :    182.7 MLBUps    210.79 GB/s [====================]
[  ]    213.8 MLBUps    246.68 GB/s [===                 ]  0s
[  ]    214.3 MLBUps    247.26 GB/s [=======             ]  1s
[  ]    214.7 MLBUps    247.72 GB/s [===========         ]  2s
[  ]    213.9 MLBUps    246.82 GB/s [===============     ]  3s
[  ]    214.6 MLBUps    247.63 GB/s [=================== ]  4s
[  ]    ---- :    164.2 MLBUps    189.48 GB/s [====================]
[  ]    214.1 MLBUps    247.04 GB/s [===                 ]  0s
[  ]    214.1 MLBUps    247.04 GB/s [=======             ]  1s
[  ]    214.5 MLBUps    247.59 GB/s [===========         ]  3s
[  ]    214.0 MLBUps    246.91 GB/s [===============     ]  4s
[  ]    215.1 MLBUps    248.25 GB/s [=================== ]  4s
[  ]    ---- :    133.6 MLBUps    154.17 GB/s [====================]
[  ]    214.3 MLBUps    247.26 GB/s [===                 ]  0s
[  ]    214.2 MLBUps    247.16 GB/s [=======             ]  1s
[  ]    214.8 MLBUps    247.92 GB/s [===========         ]  2s
[  ]    214.5 MLBUps    247.54 GB/s [===============     ]  4s
[  ]    214.7 MLBUps    247.74 GB/s [=================== ]  5s
[  ]    ---- :     96.0 MLBUps    110.74 GB/s [====================]
[  ]    213.6 MLBUps    246.47 GB/s [===                 ]  0s
[  ]    213.7 MLBUps    246.59 GB/s [=======             ]  1s
[  ]    213.8 MLBUps    246.71 GB/s [===========         ]  2s
[  ]    213.9 MLBUps    246.84 GB/s [===============     ]  3s
[  ]    214.0 MLBUps    246.90 GB/s [=================== ]  4s
[  ]    ---- :    172.2 MLBUps    198.69 GB/s [====================]
[  ]    213.9 MLBUps    246.90 GB/s [===                 ]  0s
[  ]    213.3 MLBUps    246.19 GB/s [=======             ]  1s
[  ]    214.6 MLBUps    247.70 GB/s [===========         ]  2s
[  ]    214.2 MLBUps    247.22 GB/s [===============     ]  3s
[  ]    213.6 MLBUps    246.54 GB/s [=================== ]  4s
[  ]    ---- :    153.4 MLBUps    177.08 GB/s [====================]
[  ]    214.3 MLBUps    247.32 GB/s [===                 ]  0s
[  ]    211.5 MLBUps    244.03 GB/s [=======             ]  2s
[  ]    208.1 MLBUps    240.11 GB/s [===========         ]  3s
[  ]    207.8 MLBUps    239.86 GB/s [===============     ]  4s
[  ]    208.1 MLBUps    240.13 GB/s [=================== ]  5s
[  ]    ---- :    184.8 MLBUps    213.22 GB/s [====================]
[  ]    208.2 MLBUps    240.26 GB/s [===                 ]  1s
[  ]    208.1 MLBUps    240.10 GB/s [=======             ]  2s
[  ]    208.2 MLBUps    240.25 GB/s [===========         ]  3s
[  ]    209.1 MLBUps    241.26 GB/s [===============     ]  4s
[  ]    210.3 MLBUps    242.74 GB/s [=================== ]  4s
[  ]    ---- :    195.3 MLBUps    225.42 GB/s [====================]
[  ]    210.9 MLBUps    243.42 GB/s [===                 ]  0s
[  ]    210.4 MLBUps    242.77 GB/s [=======             ]  1s
[  ]    210.8 MLBUps    243.28 GB/s [===========         ]  2s
[  ]    210.8 MLBUps    243.32 GB/s [===============     ]  3s
[  ]    210.6 MLBUps    243.06 GB/s [=================== ]  4s
[  ]    ---- :    190.4 MLBUps    219.69 GB/s [====================]
[  ]    210.5 MLBUps    242.94 GB/s [===                 ]  1s
[  ]    210.4 MLBUps    242.84 GB/s [=======             ]  2s
[  ]    211.3 MLBUps    243.82 GB/s [===========         ]  2s
[  ]    210.9 MLBUps    243.36 GB/s [===============     ]  3s
[  ]    211.2 MLBUps    243.76 GB/s [=================== ]  4s
[  ]    ---- :    187.9 MLBUps    216.85 GB/s [====================]
[  ]    210.6 MLBUps    243.08 GB/s [===                 ]  1s
[  ]    210.8 MLBUps    243.32 GB/s [=======             ]  1s
[  ]    210.9 MLBUps    243.41 GB/s [===========         ]  2s
[  ]    210.4 MLBUps    242.80 GB/s [===============     ]  4s
[  ]    210.9 MLBUps    243.43 GB/s [=================== ]  4s
[  ]    ---- :    188.7 MLBUps    217.80 GB/s [====================]
[  ]    ---- :   160000 it writing vtk
[  ]    169.1 MLBUps    195.10 GB/s [===                 ]  1s
[  ]    215.7 MLBUps    248.90 GB/s [=======             ]  2s
[  ]    215.4 MLBUps    248.54 GB/s [===========         ]  3s
[  ]    215.4 MLBUps    248.56 GB/s [===============     ]  4s
[  ]    215.6 MLBUps    248.78 GB/s [=================== ]  5s
[  ]    ---- :    204.5 MLBUps    235.99 GB/s [====================]
[  ]    215.6 MLBUps    248.78 GB/s [===                 ]  0s
[  ]    215.4 MLBUps    248.58 GB/s [=======             ]  1s
[  ]    215.0 MLBUps    248.16 GB/s [===========         ]  2s
[  ]    215.6 MLBUps    248.86 GB/s [===============     ]  3s
[  ]    215.3 MLBUps    248.46 GB/s [=================== ]  4s
[  ]    ---- :    173.2 MLBUps    199.93 GB/s [====================]
[  ]    215.1 MLBUps    248.25 GB/s [====                ]  0s
[  ]    215.2 MLBUps    248.35 GB/s [========            ]  1s
[  ]    215.3 MLBUps    248.51 GB/s [============        ]  2s
[  ]    215.5 MLBUps    248.72 GB/s [================    ]  3s
[  ]    ---- :    212.2 MLBUps    244.84 GB/s [====================]
[  ]    213.4 MLBUps    246.25 GB/s [====                ]  1s
[  ]    208.4 MLBUps    240.46 GB/s [=======             ]  2s
[  ]    208.3 MLBUps    240.34 GB/s [===========         ]  3s
[  ]    208.5 MLBUps    240.64 GB/s [===============     ]  4s
[  ]    208.7 MLBUps    240.86 GB/s [=================== ]  5s
[  ]    ---- :    187.5 MLBUps    216.35 GB/s [====================]
[  ]    209.1 MLBUps    241.29 GB/s [===                 ]  0s
[  ]    209.0 MLBUps    241.24 GB/s [=======             ]  1s
[  ]    208.5 MLBUps    240.66 GB/s [===========         ]  2s
[  ]    210.8 MLBUps    243.28 GB/s [===============     ]  3s
[  ]    211.4 MLBUps    244.01 GB/s [=================== ]  4s
[  ]    ---- :    194.6 MLBUps    224.57 GB/s [====================]
[  ]    210.9 MLBUps    243.43 GB/s [===                 ]  0s
[  ]    211.0 MLBUps    243.50 GB/s [=======             ]  1s
[  ]    211.6 MLBUps    244.23 GB/s [===========         ]  2s
[  ]    212.1 MLBUps    244.81 GB/s [===============     ]  3s
[  ]    211.8 MLBUps    244.42 GB/s [=================== ]  4s
[  ]    ---- :    189.5 MLBUps    218.72 GB/s [====================]
[  ]    211.3 MLBUps    243.81 GB/s [===                 ]  0s
[  ]    211.6 MLBUps    244.18 GB/s [=======             ]  1s
[  ]    211.7 MLBUps    244.36 GB/s [===========         ]  2s
[  ]    211.2 MLBUps    243.73 GB/s [===============     ]  3s
[  ]    211.8 MLBUps    244.46 GB/s [=================== ]  4s
[  ]    ---- :    190.5 MLBUps    219.86 GB/s [====================]
[  ]    211.8 MLBUps    244.37 GB/s [===                 ]  0s
[  ]    211.9 MLBUps    244.57 GB/s [=======             ]  1s
[  ]    211.6 MLBUps    244.23 GB/s [===========         ]  2s
[  ]    211.9 MLBUps    244.57 GB/s [===============     ]  3s
[  ]    211.4 MLBUps    243.93 GB/s [=================== ]  4s
[  ]    ---- :    185.7 MLBUps    214.30 GB/s [====================]
[  ]    212.5 MLBUps    245.18 GB/s [===                 ]  0s
[  ]    213.1 MLBUps    245.92 GB/s [=======             ]  1s
[  ]    213.4 MLBUps    246.26 GB/s [===========         ]  2s
[  ]    213.2 MLBUps    246.08 GB/s [===============     ]  3s
[  ]    213.3 MLBUps    246.12 GB/s [=================== ]  4s
[  ]    ---- :    178.3 MLBUps    205.76 GB/s [====================]
[  ]    212.8 MLBUps    245.62 GB/s [===                 ]  1s
[  ]    213.4 MLBUps    246.21 GB/s [=======             ]  1s
[  ]    213.0 MLBUps    245.83 GB/s [===========         ]  2s
[  ]    213.0 MLBUps    245.80 GB/s [===============     ]  3s
[  ]    212.8 MLBUps    245.55 GB/s [=================== ]  4s
[  ]    ---- :    172.3 MLBUps    198.87 GB/s [====================]
[  ]    212.7 MLBUps    245.50 GB/s [===                 ]  1s
[  ]    212.5 MLBUps    245.20 GB/s [=======             ]  2s
[  ]    212.2 MLBUps    244.91 GB/s [===========         ]  3s
[  ]    213.1 MLBUps    245.97 GB/s [===============     ]  4s
[  ]    212.6 MLBUps    245.32 GB/s [=================== ]  5s
[  ]    ---- :    170.9 MLBUps    197.24 GB/s [====================]
[  ]    213.3 MLBUps    246.11 GB/s [===                 ]  0s
[  ]    214.0 MLBUps    246.99 GB/s [=======             ]  1s
[  ]    215.7 MLBUps    248.94 GB/s [===========         ]  2s
[  ]    215.4 MLBUps    248.60 GB/s [===============     ]  3s
[  ]    215.2 MLBUps    248.33 GB/s [=================== ]  4s
[  ]    ---- :    134.1 MLBUps    154.71 GB/s [====================]
[  ]    214.9 MLBUps    248.04 GB/s [====                ]  1s
[  ]    215.3 MLBUps    248.46 GB/s [========            ]  1s
[  ]    215.4 MLBUps    248.55 GB/s [============        ]  2s
[  ]    215.5 MLBUps    248.74 GB/s [================    ]  3s
[  ]    ---- :    212.8 MLBUps    245.60 GB/s [====================]
[  ]    215.7 MLBUps    248.88 GB/s [====                ]  0s
[  ]    214.9 MLBUps    248.02 GB/s [========            ]  1s
[  ]    215.4 MLBUps    248.55 GB/s [============        ]  2s
[  ]    215.4 MLBUps    248.54 GB/s [================    ]  3s
[  ]    ---- :    212.9 MLBUps    245.64 GB/s [====================]
[  ]    215.6 MLBUps    248.75 GB/s [====                ]  0s
[  ]    215.1 MLBUps    248.21 GB/s [========            ]  1s
[  ]    215.4 MLBUps    248.63 GB/s [============        ]  2s
[  ]    215.4 MLBUps    248.56 GB/s [================    ]  3s
[  ]    ---- :    212.8 MLBUps    245.55 GB/s [====================]
[  ]    215.9 MLBUps    249.09 GB/s [====                ]  0s
[  ]    215.7 MLBUps    248.91 GB/s [========            ]  1s
[  ]    215.5 MLBUps    248.73 GB/s [============        ]  2s
[  ]    215.0 MLBUps    248.13 GB/s [================    ]  3s
[  ]    ---- :    212.6 MLBUps    245.36 GB/s [====================]
[  ]    215.3 MLBUps    248.45 GB/s [====                ]  0s
[  ]    215.3 MLBUps    248.47 GB/s [========            ]  1s
[  ]    215.4 MLBUps    248.63 GB/s [============        ]  2s
[  ]    215.3 MLBUps    248.49 GB/s [================    ]  3s
[  ]    ---- :    213.0 MLBUps    245.85 GB/s [====================]
[  ]    215.3 MLBUps    248.49 GB/s [====                ]  0s
[  ]    215.6 MLBUps    248.82 GB/s [========            ]  1s
[  ]    215.6 MLBUps    248.77 GB/s [============        ]  2s
[  ]    215.5 MLBUps    248.74 GB/s [================    ]  3s
[  ]    ---- :    213.0 MLBUps    245.85 GB/s [====================]
[  ]    215.6 MLBUps    248.81 GB/s [====                ]  0s
[  ]    215.3 MLBUps    248.41 GB/s [========            ]  1s
[  ]    215.6 MLBUps    248.80 GB/s [============        ]  2s
[  ]    215.4 MLBUps    248.55 GB/s [================    ]  3s
[  ]    ---- :    213.1 MLBUps    245.96 GB/s [====================]
[  ]    215.7 MLBUps    248.92 GB/s [====                ]  0s
[  ]    215.5 MLBUps    248.69 GB/s [========            ]  1s
[  ]    215.5 MLBUps    248.68 GB/s [============        ]  2s
[  ]    215.8 MLBUps    249.04 GB/s [================    ]  3s
[  ]    ---- :    213.2 MLBUps    246.07 GB/s [====================]
[  ]    ---- :   180000 it writing vtk
[  ]    170.5 MLBUps    196.81 GB/s [====                ]  1s
[  ]    220.0 MLBUps    253.83 GB/s [=======             ]  2s
[  ]    220.0 MLBUps    253.93 GB/s [===========         ]  3s
[  ]    218.2 MLBUps    251.82 GB/s [===============     ]  4s
[  ]    215.9 MLBUps    249.17 GB/s [=================== ]  5s
[  ]    ---- :    200.3 MLBUps    231.18 GB/s [====================]
[  ]    216.0 MLBUps    249.27 GB/s [===                 ]  0s
[  ]    215.9 MLBUps    249.18 GB/s [=======             ]  1s
[  ]    215.8 MLBUps    249.04 GB/s [===========         ]  2s
[  ]    216.0 MLBUps    249.22 GB/s [===============     ]  3s
[  ]    215.4 MLBUps    248.60 GB/s [=================== ]  4s
[  ]    ---- :    165.3 MLBUps    190.72 GB/s [====================]
[  ]    216.0 MLBUps    249.27 GB/s [====                ]  0s
[  ]    215.8 MLBUps    249.03 GB/s [========            ]  1s
[  ]    215.7 MLBUps    248.89 GB/s [============        ]  2s
[  ]    215.8 MLBUps    249.04 GB/s [================    ]  3s
[  ]    ---- :    213.0 MLBUps    245.77 GB/s [====================]
[  ]    215.9 MLBUps    249.12 GB/s [====                ]  0s
[  ]    215.9 MLBUps    249.12 GB/s [========            ]  1s
[  ]    215.5 MLBUps    248.74 GB/s [============        ]  2s
[  ]    215.9 MLBUps    249.16 GB/s [================    ]  3s
[  ]    ---- :    213.2 MLBUps    246.07 GB/s [====================]
[  ]    215.7 MLBUps    248.89 GB/s [====                ]  0s
[  ]    215.7 MLBUps    248.86 GB/s [========            ]  1s
[  ]    216.0 MLBUps    249.30 GB/s [============        ]  2s
[  ]    215.8 MLBUps    249.04 GB/s [================    ]  3s
[  ]    ---- :    213.0 MLBUps    245.81 GB/s [====================]
[  ]    216.1 MLBUps    249.39 GB/s [====                ]  0s
[  ]    216.1 MLBUps    249.38 GB/s [========            ]  1s
[  ]    215.6 MLBUps    248.82 GB/s [============        ]  2s
[  ]    215.6 MLBUps    248.80 GB/s [================    ]  3s
[  ]    ---- :    213.1 MLBUps    245.90 GB/s [====================]
[  ]    215.7 MLBUps    248.88 GB/s [====                ]  0s
[  ]    215.6 MLBUps    248.84 GB/s [========            ]  1s
[  ]    215.9 MLBUps    249.14 GB/s [============        ]  2s
[  ]    215.8 MLBUps    249.00 GB/s [================    ]  3s
[  ]    ---- :    212.7 MLBUps    245.44 GB/s [====================]
[  ]    215.8 MLBUps    249.08 GB/s [====                ]  0s
[  ]    215.6 MLBUps    248.81 GB/s [========            ]  1s
[  ]    215.7 MLBUps    248.87 GB/s [============        ]  2s
[  ]    215.4 MLBUps    248.59 GB/s [================    ]  3s
[  ]    ---- :    212.7 MLBUps    245.43 GB/s [====================]
[  ]    215.2 MLBUps    248.33 GB/s [====                ]  0s
[  ]    215.4 MLBUps    248.58 GB/s [========            ]  1s
[  ]    215.1 MLBUps    248.26 GB/s [============        ]  2s
[  ]    215.6 MLBUps    248.82 GB/s [================    ]  3s
[  ]    ---- :    212.9 MLBUps    245.63 GB/s [====================]
[  ]    215.7 MLBUps    248.87 GB/s [====                ]  0s
[  ]    215.3 MLBUps    248.51 GB/s [========            ]  1s
[  ]    215.7 MLBUps    248.88 GB/s [============        ]  2s
[  ]    215.0 MLBUps    248.07 GB/s [================    ]  3s
[  ]    ---- :    212.5 MLBUps    245.24 GB/s [====================]
[  ]    215.1 MLBUps    248.19 GB/s [====                ]  0s
[  ]    215.3 MLBUps    248.50 GB/s [========            ]  1s
[  ]    215.4 MLBUps    248.58 GB/s [============        ]  2s
[  ]    215.6 MLBUps    248.78 GB/s [================    ]  3s
[  ]    ---- :    212.6 MLBUps    245.33 GB/s [====================]
[  ]    215.5 MLBUps    248.64 GB/s [====                ]  0s
[  ]    215.7 MLBUps    248.97 GB/s [========            ]  1s
[  ]    216.4 MLBUps    249.68 GB/s [============        ]  2s
[  ]    216.3 MLBUps    249.64 GB/s [================    ]  3s
[  ]    ---- :    211.6 MLBUps    244.17 GB/s [====================]
[  ]    211.8 MLBUps    244.47 GB/s [====                ]  1s
[  ]    212.1 MLBUps    244.78 GB/s [=======             ]  2s
[  ]    211.5 MLBUps    244.10 GB/s [===========         ]  3s
[  ]    211.6 MLBUps    244.13 GB/s [===============     ]  4s
[  ]    211.3 MLBUps    243.88 GB/s [=================== ]  5s
[  ]    ---- :    176.4 MLBUps    203.61 GB/s [====================]
[  ]    211.5 MLBUps    244.02 GB/s [===                 ]  0s
[  ]    211.5 MLBUps    244.07 GB/s [=======             ]  1s
[  ]    211.7 MLBUps    244.28 GB/s [===========         ]  2s
[  ]    211.1 MLBUps    243.59 GB/s [===============     ]  3s
[  ]    211.1 MLBUps    243.64 GB/s [=================== ]  4s
[  ]    ---- :    189.5 MLBUps    218.67 GB/s [====================]
[  ]    211.7 MLBUps    244.28 GB/s [===                 ]  0s
[  ]    211.7 MLBUps    244.35 GB/s [=======             ]  1s
[  ]    211.6 MLBUps    244.21 GB/s [===========         ]  2s
[  ]    211.5 MLBUps    244.12 GB/s [===============     ]  3s
[  ]    211.5 MLBUps    244.09 GB/s [=================== ]  4s
[  ]    ---- :    188.9 MLBUps    217.98 GB/s [====================]
[  ]    211.3 MLBUps    243.79 GB/s [===                 ]  0s
[  ]    211.7 MLBUps    244.30 GB/s [=======             ]  1s
[  ]    212.2 MLBUps    244.90 GB/s [===========         ]  2s
[  ]    212.1 MLBUps    244.72 GB/s [===============     ]  3s
[  ]    211.9 MLBUps    244.48 GB/s [=================== ]  4s
[  ]    ---- :    185.2 MLBUps    213.69 GB/s [====================]
[  ]    213.3 MLBUps    246.19 GB/s [===                 ]  0s
[  ]    213.2 MLBUps    246.05 GB/s [=======             ]  1s
[  ]    213.5 MLBUps    246.38 GB/s [===========         ]  2s
[  ]    213.8 MLBUps    246.68 GB/s [===============     ]  3s
[  ]    214.3 MLBUps    247.32 GB/s [=================== ]  4s
[  ]    ---- :    178.1 MLBUps    205.54 GB/s [====================]
[  ]    214.0 MLBUps    246.94 GB/s [===                 ]  0s
[  ]    213.3 MLBUps    246.10 GB/s [=======             ]  2s
[  ]    213.8 MLBUps    246.67 GB/s [===========         ]  2s
[  ]    214.6 MLBUps    247.66 GB/s [===============     ]  3s
[  ]    213.4 MLBUps    246.26 GB/s [=================== ]  4s
[  ]    ---- :    152.4 MLBUps    175.92 GB/s [====================]
[  ]    213.8 MLBUps    246.77 GB/s [===                 ]  0s
[  ]    213.3 MLBUps    246.18 GB/s [=======             ]  1s
[  ]    213.2 MLBUps    246.09 GB/s [===========         ]  2s
[  ]    213.0 MLBUps    245.80 GB/s [===============     ]  3s
[  ]    213.5 MLBUps    246.38 GB/s [=================== ]  4s
[  ]    ---- :    170.9 MLBUps    197.19 GB/s [====================]
[  ]    213.3 MLBUps    246.14 GB/s [===                 ]  0s
[  ]    213.5 MLBUps    246.42 GB/s [=======             ]  1s
[  ]    213.7 MLBUps    246.64 GB/s [===========         ]  2s
[  ]    213.1 MLBUps    245.97 GB/s [===============     ]  3s
[  ]    212.9 MLBUps    245.67 GB/s [=================== ]  4s
[  ]    ---- :    171.1 MLBUps    197.50 GB/s [====================]
[  ]    ---- :   200000 it writing vtk
[  ]    ---- : Total duration: 1009.371866 s = 16.822864 min = 0.280381 h
