{
  "status": "runtime_sanity",
  "run_root": "/media/yuan/\u65b0\u52a0\u53771/RUNS/runs/stage8/stage8g_cap_contract_revision_diag_20260613/flat",
  "case_count": 1,
  "summaries": [
    {
      "status": "runtime_sanity",
      "case_id": "cap_theta030_wall015_stage8g_mode0",
      "case_dir": "/media/yuan/\u65b0\u52a0\u53771/RUNS/runs/stage8/stage8g_cap_contract_revision_diag_20260613/flat/cap_theta030_wall015_stage8g_mode0",
      "case_params": {
        "status": "runtime_sanity",
        "claim_limit": "runtime_sanity / exploratory_not_validation only",
        "case_id": "cap_theta030_wall015_stage8g_mode0",
        "remote_case": "/media/yuan/\u65b0\u52a0\u53771/RUNS/runs/stage8/stage8g_cap_contract_revision_diag_20260613/flat/cap_theta030_wall015_stage8g_mode0",
        "operator_mode": 1.0,
        "candidate_version": 8.5,
        "stage8g_mode": 0,
        "init_theta_deg": 30.0,
        "wall_angle_deg": 15.0,
        "steps": 1000,
        "vtk_expected_steps": [
          0,
          100,
          1000
        ],
        "vtk_what": "PhaseField,U,P,Rho,BOUNDARY,WallBCPath,WallStage8GradMode,WallStage8ActiveWeight,WallStage8NormalGradRaw,WallStage8NormalGradTarget,WallStage8ContactResidual,WallStage8TangentGradMag,WallStage8TargetCos,WallStage8GradWriteDeltaMag,WallStage8LimiterReason,WallStage8LocalWallAngle,WallStage8LocalWallNormal,WallStage8FluidWallAngle,WallStage8FluidWallNormal,WallStage8FluidWallDataCount,WallStage8GradCandidate,WallStage8GradCandidateUse,WallStage8NormalAgreement,WallStage8UsedGeomNormal,WallStage8TanCoeffLocal,WallStage8ThetaLocal,WallStage8PhaseC,WallStage8GradMagRaw,WallStage8TangentGradRaw,WallStage8TargetNormalGrad,WallStage8NormalDeltaRaw,WallStage8NormalDeltaLimited,WallStage8VectorDeltaRawMag,WallStage8VectorDeltaLimitedMag,WallStage8NormalLimiterHit,WallStage8VectorLimiterHit,WallStage8LimiterRatio,WallStage8RegionTag,WallStage8SphereRadialDot,WallStage8ContactBandTag,WallStage8eDnRaw,WallStage8eDnTry,WallStage8eDnLimited,WallStage8eAbsCap,WallStage8eRatioCap,WallStage8eEffectiveCap,WallStage8eCapSource,WallStage8eCapDemandRatio,WallStage8eNormalRawAbs,WallStage8eTargetNormalAbs,WallStage8eTargetMinusRawAbs,WallStage8eSmoothWeightC,WallStage8eSmoothWeightG,WallStage8eSmoothWeightT,WallStage8eSmoothWeightTotal,WallStage8eTanCoeffTimesTangent,WallStage8eLimiterClass,WallStage8eWallProfileConflict,WallStage8gMode,WallStage8gScaleRawNormal,WallStage8gScaleTarget,WallStage8gScaleTangent,WallStage8gScaleFloor,WallStage8gEffectiveScale,WallStage8gTanRaw,WallStage8gTanEff,WallStage8gRegularizationRatio,WallStage8gCapSource,WallStage8gCapDemandRatio,WallStage8gProfileTargetMismatch,WallStage8gProfileConflictSign,WallStage8gWriteAllowedFlag"
      },
      "frame_count": 3,
      "last": {
        "status": "runtime_sanity",
        "case_id": "cap_theta030_wall015_stage8g_mode0",
        "step": 1000,
        "file": "/media/yuan/\u65b0\u52a0\u53771/RUNS/runs/stage8/stage8g_cap_contract_revision_diag_20260613/flat/cap_theta030_wall015_stage8g_mode0/output/case_VTK_P00_00001000.vti",
        "dims": [
          128,
          96,
          128
        ],
        "case_params": {
          "status": "runtime_sanity",
          "claim_limit": "runtime_sanity / exploratory_not_validation only",
          "case_id": "cap_theta030_wall015_stage8g_mode0",
          "remote_case": "/media/yuan/\u65b0\u52a0\u53771/RUNS/runs/stage8/stage8g_cap_contract_revision_diag_20260613/flat/cap_theta030_wall015_stage8g_mode0",
          "operator_mode": 1.0,
          "candidate_version": 8.5,
          "stage8g_mode": 0,
          "init_theta_deg": 30.0,
          "wall_angle_deg": 15.0,
          "steps": 1000,
          "vtk_expected_steps": [
            0,
            100,
            1000
          ],
          "vtk_what": "PhaseField,U,P,Rho,BOUNDARY,WallBCPath,WallStage8GradMode,WallStage8ActiveWeight,WallStage8NormalGradRaw,WallStage8NormalGradTarget,WallStage8ContactResidual,WallStage8TangentGradMag,WallStage8TargetCos,WallStage8GradWriteDeltaMag,WallStage8LimiterReason,WallStage8LocalWallAngle,WallStage8LocalWallNormal,WallStage8FluidWallAngle,WallStage8FluidWallNormal,WallStage8FluidWallDataCount,WallStage8GradCandidate,WallStage8GradCandidateUse,WallStage8NormalAgreement,WallStage8UsedGeomNormal,WallStage8TanCoeffLocal,WallStage8ThetaLocal,WallStage8PhaseC,WallStage8GradMagRaw,WallStage8TangentGradRaw,WallStage8TargetNormalGrad,WallStage8NormalDeltaRaw,WallStage8NormalDeltaLimited,WallStage8VectorDeltaRawMag,WallStage8VectorDeltaLimitedMag,WallStage8NormalLimiterHit,WallStage8VectorLimiterHit,WallStage8LimiterRatio,WallStage8RegionTag,WallStage8SphereRadialDot,WallStage8ContactBandTag,WallStage8eDnRaw,WallStage8eDnTry,WallStage8eDnLimited,WallStage8eAbsCap,WallStage8eRatioCap,WallStage8eEffectiveCap,WallStage8eCapSource,WallStage8eCapDemandRatio,WallStage8eNormalRawAbs,WallStage8eTargetNormalAbs,WallStage8eTargetMinusRawAbs,WallStage8eSmoothWeightC,WallStage8eSmoothWeightG,WallStage8eSmoothWeightT,WallStage8eSmoothWeightTotal,WallStage8eTanCoeffTimesTangent,WallStage8eLimiterClass,WallStage8eWallProfileConflict,WallStage8gMode,WallStage8gScaleRawNormal,WallStage8gScaleTarget,WallStage8gScaleTangent,WallStage8gScaleFloor,WallStage8gEffectiveScale,WallStage8gTanRaw,WallStage8gTanEff,WallStage8gRegularizationRatio,WallStage8gCapSource,WallStage8gCapDemandRatio,WallStage8gProfileTargetMismatch,WallStage8gProfileConflictSign,WallStage8gWriteAllowedFlag"
        },
        "cell_count": 1572864,
        "wall_count": 80520,
        "fluid_count": 1492344,
        "lower_wall_count": 16384,
        "nonfinite_total": 0,
        "angle_apparent_deg": 29.477180399852635,
        "angle_error_vs_init_deg": -0.5228196001473648,
        "angle_error_vs_wall_rad_deg": NaN,
        "fit_point_count": 130,
        "fit_circle": [
          -88.9454975280118,
          63.50000000000002,
          102.17140765776513
        ],
        "wall_bc_path_counts": {
          "2": 64136,
          "5": 16384
        },
        "field_stats": {
          "PhaseField": {
            "all": {
              "count": 1572864,
              "nonfinite": 0,
              "min": 6.206057073299259e-15,
              "mean": 0.03854801697451563,
              "p01": 7.928526157957082e-14,
              "p05": 5.156099802927041e-13,
              "p50": 2.979758317167451e-09,
              "p99": 0.9870220866716055,
              "max": 0.9998799707356169,
              "sum": 60630.78817060455,
              "nonzero_count": 1572864,
              "positive_count": 1572864,
              "negative_count": 0
            },
            "fluid": {
              "count": 1492344,
              "nonfinite": 0,
              "min": 6.206057073299259e-15,
              "mean": 0.03518842581500756,
              "p01": 1.0300139779593435e-13,
              "p05": 6.659061014297459e-13,
              "p50": 3.0530438656011434e-09,
              "p99": 0.977844603526688,
              "max": 0.999766003296022,
              "sum": 52513.23613447164,
              "nonzero_count": 1492344,
              "positive_count": 1492344,
              "negative_count": 0
            },
            "wall": {
              "count": 80520,
              "nonfinite": 0,
              "min": 6.206057073299259e-15,
              "mean": 0.10081410874481983,
              "p01": 1.5460982684103602e-14,
              "p05": 6.916848414860702e-14,
              "p50": 1.3267731499106985e-09,
              "p99": 0.99968320234551,
              "max": 0.9998799707356169,
              "sum": 8117.552036132893,
              "nonzero_count": 80520,
              "positive_count": 80520,
              "negative_count": 0
            },
            "lower_wall": {
              "count": 16384,
              "nonfinite": 0,
              "min": 1.4545882014970335e-06,
              "mean": 0.495149010770221,
              "p01": 5.9656121339970035e-06,
              "p05": 0.00011823601635606903,
              "p50": 0.46432038886376426,
              "p99": 0.9998526391912657,
              "max": 0.9998799707356169,
              "sum": 8112.521392459301,
              "nonzero_count": 16384,
              "positive_count": 16384,
              "negative_count": 0
            }
          },
          "Rho": {
            "all": {
              "count": 1572864,
              "nonfinite": 0,
              "min": 0.0,
              "mean": 0.03430243612819494,
              "p01": 0.0,
              "p05": 0.0,
              "p50": 0.001000002240059418,
              "p99": 0.9750793557515657,
              "max": 0.9997662372927261,
              "sum": 53953.06689833721,
              "nonzero_count": 1492344,
              "positive_count": 1492344,
              "negative_count": 0
            },
            "fluid": {
              "count": 1492344,
              "nonfinite": 0,
              "min": 0.0010000000000062,
              "mean": 0.03615323738919257,
              "p01": 0.0010000000001028984,
              "p05": 0.0010000000006652402,
              "p50": 0.0010000030499908216,
              "p99": 0.9778667589231614,
              "max": 0.9997662372927261,
              "sum": 53953.0668983372,
              "nonzero_count": 1492344,
              "positive_count": 1492344,
              "negative_count": 0
            },
            "wall": {
              "count": 80520,
              "nonfinite": 0,
              "min": 0.0,
              "mean": 0.0,
              "p01": 0.0,
              "p05": 0.0,
              "p50": 0.0,
              "p99": 0.0,
              "max": 0.0,
              "sum": 0.0,
              "nonzero_count": 0,
              "positive_count": 0,
              "negative_count": 0
            },
            "lower_wall": {
              "count": 16384,
              "nonfinite": 0,
              "min": 0.0,
              "mean": 0.0,
              "p01": 0.0,
              "p05": 0.0,
              "p50": 0.0,
              "p99": 0.0,
              "max": 0.0,
              "sum": 0.0,
              "nonzero_count": 0,
              "positive_count": 0,
              "negative_count": 0
            }
          },
          "WallStage8GradMode": {
            "all": {
              "count": 1572864,
              "nonfinite": 0,
              "min": 1.0,
              "mean": 1.0,
              "p01": 1.0,
              "p05": 1.0,
              "p50": 1.0,
              "p99": 1.0,
              "max": 1.0,
              "sum": 1572864.0,
              "nonzero_count": 1572864,
              "positive_count": 1572864,
              "negative_count": 0
            },
            "fluid": {
              "count": 1492344,
              "nonfinite": 0,
              "min": 1.0,
              "mean": 1.0,
              "p01": 1.0,
              "p05": 1.0,
              "p50": 1.0,
              "p99": 1.0,
              "max": 1.0,
              "sum": 1492344.0,
              "nonzero_count": 1492344,
              "positive_count": 1492344,
              "negative_count": 0
            },
            "wall": {
              "count": 80520,
              "nonfinite": 0,
              "min": 1.0,
              "mean": 1.0,
              "p01": 1.0,
              "p05": 1.0,
              "p50": 1.0,
              "p99": 1.0,
              "max": 1.0,
              "sum": 80520.0,
              "nonzero_count": 80520,
              "positive_count": 80520,
              "negative_count": 0
            },
            "lower_wall": {
              "count": 16384,
              "nonfinite": 0,
              "min": 1.0,
              "mean": 1.0,
              "p01": 1.0,
              "p05": 1.0,
              "p50": 1.0,
              "p99": 1.0,
              "max": 1.0,
              "sum": 16384.0,
              "nonzero_count": 16384,
              "positive_count": 16384,
              "negative_count": 0
            }
          },
          "WallStage8ActiveWeight": {
            "all": {
              "count": 1572864,
              "nonfinite": 0,
              "min": 0.0,
              "mean": 0.003944469970117875,
              "p01": 0.0,
              "p05": 0.0,
              "p50": 0.0,
              "p99": 0.0,
              "max": 1.0,
              "sum": 6204.114815079481,
              "nonzero_count": 7856,
              "positive_count": 7856,
              "negative_count": 0
            },
            "fluid": {
              "count": 1492344,
              "nonfinite": 0,
              "min": 0.0,
              "mean": 0.004157295379000739,
              "p01": 0.0,
              "p05": 0.0,
              "p50": 0.0,
              "p99": 0.0,
              "max": 1.0,
              "sum": 6204.114815079479,
              "nonzero_count": 7856,
              "positive_count": 7856,
              "negative_count": 0
            },
            "wall": {
              "count": 80520,
              "nonfinite": 0,
              "min": 0.0,
              "mean": 0.0,
              "p01": 0.0,
              "p05": 0.0,
              "p50": 0.0,
              "p99": 0.0,
              "max": 0.0,
              "sum": 0.0,
              "nonzero_count": 0,
              "positive_count": 0,
              "negative_count": 0
            },
            "lower_wall": {
              "count": 16384,
              "nonfinite": 0,
              "min": 0.0,
              "mean": 0.0,
              "p01": 0.0,
              "p05": 0.0,
              "p50": 0.0,
              "p99": 0.0,
              "max": 0.0,
              "sum": 0.0,
              "nonzero_count": 0,
              "positive_count": 0,
              "negative_count": 0
            }
          },
          "WallStage8NormalGradRaw": {
            "all": {
              "count": 1572864,
              "nonfinite": 0,
              "min": -0.15339290507033382,
              "mean": -0.00038272766192197944,
              "p01": -2.0682485668072268e-06,
              "p05": 0.0,
              "p50": 0.0,
              "p99": 2.11135134085444e-11,
              "max": 0.0003065721831298973,
              "sum": -601.9785612412522,
              "nonzero_count": 77752,
              "positive_count": 61104,
              "negative_count": 16648
            },
            "fluid": {
              "count": 1492344,
              "nonfinite": 0,
              "min": -0.15339290507033382,
              "mean": -0.00040337788153485587,
              "p01": -7.417119497913296e-05,
              "p05": 0.0,
              "p50": 0.0,
              "p99": 2.1692138904393998e-11,
              "max": 0.0003065721831298973,
              "sum": -601.9785612412529,
              "nonzero_count": 77752,
              "positive_count": 61104,
              "negative_count": 16648
            },
            "wall": {
              "count": 80520,
              "nonfinite": 0,
              "min": 0.0,
              "mean": 0.0,
              "p01": 0.0,
              "p05": 0.0,
              "p50": 0.0,
              "p99": 0.0,
              "max": 0.0,
              "sum": 0.0,
              "nonzero_count": 0,
              "positive_count": 0,
              "negative_count": 0
            },
            "lower_wall": {
              "count": 16384,
              "nonfinite": 0,
              "min": 0.0,
              "mean": 0.0,
              "p01": 0.0,
              "p05": 0.0,
              "p50": 0.0,
              "p99": 0.0,
              "max": 0.0,
              "sum": 0.0,
              "nonzero_count": 0,
              "positive_count": 0,
              "negative_count": 0
            }
          },
          "WallStage8NormalGradTarget": {
            "all": {
              "count": 1572864,
              "nonfinite": 0,
              "min": -0.2769807119136576,
              "mean": -0.0007142155131352259,
              "p01": -4.236032144391189e-06,
              "p05": 0.0,
              "p50": 0.0,
              "p99": 9.992500313419132e-19,
              "max": 1.2603881405224576e-11,
              "sum": -1123.3638688519238,
              "nonzero_count": 77752,
              "positive_count": 61876,
              "negative_count": 15876
            },
            "fluid": {
              "count": 1492344,
              "nonfinite": 0,
              "min": -0.2769807119136576,
              "mean": -0.0007527512884776726,
              "p01": -7.875296563395194e-05,
              "p05": 0.0,
              "p50": 0.0,
              "p99": 1.0628115970368921e-18,
              "max": 1.2603881405224576e-11,
              "sum": -1123.3638688519238,
              "nonzero_count": 77752,
              "positive_count": 61876,
              "negative_count": 15876
            },
            "wall": {
              "count": 80520,
              "nonfinite": 0,
              "min": 0.0,
              "mean": 0.0,
              "p01": 0.0,
              "p05": 0.0,
              "p50": 0.0,
              "p99": 0.0,
              "max": 0.0,
              "sum": 0.0,
              "nonzero_count": 0,
              "positive_count": 0,
              "negative_count": 0
            },
            "lower_wall": {
              "count": 16384,
              "nonfinite": 0,
              "min": 0.0,
              "mean": 0.0,
              "p01": 0.0,
              "p05": 0.0,
              "p50": 0.0,
              "p99": 0.0,
              "max": 0.0,
              "sum": 0.0,
              "nonzero_count": 0,
              "positive_count": 0,
              "negative_count": 0
            }
          },
          "WallStage8ContactResidual": {
            "all": {
              "count": 1572864,
              "nonfinite": 0,
              "min": -0.03401446113551487,
              "mean": 0.0017601140732610733,
              "p01": 0.0,
              "p05": 0.0,
              "p50": 0.0,
              "p99": 0.0664701461578887,
              "max": 0.3547104923635496,
              "sum": 2768.4200617257047,
              "nonzero_count": 23744,
              "positive_count": 22552,
              "negative_count": 1192
            },
            "fluid": {
              "count": 1492344,
              "nonfinite": 0,
              "min": -0.03401446113551487,
              "mean": 0.0018550817115395002,
              "p01": 0.0,
              "p05": 0.0,
              "p50": 0.0,
              "p99": 0.06725133231059773,
              "max": 0.3547104923635496,
              "sum": 2768.420061725704,
              "nonzero_count": 23744,
              "positive_count": 22552,
              "negative_count": 1192
            },
            "wall": {
              "count": 80520,
              "nonfinite": 0,
              "min": 0.0,
              "mean": 0.0,
              "p01": 0.0,
              "p05": 0.0,
              "p50": 0.0,
              "p99": 0.0,
              "max": 0.0,
              "sum": 0.0,
              "nonzero_count": 0,
              "positive_count": 0,
              "negative_count": 0
            },
            "lower_wall": {
              "count": 16384,
              "nonfinite": 0,
              "min": 0.0,
              "mean": 0.0,
              "p01": 0.0,
              "p05": 0.0,
              "p50": 0.0,
              "p99": 0.0,
              "max": 0.0,
              "sum": 0.0,
              "nonzero_count": 0,
              "positive_count": 0,
              "negative_count": 0
            }
          },
          "WallStage8TangentGradMag": {
            "all": {
              "count": 1572864,
              "nonfinite": 0,
              "min": 0.0,
              "mean": 0.00019309647116580702,
              "p01": 0.0,
              "p05": 0.0,
              "p50": 0.0,
              "p99": 6.736644418256442e-05,
              "max": 0.07421675860910756,
              "sum": 303.7144880237359,
              "nonzero_count": 77752,
              "positive_count": 77752,
              "negative_count": 0
            },
            "fluid": {
              "count": 1492344,
              "nonfinite": 0,
              "min": 0.0,
              "mean": 0.00020351506624728362,
              "p01": 0.0,
              "p05": 0.0,
              "p50": 0.0,
              "p99": 0.0001171131785055747,
              "max": 0.07421675860910756,
              "sum": 303.71448802373624,
              "nonzero_count": 77752,
              "positive_count": 77752,
              "negative_count": 0
            },
            "wall": {
              "count": 80520,
              "nonfinite": 0,
              "min": 0.0,
              "mean": 0.0,
              "p01": 0.0,
              "p05": 0.0,
              "p50": 0.0,
              "p99": 0.0,
              "max": 0.0,
              "sum": 0.0,
              "nonzero_count": 0,
              "positive_count": 0,
              "negative_count": 0
            },
            "lower_wall": {
              "count": 16384,
              "nonfinite": 0,
              "min": 0.0,
              "mean": 0.0,
              "p01": 0.0,
              "p05": 0.0,
              "p50": 0.0,
              "p99": 0.0,
              "max": 0.0,
              "sum": 0.0,
              "nonzero_count": 0,
              "positive_count": 0,
              "negative_count": 0
            }
          },
          "WallStage8TargetCos": {
            "all": {
              "count": 1572864,
              "nonfinite": 0,
              "min": -0.9659258262890683,
              "mean": -0.009663996756540323,
              "p01": -0.6972191520119958,
              "p05": 0.0,
              "p50": 0.0,
              "p99": 1.6081226496766366e-16,
              "max": 3.8285686989269494e-16,
              "sum": -15200.152594479037,
              "nonzero_count": 77752,
              "positive_count": 61874,
              "negative_count": 15878
            },
            "fluid": {
              "count": 1492344,
              "nonfinite": 0,
              "min": -0.9659258262890683,
              "mean": -0.010185421454087684,
              "p01": -0.9659258262890683,
              "p05": 0.0,
              "p50": 0.0,
              "p99": 1.6081226496766366e-16,
              "max": 3.8285686989269494e-16,
              "sum": -15200.15259447903,
              "nonzero_count": 77752,
              "positive_count": 61874,
              "negative_count": 15878
            },
            "wall": {
              "count": 80520,
              "nonfinite": 0,
              "min": 0.0,
              "mean": 0.0,
              "p01": 0.0,
              "p05": 0.0,
              "p50": 0.0,
              "p99": 0.0,
              "max": 0.0,
              "sum": 0.0,
              "nonzero_count": 0,
              "positive_count": 0,
              "negative_count": 0
            },
            "lower_wall": {
              "count": 16384,
              "nonfinite": 0,
              "min": 0.0,
              "mean": 0.0,
              "p01": 0.0,
              "p05": 0.0,
              "p50": 0.0,
              "p99": 0.0,
              "max": 0.0,
              "sum": 0.0,
              "nonzero_count": 0,
              "positive_count": 0,
              "negative_count": 0
            }
          },
          "WallStage8GradWriteDeltaMag": {
            "all": {
              "count": 1572864,
              "nonfinite": 0,
              "min": 0.0,
              "mean": 0.00015049016243567527,
              "p01": 0.0,
              "p05": 0.0,
              "p50": 0.0,
              "p99": 0.0,
              "max": 0.05,
              "sum": 236.70055884922596,
              "nonzero_count": 7856,
              "positive_count": 7856,
              "negative_count": 0
            },
            "fluid": {
              "count": 1492344,
              "nonfinite": 0,
              "min": 0.0,
              "mean": 0.00015860991758550705,
              "p01": 0.0,
              "p05": 0.0,
              "p50": 0.0,
              "p99": 0.0,
              "max": 0.05,
              "sum": 236.70055884922593,
              "nonzero_count": 7856,
              "positive_count": 7856,
              "negative_count": 0
            },
            "wall": {
              "count": 80520,
              "nonfinite": 0,
              "min": 0.0,
              "mean": 0.0,
              "p01": 0.0,
              "p05": 0.0,
              "p50": 0.0,
              "p99": 0.0,
              "max": 0.0,
              "sum": 0.0,
              "nonzero_count": 0,
              "positive_count": 0,
              "negative_count": 0
            },
            "lower_wall": {
              "count": 16384,
              "nonfinite": 0,
              "min": 0.0,
              "mean": 0.0,
              "p01": 0.0,
              "p05": 0.0,
              "p50": 0.0,
              "p99": 0.0,
              "max": 0.0,
              "sum": 0.0,
              "nonzero_count": 0,
              "positive_count": 0,
              "negative_count": 0
            }
          },
          "WallStage8LimiterReason": {
            "all": {
              "count": 1572864,
              "nonfinite": 0,
              "min": 0.0,
              "mean": 3.3694915771484375,
              "p01": 1.0,
              "p05": 1.0,
              "p50": 2.0,
              "p99": 28.0,
              "max": 128.0,
              "sum": 5299752.0,
              "nonzero_count": 1571144,
              "positive_count": 1571144,
              "negative_count": 0
            },
            "fluid": {
              "count": 1492344,
              "nonfinite": 0,
              "min": 0.0,
              "mean": 3.497338415271546,
              "p01": 2.0,
              "p05": 2.0,
              "p50": 2.0,
              "p99": 28.0,
              "max": 128.0,
              "sum": 5219232.0,
              "nonzero_count": 1490624,
              "positive_count": 1490624,
              "negative_count": 0
            },
            "wall": {
              "count": 80520,
              "nonfinite": 0,
              "min": 1.0,
              "mean": 1.0,
              "p01": 1.0,
              "p05": 1.0,
              "p50": 1.0,
              "p99": 1.0,
              "max": 1.0,
              "sum": 80520.0,
              "nonzero_count": 80520,
              "positive_count": 80520,
              "negative_count": 0
            },
            "lower_wall": {
              "count": 16384,
              "nonfinite": 0,
              "min": 1.0,
              "mean": 1.0,
              "p01": 1.0,
              "p05": 1.0,
              "p50": 1.0,
              "p99": 1.0,
              "max": 1.0,
              "sum": 16384.0,
              "nonzero_count": 16384,
              "positive_count": 16384,
              "negative_count": 0
            }
          },
          "WallStage8LocalWallAngle": {
            "all": {
              "count": 1572864,
              "nonfinite": 0,
              "min": 0.0,
              "mean": 0.06677876433373697,
              "p01": 0.0,
              "p05": 0.0,
              "p50": 0.0,
              "p99": 1.5707963267948966,
              "max": 1.5707963267948966,
              "sum": 105033.91438501887,
              "nonzero_count": 80520,
              "positive_count": 80520,
              "negative_count": 0
            },
            "fluid": {
              "count": 1492344,
              "nonfinite": 0,
              "min": 0.0,
              "mean": 0.0,
              "p01": 0.0,
              "p05": 0.0,
              "p50": 0.0,
              "p99": 0.0,
              "max": 0.0,
              "sum": 0.0,
              "nonzero_count": 0,
              "positive_count": 0,
              "negative_count": 0
            },
            "wall": {
              "count": 80520,
              "nonfinite": 0,
              "min": 0.2617993877991494,
              "mean": 1.3044450370717682,
              "p01": 0.2617993877991494,
              "p05": 0.2617993877991494,
              "p50": 1.5707963267948966,
              "p99": 1.5707963267948966,
              "max": 1.5707963267948966,
              "sum": 105033.91438501877,
              "nonzero_count": 80520,
              "positive_count": 80520,
              "negative_count": 0
            },
            "lower_wall": {
              "count": 16384,
              "nonfinite": 0,
              "min": 0.2617993877991494,
              "mean": 0.26179938779914946,
              "p01": 0.2617993877991494,
              "p05": 0.2617993877991494,
              "p50": 0.2617993877991494,
              "p99": 0.2617993877991494,
              "max": 0.2617993877991494,
              "sum": 4289.321169701265,
              "nonzero_count": 16384,
              "positive_count": 16384,
              "negative_count": 0
            }
          },
          "WallStage8FluidWallAngle": {
            "all": {
              "count": 1572864,
              "nonfinite": 0,
              "min": 0.0,
              "mean": 0.06460848000160804,
              "p01": 0.0,
              "p05": 0.0,
              "p50": 0.0,
              "p99": 1.5707963267948968,
              "max": 1.570796326794897,
              "sum": 101620.35228924923,
              "nonzero_count": 77752,
              "positive_count": 77752,
              "negative_count": 0
            },
            "fluid": {
              "count": 1492344,
              "nonfinite": 0,
              "min": 0.0,
              "mean": 0.06809445562768998,
              "p01": 0.0,
              "p05": 0.0,
              "p50": 0.0,
              "p99": 1.5707963267948968,
              "max": 1.570796326794897,
              "sum": 101620.35228924938,
              "nonzero_count": 77752,
              "positive_count": 77752,
              "negative_count": 0
            },
            "wall": {
              "count": 80520,
              "nonfinite": 0,
              "min": 0.0,
              "mean": 0.0,
              "p01": 0.0,
              "p05": 0.0,
              "p50": 0.0,
              "p99": 0.0,
              "max": 0.0,
              "sum": 0.0,
              "nonzero_count": 0,
              "positive_count": 0,
              "negative_count": 0
            },
            "lower_wall": {
              "count": 16384,
              "nonfinite": 0,
              "min": 0.0,
              "mean": 0.0,
              "p01": 0.0,
              "p05": 0.0,
              "p50": 0.0,
              "p99": 0.0,
              "max": 0.0,
              "sum": 0.0,
              "nonzero_count": 0,
              "positive_count": 0,
              "negative_count": 0
            }
          },
          "WallStage8FluidWallDataCount": {
            "all": {
              "count": 1572864,
              "nonfinite": 0,
              "min": 0.0,
              "mean": 0.4501393636067708,
              "p01": 0.0,
              "p05": 0.0,
              "p50": 0.0,
              "p99": 9.0,
              "max": 19.0,
              "sum": 708008.0,
              "nonzero_count": 77752,
              "positive_count": 77752,
              "negative_count": 0
            },
            "fluid": {
              "count": 1492344,
              "nonfinite": 0,
              "min": 0.0,
              "mean": 0.47442680776014107,
              "p01": 0.0,
              "p05": 0.0,
              "p50": 0.0,
              "p99": 9.0,
              "max": 19.0,
              "sum": 708008.0,
              "nonzero_count": 77752,
              "positive_count": 77752,
              "negative_count": 0
            },
            "wall": {
              "count": 80520,
              "nonfinite": 0,
              "min": 0.0,
              "mean": 0.0,
              "p01": 0.0,
              "p05": 0.0,
              "p50": 0.0,
              "p99": 0.0,
              "max": 0.0,
              "sum": 0.0,
              "nonzero_count": 0,
              "positive_count": 0,
              "negative_count": 0
            },
            "lower_wall": {
              "count": 16384,
              "nonfinite": 0,
              "min": 0.0,
              "mean": 0.0,
              "p01": 0.0,
              "p05": 0.0,
              "p50": 0.0,
              "p99": 0.0,
              "max": 0.0,
              "sum": 0.0,
              "nonzero_count": 0,
              "positive_count": 0,
              "negative_count": 0
            }
          },
          "WallStage8GradCandidateUse": {
            "all": {
              "count": 1572864,
              "nonfinite": 0,
              "min": 0.0,
              "mean": 0.004994710286458333,
              "p01": 0.0,
              "p05": 0.0,
              "p50": 0.0,
              "p99": 0.0,
              "max": 1.0,
              "sum": 7856.0,
              "nonzero_count": 7856,
              "positive_count": 7856,
              "negative_count": 0
            },
            "fluid": {
              "count": 1492344,
              "nonfinite": 0,
              "min": 0.0,
              "mean": 0.0052642018194196515,
              "p01": 0.0,
              "p05": 0.0,
              "p50": 0.0,
              "p99": 0.0,
              "max": 1.0,
              "sum": 7856.0,
              "nonzero_count": 7856,
              "positive_count": 7856,
              "negative_count": 0
            },
            "wall": {
              "count": 80520,
              "nonfinite": 0,
              "min": 0.0,
              "mean": 0.0,
              "p01": 0.0,
              "p05": 0.0,
              "p50": 0.0,
              "p99": 0.0,
              "max": 0.0,
              "sum": 0.0,
              "nonzero_count": 0,
              "positive_count": 0,
              "negative_count": 0
            },
            "lower_wall": {
              "count": 16384,
              "nonfinite": 0,
              "min": 0.0,
              "mean": 0.0,
              "p01": 0.0,
              "p05": 0.0,
              "p50": 0.0,
              "p99": 0.0,
              "max": 0.0,
              "sum": 0.0,
              "nonzero_count": 0,
              "positive_count": 0,
              "negative_count": 0
            }
          },
          "WallStage8NormalAgreement": {
            "all": {
              "count": 1572864,
              "nonfinite": 0,
              "min": 0.0,
              "mean": 0.049433390299479164,
              "p01": 0.0,
              "p05": 0.0,
              "p50": 0.0,
              "p99": 1.0,
              "max": 1.0000000000000002,
              "sum": 77752.0,
              "nonzero_count": 77752,
              "positive_count": 77752,
              "negative_count": 0
            },
            "fluid": {
              "count": 1492344,
              "nonfinite": 0,
              "min": 0.0,
              "mean": 0.05210058806816659,
              "p01": 0.0,
              "p05": 0.0,
              "p50": 0.0,
              "p99": 1.0,
              "max": 1.0000000000000002,
              "sum": 77752.0,
              "nonzero_count": 77752,
              "positive_count": 77752,
              "negative_count": 0
            },
            "wall": {
              "count": 80520,
              "nonfinite": 0,
              "min": 0.0,
              "mean": 0.0,
              "p01": 0.0,
              "p05": 0.0,
              "p50": 0.0,
              "p99": 0.0,
              "max": 0.0,
              "sum": 0.0,
              "nonzero_count": 0,
              "positive_count": 0,
              "negative_count": 0
            },
            "lower_wall": {
              "count": 16384,
              "nonfinite": 0,
              "min": 0.0,
              "mean": 0.0,
              "p01": 0.0,
              "p05": 0.0,
              "p50": 0.0,
              "p99": 0.0,
              "max": 0.0,
              "sum": 0.0,
              "nonzero_count": 0,
              "positive_count": 0,
              "negative_count": 0
            }
          },
          "WallStage8UsedGeomNormal": {
            "all": {
              "count": 1572864,
              "nonfinite": 0,
              "min": 0.0,
              "mean": 0.049433390299479164,
              "p01": 0.0,
              "p05": 0.0,
              "p50": 0.0,
              "p99": 1.0,
              "max": 1.0,
              "sum": 77752.0,
              "nonzero_count": 77752,
              "positive_count": 77752,
              "negative_count": 0
            },
            "fluid": {
              "count": 1492344,
              "nonfinite": 0,
              "min": 0.0,
              "mean": 0.05210058806816659,
              "p01": 0.0,
              "p05": 0.0,
              "p50": 0.0,
              "p99": 1.0,
              "max": 1.0,
              "sum": 77752.0,
              "nonzero_count": 77752,
              "positive_count": 77752,
              "negative_count": 0
            },
            "wall": {
              "count": 80520,
              "nonfinite": 0,
              "min": 0.0,
              "mean": 0.0,
              "p01": 0.0,
              "p05": 0.0,
              "p50": 0.0,
              "p99": 0.0,
              "max": 0.0,
              "sum": 0.0,
              "nonzero_count": 0,
              "positive_count": 0,
              "negative_count": 0
            },
            "lower_wall": {
              "count": 16384,
              "nonfinite": 0,
              "min": 0.0,
              "mean": 0.0,
              "p01": 0.0,
              "p05": 0.0,
              "p50": 0.0,
              "p99": 0.0,
              "max": 0.0,
              "sum": 0.0,
              "nonzero_count": 0,
              "positive_count": 0,
              "negative_count": 0
            }
          },
          "WallStage8TanCoeffLocal": {
            "all": {
              "count": 1572864,
              "nonfinite": 0,
              "min": -1.7948968977776758e-09,
              "mean": 0.036792219196282956,
              "p01": -1.7948966757330709e-09,
              "p05": 0.0,
              "p50": 0.0,
              "p99": 0.9726042082447947,
              "max": 3.732050780774299,
              "sum": 57869.15705394239,
              "nonzero_count": 77752,
              "positive_count": 15876,
              "negative_count": 61876
            },
            "fluid": {
              "count": 1492344,
              "nonfinite": 0,
              "min": -1.7948968977776758e-09,
              "mean": 0.038777357669506664,
              "p01": -1.7948966757330709e-09,
              "p05": 0.0,
              "p50": 0.0,
              "p99": 3.732050780774299,
              "max": 3.732050780774299,
              "sum": 57869.157053942254,
              "nonzero_count": 77752,
              "positive_count": 15876,
              "negative_count": 61876
            },
            "wall": {
              "count": 80520,
              "nonfinite": 0,
              "min": 0.0,
              "mean": 0.0,
              "p01": 0.0,
              "p05": 0.0,
              "p50": 0.0,
              "p99": 0.0,
              "max": 0.0,
              "sum": 0.0,
              "nonzero_count": 0,
              "positive_count": 0,
              "negative_count": 0
            },
            "lower_wall": {
              "count": 16384,
              "nonfinite": 0,
              "min": 0.0,
              "mean": 0.0,
              "p01": 0.0,
              "p05": 0.0,
              "p50": 0.0,
              "p99": 0.0,
              "max": 0.0,
              "sum": 0.0,
              "nonzero_count": 0,
              "positive_count": 0,
              "negative_count": 0
            }
          },
          "WallStage8ThetaLocal": {
            "all": {
              "count": 1572864,
              "nonfinite": 0,
              "min": 0.0,
              "mean": 0.06460848000160804,
              "p01": 0.0,
              "p05": 0.0,
              "p50": 0.0,
              "p99": 1.5707963267948968,
              "max": 1.570796326794897,
              "sum": 101620.35228924923,
              "nonzero_count": 77752,
              "positive_count": 77752,
              "negative_count": 0
            },
            "fluid": {
              "count": 1492344,
              "nonfinite": 0,
              "min": 0.0,
              "mean": 0.06809445562768998,
              "p01": 0.0,
              "p05": 0.0,
              "p50": 0.0,
              "p99": 1.5707963267948968,
              "max": 1.570796326794897,
              "sum": 101620.35228924938,
              "nonzero_count": 77752,
              "positive_count": 77752,
              "negative_count": 0
            },
            "wall": {
              "count": 80520,
              "nonfinite": 0,
              "min": 0.0,
              "mean": 0.0,
              "p01": 0.0,
              "p05": 0.0,
              "p50": 0.0,
              "p99": 0.0,
              "max": 0.0,
              "sum": 0.0,
              "nonzero_count": 0,
              "positive_count": 0,
              "negative_count": 0
            },
            "lower_wall": {
              "count": 16384,
              "nonfinite": 0,
              "min": 0.0,
              "mean": 0.0,
              "p01": 0.0,
              "p05": 0.0,
              "p50": 0.0,
              "p99": 0.0,
              "max": 0.0,
              "sum": 0.0,
              "nonzero_count": 0,
              "positive_count": 0,
              "negative_count": 0
            }
          },
          "WallStage8PhaseC": {
            "all": {
              "count": 1572864,
              "nonfinite": 0,
              "min": 0.0,
              "mean": 0.00473026307592414,
              "p01": 0.0,
              "p05": 0.0,
              "p50": 0.0,
              "p99": 0.00029706094977534564,
              "max": 0.999766003296022,
              "sum": 7440.060502650347,
              "nonzero_count": 77752,
              "positive_count": 77752,
              "negative_count": 0
            },
            "fluid": {
              "count": 1492344,
              "nonfinite": 0,
              "min": 0.0,
              "mean": 0.0049854862569557274,
              "p01": 0.0,
              "p05": 0.0,
              "p50": 0.0,
              "p99": 0.0007701034166419129,
              "max": 0.999766003296022,
              "sum": 7440.060502650338,
              "nonzero_count": 77752,
              "positive_count": 77752,
              "negative_count": 0
            },
            "wall": {
              "count": 80520,
              "nonfinite": 0,
              "min": 0.0,
              "mean": 0.0,
              "p01": 0.0,
              "p05": 0.0,
              "p50": 0.0,
              "p99": 0.0,
              "max": 0.0,
              "sum": 0.0,
              "nonzero_count": 0,
              "positive_count": 0,
              "negative_count": 0
            },
            "lower_wall": {
              "count": 16384,
              "nonfinite": 0,
              "min": 0.0,
              "mean": 0.0,
              "p01": 0.0,
              "p05": 0.0,
              "p50": 0.0,
              "p99": 0.0,
              "max": 0.0,
              "sum": 0.0,
              "nonzero_count": 0,
              "positive_count": 0,
              "negative_count": 0
            }
          },
          "WallStage8GradMagRaw": {
            "all": {
              "count": 1572864,
              "nonfinite": 0,
              "min": 0.0,
              "mean": 0.0004296543265082531,
              "p01": 0.0,
              "p05": 0.0,
              "p50": 0.0,
              "p99": 0.00015813319666487492,
              "max": 0.1703853521697765,
              "sum": 675.787822609077,
              "nonzero_count": 77752,
              "positive_count": 77752,
              "negative_count": 0
            },
            "fluid": {
              "count": 1492344,
              "nonfinite": 0,
              "min": 0.0,
              "mean": 0.00045283649253059365,
              "p01": 0.0,
              "p05": 0.0,
              "p50": 0.0,
              "p99": 0.0002547258076502263,
              "max": 0.1703853521697765,
              "sum": 675.7878226090762,
              "nonzero_count": 77752,
              "positive_count": 77752,
              "negative_count": 0
            },
            "wall": {
              "count": 80520,
              "nonfinite": 0,
              "min": 0.0,
              "mean": 0.0,
              "p01": 0.0,
              "p05": 0.0,
              "p50": 0.0,
              "p99": 0.0,
              "max": 0.0,
              "sum": 0.0,
              "nonzero_count": 0,
              "positive_count": 0,
              "negative_count": 0
            },
            "lower_wall": {
              "count": 16384,
              "nonfinite": 0,
              "min": 0.0,
              "mean": 0.0,
              "p01": 0.0,
              "p05": 0.0,
              "p50": 0.0,
              "p99": 0.0,
              "max": 0.0,
              "sum": 0.0,
              "nonzero_count": 0,
              "positive_count": 0,
              "negative_count": 0
            }
          },
          "WallStage8TangentGradRaw": {
            "all": {
              "count": 1572864,
              "nonfinite": 0,
              "min": 0.0,
              "mean": 0.00019309647116580702,
              "p01": 0.0,
              "p05": 0.0,
              "p50": 0.0,
              "p99": 6.736644418256442e-05,
              "max": 0.07421675860910756,
              "sum": 303.7144880237359,
              "nonzero_count": 77752,
              "positive_count": 77752,
              "negative_count": 0
            },
            "fluid": {
              "count": 1492344,
              "nonfinite": 0,
              "min": 0.0,
              "mean": 0.00020351506624728362,
              "p01": 0.0,
              "p05": 0.0,
              "p50": 0.0,
              "p99": 0.0001171131785055747,
              "max": 0.07421675860910756,
              "sum": 303.71448802373624,
              "nonzero_count": 77752,
              "positive_count": 77752,
              "negative_count": 0
            },
            "wall": {
              "count": 80520,
              "nonfinite": 0,
              "min": 0.0,
              "mean": 0.0,
              "p01": 0.0,
              "p05": 0.0,
              "p50": 0.0,
              "p99": 0.0,
              "max": 0.0,
              "sum": 0.0,
              "nonzero_count": 0,
              "positive_count": 0,
              "negative_count": 0
            },
            "lower_wall": {
              "count": 16384,
              "nonfinite": 0,
              "min": 0.0,
              "mean": 0.0,
              "p01": 0.0,
              "p05": 0.0,
              "p50": 0.0,
              "p99": 0.0,
              "max": 0.0,
              "sum": 0.0,
              "nonzero_count": 0,
              "positive_count": 0,
              "negative_count": 0
            }
          },
          "WallStage8TargetNormalGrad": {
            "all": {
              "count": 1572864,
              "nonfinite": 0,
              "min": -0.2769807119136576,
              "mean": -0.0007142155131352259,
              "p01": -4.236032144391189e-06,
              "p05": 0.0,
              "p50": 0.0,
              "p99": 9.992500313419132e-19,
              "max": 1.2603881405224576e-11,
              "sum": -1123.3638688519238,
              "nonzero_count": 77752,
              "positive_count": 61876,
              "negative_count": 15876
            },
            "fluid": {
              "count": 1492344,
              "nonfinite": 0,
              "min": -0.2769807119136576,
              "mean": -0.0007527512884776726,
              "p01": -7.875296563395194e-05,
              "p05": 0.0,
              "p50": 0.0,
              "p99": 1.0628115970368921e-18,
              "max": 1.2603881405224576e-11,
              "sum": -1123.3638688519238,
              "nonzero_count": 77752,
              "positive_count": 61876,
              "negative_count": 15876
            },
            "wall": {
              "count": 80520,
              "nonfinite": 0,
              "min": 0.0,
              "mean": 0.0,
              "p01": 0.0,
              "p05": 0.0,
              "p50": 0.0,
              "p99": 0.0,
              "max": 0.0,
              "sum": 0.0,
              "nonzero_count": 0,
              "positive_count": 0,
              "negative_count": 0
            },
            "lower_wall": {
              "count": 16384,
              "nonfinite": 0,
              "min": 0.0,
              "mean": 0.0,
              "p01": 0.0,
              "p05": 0.0,
              "p50": 0.0,
              "p99": 0.0,
              "max": 0.0,
              "sum": 0.0,
              "nonzero_count": 0,
              "positive_count": 0,
              "negative_count": 0
            }
          },
          "WallStage8NormalDeltaRaw": {
            "all": {
              "count": 1572864,
              "nonfinite": 0,
              "min": -0.12389036407796566,
              "mean": -0.00032119722729586877,
              "p01": 0.0,
              "p05": 0.0,
              "p50": 0.0,
              "p99": 0.0,
              "max": 0.0014133219916556278,
              "sum": -505.1995557134893,
              "nonzero_count": 7856,
              "positive_count": 16,
              "negative_count": 7840
            },
            "fluid": {
              "count": 1492344,
              "nonfinite": 0,
              "min": -0.12389036407796566,
              "mean": -0.0003385275484161087,
              "p01": 0.0,
              "p05": 0.0,
              "p50": 0.0,
              "p99": 0.0,
              "max": 0.0014133219916556278,
              "sum": -505.1995557134893,
              "nonzero_count": 7856,
              "positive_count": 16,
              "negative_count": 7840
            },
            "wall": {
              "count": 80520,
              "nonfinite": 0,
              "min": 0.0,
              "mean": 0.0,
              "p01": 0.0,
              "p05": 0.0,
              "p50": 0.0,
              "p99": 0.0,
              "max": 0.0,
              "sum": 0.0,
              "nonzero_count": 0,
              "positive_count": 0,
              "negative_count": 0
            },
            "lower_wall": {
              "count": 16384,
              "nonfinite": 0,
              "min": 0.0,
              "mean": 0.0,
              "p01": 0.0,
              "p05": 0.0,
              "p50": 0.0,
              "p99": 0.0,
              "max": 0.0,
              "sum": 0.0,
              "nonzero_count": 0,
              "positive_count": 0,
              "negative_count": 0
            }
          },
          "WallStage8NormalDeltaLimited": {
            "all": {
              "count": 1572864,
              "nonfinite": 0,
              "min": -0.05,
              "mean": -0.00015049016219080243,
              "p01": 0.0,
              "p05": 0.0,
              "p50": 0.0,
              "p99": 0.0,
              "max": 1.9120970018765062e-08,
              "sum": -236.70055846407428,
              "nonzero_count": 7856,
              "positive_count": 16,
              "negative_count": 7840
            },
            "fluid": {
              "count": 1492344,
              "nonfinite": 0,
              "min": -0.05,
              "mean": -0.00015860991732742196,
              "p01": 0.0,
              "p05": 0.0,
              "p50": 0.0,
              "p99": 0.0,
              "max": 1.9120970018765062e-08,
              "sum": -236.7005584640742,
              "nonzero_count": 7856,
              "positive_count": 16,
              "negative_count": 7840
            },
            "wall": {
              "count": 80520,
              "nonfinite": 0,
              "min": 0.0,
              "mean": 0.0,
              "p01": 0.0,
              "p05": 0.0,
              "p50": 0.0,
              "p99": 0.0,
              "max": 0.0,
              "sum": 0.0,
              "nonzero_count": 0,
              "positive_count": 0,
              "negative_count": 0
            },
            "lower_wall": {
              "count": 16384,
              "nonfinite": 0,
              "min": 0.0,
              "mean": 0.0,
              "p01": 0.0,
              "p05": 0.0,
              "p50": 0.0,
              "p99": 0.0,
              "max": 0.0,
              "sum": 0.0,
              "nonzero_count": 0,
              "positive_count": 0,
              "negative_count": 0
            }
          },
          "WallStage8VectorDeltaRawMag": {
            "all": {
              "count": 1572864,
              "nonfinite": 0,
              "min": 0.0,
              "mean": 0.0003032731177338127,
              "p01": 0.0,
              "p05": 0.0,
              "p50": 0.0,
              "p99": 0.0,
              "max": 0.12389036407784176,
              "sum": 477.0073690512756,
              "nonzero_count": 7856,
              "positive_count": 7856,
              "negative_count": 0
            },
            "fluid": {
              "count": 1492344,
              "nonfinite": 0,
              "min": 0.0,
              "mean": 0.00031963633656266623,
              "p01": 0.0,
              "p05": 0.0,
              "p50": 0.0,
              "p99": 0.0,
              "max": 0.12389036407784176,
              "sum": 477.0073690512756,
              "nonzero_count": 7856,
              "positive_count": 7856,
              "negative_count": 0
            },
            "wall": {
              "count": 80520,
              "nonfinite": 0,
              "min": 0.0,
              "mean": 0.0,
              "p01": 0.0,
              "p05": 0.0,
              "p50": 0.0,
              "p99": 0.0,
              "max": 0.0,
              "sum": 0.0,
              "nonzero_count": 0,
              "positive_count": 0,
              "negative_count": 0
            },
            "lower_wall": {
              "count": 16384,
              "nonfinite": 0,
              "min": 0.0,
              "mean": 0.0,
              "p01": 0.0,
              "p05": 0.0,
              "p50": 0.0,
              "p99": 0.0,
              "max": 0.0,
              "sum": 0.0,
              "nonzero_count": 0,
              "positive_count": 0,
              "negative_count": 0
            }
          },
          "WallStage8VectorDeltaLimitedMag": {
            "all": {
              "count": 1572864,
              "nonfinite": 0,
              "min": 0.0,
              "mean": 0.00015049016243567527,
              "p01": 0.0,
              "p05": 0.0,
              "p50": 0.0,
              "p99": 0.0,
              "max": 0.05,
              "sum": 236.70055884922596,
              "nonzero_count": 7856,
              "positive_count": 7856,
              "negative_count": 0
            },
            "fluid": {
              "count": 1492344,
              "nonfinite": 0,
              "min": 0.0,
              "mean": 0.00015860991758550705,
              "p01": 0.0,
              "p05": 0.0,
              "p50": 0.0,
              "p99": 0.0,
              "max": 0.05,
              "sum": 236.70055884922593,
              "nonzero_count": 7856,
              "positive_count": 7856,
              "negative_count": 0
            },
            "wall": {
              "count": 80520,
              "nonfinite": 0,
              "min": 0.0,
              "mean": 0.0,
              "p01": 0.0,
              "p05": 0.0,
              "p50": 0.0,
              "p99": 0.0,
              "max": 0.0,
              "sum": 0.0,
              "nonzero_count": 0,
              "positive_count": 0,
              "negative_count": 0
            },
            "lower_wall": {
              "count": 16384,
              "nonfinite": 0,
              "min": 0.0,
              "mean": 0.0,
              "p01": 0.0,
              "p05": 0.0,
              "p50": 0.0,
              "p99": 0.0,
              "max": 0.0,
              "sum": 0.0,
              "nonzero_count": 0,
              "positive_count": 0,
              "negative_count": 0
            }
          },
          "WallStage8NormalLimiterHit": {
            "all": {
              "count": 1572864,
              "nonfinite": 0,
              "min": 0.0,
              "mean": 0.0039011637369791665,
              "p01": 0.0,
              "p05": 0.0,
              "p50": 0.0,
              "p99": 0.0,
              "max": 1.0,
              "sum": 6136.0,
              "nonzero_count": 6136,
              "positive_count": 6136,
              "negative_count": 0
            },
            "fluid": {
              "count": 1492344,
              "nonfinite": 0,
              "min": 0.0,
              "mean": 0.004111652541237141,
              "p01": 0.0,
              "p05": 0.0,
              "p50": 0.0,
              "p99": 0.0,
              "max": 1.0,
              "sum": 6136.0,
              "nonzero_count": 6136,
              "positive_count": 6136,
              "negative_count": 0
            },
            "wall": {
              "count": 80520,
              "nonfinite": 0,
              "min": 0.0,
              "mean": 0.0,
              "p01": 0.0,
              "p05": 0.0,
              "p50": 0.0,
              "p99": 0.0,
              "max": 0.0,
              "sum": 0.0,
              "nonzero_count": 0,
              "positive_count": 0,
              "negative_count": 0
            },
            "lower_wall": {
              "count": 16384,
              "nonfinite": 0,
              "min": 0.0,
              "mean": 0.0,
              "p01": 0.0,
              "p05": 0.0,
              "p50": 0.0,
              "p99": 0.0,
              "max": 0.0,
              "sum": 0.0,
              "nonzero_count": 0,
              "positive_count": 0,
              "negative_count": 0
            }
          },
          "WallStage8VectorLimiterHit": {
            "all": {
              "count": 1572864,
              "nonfinite": 0,
              "min": 0.0,
              "mean": 0.0,
              "p01": 0.0,
              "p05": 0.0,
              "p50": 0.0,
              "p99": 0.0,
              "max": 0.0,
              "sum": 0.0,
              "nonzero_count": 0,
              "positive_count": 0,
              "negative_count": 0
            },
            "fluid": {
              "count": 1492344,
              "nonfinite": 0,
              "min": 0.0,
              "mean": 0.0,
              "p01": 0.0,
              "p05": 0.0,
              "p50": 0.0,
              "p99": 0.0,
              "max": 0.0,
              "sum": 0.0,
              "nonzero_count": 0,
              "positive_count": 0,
              "negative_count": 0
            },
            "wall": {
              "count": 80520,
              "nonfinite": 0,
              "min": 0.0,
              "mean": 0.0,
              "p01": 0.0,
              "p05": 0.0,
              "p50": 0.0,
              "p99": 0.0,
              "max": 0.0,
              "sum": 0.0,
              "nonzero_count": 0,
              "positive_count": 0,
              "negative_count": 0
            },
            "lower_wall": {
              "count": 16384,
              "nonfinite": 0,
              "min": 0.0,
              "mean": 0.0,
              "p01": 0.0,
              "p05": 0.0,
              "p50": 0.0,
              "p99": 0.0,
              "max": 0.0,
              "sum": 0.0,
              "nonzero_count": 0,
              "positive_count": 0,
              "negative_count": 0
            }
          },
          "WallStage8LimiterRatio": {
            "all": {
              "count": 1572864,
              "nonfinite": 0,
              "min": 0.40358263834453195,
              "mean": 0.9981470105288744,
              "p01": 1.0,
              "p05": 1.0,
              "p50": 1.0,
              "p99": 1.0,
              "max": 1.0,
              "sum": 1569949.4995684875,
              "nonzero_count": 1572864,
              "positive_count": 1572864,
              "negative_count": 0
            },
            "fluid": {
              "count": 1492344,
              "nonfinite": 0,
              "min": 0.40358263834453195,
              "mean": 0.9980470317624405,
              "p01": 1.0,
              "p05": 1.0,
              "p50": 1.0,
              "p99": 1.0,
              "max": 1.0,
              "sum": 1489429.4995684875,
              "nonzero_count": 1492344,
              "positive_count": 1492344,
              "negative_count": 0
            },
            "wall": {
              "count": 80520,
              "nonfinite": 0,
              "min": 1.0,
              "mean": 1.0,
              "p01": 1.0,
              "p05": 1.0,
              "p50": 1.0,
              "p99": 1.0,
              "max": 1.0,
              "sum": 80520.0,
              "nonzero_count": 80520,
              "positive_count": 80520,
              "negative_count": 0
            },
            "lower_wall": {
              "count": 16384,
              "nonfinite": 0,
              "min": 1.0,
              "mean": 1.0,
              "p01": 1.0,
              "p05": 1.0,
              "p50": 1.0,
              "p99": 1.0,
              "max": 1.0,
              "sum": 16384.0,
              "nonzero_count": 16384,
              "positive_count": 16384,
              "negative_count": 0
            }
          },
          "WallStage8RegionTag": {
            "all": {
              "count": 1572864,
              "nonfinite": 0,
              "min": 0.0,
              "mean": 0.0,
              "p01": 0.0,
              "p05": 0.0,
              "p50": 0.0,
              "p99": 0.0,
              "max": 0.0,
              "sum": 0.0,
              "nonzero_count": 0,
              "positive_count": 0,
              "negative_count": 0
            },
            "fluid": {
              "count": 1492344,
              "nonfinite": 0,
              "min": 0.0,
              "mean": 0.0,
              "p01": 0.0,
              "p05": 0.0,
              "p50": 0.0,
              "p99": 0.0,
              "max": 0.0,
              "sum": 0.0,
              "nonzero_count": 0,
              "positive_count": 0,
              "negative_count": 0
            },
            "wall": {
              "count": 80520,
              "nonfinite": 0,
              "min": 0.0,
              "mean": 0.0,
              "p01": 0.0,
              "p05": 0.0,
              "p50": 0.0,
              "p99": 0.0,
              "max": 0.0,
              "sum": 0.0,
              "nonzero_count": 0,
              "positive_count": 0,
              "negative_count": 0
            },
            "lower_wall": {
              "count": 16384,
              "nonfinite": 0,
              "min": 0.0,
              "mean": 0.0,
              "p01": 0.0,
              "p05": 0.0,
              "p50": 0.0,
              "p99": 0.0,
              "max": 0.0,
              "sum": 0.0,
              "nonzero_count": 0,
              "positive_count": 0,
              "negative_count": 0
            }
          },
          "WallStage8SphereRadialDot": {
            "all": {
              "count": 1572864,
              "nonfinite": 0,
              "min": 0.0,
              "mean": 0.0,
              "p01": 0.0,
              "p05": 0.0,
              "p50": 0.0,
              "p99": 0.0,
              "max": 0.0,
              "sum": 0.0,
              "nonzero_count": 0,
              "positive_count": 0,
              "negative_count": 0
            },
            "fluid": {
              "count": 1492344,
              "nonfinite": 0,
              "min": 0.0,
              "mean": 0.0,
              "p01": 0.0,
              "p05": 0.0,
              "p50": 0.0,
              "p99": 0.0,
              "max": 0.0,
              "sum": 0.0,
              "nonzero_count": 0,
              "positive_count": 0,
              "negative_count": 0
            },
            "wall": {
              "count": 80520,
              "nonfinite": 0,
              "min": 0.0,
              "mean": 0.0,
              "p01": 0.0,
              "p05": 0.0,
              "p50": 0.0,
              "p99": 0.0,
              "max": 0.0,
              "sum": 0.0,
              "nonzero_count": 0,
              "positive_count": 0,
              "negative_count": 0
            },
            "lower_wall": {
              "count": 16384,
              "nonfinite": 0,
              "min": 0.0,
              "mean": 0.0,
              "p01": 0.0,
              "p05": 0.0,
              "p50": 0.0,
              "p99": 0.0,
              "max": 0.0,
              "sum": 0.0,
              "nonzero_count": 0,
              "positive_count": 0,
              "negative_count": 0
            }
          },
          "WallStage8ContactBandTag": {
            "all": {
              "count": 1572864,
              "nonfinite": 0,
              "min": 0.0,
              "mean": 0.07798258463541667,
              "p01": 0.0,
              "p05": 0.0,
              "p50": 0.0,
              "p99": 1.0,
              "max": 7.0,
              "sum": 122656.0,
              "nonzero_count": 77752,
              "positive_count": 77752,
              "negative_count": 0
            },
            "fluid": {
              "count": 1492344,
              "nonfinite": 0,
              "min": 0.0,
              "mean": 0.0821901652702058,
              "p01": 0.0,
              "p05": 0.0,
              "p50": 0.0,
              "p99": 1.0,
              "max": 7.0,
              "sum": 122656.0,
              "nonzero_count": 77752,
              "positive_count": 77752,
              "negative_count": 0
            },
            "wall": {
              "count": 80520,
              "nonfinite": 0,
              "min": 0.0,
              "mean": 0.0,
              "p01": 0.0,
              "p05": 0.0,
              "p50": 0.0,
              "p99": 0.0,
              "max": 0.0,
              "sum": 0.0,
              "nonzero_count": 0,
              "positive_count": 0,
              "negative_count": 0
            },
            "lower_wall": {
              "count": 16384,
              "nonfinite": 0,
              "min": 0.0,
              "mean": 0.0,
              "p01": 0.0,
              "p05": 0.0,
              "p50": 0.0,
              "p99": 0.0,
              "max": 0.0,
              "sum": 0.0,
              "nonzero_count": 0,
              "positive_count": 0,
              "negative_count": 0
            }
          },
          "WallBCPath": {
            "all": {
              "count": 1572864,
              "nonfinite": 0,
              "min": 0.0,
              "mean": 0.133636474609375,
              "p01": 0.0,
              "p05": 0.0,
              "p50": 0.0,
              "p99": 5.0,
              "max": 5.0,
              "sum": 210192.0,
              "nonzero_count": 80520,
              "positive_count": 80520,
              "negative_count": 0
            },
            "fluid": {
              "count": 1492344,
              "nonfinite": 0,
              "min": 0.0,
              "mean": 0.0,
              "p01": 0.0,
              "p05": 0.0,
              "p50": 0.0,
              "p99": 0.0,
              "max": 0.0,
              "sum": 0.0,
              "nonzero_count": 0,
              "positive_count": 0,
              "negative_count": 0
            },
            "wall": {
              "count": 80520,
              "nonfinite": 0,
              "min": 2.0,
              "mean": 2.6104321907600596,
              "p01": 2.0,
              "p05": 2.0,
              "p50": 2.0,
              "p99": 5.0,
              "max": 5.0,
              "sum": 210192.0,
              "nonzero_count": 80520,
              "positive_count": 80520,
              "negative_count": 0
            },
            "lower_wall": {
              "count": 16384,
              "nonfinite": 0,
              "min": 5.0,
              "mean": 5.0,
              "p01": 5.0,
              "p05": 5.0,
              "p50": 5.0,
              "p99": 5.0,
              "max": 5.0,
              "sum": 81920.0,
              "nonzero_count": 16384,
              "positive_count": 16384,
              "negative_count": 0
            }
          },
          "WallStage8LocalWallNormalMag": {
            "all": {
              "count": 1572864,
              "nonfinite": 0,
              "min": 0.0,
              "mean": 0.0511932373046875,
              "p01": 0.0,
              "p05": 0.0,
              "p50": 0.0,
              "p99": 1.0,
              "max": 1.0,
              "sum": 80520.0,
              "nonzero_count": 80520,
              "positive_count": 80520,
              "negative_count": 0
            },
            "fluid": {
              "count": 1492344,
              "nonfinite": 0,
              "min": 0.0,
              "mean": 0.0,
              "p01": 0.0,
              "p05": 0.0,
              "p50": 0.0,
              "p99": 0.0,
              "max": 0.0,
              "sum": 0.0,
              "nonzero_count": 0,
              "positive_count": 0,
              "negative_count": 0
            },
            "wall": {
              "count": 80520,
              "nonfinite": 0,
              "min": 0.9999999999999999,
              "mean": 1.0,
              "p01": 0.9999999999999999,
              "p05": 1.0,
              "p50": 1.0,
              "p99": 1.0,
              "max": 1.0,
              "sum": 80520.0,
              "nonzero_count": 80520,
              "positive_count": 80520,
              "negative_count": 0
            },
            "lower_wall": {
              "count": 16384,
              "nonfinite": 0,
              "min": 0.9999999999999999,
              "mean": 1.0,
              "p01": 0.9999999999999999,
              "p05": 1.0,
              "p50": 1.0,
              "p99": 1.0,
              "max": 1.0,
              "sum": 16384.0,
              "nonzero_count": 16384,
              "positive_count": 16384,
              "negative_count": 0
            }
          },
          "WallStage8FluidWallNormalMag": {
            "all": {
              "count": 1572864,
              "nonfinite": 0,
              "min": 0.0,
              "mean": 0.049433390299479164,
              "p01": 0.0,
              "p05": 0.0,
              "p50": 0.0,
              "p99": 1.0,
              "max": 1.0,
              "sum": 77752.0,
              "nonzero_count": 77752,
              "positive_count": 77752,
              "negative_count": 0
            },
            "fluid": {
              "count": 1492344,
              "nonfinite": 0,
              "min": 0.0,
              "mean": 0.05210058806816659,
              "p01": 0.0,
              "p05": 0.0,
              "p50": 0.0,
              "p99": 1.0,
              "max": 1.0,
              "sum": 77752.0,
              "nonzero_count": 77752,
              "positive_count": 77752,
              "negative_count": 0
            },
            "wall": {
              "count": 80520,
              "nonfinite": 0,
              "min": 0.0,
              "mean": 0.0,
              "p01": 0.0,
              "p05": 0.0,
              "p50": 0.0,
              "p99": 0.0,
              "max": 0.0,
              "sum": 0.0,
              "nonzero_count": 0,
              "positive_count": 0,
              "negative_count": 0
            },
            "lower_wall": {
              "count": 16384,
              "nonfinite": 0,
              "min": 0.0,
              "mean": 0.0,
              "p01": 0.0,
              "p05": 0.0,
              "p50": 0.0,
              "p99": 0.0,
              "max": 0.0,
              "sum": 0.0,
              "nonzero_count": 0,
              "positive_count": 0,
              "negative_count": 0
            }
          },
          "WallStage8GradCandidateMag": {
            "all": {
              "count": 1572864,
              "nonfinite": 0,
              "min": 0.0,
              "mean": 0.005392940410447436,
              "p01": 0.0,
              "p05": 0.0,
              "p50": 2.9382443341821295e-10,
              "p99": 0.14867398573239984,
              "max": 0.21649473792754137,
              "sum": 8482.361825737997,
              "nonzero_count": 1492344,
              "positive_count": 1492344,
              "negative_count": 0
            },
            "fluid": {
              "count": 1492344,
              "nonfinite": 0,
              "min": 7.160974847936366e-16,
              "mean": 0.005683918604382096,
              "p01": 2.059443714092004e-14,
              "p05": 1.515345571987387e-13,
              "p50": 3.7131561154334227e-10,
              "p99": 0.14983632834128152,
              "max": 0.21649473792754137,
              "sum": 8482.361825737995,
              "nonzero_count": 1492344,
              "positive_count": 1492344,
              "negative_count": 0
            },
            "wall": {
              "count": 80520,
              "nonfinite": 0,
              "min": 0.0,
              "mean": 0.0,
              "p01": 0.0,
              "p05": 0.0,
              "p50": 0.0,
              "p99": 0.0,
              "max": 0.0,
              "sum": 0.0,
              "nonzero_count": 0,
              "positive_count": 0,
              "negative_count": 0
            },
            "lower_wall": {
              "count": 16384,
              "nonfinite": 0,
              "min": 0.0,
              "mean": 0.0,
              "p01": 0.0,
              "p05": 0.0,
              "p50": 0.0,
              "p99": 0.0,
              "max": 0.0,
              "sum": 0.0,
              "nonzero_count": 0,
              "positive_count": 0,
              "negative_count": 0
            }
          },
          "UMag": {
            "all": {
              "count": 1572864,
              "nonfinite": 0,
              "min": 0.0,
              "mean": 5.775784869793925e-07,
              "p01": 0.0,
              "p05": 0.0,
              "p50": 1.9622336677770529e-07,
              "p99": 3.905733673017198e-06,
              "max": 5.480659565179092e-06,
              "sum": 0.9084524093443552,
              "nonzero_count": 1492344,
              "positive_count": 1492344,
              "negative_count": 0
            },
            "fluid": {
              "count": 1492344,
              "nonfinite": 0,
              "min": 7.833591975963827e-10,
              "mean": 6.087419585191858e-07,
              "p01": 9.764174252329814e-09,
              "p05": 2.3600432375273317e-08,
              "p50": 2.2380440693664954e-07,
              "p99": 3.928038049836106e-06,
              "max": 5.480659565179092e-06,
              "sum": 0.9084524093443559,
              "nonzero_count": 1492344,
              "positive_count": 1492344,
              "negative_count": 0
            },
            "wall": {
              "count": 80520,
              "nonfinite": 0,
              "min": 0.0,
              "mean": 0.0,
              "p01": 0.0,
              "p05": 0.0,
              "p50": 0.0,
              "p99": 0.0,
              "max": 0.0,
              "sum": 0.0,
              "nonzero_count": 0,
              "positive_count": 0,
              "negative_count": 0
            },
            "lower_wall": {
              "count": 16384,
              "nonfinite": 0,
              "min": 0.0,
              "mean": 0.0,
              "p01": 0.0,
              "p05": 0.0,
              "p50": 0.0,
              "p99": 0.0,
              "max": 0.0,
              "sum": 0.0,
              "nonzero_count": 0,
              "positive_count": 0,
              "negative_count": 0
            }
          }
        },
        "stage8c_mask_counts": {
          "data_fluid_count": 77752,
          "active_fluid_count": 7856
        },
        "stage8c_field_stats": {
          "WallStage8FluidWallAngle": {
            "data_fluid": {
              "count": 77752,
              "nonfinite": 0,
              "min": 0.2617993877991494,
              "mean": 1.306980557275045,
              "p01": 0.2617993877991494,
              "p05": 0.2617993877991494,
              "p50": 1.5707963267948968,
              "p99": 1.5707963267948968,
              "max": 1.570796326794897,
              "sum": 101620.3522892493,
              "nonzero_count": 77752,
              "positive_count": 77752,
              "negative_count": 0
            },
            "active_fluid": {
              "count": 7856,
              "nonfinite": 0,
              "min": 0.2617993877991494,
              "mean": 0.26179938779914946,
              "p01": 0.2617993877991494,
              "p05": 0.2617993877991494,
              "p50": 0.2617993877991494,
              "p99": 0.2617993877991494,
              "max": 0.2617993877991494,
              "sum": 2056.695990550118,
              "nonzero_count": 7856,
              "positive_count": 7856,
              "negative_count": 0
            }
          },
          "WallStage8FluidWallNormalMag": {
            "data_fluid": {
              "count": 77752,
              "nonfinite": 0,
              "min": 1.0,
              "mean": 1.0,
              "p01": 1.0,
              "p05": 1.0,
              "p50": 1.0,
              "p99": 1.0,
              "max": 1.0,
              "sum": 77752.0,
              "nonzero_count": 77752,
              "positive_count": 77752,
              "negative_count": 0
            },
            "active_fluid": {
              "count": 7856,
              "nonfinite": 0,
              "min": 1.0,
              "mean": 1.0,
              "p01": 1.0,
              "p05": 1.0,
              "p50": 1.0,
              "p99": 1.0,
              "max": 1.0,
              "sum": 7856.0,
              "nonzero_count": 7856,
              "positive_count": 7856,
              "negative_count": 0
            }
          },
          "WallStage8FluidWallDataCount": {
            "data_fluid": {
              "count": 77752,
              "nonfinite": 0,
              "min": 9.0,
              "mean": 9.105977981273794,
              "p01": 9.0,
              "p05": 9.0,
              "p50": 9.0,
              "p99": 15.0,
              "max": 19.0,
              "sum": 708008.0,
              "nonzero_count": 77752,
              "positive_count": 77752,
              "negative_count": 0
            },
            "active_fluid": {
              "count": 7856,
              "nonfinite": 0,
              "min": 9.0,
              "mean": 9.0,
              "p01": 9.0,
              "p05": 9.0,
              "p50": 9.0,
              "p99": 9.0,
              "max": 9.0,
              "sum": 70704.0,
              "nonzero_count": 7856,
              "positive_count": 7856,
              "negative_count": 0
            }
          },
          "WallStage8GradCandidateUse": {
            "data_fluid": {
              "count": 77752,
              "nonfinite": 0,
              "min": 0.0,
              "mean": 0.10103920156394691,
              "p01": 0.0,
              "p05": 0.0,
              "p50": 0.0,
              "p99": 1.0,
              "max": 1.0,
              "sum": 7856.0,
              "nonzero_count": 7856,
              "positive_count": 7856,
              "negative_count": 0
            },
            "active_fluid": {
              "count": 7856,
              "nonfinite": 0,
              "min": 1.0,
              "mean": 1.0,
              "p01": 1.0,
              "p05": 1.0,
              "p50": 1.0,
              "p99": 1.0,
              "max": 1.0,
              "sum": 7856.0,
              "nonzero_count": 7856,
              "positive_count": 7856,
              "negative_count": 0
            }
          },
          "WallStage8GradCandidateMag": {
            "data_fluid": {
              "count": 77752,
              "nonfinite": 0,
              "min": 7.160974847936366e-16,
              "mean": 0.011498623628876428,
              "p01": 2.775397220234833e-15,
              "p05": 1.0641879502331316e-14,
              "p50": 1.8915456954235964e-10,
              "p99": 0.21000103002970202,
              "max": 0.21649473792754137,
              "sum": 894.0409843924,
              "nonzero_count": 77752,
              "positive_count": 77752,
              "negative_count": 0
            },
            "active_fluid": {
              "count": 7856,
              "nonfinite": 0,
              "min": 0.011708038766001507,
              "mean": 0.11068842889307318,
              "p01": 0.012659589919046858,
              "p05": 0.01498771147952785,
              "p50": 0.10294540563871185,
              "p99": 0.21640654957855424,
              "max": 0.21649473792754137,
              "sum": 869.5682973839829,
              "nonzero_count": 7856,
              "positive_count": 7856,
              "negative_count": 0
            }
          },
          "WallStage8NormalAgreement": {
            "data_fluid": {
              "count": 77752,
              "nonfinite": 0,
              "min": 0.9999999999999999,
              "mean": 1.0,
              "p01": 1.0,
              "p05": 1.0,
              "p50": 1.0,
              "p99": 1.0000000000000002,
              "max": 1.0000000000000002,
              "sum": 77752.0,
              "nonzero_count": 77752,
              "positive_count": 77752,
              "negative_count": 0
            },
            "active_fluid": {
              "count": 7856,
              "nonfinite": 0,
              "min": 1.0,
              "mean": 1.0,
              "p01": 1.0,
              "p05": 1.0,
              "p50": 1.0,
              "p99": 1.0,
              "max": 1.0,
              "sum": 7856.0,
              "nonzero_count": 7856,
              "positive_count": 7856,
              "negative_count": 0
            }
          },
          "WallStage8UsedGeomNormal": {
            "data_fluid": {
              "count": 77752,
              "nonfinite": 0,
              "min": 1.0,
              "mean": 1.0,
              "p01": 1.0,
              "p05": 1.0,
              "p50": 1.0,
              "p99": 1.0,
              "max": 1.0,
              "sum": 77752.0,
              "nonzero_count": 77752,
              "positive_count": 77752,
              "negative_count": 0
            },
            "active_fluid": {
              "count": 7856,
              "nonfinite": 0,
              "min": 1.0,
              "mean": 1.0,
              "p01": 1.0,
              "p05": 1.0,
              "p50": 1.0,
              "p99": 1.0,
              "max": 1.0,
              "sum": 7856.0,
              "nonzero_count": 7856,
              "positive_count": 7856,
              "negative_count": 0
            }
          },
          "WallStage8GradWriteDeltaMag": {
            "data_fluid": {
              "count": 77752,
              "nonfinite": 0,
              "min": 0.0,
              "mean": 0.003044301868109193,
              "p01": 0.0,
              "p05": 0.0,
              "p50": 0.0,
              "p99": 0.05,
              "max": 0.05,
              "sum": 236.70055884922598,
              "nonzero_count": 7856,
              "positive_count": 7856,
              "negative_count": 0
            },
            "active_fluid": {
              "count": 7856,
              "nonfinite": 0,
              "min": 9.591850234556252e-10,
              "mean": 0.030129908203822046,
              "p01": 1.6862805440553716e-06,
              "p05": 0.00015528811011179298,
              "p50": 0.03227299236881656,
              "p99": 0.05,
              "max": 0.05,
              "sum": 236.70055884922598,
              "nonzero_count": 7856,
              "positive_count": 7856,
              "negative_count": 0
            }
          },
          "WallStage8LimiterReason": {
            "data_fluid": {
              "count": 77752,
              "nonfinite": 0,
              "min": 0.0,
              "mean": 30.739376479061633,
              "p01": 0.0,
              "p05": 4.0,
              "p50": 28.0,
              "p99": 128.0,
              "max": 128.0,
              "sum": 2390048.0,
              "nonzero_count": 76032,
              "positive_count": 76032,
              "negative_count": 0
            },
            "active_fluid": {
              "count": 7856,
              "nonfinite": 0,
              "min": 0.0,
              "mean": 99.9755600814664,
              "p01": 0.0,
              "p05": 0.0,
              "p50": 128.0,
              "p99": 128.0,
              "max": 128.0,
              "sum": 785408.0,
              "nonzero_count": 6136,
              "positive_count": 6136,
              "negative_count": 0
            }
          },
          "WallStage8ContactResidual": {
            "data_fluid": {
              "count": 77752,
              "nonfinite": 0,
              "min": -0.03401446113551487,
              "mean": 0.03560577299266521,
              "p01": -0.00706055194279779,
              "p05": 0.0,
              "p50": 0.0,
              "p99": 0.2900844039883003,
              "max": 0.3547104923635496,
              "sum": 2768.420061725705,
              "nonzero_count": 23744,
              "positive_count": 22552,
              "negative_count": 1192
            },
            "active_fluid": {
              "count": 7856,
              "nonfinite": 0,
              "min": -0.007155577309309491,
              "mean": 0.0762124515127387,
              "p01": 0.0402505747605173,
              "p05": 0.06369934516671488,
              "p50": 0.06769063336924358,
              "p99": 0.11392179124001717,
              "max": 0.11623394430545753,
              "sum": 598.7250190840753,
              "nonzero_count": 7856,
              "positive_count": 7840,
              "negative_count": 16
            }
          },
          "WallStage8NormalDeltaRaw": {
            "data_fluid": {
              "count": 77752,
              "nonfinite": 0,
              "min": -0.12389036407796566,
              "mean": -0.006497576341618088,
              "p01": -0.12005368675433387,
              "p05": -0.061051314633334186,
              "p50": 0.0,
              "p99": 0.0,
              "max": 0.0014133219916556278,
              "sum": -505.19955571348953,
              "nonzero_count": 7856,
              "positive_count": 16,
              "negative_count": 7840
            },
            "active_fluid": {
              "count": 7856,
              "nonfinite": 0,
              "min": -0.12389036407796566,
              "mean": -0.06430747908776598,
              "p01": -0.12359354178153753,
              "p05": -0.12253421649509233,
              "p50": -0.06022274259823181,
              "p99": -0.007014407322343143,
              "max": 0.0014133219916556278,
              "sum": -505.19955571348953,
              "nonzero_count": 7856,
              "positive_count": 16,
              "negative_count": 7840
            }
          },
          "WallStage8NormalDeltaLimited": {
            "data_fluid": {
              "count": 77752,
              "nonfinite": 0,
              "min": -0.05,
              "mean": -0.003044301863155601,
              "p01": -0.05,
              "p05": -0.0328275490430162,
              "p50": 0.0,
              "p99": 0.0,
              "max": 1.9120970018765062e-08,
              "sum": -236.70055846407428,
              "nonzero_count": 7856,
              "positive_count": 16,
              "negative_count": 7840
            },
            "active_fluid": {
              "count": 7856,
              "nonfinite": 0,
              "min": -0.05,
              "mean": -0.030129908154795604,
              "p01": -0.05,
              "p05": -0.05,
              "p50": -0.03227299236881656,
              "p99": -1.6862805440553716e-06,
              "max": 1.9120970018765062e-08,
              "sum": -236.70055846407428,
              "nonzero_count": 7856,
              "positive_count": 16,
              "negative_count": 7840
            }
          },
          "WallStage8VectorDeltaRawMag": {
            "data_fluid": {
              "count": 77752,
              "nonfinite": 0,
              "min": 0.0,
              "mean": 0.006134985197181754,
              "p01": 0.0,
              "p05": 0.0,
              "p50": 0.0,
              "p99": 0.1200536867542138,
              "max": 0.12389036407784176,
              "sum": 477.00736905127576,
              "nonzero_count": 7856,
              "positive_count": 7856,
              "negative_count": 0
            },
            "active_fluid": {
              "count": 7856,
              "nonfinite": 0,
              "min": 9.591850234556252e-10,
              "mean": 0.06071886062261657,
              "p01": 1.6862805440553716e-06,
              "p05": 0.00015528811011179298,
              "p50": 0.06022274259817158,
              "p99": 0.12359354178141392,
              "max": 0.12389036407784176,
              "sum": 477.00736905127576,
              "nonzero_count": 7856,
              "positive_count": 7856,
              "negative_count": 0
            }
          },
          "WallStage8VectorDeltaLimitedMag": {
            "data_fluid": {
              "count": 77752,
              "nonfinite": 0,
              "min": 0.0,
              "mean": 0.003044301868109193,
              "p01": 0.0,
              "p05": 0.0,
              "p50": 0.0,
              "p99": 0.05,
              "max": 0.05,
              "sum": 236.70055884922598,
              "nonzero_count": 7856,
              "positive_count": 7856,
              "negative_count": 0
            },
            "active_fluid": {
              "count": 7856,
              "nonfinite": 0,
              "min": 9.591850234556252e-10,
              "mean": 0.030129908203822046,
              "p01": 1.6862805440553716e-06,
              "p05": 0.00015528811011179298,
              "p50": 0.03227299236881656,
              "p99": 0.05,
              "max": 0.05,
              "sum": 236.70055884922598,
              "nonzero_count": 7856,
              "positive_count": 7856,
              "negative_count": 0
            }
          },
          "WallStage8NormalLimiterHit": {
            "data_fluid": {
              "count": 77752,
              "nonfinite": 0,
              "min": 0.0,
              "mean": 0.07891758411359193,
              "p01": 0.0,
              "p05": 0.0,
              "p50": 0.0,
              "p99": 1.0,
              "max": 1.0,
              "sum": 6136.0,
              "nonzero_count": 6136,
              "positive_count": 6136,
              "negative_count": 0
            },
            "active_fluid": {
              "count": 7856,
              "nonfinite": 0,
              "min": 0.0,
              "mean": 0.7810590631364562,
              "p01": 0.0,
              "p05": 0.0,
              "p50": 1.0,
              "p99": 1.0,
              "max": 1.0,
              "sum": 6136.0,
              "nonzero_count": 6136,
              "positive_count": 6136,
              "negative_count": 0
            }
          },
          "WallStage8VectorLimiterHit": {
            "data_fluid": {
              "count": 77752,
              "nonfinite": 0,
              "min": 0.0,
              "mean": 0.0,
              "p01": 0.0,
              "p05": 0.0,
              "p50": 0.0,
              "p99": 0.0,
              "max": 0.0,
              "sum": 0.0,
              "nonzero_count": 0,
              "positive_count": 0,
              "negative_count": 0
            },
            "active_fluid": {
              "count": 7856,
              "nonfinite": 0,
              "min": 0.0,
              "mean": 0.0,
              "p01": 0.0,
              "p05": 0.0,
              "p50": 0.0,
              "p99": 0.0,
              "max": 0.0,
              "sum": 0.0,
              "nonzero_count": 0,
              "positive_count": 0,
              "negative_count": 0
            }
          },
          "WallStage8LimiterRatio": {
            "data_fluid": {
              "count": 77752,
              "nonfinite": 0,
              "min": 0.40358263834453195,
              "mean": 0.962515428136728,
              "p01": 0.4164803376872976,
              "p05": 0.5294951930881641,
              "p50": 1.0,
              "p99": 1.0,
              "max": 1.0,
              "sum": 74837.49956848688,
              "nonzero_count": 77752,
              "positive_count": 77752,
              "negative_count": 0
            },
            "active_fluid": {
              "count": 7856,
              "nonfinite": 0,
              "min": 0.40358263834453195,
              "mean": 0.6290096192065764,
              "p01": 0.40455188256057434,
              "p05": 0.40804928966149284,
              "p50": 0.5313861836669614,
              "p99": 1.0,
              "max": 1.0,
              "sum": 4941.4995684868645,
              "nonzero_count": 7856,
              "positive_count": 7856,
              "negative_count": 0
            }
          },
          "WallStage8PhaseC": {
            "data_fluid": {
              "count": 77752,
              "nonfinite": 0,
              "min": 1e-12,
              "mean": 0.09568963502739919,
              "p01": 1e-12,
              "p05": 1e-12,
              "p50": 1.33898531118395e-09,
              "p99": 0.9994009669159697,
              "max": 0.999766003296022,
              "sum": 7440.060502650342,
              "nonzero_count": 77752,
              "positive_count": 77752,
              "negative_count": 0
            },
            "active_fluid": {
              "count": 7856,
              "nonfinite": 0,
              "min": 0.020016443271655485,
              "mean": 0.4632463923200521,
              "p01": 0.02078557113167067,
              "p05": 0.027375352234793385,
              "p50": 0.4132049251510686,
              "p99": 0.9779239148851941,
              "max": 0.9797044804690965,
              "sum": 3639.2636580663293,
              "nonzero_count": 7856,
              "positive_count": 7856,
              "negative_count": 0
            }
          },
          "WallStage8TangentGradRaw": {
            "data_fluid": {
              "count": 77752,
              "nonfinite": 0,
              "min": 1.4686723698777853e-16,
              "mean": 0.0039061951849950613,
              "p01": 2.3627474594812558e-15,
              "p05": 8.071395296711337e-15,
              "p50": 1.8855550090700047e-10,
              "p99": 0.07170553352997451,
              "max": 0.07421675860910756,
              "sum": 303.714488023736,
              "nonzero_count": 77752,
              "positive_count": 77752,
              "negative_count": 0
            },
            "active_fluid": {
              "count": 7856,
              "nonfinite": 0,
              "min": 0.002871814889907522,
              "mean": 0.03709193764213625,
              "p01": 0.005176973868422407,
              "p05": 0.006886219396319032,
              "p50": 0.0336184633807029,
              "p99": 0.07409650148555584,
              "max": 0.07421675860910756,
              "sum": 291.3942621166224,
              "nonzero_count": 7856,
              "positive_count": 7856,
              "negative_count": 0
            }
          }
        },
        "stage7b_limiter_counts": {
          "normal_path_count": 0,
          "normal_limiter_count": 0,
          "active_path_count": 0,
          "active_limiter_count": 0
        },
        "stage8c_limiter_counts": {
          "fluid_count": 1492344,
          "active_count": 7856,
          "limiter_nonzero_count": 1490624,
          "delta_limiter_count": 6136,
          "missing_wall_data_count": 1414592,
          "normal_low_agreement_count": 0,
          "normal_limiter_count": 6136,
          "normal_limiter_fraction": 0.7810590631364562,
          "vector_limiter_count": 0,
          "vector_limiter_fraction": 0.0
        },
        "max_mach": 9.492780825878539e-06
      },
      "rows": [
        {
          "case_id": "cap_theta030_wall015_stage8g_mode0",
          "step": 0,
          "init_theta_deg": 30.0,
          "wall_rad_angle_deg": null,
          "angle_apparent_deg": 29.402218004427468,
          "angle_error_vs_init_deg": -0.5977819955725323,
          "angle_error_vs_wall_rad_deg": NaN,
          "fit_point_count": 130,
          "phase_fluid_sum": 52593.44512836894,
          "phase_fluid_rel_change": 0.0,
          "rho_fluid_sum": 54033.19568324057,
          "rho_fluid_rel_change": 0.0,
          "phase_fluid_min": 0.0,
          "phase_fluid_max": 0.9997106094060031,
          "wall_phase_pred_min": NaN,
          "wall_phase_pred_max": NaN,
          "wall_phase_raw_min": NaN,
          "wall_phase_raw_max": NaN,
          "wall_phase_profile_max": NaN,
          "wall_phase_signed_profile_max": NaN,
          "wall_phase_signed_min": NaN,
          "wall_phase_signed_max": NaN,
          "wall_signed_logit_shift_max": NaN,
          "wall_contact_residual_mean": NaN,
          "wall_contact_residual_min": NaN,
          "wall_contact_residual_max": NaN,
          "wall_signed_normal_grad_mean": NaN,
          "wall_tangent_grad_mag_mean": NaN,
          "wall_signed_delta_q_min": NaN,
          "wall_signed_delta_q_max": NaN,
          "wall_signed_q_clipped_sum": NaN,
          "wall_stage7_active_weight_sum": NaN,
          "wall_stage7_active_weight_mean": NaN,
          "wall_stage7_delta_q_raw_p50": NaN,
          "wall_stage7_delta_q_raw_p99": NaN,
          "wall_stage7_delta_q_raw_max": NaN,
          "wall_stage7_delta_q_limited_p50": NaN,
          "wall_stage7_delta_q_limited_p99": NaN,
          "wall_stage7_delta_q_limited_max": NaN,
          "wall_stage7_denom_min": NaN,
          "wall_stage7_denom_p50": NaN,
          "wall_stage7_limiter_reason_sum": NaN,
          "wall_stage7_limiter_reason_max": NaN,
          "wall_stage7_normal_path_count": 0,
          "wall_stage7_normal_limiter_count": 0,
          "wall_stage7_active_path_count": 0,
          "wall_stage7_active_limiter_count": 0,
          "wall_stage7_actual_cos_p50": NaN,
          "wall_stage7_target_cos_p50": NaN,
          "wall_stage7_write_candidate_min": NaN,
          "wall_stage7_write_candidate_max": NaN,
          "wall_stage7_write_minus_profile_min": NaN,
          "wall_stage7_write_minus_profile_max": NaN,
          "wall_stage8_active_weight_sum": 5956.469053172502,
          "wall_stage8_active_weight_mean": 0.003991351225436294,
          "wall_stage8_normal_grad_raw_p50": 0.0,
          "wall_stage8_normal_grad_target_p50": 0.0,
          "wall_stage8_contact_residual_mean": 0.0039048784402908317,
          "wall_stage8_contact_residual_p50": 0.0,
          "wall_stage8_contact_residual_p99": 0.12010654021919265,
          "wall_stage8_tangent_grad_mag_p50": 0.0,
          "wall_stage8_target_cos_p50": 0.0,
          "wall_stage8_grad_write_delta_mag_p50": 0.0,
          "wall_stage8_grad_write_delta_mag_max": 0.05,
          "wall_stage8_limiter_reason_sum": 5194176.0,
          "wall_stage8_limiter_reason_max": 128.0,
          "wall_stage8_limiter_nonzero_count": 1490776,
          "wall_stage8_active_count": 7536,
          "wall_stage8_delta_limiter_count": 5968,
          "wall_stage8_normal_limiter_count": 5968,
          "wall_stage8_normal_limiter_fraction": 0.7919320594479831,
          "wall_stage8_vector_limiter_count": 0,
          "wall_stage8_vector_limiter_fraction": 0.0,
          "wall_stage8_missing_wall_data_count": 1414592,
          "wall_stage8_normal_low_agreement_count": 0,
          "wall_stage8_local_wall_angle_wall_p50": 1.5707963267948966,
          "wall_stage8_local_wall_angle_wall_min": 0.2617993877991494,
          "wall_stage8_local_wall_angle_wall_max": 1.5707963267948966,
          "wall_stage8_local_wall_normal_mag_wall_p50": 1.0,
          "wall_stage8_fluid_wall_angle_p50": 0.0,
          "wall_stage8_fluid_wall_angle_min": 0.0,
          "wall_stage8_fluid_wall_angle_max": 1.570796326794897,
          "wall_stage8_fluid_wall_normal_mag_p50": 0.0,
          "wall_stage8_fluid_wall_data_count_p50": 0.0,
          "wall_stage8_fluid_wall_data_count_p05": 0.0,
          "wall_stage8_grad_candidate_use_sum": 7536.0,
          "wall_stage8_grad_candidate_mag_p50": 1.501414356831476e-13,
          "wall_stage8_grad_candidate_mag_max": 0.21839334447457326,
          "wall_stage8_normal_agreement_p05": 0.0,
          "wall_stage8_normal_agreement_p50": 0.0,
          "wall_stage8_used_geom_normal_sum": 77752.0,
          "wall_stage8_data_fluid_count": 77752,
          "wall_stage8_active_fluid_count": 7536,
          "wall_stage8_fluid_wall_angle_data_p50": 1.5707963267948968,
          "wall_stage8_fluid_wall_angle_active_p50": 0.2617993877991494,
          "wall_stage8_fluid_wall_data_count_data_p50": 9.0,
          "wall_stage8_fluid_wall_data_count_active_p50": 9.0,
          "wall_stage8_normal_agreement_data_p05": 1.0,
          "wall_stage8_normal_agreement_data_p50": 1.0,
          "wall_stage8_normal_agreement_active_p05": 1.0,
          "wall_stage8_normal_agreement_active_p50": 1.0,
          "wall_stage8_used_geom_normal_data_sum": 77752.0,
          "wall_stage8_used_geom_normal_active_sum": 7536.0,
          "wall_stage8_grad_write_delta_mag_active_p50": 0.03066540214075926,
          "wall_stage8_grad_write_delta_mag_active_max": 0.05,
          "wall_stage8_contact_residual_active_p99": 0.15296761736821496,
          "wall_stage8_normal_delta_raw_active_p99": -0.008017129038383242,
          "wall_stage8_normal_delta_limited_active_p99": -2.7680288693683115e-06,
          "wall_stage8_vector_delta_raw_active_p99": 0.14319217471102455,
          "wall_stage8_vector_delta_limited_active_p99": 0.05,
          "wall_stage8_limiter_ratio_active_p50": 0.500528260491698,
          "max_mach": 0.0,
          "nonfinite_total": 0,
          "path_counts": "{\"2\": 64136, \"5\": 16384}"
        },
        {
          "case_id": "cap_theta030_wall015_stage8g_mode0",
          "step": 100,
          "init_theta_deg": 30.0,
          "wall_rad_angle_deg": null,
          "angle_apparent_deg": 29.451134748644048,
          "angle_error_vs_init_deg": -0.5488652513559522,
          "angle_error_vs_wall_rad_deg": NaN,
          "fit_point_count": 128,
          "phase_fluid_sum": 52521.08037404027,
          "phase_fluid_rel_change": -0.0013759272500982818,
          "rho_fluid_sum": 53960.90329366621,
          "rho_fluid_rel_change": -0.0013379254856247878,
          "phase_fluid_min": -1.8321365573391792e-31,
          "phase_fluid_max": 0.9997681245948037,
          "wall_phase_pred_min": NaN,
          "wall_phase_pred_max": NaN,
          "wall_phase_raw_min": NaN,
          "wall_phase_raw_max": NaN,
          "wall_phase_profile_max": NaN,
          "wall_phase_signed_profile_max": NaN,
          "wall_phase_signed_min": NaN,
          "wall_phase_signed_max": NaN,
          "wall_signed_logit_shift_max": NaN,
          "wall_contact_residual_mean": NaN,
          "wall_contact_residual_min": NaN,
          "wall_contact_residual_max": NaN,
          "wall_signed_normal_grad_mean": NaN,
          "wall_tangent_grad_mag_mean": NaN,
          "wall_signed_delta_q_min": NaN,
          "wall_signed_delta_q_max": NaN,
          "wall_signed_q_clipped_sum": NaN,
          "wall_stage7_active_weight_sum": NaN,
          "wall_stage7_active_weight_mean": NaN,
          "wall_stage7_delta_q_raw_p50": NaN,
          "wall_stage7_delta_q_raw_p99": NaN,
          "wall_stage7_delta_q_raw_max": NaN,
          "wall_stage7_delta_q_limited_p50": NaN,
          "wall_stage7_delta_q_limited_p99": NaN,
          "wall_stage7_delta_q_limited_max": NaN,
          "wall_stage7_denom_min": NaN,
          "wall_stage7_denom_p50": NaN,
          "wall_stage7_limiter_reason_sum": NaN,
          "wall_stage7_limiter_reason_max": NaN,
          "wall_stage7_normal_path_count": 0,
          "wall_stage7_normal_limiter_count": 0,
          "wall_stage7_active_path_count": 0,
          "wall_stage7_active_limiter_count": 0,
          "wall_stage7_actual_cos_p50": NaN,
          "wall_stage7_target_cos_p50": NaN,
          "wall_stage7_write_candidate_min": NaN,
          "wall_stage7_write_candidate_max": NaN,
          "wall_stage7_write_minus_profile_min": NaN,
          "wall_stage7_write_minus_profile_max": NaN,
          "wall_stage8_active_weight_sum": 5955.335965423847,
          "wall_stage8_active_weight_mean": 0.003990591958304417,
          "wall_stage8_normal_grad_raw_p50": 0.0,
          "wall_stage8_normal_grad_target_p50": 0.0,
          "wall_stage8_contact_residual_mean": 0.0024517863540066596,
          "wall_stage8_contact_residual_p50": 0.0,
          "wall_stage8_contact_residual_p99": 0.089716544540342,
          "wall_stage8_tangent_grad_mag_p50": 0.0,
          "wall_stage8_target_cos_p50": 0.0,
          "wall_stage8_grad_write_delta_mag_p50": 0.0,
          "wall_stage8_grad_write_delta_mag_max": 0.05,
          "wall_stage8_limiter_reason_sum": 5198096.0,
          "wall_stage8_limiter_reason_max": 128.0,
          "wall_stage8_limiter_nonzero_count": 1490788,
          "wall_stage8_active_count": 7500,
          "wall_stage8_delta_limiter_count": 5944,
          "wall_stage8_normal_limiter_count": 5944,
          "wall_stage8_normal_limiter_fraction": 0.7925333333333333,
          "wall_stage8_vector_limiter_count": 0,
          "wall_stage8_vector_limiter_fraction": 0.0,
          "wall_stage8_missing_wall_data_count": 1414592,
          "wall_stage8_normal_low_agreement_count": 0,
          "wall_stage8_local_wall_angle_wall_p50": 1.5707963267948966,
          "wall_stage8_local_wall_angle_wall_min": 0.2617993877991494,
          "wall_stage8_local_wall_angle_wall_max": 1.5707963267948966,
          "wall_stage8_local_wall_normal_mag_wall_p50": 1.0,
          "wall_stage8_fluid_wall_angle_p50": 0.0,
          "wall_stage8_fluid_wall_angle_min": 0.0,
          "wall_stage8_fluid_wall_angle_max": 1.570796326794897,
          "wall_stage8_fluid_wall_normal_mag_p50": 0.0,
          "wall_stage8_fluid_wall_data_count_p50": 0.0,
          "wall_stage8_fluid_wall_data_count_p05": 0.0,
          "wall_stage8_grad_candidate_use_sum": 7500.0,
          "wall_stage8_grad_candidate_mag_p50": 8.552185226600276e-12,
          "wall_stage8_grad_candidate_mag_max": 0.2160572061995015,
          "wall_stage8_normal_agreement_p05": 0.0,
          "wall_stage8_normal_agreement_p50": 0.0,
          "wall_stage8_used_geom_normal_sum": 77752.0,
          "wall_stage8_data_fluid_count": 77752,
          "wall_stage8_active_fluid_count": 7500,
          "wall_stage8_fluid_wall_angle_data_p50": 1.5707963267948968,
          "wall_stage8_fluid_wall_angle_active_p50": 0.2617993877991494,
          "wall_stage8_fluid_wall_data_count_data_p50": 9.0,
          "wall_stage8_fluid_wall_data_count_active_p50": 9.0,
          "wall_stage8_normal_agreement_data_p05": 1.0,
          "wall_stage8_normal_agreement_data_p50": 1.0,
          "wall_stage8_normal_agreement_active_p05": 1.0,
          "wall_stage8_normal_agreement_active_p50": 1.0,
          "wall_stage8_used_geom_normal_data_sum": 77752.0,
          "wall_stage8_used_geom_normal_active_sum": 7500.0,
          "wall_stage8_grad_write_delta_mag_active_p50": 0.032172356520675294,
          "wall_stage8_grad_write_delta_mag_active_max": 0.05,
          "wall_stage8_contact_residual_active_p99": 0.1364599184391636,
          "wall_stage8_normal_delta_raw_active_p99": -0.008832237402774112,
          "wall_stage8_normal_delta_limited_active_p99": -5.218219479465215e-06,
          "wall_stage8_vector_delta_raw_active_p99": 0.13988362305671526,
          "wall_stage8_vector_delta_limited_active_p99": 0.05,
          "wall_stage8_limiter_ratio_active_p50": 0.48764524948434096,
          "max_mach": 1.1537611240374779e-05,
          "nonfinite_total": 0,
          "path_counts": "{\"2\": 64136, \"5\": 16384}"
        },
        {
          "case_id": "cap_theta030_wall015_stage8g_mode0",
          "step": 1000,
          "init_theta_deg": 30.0,
          "wall_rad_angle_deg": null,
          "angle_apparent_deg": 29.477180399852635,
          "angle_error_vs_init_deg": -0.5228196001473648,
          "angle_error_vs_wall_rad_deg": NaN,
          "fit_point_count": 130,
          "phase_fluid_sum": 52513.23613447164,
          "phase_fluid_rel_change": -0.0015250758664226694,
          "rho_fluid_sum": 53953.0668983372,
          "rho_fluid_rel_change": -0.001482954763088763,
          "phase_fluid_min": 6.206057073299259e-15,
          "phase_fluid_max": 0.999766003296022,
          "wall_phase_pred_min": NaN,
          "wall_phase_pred_max": NaN,
          "wall_phase_raw_min": NaN,
          "wall_phase_raw_max": NaN,
          "wall_phase_profile_max": NaN,
          "wall_phase_signed_profile_max": NaN,
          "wall_phase_signed_min": NaN,
          "wall_phase_signed_max": NaN,
          "wall_signed_logit_shift_max": NaN,
          "wall_contact_residual_mean": NaN,
          "wall_contact_residual_min": NaN,
          "wall_contact_residual_max": NaN,
          "wall_signed_normal_grad_mean": NaN,
          "wall_tangent_grad_mag_mean": NaN,
          "wall_signed_delta_q_min": NaN,
          "wall_signed_delta_q_max": NaN,
          "wall_signed_q_clipped_sum": NaN,
          "wall_stage7_active_weight_sum": NaN,
          "wall_stage7_active_weight_mean": NaN,
          "wall_stage7_delta_q_raw_p50": NaN,
          "wall_stage7_delta_q_raw_p99": NaN,
          "wall_stage7_delta_q_raw_max": NaN,
          "wall_stage7_delta_q_limited_p50": NaN,
          "wall_stage7_delta_q_limited_p99": NaN,
          "wall_stage7_delta_q_limited_max": NaN,
          "wall_stage7_denom_min": NaN,
          "wall_stage7_denom_p50": NaN,
          "wall_stage7_limiter_reason_sum": NaN,
          "wall_stage7_limiter_reason_max": NaN,
          "wall_stage7_normal_path_count": 0,
          "wall_stage7_normal_limiter_count": 0,
          "wall_stage7_active_path_count": 0,
          "wall_stage7_active_limiter_count": 0,
          "wall_stage7_actual_cos_p50": NaN,
          "wall_stage7_target_cos_p50": NaN,
          "wall_stage7_write_candidate_min": NaN,
          "wall_stage7_write_candidate_max": NaN,
          "wall_stage7_write_minus_profile_min": NaN,
          "wall_stage7_write_minus_profile_max": NaN,
          "wall_stage8_active_weight_sum": 6204.114815079479,
          "wall_stage8_active_weight_mean": 0.004157295379000739,
          "wall_stage8_normal_grad_raw_p50": 0.0,
          "wall_stage8_normal_grad_target_p50": 0.0,
          "wall_stage8_contact_residual_mean": 0.0018550817115395002,
          "wall_stage8_contact_residual_p50": 0.0,
          "wall_stage8_contact_residual_p99": 0.06725133231059773,
          "wall_stage8_tangent_grad_mag_p50": 0.0,
          "wall_stage8_target_cos_p50": 0.0,
          "wall_stage8_grad_write_delta_mag_p50": 0.0,
          "wall_stage8_grad_write_delta_mag_max": 0.05,
          "wall_stage8_limiter_reason_sum": 5219232.0,
          "wall_stage8_limiter_reason_max": 128.0,
          "wall_stage8_limiter_nonzero_count": 1490624,
          "wall_stage8_active_count": 7856,
          "wall_stage8_delta_limiter_count": 6136,
          "wall_stage8_normal_limiter_count": 6136,
          "wall_stage8_normal_limiter_fraction": 0.7810590631364562,
          "wall_stage8_vector_limiter_count": 0,
          "wall_stage8_vector_limiter_fraction": 0.0,
          "wall_stage8_missing_wall_data_count": 1414592,
          "wall_stage8_normal_low_agreement_count": 0,
          "wall_stage8_local_wall_angle_wall_p50": 1.5707963267948966,
          "wall_stage8_local_wall_angle_wall_min": 0.2617993877991494,
          "wall_stage8_local_wall_angle_wall_max": 1.5707963267948966,
          "wall_stage8_local_wall_normal_mag_wall_p50": 1.0,
          "wall_stage8_fluid_wall_angle_p50": 0.0,
          "wall_stage8_fluid_wall_angle_min": 0.0,
          "wall_stage8_fluid_wall_angle_max": 1.570796326794897,
          "wall_stage8_fluid_wall_normal_mag_p50": 0.0,
          "wall_stage8_fluid_wall_data_count_p50": 0.0,
          "wall_stage8_fluid_wall_data_count_p05": 0.0,
          "wall_stage8_grad_candidate_use_sum": 7856.0,
          "wall_stage8_grad_candidate_mag_p50": 3.7131561154334227e-10,
          "wall_stage8_grad_candidate_mag_max": 0.21649473792754137,
          "wall_stage8_normal_agreement_p05": 0.0,
          "wall_stage8_normal_agreement_p50": 0.0,
          "wall_stage8_used_geom_normal_sum": 77752.0,
          "wall_stage8_data_fluid_count": 77752,
          "wall_stage8_active_fluid_count": 7856,
          "wall_stage8_fluid_wall_angle_data_p50": 1.5707963267948968,
          "wall_stage8_fluid_wall_angle_active_p50": 0.2617993877991494,
          "wall_stage8_fluid_wall_data_count_data_p50": 9.0,
          "wall_stage8_fluid_wall_data_count_active_p50": 9.0,
          "wall_stage8_normal_agreement_data_p05": 1.0,
          "wall_stage8_normal_agreement_data_p50": 1.0,
          "wall_stage8_normal_agreement_active_p05": 1.0,
          "wall_stage8_normal_agreement_active_p50": 1.0,
          "wall_stage8_used_geom_normal_data_sum": 77752.0,
          "wall_stage8_used_geom_normal_active_sum": 7856.0,
          "wall_stage8_grad_write_delta_mag_active_p50": 0.03227299236881656,
          "wall_stage8_grad_write_delta_mag_active_max": 0.05,
          "wall_stage8_contact_residual_active_p99": 0.11392179124001717,
          "wall_stage8_normal_delta_raw_active_p99": -0.007014407322343143,
          "wall_stage8_normal_delta_limited_active_p99": -1.6862805440553716e-06,
          "wall_stage8_vector_delta_raw_active_p99": 0.12359354178141392,
          "wall_stage8_vector_delta_limited_active_p99": 0.05,
          "wall_stage8_limiter_ratio_active_p50": 0.5313861836669614,
          "max_mach": 9.492780825878539e-06,
          "nonfinite_total": 0,
          "path_counts": "{\"2\": 64136, \"5\": 16384}"
        }
      ],
      "claim_limit": "flat-wall runtime sanity/contact-response diagnostic only"
    }
  ],
  "claim_limit": "flat-wall runtime sanity/contact-response diagnostic only"
}
