MPMD: TCLB: local:0/1 work:0/1 ---  connected to:
[  ]    ---- : Using std::chrono::steady_clock::now() for walltime
[  ]    #### : -------------------------------------------------------------------------
[  ]    #### : -  CLB version:                   ded67cd                               -
[  ]    #### : -        Model: d3q27_pf_velocity_q27_geometric                               -
[  ]    #### : -------------------------------------------------------------------------
[  ]    #### : Setting output path to: case
[  ]    ---- : Discarding 1 comments
[ 0]    ---- : Selecting device 0/1
[  ]    ---- :   Threads  |      Action
[  ]    ==== :    32x4    | BorderExecutor<(eOperationType)0, (eCalculateGlobals)0, (eStage)0> --- Reduced from maximum 1024
[  ]    ==== :    32x4    | BorderExecutor<(eOperationType)0, (eCalculateGlobals)0, (eStage)1> --- Reduced from maximum 384
[  ]    ==== :    32x4    | BorderExecutor<(eOperationType)0, (eCalculateGlobals)0, (eStage)2> --- Reduced from maximum 384
[  ]    ==== :    32x4    | BorderExecutor<(eOperationType)0, (eCalculateGlobals)0, (eStage)3> --- Reduced from maximum 256
[  ]    ==== :    32x4    | BorderExecutor<(eOperationType)0, (eCalculateGlobals)0, (eStage)4> --- Reduced from maximum 1024
[  ]    ==== :    32x4    | BorderExecutor<(eOperationType)0, (eCalculateGlobals)0, (eStage)5> --- Reduced from maximum 512
[  ]    ==== :    32x4    | BorderExecutor<(eOperationType)0, (eCalculateGlobals)0, (eStage)6> --- Reduced from maximum 1024
[  ]    ==== :    32x4    | BorderExecutor<(eOperationType)0, (eCalculateGlobals)0, (eStage)7> --- Reduced from maximum 640
[  ]    ==== :    32x4    | BorderExecutor<(eOperationType)0, (eCalculateGlobals)0, (eStage)8> --- Reduced from maximum 640
[  ]    ==== :    32x4    | BorderExecutor<(eOperationType)0, (eCalculateGlobals)0, (eStage)9> --- Reduced from maximum 1024
[  ]    ==== :    32x4    | BorderExecutor<(eOperationType)0, (eCalculateGlobals)1, (eStage)0> --- Reduced from maximum 896
[  ]    ==== :    32x4    | BorderExecutor<(eOperationType)0, (eCalculateGlobals)1, (eStage)1> --- Reduced from maximum 384
[  ]    ==== :    32x4    | BorderExecutor<(eOperationType)0, (eCalculateGlobals)1, (eStage)2> --- Reduced from maximum 256
[  ]    ==== :    32x4    | BorderExecutor<(eOperationType)0, (eCalculateGlobals)1, (eStage)3> --- Reduced from maximum 256
[  ]    ==== :    32x4    | BorderExecutor<(eOperationType)0, (eCalculateGlobals)1, (eStage)4> --- Reduced from maximum 1024
[  ]    ==== :    32x4    | BorderExecutor<(eOperationType)0, (eCalculateGlobals)1, (eStage)5> --- Reduced from maximum 512
[  ]    ==== :    32x4    | BorderExecutor<(eOperationType)0, (eCalculateGlobals)1, (eStage)6> --- Reduced from maximum 1024
[  ]    ==== :    32x4    | BorderExecutor<(eOperationType)0, (eCalculateGlobals)1, (eStage)7> --- Reduced from maximum 640
[  ]    ==== :    32x4    | BorderExecutor<(eOperationType)0, (eCalculateGlobals)1, (eStage)8> --- Reduced from maximum 640
[  ]    ==== :    32x4    | BorderExecutor<(eOperationType)0, (eCalculateGlobals)1, (eStage)9> --- Reduced from maximum 1024
[  ]    ==== :    32x4    | BorderExecutor<(eOperationType)0, (eCalculateGlobals)2, (eStage)0> --- Reduced from maximum 1024
[  ]    ==== :    32x4    | BorderExecutor<(eOperationType)0, (eCalculateGlobals)2, (eStage)1> --- Reduced from maximum 1024
[  ]    ==== :    32x4    | BorderExecutor<(eOperationType)0, (eCalculateGlobals)2, (eStage)2> --- Reduced from maximum 1024
[  ]    ==== :    32x4    | BorderExecutor<(eOperationType)0, (eCalculateGlobals)2, (eStage)3> --- Reduced from maximum 1024
[  ]    ==== :    32x4    | BorderExecutor<(eOperationType)0, (eCalculateGlobals)2, (eStage)4> --- Reduced from maximum 1024
[  ]    ==== :    32x4    | BorderExecutor<(eOperationType)0, (eCalculateGlobals)2, (eStage)5> --- Reduced from maximum 1024
[  ]    ==== :    32x4    | BorderExecutor<(eOperationType)0, (eCalculateGlobals)2, (eStage)6> --- Reduced from maximum 1024
[  ]    ==== :    32x4    | BorderExecutor<(eOperationType)0, (eCalculateGlobals)2, (eStage)7> --- Reduced from maximum 1024
[  ]    ==== :    32x4    | BorderExecutor<(eOperationType)0, (eCalculateGlobals)2, (eStage)8> --- Reduced from maximum 1024
[  ]    ==== :    32x4    | BorderExecutor<(eOperationType)0, (eCalculateGlobals)2, (eStage)9> --- Reduced from maximum 1024
[  ]    ==== :    32x4    | BorderExecutor<(eOperationType)1, (eCalculateGlobals)0, (eStage)0> --- Reduced from maximum 1024
[  ]    ==== :    32x4    | BorderExecutor<(eOperationType)1, (eCalculateGlobals)0, (eStage)1> --- Reduced from maximum 1024
[  ]    ==== :    32x4    | BorderExecutor<(eOperationType)1, (eCalculateGlobals)0, (eStage)2> --- Reduced from maximum 1024
[  ]    ==== :    32x4    | BorderExecutor<(eOperationType)1, (eCalculateGlobals)0, (eStage)3> --- Reduced from maximum 1024
[  ]    ==== :    32x4    | BorderExecutor<(eOperationType)1, (eCalculateGlobals)0, (eStage)4> --- Reduced from maximum 1024
[  ]    ==== :    32x4    | BorderExecutor<(eOperationType)1, (eCalculateGlobals)0, (eStage)5> --- Reduced from maximum 1024
[  ]    ==== :    32x4    | BorderExecutor<(eOperationType)1, (eCalculateGlobals)0, (eStage)6> --- Reduced from maximum 1024
[  ]    ==== :    32x4    | BorderExecutor<(eOperationType)1, (eCalculateGlobals)0, (eStage)7> --- Reduced from maximum 1024
[  ]    ==== :    32x4    | BorderExecutor<(eOperationType)1, (eCalculateGlobals)0, (eStage)8> --- Reduced from maximum 1024
[  ]    ==== :    32x4    | BorderExecutor<(eOperationType)1, (eCalculateGlobals)0, (eStage)9> --- Reduced from maximum 1024
[  ]    ==== :    32x4    | BorderExecutor<(eOperationType)1, (eCalculateGlobals)1, (eStage)0> --- Reduced from maximum 1024
[  ]    ==== :    32x4    | BorderExecutor<(eOperationType)1, (eCalculateGlobals)1, (eStage)1> --- Reduced from maximum 1024
[  ]    ==== :    32x4    | BorderExecutor<(eOperationType)1, (eCalculateGlobals)1, (eStage)2> --- Reduced from maximum 1024
[  ]    ==== :    32x4    | BorderExecutor<(eOperationType)1, (eCalculateGlobals)1, (eStage)3> --- Reduced from maximum 1024
[  ]    ==== :    32x4    | BorderExecutor<(eOperationType)1, (eCalculateGlobals)1, (eStage)4> --- Reduced from maximum 1024
[  ]    ==== :    32x4    | BorderExecutor<(eOperationType)1, (eCalculateGlobals)1, (eStage)5> --- Reduced from maximum 1024
[  ]    ==== :    32x4    | BorderExecutor<(eOperationType)1, (eCalculateGlobals)1, (eStage)6> --- Reduced from maximum 1024
[  ]    ==== :    32x4    | BorderExecutor<(eOperationType)1, (eCalculateGlobals)1, (eStage)7> --- Reduced from maximum 1024
[  ]    ==== :    32x4    | BorderExecutor<(eOperationType)1, (eCalculateGlobals)1, (eStage)8> --- Reduced from maximum 1024
[  ]    ==== :    32x4    | BorderExecutor<(eOperationType)1, (eCalculateGlobals)1, (eStage)9> --- Reduced from maximum 1024
[  ]    ==== :    32x4    | BorderExecutor<(eOperationType)1, (eCalculateGlobals)2, (eStage)0> --- Reduced from maximum 1024
[  ]    ==== :    32x4    | BorderExecutor<(eOperationType)1, (eCalculateGlobals)2, (eStage)1> --- Reduced from maximum 1024
[  ]    ==== :    32x4    | BorderExecutor<(eOperationType)1, (eCalculateGlobals)2, (eStage)2> --- Reduced from maximum 1024
[  ]    ==== :    32x4    | BorderExecutor<(eOperationType)1, (eCalculateGlobals)2, (eStage)3> --- Reduced from maximum 1024
[  ]    ==== :    32x4    | BorderExecutor<(eOperationType)1, (eCalculateGlobals)2, (eStage)4> --- Reduced from maximum 1024
[  ]    ==== :    32x4    | BorderExecutor<(eOperationType)1, (eCalculateGlobals)2, (eStage)5> --- Reduced from maximum 1024
[  ]    ==== :    32x4    | BorderExecutor<(eOperationType)1, (eCalculateGlobals)2, (eStage)6> --- Reduced from maximum 1024
[  ]    ==== :    32x4    | BorderExecutor<(eOperationType)1, (eCalculateGlobals)2, (eStage)7> --- Reduced from maximum 1024
[  ]    ==== :    32x4    | BorderExecutor<(eOperationType)1, (eCalculateGlobals)2, (eStage)8> --- Reduced from maximum 1024
[  ]    ==== :    32x4    | BorderExecutor<(eOperationType)1, (eCalculateGlobals)2, (eStage)9> --- Reduced from maximum 1024
[  ]    ==== :    32x4    | BorderExecutor<(eOperationType)3, (eCalculateGlobals)0, (eStage)0> --- Reduced from maximum 1024
[  ]    ==== :    32x4    | BorderExecutor<(eOperationType)3, (eCalculateGlobals)0, (eStage)1> --- Reduced from maximum 1024
[  ]    ==== :    32x4    | BorderExecutor<(eOperationType)3, (eCalculateGlobals)0, (eStage)2> --- Reduced from maximum 1024
[  ]    ==== :    32x4    | BorderExecutor<(eOperationType)3, (eCalculateGlobals)0, (eStage)3> --- Reduced from maximum 1024
[  ]    ==== :    32x4    | BorderExecutor<(eOperationType)3, (eCalculateGlobals)0, (eStage)4> --- Reduced from maximum 1024
[  ]    ==== :    32x4    | BorderExecutor<(eOperationType)3, (eCalculateGlobals)0, (eStage)5> --- Reduced from maximum 1024
[  ]    ==== :    32x4    | BorderExecutor<(eOperationType)3, (eCalculateGlobals)0, (eStage)6> --- Reduced from maximum 1024
[  ]    ==== :    32x4    | BorderExecutor<(eOperationType)3, (eCalculateGlobals)0, (eStage)7> --- Reduced from maximum 1024
[  ]    ==== :    32x4    | BorderExecutor<(eOperationType)3, (eCalculateGlobals)0, (eStage)8> --- Reduced from maximum 1024
[  ]    ==== :    32x4    | BorderExecutor<(eOperationType)3, (eCalculateGlobals)0, (eStage)9> --- Reduced from maximum 1024
[  ]    ==== :    32x4    | BorderExecutor<(eOperationType)3, (eCalculateGlobals)1, (eStage)0> --- Reduced from maximum 1024
[  ]    ==== :    32x4    | BorderExecutor<(eOperationType)3, (eCalculateGlobals)1, (eStage)1> --- Reduced from maximum 1024
[  ]    ==== :    32x4    | BorderExecutor<(eOperationType)3, (eCalculateGlobals)1, (eStage)2> --- Reduced from maximum 1024
[  ]    ==== :    32x4    | BorderExecutor<(eOperationType)3, (eCalculateGlobals)1, (eStage)3> --- Reduced from maximum 1024
[  ]    ==== :    32x4    | BorderExecutor<(eOperationType)3, (eCalculateGlobals)1, (eStage)4> --- Reduced from maximum 1024
[  ]    ==== :    32x4    | BorderExecutor<(eOperationType)3, (eCalculateGlobals)1, (eStage)5> --- Reduced from maximum 1024
[  ]    ==== :    32x4    | BorderExecutor<(eOperationType)3, (eCalculateGlobals)1, (eStage)6> --- Reduced from maximum 1024
[  ]    ==== :    32x4    | BorderExecutor<(eOperationType)3, (eCalculateGlobals)1, (eStage)7> --- Reduced from maximum 1024
[  ]    ==== :    32x4    | BorderExecutor<(eOperationType)3, (eCalculateGlobals)1, (eStage)8> --- Reduced from maximum 1024
[  ]    ==== :    32x4    | BorderExecutor<(eOperationType)3, (eCalculateGlobals)1, (eStage)9> --- Reduced from maximum 1024
[  ]    ==== :    32x4    | BorderExecutor<(eOperationType)3, (eCalculateGlobals)2, (eStage)0> --- Reduced from maximum 1024
[  ]    ==== :    32x4    | BorderExecutor<(eOperationType)3, (eCalculateGlobals)2, (eStage)1> --- Reduced from maximum 1024
[  ]    ==== :    32x4    | BorderExecutor<(eOperationType)3, (eCalculateGlobals)2, (eStage)2> --- Reduced from maximum 1024
[  ]    ==== :    32x4    | BorderExecutor<(eOperationType)3, (eCalculateGlobals)2, (eStage)3> --- Reduced from maximum 1024
[  ]    ==== :    32x4    | BorderExecutor<(eOperationType)3, (eCalculateGlobals)2, (eStage)4> --- Reduced from maximum 1024
[  ]    ==== :    32x4    | BorderExecutor<(eOperationType)3, (eCalculateGlobals)2, (eStage)5> --- Reduced from maximum 1024
[  ]    ==== :    32x4    | BorderExecutor<(eOperationType)3, (eCalculateGlobals)2, (eStage)6> --- Reduced from maximum 1024
[  ]    ==== :    32x4    | BorderExecutor<(eOperationType)3, (eCalculateGlobals)2, (eStage)7> --- Reduced from maximum 1024
[  ]    ==== :    32x4    | BorderExecutor<(eOperationType)3, (eCalculateGlobals)2, (eStage)8> --- Reduced from maximum 1024
[  ]    ==== :    32x4    | BorderExecutor<(eOperationType)3, (eCalculateGlobals)2, (eStage)9> --- Reduced from maximum 1024
[  ]    ==== :    32x4    | BorderExecutor<(eOperationType)4, (eCalculateGlobals)0, (eStage)0> --- Reduced from maximum 1024
[  ]    ==== :    32x4    | BorderExecutor<(eOperationType)4, (eCalculateGlobals)0, (eStage)1> --- Reduced from maximum 1024
[  ]    ==== :    32x4    | BorderExecutor<(eOperationType)4, (eCalculateGlobals)0, (eStage)2> --- Reduced from maximum 1024
[  ]    ==== :    32x4    | BorderExecutor<(eOperationType)4, (eCalculateGlobals)0, (eStage)3> --- Reduced from maximum 1024
[  ]    ==== :    32x4    | BorderExecutor<(eOperationType)4, (eCalculateGlobals)0, (eStage)4> --- Reduced from maximum 1024
[  ]    ==== :    32x4    | BorderExecutor<(eOperationType)4, (eCalculateGlobals)0, (eStage)5> --- Reduced from maximum 1024
[  ]    ==== :    32x4    | BorderExecutor<(eOperationType)4, (eCalculateGlobals)0, (eStage)6> --- Reduced from maximum 1024
[  ]    ==== :    32x4    | BorderExecutor<(eOperationType)4, (eCalculateGlobals)0, (eStage)7> --- Reduced from maximum 1024
[  ]    ==== :    32x4    | BorderExecutor<(eOperationType)4, (eCalculateGlobals)0, (eStage)8> --- Reduced from maximum 1024
[  ]    ==== :    32x4    | BorderExecutor<(eOperationType)4, (eCalculateGlobals)0, (eStage)9> --- Reduced from maximum 1024
[  ]    ==== :    32x4    | BorderExecutor<(eOperationType)4, (eCalculateGlobals)1, (eStage)0> --- Reduced from maximum 1024
[  ]    ==== :    32x4    | BorderExecutor<(eOperationType)4, (eCalculateGlobals)1, (eStage)1> --- Reduced from maximum 1024
[  ]    ==== :    32x4    | BorderExecutor<(eOperationType)4, (eCalculateGlobals)1, (eStage)2> --- Reduced from maximum 1024
[  ]    ==== :    32x4    | BorderExecutor<(eOperationType)4, (eCalculateGlobals)1, (eStage)3> --- Reduced from maximum 1024
[  ]    ==== :    32x4    | BorderExecutor<(eOperationType)4, (eCalculateGlobals)1, (eStage)4> --- Reduced from maximum 1024
[  ]    ==== :    32x4    | BorderExecutor<(eOperationType)4, (eCalculateGlobals)1, (eStage)5> --- Reduced from maximum 1024
[  ]    ==== :    32x4    | BorderExecutor<(eOperationType)4, (eCalculateGlobals)1, (eStage)6> --- Reduced from maximum 1024
[  ]    ==== :    32x4    | BorderExecutor<(eOperationType)4, (eCalculateGlobals)1, (eStage)7> --- Reduced from maximum 1024
[  ]    ==== :    32x4    | BorderExecutor<(eOperationType)4, (eCalculateGlobals)1, (eStage)8> --- Reduced from maximum 1024
[  ]    ==== :    32x4    | BorderExecutor<(eOperationType)4, (eCalculateGlobals)1, (eStage)9> --- Reduced from maximum 1024
[  ]    ==== :    32x4    | BorderExecutor<(eOperationType)4, (eCalculateGlobals)2, (eStage)0> --- Reduced from maximum 1024
[  ]    ==== :    32x4    | BorderExecutor<(eOperationType)4, (eCalculateGlobals)2, (eStage)1> --- Reduced from maximum 1024
[  ]    ==== :    32x4    | BorderExecutor<(eOperationType)4, (eCalculateGlobals)2, (eStage)2> --- Reduced from maximum 1024
[  ]    ==== :    32x4    | BorderExecutor<(eOperationType)4, (eCalculateGlobals)2, (eStage)3> --- Reduced from maximum 1024
[  ]    ==== :    32x4    | BorderExecutor<(eOperationType)4, (eCalculateGlobals)2, (eStage)4> --- Reduced from maximum 1024
[  ]    ==== :    32x4    | BorderExecutor<(eOperationType)4, (eCalculateGlobals)2, (eStage)5> --- Reduced from maximum 1024
[  ]    ==== :    32x4    | BorderExecutor<(eOperationType)4, (eCalculateGlobals)2, (eStage)6> --- Reduced from maximum 1024
[  ]    ==== :    32x4    | BorderExecutor<(eOperationType)4, (eCalculateGlobals)2, (eStage)7> --- Reduced from maximum 1024
[  ]    ==== :    32x4    | BorderExecutor<(eOperationType)4, (eCalculateGlobals)2, (eStage)8> --- Reduced from maximum 1024
[  ]    ==== :    32x4    | BorderExecutor<(eOperationType)4, (eCalculateGlobals)2, (eStage)9> --- Reduced from maximum 1024
[  ]    ==== :    32x4    | InteriorExecutor<(eOperationType)0, (eCalculateGlobals)0, (eStage)0> --- Reduced from maximum 1024
[  ]    ==== :    32x4    | InteriorExecutor<(eOperationType)0, (eCalculateGlobals)0, (eStage)1> --- Reduced from maximum 640
[  ]    ==== :    32x4    | InteriorExecutor<(eOperationType)0, (eCalculateGlobals)0, (eStage)2> --- Reduced from maximum 384
[  ]    ==== :    32x4    | InteriorExecutor<(eOperationType)0, (eCalculateGlobals)0, (eStage)3> --- Reduced from maximum 256
[  ]    ==== :    32x4    | InteriorExecutor<(eOperationType)0, (eCalculateGlobals)0, (eStage)4> --- Reduced from maximum 1024
[  ]    ==== :    32x4    | InteriorExecutor<(eOperationType)0, (eCalculateGlobals)0, (eStage)5> --- Reduced from maximum 640
[  ]    ==== :    32x4    | InteriorExecutor<(eOperationType)0, (eCalculateGlobals)0, (eStage)6> --- Reduced from maximum 1024
[  ]    ==== :    32x4    | InteriorExecutor<(eOperationType)0, (eCalculateGlobals)0, (eStage)7> --- Reduced from maximum 1024
[  ]    ==== :    32x4    | InteriorExecutor<(eOperationType)0, (eCalculateGlobals)0, (eStage)8> --- Reduced from maximum 1024
[  ]    ==== :    32x4    | InteriorExecutor<(eOperationType)0, (eCalculateGlobals)0, (eStage)9> --- Reduced from maximum 1024
[  ]    ==== :    32x4    | InteriorExecutor<(eOperationType)0, (eCalculateGlobals)1, (eStage)0> --- Reduced from maximum 1024
[  ]    ==== :    32x4    | InteriorExecutor<(eOperationType)0, (eCalculateGlobals)1, (eStage)1> --- Reduced from maximum 256
[  ]    ==== :    32x4    | InteriorExecutor<(eOperationType)0, (eCalculateGlobals)1, (eStage)2> --- Reduced from maximum 256
[  ]    ==== :    32x4    | InteriorExecutor<(eOperationType)0, (eCalculateGlobals)1, (eStage)3> --- Reduced from maximum 256
[  ]    ==== :    32x4    | InteriorExecutor<(eOperationType)0, (eCalculateGlobals)1, (eStage)4> --- Reduced from maximum 1024
[  ]    ==== :    32x4    | InteriorExecutor<(eOperationType)0, (eCalculateGlobals)1, (eStage)5> --- Reduced from maximum 768
[  ]    ==== :    32x4    | InteriorExecutor<(eOperationType)0, (eCalculateGlobals)1, (eStage)6> --- Reduced from maximum 1024
[  ]    ==== :    32x4    | InteriorExecutor<(eOperationType)0, (eCalculateGlobals)1, (eStage)7> --- Reduced from maximum 1024
[  ]    ==== :    32x4    | InteriorExecutor<(eOperationType)0, (eCalculateGlobals)1, (eStage)8> --- Reduced from maximum 896
[  ]    ==== :    32x4    | InteriorExecutor<(eOperationType)0, (eCalculateGlobals)1, (eStage)9> --- Reduced from maximum 1024
[  ]    ==== :    32x4    | InteriorExecutor<(eOperationType)0, (eCalculateGlobals)2, (eStage)0> --- Reduced from maximum 1024
[  ]    ==== :    32x4    | InteriorExecutor<(eOperationType)0, (eCalculateGlobals)2, (eStage)1> --- Reduced from maximum 1024
[  ]    ==== :    32x4    | InteriorExecutor<(eOperationType)0, (eCalculateGlobals)2, (eStage)2> --- Reduced from maximum 1024
[  ]    ==== :    32x4    | InteriorExecutor<(eOperationType)0, (eCalculateGlobals)2, (eStage)3> --- Reduced from maximum 1024
[  ]    ==== :    32x4    | InteriorExecutor<(eOperationType)0, (eCalculateGlobals)2, (eStage)4> --- Reduced from maximum 1024
[  ]    ==== :    32x4    | InteriorExecutor<(eOperationType)0, (eCalculateGlobals)2, (eStage)5> --- Reduced from maximum 1024
[  ]    ==== :    32x4    | InteriorExecutor<(eOperationType)0, (eCalculateGlobals)2, (eStage)6> --- Reduced from maximum 1024
[  ]    ==== :    32x4    | InteriorExecutor<(eOperationType)0, (eCalculateGlobals)2, (eStage)7> --- Reduced from maximum 1024
[  ]    ==== :    32x4    | InteriorExecutor<(eOperationType)0, (eCalculateGlobals)2, (eStage)8> --- Reduced from maximum 1024
[  ]    ==== :    32x4    | InteriorExecutor<(eOperationType)0, (eCalculateGlobals)2, (eStage)9> --- Reduced from maximum 1024
[  ]    ==== :    32x4    | InteriorExecutor<(eOperationType)1, (eCalculateGlobals)0, (eStage)0> --- Reduced from maximum 1024
[  ]    ==== :    32x4    | InteriorExecutor<(eOperationType)1, (eCalculateGlobals)0, (eStage)1> --- Reduced from maximum 1024
[  ]    ==== :    32x4    | InteriorExecutor<(eOperationType)1, (eCalculateGlobals)0, (eStage)2> --- Reduced from maximum 1024
[  ]    ==== :    32x4    | InteriorExecutor<(eOperationType)1, (eCalculateGlobals)0, (eStage)3> --- Reduced from maximum 1024
[  ]    ==== :    32x4    | InteriorExecutor<(eOperationType)1, (eCalculateGlobals)0, (eStage)4> --- Reduced from maximum 1024
[  ]    ==== :    32x4    | InteriorExecutor<(eOperationType)1, (eCalculateGlobals)0, (eStage)5> --- Reduced from maximum 1024
[  ]    ==== :    32x4    | InteriorExecutor<(eOperationType)1, (eCalculateGlobals)0, (eStage)6> --- Reduced from maximum 1024
[  ]    ==== :    32x4    | InteriorExecutor<(eOperationType)1, (eCalculateGlobals)0, (eStage)7> --- Reduced from maximum 1024
[  ]    ==== :    32x4    | InteriorExecutor<(eOperationType)1, (eCalculateGlobals)0, (eStage)8> --- Reduced from maximum 1024
[  ]    ==== :    32x4    | InteriorExecutor<(eOperationType)1, (eCalculateGlobals)0, (eStage)9> --- Reduced from maximum 1024
[  ]    ==== :    32x4    | InteriorExecutor<(eOperationType)1, (eCalculateGlobals)1, (eStage)0> --- Reduced from maximum 1024
[  ]    ==== :    32x4    | InteriorExecutor<(eOperationType)1, (eCalculateGlobals)1, (eStage)1> --- Reduced from maximum 1024
[  ]    ==== :    32x4    | InteriorExecutor<(eOperationType)1, (eCalculateGlobals)1, (eStage)2> --- Reduced from maximum 1024
[  ]    ==== :    32x4    | InteriorExecutor<(eOperationType)1, (eCalculateGlobals)1, (eStage)3> --- Reduced from maximum 1024
[  ]    ==== :    32x4    | InteriorExecutor<(eOperationType)1, (eCalculateGlobals)1, (eStage)4> --- Reduced from maximum 1024
[  ]    ==== :    32x4    | InteriorExecutor<(eOperationType)1, (eCalculateGlobals)1, (eStage)5> --- Reduced from maximum 1024
[  ]    ==== :    32x4    | InteriorExecutor<(eOperationType)1, (eCalculateGlobals)1, (eStage)6> --- Reduced from maximum 1024
[  ]    ==== :    32x4    | InteriorExecutor<(eOperationType)1, (eCalculateGlobals)1, (eStage)7> --- Reduced from maximum 1024
[  ]    ==== :    32x4    | InteriorExecutor<(eOperationType)1, (eCalculateGlobals)1, (eStage)8> --- Reduced from maximum 1024
[  ]    ==== :    32x4    | InteriorExecutor<(eOperationType)1, (eCalculateGlobals)1, (eStage)9> --- Reduced from maximum 1024
[  ]    ==== :    32x4    | InteriorExecutor<(eOperationType)1, (eCalculateGlobals)2, (eStage)0> --- Reduced from maximum 1024
[  ]    ==== :    32x4    | InteriorExecutor<(eOperationType)1, (eCalculateGlobals)2, (eStage)1> --- Reduced from maximum 1024
[  ]    ==== :    32x4    | InteriorExecutor<(eOperationType)1, (eCalculateGlobals)2, (eStage)2> --- Reduced from maximum 1024
[  ]    ==== :    32x4    | InteriorExecutor<(eOperationType)1, (eCalculateGlobals)2, (eStage)3> --- Reduced from maximum 1024
[  ]    ==== :    32x4    | InteriorExecutor<(eOperationType)1, (eCalculateGlobals)2, (eStage)4> --- Reduced from maximum 1024
[  ]    ==== :    32x4    | InteriorExecutor<(eOperationType)1, (eCalculateGlobals)2, (eStage)5> --- Reduced from maximum 1024
[  ]    ==== :    32x4    | InteriorExecutor<(eOperationType)1, (eCalculateGlobals)2, (eStage)6> --- Reduced from maximum 1024
[  ]    ==== :    32x4    | InteriorExecutor<(eOperationType)1, (eCalculateGlobals)2, (eStage)7> --- Reduced from maximum 1024
[  ]    ==== :    32x4    | InteriorExecutor<(eOperationType)1, (eCalculateGlobals)2, (eStage)8> --- Reduced from maximum 1024
[  ]    ==== :    32x4    | InteriorExecutor<(eOperationType)1, (eCalculateGlobals)2, (eStage)9> --- Reduced from maximum 1024
[  ]    ==== :    32x4    | InteriorExecutor<(eOperationType)3, (eCalculateGlobals)0, (eStage)0> --- Reduced from maximum 1024
[  ]    ==== :    32x4    | InteriorExecutor<(eOperationType)3, (eCalculateGlobals)0, (eStage)1> --- Reduced from maximum 1024
[  ]    ==== :    32x4    | InteriorExecutor<(eOperationType)3, (eCalculateGlobals)0, (eStage)2> --- Reduced from maximum 1024
[  ]    ==== :    32x4    | InteriorExecutor<(eOperationType)3, (eCalculateGlobals)0, (eStage)3> --- Reduced from maximum 1024
[  ]    ==== :    32x4    | InteriorExecutor<(eOperationType)3, (eCalculateGlobals)0, (eStage)4> --- Reduced from maximum 1024
[  ]    ==== :    32x4    | InteriorExecutor<(eOperationType)3, (eCalculateGlobals)0, (eStage)5> --- Reduced from maximum 1024
[  ]    ==== :    32x4    | InteriorExecutor<(eOperationType)3, (eCalculateGlobals)0, (eStage)6> --- Reduced from maximum 1024
[  ]    ==== :    32x4    | InteriorExecutor<(eOperationType)3, (eCalculateGlobals)0, (eStage)7> --- Reduced from maximum 1024
[  ]    ==== :    32x4    | InteriorExecutor<(eOperationType)3, (eCalculateGlobals)0, (eStage)8> --- Reduced from maximum 1024
[  ]    ==== :    32x4    | InteriorExecutor<(eOperationType)3, (eCalculateGlobals)0, (eStage)9> --- Reduced from maximum 1024
[  ]    ==== :    32x4    | InteriorExecutor<(eOperationType)3, (eCalculateGlobals)1, (eStage)0> --- Reduced from maximum 1024
[  ]    ==== :    32x4    | InteriorExecutor<(eOperationType)3, (eCalculateGlobals)1, (eStage)1> --- Reduced from maximum 1024
[  ]    ==== :    32x4    | InteriorExecutor<(eOperationType)3, (eCalculateGlobals)1, (eStage)2> --- Reduced from maximum 1024
[  ]    ==== :    32x4    | InteriorExecutor<(eOperationType)3, (eCalculateGlobals)1, (eStage)3> --- Reduced from maximum 1024
[  ]    ==== :    32x4    | InteriorExecutor<(eOperationType)3, (eCalculateGlobals)1, (eStage)4> --- Reduced from maximum 1024
[  ]    ==== :    32x4    | InteriorExecutor<(eOperationType)3, (eCalculateGlobals)1, (eStage)5> --- Reduced from maximum 1024
[  ]    ==== :    32x4    | InteriorExecutor<(eOperationType)3, (eCalculateGlobals)1, (eStage)6> --- Reduced from maximum 1024
[  ]    ==== :    32x4    | InteriorExecutor<(eOperationType)3, (eCalculateGlobals)1, (eStage)7> --- Reduced from maximum 1024
[  ]    ==== :    32x4    | InteriorExecutor<(eOperationType)3, (eCalculateGlobals)1, (eStage)8> --- Reduced from maximum 1024
[  ]    ==== :    32x4    | InteriorExecutor<(eOperationType)3, (eCalculateGlobals)1, (eStage)9> --- Reduced from maximum 1024
[  ]    ==== :    32x4    | InteriorExecutor<(eOperationType)3, (eCalculateGlobals)2, (eStage)0> --- Reduced from maximum 1024
[  ]    ==== :    32x4    | InteriorExecutor<(eOperationType)3, (eCalculateGlobals)2, (eStage)1> --- Reduced from maximum 1024
[  ]    ==== :    32x4    | InteriorExecutor<(eOperationType)3, (eCalculateGlobals)2, (eStage)2> --- Reduced from maximum 1024
[  ]    ==== :    32x4    | InteriorExecutor<(eOperationType)3, (eCalculateGlobals)2, (eStage)3> --- Reduced from maximum 1024
[  ]    ==== :    32x4    | InteriorExecutor<(eOperationType)3, (eCalculateGlobals)2, (eStage)4> --- Reduced from maximum 1024
[  ]    ==== :    32x4    | InteriorExecutor<(eOperationType)3, (eCalculateGlobals)2, (eStage)5> --- Reduced from maximum 1024
[  ]    ==== :    32x4    | InteriorExecutor<(eOperationType)3, (eCalculateGlobals)2, (eStage)6> --- Reduced from maximum 1024
[  ]    ==== :    32x4    | InteriorExecutor<(eOperationType)3, (eCalculateGlobals)2, (eStage)7> --- Reduced from maximum 1024
[  ]    ==== :    32x4    | InteriorExecutor<(eOperationType)3, (eCalculateGlobals)2, (eStage)8> --- Reduced from maximum 1024
[  ]    ==== :    32x4    | InteriorExecutor<(eOperationType)3, (eCalculateGlobals)2, (eStage)9> --- Reduced from maximum 1024
[  ]    ==== :    32x4    | InteriorExecutor<(eOperationType)4, (eCalculateGlobals)0, (eStage)0> --- Reduced from maximum 1024
[  ]    ==== :    32x4    | InteriorExecutor<(eOperationType)4, (eCalculateGlobals)0, (eStage)1> --- Reduced from maximum 1024
[  ]    ==== :    32x4    | InteriorExecutor<(eOperationType)4, (eCalculateGlobals)0, (eStage)2> --- Reduced from maximum 1024
[  ]    ==== :    32x4    | InteriorExecutor<(eOperationType)4, (eCalculateGlobals)0, (eStage)3> --- Reduced from maximum 1024
[  ]    ==== :    32x4    | InteriorExecutor<(eOperationType)4, (eCalculateGlobals)0, (eStage)4> --- Reduced from maximum 1024
[  ]    ==== :    32x4    | InteriorExecutor<(eOperationType)4, (eCalculateGlobals)0, (eStage)5> --- Reduced from maximum 1024
[  ]    ==== :    32x4    | InteriorExecutor<(eOperationType)4, (eCalculateGlobals)0, (eStage)6> --- Reduced from maximum 1024
[  ]    ==== :    32x4    | InteriorExecutor<(eOperationType)4, (eCalculateGlobals)0, (eStage)7> --- Reduced from maximum 1024
[  ]    ==== :    32x4    | InteriorExecutor<(eOperationType)4, (eCalculateGlobals)0, (eStage)8> --- Reduced from maximum 1024
[  ]    ==== :    32x4    | InteriorExecutor<(eOperationType)4, (eCalculateGlobals)0, (eStage)9> --- Reduced from maximum 1024
[  ]    ==== :    32x4    | InteriorExecutor<(eOperationType)4, (eCalculateGlobals)1, (eStage)0> --- Reduced from maximum 1024
[  ]    ==== :    32x4    | InteriorExecutor<(eOperationType)4, (eCalculateGlobals)1, (eStage)1> --- Reduced from maximum 1024
[  ]    ==== :    32x4    | InteriorExecutor<(eOperationType)4, (eCalculateGlobals)1, (eStage)2> --- Reduced from maximum 1024
[  ]    ==== :    32x4    | InteriorExecutor<(eOperationType)4, (eCalculateGlobals)1, (eStage)3> --- Reduced from maximum 1024
[  ]    ==== :    32x4    | InteriorExecutor<(eOperationType)4, (eCalculateGlobals)1, (eStage)4> --- Reduced from maximum 1024
[  ]    ==== :    32x4    | InteriorExecutor<(eOperationType)4, (eCalculateGlobals)1, (eStage)5> --- Reduced from maximum 1024
[  ]    ==== :    32x4    | InteriorExecutor<(eOperationType)4, (eCalculateGlobals)1, (eStage)6> --- Reduced from maximum 1024
[  ]    ==== :    32x4    | InteriorExecutor<(eOperationType)4, (eCalculateGlobals)1, (eStage)7> --- Reduced from maximum 1024
[  ]    ==== :    32x4    | InteriorExecutor<(eOperationType)4, (eCalculateGlobals)1, (eStage)8> --- Reduced from maximum 1024
[  ]    ==== :    32x4    | InteriorExecutor<(eOperationType)4, (eCalculateGlobals)1, (eStage)9> --- Reduced from maximum 1024
[  ]    ==== :    32x4    | InteriorExecutor<(eOperationType)4, (eCalculateGlobals)2, (eStage)0> --- Reduced from maximum 1024
[  ]    ==== :    32x4    | InteriorExecutor<(eOperationType)4, (eCalculateGlobals)2, (eStage)1> --- Reduced from maximum 1024
[  ]    ==== :    32x4    | InteriorExecutor<(eOperationType)4, (eCalculateGlobals)2, (eStage)2> --- Reduced from maximum 1024
[  ]    ==== :    32x4    | InteriorExecutor<(eOperationType)4, (eCalculateGlobals)2, (eStage)3> --- Reduced from maximum 1024
[  ]    ==== :    32x4    | InteriorExecutor<(eOperationType)4, (eCalculateGlobals)2, (eStage)4> --- Reduced from maximum 1024
[  ]    ==== :    32x4    | InteriorExecutor<(eOperationType)4, (eCalculateGlobals)2, (eStage)5> --- Reduced from maximum 1024
[  ]    ==== :    32x4    | InteriorExecutor<(eOperationType)4, (eCalculateGlobals)2, (eStage)6> --- Reduced from maximum 1024
[  ]    ==== :    32x4    | InteriorExecutor<(eOperationType)4, (eCalculateGlobals)2, (eStage)7> --- Reduced from maximum 1024
[  ]    ==== :    32x4    | InteriorExecutor<(eOperationType)4, (eCalculateGlobals)2, (eStage)8> --- Reduced from maximum 1024
[  ]    ==== :    32x4    | InteriorExecutor<(eOperationType)4, (eCalculateGlobals)2, (eStage)9> --- Reduced from maximum 1024
[ 0] warning ! No "Units" element in config file
[  ]    ==== : Mesh size in config file: 80x80x140
[  ]    ---- : Global lattice size: 80x80x140
[  ]    ==== : Max region size: 1075200. Mesh size 1075200. Overhead:  0%
[  ]    ---- : Local lattice size: 96x80x140
[  ]    #### : [0] Cumulative allocation of 1269176320 b (1.3 GB)
[  ]    ---- : Creating geom size:1075200
[  ]    #### : Setting output path to: case
[  ]    #### : Setting output path to: /mnt/8A0E24070E23EAC1/runs/tclb_wall_geom_diag_bounded_curved_rad011_10k_20260610/curved_theta011/output/case
[  ]    ---- : loading geometry ...
[  ]    ---- : overwriting all flags
[  ]    ---- : Setting number of zones to 3
[  ]    ---- : Setting Density_h to 1 (1.000000)
[  ]    ---- : Setting Density_l to 0.001 (0.001000)
[  ]    ---- : Setting Viscosity_h to 0.09 (0.090000)
[  ]    ---- : Setting Viscosity_l to 0.1 (0.100000)
[  ]    ---- : Setting tauUpdate to 3 (3.000000)
[  ]    ---- : Setting sigma to 5e-05 (0.000050)
[  ]    ---- : Setting M to 0.1 (0.100000)
[  ]    ---- : Setting IntWidth to 6 (6.000000)
[  ]    ---- : Setting Radius to 24 (24.000000)
[  ]    ---- : Setting BubbleType to 1 (1.000000)
[  ]    ---- : Setting CenterX to 40 (40.000000)
[  ]    ---- : Setting CenterY to 40 (40.000000)
[  ]    ---- : Setting CenterZ to 72 (72.000000)
[  ]    ---- : Setting VelocityX in zone  (-1) to 0.0 (0.000000)
[  ]    ---- : Setting VelocityY in zone  (-1) to 0.0 (0.000000)
[  ]    ---- : Setting VelocityZ in zone  (-1) to 0.0 (0.000000)
[  ]    ---- : Setting GravitationX to 0.0 (0.000000)
[  ]    ---- : Setting GravitationY to 0.0 (0.000000)
[  ]    ---- : Setting GravitationZ to 0.0 (0.000000)
[  ]    ---- : Setting BuoyancyX to 0.0 (0.000000)
[  ]    ---- : Setting BuoyancyY to 0.0 (0.000000)
[  ]    ---- : Setting BuoyancyZ to 0.0 (0.000000)
[  ]    ---- : Setting radAngle in zone  (-1) to 11d (0.191986)
[ 0] WARNING ! Zone-specific settings in zone 0 were overwritten from 1.570796 to 0.191986
[  ]    ---- : Setting minGradient to 1e-08 (0.000000)
[  ]    ---- : Initializing Lattice ...
[  ]    127.4 MLBUps    147.06 GB/s [====================]  0s
[  ]    ---- : Callback VTK with no Iterations attribute
[  ]    ---- :        0 it writing vtk
[  ]    ---- : Setting callback Log at 10.000000 iterations
[  ]    ---- : Adding Log to the solver hands
[  ]    ---- : Setting callback Failcheck at 10.000000 iterations
[  ]    ---- : Adding Failcheck to the solver hands
[  ]    ---- : Setting action Solve at 10000.000000 iterations
[  ]    ---- : Setting callback VTK at 2000.000000 iterations
[  ]    ---- : Adding VTK to the solver hands
[  ]    ---- : Setting callback Log at 10.000000 iterations
[  ]    ---- : Adding Log to the solver hands
[  ]    ---- : Setting callback Failcheck at 10.000000 iterations
[  ]    ---- : Adding Failcheck to the solver hands
[  ]    ---- :      8.6 MLBUps      9.89 GB/s [====================]
[  ]    205.0 MLBUps    236.54 GB/s [================    ]  0s
[  ]    ---- :     96.7 MLBUps    111.54 GB/s [====================]
[  ]    ---- :    170.1 MLBUps    196.27 GB/s [====================]
[  ]    ---- :    171.4 MLBUps    197.78 GB/s [====================]
[  ]    ---- :    174.6 MLBUps    201.44 GB/s [====================]
[  ]    ---- :    175.0 MLBUps    202.00 GB/s [====================]
[  ]    ---- :    174.8 MLBUps    201.66 GB/s [====================]
[  ]    ---- :    175.9 MLBUps    202.96 GB/s [====================]
[  ]    ---- :    175.3 MLBUps    202.29 GB/s [====================]
[  ]    ---- :    175.2 MLBUps    202.18 GB/s [====================]
[  ]    ---- :    175.5 MLBUps    202.57 GB/s [====================]
[  ]    ---- :    175.4 MLBUps    202.45 GB/s [====================]
[  ]    ---- :    175.8 MLBUps    202.87 GB/s [====================]
[  ]    ---- :    175.8 MLBUps    202.87 GB/s [====================]
[  ]    ---- :    175.6 MLBUps    202.61 GB/s [====================]
[  ]    ---- :    175.2 MLBUps    202.17 GB/s [====================]
[  ]    ---- :    175.3 MLBUps    202.28 GB/s [====================]
[  ]    ---- :    175.1 MLBUps    202.01 GB/s [====================]
[  ]    ---- :    175.3 MLBUps    202.35 GB/s [====================]
[  ]    ---- :    175.2 MLBUps    202.17 GB/s [====================]
[  ]    ---- :    175.5 MLBUps    202.51 GB/s [====================]
[  ]    ---- :    175.7 MLBUps    202.78 GB/s [====================]
[  ]    ---- :    175.4 MLBUps    202.36 GB/s [====================]
[  ]    ---- :    175.2 MLBUps    202.18 GB/s [====================]
[  ]    ---- :    175.8 MLBUps    202.83 GB/s [====================]
[  ]    ---- :    175.4 MLBUps    202.44 GB/s [====================]
[  ]    ---- :    175.3 MLBUps    202.32 GB/s [====================]
[  ]    ---- :    175.6 MLBUps    202.62 GB/s [====================]
[  ]    ---- :    175.7 MLBUps    202.73 GB/s [====================]
[  ]    ---- :    175.2 MLBUps    202.18 GB/s [====================]
[  ]    ---- :    175.8 MLBUps    202.83 GB/s [====================]
[  ]    ---- :    175.8 MLBUps    202.82 GB/s [====================]
[  ]    ---- :    175.7 MLBUps    202.75 GB/s [====================]
[  ]    ---- :    175.8 MLBUps    202.87 GB/s [====================]
[  ]    ---- :    175.1 MLBUps    202.02 GB/s [====================]
[  ]    ---- :    175.8 MLBUps    202.85 GB/s [====================]
[  ]    ---- :    175.2 MLBUps    202.15 GB/s [====================]
[  ]    ---- :    175.2 MLBUps    202.22 GB/s [====================]
[  ]    ---- :    175.2 MLBUps    202.14 GB/s [====================]
[  ]    ---- :    175.6 MLBUps    202.60 GB/s [====================]
[  ]    ---- :    175.5 MLBUps    202.58 GB/s [====================]
[  ]    ---- :    175.4 MLBUps    202.37 GB/s [====================]
[  ]    ---- :    176.0 MLBUps    203.11 GB/s [====================]
[  ]    ---- :    175.5 MLBUps    202.51 GB/s [====================]
[  ]    ---- :    175.6 MLBUps    202.59 GB/s [====================]
[  ]    ---- :    175.4 MLBUps    202.41 GB/s [====================]
[  ]    ---- :    175.3 MLBUps    202.32 GB/s [====================]
[  ]    ---- :    175.3 MLBUps    202.35 GB/s [====================]
[  ]    ---- :    174.8 MLBUps    201.73 GB/s [====================]
[  ]    ---- :    175.5 MLBUps    202.50 GB/s [====================]
[  ]    ---- :    175.5 MLBUps    202.57 GB/s [====================]
[  ]    ---- :    175.3 MLBUps    202.29 GB/s [====================]
[  ]    ---- :    176.0 MLBUps    203.05 GB/s [====================]
[  ]    ---- :    175.3 MLBUps    202.32 GB/s [====================]
[  ]    ---- :    175.4 MLBUps    202.46 GB/s [====================]
[  ]    ---- :    175.5 MLBUps    202.57 GB/s [====================]
[  ]    ---- :    175.8 MLBUps    202.84 GB/s [====================]
[  ]    ---- :    175.1 MLBUps    202.12 GB/s [====================]
[  ]    ---- :    175.6 MLBUps    202.60 GB/s [====================]
[  ]    ---- :    175.3 MLBUps    202.30 GB/s [====================]
[  ]    ---- :    175.8 MLBUps    202.91 GB/s [====================]
[  ]    ---- :    175.3 MLBUps    202.33 GB/s [====================]
[  ]    ---- :    175.7 MLBUps    202.79 GB/s [====================]
[  ]    ---- :    175.7 MLBUps    202.73 GB/s [====================]
[  ]    ---- :    175.4 MLBUps    202.42 GB/s [====================]
[  ]    ---- :    175.6 MLBUps    202.65 GB/s [====================]
[  ]    ---- :    175.4 MLBUps    202.41 GB/s [====================]
[  ]    ---- :    175.3 MLBUps    202.34 GB/s [====================]
[  ]    ---- :    175.6 MLBUps    202.68 GB/s [====================]
[  ]    ---- :    175.4 MLBUps    202.44 GB/s [====================]
[  ]    ---- :    175.4 MLBUps    202.42 GB/s [====================]
[  ]    ---- :    175.2 MLBUps    202.15 GB/s [====================]
[  ]    ---- :    175.9 MLBUps    202.95 GB/s [====================]
[  ]    ---- :    175.2 MLBUps    202.16 GB/s [====================]
[  ]    ---- :    175.4 MLBUps    202.45 GB/s [====================]
[  ]    ---- :    175.7 MLBUps    202.75 GB/s [====================]
[  ]    ---- :    175.4 MLBUps    202.35 GB/s [====================]
[  ]    ---- :    175.6 MLBUps    202.62 GB/s [====================]
[  ]    ---- :    175.5 MLBUps    202.56 GB/s [====================]
[  ]    ---- :    175.5 MLBUps    202.57 GB/s [====================]
[  ]    ---- :    175.5 MLBUps    202.57 GB/s [====================]
[  ]    ---- :    175.4 MLBUps    202.37 GB/s [====================]
[  ]    ---- :    175.4 MLBUps    202.41 GB/s [====================]
[  ]    ---- :    175.5 MLBUps    202.51 GB/s [====================]
[  ]    ---- :    175.6 MLBUps    202.64 GB/s [====================]
[  ]    ---- :    175.6 MLBUps    202.60 GB/s [====================]
[  ]    ---- :    175.5 MLBUps    202.50 GB/s [====================]
[  ]    ---- :    175.6 MLBUps    202.69 GB/s [====================]
[  ]    ---- :    175.5 MLBUps    202.53 GB/s [====================]
[  ]    ---- :    175.5 MLBUps    202.51 GB/s [====================]
[  ]    ---- :    175.6 MLBUps    202.59 GB/s [====================]
[  ]    ---- :    175.7 MLBUps    202.77 GB/s [====================]
[  ]    ---- :    175.7 MLBUps    202.78 GB/s [====================]
[  ]    ---- :    175.5 MLBUps    202.58 GB/s [====================]
[  ]    ---- :    175.4 MLBUps    202.43 GB/s [====================]
[  ]    ---- :    175.8 MLBUps    202.83 GB/s [====================]
[  ]    ---- :    175.5 MLBUps    202.49 GB/s [====================]
[  ]    ---- :    175.6 MLBUps    202.59 GB/s [====================]
[  ]    ---- :    175.2 MLBUps    202.23 GB/s [====================]
[  ]    ---- :    175.0 MLBUps    201.96 GB/s [====================]
[  ]    ---- :    175.4 MLBUps    202.45 GB/s [====================]
[  ]    ---- :    175.7 MLBUps    202.77 GB/s [====================]
[  ]    ---- :    175.2 MLBUps    202.21 GB/s [====================]
[  ]    ---- :    175.4 MLBUps    202.41 GB/s [====================]
[  ]    ---- :    176.0 MLBUps    203.05 GB/s [====================]
[  ]    ---- :    175.6 MLBUps    202.60 GB/s [====================]
[  ]    ---- :    175.7 MLBUps    202.78 GB/s [====================]
[  ]    ---- :    175.7 MLBUps    202.73 GB/s [====================]
[  ]    ---- :    175.5 MLBUps    202.57 GB/s [====================]
[  ]    ---- :    175.4 MLBUps    202.47 GB/s [====================]
[  ]    ---- :    175.0 MLBUps    202.00 GB/s [====================]
[  ]    ---- :    175.2 MLBUps    202.15 GB/s [====================]
[  ]    ---- :    175.2 MLBUps    202.17 GB/s [====================]
[  ]    ---- :    175.8 MLBUps    202.84 GB/s [====================]
[  ]    ---- :    175.0 MLBUps    201.99 GB/s [====================]
[  ]    ---- :    175.6 MLBUps    202.61 GB/s [====================]
[  ]    ---- :    175.5 MLBUps    202.57 GB/s [====================]
[  ]    ---- :    175.3 MLBUps    202.29 GB/s [====================]
[  ]    ---- :    175.7 MLBUps    202.74 GB/s [====================]
[  ]    ---- :    175.5 MLBUps    202.55 GB/s [====================]
[  ]    ---- :    175.2 MLBUps    202.20 GB/s [====================]
[  ]    ---- :    175.4 MLBUps    202.44 GB/s [====================]
[  ]    ---- :    175.6 MLBUps    202.66 GB/s [====================]
[  ]    ---- :    175.2 MLBUps    202.22 GB/s [====================]
[  ]    ---- :    175.1 MLBUps    202.09 GB/s [====================]
[  ]    ---- :    175.7 MLBUps    202.75 GB/s [====================]
[  ]    ---- :    175.7 MLBUps    202.73 GB/s [====================]
[  ]    ---- :    175.6 MLBUps    202.61 GB/s [====================]
[  ]    ---- :    175.5 MLBUps    202.54 GB/s [====================]
[  ]    ---- :    175.5 MLBUps    202.52 GB/s [====================]
[  ]    ---- :    175.9 MLBUps    202.95 GB/s [====================]
[  ]    ---- :    175.5 MLBUps    202.56 GB/s [====================]
[  ]    ---- :    175.5 MLBUps    202.56 GB/s [====================]
[  ]    ---- :    175.6 MLBUps    202.69 GB/s [====================]
[  ]    ---- :    175.7 MLBUps    202.72 GB/s [====================]
[  ]    ---- :    175.4 MLBUps    202.42 GB/s [====================]
[  ]    ---- :    175.7 MLBUps    202.76 GB/s [====================]
[  ]    ---- :    175.6 MLBUps    202.62 GB/s [====================]
[  ]    ---- :    175.6 MLBUps    202.60 GB/s [====================]
[  ]    ---- :    175.7 MLBUps    202.79 GB/s [====================]
[  ]    ---- :    175.2 MLBUps    202.21 GB/s [====================]
[  ]    ---- :    175.6 MLBUps    202.63 GB/s [====================]
[  ]    ---- :    175.8 MLBUps    202.82 GB/s [====================]
[  ]    ---- :    175.7 MLBUps    202.75 GB/s [====================]
[  ]    ---- :    175.7 MLBUps    202.70 GB/s [====================]
[  ]    ---- :    175.6 MLBUps    202.61 GB/s [====================]
[  ]    ---- :    175.7 MLBUps    202.73 GB/s [====================]
[  ]    ---- :    175.7 MLBUps    202.80 GB/s [====================]
[  ]    ---- :    175.7 MLBUps    202.75 GB/s [====================]
[  ]    ---- :    175.5 MLBUps    202.48 GB/s [====================]
[  ]    ---- :    175.8 MLBUps    202.89 GB/s [====================]
[  ]    ---- :    175.4 MLBUps    202.46 GB/s [====================]
[  ]    ---- :    175.5 MLBUps    202.51 GB/s [====================]
[  ]    ---- :    175.7 MLBUps    202.80 GB/s [====================]
[  ]    ---- :    175.7 MLBUps    202.79 GB/s [====================]
[  ]    ---- :    175.8 MLBUps    202.88 GB/s [====================]
[  ]    ---- :    175.1 MLBUps    202.08 GB/s [====================]
[  ]    ---- :    175.1 MLBUps    202.05 GB/s [====================]
[  ]    ---- :    175.2 MLBUps    202.17 GB/s [====================]
[  ]    ---- :    175.7 MLBUps    202.72 GB/s [====================]
[  ]    ---- :    175.4 MLBUps    202.40 GB/s [====================]
[  ]    ---- :    175.5 MLBUps    202.57 GB/s [====================]
[  ]    ---- :    175.4 MLBUps    202.37 GB/s [====================]
[  ]    ---- :    174.9 MLBUps    201.82 GB/s [====================]
[  ]    ---- :    175.3 MLBUps    202.25 GB/s [====================]
[  ]    ---- :    175.3 MLBUps    202.34 GB/s [====================]
[  ]    ---- :    175.5 MLBUps    202.53 GB/s [====================]
[  ]    ---- :    175.8 MLBUps    202.91 GB/s [====================]
[  ]    ---- :    175.1 MLBUps    202.02 GB/s [====================]
[  ]    ---- :    175.6 MLBUps    202.60 GB/s [====================]
[  ]    ---- :    175.6 MLBUps    202.67 GB/s [====================]
[  ]    ---- :    175.7 MLBUps    202.81 GB/s [====================]
[  ]    ---- :    175.5 MLBUps    202.53 GB/s [====================]
[  ]    ---- :    175.4 MLBUps    202.43 GB/s [====================]
[  ]    ---- :    175.4 MLBUps    202.37 GB/s [====================]
[  ]    ---- :    175.5 MLBUps    202.55 GB/s [====================]
[  ]    ---- :    175.3 MLBUps    202.34 GB/s [====================]
[  ]    ---- :    175.7 MLBUps    202.75 GB/s [====================]
[  ]    ---- :    175.6 MLBUps    202.63 GB/s [====================]
[  ]    ---- :    175.4 MLBUps    202.41 GB/s [====================]
[  ]    ---- :    175.3 MLBUps    202.32 GB/s [====================]
[  ]    ---- :    175.9 MLBUps    202.99 GB/s [====================]
[  ]    ---- :    175.2 MLBUps    202.15 GB/s [====================]
[  ]    ---- :    175.3 MLBUps    202.24 GB/s [====================]
[  ]    ---- :    175.7 MLBUps    202.75 GB/s [====================]
[  ]    ---- :    175.8 MLBUps    202.92 GB/s [====================]
[  ]    ---- :    175.7 MLBUps    202.79 GB/s [====================]
[  ]    ---- :    175.6 MLBUps    202.61 GB/s [====================]
[  ]    ---- :    175.4 MLBUps    202.38 GB/s [====================]
[  ]    ---- :    175.7 MLBUps    202.81 GB/s [====================]
[  ]    ---- :    175.5 MLBUps    202.48 GB/s [====================]
[  ]    ---- :    175.3 MLBUps    202.28 GB/s [====================]
[  ]    ---- :    175.0 MLBUps    201.91 GB/s [====================]
[  ]    ---- :    175.3 MLBUps    202.29 GB/s [====================]
[  ]    ---- :    175.5 MLBUps    202.54 GB/s [====================]
[  ]    ---- :    175.4 MLBUps    202.42 GB/s [====================]
[  ]    ---- :    175.5 MLBUps    202.48 GB/s [====================]
[  ]    ---- :    175.3 MLBUps    202.31 GB/s [====================]
[  ]    ---- :    175.6 MLBUps    202.70 GB/s [====================]
[  ]    ---- :    175.2 MLBUps    202.14 GB/s [====================]
[  ]    ---- :     2000 it writing vtk
[  ]    ---- :      7.2 MLBUps      8.33 GB/s [====================]
[  ]    215.1 MLBUps    248.21 GB/s [============        ]  0s
[  ]    ---- :    135.4 MLBUps    156.24 GB/s [====================]
[  ]    ---- :    173.9 MLBUps    200.67 GB/s [====================]
[  ]    ---- :    174.6 MLBUps    201.47 GB/s [====================]
[  ]    ---- :    174.7 MLBUps    201.57 GB/s [====================]
[  ]    ---- :    174.2 MLBUps    201.07 GB/s [====================]
[  ]    ---- :    174.6 MLBUps    201.53 GB/s [====================]
[  ]    ---- :    174.0 MLBUps    200.83 GB/s [====================]
[  ]    ---- :    173.4 MLBUps    200.13 GB/s [====================]
[  ]    ---- :    174.1 MLBUps    200.93 GB/s [====================]
[  ]    ---- :    175.1 MLBUps    202.08 GB/s [====================]
[  ]    ---- :    173.5 MLBUps    200.21 GB/s [====================]
[  ]    ---- :    173.4 MLBUps    200.05 GB/s [====================]
[  ]    ---- :    173.9 MLBUps    200.70 GB/s [====================]
[  ]    ---- :    174.0 MLBUps    200.76 GB/s [====================]
[  ]    ---- :    175.7 MLBUps    202.81 GB/s [====================]
[  ]    ---- :    175.7 MLBUps    202.79 GB/s [====================]
[  ]    ---- :    175.8 MLBUps    202.87 GB/s [====================]
[  ]    ---- :    175.0 MLBUps    201.91 GB/s [====================]
[  ]    ---- :    175.3 MLBUps    202.26 GB/s [====================]
[  ]    ---- :    175.4 MLBUps    202.43 GB/s [====================]
[  ]    ---- :    175.2 MLBUps    202.21 GB/s [====================]
[  ]    ---- :    175.4 MLBUps    202.46 GB/s [====================]
[  ]    ---- :    175.7 MLBUps    202.75 GB/s [====================]
[  ]    ---- :    175.2 MLBUps    202.20 GB/s [====================]
[  ]    ---- :    175.5 MLBUps    202.54 GB/s [====================]
[  ]    ---- :    175.3 MLBUps    202.32 GB/s [====================]
[  ]    ---- :    175.5 MLBUps    202.47 GB/s [====================]
[  ]    ---- :    175.5 MLBUps    202.58 GB/s [====================]
[  ]    ---- :    175.3 MLBUps    202.28 GB/s [====================]
[  ]    ---- :    174.3 MLBUps    201.16 GB/s [====================]
[  ]    ---- :    175.0 MLBUps    201.93 GB/s [====================]
[  ]    ---- :    175.3 MLBUps    202.33 GB/s [====================]
[  ]    ---- :    175.8 MLBUps    202.93 GB/s [====================]
[  ]    ---- :    175.4 MLBUps    202.43 GB/s [====================]
[  ]    ---- :    175.6 MLBUps    202.66 GB/s [====================]
[  ]    ---- :    175.2 MLBUps    202.18 GB/s [====================]
[  ]    ---- :    175.2 MLBUps    202.14 GB/s [====================]
[  ]    ---- :    175.4 MLBUps    202.38 GB/s [====================]
[  ]    ---- :    175.4 MLBUps    202.46 GB/s [====================]
[  ]    ---- :    175.6 MLBUps    202.67 GB/s [====================]
[  ]    ---- :    175.1 MLBUps    202.10 GB/s [====================]
[  ]    ---- :    175.5 MLBUps    202.47 GB/s [====================]
[  ]    ---- :    175.0 MLBUps    201.91 GB/s [====================]
[  ]    ---- :    175.5 MLBUps    202.55 GB/s [====================]
[  ]    ---- :    175.1 MLBUps    202.01 GB/s [====================]
[  ]    ---- :    175.1 MLBUps    202.09 GB/s [====================]
[  ]    ---- :    175.6 MLBUps    202.67 GB/s [====================]
[  ]    ---- :    175.7 MLBUps    202.73 GB/s [====================]
[  ]    ---- :    175.2 MLBUps    202.22 GB/s [====================]
[  ]    ---- :    175.3 MLBUps    202.26 GB/s [====================]
[  ]    ---- :    175.7 MLBUps    202.70 GB/s [====================]
[  ]    ---- :    175.3 MLBUps    202.33 GB/s [====================]
[  ]    ---- :    175.1 MLBUps    202.04 GB/s [====================]
[  ]    ---- :    175.6 MLBUps    202.69 GB/s [====================]
[  ]    ---- :    175.2 MLBUps    202.21 GB/s [====================]
[  ]    ---- :    175.2 MLBUps    202.20 GB/s [====================]
[  ]    ---- :    175.0 MLBUps    201.90 GB/s [====================]
[  ]    ---- :    175.5 MLBUps    202.50 GB/s [====================]
[  ]    ---- :    175.1 MLBUps    202.11 GB/s [====================]
[  ]    ---- :    175.7 MLBUps    202.74 GB/s [====================]
[  ]    ---- :    175.2 MLBUps    202.20 GB/s [====================]
[  ]    ---- :    175.2 MLBUps    202.24 GB/s [====================]
[  ]    ---- :    175.8 MLBUps    202.86 GB/s [====================]
[  ]    ---- :    175.6 MLBUps    202.67 GB/s [====================]
[  ]    ---- :    175.5 MLBUps    202.55 GB/s [====================]
[  ]    ---- :    175.7 MLBUps    202.72 GB/s [====================]
[  ]    ---- :    175.6 MLBUps    202.69 GB/s [====================]
[  ]    ---- :    175.8 MLBUps    202.88 GB/s [====================]
[  ]    ---- :    175.2 MLBUps    202.23 GB/s [====================]
[  ]    ---- :    175.7 MLBUps    202.80 GB/s [====================]
[  ]    ---- :    175.4 MLBUps    202.45 GB/s [====================]
[  ]    ---- :    175.4 MLBUps    202.41 GB/s [====================]
[  ]    ---- :    175.6 MLBUps    202.69 GB/s [====================]
[  ]    ---- :    175.6 MLBUps    202.69 GB/s [====================]
[  ]    ---- :    175.7 MLBUps    202.79 GB/s [====================]
[  ]    ---- :    174.8 MLBUps    201.72 GB/s [====================]
[  ]    ---- :    175.8 MLBUps    202.91 GB/s [====================]
[  ]    ---- :    175.4 MLBUps    202.46 GB/s [====================]
[  ]    ---- :    175.6 MLBUps    202.67 GB/s [====================]
[  ]    ---- :    175.3 MLBUps    202.24 GB/s [====================]
[  ]    ---- :    175.3 MLBUps    202.26 GB/s [====================]
[  ]    ---- :    175.4 MLBUps    202.47 GB/s [====================]
[  ]    ---- :    174.8 MLBUps    201.74 GB/s [====================]
[  ]    ---- :    175.7 MLBUps    202.75 GB/s [====================]
[  ]    ---- :    175.6 MLBUps    202.60 GB/s [====================]
[  ]    ---- :    175.1 MLBUps    202.03 GB/s [====================]
[  ]    ---- :    175.5 MLBUps    202.52 GB/s [====================]
[  ]    ---- :    175.4 MLBUps    202.46 GB/s [====================]
[  ]    ---- :    175.3 MLBUps    202.32 GB/s [====================]
[  ]    ---- :    175.3 MLBUps    202.29 GB/s [====================]
[  ]    ---- :    175.7 MLBUps    202.76 GB/s [====================]
[  ]    ---- :    176.0 MLBUps    203.05 GB/s [====================]
[  ]    ---- :    175.9 MLBUps    203.04 GB/s [====================]
[  ]    ---- :    175.5 MLBUps    202.56 GB/s [====================]
[  ]    ---- :    175.8 MLBUps    202.86 GB/s [====================]
[  ]    ---- :    175.4 MLBUps    202.43 GB/s [====================]
[  ]    ---- :    176.0 MLBUps    203.08 GB/s [====================]
[  ]    ---- :    175.6 MLBUps    202.60 GB/s [====================]
[  ]    ---- :    175.5 MLBUps    202.50 GB/s [====================]
[  ]    ---- :    175.2 MLBUps    202.23 GB/s [====================]
[  ]    ---- :    175.3 MLBUps    202.26 GB/s [====================]
[  ]    ---- :    175.1 MLBUps    202.08 GB/s [====================]
[  ]    ---- :    175.6 MLBUps    202.59 GB/s [====================]
[  ]    ---- :    175.8 MLBUps    202.85 GB/s [====================]
[  ]    ---- :    175.6 MLBUps    202.65 GB/s [====================]
[  ]    ---- :    175.5 MLBUps    202.58 GB/s [====================]
[  ]    ---- :    175.5 MLBUps    202.56 GB/s [====================]
[  ]    ---- :    175.8 MLBUps    202.82 GB/s [====================]
[  ]    ---- :    175.4 MLBUps    202.42 GB/s [====================]
[  ]    ---- :    175.5 MLBUps    202.58 GB/s [====================]
[  ]    ---- :    175.5 MLBUps    202.53 GB/s [====================]
[  ]    ---- :    175.4 MLBUps    202.36 GB/s [====================]
[  ]    ---- :    175.1 MLBUps    202.10 GB/s [====================]
[  ]    ---- :    174.7 MLBUps    201.65 GB/s [====================]
[  ]    ---- :    175.7 MLBUps    202.75 GB/s [====================]
[  ]    ---- :    175.5 MLBUps    202.50 GB/s [====================]
[  ]    ---- :    175.3 MLBUps    202.33 GB/s [====================]
[  ]    ---- :    175.5 MLBUps    202.53 GB/s [====================]
[  ]    ---- :    175.1 MLBUps    202.02 GB/s [====================]
[  ]    ---- :    175.9 MLBUps    202.95 GB/s [====================]
[  ]    ---- :    175.7 MLBUps    202.74 GB/s [====================]
[  ]    ---- :    175.7 MLBUps    202.80 GB/s [====================]
[  ]    ---- :    175.7 MLBUps    202.81 GB/s [====================]
[  ]    ---- :    176.1 MLBUps    203.17 GB/s [====================]
[  ]    ---- :    175.3 MLBUps    202.30 GB/s [====================]
[  ]    ---- :    175.6 MLBUps    202.68 GB/s [====================]
[  ]    ---- :    175.4 MLBUps    202.36 GB/s [====================]
[  ]    ---- :    175.4 MLBUps    202.46 GB/s [====================]
[  ]    ---- :    175.7 MLBUps    202.79 GB/s [====================]
[  ]    ---- :    175.2 MLBUps    202.21 GB/s [====================]
[  ]    ---- :    175.3 MLBUps    202.35 GB/s [====================]
[  ]    ---- :    175.4 MLBUps    202.46 GB/s [====================]
[  ]    ---- :    175.5 MLBUps    202.58 GB/s [====================]
[  ]    ---- :    175.5 MLBUps    202.58 GB/s [====================]
[  ]    ---- :    175.6 MLBUps    202.59 GB/s [====================]
[  ]    ---- :    175.6 MLBUps    202.59 GB/s [====================]
[  ]    ---- :    176.1 MLBUps    203.24 GB/s [====================]
[  ]    ---- :    175.9 MLBUps    202.99 GB/s [====================]
[  ]    ---- :    175.3 MLBUps    202.30 GB/s [====================]
[  ]    ---- :    175.5 MLBUps    202.54 GB/s [====================]
[  ]    ---- :    175.2 MLBUps    202.23 GB/s [====================]
[  ]    ---- :    175.8 MLBUps    202.89 GB/s [====================]
[  ]    ---- :    175.8 MLBUps    202.87 GB/s [====================]
[  ]    ---- :    175.4 MLBUps    202.45 GB/s [====================]
[  ]    ---- :    175.3 MLBUps    202.27 GB/s [====================]
[  ]    ---- :    175.2 MLBUps    202.14 GB/s [====================]
[  ]    ---- :    174.9 MLBUps    201.84 GB/s [====================]
[  ]    ---- :    175.3 MLBUps    202.25 GB/s [====================]
[  ]    ---- :    175.2 MLBUps    202.20 GB/s [====================]
[  ]    ---- :    175.5 MLBUps    202.56 GB/s [====================]
[  ]    ---- :    175.5 MLBUps    202.57 GB/s [====================]
[  ]    ---- :    175.7 MLBUps    202.78 GB/s [====================]
[  ]    ---- :    175.5 MLBUps    202.58 GB/s [====================]
[  ]    ---- :    175.5 MLBUps    202.54 GB/s [====================]
[  ]    ---- :    175.4 MLBUps    202.42 GB/s [====================]
[  ]    ---- :    175.9 MLBUps    202.94 GB/s [====================]
[  ]    ---- :    175.4 MLBUps    202.46 GB/s [====================]
[  ]    ---- :    175.6 MLBUps    202.67 GB/s [====================]
[  ]    ---- :    175.3 MLBUps    202.35 GB/s [====================]
[  ]    ---- :    175.5 MLBUps    202.55 GB/s [====================]
[  ]    ---- :    175.7 MLBUps    202.81 GB/s [====================]
[  ]    ---- :    175.0 MLBUps    201.92 GB/s [====================]
[  ]    ---- :    175.2 MLBUps    202.20 GB/s [====================]
[  ]    ---- :    175.6 MLBUps    202.70 GB/s [====================]
[  ]    ---- :    175.2 MLBUps    202.22 GB/s [====================]
[  ]    ---- :    175.9 MLBUps    202.97 GB/s [====================]
[  ]    ---- :    175.3 MLBUps    202.28 GB/s [====================]
[  ]    ---- :    175.6 MLBUps    202.69 GB/s [====================]
[  ]    ---- :    175.2 MLBUps    202.20 GB/s [====================]
[  ]    ---- :    175.7 MLBUps    202.70 GB/s [====================]
[  ]    ---- :    174.9 MLBUps    201.78 GB/s [====================]
[  ]    ---- :    175.3 MLBUps    202.34 GB/s [====================]
[  ]    ---- :    175.4 MLBUps    202.41 GB/s [====================]
[  ]    ---- :    175.6 MLBUps    202.66 GB/s [====================]
[  ]    ---- :    175.5 MLBUps    202.48 GB/s [====================]
[  ]    ---- :    175.7 MLBUps    202.70 GB/s [====================]
[  ]    ---- :    175.1 MLBUps    202.02 GB/s [====================]
[  ]    ---- :    175.8 MLBUps    202.85 GB/s [====================]
[  ]    ---- :    175.5 MLBUps    202.52 GB/s [====================]
[  ]    ---- :    175.5 MLBUps    202.58 GB/s [====================]
[  ]    ---- :    175.7 MLBUps    202.81 GB/s [====================]
[  ]    ---- :    175.9 MLBUps    202.94 GB/s [====================]
[  ]    ---- :    175.7 MLBUps    202.75 GB/s [====================]
[  ]    ---- :    175.2 MLBUps    202.23 GB/s [====================]
[  ]    ---- :    175.1 MLBUps    202.09 GB/s [====================]
[  ]    ---- :    175.8 MLBUps    202.86 GB/s [====================]
[  ]    ---- :    175.6 MLBUps    202.59 GB/s [====================]
[  ]    ---- :    175.3 MLBUps    202.24 GB/s [====================]
[  ]    ---- :    175.4 MLBUps    202.44 GB/s [====================]
[  ]    ---- :    175.1 MLBUps    202.07 GB/s [====================]
[  ]    ---- :    175.2 MLBUps    202.14 GB/s [====================]
[  ]    ---- :    175.5 MLBUps    202.53 GB/s [====================]
[  ]    ---- :    175.5 MLBUps    202.58 GB/s [====================]
[  ]    ---- :    175.7 MLBUps    202.72 GB/s [====================]
[  ]    ---- :    175.4 MLBUps    202.43 GB/s [====================]
[  ]    ---- :    175.0 MLBUps    201.99 GB/s [====================]
[  ]    ---- :    175.4 MLBUps    202.42 GB/s [====================]
[  ]    ---- :    175.5 MLBUps    202.47 GB/s [====================]
[  ]    ---- :    175.5 MLBUps    202.58 GB/s [====================]
[  ]    ---- :     4000 it writing vtk
[  ]    ---- :      7.2 MLBUps      8.25 GB/s [====================]
[  ]    213.7 MLBUps    246.64 GB/s [============        ]  0s
[  ]    ---- :    136.3 MLBUps    157.26 GB/s [====================]
[  ]    ---- :    174.9 MLBUps    201.80 GB/s [====================]
[  ]    ---- :    174.9 MLBUps    201.79 GB/s [====================]
[  ]    ---- :    175.3 MLBUps    202.30 GB/s [====================]
[  ]    ---- :    175.1 MLBUps    202.09 GB/s [====================]
[  ]    ---- :    175.0 MLBUps    201.97 GB/s [====================]
[  ]    ---- :    175.6 MLBUps    202.68 GB/s [====================]
[  ]    ---- :    175.7 MLBUps    202.72 GB/s [====================]
[  ]    ---- :    175.2 MLBUps    202.23 GB/s [====================]
[  ]    ---- :    175.5 MLBUps    202.58 GB/s [====================]
[  ]    ---- :    175.7 MLBUps    202.81 GB/s [====================]
[  ]    ---- :    175.7 MLBUps    202.78 GB/s [====================]
[  ]    ---- :    175.4 MLBUps    202.44 GB/s [====================]
[  ]    ---- :    175.6 MLBUps    202.65 GB/s [====================]
[  ]    ---- :    175.4 MLBUps    202.42 GB/s [====================]
[  ]    ---- :    175.5 MLBUps    202.48 GB/s [====================]
[  ]    ---- :    175.0 MLBUps    202.01 GB/s [====================]
[  ]    ---- :    175.2 MLBUps    202.22 GB/s [====================]
[  ]    ---- :    175.5 MLBUps    202.53 GB/s [====================]
[  ]    ---- :    175.3 MLBUps    202.29 GB/s [====================]
[  ]    ---- :    175.5 MLBUps    202.49 GB/s [====================]
[  ]    ---- :    175.5 MLBUps    202.51 GB/s [====================]
[  ]    ---- :    175.7 MLBUps    202.72 GB/s [====================]
[  ]    ---- :    175.2 MLBUps    202.19 GB/s [====================]
[  ]    ---- :    175.6 MLBUps    202.64 GB/s [====================]
[  ]    ---- :    175.5 MLBUps    202.54 GB/s [====================]
[  ]    ---- :    175.6 MLBUps    202.64 GB/s [====================]
[  ]    ---- :    175.6 MLBUps    202.60 GB/s [====================]
[  ]    ---- :    175.4 MLBUps    202.44 GB/s [====================]
[  ]    ---- :    175.8 MLBUps    202.83 GB/s [====================]
[  ]    ---- :    175.4 MLBUps    202.44 GB/s [====================]
[  ]    ---- :    175.6 MLBUps    202.65 GB/s [====================]
[  ]    ---- :    175.1 MLBUps    202.05 GB/s [====================]
[  ]    ---- :    175.5 MLBUps    202.58 GB/s [====================]
[  ]    ---- :    175.6 MLBUps    202.64 GB/s [====================]
[  ]    ---- :    175.4 MLBUps    202.41 GB/s [====================]
[  ]    ---- :    175.7 MLBUps    202.75 GB/s [====================]
[  ]    ---- :    175.6 MLBUps    202.69 GB/s [====================]
[  ]    ---- :    175.6 MLBUps    202.60 GB/s [====================]
[  ]    ---- :    175.4 MLBUps    202.44 GB/s [====================]
[  ]    ---- :    175.7 MLBUps    202.81 GB/s [====================]
[  ]    ---- :    175.5 MLBUps    202.54 GB/s [====================]
[  ]    ---- :    175.7 MLBUps    202.72 GB/s [====================]
[  ]    ---- :    175.2 MLBUps    202.20 GB/s [====================]
[  ]    ---- :    175.5 MLBUps    202.52 GB/s [====================]
[  ]    ---- :    175.9 MLBUps    203.03 GB/s [====================]
[  ]    ---- :    175.6 MLBUps    202.64 GB/s [====================]
[  ]    ---- :    175.6 MLBUps    202.68 GB/s [====================]
[  ]    ---- :    176.1 MLBUps    203.26 GB/s [====================]
[  ]    ---- :    175.5 MLBUps    202.58 GB/s [====================]
[  ]    ---- :    175.0 MLBUps    201.92 GB/s [====================]
[  ]    ---- :    175.4 MLBUps    202.40 GB/s [====================]
[  ]    ---- :    175.8 MLBUps    202.83 GB/s [====================]
[  ]    ---- :    176.1 MLBUps    203.25 GB/s [====================]
[  ]    ---- :    175.2 MLBUps    202.14 GB/s [====================]
[  ]    ---- :    175.6 MLBUps    202.65 GB/s [====================]
[  ]    ---- :    175.6 MLBUps    202.58 GB/s [====================]
[  ]    ---- :    175.0 MLBUps    201.90 GB/s [====================]
[  ]    ---- :    175.6 MLBUps    202.66 GB/s [====================]
[  ]    ---- :    175.7 MLBUps    202.77 GB/s [====================]
[  ]    ---- :    176.0 MLBUps    203.08 GB/s [====================]
[  ]    ---- :    175.0 MLBUps    201.95 GB/s [====================]
[  ]    ---- :    175.6 MLBUps    202.70 GB/s [====================]
[  ]    ---- :    174.9 MLBUps    201.84 GB/s [====================]
[  ]    ---- :    175.3 MLBUps    202.34 GB/s [====================]
[  ]    ---- :    175.7 MLBUps    202.76 GB/s [====================]
[  ]    ---- :    175.5 MLBUps    202.54 GB/s [====================]
[  ]    ---- :    175.2 MLBUps    202.19 GB/s [====================]
[  ]    ---- :    175.3 MLBUps    202.33 GB/s [====================]
[  ]    ---- :    175.3 MLBUps    202.32 GB/s [====================]
[  ]    ---- :    175.9 MLBUps    202.97 GB/s [====================]
[  ]    ---- :    175.9 MLBUps    202.96 GB/s [====================]
[  ]    ---- :    175.2 MLBUps    202.16 GB/s [====================]
[  ]    ---- :    175.7 MLBUps    202.74 GB/s [====================]
[  ]    ---- :    175.5 MLBUps    202.55 GB/s [====================]
[  ]    ---- :    175.7 MLBUps    202.71 GB/s [====================]
[  ]    ---- :    175.7 MLBUps    202.70 GB/s [====================]
[  ]    ---- :    175.7 MLBUps    202.75 GB/s [====================]
[  ]    ---- :    175.7 MLBUps    202.78 GB/s [====================]
[  ]    ---- :    176.0 MLBUps    203.05 GB/s [====================]
[  ]    ---- :    175.5 MLBUps    202.49 GB/s [====================]
[  ]    ---- :    175.8 MLBUps    202.87 GB/s [====================]
[  ]    ---- :    175.2 MLBUps    202.19 GB/s [====================]
[  ]    ---- :    175.3 MLBUps    202.31 GB/s [====================]
[  ]    ---- :    175.2 MLBUps    202.14 GB/s [====================]
[  ]    ---- :    174.9 MLBUps    201.83 GB/s [====================]
[  ]    ---- :    175.7 MLBUps    202.81 GB/s [====================]
[  ]    ---- :    175.6 MLBUps    202.59 GB/s [====================]
[  ]    ---- :    175.8 MLBUps    202.83 GB/s [====================]
[  ]    ---- :    175.6 MLBUps    202.62 GB/s [====================]
[  ]    ---- :    175.5 MLBUps    202.48 GB/s [====================]
[  ]    ---- :    175.8 MLBUps    202.85 GB/s [====================]
[  ]    ---- :    175.5 MLBUps    202.49 GB/s [====================]
[  ]    ---- :    175.6 MLBUps    202.66 GB/s [====================]
[  ]    ---- :    175.5 MLBUps    202.49 GB/s [====================]
[  ]    ---- :    175.2 MLBUps    202.13 GB/s [====================]
[  ]    ---- :    175.5 MLBUps    202.57 GB/s [====================]
[  ]    ---- :    175.1 MLBUps    202.04 GB/s [====================]
[  ]    ---- :    175.6 MLBUps    202.64 GB/s [====================]
[  ]    ---- :    175.7 MLBUps    202.74 GB/s [====================]
[  ]    ---- :    175.5 MLBUps    202.54 GB/s [====================]
[  ]    ---- :    175.4 MLBUps    202.42 GB/s [====================]
[  ]    ---- :    175.1 MLBUps    202.02 GB/s [====================]
[  ]    ---- :    175.5 MLBUps    202.55 GB/s [====================]
[  ]    ---- :    175.7 MLBUps    202.81 GB/s [====================]
[  ]    ---- :    174.9 MLBUps    201.79 GB/s [====================]
[  ]    ---- :    175.3 MLBUps    202.35 GB/s [====================]
[  ]    ---- :    175.6 MLBUps    202.67 GB/s [====================]
[  ]    ---- :    175.4 MLBUps    202.46 GB/s [====================]
[  ]    ---- :    175.1 MLBUps    202.09 GB/s [====================]
[  ]    ---- :    174.8 MLBUps    201.70 GB/s [====================]
[  ]    ---- :    175.7 MLBUps    202.70 GB/s [====================]
[  ]    ---- :    176.1 MLBUps    203.24 GB/s [====================]
[  ]    ---- :    175.5 MLBUps    202.48 GB/s [====================]
[  ]    ---- :    175.5 MLBUps    202.50 GB/s [====================]
[  ]    ---- :    175.6 MLBUps    202.63 GB/s [====================]
[  ]    ---- :    175.2 MLBUps    202.15 GB/s [====================]
[  ]    ---- :    175.1 MLBUps    202.02 GB/s [====================]
[  ]    ---- :    175.5 MLBUps    202.48 GB/s [====================]
[  ]    ---- :    175.0 MLBUps    201.90 GB/s [====================]
[  ]    ---- :    175.5 MLBUps    202.52 GB/s [====================]
[  ]    ---- :    175.2 MLBUps    202.21 GB/s [====================]
[  ]    ---- :    175.9 MLBUps    203.00 GB/s [====================]
[  ]    ---- :    175.8 MLBUps    202.93 GB/s [====================]
[  ]    ---- :    175.5 MLBUps    202.49 GB/s [====================]
[  ]    ---- :    175.3 MLBUps    202.24 GB/s [====================]
[  ]    ---- :    175.8 MLBUps    202.83 GB/s [====================]
[  ]    ---- :    175.5 MLBUps    202.50 GB/s [====================]
[  ]    ---- :    175.7 MLBUps    202.77 GB/s [====================]
[  ]    ---- :    175.5 MLBUps    202.53 GB/s [====================]
[  ]    ---- :    175.4 MLBUps    202.45 GB/s [====================]
[  ]    ---- :    175.6 MLBUps    202.69 GB/s [====================]
[  ]    ---- :    175.2 MLBUps    202.13 GB/s [====================]
[  ]    ---- :    175.2 MLBUps    202.19 GB/s [====================]
[  ]    ---- :    176.1 MLBUps    203.26 GB/s [====================]
[  ]    ---- :    175.4 MLBUps    202.45 GB/s [====================]
[  ]    ---- :    175.4 MLBUps    202.38 GB/s [====================]
[  ]    ---- :    175.6 MLBUps    202.64 GB/s [====================]
[  ]    ---- :    175.4 MLBUps    202.36 GB/s [====================]
[  ]    ---- :    175.7 MLBUps    202.72 GB/s [====================]
[  ]    ---- :    175.5 MLBUps    202.51 GB/s [====================]
[  ]    ---- :    175.7 MLBUps    202.76 GB/s [====================]
[  ]    ---- :    175.4 MLBUps    202.40 GB/s [====================]
[  ]    ---- :    175.7 MLBUps    202.70 GB/s [====================]
[  ]    ---- :    175.7 MLBUps    202.78 GB/s [====================]
[  ]    ---- :    175.7 MLBUps    202.79 GB/s [====================]
[  ]    ---- :    175.6 MLBUps    202.69 GB/s [====================]
[  ]    ---- :    175.7 MLBUps    202.75 GB/s [====================]
[  ]    ---- :    175.5 MLBUps    202.47 GB/s [====================]
[  ]    ---- :    175.3 MLBUps    202.25 GB/s [====================]
[  ]    ---- :    175.4 MLBUps    202.37 GB/s [====================]
[  ]    ---- :    175.8 MLBUps    202.90 GB/s [====================]
[  ]    ---- :    175.5 MLBUps    202.48 GB/s [====================]
[  ]    ---- :    175.7 MLBUps    202.73 GB/s [====================]
[  ]    ---- :    175.0 MLBUps    201.94 GB/s [====================]
[  ]    ---- :    175.3 MLBUps    202.26 GB/s [====================]
[  ]    ---- :    174.9 MLBUps    201.89 GB/s [====================]
[  ]    ---- :    175.8 MLBUps    202.87 GB/s [====================]
[  ]    ---- :    175.7 MLBUps    202.77 GB/s [====================]
[  ]    ---- :    175.7 MLBUps    202.79 GB/s [====================]
[  ]    ---- :    175.8 MLBUps    202.87 GB/s [====================]
[  ]    ---- :    175.8 MLBUps    202.82 GB/s [====================]
[  ]    ---- :    175.5 MLBUps    202.57 GB/s [====================]
[  ]    ---- :    175.5 MLBUps    202.57 GB/s [====================]
[  ]    ---- :    176.0 MLBUps    203.09 GB/s [====================]
[  ]    ---- :    175.2 MLBUps    202.19 GB/s [====================]
[  ]    ---- :    175.1 MLBUps    202.07 GB/s [====================]
[  ]    ---- :    175.5 MLBUps    202.58 GB/s [====================]
[  ]    ---- :    175.6 MLBUps    202.66 GB/s [====================]
[  ]    ---- :    175.7 MLBUps    202.80 GB/s [====================]
[  ]    ---- :    175.7 MLBUps    202.75 GB/s [====================]
[  ]    ---- :    175.5 MLBUps    202.49 GB/s [====================]
[  ]    ---- :    175.2 MLBUps    202.19 GB/s [====================]
[  ]    ---- :    175.4 MLBUps    202.41 GB/s [====================]
[  ]    ---- :    175.8 MLBUps    202.85 GB/s [====================]
[  ]    ---- :    175.7 MLBUps    202.71 GB/s [====================]
[  ]    ---- :    175.6 MLBUps    202.59 GB/s [====================]
[  ]    ---- :    175.8 MLBUps    202.86 GB/s [====================]
[  ]    ---- :    175.7 MLBUps    202.80 GB/s [====================]
[  ]    ---- :    175.7 MLBUps    202.70 GB/s [====================]
[  ]    ---- :    175.3 MLBUps    202.28 GB/s [====================]
[  ]    ---- :    175.3 MLBUps    202.25 GB/s [====================]
[  ]    ---- :    175.8 MLBUps    202.89 GB/s [====================]
[  ]    ---- :    175.8 MLBUps    202.86 GB/s [====================]
[  ]    ---- :    175.4 MLBUps    202.46 GB/s [====================]
[  ]    ---- :    175.9 MLBUps    202.99 GB/s [====================]
[  ]    ---- :    175.6 MLBUps    202.66 GB/s [====================]
[  ]    ---- :    175.7 MLBUps    202.74 GB/s [====================]
[  ]    ---- :    175.5 MLBUps    202.57 GB/s [====================]
[  ]    ---- :    175.4 MLBUps    202.38 GB/s [====================]
[  ]    ---- :    175.3 MLBUps    202.31 GB/s [====================]
[  ]    ---- :    175.3 MLBUps    202.33 GB/s [====================]
[  ]    ---- :    175.2 MLBUps    202.23 GB/s [====================]
[  ]    ---- :    176.1 MLBUps    203.21 GB/s [====================]
[  ]    ---- :    175.1 MLBUps    202.10 GB/s [====================]
[  ]    ---- :    175.8 MLBUps    202.91 GB/s [====================]
[  ]    ---- :    175.0 MLBUps    201.97 GB/s [====================]
[  ]    ---- :    176.1 MLBUps    203.23 GB/s [====================]
[  ]    ---- :    175.2 MLBUps    202.24 GB/s [====================]
[  ]    ---- :     6000 it writing vtk
[  ]    ---- :      7.2 MLBUps      8.31 GB/s [====================]
[  ]    217.3 MLBUps    250.73 GB/s [============        ]  0s
[  ]    ---- :    136.4 MLBUps    157.43 GB/s [====================]
[  ]    ---- :    174.9 MLBUps    201.88 GB/s [====================]
[  ]    ---- :    175.7 MLBUps    202.79 GB/s [====================]
[  ]    ---- :    175.3 MLBUps    202.28 GB/s [====================]
[  ]    ---- :    175.3 MLBUps    202.33 GB/s [====================]
[  ]    ---- :    175.5 MLBUps    202.56 GB/s [====================]
[  ]    ---- :    175.3 MLBUps    202.30 GB/s [====================]
[  ]    ---- :    175.8 MLBUps    202.87 GB/s [====================]
[  ]    ---- :    175.6 MLBUps    202.66 GB/s [====================]
[  ]    ---- :    175.4 MLBUps    202.39 GB/s [====================]
[  ]    ---- :    175.6 MLBUps    202.63 GB/s [====================]
[  ]    ---- :    175.9 MLBUps    202.93 GB/s [====================]
[  ]    ---- :    175.8 MLBUps    202.88 GB/s [====================]
[  ]    ---- :    175.4 MLBUps    202.45 GB/s [====================]
[  ]    ---- :    175.3 MLBUps    202.30 GB/s [====================]
[  ]    ---- :    175.5 MLBUps    202.49 GB/s [====================]
[  ]    ---- :    175.3 MLBUps    202.32 GB/s [====================]
[  ]    ---- :    175.4 MLBUps    202.43 GB/s [====================]
[  ]    ---- :    174.9 MLBUps    201.84 GB/s [====================]
[  ]    ---- :    175.2 MLBUps    202.23 GB/s [====================]
[  ]    ---- :    175.5 MLBUps    202.54 GB/s [====================]
[  ]    ---- :    174.6 MLBUps    201.52 GB/s [====================]
[  ]    ---- :    175.1 MLBUps    202.10 GB/s [====================]
[  ]    ---- :    175.5 MLBUps    202.54 GB/s [====================]
[  ]    ---- :    175.8 MLBUps    202.84 GB/s [====================]
[  ]    ---- :    175.2 MLBUps    202.21 GB/s [====================]
[  ]    ---- :    175.5 MLBUps    202.51 GB/s [====================]
[  ]    ---- :    175.7 MLBUps    202.80 GB/s [====================]
[  ]    ---- :    175.4 MLBUps    202.41 GB/s [====================]
[  ]    ---- :    175.4 MLBUps    202.46 GB/s [====================]
[  ]    ---- :    175.7 MLBUps    202.76 GB/s [====================]
[  ]    ---- :    175.6 MLBUps    202.65 GB/s [====================]
[  ]    ---- :    175.4 MLBUps    202.40 GB/s [====================]
[  ]    ---- :    175.3 MLBUps    202.31 GB/s [====================]
[  ]    ---- :    175.4 MLBUps    202.43 GB/s [====================]
[  ]    ---- :    175.8 MLBUps    202.92 GB/s [====================]
[  ]    ---- :    175.8 MLBUps    202.88 GB/s [====================]
[  ]    ---- :    175.2 MLBUps    202.15 GB/s [====================]
[  ]    ---- :    175.0 MLBUps    201.96 GB/s [====================]
[  ]    ---- :    175.4 MLBUps    202.45 GB/s [====================]
[  ]    ---- :    175.9 MLBUps    202.96 GB/s [====================]
[  ]    ---- :    175.4 MLBUps    202.42 GB/s [====================]
[  ]    ---- :    175.7 MLBUps    202.75 GB/s [====================]
[  ]    ---- :    175.3 MLBUps    202.26 GB/s [====================]
[  ]    ---- :    175.7 MLBUps    202.81 GB/s [====================]
[  ]    ---- :    175.7 MLBUps    202.74 GB/s [====================]
[  ]    ---- :    175.4 MLBUps    202.39 GB/s [====================]
[  ]    ---- :    175.3 MLBUps    202.28 GB/s [====================]
[  ]    ---- :    175.5 MLBUps    202.50 GB/s [====================]
[  ]    ---- :    175.7 MLBUps    202.75 GB/s [====================]
[  ]    ---- :    175.7 MLBUps    202.76 GB/s [====================]
[  ]    ---- :    175.9 MLBUps    203.01 GB/s [====================]
[  ]    ---- :    175.6 MLBUps    202.64 GB/s [====================]
[  ]    ---- :    175.4 MLBUps    202.40 GB/s [====================]
[  ]    ---- :    175.6 MLBUps    202.67 GB/s [====================]
[  ]    ---- :    174.8 MLBUps    201.68 GB/s [====================]
[  ]    ---- :    175.2 MLBUps    202.16 GB/s [====================]
[  ]    ---- :    175.5 MLBUps    202.49 GB/s [====================]
[  ]    ---- :    175.6 MLBUps    202.61 GB/s [====================]
[  ]    ---- :    176.1 MLBUps    203.26 GB/s [====================]
[  ]    ---- :    175.5 MLBUps    202.56 GB/s [====================]
[  ]    ---- :    175.7 MLBUps    202.79 GB/s [====================]
[  ]    ---- :    175.5 MLBUps    202.56 GB/s [====================]
[  ]    ---- :    175.6 MLBUps    202.63 GB/s [====================]
[  ]    ---- :    175.5 MLBUps    202.58 GB/s [====================]
[  ]    ---- :    175.3 MLBUps    202.33 GB/s [====================]
[  ]    ---- :    175.7 MLBUps    202.76 GB/s [====================]
[  ]    ---- :    175.4 MLBUps    202.37 GB/s [====================]
[  ]    ---- :    175.7 MLBUps    202.75 GB/s [====================]
[  ]    ---- :    175.5 MLBUps    202.52 GB/s [====================]
[  ]    ---- :    175.3 MLBUps    202.28 GB/s [====================]
[  ]    ---- :    175.0 MLBUps    201.90 GB/s [====================]
[  ]    ---- :    175.5 MLBUps    202.50 GB/s [====================]
[  ]    ---- :    175.1 MLBUps    202.11 GB/s [====================]
[  ]    ---- :    175.8 MLBUps    202.86 GB/s [====================]
[  ]    ---- :    175.5 MLBUps    202.55 GB/s [====================]
[  ]    ---- :    175.5 MLBUps    202.56 GB/s [====================]
[  ]    ---- :    175.8 MLBUps    202.89 GB/s [====================]
[  ]    ---- :    175.3 MLBUps    202.33 GB/s [====================]
[  ]    ---- :    175.6 MLBUps    202.67 GB/s [====================]
[  ]    ---- :    175.5 MLBUps    202.48 GB/s [====================]
[  ]    ---- :    175.4 MLBUps    202.42 GB/s [====================]
[  ]    ---- :    175.7 MLBUps    202.73 GB/s [====================]
[  ]    ---- :    175.6 MLBUps    202.66 GB/s [====================]
[  ]    ---- :    175.5 MLBUps    202.58 GB/s [====================]
[  ]    ---- :    176.0 MLBUps    203.09 GB/s [====================]
[  ]    ---- :    175.9 MLBUps    203.03 GB/s [====================]
[  ]    ---- :    175.6 MLBUps    202.63 GB/s [====================]
[  ]    ---- :    175.7 MLBUps    202.78 GB/s [====================]
[  ]    ---- :    175.4 MLBUps    202.45 GB/s [====================]
[  ]    ---- :    175.1 MLBUps    202.12 GB/s [====================]
[  ]    ---- :    175.4 MLBUps    202.44 GB/s [====================]
[  ]    ---- :    175.6 MLBUps    202.67 GB/s [====================]
[  ]    ---- :    175.1 MLBUps    202.08 GB/s [====================]
[  ]    ---- :    175.6 MLBUps    202.67 GB/s [====================]
[  ]    ---- :    175.5 MLBUps    202.58 GB/s [====================]
[  ]    ---- :    175.3 MLBUps    202.26 GB/s [====================]
[  ]    ---- :    175.7 MLBUps    202.75 GB/s [====================]
[  ]    ---- :    175.4 MLBUps    202.41 GB/s [====================]
[  ]    ---- :    176.1 MLBUps    203.17 GB/s [====================]
[  ]    ---- :    175.4 MLBUps    202.45 GB/s [====================]
[  ]    ---- :    175.8 MLBUps    202.86 GB/s [====================]
[  ]    ---- :    175.3 MLBUps    202.30 GB/s [====================]
[  ]    ---- :    176.1 MLBUps    203.25 GB/s [====================]
[  ]    ---- :    176.2 MLBUps    203.34 GB/s [====================]
[  ]    ---- :    175.7 MLBUps    202.79 GB/s [====================]
[  ]    ---- :    175.7 MLBUps    202.70 GB/s [====================]
[  ]    ---- :    175.6 MLBUps    202.68 GB/s [====================]
[  ]    ---- :    175.7 MLBUps    202.77 GB/s [====================]
[  ]    ---- :    175.8 MLBUps    202.87 GB/s [====================]
[  ]    ---- :    175.9 MLBUps    202.99 GB/s [====================]
[  ]    ---- :    175.7 MLBUps    202.74 GB/s [====================]
[  ]    ---- :    175.4 MLBUps    202.43 GB/s [====================]
[  ]    ---- :    175.4 MLBUps    202.41 GB/s [====================]
[  ]    ---- :    175.8 MLBUps    202.91 GB/s [====================]
[  ]    ---- :    175.5 MLBUps    202.52 GB/s [====================]
[  ]    ---- :    175.5 MLBUps    202.53 GB/s [====================]
[  ]    ---- :    175.7 MLBUps    202.76 GB/s [====================]
[  ]    ---- :    175.3 MLBUps    202.33 GB/s [====================]
[  ]    ---- :    175.8 MLBUps    202.84 GB/s [====================]
[  ]    ---- :    175.7 MLBUps    202.73 GB/s [====================]
[  ]    ---- :    175.7 MLBUps    202.72 GB/s [====================]
[  ]    ---- :    175.7 MLBUps    202.72 GB/s [====================]
[  ]    ---- :    175.3 MLBUps    202.30 GB/s [====================]
[  ]    ---- :    175.7 MLBUps    202.71 GB/s [====================]
[  ]    ---- :    175.6 MLBUps    202.67 GB/s [====================]
[  ]    ---- :    175.9 MLBUps    202.97 GB/s [====================]
[  ]    ---- :    175.6 MLBUps    202.69 GB/s [====================]
[  ]    ---- :    175.3 MLBUps    202.31 GB/s [====================]
[  ]    ---- :    175.9 MLBUps    202.98 GB/s [====================]
[  ]    ---- :    175.6 MLBUps    202.67 GB/s [====================]
[  ]    ---- :    176.1 MLBUps    203.22 GB/s [====================]
[  ]    ---- :    175.8 MLBUps    202.89 GB/s [====================]
[  ]    ---- :    175.6 MLBUps    202.61 GB/s [====================]
[  ]    ---- :    175.4 MLBUps    202.41 GB/s [====================]
[  ]    ---- :    175.7 MLBUps    202.79 GB/s [====================]
[  ]    ---- :    175.6 MLBUps    202.68 GB/s [====================]
[  ]    ---- :    175.4 MLBUps    202.44 GB/s [====================]
[  ]    ---- :    175.4 MLBUps    202.40 GB/s [====================]
[  ]    ---- :    175.8 MLBUps    202.88 GB/s [====================]
[  ]    ---- :    175.6 MLBUps    202.68 GB/s [====================]
[  ]    ---- :    175.5 MLBUps    202.53 GB/s [====================]
[  ]    ---- :    175.4 MLBUps    202.45 GB/s [====================]
[  ]    ---- :    175.7 MLBUps    202.81 GB/s [====================]
[  ]    ---- :    175.3 MLBUps    202.25 GB/s [====================]
[  ]    ---- :    175.3 MLBUps    202.34 GB/s [====================]
[  ]    ---- :    176.0 MLBUps    203.08 GB/s [====================]
[  ]    ---- :    176.0 MLBUps    203.11 GB/s [====================]
[  ]    ---- :    175.5 MLBUps    202.57 GB/s [====================]
[  ]    ---- :    175.1 MLBUps    202.12 GB/s [====================]
[  ]    ---- :    175.5 MLBUps    202.51 GB/s [====================]
[  ]    ---- :    175.9 MLBUps    202.97 GB/s [====================]
[  ]    ---- :    175.4 MLBUps    202.45 GB/s [====================]
[  ]    ---- :    175.7 MLBUps    202.77 GB/s [====================]
[  ]    ---- :    175.5 MLBUps    202.51 GB/s [====================]
[  ]    ---- :    176.0 MLBUps    203.16 GB/s [====================]
[  ]    ---- :    175.1 MLBUps    202.09 GB/s [====================]
[  ]    ---- :    175.2 MLBUps    202.21 GB/s [====================]
[  ]    ---- :    175.7 MLBUps    202.81 GB/s [====================]
[  ]    ---- :    175.7 MLBUps    202.70 GB/s [====================]
[  ]    ---- :    175.4 MLBUps    202.39 GB/s [====================]
[  ]    ---- :    175.1 MLBUps    202.02 GB/s [====================]
[  ]    ---- :    175.5 MLBUps    202.58 GB/s [====================]
[  ]    ---- :    175.6 MLBUps    202.68 GB/s [====================]
[  ]    ---- :    175.9 MLBUps    202.99 GB/s [====================]
[  ]    ---- :    176.0 MLBUps    203.09 GB/s [====================]
[  ]    ---- :    175.8 MLBUps    202.90 GB/s [====================]
[  ]    ---- :    175.7 MLBUps    202.76 GB/s [====================]
[  ]    ---- :    175.6 MLBUps    202.59 GB/s [====================]
[  ]    ---- :    175.2 MLBUps    202.16 GB/s [====================]
[  ]    ---- :    175.6 MLBUps    202.67 GB/s [====================]
[  ]    ---- :    175.7 MLBUps    202.75 GB/s [====================]
[  ]    ---- :    175.8 MLBUps    202.83 GB/s [====================]
[  ]    ---- :    175.7 MLBUps    202.77 GB/s [====================]
[  ]    ---- :    175.7 MLBUps    202.73 GB/s [====================]
[  ]    ---- :    175.4 MLBUps    202.37 GB/s [====================]
[  ]    ---- :    175.9 MLBUps    203.00 GB/s [====================]
[  ]    ---- :    175.4 MLBUps    202.45 GB/s [====================]
[  ]    ---- :    175.8 MLBUps    202.86 GB/s [====================]
[  ]    ---- :    175.7 MLBUps    202.78 GB/s [====================]
[  ]    ---- :    176.1 MLBUps    203.17 GB/s [====================]
[  ]    ---- :    175.5 MLBUps    202.56 GB/s [====================]
[  ]    ---- :    176.0 MLBUps    203.13 GB/s [====================]
[  ]    ---- :    175.4 MLBUps    202.36 GB/s [====================]
[  ]    ---- :    175.9 MLBUps    202.93 GB/s [====================]
[  ]    ---- :    175.5 MLBUps    202.50 GB/s [====================]
[  ]    ---- :    175.6 MLBUps    202.62 GB/s [====================]
[  ]    ---- :    175.6 MLBUps    202.68 GB/s [====================]
[  ]    ---- :    175.7 MLBUps    202.77 GB/s [====================]
[  ]    ---- :    175.4 MLBUps    202.37 GB/s [====================]
[  ]    ---- :    175.9 MLBUps    202.97 GB/s [====================]
[  ]    ---- :    175.7 MLBUps    202.71 GB/s [====================]
[  ]    ---- :    175.5 MLBUps    202.54 GB/s [====================]
[  ]    ---- :    175.3 MLBUps    202.31 GB/s [====================]
[  ]    ---- :    175.4 MLBUps    202.42 GB/s [====================]
[  ]    ---- :    175.2 MLBUps    202.23 GB/s [====================]
[  ]    ---- :    176.2 MLBUps    203.28 GB/s [====================]
[  ]    ---- :    175.8 MLBUps    202.86 GB/s [====================]
[  ]    ---- :    175.6 MLBUps    202.60 GB/s [====================]
[  ]    ---- :     8000 it writing vtk
[  ]    ---- :      8.4 MLBUps      9.64 GB/s [====================]
[  ]    217.8 MLBUps    251.39 GB/s [================    ]  0s
[  ]    ---- :     98.5 MLBUps    113.71 GB/s [====================]
[  ]    ---- :    175.8 MLBUps    202.87 GB/s [====================]
[  ]    ---- :    175.3 MLBUps    202.29 GB/s [====================]
[  ]    ---- :    175.3 MLBUps    202.33 GB/s [====================]
[  ]    ---- :    175.8 MLBUps    202.93 GB/s [====================]
[  ]    ---- :    175.5 MLBUps    202.49 GB/s [====================]
[  ]    ---- :    175.7 MLBUps    202.73 GB/s [====================]
[  ]    ---- :    175.8 MLBUps    202.83 GB/s [====================]
[  ]    ---- :    175.9 MLBUps    202.96 GB/s [====================]
[  ]    ---- :    175.8 MLBUps    202.88 GB/s [====================]
[  ]    ---- :    175.5 MLBUps    202.47 GB/s [====================]
[  ]    ---- :    175.8 MLBUps    202.88 GB/s [====================]
[  ]    ---- :    175.5 MLBUps    202.57 GB/s [====================]
[  ]    ---- :    175.9 MLBUps    203.04 GB/s [====================]
[  ]    ---- :    175.7 MLBUps    202.81 GB/s [====================]
[  ]    ---- :    175.3 MLBUps    202.27 GB/s [====================]
[  ]    ---- :    175.7 MLBUps    202.74 GB/s [====================]
[  ]    ---- :    175.5 MLBUps    202.52 GB/s [====================]
[  ]    ---- :    175.3 MLBUps    202.33 GB/s [====================]
[  ]    ---- :    175.4 MLBUps    202.43 GB/s [====================]
[  ]    ---- :    174.6 MLBUps    201.45 GB/s [====================]
[  ]    ---- :    175.6 MLBUps    202.67 GB/s [====================]
[  ]    ---- :    175.5 MLBUps    202.50 GB/s [====================]
[  ]    ---- :    175.1 MLBUps    202.09 GB/s [====================]
[  ]    ---- :    175.0 MLBUps    201.90 GB/s [====================]
[  ]    ---- :    175.9 MLBUps    202.94 GB/s [====================]
[  ]    ---- :    175.5 MLBUps    202.50 GB/s [====================]
[  ]    ---- :    175.6 MLBUps    202.68 GB/s [====================]
[  ]    ---- :    175.2 MLBUps    202.23 GB/s [====================]
[  ]    ---- :    175.8 MLBUps    202.85 GB/s [====================]
[  ]    ---- :    175.0 MLBUps    201.95 GB/s [====================]
[  ]    ---- :    175.5 MLBUps    202.51 GB/s [====================]
[  ]    ---- :    175.5 MLBUps    202.55 GB/s [====================]
[  ]    ---- :    175.6 MLBUps    202.64 GB/s [====================]
[  ]    ---- :    175.7 MLBUps    202.77 GB/s [====================]
[  ]    ---- :    175.0 MLBUps    201.98 GB/s [====================]
[  ]    ---- :    176.0 MLBUps    203.06 GB/s [====================]
[  ]    ---- :    175.4 MLBUps    202.39 GB/s [====================]
[  ]    ---- :    175.6 MLBUps    202.61 GB/s [====================]
[  ]    ---- :    175.4 MLBUps    202.38 GB/s [====================]
[  ]    ---- :    175.5 MLBUps    202.57 GB/s [====================]
[  ]    ---- :    175.4 MLBUps    202.45 GB/s [====================]
[  ]    ---- :    175.6 MLBUps    202.65 GB/s [====================]
[  ]    ---- :    175.4 MLBUps    202.38 GB/s [====================]
[  ]    ---- :    175.6 MLBUps    202.64 GB/s [====================]
[  ]    ---- :    175.7 MLBUps    202.75 GB/s [====================]
[  ]    ---- :    175.6 MLBUps    202.67 GB/s [====================]
[  ]    ---- :    175.9 MLBUps    203.01 GB/s [====================]
[  ]    ---- :    175.5 MLBUps    202.54 GB/s [====================]
[  ]    ---- :    175.6 MLBUps    202.61 GB/s [====================]
[  ]    ---- :    175.6 MLBUps    202.67 GB/s [====================]
[  ]    ---- :    176.0 MLBUps    203.06 GB/s [====================]
[  ]    ---- :    176.0 MLBUps    203.07 GB/s [====================]
[  ]    ---- :    175.3 MLBUps    202.28 GB/s [====================]
[  ]    ---- :    175.6 MLBUps    202.68 GB/s [====================]
[  ]    ---- :    175.9 MLBUps    202.96 GB/s [====================]
[  ]    ---- :    175.6 MLBUps    202.65 GB/s [====================]
[  ]    ---- :    175.9 MLBUps    202.97 GB/s [====================]
[  ]    ---- :    175.7 MLBUps    202.73 GB/s [====================]
[  ]    ---- :    175.8 MLBUps    202.89 GB/s [====================]
[  ]    ---- :    175.8 MLBUps    202.90 GB/s [====================]
[  ]    ---- :    175.3 MLBUps    202.35 GB/s [====================]
[  ]    ---- :    176.0 MLBUps    203.10 GB/s [====================]
[  ]    ---- :    175.5 MLBUps    202.47 GB/s [====================]
[  ]    ---- :    175.8 MLBUps    202.85 GB/s [====================]
[  ]    ---- :    175.4 MLBUps    202.41 GB/s [====================]
[  ]    ---- :    175.5 MLBUps    202.56 GB/s [====================]
[  ]    ---- :    175.8 MLBUps    202.89 GB/s [====================]
[  ]    ---- :    175.5 MLBUps    202.53 GB/s [====================]
[  ]    ---- :    175.1 MLBUps    202.12 GB/s [====================]
[  ]    ---- :    175.3 MLBUps    202.31 GB/s [====================]
[  ]    ---- :    175.1 MLBUps    202.05 GB/s [====================]
[  ]    ---- :    175.4 MLBUps    202.44 GB/s [====================]
[  ]    ---- :    175.9 MLBUps    202.94 GB/s [====================]
[  ]    ---- :    175.6 MLBUps    202.65 GB/s [====================]
[  ]    ---- :    175.5 MLBUps    202.52 GB/s [====================]
[  ]    ---- :    175.8 MLBUps    202.92 GB/s [====================]
[  ]    ---- :    175.7 MLBUps    202.79 GB/s [====================]
[  ]    ---- :    176.1 MLBUps    203.22 GB/s [====================]
[  ]    ---- :    175.4 MLBUps    202.37 GB/s [====================]
[  ]    ---- :    175.6 MLBUps    202.60 GB/s [====================]
[  ]    ---- :    175.9 MLBUps    203.01 GB/s [====================]
[  ]    ---- :    175.0 MLBUps    201.90 GB/s [====================]
[  ]    ---- :    175.2 MLBUps    202.22 GB/s [====================]
[  ]    ---- :    175.6 MLBUps    202.65 GB/s [====================]
[  ]    ---- :    175.6 MLBUps    202.68 GB/s [====================]
[  ]    ---- :    175.7 MLBUps    202.76 GB/s [====================]
[  ]    ---- :    175.6 MLBUps    202.63 GB/s [====================]
[  ]    ---- :    175.7 MLBUps    202.77 GB/s [====================]
[  ]    ---- :    175.8 MLBUps    202.88 GB/s [====================]
[  ]    ---- :    176.0 MLBUps    203.08 GB/s [====================]
[  ]    ---- :    175.6 MLBUps    202.63 GB/s [====================]
[  ]    ---- :    175.7 MLBUps    202.75 GB/s [====================]
[  ]    ---- :    175.0 MLBUps    201.98 GB/s [====================]
[  ]    ---- :    175.7 MLBUps    202.79 GB/s [====================]
[  ]    ---- :    176.1 MLBUps    203.21 GB/s [====================]
[  ]    ---- :    174.9 MLBUps    201.78 GB/s [====================]
[  ]    ---- :    175.0 MLBUps    202.00 GB/s [====================]
[  ]    ---- :    176.0 MLBUps    203.16 GB/s [====================]
[  ]    ---- :    175.8 MLBUps    202.88 GB/s [====================]
[  ]    ---- :    175.6 MLBUps    202.68 GB/s [====================]
[  ]    ---- :    175.7 MLBUps    202.73 GB/s [====================]
[  ]    ---- :    173.1 MLBUps    199.74 GB/s [====================]
[  ]    ---- :    174.0 MLBUps    200.75 GB/s [====================]
[  ]    ---- :    173.4 MLBUps    200.11 GB/s [====================]
[  ]    ---- :    174.0 MLBUps    200.74 GB/s [====================]
[  ]    ---- :    173.7 MLBUps    200.45 GB/s [====================]
[  ]    ---- :    173.8 MLBUps    200.61 GB/s [====================]
[  ]    ---- :    173.9 MLBUps    200.69 GB/s [====================]
[  ]    ---- :    173.7 MLBUps    200.49 GB/s [====================]
[  ]    ---- :    174.5 MLBUps    201.37 GB/s [====================]
[  ]    ---- :    174.9 MLBUps    201.89 GB/s [====================]
[  ]    ---- :    174.5 MLBUps    201.38 GB/s [====================]
[  ]    ---- :    174.5 MLBUps    201.39 GB/s [====================]
[  ]    ---- :    174.7 MLBUps    201.63 GB/s [====================]
[  ]    ---- :    175.4 MLBUps    202.41 GB/s [====================]
[  ]    ---- :    174.1 MLBUps    200.91 GB/s [====================]
[  ]    ---- :    174.8 MLBUps    201.72 GB/s [====================]
[  ]    ---- :    174.6 MLBUps    201.44 GB/s [====================]
[  ]    ---- :    174.7 MLBUps    201.56 GB/s [====================]
[  ]    ---- :    174.6 MLBUps    201.49 GB/s [====================]
[  ]    ---- :    174.8 MLBUps    201.71 GB/s [====================]
[  ]    ---- :    174.2 MLBUps    201.08 GB/s [====================]
[  ]    ---- :    174.6 MLBUps    201.53 GB/s [====================]
[  ]    ---- :    174.9 MLBUps    201.86 GB/s [====================]
[  ]    ---- :    173.7 MLBUps    200.43 GB/s [====================]
[  ]    ---- :    174.9 MLBUps    201.80 GB/s [====================]
[  ]    ---- :    174.8 MLBUps    201.69 GB/s [====================]
[  ]    ---- :    174.1 MLBUps    200.96 GB/s [====================]
[  ]    ---- :    173.9 MLBUps    200.64 GB/s [====================]
[  ]    ---- :    174.2 MLBUps    200.99 GB/s [====================]
[  ]    ---- :    174.4 MLBUps    201.28 GB/s [====================]
[  ]    ---- :    173.6 MLBUps    200.37 GB/s [====================]
[  ]    ---- :    174.8 MLBUps    201.71 GB/s [====================]
[  ]    ---- :    174.3 MLBUps    201.11 GB/s [====================]
[  ]    ---- :    175.1 MLBUps    202.08 GB/s [====================]
[  ]    ---- :    174.6 MLBUps    201.50 GB/s [====================]
[  ]    ---- :    175.1 MLBUps    202.03 GB/s [====================]
[  ]    ---- :    174.3 MLBUps    201.17 GB/s [====================]
[  ]    ---- :    174.7 MLBUps    201.64 GB/s [====================]
[  ]    ---- :    175.1 MLBUps    202.11 GB/s [====================]
[  ]    ---- :    174.4 MLBUps    201.29 GB/s [====================]
[  ]    ---- :    175.1 MLBUps    202.10 GB/s [====================]
[  ]    ---- :    174.2 MLBUps    200.98 GB/s [====================]
[  ]    ---- :    174.8 MLBUps    201.75 GB/s [====================]
[  ]    ---- :    174.0 MLBUps    200.82 GB/s [====================]
[  ]    ---- :    174.9 MLBUps    201.81 GB/s [====================]
[  ]    ---- :    174.8 MLBUps    201.76 GB/s [====================]
[  ]    ---- :    174.3 MLBUps    201.11 GB/s [====================]
[  ]    ---- :    174.1 MLBUps    200.95 GB/s [====================]
[  ]    ---- :    174.0 MLBUps    200.80 GB/s [====================]
[  ]    ---- :    174.1 MLBUps    200.95 GB/s [====================]
[  ]    ---- :    174.8 MLBUps    201.70 GB/s [====================]
[  ]    ---- :    174.4 MLBUps    201.22 GB/s [====================]
[  ]    ---- :    174.5 MLBUps    201.42 GB/s [====================]
[  ]    ---- :    174.5 MLBUps    201.32 GB/s [====================]
[  ]    ---- :    174.7 MLBUps    201.57 GB/s [====================]
[  ]    ---- :    174.0 MLBUps    200.75 GB/s [====================]
[  ]    ---- :    174.0 MLBUps    200.82 GB/s [====================]
[  ]    ---- :    174.4 MLBUps    201.31 GB/s [====================]
[  ]    ---- :    174.5 MLBUps    201.42 GB/s [====================]
[  ]    ---- :    174.3 MLBUps    201.17 GB/s [====================]
[  ]    ---- :    174.8 MLBUps    201.67 GB/s [====================]
[  ]    ---- :    174.0 MLBUps    200.82 GB/s [====================]
[  ]    ---- :    174.7 MLBUps    201.62 GB/s [====================]
[  ]    ---- :    174.5 MLBUps    201.35 GB/s [====================]
[  ]    ---- :    174.8 MLBUps    201.71 GB/s [====================]
[  ]    ---- :    174.7 MLBUps    201.63 GB/s [====================]
[  ]    ---- :    174.4 MLBUps    201.29 GB/s [====================]
[  ]    ---- :    174.5 MLBUps    201.35 GB/s [====================]
[  ]    ---- :    174.5 MLBUps    201.38 GB/s [====================]
[  ]    ---- :    174.0 MLBUps    200.83 GB/s [====================]
[  ]    ---- :    174.8 MLBUps    201.67 GB/s [====================]
[  ]    ---- :    175.0 MLBUps    201.93 GB/s [====================]
[  ]    ---- :    175.0 MLBUps    201.95 GB/s [====================]
[  ]    ---- :    174.8 MLBUps    201.72 GB/s [====================]
[  ]    ---- :    173.8 MLBUps    200.62 GB/s [====================]
[  ]    ---- :    174.2 MLBUps    201.03 GB/s [====================]
[  ]    ---- :    174.5 MLBUps    201.36 GB/s [====================]
[  ]    ---- :    174.7 MLBUps    201.60 GB/s [====================]
[  ]    ---- :    175.0 MLBUps    201.95 GB/s [====================]
[  ]    ---- :    174.6 MLBUps    201.53 GB/s [====================]
[  ]    ---- :    174.3 MLBUps    201.19 GB/s [====================]
[  ]    ---- :    174.5 MLBUps    201.34 GB/s [====================]
[  ]    ---- :    174.7 MLBUps    201.65 GB/s [====================]
[  ]    ---- :    174.8 MLBUps    201.70 GB/s [====================]
[  ]    ---- :    174.7 MLBUps    201.56 GB/s [====================]
[  ]    ---- :    175.1 MLBUps    202.01 GB/s [====================]
[  ]    ---- :    174.1 MLBUps    200.96 GB/s [====================]
[  ]    ---- :    175.7 MLBUps    202.71 GB/s [====================]
[  ]    ---- :    176.4 MLBUps    203.60 GB/s [====================]
[  ]    ---- :    175.8 MLBUps    202.84 GB/s [====================]
[  ]    ---- :    175.5 MLBUps    202.47 GB/s [====================]
[  ]    ---- :    175.4 MLBUps    202.37 GB/s [====================]
[  ]    ---- :    175.9 MLBUps    203.01 GB/s [====================]
[  ]    ---- :    176.0 MLBUps    203.13 GB/s [====================]
[  ]    ---- :    175.5 MLBUps    202.48 GB/s [====================]
[  ]    ---- :    175.3 MLBUps    202.27 GB/s [====================]
[  ]    ---- :    175.5 MLBUps    202.52 GB/s [====================]
[  ]    ---- :    10000 it writing vtk
[  ]    ---- : Total duration: 69.657368 s = 1.160956 min = 0.019349 h
