{
  "status": "runtime_sanity",
  "run_root": "/mnt/8A0E24070E23EAC1/runs/tclb_flat_wall_cap_stage8f_low_angle_20260613",
  "case_count": 1,
  "summaries": [
    {
      "status": "runtime_sanity",
      "case_id": "cap_theta030_wall025_mode1",
      "case_dir": "/mnt/8A0E24070E23EAC1/runs/tclb_flat_wall_cap_stage8f_low_angle_20260613/cap_theta030_wall025_mode1",
      "case_params": {
        "status": "runtime_sanity",
        "claim_limit": "runtime_sanity / exploratory_not_validation only",
        "case_id": "cap_theta030_wall025_mode1",
        "remote_case": "/mnt/8A0E24070E23EAC1/runs/tclb_flat_wall_cap_stage8f_low_angle_20260613/cap_theta030_wall025_mode1",
        "case_set": "shadow_low_angle",
        "operator_mode": 1.0,
        "candidate_version": 8.5,
        "init_theta_deg": 30.0,
        "wall_angle_deg": 25.0,
        "volume_radius": 24.0,
        "mobility": 0.1,
        "int_width": 6.0,
        "stage8_max_grad_delta": 0.25,
        "stage8_max_normal_delta": 0.05,
        "stage8_max_normal_delta_ratio": 0.5,
        "steps": 1000,
        "vtk_interval": 100,
        "vtk_what": "PhaseField,U,P,Rho,BOUNDARY,WallBCPath,WallStage8GradMode,WallStage8ActiveWeight,WallStage8NormalGradRaw,WallStage8NormalGradTarget,WallStage8ContactResidual,WallStage8TangentGradMag,WallStage8TargetCos,WallStage8GradWriteDeltaMag,WallStage8LimiterReason,WallStage8LocalWallAngle,WallStage8LocalWallNormal,WallStage8FluidWallAngle,WallStage8FluidWallNormal,WallStage8FluidWallDataCount,WallStage8GradCandidate,WallStage8GradCandidateUse,WallStage8NormalAgreement,WallStage8UsedGeomNormal,WallStage8TanCoeffLocal,WallStage8ThetaLocal,WallStage8PhaseC,WallStage8GradMagRaw,WallStage8TangentGradRaw,WallStage8TargetNormalGrad,WallStage8NormalDeltaRaw,WallStage8NormalDeltaLimited,WallStage8VectorDeltaRawMag,WallStage8VectorDeltaLimitedMag,WallStage8NormalLimiterHit,WallStage8VectorLimiterHit,WallStage8LimiterRatio,WallStage8RegionTag,WallStage8SphereRadialDot,WallStage8ContactBandTag,WallStage8eDnRaw,WallStage8eDnTry,WallStage8eDnLimited,WallStage8eAbsCap,WallStage8eRatioCap,WallStage8eEffectiveCap,WallStage8eCapSource,WallStage8eCapDemandRatio,WallStage8eNormalRawAbs,WallStage8eTargetNormalAbs,WallStage8eTargetMinusRawAbs,WallStage8eSmoothWeightC,WallStage8eSmoothWeightG,WallStage8eSmoothWeightT,WallStage8eSmoothWeightTotal,WallStage8eTanCoeffTimesTangent,WallStage8eLimiterClass,WallStage8eWallProfileConflict"
      },
      "frame_count": 11,
      "last": {
        "status": "runtime_sanity",
        "case_id": "cap_theta030_wall025_mode1",
        "step": 1000,
        "file": "/mnt/8A0E24070E23EAC1/runs/tclb_flat_wall_cap_stage8f_low_angle_20260613/cap_theta030_wall025_mode1/output/case_VTK_P00_00001000.vti",
        "dims": [
          128,
          96,
          128
        ],
        "case_params": {
          "status": "runtime_sanity",
          "claim_limit": "runtime_sanity / exploratory_not_validation only",
          "case_id": "cap_theta030_wall025_mode1",
          "remote_case": "/mnt/8A0E24070E23EAC1/runs/tclb_flat_wall_cap_stage8f_low_angle_20260613/cap_theta030_wall025_mode1",
          "case_set": "shadow_low_angle",
          "operator_mode": 1.0,
          "candidate_version": 8.5,
          "init_theta_deg": 30.0,
          "wall_angle_deg": 25.0,
          "volume_radius": 24.0,
          "mobility": 0.1,
          "int_width": 6.0,
          "stage8_max_grad_delta": 0.25,
          "stage8_max_normal_delta": 0.05,
          "stage8_max_normal_delta_ratio": 0.5,
          "steps": 1000,
          "vtk_interval": 100,
          "vtk_what": "PhaseField,U,P,Rho,BOUNDARY,WallBCPath,WallStage8GradMode,WallStage8ActiveWeight,WallStage8NormalGradRaw,WallStage8NormalGradTarget,WallStage8ContactResidual,WallStage8TangentGradMag,WallStage8TargetCos,WallStage8GradWriteDeltaMag,WallStage8LimiterReason,WallStage8LocalWallAngle,WallStage8LocalWallNormal,WallStage8FluidWallAngle,WallStage8FluidWallNormal,WallStage8FluidWallDataCount,WallStage8GradCandidate,WallStage8GradCandidateUse,WallStage8NormalAgreement,WallStage8UsedGeomNormal,WallStage8TanCoeffLocal,WallStage8ThetaLocal,WallStage8PhaseC,WallStage8GradMagRaw,WallStage8TangentGradRaw,WallStage8TargetNormalGrad,WallStage8NormalDeltaRaw,WallStage8NormalDeltaLimited,WallStage8VectorDeltaRawMag,WallStage8VectorDeltaLimitedMag,WallStage8NormalLimiterHit,WallStage8VectorLimiterHit,WallStage8LimiterRatio,WallStage8RegionTag,WallStage8SphereRadialDot,WallStage8ContactBandTag,WallStage8eDnRaw,WallStage8eDnTry,WallStage8eDnLimited,WallStage8eAbsCap,WallStage8eRatioCap,WallStage8eEffectiveCap,WallStage8eCapSource,WallStage8eCapDemandRatio,WallStage8eNormalRawAbs,WallStage8eTargetNormalAbs,WallStage8eTargetMinusRawAbs,WallStage8eSmoothWeightC,WallStage8eSmoothWeightG,WallStage8eSmoothWeightT,WallStage8eSmoothWeightTotal,WallStage8eTanCoeffTimesTangent,WallStage8eLimiterClass,WallStage8eWallProfileConflict"
        },
        "cell_count": 1572864,
        "wall_count": 80520,
        "fluid_count": 1492344,
        "lower_wall_count": 16384,
        "nonfinite_total": 0,
        "angle_apparent_deg": 29.48717697042463,
        "angle_error_vs_init_deg": -0.5128230295753688,
        "angle_error_vs_wall_rad_deg": NaN,
        "fit_point_count": 128,
        "fit_circle": [
          -88.89936809705127,
          63.49999999999998,
          102.12849243583524
        ],
        "wall_bc_path_counts": {
          "2": 64136,
          "5": 16384
        },
        "field_stats": {
          "PhaseField": {
            "all": {
              "count": 1572864,
              "nonfinite": 0,
              "min": 6.205994288386022e-15,
              "mean": 0.03850108739919771,
              "p01": 7.928503641772745e-14,
              "p05": 5.156142524209558e-13,
              "p50": 2.9779902525342775e-09,
              "p99": 0.9868633689724335,
              "max": 0.9998746102065398,
              "sum": 60556.974331051715,
              "nonzero_count": 1572864,
              "positive_count": 1572864,
              "negative_count": 0
            },
            "fluid": {
              "count": 1492344,
              "nonfinite": 0,
              "min": 6.205994288386022e-15,
              "mean": 0.03519289571036124,
              "p01": 1.0300128906519969e-13,
              "p05": 6.659129840171496e-13,
              "p50": 3.0511669718247284e-09,
              "p99": 0.9778753884497877,
              "max": 0.9997660818308156,
              "sum": 52519.90675598333,
              "nonzero_count": 1492344,
              "positive_count": 1492344,
              "negative_count": 0
            },
            "wall": {
              "count": 80520,
              "nonfinite": 0,
              "min": 6.205994288386022e-15,
              "mean": 0.09981455011262287,
              "p01": 1.546087613136546e-14,
              "p05": 6.916853301265237e-14,
              "p50": 1.3263395406682956e-09,
              "p99": 0.9996691117266208,
              "max": 0.9998746102065398,
              "sum": 8037.067575068394,
              "nonzero_count": 80520,
              "positive_count": 80520,
              "negative_count": 0
            },
            "lower_wall": {
              "count": 16384,
              "nonfinite": 0,
              "min": 9.836056232577224e-07,
              "mean": 0.49029134804533153,
              "p01": 4.21479949074068e-06,
              "p05": 8.757291508654087e-05,
              "p50": 0.44899533724244445,
              "p99": 0.9998460633950754,
              "max": 0.9998746102065398,
              "sum": 8032.933446374712,
              "nonzero_count": 16384,
              "positive_count": 16384,
              "negative_count": 0
            }
          },
          "Rho": {
            "all": {
              "count": 1572864,
              "nonfinite": 0,
              "min": 0.0,
              "mean": 0.03430667295406808,
              "p01": 0.0,
              "p05": 0.0,
              "p50": 0.00100000223911724,
              "p99": 0.9750827704119995,
              "max": 0.9997663157489848,
              "sum": 53959.73084922734,
              "nonzero_count": 1492344,
              "positive_count": 1492344,
              "negative_count": 0
            },
            "fluid": {
              "count": 1492344,
              "nonfinite": 0,
              "min": 0.0010000000000061997,
              "mean": 0.03615770281465087,
              "p01": 0.0010000000001028982,
              "p05": 0.0010000000006652472,
              "p50": 0.001000003048115805,
              "p99": 0.9778975130613379,
              "max": 0.9997663157489848,
              "sum": 53959.73084922734,
              "nonzero_count": 1492344,
              "positive_count": 1492344,
              "negative_count": 0
            },
            "wall": {
              "count": 80520,
              "nonfinite": 0,
              "min": 0.0,
              "mean": 0.0,
              "p01": 0.0,
              "p05": 0.0,
              "p50": 0.0,
              "p99": 0.0,
              "max": 0.0,
              "sum": 0.0,
              "nonzero_count": 0,
              "positive_count": 0,
              "negative_count": 0
            },
            "lower_wall": {
              "count": 16384,
              "nonfinite": 0,
              "min": 0.0,
              "mean": 0.0,
              "p01": 0.0,
              "p05": 0.0,
              "p50": 0.0,
              "p99": 0.0,
              "max": 0.0,
              "sum": 0.0,
              "nonzero_count": 0,
              "positive_count": 0,
              "negative_count": 0
            }
          },
          "WallStage8GradMode": {
            "all": {
              "count": 1572864,
              "nonfinite": 0,
              "min": 1.0,
              "mean": 1.0,
              "p01": 1.0,
              "p05": 1.0,
              "p50": 1.0,
              "p99": 1.0,
              "max": 1.0,
              "sum": 1572864.0,
              "nonzero_count": 1572864,
              "positive_count": 1572864,
              "negative_count": 0
            },
            "fluid": {
              "count": 1492344,
              "nonfinite": 0,
              "min": 1.0,
              "mean": 1.0,
              "p01": 1.0,
              "p05": 1.0,
              "p50": 1.0,
              "p99": 1.0,
              "max": 1.0,
              "sum": 1492344.0,
              "nonzero_count": 1492344,
              "positive_count": 1492344,
              "negative_count": 0
            },
            "wall": {
              "count": 80520,
              "nonfinite": 0,
              "min": 1.0,
              "mean": 1.0,
              "p01": 1.0,
              "p05": 1.0,
              "p50": 1.0,
              "p99": 1.0,
              "max": 1.0,
              "sum": 80520.0,
              "nonzero_count": 80520,
              "positive_count": 80520,
              "negative_count": 0
            },
            "lower_wall": {
              "count": 16384,
              "nonfinite": 0,
              "min": 1.0,
              "mean": 1.0,
              "p01": 1.0,
              "p05": 1.0,
              "p50": 1.0,
              "p99": 1.0,
              "max": 1.0,
              "sum": 16384.0,
              "nonzero_count": 16384,
              "positive_count": 16384,
              "negative_count": 0
            }
          },
          "WallStage8ActiveWeight": {
            "all": {
              "count": 1572864,
              "nonfinite": 0,
              "min": 0.0,
              "mean": 0.003852997133321954,
              "p01": 0.0,
              "p05": 0.0,
              "p50": 0.0,
              "p99": 0.0,
              "max": 1.0,
              "sum": 6060.240483105302,
              "nonzero_count": 7656,
              "positive_count": 7656,
              "negative_count": 0
            },
            "fluid": {
              "count": 1492344,
              "nonfinite": 0,
              "min": 0.0,
              "mean": 0.004060887089776421,
              "p01": 0.0,
              "p05": 0.0,
              "p50": 0.0,
              "p99": 0.0,
              "max": 1.0,
              "sum": 6060.240483105303,
              "nonzero_count": 7656,
              "positive_count": 7656,
              "negative_count": 0
            },
            "wall": {
              "count": 80520,
              "nonfinite": 0,
              "min": 0.0,
              "mean": 0.0,
              "p01": 0.0,
              "p05": 0.0,
              "p50": 0.0,
              "p99": 0.0,
              "max": 0.0,
              "sum": 0.0,
              "nonzero_count": 0,
              "positive_count": 0,
              "negative_count": 0
            },
            "lower_wall": {
              "count": 16384,
              "nonfinite": 0,
              "min": 0.0,
              "mean": 0.0,
              "p01": 0.0,
              "p05": 0.0,
              "p50": 0.0,
              "p99": 0.0,
              "max": 0.0,
              "sum": 0.0,
              "nonzero_count": 0,
              "positive_count": 0,
              "negative_count": 0
            }
          },
          "WallStage8NormalGradRaw": {
            "all": {
              "count": 1572864,
              "nonfinite": 0,
              "min": -0.151764389008824,
              "mean": -0.0003702290396562801,
              "p01": -1.538964526162407e-06,
              "p05": 0.0,
              "p50": 0.0,
              "p99": 2.08148525280483e-11,
              "max": 0.00030471978358221664,
              "sum": -582.3199282299354,
              "nonzero_count": 77752,
              "positive_count": 61040,
              "negative_count": 16712
            },
            "fluid": {
              "count": 1492344,
              "nonfinite": 0,
              "min": -0.151764389008824,
              "mean": -0.00039020489125157147,
              "p01": -5.743369280919546e-05,
              "p05": 0.0,
              "p50": 0.0,
              "p99": 2.1356202571832545e-11,
              "max": 0.00030471978358221664,
              "sum": -582.3199282299352,
              "nonzero_count": 77752,
              "positive_count": 61040,
              "negative_count": 16712
            },
            "wall": {
              "count": 80520,
              "nonfinite": 0,
              "min": 0.0,
              "mean": 0.0,
              "p01": 0.0,
              "p05": 0.0,
              "p50": 0.0,
              "p99": 0.0,
              "max": 0.0,
              "sum": 0.0,
              "nonzero_count": 0,
              "positive_count": 0,
              "negative_count": 0
            },
            "lower_wall": {
              "count": 16384,
              "nonfinite": 0,
              "min": 0.0,
              "mean": 0.0,
              "p01": 0.0,
              "p05": 0.0,
              "p50": 0.0,
              "p99": 0.0,
              "max": 0.0,
              "sum": 0.0,
              "nonzero_count": 0,
              "positive_count": 0,
              "negative_count": 0
            }
          },
          "WallStage8NormalGradTarget": {
            "all": {
              "count": 1572864,
              "nonfinite": 0,
              "min": -0.16328978832069874,
              "mean": -0.0004106786405004892,
              "p01": -1.9286662309851315e-06,
              "p05": 0.0,
              "p50": 0.0,
              "p99": 1.0034795164324379e-18,
              "max": 1.0416870165461573e-11,
              "sum": -645.9416492121615,
              "nonzero_count": 77752,
              "positive_count": 61876,
              "negative_count": 15876
            },
            "fluid": {
              "count": 1492344,
              "nonfinite": 0,
              "min": -0.16328978832069874,
              "mean": -0.00043283696601598663,
              "p01": -4.1529332079955766e-05,
              "p05": 0.0,
              "p50": 0.0,
              "p99": 1.0632547214072942e-18,
              "max": 1.0416870165461573e-11,
              "sum": -645.9416492121616,
              "nonzero_count": 77752,
              "positive_count": 61876,
              "negative_count": 15876
            },
            "wall": {
              "count": 80520,
              "nonfinite": 0,
              "min": 0.0,
              "mean": 0.0,
              "p01": 0.0,
              "p05": 0.0,
              "p50": 0.0,
              "p99": 0.0,
              "max": 0.0,
              "sum": 0.0,
              "nonzero_count": 0,
              "positive_count": 0,
              "negative_count": 0
            },
            "lower_wall": {
              "count": 16384,
              "nonfinite": 0,
              "min": 0.0,
              "mean": 0.0,
              "p01": 0.0,
              "p05": 0.0,
              "p50": 0.0,
              "p99": 0.0,
              "max": 0.0,
              "sum": 0.0,
              "nonzero_count": 0,
              "positive_count": 0,
              "negative_count": 0
            }
          },
          "WallStage8ContactResidual": {
            "all": {
              "count": 1572864,
              "nonfinite": 0,
              "min": -0.09363253557863238,
              "mean": 0.0012696988955679526,
              "p01": 0.0,
              "p05": 0.0,
              "p50": 0.0,
              "p99": 0.008415603180425113,
              "max": 0.36714473336660924,
              "sum": 1997.063683678592,
              "nonzero_count": 23644,
              "positive_count": 19068,
              "negative_count": 4576
            },
            "fluid": {
              "count": 1492344,
              "nonfinite": 0,
              "min": -0.09363253557863238,
              "mean": 0.0013382059925048056,
              "p01": 0.0,
              "p05": 0.0,
              "p50": 0.0,
              "p99": 0.015672174890128128,
              "max": 0.36714473336660924,
              "sum": 1997.0636836785918,
              "nonzero_count": 23644,
              "positive_count": 19068,
              "negative_count": 4576
            },
            "wall": {
              "count": 80520,
              "nonfinite": 0,
              "min": 0.0,
              "mean": 0.0,
              "p01": 0.0,
              "p05": 0.0,
              "p50": 0.0,
              "p99": 0.0,
              "max": 0.0,
              "sum": 0.0,
              "nonzero_count": 0,
              "positive_count": 0,
              "negative_count": 0
            },
            "lower_wall": {
              "count": 16384,
              "nonfinite": 0,
              "min": 0.0,
              "mean": 0.0,
              "p01": 0.0,
              "p05": 0.0,
              "p50": 0.0,
              "p99": 0.0,
              "max": 0.0,
              "sum": 0.0,
              "nonzero_count": 0,
              "positive_count": 0,
              "negative_count": 0
            }
          },
          "WallStage8TangentGradMag": {
            "all": {
              "count": 1572864,
              "nonfinite": 0,
              "min": 0.0,
              "mean": 0.00019285308787798063,
              "p01": 0.0,
              "p05": 0.0,
              "p50": 0.0,
              "p99": 5.877225402861793e-05,
              "max": 0.07614327914926872,
              "sum": 303.33167921211214,
              "nonzero_count": 77752,
              "positive_count": 77752,
              "negative_count": 0
            },
            "fluid": {
              "count": 1492344,
              "nonfinite": 0,
              "min": 0.0,
              "mean": 0.00020325855111965599,
              "p01": 0.0,
              "p05": 0.0,
              "p50": 0.0,
              "p99": 0.00010284505628575407,
              "max": 0.07614327914926872,
              "sum": 303.3316792121119,
              "nonzero_count": 77752,
              "positive_count": 77752,
              "negative_count": 0
            },
            "wall": {
              "count": 80520,
              "nonfinite": 0,
              "min": 0.0,
              "mean": 0.0,
              "p01": 0.0,
              "p05": 0.0,
              "p50": 0.0,
              "p99": 0.0,
              "max": 0.0,
              "sum": 0.0,
              "nonzero_count": 0,
              "positive_count": 0,
              "negative_count": 0
            },
            "lower_wall": {
              "count": 16384,
              "nonfinite": 0,
              "min": 0.0,
              "mean": 0.0,
              "p01": 0.0,
              "p05": 0.0,
              "p50": 0.0,
              "p99": 0.0,
              "max": 0.0,
              "sum": 0.0,
              "nonzero_count": 0,
              "positive_count": 0,
              "negative_count": 0
            }
          },
          "WallStage8TargetCos": {
            "all": {
              "count": 1572864,
              "nonfinite": 0,
              "min": -0.9063077870366499,
              "mean": -0.00905663502240755,
              "p01": -0.619921613240877,
              "p05": 0.0,
              "p50": 0.0,
              "p99": 1.6081226496766366e-16,
              "max": 3.8285686989269494e-16,
              "sum": -14244.855187884028,
              "nonzero_count": 77752,
              "positive_count": 61874,
              "negative_count": 15878
            },
            "fluid": {
              "count": 1492344,
              "nonfinite": 0,
              "min": -0.9063077870366499,
              "mean": -0.009545289281750071,
              "p01": -0.9063077870366499,
              "p05": 0.0,
              "p50": 0.0,
              "p99": 1.6081226496766366e-16,
              "max": 3.8285686989269494e-16,
              "sum": -14244.855187884028,
              "nonzero_count": 77752,
              "positive_count": 61874,
              "negative_count": 15878
            },
            "wall": {
              "count": 80520,
              "nonfinite": 0,
              "min": 0.0,
              "mean": 0.0,
              "p01": 0.0,
              "p05": 0.0,
              "p50": 0.0,
              "p99": 0.0,
              "max": 0.0,
              "sum": 0.0,
              "nonzero_count": 0,
              "positive_count": 0,
              "negative_count": 0
            },
            "lower_wall": {
              "count": 16384,
              "nonfinite": 0,
              "min": 0.0,
              "mean": 0.0,
              "p01": 0.0,
              "p05": 0.0,
              "p50": 0.0,
              "p99": 0.0,
              "max": 0.0,
              "sum": 0.0,
              "nonzero_count": 0,
              "positive_count": 0,
              "negative_count": 0
            }
          },
          "WallStage8GradWriteDeltaMag": {
            "all": {
              "count": 1572864,
              "nonfinite": 0,
              "min": 0.0,
              "mean": 3.609341764018032e-05,
              "p01": 0.0,
              "p05": 0.0,
              "p50": 0.0,
              "p99": 0.0,
              "max": 0.018182722061958295,
              "sum": 56.770037243204584,
              "nonzero_count": 7656,
              "positive_count": 7656,
              "negative_count": 0
            },
            "fluid": {
              "count": 1492344,
              "nonfinite": 0,
              "min": 0.0,
              "mean": 3.804085200409864e-05,
              "p01": 0.0,
              "p05": 0.0,
              "p50": 0.0,
              "p99": 0.0,
              "max": 0.018182722061958295,
              "sum": 56.770037243204584,
              "nonzero_count": 7656,
              "positive_count": 7656,
              "negative_count": 0
            },
            "wall": {
              "count": 80520,
              "nonfinite": 0,
              "min": 0.0,
              "mean": 0.0,
              "p01": 0.0,
              "p05": 0.0,
              "p50": 0.0,
              "p99": 0.0,
              "max": 0.0,
              "sum": 0.0,
              "nonzero_count": 0,
              "positive_count": 0,
              "negative_count": 0
            },
            "lower_wall": {
              "count": 16384,
              "nonfinite": 0,
              "min": 0.0,
              "mean": 0.0,
              "p01": 0.0,
              "p05": 0.0,
              "p50": 0.0,
              "p99": 0.0,
              "max": 0.0,
              "sum": 0.0,
              "nonzero_count": 0,
              "positive_count": 0,
              "negative_count": 0
            }
          },
          "WallStage8LimiterReason": {
            "all": {
              "count": 1572864,
              "nonfinite": 0,
              "min": 0.0,
              "mean": 2.872400919596354,
              "p01": 1.0,
              "p05": 1.0,
              "p50": 2.0,
              "p99": 28.0,
              "max": 28.0,
              "sum": 4517896.0,
              "nonzero_count": 1565208,
              "positive_count": 1565208,
              "negative_count": 0
            },
            "fluid": {
              "count": 1492344,
              "nonfinite": 0,
              "min": 0.0,
              "mean": 2.9734270382699965,
              "p01": 2.0,
              "p05": 2.0,
              "p50": 2.0,
              "p99": 28.0,
              "max": 28.0,
              "sum": 4437376.0,
              "nonzero_count": 1484688,
              "positive_count": 1484688,
              "negative_count": 0
            },
            "wall": {
              "count": 80520,
              "nonfinite": 0,
              "min": 1.0,
              "mean": 1.0,
              "p01": 1.0,
              "p05": 1.0,
              "p50": 1.0,
              "p99": 1.0,
              "max": 1.0,
              "sum": 80520.0,
              "nonzero_count": 80520,
              "positive_count": 80520,
              "negative_count": 0
            },
            "lower_wall": {
              "count": 16384,
              "nonfinite": 0,
              "min": 1.0,
              "mean": 1.0,
              "p01": 1.0,
              "p05": 1.0,
              "p50": 1.0,
              "p99": 1.0,
              "max": 1.0,
              "sum": 16384.0,
              "nonzero_count": 16384,
              "positive_count": 16384,
              "negative_count": 0
            }
          },
          "WallStage8LocalWallAngle": {
            "all": {
              "count": 1572864,
              "nonfinite": 0,
              "min": 0.0,
              "mean": 0.06859681563789764,
              "p01": 0.0,
              "p05": 0.0,
              "p50": 0.0,
              "p99": 1.5707963267948966,
              "max": 1.5707963267948966,
              "sum": 107893.46183148625,
              "nonzero_count": 80520,
              "positive_count": 80520,
              "negative_count": 0
            },
            "fluid": {
              "count": 1492344,
              "nonfinite": 0,
              "min": 0.0,
              "mean": 0.0,
              "p01": 0.0,
              "p05": 0.0,
              "p50": 0.0,
              "p99": 0.0,
              "max": 0.0,
              "sum": 0.0,
              "nonzero_count": 0,
              "positive_count": 0,
              "negative_count": 0
            },
            "wall": {
              "count": 80520,
              "nonfinite": 0,
              "min": 0.4363323129985824,
              "mean": 1.339958542368185,
              "p01": 0.4363323129985824,
              "p05": 0.4363323129985824,
              "p50": 1.5707963267948966,
              "p99": 1.5707963267948966,
              "max": 1.5707963267948966,
              "sum": 107893.46183148626,
              "nonzero_count": 80520,
              "positive_count": 80520,
              "negative_count": 0
            },
            "lower_wall": {
              "count": 16384,
              "nonfinite": 0,
              "min": 0.4363323129985824,
              "mean": 0.43633231299858255,
              "p01": 0.4363323129985824,
              "p05": 0.4363323129985824,
              "p50": 0.4363323129985824,
              "p99": 0.4363323129985824,
              "max": 0.4363323129985824,
              "sum": 7148.8686161687765,
              "nonzero_count": 16384,
              "positive_count": 16384,
              "negative_count": 0
            }
          },
          "WallStage8FluidWallAngle": {
            "all": {
              "count": 1572864,
              "nonfinite": 0,
              "min": 0.0,
              "mean": 0.06634732105518558,
              "p01": 0.0,
              "p05": 0.0,
              "p50": 0.0,
              "p99": 1.5707963267948968,
              "max": 1.570796326794897,
              "sum": 104355.31278414342,
              "nonzero_count": 77752,
              "positive_count": 77752,
              "negative_count": 0
            },
            "fluid": {
              "count": 1492344,
              "nonfinite": 0,
              "min": 0.0,
              "mean": 0.0699271165255087,
              "p01": 0.0,
              "p05": 0.0,
              "p50": 0.0,
              "p99": 1.5707963267948968,
              "max": 1.570796326794897,
              "sum": 104355.31278414375,
              "nonzero_count": 77752,
              "positive_count": 77752,
              "negative_count": 0
            },
            "wall": {
              "count": 80520,
              "nonfinite": 0,
              "min": 0.0,
              "mean": 0.0,
              "p01": 0.0,
              "p05": 0.0,
              "p50": 0.0,
              "p99": 0.0,
              "max": 0.0,
              "sum": 0.0,
              "nonzero_count": 0,
              "positive_count": 0,
              "negative_count": 0
            },
            "lower_wall": {
              "count": 16384,
              "nonfinite": 0,
              "min": 0.0,
              "mean": 0.0,
              "p01": 0.0,
              "p05": 0.0,
              "p50": 0.0,
              "p99": 0.0,
              "max": 0.0,
              "sum": 0.0,
              "nonzero_count": 0,
              "positive_count": 0,
              "negative_count": 0
            }
          },
          "WallStage8FluidWallDataCount": {
            "all": {
              "count": 1572864,
              "nonfinite": 0,
              "min": 0.0,
              "mean": 0.4501393636067708,
              "p01": 0.0,
              "p05": 0.0,
              "p50": 0.0,
              "p99": 9.0,
              "max": 19.0,
              "sum": 708008.0,
              "nonzero_count": 77752,
              "positive_count": 77752,
              "negative_count": 0
            },
            "fluid": {
              "count": 1492344,
              "nonfinite": 0,
              "min": 0.0,
              "mean": 0.47442680776014107,
              "p01": 0.0,
              "p05": 0.0,
              "p50": 0.0,
              "p99": 9.0,
              "max": 19.0,
              "sum": 708008.0,
              "nonzero_count": 77752,
              "positive_count": 77752,
              "negative_count": 0
            },
            "wall": {
              "count": 80520,
              "nonfinite": 0,
              "min": 0.0,
              "mean": 0.0,
              "p01": 0.0,
              "p05": 0.0,
              "p50": 0.0,
              "p99": 0.0,
              "max": 0.0,
              "sum": 0.0,
              "nonzero_count": 0,
              "positive_count": 0,
              "negative_count": 0
            },
            "lower_wall": {
              "count": 16384,
              "nonfinite": 0,
              "min": 0.0,
              "mean": 0.0,
              "p01": 0.0,
              "p05": 0.0,
              "p50": 0.0,
              "p99": 0.0,
              "max": 0.0,
              "sum": 0.0,
              "nonzero_count": 0,
              "positive_count": 0,
              "negative_count": 0
            }
          },
          "WallStage8GradCandidateUse": {
            "all": {
              "count": 1572864,
              "nonfinite": 0,
              "min": 0.0,
              "mean": 0.0048675537109375,
              "p01": 0.0,
              "p05": 0.0,
              "p50": 0.0,
              "p99": 0.0,
              "max": 1.0,
              "sum": 7656.0,
              "nonzero_count": 7656,
              "positive_count": 7656,
              "negative_count": 0
            },
            "fluid": {
              "count": 1492344,
              "nonfinite": 0,
              "min": 0.0,
              "mean": 0.005130184461491452,
              "p01": 0.0,
              "p05": 0.0,
              "p50": 0.0,
              "p99": 0.0,
              "max": 1.0,
              "sum": 7656.0,
              "nonzero_count": 7656,
              "positive_count": 7656,
              "negative_count": 0
            },
            "wall": {
              "count": 80520,
              "nonfinite": 0,
              "min": 0.0,
              "mean": 0.0,
              "p01": 0.0,
              "p05": 0.0,
              "p50": 0.0,
              "p99": 0.0,
              "max": 0.0,
              "sum": 0.0,
              "nonzero_count": 0,
              "positive_count": 0,
              "negative_count": 0
            },
            "lower_wall": {
              "count": 16384,
              "nonfinite": 0,
              "min": 0.0,
              "mean": 0.0,
              "p01": 0.0,
              "p05": 0.0,
              "p50": 0.0,
              "p99": 0.0,
              "max": 0.0,
              "sum": 0.0,
              "nonzero_count": 0,
              "positive_count": 0,
              "negative_count": 0
            }
          },
          "WallStage8NormalAgreement": {
            "all": {
              "count": 1572864,
              "nonfinite": 0,
              "min": 0.0,
              "mean": 0.049433390299479164,
              "p01": 0.0,
              "p05": 0.0,
              "p50": 0.0,
              "p99": 1.0,
              "max": 1.0000000000000002,
              "sum": 77752.0,
              "nonzero_count": 77752,
              "positive_count": 77752,
              "negative_count": 0
            },
            "fluid": {
              "count": 1492344,
              "nonfinite": 0,
              "min": 0.0,
              "mean": 0.05210058806816659,
              "p01": 0.0,
              "p05": 0.0,
              "p50": 0.0,
              "p99": 1.0,
              "max": 1.0000000000000002,
              "sum": 77752.0,
              "nonzero_count": 77752,
              "positive_count": 77752,
              "negative_count": 0
            },
            "wall": {
              "count": 80520,
              "nonfinite": 0,
              "min": 0.0,
              "mean": 0.0,
              "p01": 0.0,
              "p05": 0.0,
              "p50": 0.0,
              "p99": 0.0,
              "max": 0.0,
              "sum": 0.0,
              "nonzero_count": 0,
              "positive_count": 0,
              "negative_count": 0
            },
            "lower_wall": {
              "count": 16384,
              "nonfinite": 0,
              "min": 0.0,
              "mean": 0.0,
              "p01": 0.0,
              "p05": 0.0,
              "p50": 0.0,
              "p99": 0.0,
              "max": 0.0,
              "sum": 0.0,
              "nonzero_count": 0,
              "positive_count": 0,
              "negative_count": 0
            }
          },
          "WallStage8UsedGeomNormal": {
            "all": {
              "count": 1572864,
              "nonfinite": 0,
              "min": 0.0,
              "mean": 0.049433390299479164,
              "p01": 0.0,
              "p05": 0.0,
              "p50": 0.0,
              "p99": 1.0,
              "max": 1.0,
              "sum": 77752.0,
              "nonzero_count": 77752,
              "positive_count": 77752,
              "negative_count": 0
            },
            "fluid": {
              "count": 1492344,
              "nonfinite": 0,
              "min": 0.0,
              "mean": 0.05210058806816659,
              "p01": 0.0,
              "p05": 0.0,
              "p50": 0.0,
              "p99": 1.0,
              "max": 1.0,
              "sum": 77752.0,
              "nonzero_count": 77752,
              "positive_count": 77752,
              "negative_count": 0
            },
            "wall": {
              "count": 80520,
              "nonfinite": 0,
              "min": 0.0,
              "mean": 0.0,
              "p01": 0.0,
              "p05": 0.0,
              "p50": 0.0,
              "p99": 0.0,
              "max": 0.0,
              "sum": 0.0,
              "nonzero_count": 0,
              "positive_count": 0,
              "negative_count": 0
            },
            "lower_wall": {
              "count": 16384,
              "nonfinite": 0,
              "min": 0.0,
              "mean": 0.0,
              "p01": 0.0,
              "p05": 0.0,
              "p50": 0.0,
              "p99": 0.0,
              "max": 0.0,
              "sum": 0.0,
              "nonzero_count": 0,
              "positive_count": 0,
              "negative_count": 0
            }
          },
          "WallStage8TanCoeffLocal": {
            "all": {
              "count": 1572864,
              "nonfinite": 0,
              "min": -1.7948968977776758e-09,
              "mean": 0.021214859581921125,
              "p01": -1.7948966757330709e-09,
              "p05": 0.0,
              "p50": 0.0,
              "p99": 0.790047475165601,
              "max": 2.144506910460094,
              "sum": 33368.08890145879,
              "nonzero_count": 77752,
              "positive_count": 15876,
              "negative_count": 61876
            },
            "fluid": {
              "count": 1492344,
              "nonfinite": 0,
              "min": -1.7948968977776758e-09,
              "mean": 0.022359515568433703,
              "p01": -1.7948966757330709e-09,
              "p05": 0.0,
              "p50": 0.0,
              "p99": 2.144506910460094,
              "max": 2.144506910460094,
              "sum": 33368.08890145863,
              "nonzero_count": 77752,
              "positive_count": 15876,
              "negative_count": 61876
            },
            "wall": {
              "count": 80520,
              "nonfinite": 0,
              "min": 0.0,
              "mean": 0.0,
              "p01": 0.0,
              "p05": 0.0,
              "p50": 0.0,
              "p99": 0.0,
              "max": 0.0,
              "sum": 0.0,
              "nonzero_count": 0,
              "positive_count": 0,
              "negative_count": 0
            },
            "lower_wall": {
              "count": 16384,
              "nonfinite": 0,
              "min": 0.0,
              "mean": 0.0,
              "p01": 0.0,
              "p05": 0.0,
              "p50": 0.0,
              "p99": 0.0,
              "max": 0.0,
              "sum": 0.0,
              "nonzero_count": 0,
              "positive_count": 0,
              "negative_count": 0
            }
          },
          "WallStage8ThetaLocal": {
            "all": {
              "count": 1572864,
              "nonfinite": 0,
              "min": 0.0,
              "mean": 0.06634732105518558,
              "p01": 0.0,
              "p05": 0.0,
              "p50": 0.0,
              "p99": 1.5707963267948968,
              "max": 1.570796326794897,
              "sum": 104355.31278414342,
              "nonzero_count": 77752,
              "positive_count": 77752,
              "negative_count": 0
            },
            "fluid": {
              "count": 1492344,
              "nonfinite": 0,
              "min": 0.0,
              "mean": 0.0699271165255087,
              "p01": 0.0,
              "p05": 0.0,
              "p50": 0.0,
              "p99": 1.5707963267948968,
              "max": 1.570796326794897,
              "sum": 104355.31278414375,
              "nonzero_count": 77752,
              "positive_count": 77752,
              "negative_count": 0
            },
            "wall": {
              "count": 80520,
              "nonfinite": 0,
              "min": 0.0,
              "mean": 0.0,
              "p01": 0.0,
              "p05": 0.0,
              "p50": 0.0,
              "p99": 0.0,
              "max": 0.0,
              "sum": 0.0,
              "nonzero_count": 0,
              "positive_count": 0,
              "negative_count": 0
            },
            "lower_wall": {
              "count": 16384,
              "nonfinite": 0,
              "min": 0.0,
              "mean": 0.0,
              "p01": 0.0,
              "p05": 0.0,
              "p50": 0.0,
              "p99": 0.0,
              "max": 0.0,
              "sum": 0.0,
              "nonzero_count": 0,
              "positive_count": 0,
              "negative_count": 0
            }
          },
          "WallStage8PhaseC": {
            "all": {
              "count": 1572864,
              "nonfinite": 0,
              "min": 0.0,
              "mean": 0.004718140277687736,
              "p01": 0.0,
              "p05": 0.0,
              "p50": 0.0,
              "p99": 0.00024436589916844063,
              "max": 0.9997660818308156,
              "sum": 7420.992989725042,
              "nonzero_count": 77752,
              "positive_count": 77752,
              "negative_count": 0
            },
            "fluid": {
              "count": 1492344,
              "nonfinite": 0,
              "min": 0.0,
              "mean": 0.004972709368433174,
              "p01": 0.0,
              "p05": 0.0,
              "p50": 0.0,
              "p99": 0.0006100084604431628,
              "max": 0.9997660818308156,
              "sum": 7420.992989725037,
              "nonzero_count": 77752,
              "positive_count": 77752,
              "negative_count": 0
            },
            "wall": {
              "count": 80520,
              "nonfinite": 0,
              "min": 0.0,
              "mean": 0.0,
              "p01": 0.0,
              "p05": 0.0,
              "p50": 0.0,
              "p99": 0.0,
              "max": 0.0,
              "sum": 0.0,
              "nonzero_count": 0,
              "positive_count": 0,
              "negative_count": 0
            },
            "lower_wall": {
              "count": 16384,
              "nonfinite": 0,
              "min": 0.0,
              "mean": 0.0,
              "p01": 0.0,
              "p05": 0.0,
              "p50": 0.0,
              "p99": 0.0,
              "max": 0.0,
              "sum": 0.0,
              "nonzero_count": 0,
              "positive_count": 0,
              "negative_count": 0
            }
          },
          "WallStage8GradMagRaw": {
            "all": {
              "count": 1572864,
              "nonfinite": 0,
              "min": 0.0,
              "mean": 0.00041836039044053954,
              "p01": 0.0,
              "p05": 0.0,
              "p50": 0.0,
              "p99": 0.0001427729838329328,
              "max": 0.16971526975237958,
              "sum": 658.0239971498688,
              "nonzero_count": 77752,
              "positive_count": 77752,
              "negative_count": 0
            },
            "fluid": {
              "count": 1492344,
              "nonfinite": 0,
              "min": 0.0,
              "mean": 0.00044093318775689013,
              "p01": 0.0,
              "p05": 0.0,
              "p50": 0.0,
              "p99": 0.00022949273842086921,
              "max": 0.16971526975237958,
              "sum": 658.0239971498685,
              "nonzero_count": 77752,
              "positive_count": 77752,
              "negative_count": 0
            },
            "wall": {
              "count": 80520,
              "nonfinite": 0,
              "min": 0.0,
              "mean": 0.0,
              "p01": 0.0,
              "p05": 0.0,
              "p50": 0.0,
              "p99": 0.0,
              "max": 0.0,
              "sum": 0.0,
              "nonzero_count": 0,
              "positive_count": 0,
              "negative_count": 0
            },
            "lower_wall": {
              "count": 16384,
              "nonfinite": 0,
              "min": 0.0,
              "mean": 0.0,
              "p01": 0.0,
              "p05": 0.0,
              "p50": 0.0,
              "p99": 0.0,
              "max": 0.0,
              "sum": 0.0,
              "nonzero_count": 0,
              "positive_count": 0,
              "negative_count": 0
            }
          },
          "WallStage8TangentGradRaw": {
            "all": {
              "count": 1572864,
              "nonfinite": 0,
              "min": 0.0,
              "mean": 0.00019285308787798063,
              "p01": 0.0,
              "p05": 0.0,
              "p50": 0.0,
              "p99": 5.877225402861793e-05,
              "max": 0.07614327914926872,
              "sum": 303.33167921211214,
              "nonzero_count": 77752,
              "positive_count": 77752,
              "negative_count": 0
            },
            "fluid": {
              "count": 1492344,
              "nonfinite": 0,
              "min": 0.0,
              "mean": 0.00020325855111965599,
              "p01": 0.0,
              "p05": 0.0,
              "p50": 0.0,
              "p99": 0.00010284505628575407,
              "max": 0.07614327914926872,
              "sum": 303.3316792121119,
              "nonzero_count": 77752,
              "positive_count": 77752,
              "negative_count": 0
            },
            "wall": {
              "count": 80520,
              "nonfinite": 0,
              "min": 0.0,
              "mean": 0.0,
              "p01": 0.0,
              "p05": 0.0,
              "p50": 0.0,
              "p99": 0.0,
              "max": 0.0,
              "sum": 0.0,
              "nonzero_count": 0,
              "positive_count": 0,
              "negative_count": 0
            },
            "lower_wall": {
              "count": 16384,
              "nonfinite": 0,
              "min": 0.0,
              "mean": 0.0,
              "p01": 0.0,
              "p05": 0.0,
              "p50": 0.0,
              "p99": 0.0,
              "max": 0.0,
              "sum": 0.0,
              "nonzero_count": 0,
              "positive_count": 0,
              "negative_count": 0
            }
          },
          "WallStage8TargetNormalGrad": {
            "all": {
              "count": 1572864,
              "nonfinite": 0,
              "min": -0.16328978832069874,
              "mean": -0.0004106786405004892,
              "p01": -1.9286662309851315e-06,
              "p05": 0.0,
              "p50": 0.0,
              "p99": 1.0034795164324379e-18,
              "max": 1.0416870165461573e-11,
              "sum": -645.9416492121615,
              "nonzero_count": 77752,
              "positive_count": 61876,
              "negative_count": 15876
            },
            "fluid": {
              "count": 1492344,
              "nonfinite": 0,
              "min": -0.16328978832069874,
              "mean": -0.00043283696601598663,
              "p01": -4.1529332079955766e-05,
              "p05": 0.0,
              "p50": 0.0,
              "p99": 1.0632547214072942e-18,
              "max": 1.0416870165461573e-11,
              "sum": -645.9416492121616,
              "nonzero_count": 77752,
              "positive_count": 61876,
              "negative_count": 15876
            },
            "wall": {
              "count": 80520,
              "nonfinite": 0,
              "min": 0.0,
              "mean": 0.0,
              "p01": 0.0,
              "p05": 0.0,
              "p50": 0.0,
              "p99": 0.0,
              "max": 0.0,
              "sum": 0.0,
              "nonzero_count": 0,
              "positive_count": 0,
              "negative_count": 0
            },
            "lower_wall": {
              "count": 16384,
              "nonfinite": 0,
              "min": 0.0,
              "mean": 0.0,
              "p01": 0.0,
              "p05": 0.0,
              "p50": 0.0,
              "p99": 0.0,
              "max": 0.0,
              "sum": 0.0,
              "nonzero_count": 0,
              "positive_count": 0,
              "negative_count": 0
            }
          },
          "WallStage8NormalDeltaRaw": {
            "all": {
              "count": 1572864,
              "nonfinite": 0,
              "min": -0.018182722061976478,
              "mean": -3.932341673001663e-05,
              "p01": 0.0,
              "p05": 0.0,
              "p50": 0.0,
              "p99": 0.0,
              "max": 0.0009048746290104132,
              "sum": -61.85038653164087,
              "nonzero_count": 7656,
              "positive_count": 32,
              "negative_count": 7624
            },
            "fluid": {
              "count": 1492344,
              "nonfinite": 0,
              "min": -0.018182722061976478,
              "mean": -4.144512694904182e-05,
              "p01": 0.0,
              "p05": 0.0,
              "p50": 0.0,
              "p99": 0.0,
              "max": 0.0009048746290104132,
              "sum": -61.85038653164087,
              "nonzero_count": 7656,
              "positive_count": 32,
              "negative_count": 7624
            },
            "wall": {
              "count": 80520,
              "nonfinite": 0,
              "min": 0.0,
              "mean": 0.0,
              "p01": 0.0,
              "p05": 0.0,
              "p50": 0.0,
              "p99": 0.0,
              "max": 0.0,
              "sum": 0.0,
              "nonzero_count": 0,
              "positive_count": 0,
              "negative_count": 0
            },
            "lower_wall": {
              "count": 16384,
              "nonfinite": 0,
              "min": 0.0,
              "mean": 0.0,
              "p01": 0.0,
              "p05": 0.0,
              "p50": 0.0,
              "p99": 0.0,
              "max": 0.0,
              "sum": 0.0,
              "nonzero_count": 0,
              "positive_count": 0,
              "negative_count": 0
            }
          },
          "WallStage8NormalDeltaLimited": {
            "all": {
              "count": 1572864,
              "nonfinite": 0,
              "min": -0.018182722061958295,
              "mean": -3.6093410120267026e-05,
              "p01": 0.0,
              "p05": 0.0,
              "p50": 0.0,
              "p99": 0.0,
              "max": 3.689674751781708e-07,
              "sum": -56.77002541540368,
              "nonzero_count": 7656,
              "positive_count": 32,
              "negative_count": 7624
            },
            "fluid": {
              "count": 1492344,
              "nonfinite": 0,
              "min": -0.018182722061958295,
              "mean": -3.804084407844551e-05,
              "p01": 0.0,
              "p05": 0.0,
              "p50": 0.0,
              "p99": 0.0,
              "max": 3.689674751781708e-07,
              "sum": -56.77002541540368,
              "nonzero_count": 7656,
              "positive_count": 32,
              "negative_count": 7624
            },
            "wall": {
              "count": 80520,
              "nonfinite": 0,
              "min": 0.0,
              "mean": 0.0,
              "p01": 0.0,
              "p05": 0.0,
              "p50": 0.0,
              "p99": 0.0,
              "max": 0.0,
              "sum": 0.0,
              "nonzero_count": 0,
              "positive_count": 0,
              "negative_count": 0
            },
            "lower_wall": {
              "count": 16384,
              "nonfinite": 0,
              "min": 0.0,
              "mean": 0.0,
              "p01": 0.0,
              "p05": 0.0,
              "p50": 0.0,
              "p99": 0.0,
              "max": 0.0,
              "sum": 0.0,
              "nonzero_count": 0,
              "positive_count": 0,
              "negative_count": 0
            }
          },
          "WallStage8VectorDeltaRawMag": {
            "all": {
              "count": 1572864,
              "nonfinite": 0,
              "min": 0.0,
              "mean": 3.609341764018032e-05,
              "p01": 0.0,
              "p05": 0.0,
              "p50": 0.0,
              "p99": 0.0,
              "max": 0.018182722061958295,
              "sum": 56.770037243204584,
              "nonzero_count": 7656,
              "positive_count": 7656,
              "negative_count": 0
            },
            "fluid": {
              "count": 1492344,
              "nonfinite": 0,
              "min": 0.0,
              "mean": 3.804085200409864e-05,
              "p01": 0.0,
              "p05": 0.0,
              "p50": 0.0,
              "p99": 0.0,
              "max": 0.018182722061958295,
              "sum": 56.770037243204584,
              "nonzero_count": 7656,
              "positive_count": 7656,
              "negative_count": 0
            },
            "wall": {
              "count": 80520,
              "nonfinite": 0,
              "min": 0.0,
              "mean": 0.0,
              "p01": 0.0,
              "p05": 0.0,
              "p50": 0.0,
              "p99": 0.0,
              "max": 0.0,
              "sum": 0.0,
              "nonzero_count": 0,
              "positive_count": 0,
              "negative_count": 0
            },
            "lower_wall": {
              "count": 16384,
              "nonfinite": 0,
              "min": 0.0,
              "mean": 0.0,
              "p01": 0.0,
              "p05": 0.0,
              "p50": 0.0,
              "p99": 0.0,
              "max": 0.0,
              "sum": 0.0,
              "nonzero_count": 0,
              "positive_count": 0,
              "negative_count": 0
            }
          },
          "WallStage8VectorDeltaLimitedMag": {
            "all": {
              "count": 1572864,
              "nonfinite": 0,
              "min": 0.0,
              "mean": 3.609341764018032e-05,
              "p01": 0.0,
              "p05": 0.0,
              "p50": 0.0,
              "p99": 0.0,
              "max": 0.018182722061958295,
              "sum": 56.770037243204584,
              "nonzero_count": 7656,
              "positive_count": 7656,
              "negative_count": 0
            },
            "fluid": {
              "count": 1492344,
              "nonfinite": 0,
              "min": 0.0,
              "mean": 3.804085200409864e-05,
              "p01": 0.0,
              "p05": 0.0,
              "p50": 0.0,
              "p99": 0.0,
              "max": 0.018182722061958295,
              "sum": 56.770037243204584,
              "nonzero_count": 7656,
              "positive_count": 7656,
              "negative_count": 0
            },
            "wall": {
              "count": 80520,
              "nonfinite": 0,
              "min": 0.0,
              "mean": 0.0,
              "p01": 0.0,
              "p05": 0.0,
              "p50": 0.0,
              "p99": 0.0,
              "max": 0.0,
              "sum": 0.0,
              "nonzero_count": 0,
              "positive_count": 0,
              "negative_count": 0
            },
            "lower_wall": {
              "count": 16384,
              "nonfinite": 0,
              "min": 0.0,
              "mean": 0.0,
              "p01": 0.0,
              "p05": 0.0,
              "p50": 0.0,
              "p99": 0.0,
              "max": 0.0,
              "sum": 0.0,
              "nonzero_count": 0,
              "positive_count": 0,
              "negative_count": 0
            }
          },
          "WallStage8NormalLimiterHit": {
            "all": {
              "count": 1572864,
              "nonfinite": 0,
              "min": 0.0,
              "mean": 0.0,
              "p01": 0.0,
              "p05": 0.0,
              "p50": 0.0,
              "p99": 0.0,
              "max": 0.0,
              "sum": 0.0,
              "nonzero_count": 0,
              "positive_count": 0,
              "negative_count": 0
            },
            "fluid": {
              "count": 1492344,
              "nonfinite": 0,
              "min": 0.0,
              "mean": 0.0,
              "p01": 0.0,
              "p05": 0.0,
              "p50": 0.0,
              "p99": 0.0,
              "max": 0.0,
              "sum": 0.0,
              "nonzero_count": 0,
              "positive_count": 0,
              "negative_count": 0
            },
            "wall": {
              "count": 80520,
              "nonfinite": 0,
              "min": 0.0,
              "mean": 0.0,
              "p01": 0.0,
              "p05": 0.0,
              "p50": 0.0,
              "p99": 0.0,
              "max": 0.0,
              "sum": 0.0,
              "nonzero_count": 0,
              "positive_count": 0,
              "negative_count": 0
            },
            "lower_wall": {
              "count": 16384,
              "nonfinite": 0,
              "min": 0.0,
              "mean": 0.0,
              "p01": 0.0,
              "p05": 0.0,
              "p50": 0.0,
              "p99": 0.0,
              "max": 0.0,
              "sum": 0.0,
              "nonzero_count": 0,
              "positive_count": 0,
              "negative_count": 0
            }
          },
          "WallStage8VectorLimiterHit": {
            "all": {
              "count": 1572864,
              "nonfinite": 0,
              "min": 0.0,
              "mean": 0.0,
              "p01": 0.0,
              "p05": 0.0,
              "p50": 0.0,
              "p99": 0.0,
              "max": 0.0,
              "sum": 0.0,
              "nonzero_count": 0,
              "positive_count": 0,
              "negative_count": 0
            },
            "fluid": {
              "count": 1492344,
              "nonfinite": 0,
              "min": 0.0,
              "mean": 0.0,
              "p01": 0.0,
              "p05": 0.0,
              "p50": 0.0,
              "p99": 0.0,
              "max": 0.0,
              "sum": 0.0,
              "nonzero_count": 0,
              "positive_count": 0,
              "negative_count": 0
            },
            "wall": {
              "count": 80520,
              "nonfinite": 0,
              "min": 0.0,
              "mean": 0.0,
              "p01": 0.0,
              "p05": 0.0,
              "p50": 0.0,
              "p99": 0.0,
              "max": 0.0,
              "sum": 0.0,
              "nonzero_count": 0,
              "positive_count": 0,
              "negative_count": 0
            },
            "lower_wall": {
              "count": 16384,
              "nonfinite": 0,
              "min": 0.0,
              "mean": 0.0,
              "p01": 0.0,
              "p05": 0.0,
              "p50": 0.0,
              "p99": 0.0,
              "max": 0.0,
              "sum": 0.0,
              "nonzero_count": 0,
              "positive_count": 0,
              "negative_count": 0
            }
          },
          "WallStage8LimiterRatio": {
            "all": {
              "count": 1572864,
              "nonfinite": 0,
              "min": 1.0,
              "mean": 1.0,
              "p01": 1.0,
              "p05": 1.0,
              "p50": 1.0,
              "p99": 1.0,
              "max": 1.0,
              "sum": 1572864.0,
              "nonzero_count": 1572864,
              "positive_count": 1572864,
              "negative_count": 0
            },
            "fluid": {
              "count": 1492344,
              "nonfinite": 0,
              "min": 1.0,
              "mean": 1.0,
              "p01": 1.0,
              "p05": 1.0,
              "p50": 1.0,
              "p99": 1.0,
              "max": 1.0,
              "sum": 1492344.0,
              "nonzero_count": 1492344,
              "positive_count": 1492344,
              "negative_count": 0
            },
            "wall": {
              "count": 80520,
              "nonfinite": 0,
              "min": 1.0,
              "mean": 1.0,
              "p01": 1.0,
              "p05": 1.0,
              "p50": 1.0,
              "p99": 1.0,
              "max": 1.0,
              "sum": 80520.0,
              "nonzero_count": 80520,
              "positive_count": 80520,
              "negative_count": 0
            },
            "lower_wall": {
              "count": 16384,
              "nonfinite": 0,
              "min": 1.0,
              "mean": 1.0,
              "p01": 1.0,
              "p05": 1.0,
              "p50": 1.0,
              "p99": 1.0,
              "max": 1.0,
              "sum": 16384.0,
              "nonzero_count": 16384,
              "positive_count": 16384,
              "negative_count": 0
            }
          },
          "WallStage8RegionTag": {
            "all": {
              "count": 1572864,
              "nonfinite": 0,
              "min": 0.0,
              "mean": 0.0,
              "p01": 0.0,
              "p05": 0.0,
              "p50": 0.0,
              "p99": 0.0,
              "max": 0.0,
              "sum": 0.0,
              "nonzero_count": 0,
              "positive_count": 0,
              "negative_count": 0
            },
            "fluid": {
              "count": 1492344,
              "nonfinite": 0,
              "min": 0.0,
              "mean": 0.0,
              "p01": 0.0,
              "p05": 0.0,
              "p50": 0.0,
              "p99": 0.0,
              "max": 0.0,
              "sum": 0.0,
              "nonzero_count": 0,
              "positive_count": 0,
              "negative_count": 0
            },
            "wall": {
              "count": 80520,
              "nonfinite": 0,
              "min": 0.0,
              "mean": 0.0,
              "p01": 0.0,
              "p05": 0.0,
              "p50": 0.0,
              "p99": 0.0,
              "max": 0.0,
              "sum": 0.0,
              "nonzero_count": 0,
              "positive_count": 0,
              "negative_count": 0
            },
            "lower_wall": {
              "count": 16384,
              "nonfinite": 0,
              "min": 0.0,
              "mean": 0.0,
              "p01": 0.0,
              "p05": 0.0,
              "p50": 0.0,
              "p99": 0.0,
              "max": 0.0,
              "sum": 0.0,
              "nonzero_count": 0,
              "positive_count": 0,
              "negative_count": 0
            }
          },
          "WallStage8SphereRadialDot": {
            "all": {
              "count": 1572864,
              "nonfinite": 0,
              "min": 0.0,
              "mean": 0.0,
              "p01": 0.0,
              "p05": 0.0,
              "p50": 0.0,
              "p99": 0.0,
              "max": 0.0,
              "sum": 0.0,
              "nonzero_count": 0,
              "positive_count": 0,
              "negative_count": 0
            },
            "fluid": {
              "count": 1492344,
              "nonfinite": 0,
              "min": 0.0,
              "mean": 0.0,
              "p01": 0.0,
              "p05": 0.0,
              "p50": 0.0,
              "p99": 0.0,
              "max": 0.0,
              "sum": 0.0,
              "nonzero_count": 0,
              "positive_count": 0,
              "negative_count": 0
            },
            "wall": {
              "count": 80520,
              "nonfinite": 0,
              "min": 0.0,
              "mean": 0.0,
              "p01": 0.0,
              "p05": 0.0,
              "p50": 0.0,
              "p99": 0.0,
              "max": 0.0,
              "sum": 0.0,
              "nonzero_count": 0,
              "positive_count": 0,
              "negative_count": 0
            },
            "lower_wall": {
              "count": 16384,
              "nonfinite": 0,
              "min": 0.0,
              "mean": 0.0,
              "p01": 0.0,
              "p05": 0.0,
              "p50": 0.0,
              "p99": 0.0,
              "max": 0.0,
              "sum": 0.0,
              "nonzero_count": 0,
              "positive_count": 0,
              "negative_count": 0
            }
          },
          "WallStage8ContactBandTag": {
            "all": {
              "count": 1572864,
              "nonfinite": 0,
              "min": 0.0,
              "mean": 0.07786051432291667,
              "p01": 0.0,
              "p05": 0.0,
              "p50": 0.0,
              "p99": 1.0,
              "max": 7.0,
              "sum": 122464.0,
              "nonzero_count": 77752,
              "positive_count": 77752,
              "negative_count": 0
            },
            "fluid": {
              "count": 1492344,
              "nonfinite": 0,
              "min": 0.0,
              "mean": 0.08206150860659472,
              "p01": 0.0,
              "p05": 0.0,
              "p50": 0.0,
              "p99": 1.0,
              "max": 7.0,
              "sum": 122464.0,
              "nonzero_count": 77752,
              "positive_count": 77752,
              "negative_count": 0
            },
            "wall": {
              "count": 80520,
              "nonfinite": 0,
              "min": 0.0,
              "mean": 0.0,
              "p01": 0.0,
              "p05": 0.0,
              "p50": 0.0,
              "p99": 0.0,
              "max": 0.0,
              "sum": 0.0,
              "nonzero_count": 0,
              "positive_count": 0,
              "negative_count": 0
            },
            "lower_wall": {
              "count": 16384,
              "nonfinite": 0,
              "min": 0.0,
              "mean": 0.0,
              "p01": 0.0,
              "p05": 0.0,
              "p50": 0.0,
              "p99": 0.0,
              "max": 0.0,
              "sum": 0.0,
              "nonzero_count": 0,
              "positive_count": 0,
              "negative_count": 0
            }
          },
          "WallBCPath": {
            "all": {
              "count": 1572864,
              "nonfinite": 0,
              "min": 0.0,
              "mean": 0.133636474609375,
              "p01": 0.0,
              "p05": 0.0,
              "p50": 0.0,
              "p99": 5.0,
              "max": 5.0,
              "sum": 210192.0,
              "nonzero_count": 80520,
              "positive_count": 80520,
              "negative_count": 0
            },
            "fluid": {
              "count": 1492344,
              "nonfinite": 0,
              "min": 0.0,
              "mean": 0.0,
              "p01": 0.0,
              "p05": 0.0,
              "p50": 0.0,
              "p99": 0.0,
              "max": 0.0,
              "sum": 0.0,
              "nonzero_count": 0,
              "positive_count": 0,
              "negative_count": 0
            },
            "wall": {
              "count": 80520,
              "nonfinite": 0,
              "min": 2.0,
              "mean": 2.6104321907600596,
              "p01": 2.0,
              "p05": 2.0,
              "p50": 2.0,
              "p99": 5.0,
              "max": 5.0,
              "sum": 210192.0,
              "nonzero_count": 80520,
              "positive_count": 80520,
              "negative_count": 0
            },
            "lower_wall": {
              "count": 16384,
              "nonfinite": 0,
              "min": 5.0,
              "mean": 5.0,
              "p01": 5.0,
              "p05": 5.0,
              "p50": 5.0,
              "p99": 5.0,
              "max": 5.0,
              "sum": 81920.0,
              "nonzero_count": 16384,
              "positive_count": 16384,
              "negative_count": 0
            }
          },
          "WallStage8LocalWallNormalMag": {
            "all": {
              "count": 1572864,
              "nonfinite": 0,
              "min": 0.0,
              "mean": 0.0511932373046875,
              "p01": 0.0,
              "p05": 0.0,
              "p50": 0.0,
              "p99": 1.0,
              "max": 1.0,
              "sum": 80520.0,
              "nonzero_count": 80520,
              "positive_count": 80520,
              "negative_count": 0
            },
            "fluid": {
              "count": 1492344,
              "nonfinite": 0,
              "min": 0.0,
              "mean": 0.0,
              "p01": 0.0,
              "p05": 0.0,
              "p50": 0.0,
              "p99": 0.0,
              "max": 0.0,
              "sum": 0.0,
              "nonzero_count": 0,
              "positive_count": 0,
              "negative_count": 0
            },
            "wall": {
              "count": 80520,
              "nonfinite": 0,
              "min": 0.9999999999999999,
              "mean": 1.0,
              "p01": 0.9999999999999999,
              "p05": 1.0,
              "p50": 1.0,
              "p99": 1.0,
              "max": 1.0,
              "sum": 80520.0,
              "nonzero_count": 80520,
              "positive_count": 80520,
              "negative_count": 0
            },
            "lower_wall": {
              "count": 16384,
              "nonfinite": 0,
              "min": 0.9999999999999999,
              "mean": 1.0,
              "p01": 0.9999999999999999,
              "p05": 1.0,
              "p50": 1.0,
              "p99": 1.0,
              "max": 1.0,
              "sum": 16384.0,
              "nonzero_count": 16384,
              "positive_count": 16384,
              "negative_count": 0
            }
          },
          "WallStage8FluidWallNormalMag": {
            "all": {
              "count": 1572864,
              "nonfinite": 0,
              "min": 0.0,
              "mean": 0.049433390299479164,
              "p01": 0.0,
              "p05": 0.0,
              "p50": 0.0,
              "p99": 1.0,
              "max": 1.0,
              "sum": 77752.0,
              "nonzero_count": 77752,
              "positive_count": 77752,
              "negative_count": 0
            },
            "fluid": {
              "count": 1492344,
              "nonfinite": 0,
              "min": 0.0,
              "mean": 0.05210058806816659,
              "p01": 0.0,
              "p05": 0.0,
              "p50": 0.0,
              "p99": 1.0,
              "max": 1.0,
              "sum": 77752.0,
              "nonzero_count": 77752,
              "positive_count": 77752,
              "negative_count": 0
            },
            "wall": {
              "count": 80520,
              "nonfinite": 0,
              "min": 0.0,
              "mean": 0.0,
              "p01": 0.0,
              "p05": 0.0,
              "p50": 0.0,
              "p99": 0.0,
              "max": 0.0,
              "sum": 0.0,
              "nonzero_count": 0,
              "positive_count": 0,
              "negative_count": 0
            },
            "lower_wall": {
              "count": 16384,
              "nonfinite": 0,
              "min": 0.0,
              "mean": 0.0,
              "p01": 0.0,
              "p05": 0.0,
              "p50": 0.0,
              "p99": 0.0,
              "max": 0.0,
              "sum": 0.0,
              "nonzero_count": 0,
              "positive_count": 0,
              "negative_count": 0
            }
          },
          "WallStage8GradCandidateMag": {
            "all": {
              "count": 1572864,
              "nonfinite": 0,
              "min": 0.0,
              "mean": 0.005269794159460953,
              "p01": 0.0,
              "p05": 0.0,
              "p50": 2.9358819219981944e-10,
              "p99": 0.14711002129734752,
              "max": 0.18017034697590545,
              "sum": 8288.669520826392,
              "nonzero_count": 1492344,
              "positive_count": 1492344,
              "negative_count": 0
            },
            "fluid": {
              "count": 1492344,
              "nonfinite": 0,
              "min": 7.160897519237559e-16,
              "mean": 0.005554127949605715,
              "p01": 2.0594549339432013e-14,
              "p05": 1.5153415321589007e-13,
              "p50": 3.7103563777177065e-10,
              "p99": 0.14826151754943387,
              "max": 0.18017034697590545,
              "sum": 8288.669520826392,
              "nonzero_count": 1492344,
              "positive_count": 1492344,
              "negative_count": 0
            },
            "wall": {
              "count": 80520,
              "nonfinite": 0,
              "min": 0.0,
              "mean": 0.0,
              "p01": 0.0,
              "p05": 0.0,
              "p50": 0.0,
              "p99": 0.0,
              "max": 0.0,
              "sum": 0.0,
              "nonzero_count": 0,
              "positive_count": 0,
              "negative_count": 0
            },
            "lower_wall": {
              "count": 16384,
              "nonfinite": 0,
              "min": 0.0,
              "mean": 0.0,
              "p01": 0.0,
              "p05": 0.0,
              "p50": 0.0,
              "p99": 0.0,
              "max": 0.0,
              "sum": 0.0,
              "nonzero_count": 0,
              "positive_count": 0,
              "negative_count": 0
            }
          },
          "UMag": {
            "all": {
              "count": 1572864,
              "nonfinite": 0,
              "min": 0.0,
              "mean": 2.8884627206554296e-07,
              "p01": 0.0,
              "p05": 0.0,
              "p50": 1.1768024018847817e-07,
              "p99": 2.091806906870718e-06,
              "max": 2.9114181891025105e-06,
              "sum": 0.4543159028660982,
              "nonzero_count": 1492344,
              "positive_count": 1492344,
              "negative_count": 0
            },
            "fluid": {
              "count": 1492344,
              "nonfinite": 0,
              "min": 4.778046778030029e-10,
              "mean": 3.044310848343938e-07,
              "p01": 6.950563492779479e-09,
              "p05": 1.5717299921771694e-08,
              "p50": 1.2829266886784464e-07,
              "p99": 2.1058390855634307e-06,
              "max": 2.9114181891025105e-06,
              "sum": 0.4543159028660985,
              "nonzero_count": 1492344,
              "positive_count": 1492344,
              "negative_count": 0
            },
            "wall": {
              "count": 80520,
              "nonfinite": 0,
              "min": 0.0,
              "mean": 0.0,
              "p01": 0.0,
              "p05": 0.0,
              "p50": 0.0,
              "p99": 0.0,
              "max": 0.0,
              "sum": 0.0,
              "nonzero_count": 0,
              "positive_count": 0,
              "negative_count": 0
            },
            "lower_wall": {
              "count": 16384,
              "nonfinite": 0,
              "min": 0.0,
              "mean": 0.0,
              "p01": 0.0,
              "p05": 0.0,
              "p50": 0.0,
              "p99": 0.0,
              "max": 0.0,
              "sum": 0.0,
              "nonzero_count": 0,
              "positive_count": 0,
              "negative_count": 0
            }
          }
        },
        "stage8c_mask_counts": {
          "data_fluid_count": 77752,
          "active_fluid_count": 7656
        },
        "stage8c_field_stats": {
          "WallStage8FluidWallAngle": {
            "data_fluid": {
              "count": 77752,
              "nonfinite": 0,
              "min": 0.43633231299858244,
              "mean": 1.3421559932110254,
              "p01": 0.43633231299858244,
              "p05": 0.43633231299858244,
              "p50": 1.5707963267948968,
              "p99": 1.5707963267948968,
              "max": 1.570796326794897,
              "sum": 104355.31278414365,
              "nonzero_count": 77752,
              "positive_count": 77752,
              "negative_count": 0
            },
            "active_fluid": {
              "count": 7656,
              "nonfinite": 0,
              "min": 0.43633231299858244,
              "mean": 0.43633231299858255,
              "p01": 0.43633231299858244,
              "p05": 0.43633231299858244,
              "p50": 0.43633231299858244,
              "p99": 0.43633231299858244,
              "max": 0.43633231299858244,
              "sum": 3340.560188317148,
              "nonzero_count": 7656,
              "positive_count": 7656,
              "negative_count": 0
            }
          },
          "WallStage8FluidWallNormalMag": {
            "data_fluid": {
              "count": 77752,
              "nonfinite": 0,
              "min": 1.0,
              "mean": 1.0,
              "p01": 1.0,
              "p05": 1.0,
              "p50": 1.0,
              "p99": 1.0,
              "max": 1.0,
              "sum": 77752.0,
              "nonzero_count": 77752,
              "positive_count": 77752,
              "negative_count": 0
            },
            "active_fluid": {
              "count": 7656,
              "nonfinite": 0,
              "min": 1.0,
              "mean": 1.0,
              "p01": 1.0,
              "p05": 1.0,
              "p50": 1.0,
              "p99": 1.0,
              "max": 1.0,
              "sum": 7656.0,
              "nonzero_count": 7656,
              "positive_count": 7656,
              "negative_count": 0
            }
          },
          "WallStage8FluidWallDataCount": {
            "data_fluid": {
              "count": 77752,
              "nonfinite": 0,
              "min": 9.0,
              "mean": 9.105977981273794,
              "p01": 9.0,
              "p05": 9.0,
              "p50": 9.0,
              "p99": 15.0,
              "max": 19.0,
              "sum": 708008.0,
              "nonzero_count": 77752,
              "positive_count": 77752,
              "negative_count": 0
            },
            "active_fluid": {
              "count": 7656,
              "nonfinite": 0,
              "min": 9.0,
              "mean": 9.0,
              "p01": 9.0,
              "p05": 9.0,
              "p50": 9.0,
              "p99": 9.0,
              "max": 9.0,
              "sum": 68904.0,
              "nonzero_count": 7656,
              "positive_count": 7656,
              "negative_count": 0
            }
          },
          "WallStage8GradCandidateUse": {
            "data_fluid": {
              "count": 77752,
              "nonfinite": 0,
              "min": 0.0,
              "mean": 0.09846692046506843,
              "p01": 0.0,
              "p05": 0.0,
              "p50": 0.0,
              "p99": 1.0,
              "max": 1.0,
              "sum": 7656.0,
              "nonzero_count": 7656,
              "positive_count": 7656,
              "negative_count": 0
            },
            "active_fluid": {
              "count": 7656,
              "nonfinite": 0,
              "min": 1.0,
              "mean": 1.0,
              "p01": 1.0,
              "p05": 1.0,
              "p50": 1.0,
              "p99": 1.0,
              "max": 1.0,
              "sum": 7656.0,
              "nonzero_count": 7656,
              "positive_count": 7656,
              "negative_count": 0
            }
          },
          "WallStage8GradCandidateMag": {
            "data_fluid": {
              "count": 77752,
              "nonfinite": 0,
              "min": 7.160897519237559e-16,
              "mean": 0.009115138121193474,
              "p01": 2.775387619890489e-15,
              "p05": 1.0641933504966681e-14,
              "p50": 1.890329698222017e-10,
              "p99": 0.17369323082772076,
              "max": 0.18017034697590545,
              "sum": 708.720219199035,
              "nonzero_count": 77752,
              "positive_count": 77752,
              "negative_count": 0
            },
            "active_fluid": {
              "count": 7656,
              "nonfinite": 0,
              "min": 0.011660471236440127,
              "mean": 0.0893961434637961,
              "p01": 0.012729107620771271,
              "p05": 0.014817115568801244,
              "p50": 0.0818724200934603,
              "p99": 0.17982535308397776,
              "max": 0.18017034697590545,
              "sum": 684.416874358823,
              "nonzero_count": 7656,
              "positive_count": 7656,
              "negative_count": 0
            }
          },
          "WallStage8NormalAgreement": {
            "data_fluid": {
              "count": 77752,
              "nonfinite": 0,
              "min": 0.9999999999999999,
              "mean": 1.0,
              "p01": 1.0,
              "p05": 1.0,
              "p50": 1.0,
              "p99": 1.0000000000000002,
              "max": 1.0000000000000002,
              "sum": 77752.0,
              "nonzero_count": 77752,
              "positive_count": 77752,
              "negative_count": 0
            },
            "active_fluid": {
              "count": 7656,
              "nonfinite": 0,
              "min": 1.0,
              "mean": 1.0,
              "p01": 1.0,
              "p05": 1.0,
              "p50": 1.0,
              "p99": 1.0,
              "max": 1.0,
              "sum": 7656.0,
              "nonzero_count": 7656,
              "positive_count": 7656,
              "negative_count": 0
            }
          },
          "WallStage8UsedGeomNormal": {
            "data_fluid": {
              "count": 77752,
              "nonfinite": 0,
              "min": 1.0,
              "mean": 1.0,
              "p01": 1.0,
              "p05": 1.0,
              "p50": 1.0,
              "p99": 1.0,
              "max": 1.0,
              "sum": 77752.0,
              "nonzero_count": 77752,
              "positive_count": 77752,
              "negative_count": 0
            },
            "active_fluid": {
              "count": 7656,
              "nonfinite": 0,
              "min": 1.0,
              "mean": 1.0,
              "p01": 1.0,
              "p05": 1.0,
              "p50": 1.0,
              "p99": 1.0,
              "max": 1.0,
              "sum": 7656.0,
              "nonzero_count": 7656,
              "positive_count": 7656,
              "negative_count": 0
            }
          },
          "WallStage8GradWriteDeltaMag": {
            "data_fluid": {
              "count": 77752,
              "nonfinite": 0,
              "min": 0.0,
              "mean": 0.0007301424689166141,
              "p01": 0.0,
              "p05": 0.0,
              "p50": 0.0,
              "p99": 0.01693383955092755,
              "max": 0.018182722061958295,
              "sum": 56.770037243204584,
              "nonzero_count": 7656,
              "positive_count": 7656,
              "negative_count": 0
            },
            "active_fluid": {
              "count": 7656,
              "nonfinite": 0,
              "min": 3.4540467418786794e-09,
              "mean": 0.007415104133124945,
              "p01": 1.4632272430853753e-07,
              "p05": 1.2115435328882373e-05,
              "p50": 0.005306689632081691,
              "p99": 0.018044713640583288,
              "max": 0.018182722061958295,
              "sum": 56.77003724320458,
              "nonzero_count": 7656,
              "positive_count": 7656,
              "negative_count": 0
            }
          },
          "WallStage8LimiterReason": {
            "data_fluid": {
              "count": 77752,
              "nonfinite": 0,
              "min": 0.0,
              "mean": 20.683609424837947,
              "p01": 0.0,
              "p05": 0.0,
              "p50": 28.0,
              "p99": 28.0,
              "max": 28.0,
              "sum": 1608192.0,
              "nonzero_count": 70096,
              "positive_count": 70096,
              "negative_count": 0
            },
            "active_fluid": {
              "count": 7656,
              "nonfinite": 0,
              "min": 0.0,
              "mean": 0.0,
              "p01": 0.0,
              "p05": 0.0,
              "p50": 0.0,
              "p99": 0.0,
              "max": 0.0,
              "sum": 0.0,
              "nonzero_count": 0,
              "positive_count": 0,
              "negative_count": 0
            }
          },
          "WallStage8ContactResidual": {
            "data_fluid": {
              "count": 77752,
              "nonfinite": 0,
              "min": -0.09363253557863238,
              "mean": 0.025685045833915423,
              "p01": -0.07002783329267134,
              "p05": -0.00766332895528841,
              "p50": 0.0,
              "p99": 0.3071617779826928,
              "max": 0.36714473336660924,
              "sum": 1997.063683678592,
              "nonzero_count": 23644,
              "positive_count": 19068,
              "negative_count": 4576
            },
            "active_fluid": {
              "count": 7656,
              "nonfinite": 0,
              "min": -0.01193222422683804,
              "mean": 0.023319370661924563,
              "p01": 0.0021698592582712227,
              "p05": 0.0044082709199499415,
              "p50": 0.014728694085983207,
              "p99": 0.06481602150001409,
              "max": 0.06753518565612004,
              "sum": 178.53310178769445,
              "nonzero_count": 7656,
              "positive_count": 7624,
              "negative_count": 32
            }
          },
          "WallStage8NormalDeltaRaw": {
            "data_fluid": {
              "count": 77752,
              "nonfinite": 0,
              "min": -0.018182722061976478,
              "mean": -0.0007954829011683411,
              "p01": -0.016933839550944484,
              "p05": -0.006865708782909572,
              "p50": 0.0,
              "p99": 0.0,
              "max": 0.0009048746290104132,
              "sum": -61.850386531640865,
              "nonzero_count": 7656,
              "positive_count": 32,
              "negative_count": 7624
            },
            "active_fluid": {
              "count": 7656,
              "nonfinite": 0,
              "min": -0.018182722061976478,
              "mean": -0.008078681626389873,
              "p01": -0.018044713640601333,
              "p05": -0.017419442372476203,
              "p50": -0.0070089989882638325,
              "p99": -0.0001420375267418697,
              "max": 0.0009048746290104132,
              "sum": -61.850386531640865,
              "nonzero_count": 7656,
              "positive_count": 32,
              "negative_count": 7624
            }
          },
          "WallStage8NormalDeltaLimited": {
            "data_fluid": {
              "count": 77752,
              "nonfinite": 0,
              "min": -0.018182722061958295,
              "mean": -0.0007301423167944706,
              "p01": -0.01693383955092755,
              "p05": -0.005101473182403545,
              "p50": 0.0,
              "p99": 0.0,
              "max": 3.689674751781708e-07,
              "sum": -56.77002541540368,
              "nonzero_count": 7656,
              "positive_count": 32,
              "negative_count": 7624
            },
            "active_fluid": {
              "count": 7656,
              "nonfinite": 0,
              "min": -0.018182722061958295,
              "mean": -0.007415102588218872,
              "p01": -0.018044713640583288,
              "p05": -0.017419442372458783,
              "p50": -0.005306689632081691,
              "p99": -6.917313651857517e-08,
              "max": 3.689674751781708e-07,
              "sum": -56.77002541540368,
              "nonzero_count": 7656,
              "positive_count": 32,
              "negative_count": 7624
            }
          },
          "WallStage8VectorDeltaRawMag": {
            "data_fluid": {
              "count": 77752,
              "nonfinite": 0,
              "min": 0.0,
              "mean": 0.0007301424689166141,
              "p01": 0.0,
              "p05": 0.0,
              "p50": 0.0,
              "p99": 0.01693383955092755,
              "max": 0.018182722061958295,
              "sum": 56.770037243204584,
              "nonzero_count": 7656,
              "positive_count": 7656,
              "negative_count": 0
            },
            "active_fluid": {
              "count": 7656,
              "nonfinite": 0,
              "min": 3.4540467418786794e-09,
              "mean": 0.007415104133124945,
              "p01": 1.4632272430853753e-07,
              "p05": 1.2115435328882373e-05,
              "p50": 0.005306689632081691,
              "p99": 0.018044713640583288,
              "max": 0.018182722061958295,
              "sum": 56.77003724320458,
              "nonzero_count": 7656,
              "positive_count": 7656,
              "negative_count": 0
            }
          },
          "WallStage8VectorDeltaLimitedMag": {
            "data_fluid": {
              "count": 77752,
              "nonfinite": 0,
              "min": 0.0,
              "mean": 0.0007301424689166141,
              "p01": 0.0,
              "p05": 0.0,
              "p50": 0.0,
              "p99": 0.01693383955092755,
              "max": 0.018182722061958295,
              "sum": 56.770037243204584,
              "nonzero_count": 7656,
              "positive_count": 7656,
              "negative_count": 0
            },
            "active_fluid": {
              "count": 7656,
              "nonfinite": 0,
              "min": 3.4540467418786794e-09,
              "mean": 0.007415104133124945,
              "p01": 1.4632272430853753e-07,
              "p05": 1.2115435328882373e-05,
              "p50": 0.005306689632081691,
              "p99": 0.018044713640583288,
              "max": 0.018182722061958295,
              "sum": 56.77003724320458,
              "nonzero_count": 7656,
              "positive_count": 7656,
              "negative_count": 0
            }
          },
          "WallStage8NormalLimiterHit": {
            "data_fluid": {
              "count": 77752,
              "nonfinite": 0,
              "min": 0.0,
              "mean": 0.0,
              "p01": 0.0,
              "p05": 0.0,
              "p50": 0.0,
              "p99": 0.0,
              "max": 0.0,
              "sum": 0.0,
              "nonzero_count": 0,
              "positive_count": 0,
              "negative_count": 0
            },
            "active_fluid": {
              "count": 7656,
              "nonfinite": 0,
              "min": 0.0,
              "mean": 0.0,
              "p01": 0.0,
              "p05": 0.0,
              "p50": 0.0,
              "p99": 0.0,
              "max": 0.0,
              "sum": 0.0,
              "nonzero_count": 0,
              "positive_count": 0,
              "negative_count": 0
            }
          },
          "WallStage8VectorLimiterHit": {
            "data_fluid": {
              "count": 77752,
              "nonfinite": 0,
              "min": 0.0,
              "mean": 0.0,
              "p01": 0.0,
              "p05": 0.0,
              "p50": 0.0,
              "p99": 0.0,
              "max": 0.0,
              "sum": 0.0,
              "nonzero_count": 0,
              "positive_count": 0,
              "negative_count": 0
            },
            "active_fluid": {
              "count": 7656,
              "nonfinite": 0,
              "min": 0.0,
              "mean": 0.0,
              "p01": 0.0,
              "p05": 0.0,
              "p50": 0.0,
              "p99": 0.0,
              "max": 0.0,
              "sum": 0.0,
              "nonzero_count": 0,
              "positive_count": 0,
              "negative_count": 0
            }
          },
          "WallStage8LimiterRatio": {
            "data_fluid": {
              "count": 77752,
              "nonfinite": 0,
              "min": 1.0,
              "mean": 1.0,
              "p01": 1.0,
              "p05": 1.0,
              "p50": 1.0,
              "p99": 1.0,
              "max": 1.0,
              "sum": 77752.0,
              "nonzero_count": 77752,
              "positive_count": 77752,
              "negative_count": 0
            },
            "active_fluid": {
              "count": 7656,
              "nonfinite": 0,
              "min": 1.0,
              "mean": 1.0,
              "p01": 1.0,
              "p05": 1.0,
              "p50": 1.0,
              "p99": 1.0,
              "max": 1.0,
              "sum": 7656.0,
              "nonzero_count": 7656,
              "positive_count": 7656,
              "negative_count": 0
            }
          },
          "WallStage8PhaseC": {
            "data_fluid": {
              "count": 77752,
              "nonfinite": 0,
              "min": 1e-12,
              "mean": 0.09544440001189727,
              "p01": 1e-12,
              "p05": 1e-12,
              "p50": 1.3390163585586211e-09,
              "p99": 0.9994012614411314,
              "max": 0.9997660818308156,
              "sum": 7420.992989725037,
              "nonzero_count": 77752,
              "positive_count": 77752,
              "negative_count": 0
            },
            "active_fluid": {
              "count": 7656,
              "nonfinite": 0,
              "min": 0.020088756220260115,
              "mean": 0.47286576836040556,
              "p01": 0.02088502544121709,
              "p05": 0.02731657267473617,
              "p50": 0.43197531212624024,
              "p99": 0.9779815933415984,
              "max": 0.9797525087763387,
              "sum": 3620.260322567265,
              "nonzero_count": 7656,
              "positive_count": 7656,
              "negative_count": 0
            }
          },
          "WallStage8TangentGradRaw": {
            "data_fluid": {
              "count": 77752,
              "nonfinite": 0,
              "min": 1.4686537950329965e-16,
              "mean": 0.003901271725641937,
              "p01": 2.3627428083158637e-15,
              "p05": 8.071289507969491e-15,
              "p50": 1.8867842853027267e-10,
              "p99": 0.07340593157109498,
              "max": 0.07614327914926872,
              "sum": 303.3316792121119,
              "nonzero_count": 77752,
              "positive_count": 77752,
              "negative_count": 0
            },
            "active_fluid": {
              "count": 7656,
              "nonfinite": 0,
              "min": 0.004964404647110172,
              "mean": 0.03802980181224416,
              "p01": 0.005196294155889036,
              "p05": 0.00712414706894321,
              "p50": 0.03460077999758991,
              "p99": 0.07599747842978984,
              "max": 0.07614327914926872,
              "sum": 291.1561626745413,
              "nonzero_count": 7656,
              "positive_count": 7656,
              "negative_count": 0
            }
          }
        },
        "stage7b_limiter_counts": {
          "normal_path_count": 0,
          "normal_limiter_count": 0,
          "active_path_count": 0,
          "active_limiter_count": 0
        },
        "stage8c_limiter_counts": {
          "fluid_count": 1492344,
          "active_count": 7656,
          "limiter_nonzero_count": 1484688,
          "delta_limiter_count": 0,
          "missing_wall_data_count": 1414592,
          "normal_low_agreement_count": 0,
          "normal_limiter_count": 0,
          "normal_limiter_fraction": 0.0,
          "vector_limiter_count": 0,
          "vector_limiter_fraction": 0.0
        },
        "max_mach": 5.042724225605722e-06
      },
      "rows": [
        {
          "case_id": "cap_theta030_wall025_mode1",
          "step": 0,
          "init_theta_deg": 30.0,
          "wall_rad_angle_deg": null,
          "angle_apparent_deg": 29.42706762604125,
          "angle_error_vs_init_deg": -0.57293237395875,
          "angle_error_vs_wall_rad_deg": NaN,
          "fit_point_count": 128,
          "phase_fluid_sum": 52593.44512836894,
          "phase_fluid_rel_change": 0.0,
          "rho_fluid_sum": 54033.19568324057,
          "rho_fluid_rel_change": 0.0,
          "phase_fluid_min": 0.0,
          "phase_fluid_max": 0.9997106094060031,
          "wall_phase_pred_min": NaN,
          "wall_phase_pred_max": NaN,
          "wall_phase_raw_min": NaN,
          "wall_phase_raw_max": NaN,
          "wall_phase_profile_max": NaN,
          "wall_phase_signed_profile_max": NaN,
          "wall_phase_signed_min": NaN,
          "wall_phase_signed_max": NaN,
          "wall_signed_logit_shift_max": NaN,
          "wall_contact_residual_mean": NaN,
          "wall_contact_residual_min": NaN,
          "wall_contact_residual_max": NaN,
          "wall_signed_normal_grad_mean": NaN,
          "wall_tangent_grad_mag_mean": NaN,
          "wall_signed_delta_q_min": NaN,
          "wall_signed_delta_q_max": NaN,
          "wall_signed_q_clipped_sum": NaN,
          "wall_stage7_active_weight_sum": NaN,
          "wall_stage7_active_weight_mean": NaN,
          "wall_stage7_delta_q_raw_p50": NaN,
          "wall_stage7_delta_q_raw_p99": NaN,
          "wall_stage7_delta_q_raw_max": NaN,
          "wall_stage7_delta_q_limited_p50": NaN,
          "wall_stage7_delta_q_limited_p99": NaN,
          "wall_stage7_delta_q_limited_max": NaN,
          "wall_stage7_denom_min": NaN,
          "wall_stage7_denom_p50": NaN,
          "wall_stage7_limiter_reason_sum": NaN,
          "wall_stage7_limiter_reason_max": NaN,
          "wall_stage7_normal_path_count": 0,
          "wall_stage7_normal_limiter_count": 0,
          "wall_stage7_active_path_count": 0,
          "wall_stage7_active_limiter_count": 0,
          "wall_stage7_actual_cos_p50": NaN,
          "wall_stage7_target_cos_p50": NaN,
          "wall_stage7_write_candidate_min": NaN,
          "wall_stage7_write_candidate_max": NaN,
          "wall_stage7_write_minus_profile_min": NaN,
          "wall_stage7_write_minus_profile_max": NaN,
          "wall_stage8_active_weight_sum": 5956.469053172502,
          "wall_stage8_active_weight_mean": 0.003991351225436294,
          "wall_stage8_normal_grad_raw_p50": 0.0,
          "wall_stage8_normal_grad_target_p50": 0.0,
          "wall_stage8_contact_residual_mean": 0.00326474626795326,
          "wall_stage8_contact_residual_p50": 0.0,
          "wall_stage8_contact_residual_p99": 0.06048850096677427,
          "wall_stage8_tangent_grad_mag_p50": 0.0,
          "wall_stage8_target_cos_p50": 0.0,
          "wall_stage8_grad_write_delta_mag_p50": 0.0,
          "wall_stage8_grad_write_delta_mag_max": 0.02592438009843123,
          "wall_stage8_limiter_reason_sum": 4430272.0,
          "wall_stage8_limiter_reason_max": 28.0,
          "wall_stage8_limiter_nonzero_count": 1484808,
          "wall_stage8_active_count": 7536,
          "wall_stage8_delta_limiter_count": 0,
          "wall_stage8_normal_limiter_count": 0,
          "wall_stage8_normal_limiter_fraction": 0.0,
          "wall_stage8_vector_limiter_count": 0,
          "wall_stage8_vector_limiter_fraction": 0.0,
          "wall_stage8_missing_wall_data_count": 1414592,
          "wall_stage8_normal_low_agreement_count": 0,
          "wall_stage8_local_wall_angle_wall_p50": 1.5707963267948966,
          "wall_stage8_local_wall_angle_wall_min": 0.4363323129985824,
          "wall_stage8_local_wall_angle_wall_max": 1.5707963267948966,
          "wall_stage8_local_wall_normal_mag_wall_p50": 1.0,
          "wall_stage8_fluid_wall_angle_p50": 0.0,
          "wall_stage8_fluid_wall_angle_min": 0.0,
          "wall_stage8_fluid_wall_angle_max": 1.570796326794897,
          "wall_stage8_fluid_wall_normal_mag_p50": 0.0,
          "wall_stage8_fluid_wall_data_count_p50": 0.0,
          "wall_stage8_fluid_wall_data_count_p05": 0.0,
          "wall_stage8_grad_candidate_use_sum": 7536.0,
          "wall_stage8_grad_candidate_mag_p50": 1.501414356831476e-13,
          "wall_stage8_grad_candidate_mag_max": 0.18648066199015453,
          "wall_stage8_normal_agreement_p05": 0.0,
          "wall_stage8_normal_agreement_p50": 0.0,
          "wall_stage8_used_geom_normal_sum": 77752.0,
          "wall_stage8_data_fluid_count": 77752,
          "wall_stage8_active_fluid_count": 7536,
          "wall_stage8_fluid_wall_angle_data_p50": 1.5707963267948968,
          "wall_stage8_fluid_wall_angle_active_p50": 0.43633231299858244,
          "wall_stage8_fluid_wall_data_count_data_p50": 9.0,
          "wall_stage8_fluid_wall_data_count_active_p50": 9.0,
          "wall_stage8_normal_agreement_data_p05": 1.0,
          "wall_stage8_normal_agreement_data_p50": 1.0,
          "wall_stage8_normal_agreement_active_p05": 1.0,
          "wall_stage8_normal_agreement_active_p50": 1.0,
          "wall_stage8_used_geom_normal_data_sum": 77752.0,
          "wall_stage8_used_geom_normal_active_sum": 7536.0,
          "wall_stage8_grad_write_delta_mag_active_p50": 0.004755155794591384,
          "wall_stage8_grad_write_delta_mag_active_max": 0.02592438009843123,
          "wall_stage8_contact_residual_active_p99": 0.09334957811579658,
          "wall_stage8_normal_delta_raw_active_p99": 1.0457756519310092e-05,
          "wall_stage8_normal_delta_limited_active_p99": 5.709612681939279e-10,
          "wall_stage8_vector_delta_raw_active_p99": 0.025855419413219265,
          "wall_stage8_vector_delta_limited_active_p99": 0.025855419413219265,
          "wall_stage8_limiter_ratio_active_p50": 1.0,
          "max_mach": 0.0,
          "nonfinite_total": 0,
          "path_counts": "{\"2\": 64136, \"5\": 16384}"
        },
        {
          "case_id": "cap_theta030_wall025_mode1",
          "step": 100,
          "init_theta_deg": 30.0,
          "wall_rad_angle_deg": null,
          "angle_apparent_deg": 29.461299306310597,
          "angle_error_vs_init_deg": -0.5387006936894032,
          "angle_error_vs_wall_rad_deg": NaN,
          "fit_point_count": 128,
          "phase_fluid_sum": 52523.74255896021,
          "phase_fluid_rel_change": -0.0013253090615874155,
          "rho_fluid_sum": 53963.5628164013,
          "rho_fluid_rel_change": -0.0012887053219557223,
          "phase_fluid_min": -1.8321365573391812e-31,
          "phase_fluid_max": 0.9997682419323335,
          "wall_phase_pred_min": NaN,
          "wall_phase_pred_max": NaN,
          "wall_phase_raw_min": NaN,
          "wall_phase_raw_max": NaN,
          "wall_phase_profile_max": NaN,
          "wall_phase_signed_profile_max": NaN,
          "wall_phase_signed_min": NaN,
          "wall_phase_signed_max": NaN,
          "wall_signed_logit_shift_max": NaN,
          "wall_contact_residual_mean": NaN,
          "wall_contact_residual_min": NaN,
          "wall_contact_residual_max": NaN,
          "wall_signed_normal_grad_mean": NaN,
          "wall_tangent_grad_mag_mean": NaN,
          "wall_signed_delta_q_min": NaN,
          "wall_signed_delta_q_max": NaN,
          "wall_signed_q_clipped_sum": NaN,
          "wall_stage7_active_weight_sum": NaN,
          "wall_stage7_active_weight_mean": NaN,
          "wall_stage7_delta_q_raw_p50": NaN,
          "wall_stage7_delta_q_raw_p99": NaN,
          "wall_stage7_delta_q_raw_max": NaN,
          "wall_stage7_delta_q_limited_p50": NaN,
          "wall_stage7_delta_q_limited_p99": NaN,
          "wall_stage7_delta_q_limited_max": NaN,
          "wall_stage7_denom_min": NaN,
          "wall_stage7_denom_p50": NaN,
          "wall_stage7_limiter_reason_sum": NaN,
          "wall_stage7_limiter_reason_max": NaN,
          "wall_stage7_normal_path_count": 0,
          "wall_stage7_normal_limiter_count": 0,
          "wall_stage7_active_path_count": 0,
          "wall_stage7_active_limiter_count": 0,
          "wall_stage7_actual_cos_p50": NaN,
          "wall_stage7_target_cos_p50": NaN,
          "wall_stage7_write_candidate_min": NaN,
          "wall_stage7_write_candidate_max": NaN,
          "wall_stage7_write_minus_profile_min": NaN,
          "wall_stage7_write_minus_profile_max": NaN,
          "wall_stage8_active_weight_sum": 5936.337495634643,
          "wall_stage8_active_weight_mean": 0.003977861334675278,
          "wall_stage8_normal_grad_raw_p50": 0.0,
          "wall_stage8_normal_grad_target_p50": 0.0,
          "wall_stage8_contact_residual_mean": 0.0018507895692223702,
          "wall_stage8_contact_residual_p50": 0.0,
          "wall_stage8_contact_residual_p99": 0.032042070771786724,
          "wall_stage8_tangent_grad_mag_p50": 0.0,
          "wall_stage8_target_cos_p50": 0.0,
          "wall_stage8_grad_write_delta_mag_p50": 0.0,
          "wall_stage8_grad_write_delta_mag_max": 0.023954236196501274,
          "wall_stage8_limiter_reason_sum": 4437488.0,
          "wall_stage8_limiter_reason_max": 28.0,
          "wall_stage8_limiter_nonzero_count": 1484868,
          "wall_stage8_active_count": 7476,
          "wall_stage8_delta_limiter_count": 0,
          "wall_stage8_normal_limiter_count": 0,
          "wall_stage8_normal_limiter_fraction": 0.0,
          "wall_stage8_vector_limiter_count": 0,
          "wall_stage8_vector_limiter_fraction": 0.0,
          "wall_stage8_missing_wall_data_count": 1414592,
          "wall_stage8_normal_low_agreement_count": 0,
          "wall_stage8_local_wall_angle_wall_p50": 1.5707963267948966,
          "wall_stage8_local_wall_angle_wall_min": 0.4363323129985824,
          "wall_stage8_local_wall_angle_wall_max": 1.5707963267948966,
          "wall_stage8_local_wall_normal_mag_wall_p50": 1.0,
          "wall_stage8_fluid_wall_angle_p50": 0.0,
          "wall_stage8_fluid_wall_angle_min": 0.0,
          "wall_stage8_fluid_wall_angle_max": 1.570796326794897,
          "wall_stage8_fluid_wall_normal_mag_p50": 0.0,
          "wall_stage8_fluid_wall_data_count_p50": 0.0,
          "wall_stage8_fluid_wall_data_count_p05": 0.0,
          "wall_stage8_grad_candidate_use_sum": 7476.0,
          "wall_stage8_grad_candidate_mag_p50": 8.552178157419559e-12,
          "wall_stage8_grad_candidate_mag_max": 0.18469258990203025,
          "wall_stage8_normal_agreement_p05": 0.0,
          "wall_stage8_normal_agreement_p50": 0.0,
          "wall_stage8_used_geom_normal_sum": 77752.0,
          "wall_stage8_data_fluid_count": 77752,
          "wall_stage8_active_fluid_count": 7476,
          "wall_stage8_fluid_wall_angle_data_p50": 1.5707963267948968,
          "wall_stage8_fluid_wall_angle_active_p50": 0.43633231299858244,
          "wall_stage8_fluid_wall_data_count_data_p50": 9.0,
          "wall_stage8_fluid_wall_data_count_active_p50": 9.0,
          "wall_stage8_normal_agreement_data_p05": 1.0,
          "wall_stage8_normal_agreement_data_p50": 1.0,
          "wall_stage8_normal_agreement_active_p05": 1.0,
          "wall_stage8_normal_agreement_active_p50": 1.0,
          "wall_stage8_used_geom_normal_data_sum": 77752.0,
          "wall_stage8_used_geom_normal_active_sum": 7476.0,
          "wall_stage8_grad_write_delta_mag_active_p50": 0.006111007261614074,
          "wall_stage8_grad_write_delta_mag_active_max": 0.023954236196501274,
          "wall_stage8_contact_residual_active_p99": 0.08113149360507199,
          "wall_stage8_normal_delta_raw_active_p99": -0.0002033226441171313,
          "wall_stage8_normal_delta_limited_active_p99": -4.3433632450223534e-07,
          "wall_stage8_vector_delta_raw_active_p99": 0.023881332495946865,
          "wall_stage8_vector_delta_limited_active_p99": 0.023881332495946865,
          "wall_stage8_limiter_ratio_active_p50": 1.0,
          "max_mach": 1.1687002064679345e-05,
          "nonfinite_total": 0,
          "path_counts": "{\"2\": 64136, \"5\": 16384}"
        },
        {
          "case_id": "cap_theta030_wall025_mode1",
          "step": 200,
          "init_theta_deg": 30.0,
          "wall_rad_angle_deg": null,
          "angle_apparent_deg": 29.46434674751063,
          "angle_error_vs_init_deg": -0.5356532524893716,
          "angle_error_vs_wall_rad_deg": NaN,
          "fit_point_count": 128,
          "phase_fluid_sum": 52523.21540345149,
          "phase_fluid_rel_change": -0.0013353322785004194,
          "rho_fluid_sum": 53963.03618804806,
          "rho_fluid_rel_change": -0.0012984517074245245,
          "phase_fluid_min": 1.911332552498007e-29,
          "phase_fluid_max": 0.9997657828876375,
          "wall_phase_pred_min": NaN,
          "wall_phase_pred_max": NaN,
          "wall_phase_raw_min": NaN,
          "wall_phase_raw_max": NaN,
          "wall_phase_profile_max": NaN,
          "wall_phase_signed_profile_max": NaN,
          "wall_phase_signed_min": NaN,
          "wall_phase_signed_max": NaN,
          "wall_signed_logit_shift_max": NaN,
          "wall_contact_residual_mean": NaN,
          "wall_contact_residual_min": NaN,
          "wall_contact_residual_max": NaN,
          "wall_signed_normal_grad_mean": NaN,
          "wall_tangent_grad_mag_mean": NaN,
          "wall_signed_delta_q_min": NaN,
          "wall_signed_delta_q_max": NaN,
          "wall_signed_q_clipped_sum": NaN,
          "wall_stage7_active_weight_sum": NaN,
          "wall_stage7_active_weight_mean": NaN,
          "wall_stage7_delta_q_raw_p50": NaN,
          "wall_stage7_delta_q_raw_p99": NaN,
          "wall_stage7_delta_q_raw_max": NaN,
          "wall_stage7_delta_q_limited_p50": NaN,
          "wall_stage7_delta_q_limited_p99": NaN,
          "wall_stage7_delta_q_limited_max": NaN,
          "wall_stage7_denom_min": NaN,
          "wall_stage7_denom_p50": NaN,
          "wall_stage7_limiter_reason_sum": NaN,
          "wall_stage7_limiter_reason_max": NaN,
          "wall_stage7_normal_path_count": 0,
          "wall_stage7_normal_limiter_count": 0,
          "wall_stage7_active_path_count": 0,
          "wall_stage7_active_limiter_count": 0,
          "wall_stage7_actual_cos_p50": NaN,
          "wall_stage7_target_cos_p50": NaN,
          "wall_stage7_write_candidate_min": NaN,
          "wall_stage7_write_candidate_max": NaN,
          "wall_stage7_write_minus_profile_min": NaN,
          "wall_stage7_write_minus_profile_max": NaN,
          "wall_stage8_active_weight_sum": 5954.54413304229,
          "wall_stage8_active_weight_mean": 0.003990061361885925,
          "wall_stage8_normal_grad_raw_p50": 0.0,
          "wall_stage8_normal_grad_target_p50": 0.0,
          "wall_stage8_contact_residual_mean": 0.0017071300548290038,
          "wall_stage8_contact_residual_p50": 0.0,
          "wall_stage8_contact_residual_p99": 0.026570230341324663,
          "wall_stage8_tangent_grad_mag_p50": 0.0,
          "wall_stage8_target_cos_p50": 0.0,
          "wall_stage8_grad_write_delta_mag_p50": 0.0,
          "wall_stage8_grad_write_delta_mag_max": 0.022869488189234344,
          "wall_stage8_limiter_reason_sum": 4439568.0,
          "wall_stage8_limiter_reason_max": 28.0,
          "wall_stage8_limiter_nonzero_count": 1484844,
          "wall_stage8_active_count": 7500,
          "wall_stage8_delta_limiter_count": 0,
          "wall_stage8_normal_limiter_count": 0,
          "wall_stage8_normal_limiter_fraction": 0.0,
          "wall_stage8_vector_limiter_count": 0,
          "wall_stage8_vector_limiter_fraction": 0.0,
          "wall_stage8_missing_wall_data_count": 1414592,
          "wall_stage8_normal_low_agreement_count": 0,
          "wall_stage8_local_wall_angle_wall_p50": 1.5707963267948966,
          "wall_stage8_local_wall_angle_wall_min": 0.4363323129985824,
          "wall_stage8_local_wall_angle_wall_max": 1.5707963267948966,
          "wall_stage8_local_wall_normal_mag_wall_p50": 1.0,
          "wall_stage8_fluid_wall_angle_p50": 0.0,
          "wall_stage8_fluid_wall_angle_min": 0.0,
          "wall_stage8_fluid_wall_angle_max": 1.570796326794897,
          "wall_stage8_fluid_wall_normal_mag_p50": 0.0,
          "wall_stage8_fluid_wall_data_count_p50": 0.0,
          "wall_stage8_fluid_wall_data_count_p05": 0.0,
          "wall_stage8_grad_candidate_use_sum": 7500.0,
          "wall_stage8_grad_candidate_mag_p50": 5.896206033334845e-11,
          "wall_stage8_grad_candidate_mag_max": 0.18391745363239984,
          "wall_stage8_normal_agreement_p05": 0.0,
          "wall_stage8_normal_agreement_p50": 0.0,
          "wall_stage8_used_geom_normal_sum": 77752.0,
          "wall_stage8_data_fluid_count": 77752,
          "wall_stage8_active_fluid_count": 7500,
          "wall_stage8_fluid_wall_angle_data_p50": 1.5707963267948968,
          "wall_stage8_fluid_wall_angle_active_p50": 0.43633231299858244,
          "wall_stage8_fluid_wall_data_count_data_p50": 9.0,
          "wall_stage8_fluid_wall_data_count_active_p50": 9.0,
          "wall_stage8_normal_agreement_data_p05": 1.0,
          "wall_stage8_normal_agreement_data_p50": 1.0,
          "wall_stage8_normal_agreement_active_p05": 1.0,
          "wall_stage8_normal_agreement_active_p50": 1.0,
          "wall_stage8_used_geom_normal_data_sum": 77752.0,
          "wall_stage8_used_geom_normal_active_sum": 7500.0,
          "wall_stage8_grad_write_delta_mag_active_p50": 0.00601581501378242,
          "wall_stage8_grad_write_delta_mag_active_max": 0.022869488189234344,
          "wall_stage8_contact_residual_active_p99": 0.07808713919456944,
          "wall_stage8_normal_delta_raw_active_p99": -0.00017547960315657672,
          "wall_stage8_normal_delta_limited_active_p99": -3.7634382970657044e-07,
          "wall_stage8_vector_delta_raw_active_p99": 0.022804630713230196,
          "wall_stage8_vector_delta_limited_active_p99": 0.022804630713230196,
          "wall_stage8_limiter_ratio_active_p50": 1.0,
          "max_mach": 5.39282438891159e-06,
          "nonfinite_total": 0,
          "path_counts": "{\"2\": 64136, \"5\": 16384}"
        },
        {
          "case_id": "cap_theta030_wall025_mode1",
          "step": 300,
          "init_theta_deg": 30.0,
          "wall_rad_angle_deg": null,
          "angle_apparent_deg": 29.467601973430156,
          "angle_error_vs_init_deg": -0.5323980265698438,
          "angle_error_vs_wall_rad_deg": NaN,
          "fit_point_count": 128,
          "phase_fluid_sum": 52522.74998514822,
          "phase_fluid_rel_change": -0.0013441816380001246,
          "rho_fluid_sum": 53962.57123516306,
          "rho_fluid_rel_change": -0.0013070566562735915,
          "phase_fluid_min": 7.643989666755994e-25,
          "phase_fluid_max": 0.9997635315861176,
          "wall_phase_pred_min": NaN,
          "wall_phase_pred_max": NaN,
          "wall_phase_raw_min": NaN,
          "wall_phase_raw_max": NaN,
          "wall_phase_profile_max": NaN,
          "wall_phase_signed_profile_max": NaN,
          "wall_phase_signed_min": NaN,
          "wall_phase_signed_max": NaN,
          "wall_signed_logit_shift_max": NaN,
          "wall_contact_residual_mean": NaN,
          "wall_contact_residual_min": NaN,
          "wall_contact_residual_max": NaN,
          "wall_signed_normal_grad_mean": NaN,
          "wall_tangent_grad_mag_mean": NaN,
          "wall_signed_delta_q_min": NaN,
          "wall_signed_delta_q_max": NaN,
          "wall_signed_q_clipped_sum": NaN,
          "wall_stage7_active_weight_sum": NaN,
          "wall_stage7_active_weight_mean": NaN,
          "wall_stage7_delta_q_raw_p50": NaN,
          "wall_stage7_delta_q_raw_p99": NaN,
          "wall_stage7_delta_q_raw_max": NaN,
          "wall_stage7_delta_q_limited_p50": NaN,
          "wall_stage7_delta_q_limited_p99": NaN,
          "wall_stage7_delta_q_limited_max": NaN,
          "wall_stage7_denom_min": NaN,
          "wall_stage7_denom_p50": NaN,
          "wall_stage7_limiter_reason_sum": NaN,
          "wall_stage7_limiter_reason_max": NaN,
          "wall_stage7_normal_path_count": 0,
          "wall_stage7_normal_limiter_count": 0,
          "wall_stage7_active_path_count": 0,
          "wall_stage7_active_limiter_count": 0,
          "wall_stage7_actual_cos_p50": NaN,
          "wall_stage7_target_cos_p50": NaN,
          "wall_stage7_write_candidate_min": NaN,
          "wall_stage7_write_candidate_max": NaN,
          "wall_stage7_write_minus_profile_min": NaN,
          "wall_stage7_write_minus_profile_max": NaN,
          "wall_stage8_active_weight_sum": 5968.63413130177,
          "wall_stage8_active_weight_mean": 0.0039995028835856684,
          "wall_stage8_normal_grad_raw_p50": 0.0,
          "wall_stage8_normal_grad_target_p50": 0.0,
          "wall_stage8_contact_residual_mean": 0.0016087440587236866,
          "wall_stage8_contact_residual_p50": 0.0,
          "wall_stage8_contact_residual_p99": 0.022931414180921483,
          "wall_stage8_tangent_grad_mag_p50": 0.0,
          "wall_stage8_target_cos_p50": 0.0,
          "wall_stage8_grad_write_delta_mag_p50": 0.0,
          "wall_stage8_grad_write_delta_mag_max": 0.021976133857002398,
          "wall_stage8_limiter_reason_sum": 4440336.0,
          "wall_stage8_limiter_reason_max": 28.0,
          "wall_stage8_limiter_nonzero_count": 1484844,
          "wall_stage8_active_count": 7500,
          "wall_stage8_delta_limiter_count": 0,
          "wall_stage8_normal_limiter_count": 0,
          "wall_stage8_normal_limiter_fraction": 0.0,
          "wall_stage8_vector_limiter_count": 0,
          "wall_stage8_vector_limiter_fraction": 0.0,
          "wall_stage8_missing_wall_data_count": 1414592,
          "wall_stage8_normal_low_agreement_count": 0,
          "wall_stage8_local_wall_angle_wall_p50": 1.5707963267948966,
          "wall_stage8_local_wall_angle_wall_min": 0.4363323129985824,
          "wall_stage8_local_wall_angle_wall_max": 1.5707963267948966,
          "wall_stage8_local_wall_normal_mag_wall_p50": 1.0,
          "wall_stage8_fluid_wall_angle_p50": 0.0,
          "wall_stage8_fluid_wall_angle_min": 0.0,
          "wall_stage8_fluid_wall_angle_max": 1.570796326794897,
          "wall_stage8_fluid_wall_normal_mag_p50": 0.0,
          "wall_stage8_fluid_wall_data_count_p50": 0.0,
          "wall_stage8_fluid_wall_data_count_p05": 0.0,
          "wall_stage8_grad_candidate_use_sum": 7500.0,
          "wall_stage8_grad_candidate_mag_p50": 1.2836546062045436e-10,
          "wall_stage8_grad_candidate_mag_max": 0.18330230096983638,
          "wall_stage8_normal_agreement_p05": 0.0,
          "wall_stage8_normal_agreement_p50": 0.0,
          "wall_stage8_used_geom_normal_sum": 77752.0,
          "wall_stage8_data_fluid_count": 77752,
          "wall_stage8_active_fluid_count": 7500,
          "wall_stage8_fluid_wall_angle_data_p50": 1.5707963267948968,
          "wall_stage8_fluid_wall_angle_active_p50": 0.43633231299858244,
          "wall_stage8_fluid_wall_data_count_data_p50": 9.0,
          "wall_stage8_fluid_wall_data_count_active_p50": 9.0,
          "wall_stage8_normal_agreement_data_p05": 1.0,
          "wall_stage8_normal_agreement_data_p50": 1.0,
          "wall_stage8_normal_agreement_active_p05": 1.0,
          "wall_stage8_normal_agreement_active_p50": 1.0,
          "wall_stage8_used_geom_normal_data_sum": 77752.0,
          "wall_stage8_used_geom_normal_active_sum": 7500.0,
          "wall_stage8_grad_write_delta_mag_active_p50": 0.005996803587700701,
          "wall_stage8_grad_write_delta_mag_active_max": 0.021976133857002398,
          "wall_stage8_contact_residual_active_p99": 0.07580015586578281,
          "wall_stage8_normal_delta_raw_active_p99": -0.00016626442800073455,
          "wall_stage8_normal_delta_limited_active_p99": -4.889240092819746e-07,
          "wall_stage8_vector_delta_raw_active_p99": 0.021927850601687584,
          "wall_stage8_vector_delta_limited_active_p99": 0.021927850601687584,
          "wall_stage8_limiter_ratio_active_p50": 1.0,
          "max_mach": 5.906730505506053e-06,
          "nonfinite_total": 0,
          "path_counts": "{\"2\": 64136, \"5\": 16384}"
        },
        {
          "case_id": "cap_theta030_wall025_mode1",
          "step": 400,
          "init_theta_deg": 30.0,
          "wall_rad_angle_deg": null,
          "angle_apparent_deg": 29.470670747844753,
          "angle_error_vs_init_deg": -0.5293292521552466,
          "angle_error_vs_wall_rad_deg": NaN,
          "fit_point_count": 128,
          "phase_fluid_sum": 52522.31063782333,
          "phase_fluid_rel_change": -0.0013525352897493213,
          "rho_fluid_sum": 53962.13232718549,
          "rho_fluid_rel_change": -0.0013151795883344247,
          "phase_fluid_min": 2.4122454959691835e-22,
          "phase_fluid_max": 0.9997673513741422,
          "wall_phase_pred_min": NaN,
          "wall_phase_pred_max": NaN,
          "wall_phase_raw_min": NaN,
          "wall_phase_raw_max": NaN,
          "wall_phase_profile_max": NaN,
          "wall_phase_signed_profile_max": NaN,
          "wall_phase_signed_min": NaN,
          "wall_phase_signed_max": NaN,
          "wall_signed_logit_shift_max": NaN,
          "wall_contact_residual_mean": NaN,
          "wall_contact_residual_min": NaN,
          "wall_contact_residual_max": NaN,
          "wall_signed_normal_grad_mean": NaN,
          "wall_tangent_grad_mag_mean": NaN,
          "wall_signed_delta_q_min": NaN,
          "wall_signed_delta_q_max": NaN,
          "wall_signed_q_clipped_sum": NaN,
          "wall_stage7_active_weight_sum": NaN,
          "wall_stage7_active_weight_mean": NaN,
          "wall_stage7_delta_q_raw_p50": NaN,
          "wall_stage7_delta_q_raw_p99": NaN,
          "wall_stage7_delta_q_raw_max": NaN,
          "wall_stage7_delta_q_limited_p50": NaN,
          "wall_stage7_delta_q_limited_p99": NaN,
          "wall_stage7_delta_q_limited_max": NaN,
          "wall_stage7_denom_min": NaN,
          "wall_stage7_denom_p50": NaN,
          "wall_stage7_limiter_reason_sum": NaN,
          "wall_stage7_limiter_reason_max": NaN,
          "wall_stage7_normal_path_count": 0,
          "wall_stage7_normal_limiter_count": 0,
          "wall_stage7_active_path_count": 0,
          "wall_stage7_active_limiter_count": 0,
          "wall_stage7_actual_cos_p50": NaN,
          "wall_stage7_target_cos_p50": NaN,
          "wall_stage7_write_candidate_min": NaN,
          "wall_stage7_write_candidate_max": NaN,
          "wall_stage7_write_minus_profile_min": NaN,
          "wall_stage7_write_minus_profile_max": NaN,
          "wall_stage8_active_weight_sum": 5982.286031869695,
          "wall_stage8_active_weight_mean": 0.004008650841809727,
          "wall_stage8_normal_grad_raw_p50": 0.0,
          "wall_stage8_normal_grad_target_p50": 0.0,
          "wall_stage8_contact_residual_mean": 0.0015443407308560666,
          "wall_stage8_contact_residual_p50": 0.0,
          "wall_stage8_contact_residual_p99": 0.02060576475474713,
          "wall_stage8_tangent_grad_mag_p50": 0.0,
          "wall_stage8_target_cos_p50": 0.0,
          "wall_stage8_grad_write_delta_mag_p50": 0.0,
          "wall_stage8_grad_write_delta_mag_max": 0.02130101640805114,
          "wall_stage8_limiter_reason_sum": 4440560.0,
          "wall_stage8_limiter_reason_max": 28.0,
          "wall_stage8_limiter_nonzero_count": 1484836,
          "wall_stage8_active_count": 7508,
          "wall_stage8_delta_limiter_count": 0,
          "wall_stage8_normal_limiter_count": 0,
          "wall_stage8_normal_limiter_fraction": 0.0,
          "wall_stage8_vector_limiter_count": 0,
          "wall_stage8_vector_limiter_fraction": 0.0,
          "wall_stage8_missing_wall_data_count": 1414592,
          "wall_stage8_normal_low_agreement_count": 0,
          "wall_stage8_local_wall_angle_wall_p50": 1.5707963267948966,
          "wall_stage8_local_wall_angle_wall_min": 0.4363323129985824,
          "wall_stage8_local_wall_angle_wall_max": 1.5707963267948966,
          "wall_stage8_local_wall_normal_mag_wall_p50": 1.0,
          "wall_stage8_fluid_wall_angle_p50": 0.0,
          "wall_stage8_fluid_wall_angle_min": 0.0,
          "wall_stage8_fluid_wall_angle_max": 1.570796326794897,
          "wall_stage8_fluid_wall_normal_mag_p50": 0.0,
          "wall_stage8_fluid_wall_data_count_p50": 0.0,
          "wall_stage8_fluid_wall_data_count_p05": 0.0,
          "wall_stage8_grad_candidate_use_sum": 7508.0,
          "wall_stage8_grad_candidate_mag_p50": 1.9150476814097006e-10,
          "wall_stage8_grad_candidate_mag_max": 0.18275661148294162,
          "wall_stage8_normal_agreement_p05": 0.0,
          "wall_stage8_normal_agreement_p50": 0.0,
          "wall_stage8_used_geom_normal_sum": 77752.0,
          "wall_stage8_data_fluid_count": 77752,
          "wall_stage8_active_fluid_count": 7508,
          "wall_stage8_fluid_wall_angle_data_p50": 1.5707963267948968,
          "wall_stage8_fluid_wall_angle_active_p50": 0.43633231299858244,
          "wall_stage8_fluid_wall_data_count_data_p50": 9.0,
          "wall_stage8_fluid_wall_data_count_active_p50": 9.0,
          "wall_stage8_normal_agreement_data_p05": 1.0,
          "wall_stage8_normal_agreement_data_p50": 1.0,
          "wall_stage8_normal_agreement_active_p05": 1.0,
          "wall_stage8_normal_agreement_active_p50": 1.0,
          "wall_stage8_used_geom_normal_data_sum": 77752.0,
          "wall_stage8_used_geom_normal_active_sum": 7508.0,
          "wall_stage8_grad_write_delta_mag_active_p50": 0.005949996590632656,
          "wall_stage8_grad_write_delta_mag_active_max": 0.02130101640805114,
          "wall_stage8_contact_residual_active_p99": 0.0735369317940504,
          "wall_stage8_normal_delta_raw_active_p99": -0.00016353025052863828,
          "wall_stage8_normal_delta_limited_active_p99": -4.576324314378909e-07,
          "wall_stage8_vector_delta_raw_active_p99": 0.021235533585247164,
          "wall_stage8_vector_delta_limited_active_p99": 0.021235533585247164,
          "wall_stage8_limiter_ratio_active_p50": 1.0,
          "max_mach": 5.291268020396332e-06,
          "nonfinite_total": 0,
          "path_counts": "{\"2\": 64136, \"5\": 16384}"
        },
        {
          "case_id": "cap_theta030_wall025_mode1",
          "step": 500,
          "init_theta_deg": 30.0,
          "wall_rad_angle_deg": null,
          "angle_apparent_deg": 29.473683400251968,
          "angle_error_vs_init_deg": -0.5263165997480321,
          "angle_error_vs_wall_rad_deg": NaN,
          "fit_point_count": 128,
          "phase_fluid_sum": 52521.88736119368,
          "phase_fluid_rel_change": -0.0013605833768943077,
          "rho_fluid_sum": 53961.709473832474,
          "rho_fluid_rel_change": -0.0013230053951865212,
          "phase_fluid_min": 2.0560975703045044e-20,
          "phase_fluid_max": 0.9997654331515234,
          "wall_phase_pred_min": NaN,
          "wall_phase_pred_max": NaN,
          "wall_phase_raw_min": NaN,
          "wall_phase_raw_max": NaN,
          "wall_phase_profile_max": NaN,
          "wall_phase_signed_profile_max": NaN,
          "wall_phase_signed_min": NaN,
          "wall_phase_signed_max": NaN,
          "wall_signed_logit_shift_max": NaN,
          "wall_contact_residual_mean": NaN,
          "wall_contact_residual_min": NaN,
          "wall_contact_residual_max": NaN,
          "wall_signed_normal_grad_mean": NaN,
          "wall_tangent_grad_mag_mean": NaN,
          "wall_signed_delta_q_min": NaN,
          "wall_signed_delta_q_max": NaN,
          "wall_signed_q_clipped_sum": NaN,
          "wall_stage7_active_weight_sum": NaN,
          "wall_stage7_active_weight_mean": NaN,
          "wall_stage7_delta_q_raw_p50": NaN,
          "wall_stage7_delta_q_raw_p99": NaN,
          "wall_stage7_delta_q_raw_max": NaN,
          "wall_stage7_delta_q_limited_p50": NaN,
          "wall_stage7_delta_q_limited_p99": NaN,
          "wall_stage7_delta_q_limited_max": NaN,
          "wall_stage7_denom_min": NaN,
          "wall_stage7_denom_p50": NaN,
          "wall_stage7_limiter_reason_sum": NaN,
          "wall_stage7_limiter_reason_max": NaN,
          "wall_stage7_normal_path_count": 0,
          "wall_stage7_normal_limiter_count": 0,
          "wall_stage7_active_path_count": 0,
          "wall_stage7_active_limiter_count": 0,
          "wall_stage7_actual_cos_p50": NaN,
          "wall_stage7_target_cos_p50": NaN,
          "wall_stage7_write_candidate_min": NaN,
          "wall_stage7_write_candidate_max": NaN,
          "wall_stage7_write_minus_profile_min": NaN,
          "wall_stage7_write_minus_profile_max": NaN,
          "wall_stage8_active_weight_sum": 5995.823226883318,
          "wall_stage8_active_weight_mean": 0.0040177219373571495,
          "wall_stage8_normal_grad_raw_p50": 0.0,
          "wall_stage8_normal_grad_target_p50": 0.0,
          "wall_stage8_contact_residual_mean": 0.001493693906397457,
          "wall_stage8_contact_residual_p50": 0.0,
          "wall_stage8_contact_residual_p99": 0.019338057912930418,
          "wall_stage8_tangent_grad_mag_p50": 0.0,
          "wall_stage8_target_cos_p50": 0.0,
          "wall_stage8_grad_write_delta_mag_p50": 0.0,
          "wall_stage8_grad_write_delta_mag_max": 0.020738683192819067,
          "wall_stage8_limiter_reason_sum": 4440112.0,
          "wall_stage8_limiter_reason_max": 28.0,
          "wall_stage8_limiter_nonzero_count": 1484820,
          "wall_stage8_active_count": 7524,
          "wall_stage8_delta_limiter_count": 0,
          "wall_stage8_normal_limiter_count": 0,
          "wall_stage8_normal_limiter_fraction": 0.0,
          "wall_stage8_vector_limiter_count": 0,
          "wall_stage8_vector_limiter_fraction": 0.0,
          "wall_stage8_missing_wall_data_count": 1414592,
          "wall_stage8_normal_low_agreement_count": 0,
          "wall_stage8_local_wall_angle_wall_p50": 1.5707963267948966,
          "wall_stage8_local_wall_angle_wall_min": 0.4363323129985824,
          "wall_stage8_local_wall_angle_wall_max": 1.5707963267948966,
          "wall_stage8_local_wall_normal_mag_wall_p50": 1.0,
          "wall_stage8_fluid_wall_angle_p50": 0.0,
          "wall_stage8_fluid_wall_angle_min": 0.0,
          "wall_stage8_fluid_wall_angle_max": 1.570796326794897,
          "wall_stage8_fluid_wall_normal_mag_p50": 0.0,
          "wall_stage8_fluid_wall_data_count_p50": 0.0,
          "wall_stage8_fluid_wall_data_count_p05": 0.0,
          "wall_stage8_grad_candidate_use_sum": 7524.0,
          "wall_stage8_grad_candidate_mag_p50": 2.4234306584104966e-10,
          "wall_stage8_grad_candidate_mag_max": 0.1822639853612965,
          "wall_stage8_normal_agreement_p05": 0.0,
          "wall_stage8_normal_agreement_p50": 0.0,
          "wall_stage8_used_geom_normal_sum": 77752.0,
          "wall_stage8_data_fluid_count": 77752,
          "wall_stage8_active_fluid_count": 7524,
          "wall_stage8_fluid_wall_angle_data_p50": 1.5707963267948968,
          "wall_stage8_fluid_wall_angle_active_p50": 0.43633231299858244,
          "wall_stage8_fluid_wall_data_count_data_p50": 9.0,
          "wall_stage8_fluid_wall_data_count_active_p50": 9.0,
          "wall_stage8_normal_agreement_data_p05": 1.0,
          "wall_stage8_normal_agreement_data_p50": 1.0,
          "wall_stage8_normal_agreement_active_p05": 1.0,
          "wall_stage8_normal_agreement_active_p50": 1.0,
          "wall_stage8_used_geom_normal_data_sum": 77752.0,
          "wall_stage8_used_geom_normal_active_sum": 7524.0,
          "wall_stage8_grad_write_delta_mag_active_p50": 0.00587681297832276,
          "wall_stage8_grad_write_delta_mag_active_max": 0.020738683192819067,
          "wall_stage8_contact_residual_active_p99": 0.07178358160978135,
          "wall_stage8_normal_delta_raw_active_p99": -0.00016239118583254996,
          "wall_stage8_normal_delta_limited_active_p99": -3.986524177002446e-07,
          "wall_stage8_vector_delta_raw_active_p99": 0.020662685496286096,
          "wall_stage8_vector_delta_limited_active_p99": 0.020662685496286096,
          "wall_stage8_limiter_ratio_active_p50": 1.0,
          "max_mach": 5.242325508442398e-06,
          "nonfinite_total": 0,
          "path_counts": "{\"2\": 64136, \"5\": 16384}"
        },
        {
          "case_id": "cap_theta030_wall025_mode1",
          "step": 600,
          "init_theta_deg": 30.0,
          "wall_rad_angle_deg": null,
          "angle_apparent_deg": 29.476583199048978,
          "angle_error_vs_init_deg": -0.523416800951022,
          "angle_error_vs_wall_rad_deg": NaN,
          "fit_point_count": 128,
          "phase_fluid_sum": 52521.474415586665,
          "phase_fluid_rel_change": -0.001368435032286098,
          "rho_fluid_sum": 53961.29694117111,
          "rho_fluid_rel_change": -0.0013306401955374613,
          "phase_fluid_min": 8.772029910763726e-19,
          "phase_fluid_max": 0.9997654100871564,
          "wall_phase_pred_min": NaN,
          "wall_phase_pred_max": NaN,
          "wall_phase_raw_min": NaN,
          "wall_phase_raw_max": NaN,
          "wall_phase_profile_max": NaN,
          "wall_phase_signed_profile_max": NaN,
          "wall_phase_signed_min": NaN,
          "wall_phase_signed_max": NaN,
          "wall_signed_logit_shift_max": NaN,
          "wall_contact_residual_mean": NaN,
          "wall_contact_residual_min": NaN,
          "wall_contact_residual_max": NaN,
          "wall_signed_normal_grad_mean": NaN,
          "wall_tangent_grad_mag_mean": NaN,
          "wall_signed_delta_q_min": NaN,
          "wall_signed_delta_q_max": NaN,
          "wall_signed_q_clipped_sum": NaN,
          "wall_stage7_active_weight_sum": NaN,
          "wall_stage7_active_weight_mean": NaN,
          "wall_stage7_delta_q_raw_p50": NaN,
          "wall_stage7_delta_q_raw_p99": NaN,
          "wall_stage7_delta_q_raw_max": NaN,
          "wall_stage7_delta_q_limited_p50": NaN,
          "wall_stage7_delta_q_limited_p99": NaN,
          "wall_stage7_delta_q_limited_max": NaN,
          "wall_stage7_denom_min": NaN,
          "wall_stage7_denom_p50": NaN,
          "wall_stage7_limiter_reason_sum": NaN,
          "wall_stage7_limiter_reason_max": NaN,
          "wall_stage7_normal_path_count": 0,
          "wall_stage7_normal_limiter_count": 0,
          "wall_stage7_active_path_count": 0,
          "wall_stage7_active_limiter_count": 0,
          "wall_stage7_actual_cos_p50": NaN,
          "wall_stage7_target_cos_p50": NaN,
          "wall_stage7_write_candidate_min": NaN,
          "wall_stage7_write_candidate_max": NaN,
          "wall_stage7_write_minus_profile_min": NaN,
          "wall_stage7_write_minus_profile_max": NaN,
          "wall_stage8_active_weight_sum": 6009.197191459256,
          "wall_stage8_active_weight_mean": 0.004026683654344612,
          "wall_stage8_normal_grad_raw_p50": 0.0,
          "wall_stage8_normal_grad_target_p50": 0.0,
          "wall_stage8_contact_residual_mean": 0.001453487123697229,
          "wall_stage8_contact_residual_p50": 0.0,
          "wall_stage8_contact_residual_p99": 0.01817588752984573,
          "wall_stage8_tangent_grad_mag_p50": 0.0,
          "wall_stage8_target_cos_p50": 0.0,
          "wall_stage8_grad_write_delta_mag_p50": 0.0,
          "wall_stage8_grad_write_delta_mag_max": 0.020219558036034396,
          "wall_stage8_limiter_reason_sum": 4439744.0,
          "wall_stage8_limiter_reason_max": 28.0,
          "wall_stage8_limiter_nonzero_count": 1484792,
          "wall_stage8_active_count": 7552,
          "wall_stage8_delta_limiter_count": 0,
          "wall_stage8_normal_limiter_count": 0,
          "wall_stage8_normal_limiter_fraction": 0.0,
          "wall_stage8_vector_limiter_count": 0,
          "wall_stage8_vector_limiter_fraction": 0.0,
          "wall_stage8_missing_wall_data_count": 1414592,
          "wall_stage8_normal_low_agreement_count": 0,
          "wall_stage8_local_wall_angle_wall_p50": 1.5707963267948966,
          "wall_stage8_local_wall_angle_wall_min": 0.4363323129985824,
          "wall_stage8_local_wall_angle_wall_max": 1.5707963267948966,
          "wall_stage8_local_wall_normal_mag_wall_p50": 1.0,
          "wall_stage8_fluid_wall_angle_p50": 0.0,
          "wall_stage8_fluid_wall_angle_min": 0.0,
          "wall_stage8_fluid_wall_angle_max": 1.570796326794897,
          "wall_stage8_fluid_wall_normal_mag_p50": 0.0,
          "wall_stage8_fluid_wall_data_count_p50": 0.0,
          "wall_stage8_fluid_wall_data_count_p05": 0.0,
          "wall_stage8_grad_candidate_use_sum": 7552.0,
          "wall_stage8_grad_candidate_mag_p50": 2.81992582658148e-10,
          "wall_stage8_grad_candidate_mag_max": 0.18181005486146407,
          "wall_stage8_normal_agreement_p05": 0.0,
          "wall_stage8_normal_agreement_p50": 0.0,
          "wall_stage8_used_geom_normal_sum": 77752.0,
          "wall_stage8_data_fluid_count": 77752,
          "wall_stage8_active_fluid_count": 7552,
          "wall_stage8_fluid_wall_angle_data_p50": 1.5707963267948968,
          "wall_stage8_fluid_wall_angle_active_p50": 0.43633231299858244,
          "wall_stage8_fluid_wall_data_count_data_p50": 9.0,
          "wall_stage8_fluid_wall_data_count_active_p50": 9.0,
          "wall_stage8_normal_agreement_data_p05": 1.0,
          "wall_stage8_normal_agreement_data_p50": 1.0,
          "wall_stage8_normal_agreement_active_p05": 1.0,
          "wall_stage8_normal_agreement_active_p50": 1.0,
          "wall_stage8_used_geom_normal_data_sum": 77752.0,
          "wall_stage8_used_geom_normal_active_sum": 7552.0,
          "wall_stage8_grad_write_delta_mag_active_p50": 0.005827444365777234,
          "wall_stage8_grad_write_delta_mag_active_max": 0.020219558036034396,
          "wall_stage8_contact_residual_active_p99": 0.07021181904524099,
          "wall_stage8_normal_delta_raw_active_p99": -0.00016237665299335415,
          "wall_stage8_normal_delta_limited_active_p99": -2.62484934331268e-07,
          "wall_stage8_vector_delta_raw_active_p99": 0.02011139067403683,
          "wall_stage8_vector_delta_limited_active_p99": 0.02011139067403683,
          "wall_stage8_limiter_ratio_active_p50": 1.0,
          "max_mach": 5.1875213244249596e-06,
          "nonfinite_total": 0,
          "path_counts": "{\"2\": 64136, \"5\": 16384}"
        },
        {
          "case_id": "cap_theta030_wall025_mode1",
          "step": 700,
          "init_theta_deg": 30.0,
          "wall_rad_angle_deg": null,
          "angle_apparent_deg": 29.479358605819044,
          "angle_error_vs_init_deg": -0.5206413941809558,
          "angle_error_vs_wall_rad_deg": NaN,
          "fit_point_count": 128,
          "phase_fluid_sum": 52521.07054019606,
          "phase_fluid_rel_change": -0.0013761142286121868,
          "rho_fluid_sum": 53960.89346965586,
          "rho_fluid_rel_change": -0.001338107299974839,
          "phase_fluid_min": 1.7902845564139296e-17,
          "phase_fluid_max": 0.9997665360127826,
          "wall_phase_pred_min": NaN,
          "wall_phase_pred_max": NaN,
          "wall_phase_raw_min": NaN,
          "wall_phase_raw_max": NaN,
          "wall_phase_profile_max": NaN,
          "wall_phase_signed_profile_max": NaN,
          "wall_phase_signed_min": NaN,
          "wall_phase_signed_max": NaN,
          "wall_signed_logit_shift_max": NaN,
          "wall_contact_residual_mean": NaN,
          "wall_contact_residual_min": NaN,
          "wall_contact_residual_max": NaN,
          "wall_signed_normal_grad_mean": NaN,
          "wall_tangent_grad_mag_mean": NaN,
          "wall_signed_delta_q_min": NaN,
          "wall_signed_delta_q_max": NaN,
          "wall_signed_q_clipped_sum": NaN,
          "wall_stage7_active_weight_sum": NaN,
          "wall_stage7_active_weight_mean": NaN,
          "wall_stage7_delta_q_raw_p50": NaN,
          "wall_stage7_delta_q_raw_p99": NaN,
          "wall_stage7_delta_q_raw_max": NaN,
          "wall_stage7_delta_q_limited_p50": NaN,
          "wall_stage7_delta_q_limited_p99": NaN,
          "wall_stage7_delta_q_limited_max": NaN,
          "wall_stage7_denom_min": NaN,
          "wall_stage7_denom_p50": NaN,
          "wall_stage7_limiter_reason_sum": NaN,
          "wall_stage7_limiter_reason_max": NaN,
          "wall_stage7_normal_path_count": 0,
          "wall_stage7_normal_limiter_count": 0,
          "wall_stage7_active_path_count": 0,
          "wall_stage7_active_limiter_count": 0,
          "wall_stage7_actual_cos_p50": NaN,
          "wall_stage7_target_cos_p50": NaN,
          "wall_stage7_write_candidate_min": NaN,
          "wall_stage7_write_candidate_max": NaN,
          "wall_stage7_write_minus_profile_min": NaN,
          "wall_stage7_write_minus_profile_max": NaN,
          "wall_stage8_active_weight_sum": 6022.351818407901,
          "wall_stage8_active_weight_mean": 0.004035498396085555,
          "wall_stage8_normal_grad_raw_p50": 0.0,
          "wall_stage8_normal_grad_target_p50": 0.0,
          "wall_stage8_contact_residual_mean": 0.0014237935803494083,
          "wall_stage8_contact_residual_p50": 0.0,
          "wall_stage8_contact_residual_p99": 0.017757417501371497,
          "wall_stage8_tangent_grad_mag_p50": 0.0,
          "wall_stage8_target_cos_p50": 0.0,
          "wall_stage8_grad_write_delta_mag_p50": 0.0,
          "wall_stage8_grad_write_delta_mag_max": 0.019700453693599507,
          "wall_stage8_limiter_reason_sum": 4438752.0,
          "wall_stage8_limiter_reason_max": 28.0,
          "wall_stage8_limiter_nonzero_count": 1484768,
          "wall_stage8_active_count": 7576,
          "wall_stage8_delta_limiter_count": 0,
          "wall_stage8_normal_limiter_count": 0,
          "wall_stage8_normal_limiter_fraction": 0.0,
          "wall_stage8_vector_limiter_count": 0,
          "wall_stage8_vector_limiter_fraction": 0.0,
          "wall_stage8_missing_wall_data_count": 1414592,
          "wall_stage8_normal_low_agreement_count": 0,
          "wall_stage8_local_wall_angle_wall_p50": 1.5707963267948966,
          "wall_stage8_local_wall_angle_wall_min": 0.4363323129985824,
          "wall_stage8_local_wall_angle_wall_max": 1.5707963267948966,
          "wall_stage8_local_wall_normal_mag_wall_p50": 1.0,
          "wall_stage8_fluid_wall_angle_p50": 0.0,
          "wall_stage8_fluid_wall_angle_min": 0.0,
          "wall_stage8_fluid_wall_angle_max": 1.570796326794897,
          "wall_stage8_fluid_wall_normal_mag_p50": 0.0,
          "wall_stage8_fluid_wall_data_count_p50": 0.0,
          "wall_stage8_fluid_wall_data_count_p05": 0.0,
          "wall_stage8_grad_candidate_use_sum": 7576.0,
          "wall_stage8_grad_candidate_mag_p50": 3.129390090713125e-10,
          "wall_stage8_grad_candidate_mag_max": 0.18137578344895589,
          "wall_stage8_normal_agreement_p05": 0.0,
          "wall_stage8_normal_agreement_p50": 0.0,
          "wall_stage8_used_geom_normal_sum": 77752.0,
          "wall_stage8_data_fluid_count": 77752,
          "wall_stage8_active_fluid_count": 7576,
          "wall_stage8_fluid_wall_angle_data_p50": 1.5707963267948968,
          "wall_stage8_fluid_wall_angle_active_p50": 0.43633231299858244,
          "wall_stage8_fluid_wall_data_count_data_p50": 9.0,
          "wall_stage8_fluid_wall_data_count_active_p50": 9.0,
          "wall_stage8_normal_agreement_data_p05": 1.0,
          "wall_stage8_normal_agreement_data_p50": 1.0,
          "wall_stage8_normal_agreement_active_p05": 1.0,
          "wall_stage8_normal_agreement_active_p50": 1.0,
          "wall_stage8_used_geom_normal_data_sum": 77752.0,
          "wall_stage8_used_geom_normal_active_sum": 7576.0,
          "wall_stage8_grad_write_delta_mag_active_p50": 0.00567917245078695,
          "wall_stage8_grad_write_delta_mag_active_max": 0.019700453693599507,
          "wall_stage8_contact_residual_active_p99": 0.06879649498411636,
          "wall_stage8_normal_delta_raw_active_p99": -0.00016335283112165356,
          "wall_stage8_normal_delta_limited_active_p99": -1.5277618377356345e-07,
          "wall_stage8_vector_delta_raw_active_p99": 0.019573710780041234,
          "wall_stage8_vector_delta_limited_active_p99": 0.019573710780041234,
          "wall_stage8_limiter_ratio_active_p50": 1.0,
          "max_mach": 5.1455212518663345e-06,
          "nonfinite_total": 0,
          "path_counts": "{\"2\": 64136, \"5\": 16384}"
        },
        {
          "case_id": "cap_theta030_wall025_mode1",
          "step": 800,
          "init_theta_deg": 30.0,
          "wall_rad_angle_deg": null,
          "angle_apparent_deg": 29.48206497039654,
          "angle_error_vs_init_deg": -0.5179350296034606,
          "angle_error_vs_wall_rad_deg": NaN,
          "fit_point_count": 128,
          "phase_fluid_sum": 52520.67533112943,
          "phase_fluid_rel_change": -0.0013836286453928976,
          "rho_fluid_sum": 53960.4986557983,
          "rho_fluid_rel_change": -0.0013454141759159258,
          "phase_fluid_min": 1.9446235314108157e-16,
          "phase_fluid_max": 0.9997654505491655,
          "wall_phase_pred_min": NaN,
          "wall_phase_pred_max": NaN,
          "wall_phase_raw_min": NaN,
          "wall_phase_raw_max": NaN,
          "wall_phase_profile_max": NaN,
          "wall_phase_signed_profile_max": NaN,
          "wall_phase_signed_min": NaN,
          "wall_phase_signed_max": NaN,
          "wall_signed_logit_shift_max": NaN,
          "wall_contact_residual_mean": NaN,
          "wall_contact_residual_min": NaN,
          "wall_contact_residual_max": NaN,
          "wall_signed_normal_grad_mean": NaN,
          "wall_tangent_grad_mag_mean": NaN,
          "wall_signed_delta_q_min": NaN,
          "wall_signed_delta_q_max": NaN,
          "wall_signed_q_clipped_sum": NaN,
          "wall_stage7_active_weight_sum": NaN,
          "wall_stage7_active_weight_mean": NaN,
          "wall_stage7_delta_q_raw_p50": NaN,
          "wall_stage7_delta_q_raw_p99": NaN,
          "wall_stage7_delta_q_raw_max": NaN,
          "wall_stage7_delta_q_limited_p50": NaN,
          "wall_stage7_delta_q_limited_p99": NaN,
          "wall_stage7_delta_q_limited_max": NaN,
          "wall_stage7_denom_min": NaN,
          "wall_stage7_denom_p50": NaN,
          "wall_stage7_limiter_reason_sum": NaN,
          "wall_stage7_limiter_reason_max": NaN,
          "wall_stage7_normal_path_count": 0,
          "wall_stage7_normal_limiter_count": 0,
          "wall_stage7_active_path_count": 0,
          "wall_stage7_active_limiter_count": 0,
          "wall_stage7_actual_cos_p50": NaN,
          "wall_stage7_target_cos_p50": NaN,
          "wall_stage7_write_candidate_min": NaN,
          "wall_stage7_write_candidate_max": NaN,
          "wall_stage7_write_minus_profile_min": NaN,
          "wall_stage7_write_minus_profile_max": NaN,
          "wall_stage8_active_weight_sum": 6035.254347359079,
          "wall_stage8_active_weight_mean": 0.004044144210288699,
          "wall_stage8_normal_grad_raw_p50": 0.0,
          "wall_stage8_normal_grad_target_p50": 0.0,
          "wall_stage8_contact_residual_mean": 0.0013936996203905872,
          "wall_stage8_contact_residual_p50": 0.0,
          "wall_stage8_contact_residual_p99": 0.017242561875370162,
          "wall_stage8_tangent_grad_mag_p50": 0.0,
          "wall_stage8_target_cos_p50": 0.0,
          "wall_stage8_grad_write_delta_mag_p50": 0.0,
          "wall_stage8_grad_write_delta_mag_max": 0.019185764415729008,
          "wall_stage8_limiter_reason_sum": 4438144.0,
          "wall_stage8_limiter_reason_max": 28.0,
          "wall_stage8_limiter_nonzero_count": 1484744,
          "wall_stage8_active_count": 7600,
          "wall_stage8_delta_limiter_count": 0,
          "wall_stage8_normal_limiter_count": 0,
          "wall_stage8_normal_limiter_fraction": 0.0,
          "wall_stage8_vector_limiter_count": 0,
          "wall_stage8_vector_limiter_fraction": 0.0,
          "wall_stage8_missing_wall_data_count": 1414592,
          "wall_stage8_normal_low_agreement_count": 0,
          "wall_stage8_local_wall_angle_wall_p50": 1.5707963267948966,
          "wall_stage8_local_wall_angle_wall_min": 0.4363323129985824,
          "wall_stage8_local_wall_angle_wall_max": 1.5707963267948966,
          "wall_stage8_local_wall_normal_mag_wall_p50": 1.0,
          "wall_stage8_fluid_wall_angle_p50": 0.0,
          "wall_stage8_fluid_wall_angle_min": 0.0,
          "wall_stage8_fluid_wall_angle_max": 1.570796326794897,
          "wall_stage8_fluid_wall_normal_mag_p50": 0.0,
          "wall_stage8_fluid_wall_data_count_p50": 0.0,
          "wall_stage8_fluid_wall_data_count_p05": 0.0,
          "wall_stage8_grad_candidate_use_sum": 7600.0,
          "wall_stage8_grad_candidate_mag_p50": 3.3710984356451875e-10,
          "wall_stage8_grad_candidate_mag_max": 0.18095885530577552,
          "wall_stage8_normal_agreement_p05": 0.0,
          "wall_stage8_normal_agreement_p50": 0.0,
          "wall_stage8_used_geom_normal_sum": 77752.0,
          "wall_stage8_data_fluid_count": 77752,
          "wall_stage8_active_fluid_count": 7600,
          "wall_stage8_fluid_wall_angle_data_p50": 1.5707963267948968,
          "wall_stage8_fluid_wall_angle_active_p50": 0.43633231299858244,
          "wall_stage8_fluid_wall_data_count_data_p50": 9.0,
          "wall_stage8_fluid_wall_data_count_active_p50": 9.0,
          "wall_stage8_normal_agreement_data_p05": 1.0,
          "wall_stage8_normal_agreement_data_p50": 1.0,
          "wall_stage8_normal_agreement_active_p05": 1.0,
          "wall_stage8_normal_agreement_active_p50": 1.0,
          "wall_stage8_used_geom_normal_data_sum": 77752.0,
          "wall_stage8_used_geom_normal_active_sum": 7600.0,
          "wall_stage8_grad_write_delta_mag_active_p50": 0.005565268539033153,
          "wall_stage8_grad_write_delta_mag_active_max": 0.019185764415729008,
          "wall_stage8_contact_residual_active_p99": 0.06741961578466316,
          "wall_stage8_normal_delta_raw_active_p99": -0.00016511821381885898,
          "wall_stage8_normal_delta_limited_active_p99": -3.2329104029801985e-07,
          "wall_stage8_vector_delta_raw_active_p99": 0.01904172083894542,
          "wall_stage8_vector_delta_limited_active_p99": 0.01904172083894542,
          "wall_stage8_limiter_ratio_active_p50": 1.0,
          "max_mach": 5.107979485287616e-06,
          "nonfinite_total": 0,
          "path_counts": "{\"2\": 64136, \"5\": 16384}"
        },
        {
          "case_id": "cap_theta030_wall025_mode1",
          "step": 900,
          "init_theta_deg": 30.0,
          "wall_rad_angle_deg": null,
          "angle_apparent_deg": 29.484670619374818,
          "angle_error_vs_init_deg": -0.5153293806251824,
          "angle_error_vs_wall_rad_deg": NaN,
          "fit_point_count": 128,
          "phase_fluid_sum": 52520.28745837739,
          "phase_fluid_rel_change": -0.0013910035711292817,
          "rho_fluid_sum": 53960.11117091899,
          "rho_fluid_rel_change": -0.0013525854134192052,
          "phase_fluid_min": 1.3112637018311115e-15,
          "phase_fluid_max": 0.999765705610302,
          "wall_phase_pred_min": NaN,
          "wall_phase_pred_max": NaN,
          "wall_phase_raw_min": NaN,
          "wall_phase_raw_max": NaN,
          "wall_phase_profile_max": NaN,
          "wall_phase_signed_profile_max": NaN,
          "wall_phase_signed_min": NaN,
          "wall_phase_signed_max": NaN,
          "wall_signed_logit_shift_max": NaN,
          "wall_contact_residual_mean": NaN,
          "wall_contact_residual_min": NaN,
          "wall_contact_residual_max": NaN,
          "wall_signed_normal_grad_mean": NaN,
          "wall_tangent_grad_mag_mean": NaN,
          "wall_signed_delta_q_min": NaN,
          "wall_signed_delta_q_max": NaN,
          "wall_signed_q_clipped_sum": NaN,
          "wall_stage7_active_weight_sum": NaN,
          "wall_stage7_active_weight_mean": NaN,
          "wall_stage7_delta_q_raw_p50": NaN,
          "wall_stage7_delta_q_raw_p99": NaN,
          "wall_stage7_delta_q_raw_max": NaN,
          "wall_stage7_delta_q_limited_p50": NaN,
          "wall_stage7_delta_q_limited_p99": NaN,
          "wall_stage7_delta_q_limited_max": NaN,
          "wall_stage7_denom_min": NaN,
          "wall_stage7_denom_p50": NaN,
          "wall_stage7_limiter_reason_sum": NaN,
          "wall_stage7_limiter_reason_max": NaN,
          "wall_stage7_normal_path_count": 0,
          "wall_stage7_normal_limiter_count": 0,
          "wall_stage7_active_path_count": 0,
          "wall_stage7_active_limiter_count": 0,
          "wall_stage7_actual_cos_p50": NaN,
          "wall_stage7_target_cos_p50": NaN,
          "wall_stage7_write_candidate_min": NaN,
          "wall_stage7_write_candidate_max": NaN,
          "wall_stage7_write_minus_profile_min": NaN,
          "wall_stage7_write_minus_profile_max": NaN,
          "wall_stage8_active_weight_sum": 6047.886268550422,
          "wall_stage8_active_weight_mean": 0.004052608693806805,
          "wall_stage8_normal_grad_raw_p50": 0.0,
          "wall_stage8_normal_grad_target_p50": 0.0,
          "wall_stage8_contact_residual_mean": 0.0013646604475390054,
          "wall_stage8_contact_residual_p50": 0.0,
          "wall_stage8_contact_residual_p99": 0.016439641456271303,
          "wall_stage8_tangent_grad_mag_p50": 0.0,
          "wall_stage8_target_cos_p50": 0.0,
          "wall_stage8_grad_write_delta_mag_p50": 0.0,
          "wall_stage8_grad_write_delta_mag_max": 0.01867903709264271,
          "wall_stage8_limiter_reason_sum": 4437760.0,
          "wall_stage8_limiter_reason_max": 28.0,
          "wall_stage8_limiter_nonzero_count": 1484720,
          "wall_stage8_active_count": 7624,
          "wall_stage8_delta_limiter_count": 0,
          "wall_stage8_normal_limiter_count": 0,
          "wall_stage8_normal_limiter_fraction": 0.0,
          "wall_stage8_vector_limiter_count": 0,
          "wall_stage8_vector_limiter_fraction": 0.0,
          "wall_stage8_missing_wall_data_count": 1414592,
          "wall_stage8_normal_low_agreement_count": 0,
          "wall_stage8_local_wall_angle_wall_p50": 1.5707963267948966,
          "wall_stage8_local_wall_angle_wall_min": 0.4363323129985824,
          "wall_stage8_local_wall_angle_wall_max": 1.5707963267948966,
          "wall_stage8_local_wall_normal_mag_wall_p50": 1.0,
          "wall_stage8_fluid_wall_angle_p50": 0.0,
          "wall_stage8_fluid_wall_angle_min": 0.0,
          "wall_stage8_fluid_wall_angle_max": 1.570796326794897,
          "wall_stage8_fluid_wall_normal_mag_p50": 0.0,
          "wall_stage8_fluid_wall_data_count_p50": 0.0,
          "wall_stage8_fluid_wall_data_count_p05": 0.0,
          "wall_stage8_grad_candidate_use_sum": 7624.0,
          "wall_stage8_grad_candidate_mag_p50": 3.560892586844084e-10,
          "wall_stage8_grad_candidate_mag_max": 0.18055750779162003,
          "wall_stage8_normal_agreement_p05": 0.0,
          "wall_stage8_normal_agreement_p50": 0.0,
          "wall_stage8_used_geom_normal_sum": 77752.0,
          "wall_stage8_data_fluid_count": 77752,
          "wall_stage8_active_fluid_count": 7624,
          "wall_stage8_fluid_wall_angle_data_p50": 1.5707963267948968,
          "wall_stage8_fluid_wall_angle_active_p50": 0.43633231299858244,
          "wall_stage8_fluid_wall_data_count_data_p50": 9.0,
          "wall_stage8_fluid_wall_data_count_active_p50": 9.0,
          "wall_stage8_normal_agreement_data_p05": 1.0,
          "wall_stage8_normal_agreement_data_p50": 1.0,
          "wall_stage8_normal_agreement_active_p05": 1.0,
          "wall_stage8_normal_agreement_active_p50": 1.0,
          "wall_stage8_used_geom_normal_data_sum": 77752.0,
          "wall_stage8_used_geom_normal_active_sum": 7624.0,
          "wall_stage8_grad_write_delta_mag_active_p50": 0.005466805151434321,
          "wall_stage8_grad_write_delta_mag_active_max": 0.01867903709264271,
          "wall_stage8_contact_residual_active_p99": 0.0661795842928874,
          "wall_stage8_normal_delta_raw_active_p99": -0.00016178692003243581,
          "wall_stage8_normal_delta_limited_active_p99": -1.2724671849748054e-07,
          "wall_stage8_vector_delta_raw_active_p99": 0.01853797082302143,
          "wall_stage8_vector_delta_limited_active_p99": 0.01853797082302143,
          "wall_stage8_limiter_ratio_active_p50": 1.0,
          "max_mach": 5.071554388819309e-06,
          "nonfinite_total": 0,
          "path_counts": "{\"2\": 64136, \"5\": 16384}"
        },
        {
          "case_id": "cap_theta030_wall025_mode1",
          "step": 1000,
          "init_theta_deg": 30.0,
          "wall_rad_angle_deg": null,
          "angle_apparent_deg": 29.48717697042463,
          "angle_error_vs_init_deg": -0.5128230295753688,
          "angle_error_vs_wall_rad_deg": NaN,
          "fit_point_count": 128,
          "phase_fluid_sum": 52519.90675598333,
          "phase_fluid_rel_change": -0.0013982421612830846,
          "rho_fluid_sum": 53959.73084922734,
          "rho_fluid_rel_change": -0.0013596240807948363,
          "phase_fluid_min": 6.205994288386022e-15,
          "phase_fluid_max": 0.9997660818308156,
          "wall_phase_pred_min": NaN,
          "wall_phase_pred_max": NaN,
          "wall_phase_raw_min": NaN,
          "wall_phase_raw_max": NaN,
          "wall_phase_profile_max": NaN,
          "wall_phase_signed_profile_max": NaN,
          "wall_phase_signed_min": NaN,
          "wall_phase_signed_max": NaN,
          "wall_signed_logit_shift_max": NaN,
          "wall_contact_residual_mean": NaN,
          "wall_contact_residual_min": NaN,
          "wall_contact_residual_max": NaN,
          "wall_signed_normal_grad_mean": NaN,
          "wall_tangent_grad_mag_mean": NaN,
          "wall_signed_delta_q_min": NaN,
          "wall_signed_delta_q_max": NaN,
          "wall_signed_q_clipped_sum": NaN,
          "wall_stage7_active_weight_sum": NaN,
          "wall_stage7_active_weight_mean": NaN,
          "wall_stage7_delta_q_raw_p50": NaN,
          "wall_stage7_delta_q_raw_p99": NaN,
          "wall_stage7_delta_q_raw_max": NaN,
          "wall_stage7_delta_q_limited_p50": NaN,
          "wall_stage7_delta_q_limited_p99": NaN,
          "wall_stage7_delta_q_limited_max": NaN,
          "wall_stage7_denom_min": NaN,
          "wall_stage7_denom_p50": NaN,
          "wall_stage7_limiter_reason_sum": NaN,
          "wall_stage7_limiter_reason_max": NaN,
          "wall_stage7_normal_path_count": 0,
          "wall_stage7_normal_limiter_count": 0,
          "wall_stage7_active_path_count": 0,
          "wall_stage7_active_limiter_count": 0,
          "wall_stage7_actual_cos_p50": NaN,
          "wall_stage7_target_cos_p50": NaN,
          "wall_stage7_write_candidate_min": NaN,
          "wall_stage7_write_candidate_max": NaN,
          "wall_stage7_write_minus_profile_min": NaN,
          "wall_stage7_write_minus_profile_max": NaN,
          "wall_stage8_active_weight_sum": 6060.240483105303,
          "wall_stage8_active_weight_mean": 0.004060887089776421,
          "wall_stage8_normal_grad_raw_p50": 0.0,
          "wall_stage8_normal_grad_target_p50": 0.0,
          "wall_stage8_contact_residual_mean": 0.0013382059925048056,
          "wall_stage8_contact_residual_p50": 0.0,
          "wall_stage8_contact_residual_p99": 0.015672174890128128,
          "wall_stage8_tangent_grad_mag_p50": 0.0,
          "wall_stage8_target_cos_p50": 0.0,
          "wall_stage8_grad_write_delta_mag_p50": 0.0,
          "wall_stage8_grad_write_delta_mag_max": 0.018182722061958295,
          "wall_stage8_limiter_reason_sum": 4437376.0,
          "wall_stage8_limiter_reason_max": 28.0,
          "wall_stage8_limiter_nonzero_count": 1484688,
          "wall_stage8_active_count": 7656,
          "wall_stage8_delta_limiter_count": 0,
          "wall_stage8_normal_limiter_count": 0,
          "wall_stage8_normal_limiter_fraction": 0.0,
          "wall_stage8_vector_limiter_count": 0,
          "wall_stage8_vector_limiter_fraction": 0.0,
          "wall_stage8_missing_wall_data_count": 1414592,
          "wall_stage8_normal_low_agreement_count": 0,
          "wall_stage8_local_wall_angle_wall_p50": 1.5707963267948966,
          "wall_stage8_local_wall_angle_wall_min": 0.4363323129985824,
          "wall_stage8_local_wall_angle_wall_max": 1.5707963267948966,
          "wall_stage8_local_wall_normal_mag_wall_p50": 1.0,
          "wall_stage8_fluid_wall_angle_p50": 0.0,
          "wall_stage8_fluid_wall_angle_min": 0.0,
          "wall_stage8_fluid_wall_angle_max": 1.570796326794897,
          "wall_stage8_fluid_wall_normal_mag_p50": 0.0,
          "wall_stage8_fluid_wall_data_count_p50": 0.0,
          "wall_stage8_fluid_wall_data_count_p05": 0.0,
          "wall_stage8_grad_candidate_use_sum": 7656.0,
          "wall_stage8_grad_candidate_mag_p50": 3.7103563777177065e-10,
          "wall_stage8_grad_candidate_mag_max": 0.18017034697590545,
          "wall_stage8_normal_agreement_p05": 0.0,
          "wall_stage8_normal_agreement_p50": 0.0,
          "wall_stage8_used_geom_normal_sum": 77752.0,
          "wall_stage8_data_fluid_count": 77752,
          "wall_stage8_active_fluid_count": 7656,
          "wall_stage8_fluid_wall_angle_data_p50": 1.5707963267948968,
          "wall_stage8_fluid_wall_angle_active_p50": 0.43633231299858244,
          "wall_stage8_fluid_wall_data_count_data_p50": 9.0,
          "wall_stage8_fluid_wall_data_count_active_p50": 9.0,
          "wall_stage8_normal_agreement_data_p05": 1.0,
          "wall_stage8_normal_agreement_data_p50": 1.0,
          "wall_stage8_normal_agreement_active_p05": 1.0,
          "wall_stage8_normal_agreement_active_p50": 1.0,
          "wall_stage8_used_geom_normal_data_sum": 77752.0,
          "wall_stage8_used_geom_normal_active_sum": 7656.0,
          "wall_stage8_grad_write_delta_mag_active_p50": 0.005306689632081691,
          "wall_stage8_grad_write_delta_mag_active_max": 0.018182722061958295,
          "wall_stage8_contact_residual_active_p99": 0.06481602150001409,
          "wall_stage8_normal_delta_raw_active_p99": -0.0001420375267418697,
          "wall_stage8_normal_delta_limited_active_p99": -6.917313651857517e-08,
          "wall_stage8_vector_delta_raw_active_p99": 0.018044713640583288,
          "wall_stage8_vector_delta_limited_active_p99": 0.018044713640583288,
          "wall_stage8_limiter_ratio_active_p50": 1.0,
          "max_mach": 5.042724225605722e-06,
          "nonfinite_total": 0,
          "path_counts": "{\"2\": 64136, \"5\": 16384}"
        }
      ],
      "claim_limit": "flat-wall runtime sanity/contact-response diagnostic only"
    }
  ],
  "claim_limit": "flat-wall runtime sanity/contact-response diagnostic only"
}
