MPMD: TCLB: local:0/1 work:0/1 ---  connected to:
[  ]    ---- : Using std::chrono::steady_clock::now() for walltime
[  ]    #### : -------------------------------------------------------------------------
[  ]    #### : -  CLB version:                   ded67cd                               -
[  ]    #### : -        Model: d3q27_pf_velocity_q27_geometric                               -
[  ]    #### : -------------------------------------------------------------------------
[  ]    #### : Setting output path to: case
[  ]    ---- : Discarding 1 comments
[ 0]    ---- : Selecting device 0/1
[  ]    ---- :   Threads  |      Action
[  ]    ==== :    32x4    | BorderExecutor<(eOperationType)0, (eCalculateGlobals)0, (eStage)0> --- Reduced from maximum 1024
[  ]    ==== :    32x4    | BorderExecutor<(eOperationType)0, (eCalculateGlobals)0, (eStage)1> --- Reduced from maximum 384
[  ]    ==== :    32x4    | BorderExecutor<(eOperationType)0, (eCalculateGlobals)0, (eStage)2> --- Reduced from maximum 384
[  ]    ==== :    32x4    | BorderExecutor<(eOperationType)0, (eCalculateGlobals)0, (eStage)3> --- Reduced from maximum 256
[  ]    ==== :    32x4    | BorderExecutor<(eOperationType)0, (eCalculateGlobals)0, (eStage)4> --- Reduced from maximum 1024
[  ]    ==== :    32x4    | BorderExecutor<(eOperationType)0, (eCalculateGlobals)0, (eStage)5> --- Reduced from maximum 512
[  ]    ==== :    32x4    | BorderExecutor<(eOperationType)0, (eCalculateGlobals)0, (eStage)6> --- Reduced from maximum 1024
[  ]    ==== :    32x4    | BorderExecutor<(eOperationType)0, (eCalculateGlobals)0, (eStage)7> --- Reduced from maximum 640
[  ]    ==== :    32x4    | BorderExecutor<(eOperationType)0, (eCalculateGlobals)0, (eStage)8> --- Reduced from maximum 640
[  ]    ==== :    32x4    | BorderExecutor<(eOperationType)0, (eCalculateGlobals)0, (eStage)9> --- Reduced from maximum 1024
[  ]    ==== :    32x4    | BorderExecutor<(eOperationType)0, (eCalculateGlobals)1, (eStage)0> --- Reduced from maximum 896
[  ]    ==== :    32x4    | BorderExecutor<(eOperationType)0, (eCalculateGlobals)1, (eStage)1> --- Reduced from maximum 384
[  ]    ==== :    32x4    | BorderExecutor<(eOperationType)0, (eCalculateGlobals)1, (eStage)2> --- Reduced from maximum 256
[  ]    ==== :    32x4    | BorderExecutor<(eOperationType)0, (eCalculateGlobals)1, (eStage)3> --- Reduced from maximum 256
[  ]    ==== :    32x4    | BorderExecutor<(eOperationType)0, (eCalculateGlobals)1, (eStage)4> --- Reduced from maximum 1024
[  ]    ==== :    32x4    | BorderExecutor<(eOperationType)0, (eCalculateGlobals)1, (eStage)5> --- Reduced from maximum 512
[  ]    ==== :    32x4    | BorderExecutor<(eOperationType)0, (eCalculateGlobals)1, (eStage)6> --- Reduced from maximum 1024
[  ]    ==== :    32x4    | BorderExecutor<(eOperationType)0, (eCalculateGlobals)1, (eStage)7> --- Reduced from maximum 640
[  ]    ==== :    32x4    | BorderExecutor<(eOperationType)0, (eCalculateGlobals)1, (eStage)8> --- Reduced from maximum 640
[  ]    ==== :    32x4    | BorderExecutor<(eOperationType)0, (eCalculateGlobals)1, (eStage)9> --- Reduced from maximum 1024
[  ]    ==== :    32x4    | BorderExecutor<(eOperationType)0, (eCalculateGlobals)2, (eStage)0> --- Reduced from maximum 1024
[  ]    ==== :    32x4    | BorderExecutor<(eOperationType)0, (eCalculateGlobals)2, (eStage)1> --- Reduced from maximum 1024
[  ]    ==== :    32x4    | BorderExecutor<(eOperationType)0, (eCalculateGlobals)2, (eStage)2> --- Reduced from maximum 1024
[  ]    ==== :    32x4    | BorderExecutor<(eOperationType)0, (eCalculateGlobals)2, (eStage)3> --- Reduced from maximum 1024
[  ]    ==== :    32x4    | BorderExecutor<(eOperationType)0, (eCalculateGlobals)2, (eStage)4> --- Reduced from maximum 1024
[  ]    ==== :    32x4    | BorderExecutor<(eOperationType)0, (eCalculateGlobals)2, (eStage)5> --- Reduced from maximum 1024
[  ]    ==== :    32x4    | BorderExecutor<(eOperationType)0, (eCalculateGlobals)2, (eStage)6> --- Reduced from maximum 1024
[  ]    ==== :    32x4    | BorderExecutor<(eOperationType)0, (eCalculateGlobals)2, (eStage)7> --- Reduced from maximum 1024
[  ]    ==== :    32x4    | BorderExecutor<(eOperationType)0, (eCalculateGlobals)2, (eStage)8> --- Reduced from maximum 1024
[  ]    ==== :    32x4    | BorderExecutor<(eOperationType)0, (eCalculateGlobals)2, (eStage)9> --- Reduced from maximum 1024
[  ]    ==== :    32x4    | BorderExecutor<(eOperationType)1, (eCalculateGlobals)0, (eStage)0> --- Reduced from maximum 1024
[  ]    ==== :    32x4    | BorderExecutor<(eOperationType)1, (eCalculateGlobals)0, (eStage)1> --- Reduced from maximum 1024
[  ]    ==== :    32x4    | BorderExecutor<(eOperationType)1, (eCalculateGlobals)0, (eStage)2> --- Reduced from maximum 1024
[  ]    ==== :    32x4    | BorderExecutor<(eOperationType)1, (eCalculateGlobals)0, (eStage)3> --- Reduced from maximum 1024
[  ]    ==== :    32x4    | BorderExecutor<(eOperationType)1, (eCalculateGlobals)0, (eStage)4> --- Reduced from maximum 1024
[  ]    ==== :    32x4    | BorderExecutor<(eOperationType)1, (eCalculateGlobals)0, (eStage)5> --- Reduced from maximum 1024
[  ]    ==== :    32x4    | BorderExecutor<(eOperationType)1, (eCalculateGlobals)0, (eStage)6> --- Reduced from maximum 1024
[  ]    ==== :    32x4    | BorderExecutor<(eOperationType)1, (eCalculateGlobals)0, (eStage)7> --- Reduced from maximum 1024
[  ]    ==== :    32x4    | BorderExecutor<(eOperationType)1, (eCalculateGlobals)0, (eStage)8> --- Reduced from maximum 1024
[  ]    ==== :    32x4    | BorderExecutor<(eOperationType)1, (eCalculateGlobals)0, (eStage)9> --- Reduced from maximum 1024
[  ]    ==== :    32x4    | BorderExecutor<(eOperationType)1, (eCalculateGlobals)1, (eStage)0> --- Reduced from maximum 1024
[  ]    ==== :    32x4    | BorderExecutor<(eOperationType)1, (eCalculateGlobals)1, (eStage)1> --- Reduced from maximum 1024
[  ]    ==== :    32x4    | BorderExecutor<(eOperationType)1, (eCalculateGlobals)1, (eStage)2> --- Reduced from maximum 1024
[  ]    ==== :    32x4    | BorderExecutor<(eOperationType)1, (eCalculateGlobals)1, (eStage)3> --- Reduced from maximum 1024
[  ]    ==== :    32x4    | BorderExecutor<(eOperationType)1, (eCalculateGlobals)1, (eStage)4> --- Reduced from maximum 1024
[  ]    ==== :    32x4    | BorderExecutor<(eOperationType)1, (eCalculateGlobals)1, (eStage)5> --- Reduced from maximum 1024
[  ]    ==== :    32x4    | BorderExecutor<(eOperationType)1, (eCalculateGlobals)1, (eStage)6> --- Reduced from maximum 1024
[  ]    ==== :    32x4    | BorderExecutor<(eOperationType)1, (eCalculateGlobals)1, (eStage)7> --- Reduced from maximum 1024
[  ]    ==== :    32x4    | BorderExecutor<(eOperationType)1, (eCalculateGlobals)1, (eStage)8> --- Reduced from maximum 1024
[  ]    ==== :    32x4    | BorderExecutor<(eOperationType)1, (eCalculateGlobals)1, (eStage)9> --- Reduced from maximum 1024
[  ]    ==== :    32x4    | BorderExecutor<(eOperationType)1, (eCalculateGlobals)2, (eStage)0> --- Reduced from maximum 1024
[  ]    ==== :    32x4    | BorderExecutor<(eOperationType)1, (eCalculateGlobals)2, (eStage)1> --- Reduced from maximum 1024
[  ]    ==== :    32x4    | BorderExecutor<(eOperationType)1, (eCalculateGlobals)2, (eStage)2> --- Reduced from maximum 1024
[  ]    ==== :    32x4    | BorderExecutor<(eOperationType)1, (eCalculateGlobals)2, (eStage)3> --- Reduced from maximum 1024
[  ]    ==== :    32x4    | BorderExecutor<(eOperationType)1, (eCalculateGlobals)2, (eStage)4> --- Reduced from maximum 1024
[  ]    ==== :    32x4    | BorderExecutor<(eOperationType)1, (eCalculateGlobals)2, (eStage)5> --- Reduced from maximum 1024
[  ]    ==== :    32x4    | BorderExecutor<(eOperationType)1, (eCalculateGlobals)2, (eStage)6> --- Reduced from maximum 1024
[  ]    ==== :    32x4    | BorderExecutor<(eOperationType)1, (eCalculateGlobals)2, (eStage)7> --- Reduced from maximum 1024
[  ]    ==== :    32x4    | BorderExecutor<(eOperationType)1, (eCalculateGlobals)2, (eStage)8> --- Reduced from maximum 1024
[  ]    ==== :    32x4    | BorderExecutor<(eOperationType)1, (eCalculateGlobals)2, (eStage)9> --- Reduced from maximum 1024
[  ]    ==== :    32x4    | BorderExecutor<(eOperationType)3, (eCalculateGlobals)0, (eStage)0> --- Reduced from maximum 1024
[  ]    ==== :    32x4    | BorderExecutor<(eOperationType)3, (eCalculateGlobals)0, (eStage)1> --- Reduced from maximum 1024
[  ]    ==== :    32x4    | BorderExecutor<(eOperationType)3, (eCalculateGlobals)0, (eStage)2> --- Reduced from maximum 1024
[  ]    ==== :    32x4    | BorderExecutor<(eOperationType)3, (eCalculateGlobals)0, (eStage)3> --- Reduced from maximum 1024
[  ]    ==== :    32x4    | BorderExecutor<(eOperationType)3, (eCalculateGlobals)0, (eStage)4> --- Reduced from maximum 1024
[  ]    ==== :    32x4    | BorderExecutor<(eOperationType)3, (eCalculateGlobals)0, (eStage)5> --- Reduced from maximum 1024
[  ]    ==== :    32x4    | BorderExecutor<(eOperationType)3, (eCalculateGlobals)0, (eStage)6> --- Reduced from maximum 1024
[  ]    ==== :    32x4    | BorderExecutor<(eOperationType)3, (eCalculateGlobals)0, (eStage)7> --- Reduced from maximum 1024
[  ]    ==== :    32x4    | BorderExecutor<(eOperationType)3, (eCalculateGlobals)0, (eStage)8> --- Reduced from maximum 1024
[  ]    ==== :    32x4    | BorderExecutor<(eOperationType)3, (eCalculateGlobals)0, (eStage)9> --- Reduced from maximum 1024
[  ]    ==== :    32x4    | BorderExecutor<(eOperationType)3, (eCalculateGlobals)1, (eStage)0> --- Reduced from maximum 1024
[  ]    ==== :    32x4    | BorderExecutor<(eOperationType)3, (eCalculateGlobals)1, (eStage)1> --- Reduced from maximum 1024
[  ]    ==== :    32x4    | BorderExecutor<(eOperationType)3, (eCalculateGlobals)1, (eStage)2> --- Reduced from maximum 1024
[  ]    ==== :    32x4    | BorderExecutor<(eOperationType)3, (eCalculateGlobals)1, (eStage)3> --- Reduced from maximum 1024
[  ]    ==== :    32x4    | BorderExecutor<(eOperationType)3, (eCalculateGlobals)1, (eStage)4> --- Reduced from maximum 1024
[  ]    ==== :    32x4    | BorderExecutor<(eOperationType)3, (eCalculateGlobals)1, (eStage)5> --- Reduced from maximum 1024
[  ]    ==== :    32x4    | BorderExecutor<(eOperationType)3, (eCalculateGlobals)1, (eStage)6> --- Reduced from maximum 1024
[  ]    ==== :    32x4    | BorderExecutor<(eOperationType)3, (eCalculateGlobals)1, (eStage)7> --- Reduced from maximum 1024
[  ]    ==== :    32x4    | BorderExecutor<(eOperationType)3, (eCalculateGlobals)1, (eStage)8> --- Reduced from maximum 1024
[  ]    ==== :    32x4    | BorderExecutor<(eOperationType)3, (eCalculateGlobals)1, (eStage)9> --- Reduced from maximum 1024
[  ]    ==== :    32x4    | BorderExecutor<(eOperationType)3, (eCalculateGlobals)2, (eStage)0> --- Reduced from maximum 1024
[  ]    ==== :    32x4    | BorderExecutor<(eOperationType)3, (eCalculateGlobals)2, (eStage)1> --- Reduced from maximum 1024
[  ]    ==== :    32x4    | BorderExecutor<(eOperationType)3, (eCalculateGlobals)2, (eStage)2> --- Reduced from maximum 1024
[  ]    ==== :    32x4    | BorderExecutor<(eOperationType)3, (eCalculateGlobals)2, (eStage)3> --- Reduced from maximum 1024
[  ]    ==== :    32x4    | BorderExecutor<(eOperationType)3, (eCalculateGlobals)2, (eStage)4> --- Reduced from maximum 1024
[  ]    ==== :    32x4    | BorderExecutor<(eOperationType)3, (eCalculateGlobals)2, (eStage)5> --- Reduced from maximum 1024
[  ]    ==== :    32x4    | BorderExecutor<(eOperationType)3, (eCalculateGlobals)2, (eStage)6> --- Reduced from maximum 1024
[  ]    ==== :    32x4    | BorderExecutor<(eOperationType)3, (eCalculateGlobals)2, (eStage)7> --- Reduced from maximum 1024
[  ]    ==== :    32x4    | BorderExecutor<(eOperationType)3, (eCalculateGlobals)2, (eStage)8> --- Reduced from maximum 1024
[  ]    ==== :    32x4    | BorderExecutor<(eOperationType)3, (eCalculateGlobals)2, (eStage)9> --- Reduced from maximum 1024
[  ]    ==== :    32x4    | BorderExecutor<(eOperationType)4, (eCalculateGlobals)0, (eStage)0> --- Reduced from maximum 1024
[  ]    ==== :    32x4    | BorderExecutor<(eOperationType)4, (eCalculateGlobals)0, (eStage)1> --- Reduced from maximum 1024
[  ]    ==== :    32x4    | BorderExecutor<(eOperationType)4, (eCalculateGlobals)0, (eStage)2> --- Reduced from maximum 1024
[  ]    ==== :    32x4    | BorderExecutor<(eOperationType)4, (eCalculateGlobals)0, (eStage)3> --- Reduced from maximum 1024
[  ]    ==== :    32x4    | BorderExecutor<(eOperationType)4, (eCalculateGlobals)0, (eStage)4> --- Reduced from maximum 1024
[  ]    ==== :    32x4    | BorderExecutor<(eOperationType)4, (eCalculateGlobals)0, (eStage)5> --- Reduced from maximum 1024
[  ]    ==== :    32x4    | BorderExecutor<(eOperationType)4, (eCalculateGlobals)0, (eStage)6> --- Reduced from maximum 1024
[  ]    ==== :    32x4    | BorderExecutor<(eOperationType)4, (eCalculateGlobals)0, (eStage)7> --- Reduced from maximum 1024
[  ]    ==== :    32x4    | BorderExecutor<(eOperationType)4, (eCalculateGlobals)0, (eStage)8> --- Reduced from maximum 1024
[  ]    ==== :    32x4    | BorderExecutor<(eOperationType)4, (eCalculateGlobals)0, (eStage)9> --- Reduced from maximum 1024
[  ]    ==== :    32x4    | BorderExecutor<(eOperationType)4, (eCalculateGlobals)1, (eStage)0> --- Reduced from maximum 1024
[  ]    ==== :    32x4    | BorderExecutor<(eOperationType)4, (eCalculateGlobals)1, (eStage)1> --- Reduced from maximum 1024
[  ]    ==== :    32x4    | BorderExecutor<(eOperationType)4, (eCalculateGlobals)1, (eStage)2> --- Reduced from maximum 1024
[  ]    ==== :    32x4    | BorderExecutor<(eOperationType)4, (eCalculateGlobals)1, (eStage)3> --- Reduced from maximum 1024
[  ]    ==== :    32x4    | BorderExecutor<(eOperationType)4, (eCalculateGlobals)1, (eStage)4> --- Reduced from maximum 1024
[  ]    ==== :    32x4    | BorderExecutor<(eOperationType)4, (eCalculateGlobals)1, (eStage)5> --- Reduced from maximum 1024
[  ]    ==== :    32x4    | BorderExecutor<(eOperationType)4, (eCalculateGlobals)1, (eStage)6> --- Reduced from maximum 1024
[  ]    ==== :    32x4    | BorderExecutor<(eOperationType)4, (eCalculateGlobals)1, (eStage)7> --- Reduced from maximum 1024
[  ]    ==== :    32x4    | BorderExecutor<(eOperationType)4, (eCalculateGlobals)1, (eStage)8> --- Reduced from maximum 1024
[  ]    ==== :    32x4    | BorderExecutor<(eOperationType)4, (eCalculateGlobals)1, (eStage)9> --- Reduced from maximum 1024
[  ]    ==== :    32x4    | BorderExecutor<(eOperationType)4, (eCalculateGlobals)2, (eStage)0> --- Reduced from maximum 1024
[  ]    ==== :    32x4    | BorderExecutor<(eOperationType)4, (eCalculateGlobals)2, (eStage)1> --- Reduced from maximum 1024
[  ]    ==== :    32x4    | BorderExecutor<(eOperationType)4, (eCalculateGlobals)2, (eStage)2> --- Reduced from maximum 1024
[  ]    ==== :    32x4    | BorderExecutor<(eOperationType)4, (eCalculateGlobals)2, (eStage)3> --- Reduced from maximum 1024
[  ]    ==== :    32x4    | BorderExecutor<(eOperationType)4, (eCalculateGlobals)2, (eStage)4> --- Reduced from maximum 1024
[  ]    ==== :    32x4    | BorderExecutor<(eOperationType)4, (eCalculateGlobals)2, (eStage)5> --- Reduced from maximum 1024
[  ]    ==== :    32x4    | BorderExecutor<(eOperationType)4, (eCalculateGlobals)2, (eStage)6> --- Reduced from maximum 1024
[  ]    ==== :    32x4    | BorderExecutor<(eOperationType)4, (eCalculateGlobals)2, (eStage)7> --- Reduced from maximum 1024
[  ]    ==== :    32x4    | BorderExecutor<(eOperationType)4, (eCalculateGlobals)2, (eStage)8> --- Reduced from maximum 1024
[  ]    ==== :    32x4    | BorderExecutor<(eOperationType)4, (eCalculateGlobals)2, (eStage)9> --- Reduced from maximum 1024
[  ]    ==== :    32x4    | InteriorExecutor<(eOperationType)0, (eCalculateGlobals)0, (eStage)0> --- Reduced from maximum 1024
[  ]    ==== :    32x4    | InteriorExecutor<(eOperationType)0, (eCalculateGlobals)0, (eStage)1> --- Reduced from maximum 640
[  ]    ==== :    32x4    | InteriorExecutor<(eOperationType)0, (eCalculateGlobals)0, (eStage)2> --- Reduced from maximum 384
[  ]    ==== :    32x4    | InteriorExecutor<(eOperationType)0, (eCalculateGlobals)0, (eStage)3> --- Reduced from maximum 256
[  ]    ==== :    32x4    | InteriorExecutor<(eOperationType)0, (eCalculateGlobals)0, (eStage)4> --- Reduced from maximum 1024
[  ]    ==== :    32x4    | InteriorExecutor<(eOperationType)0, (eCalculateGlobals)0, (eStage)5> --- Reduced from maximum 640
[  ]    ==== :    32x4    | InteriorExecutor<(eOperationType)0, (eCalculateGlobals)0, (eStage)6> --- Reduced from maximum 1024
[  ]    ==== :    32x4    | InteriorExecutor<(eOperationType)0, (eCalculateGlobals)0, (eStage)7> --- Reduced from maximum 1024
[  ]    ==== :    32x4    | InteriorExecutor<(eOperationType)0, (eCalculateGlobals)0, (eStage)8> --- Reduced from maximum 1024
[  ]    ==== :    32x4    | InteriorExecutor<(eOperationType)0, (eCalculateGlobals)0, (eStage)9> --- Reduced from maximum 1024
[  ]    ==== :    32x4    | InteriorExecutor<(eOperationType)0, (eCalculateGlobals)1, (eStage)0> --- Reduced from maximum 1024
[  ]    ==== :    32x4    | InteriorExecutor<(eOperationType)0, (eCalculateGlobals)1, (eStage)1> --- Reduced from maximum 256
[  ]    ==== :    32x4    | InteriorExecutor<(eOperationType)0, (eCalculateGlobals)1, (eStage)2> --- Reduced from maximum 256
[  ]    ==== :    32x4    | InteriorExecutor<(eOperationType)0, (eCalculateGlobals)1, (eStage)3> --- Reduced from maximum 256
[  ]    ==== :    32x4    | InteriorExecutor<(eOperationType)0, (eCalculateGlobals)1, (eStage)4> --- Reduced from maximum 1024
[  ]    ==== :    32x4    | InteriorExecutor<(eOperationType)0, (eCalculateGlobals)1, (eStage)5> --- Reduced from maximum 768
[  ]    ==== :    32x4    | InteriorExecutor<(eOperationType)0, (eCalculateGlobals)1, (eStage)6> --- Reduced from maximum 1024
[  ]    ==== :    32x4    | InteriorExecutor<(eOperationType)0, (eCalculateGlobals)1, (eStage)7> --- Reduced from maximum 1024
[  ]    ==== :    32x4    | InteriorExecutor<(eOperationType)0, (eCalculateGlobals)1, (eStage)8> --- Reduced from maximum 896
[  ]    ==== :    32x4    | InteriorExecutor<(eOperationType)0, (eCalculateGlobals)1, (eStage)9> --- Reduced from maximum 1024
[  ]    ==== :    32x4    | InteriorExecutor<(eOperationType)0, (eCalculateGlobals)2, (eStage)0> --- Reduced from maximum 1024
[  ]    ==== :    32x4    | InteriorExecutor<(eOperationType)0, (eCalculateGlobals)2, (eStage)1> --- Reduced from maximum 1024
[  ]    ==== :    32x4    | InteriorExecutor<(eOperationType)0, (eCalculateGlobals)2, (eStage)2> --- Reduced from maximum 1024
[  ]    ==== :    32x4    | InteriorExecutor<(eOperationType)0, (eCalculateGlobals)2, (eStage)3> --- Reduced from maximum 1024
[  ]    ==== :    32x4    | InteriorExecutor<(eOperationType)0, (eCalculateGlobals)2, (eStage)4> --- Reduced from maximum 1024
[  ]    ==== :    32x4    | InteriorExecutor<(eOperationType)0, (eCalculateGlobals)2, (eStage)5> --- Reduced from maximum 1024
[  ]    ==== :    32x4    | InteriorExecutor<(eOperationType)0, (eCalculateGlobals)2, (eStage)6> --- Reduced from maximum 1024
[  ]    ==== :    32x4    | InteriorExecutor<(eOperationType)0, (eCalculateGlobals)2, (eStage)7> --- Reduced from maximum 1024
[  ]    ==== :    32x4    | InteriorExecutor<(eOperationType)0, (eCalculateGlobals)2, (eStage)8> --- Reduced from maximum 1024
[  ]    ==== :    32x4    | InteriorExecutor<(eOperationType)0, (eCalculateGlobals)2, (eStage)9> --- Reduced from maximum 1024
[  ]    ==== :    32x4    | InteriorExecutor<(eOperationType)1, (eCalculateGlobals)0, (eStage)0> --- Reduced from maximum 1024
[  ]    ==== :    32x4    | InteriorExecutor<(eOperationType)1, (eCalculateGlobals)0, (eStage)1> --- Reduced from maximum 1024
[  ]    ==== :    32x4    | InteriorExecutor<(eOperationType)1, (eCalculateGlobals)0, (eStage)2> --- Reduced from maximum 1024
[  ]    ==== :    32x4    | InteriorExecutor<(eOperationType)1, (eCalculateGlobals)0, (eStage)3> --- Reduced from maximum 1024
[  ]    ==== :    32x4    | InteriorExecutor<(eOperationType)1, (eCalculateGlobals)0, (eStage)4> --- Reduced from maximum 1024
[  ]    ==== :    32x4    | InteriorExecutor<(eOperationType)1, (eCalculateGlobals)0, (eStage)5> --- Reduced from maximum 1024
[  ]    ==== :    32x4    | InteriorExecutor<(eOperationType)1, (eCalculateGlobals)0, (eStage)6> --- Reduced from maximum 1024
[  ]    ==== :    32x4    | InteriorExecutor<(eOperationType)1, (eCalculateGlobals)0, (eStage)7> --- Reduced from maximum 1024
[  ]    ==== :    32x4    | InteriorExecutor<(eOperationType)1, (eCalculateGlobals)0, (eStage)8> --- Reduced from maximum 1024
[  ]    ==== :    32x4    | InteriorExecutor<(eOperationType)1, (eCalculateGlobals)0, (eStage)9> --- Reduced from maximum 1024
[  ]    ==== :    32x4    | InteriorExecutor<(eOperationType)1, (eCalculateGlobals)1, (eStage)0> --- Reduced from maximum 1024
[  ]    ==== :    32x4    | InteriorExecutor<(eOperationType)1, (eCalculateGlobals)1, (eStage)1> --- Reduced from maximum 1024
[  ]    ==== :    32x4    | InteriorExecutor<(eOperationType)1, (eCalculateGlobals)1, (eStage)2> --- Reduced from maximum 1024
[  ]    ==== :    32x4    | InteriorExecutor<(eOperationType)1, (eCalculateGlobals)1, (eStage)3> --- Reduced from maximum 1024
[  ]    ==== :    32x4    | InteriorExecutor<(eOperationType)1, (eCalculateGlobals)1, (eStage)4> --- Reduced from maximum 1024
[  ]    ==== :    32x4    | InteriorExecutor<(eOperationType)1, (eCalculateGlobals)1, (eStage)5> --- Reduced from maximum 1024
[  ]    ==== :    32x4    | InteriorExecutor<(eOperationType)1, (eCalculateGlobals)1, (eStage)6> --- Reduced from maximum 1024
[  ]    ==== :    32x4    | InteriorExecutor<(eOperationType)1, (eCalculateGlobals)1, (eStage)7> --- Reduced from maximum 1024
[  ]    ==== :    32x4    | InteriorExecutor<(eOperationType)1, (eCalculateGlobals)1, (eStage)8> --- Reduced from maximum 1024
[  ]    ==== :    32x4    | InteriorExecutor<(eOperationType)1, (eCalculateGlobals)1, (eStage)9> --- Reduced from maximum 1024
[  ]    ==== :    32x4    | InteriorExecutor<(eOperationType)1, (eCalculateGlobals)2, (eStage)0> --- Reduced from maximum 1024
[  ]    ==== :    32x4    | InteriorExecutor<(eOperationType)1, (eCalculateGlobals)2, (eStage)1> --- Reduced from maximum 1024
[  ]    ==== :    32x4    | InteriorExecutor<(eOperationType)1, (eCalculateGlobals)2, (eStage)2> --- Reduced from maximum 1024
[  ]    ==== :    32x4    | InteriorExecutor<(eOperationType)1, (eCalculateGlobals)2, (eStage)3> --- Reduced from maximum 1024
[  ]    ==== :    32x4    | InteriorExecutor<(eOperationType)1, (eCalculateGlobals)2, (eStage)4> --- Reduced from maximum 1024
[  ]    ==== :    32x4    | InteriorExecutor<(eOperationType)1, (eCalculateGlobals)2, (eStage)5> --- Reduced from maximum 1024
[  ]    ==== :    32x4    | InteriorExecutor<(eOperationType)1, (eCalculateGlobals)2, (eStage)6> --- Reduced from maximum 1024
[  ]    ==== :    32x4    | InteriorExecutor<(eOperationType)1, (eCalculateGlobals)2, (eStage)7> --- Reduced from maximum 1024
[  ]    ==== :    32x4    | InteriorExecutor<(eOperationType)1, (eCalculateGlobals)2, (eStage)8> --- Reduced from maximum 1024
[  ]    ==== :    32x4    | InteriorExecutor<(eOperationType)1, (eCalculateGlobals)2, (eStage)9> --- Reduced from maximum 1024
[  ]    ==== :    32x4    | InteriorExecutor<(eOperationType)3, (eCalculateGlobals)0, (eStage)0> --- Reduced from maximum 1024
[  ]    ==== :    32x4    | InteriorExecutor<(eOperationType)3, (eCalculateGlobals)0, (eStage)1> --- Reduced from maximum 1024
[  ]    ==== :    32x4    | InteriorExecutor<(eOperationType)3, (eCalculateGlobals)0, (eStage)2> --- Reduced from maximum 1024
[  ]    ==== :    32x4    | InteriorExecutor<(eOperationType)3, (eCalculateGlobals)0, (eStage)3> --- Reduced from maximum 1024
[  ]    ==== :    32x4    | InteriorExecutor<(eOperationType)3, (eCalculateGlobals)0, (eStage)4> --- Reduced from maximum 1024
[  ]    ==== :    32x4    | InteriorExecutor<(eOperationType)3, (eCalculateGlobals)0, (eStage)5> --- Reduced from maximum 1024
[  ]    ==== :    32x4    | InteriorExecutor<(eOperationType)3, (eCalculateGlobals)0, (eStage)6> --- Reduced from maximum 1024
[  ]    ==== :    32x4    | InteriorExecutor<(eOperationType)3, (eCalculateGlobals)0, (eStage)7> --- Reduced from maximum 1024
[  ]    ==== :    32x4    | InteriorExecutor<(eOperationType)3, (eCalculateGlobals)0, (eStage)8> --- Reduced from maximum 1024
[  ]    ==== :    32x4    | InteriorExecutor<(eOperationType)3, (eCalculateGlobals)0, (eStage)9> --- Reduced from maximum 1024
[  ]    ==== :    32x4    | InteriorExecutor<(eOperationType)3, (eCalculateGlobals)1, (eStage)0> --- Reduced from maximum 1024
[  ]    ==== :    32x4    | InteriorExecutor<(eOperationType)3, (eCalculateGlobals)1, (eStage)1> --- Reduced from maximum 1024
[  ]    ==== :    32x4    | InteriorExecutor<(eOperationType)3, (eCalculateGlobals)1, (eStage)2> --- Reduced from maximum 1024
[  ]    ==== :    32x4    | InteriorExecutor<(eOperationType)3, (eCalculateGlobals)1, (eStage)3> --- Reduced from maximum 1024
[  ]    ==== :    32x4    | InteriorExecutor<(eOperationType)3, (eCalculateGlobals)1, (eStage)4> --- Reduced from maximum 1024
[  ]    ==== :    32x4    | InteriorExecutor<(eOperationType)3, (eCalculateGlobals)1, (eStage)5> --- Reduced from maximum 1024
[  ]    ==== :    32x4    | InteriorExecutor<(eOperationType)3, (eCalculateGlobals)1, (eStage)6> --- Reduced from maximum 1024
[  ]    ==== :    32x4    | InteriorExecutor<(eOperationType)3, (eCalculateGlobals)1, (eStage)7> --- Reduced from maximum 1024
[  ]    ==== :    32x4    | InteriorExecutor<(eOperationType)3, (eCalculateGlobals)1, (eStage)8> --- Reduced from maximum 1024
[  ]    ==== :    32x4    | InteriorExecutor<(eOperationType)3, (eCalculateGlobals)1, (eStage)9> --- Reduced from maximum 1024
[  ]    ==== :    32x4    | InteriorExecutor<(eOperationType)3, (eCalculateGlobals)2, (eStage)0> --- Reduced from maximum 1024
[  ]    ==== :    32x4    | InteriorExecutor<(eOperationType)3, (eCalculateGlobals)2, (eStage)1> --- Reduced from maximum 1024
[  ]    ==== :    32x4    | InteriorExecutor<(eOperationType)3, (eCalculateGlobals)2, (eStage)2> --- Reduced from maximum 1024
[  ]    ==== :    32x4    | InteriorExecutor<(eOperationType)3, (eCalculateGlobals)2, (eStage)3> --- Reduced from maximum 1024
[  ]    ==== :    32x4    | InteriorExecutor<(eOperationType)3, (eCalculateGlobals)2, (eStage)4> --- Reduced from maximum 1024
[  ]    ==== :    32x4    | InteriorExecutor<(eOperationType)3, (eCalculateGlobals)2, (eStage)5> --- Reduced from maximum 1024
[  ]    ==== :    32x4    | InteriorExecutor<(eOperationType)3, (eCalculateGlobals)2, (eStage)6> --- Reduced from maximum 1024
[  ]    ==== :    32x4    | InteriorExecutor<(eOperationType)3, (eCalculateGlobals)2, (eStage)7> --- Reduced from maximum 1024
[  ]    ==== :    32x4    | InteriorExecutor<(eOperationType)3, (eCalculateGlobals)2, (eStage)8> --- Reduced from maximum 1024
[  ]    ==== :    32x4    | InteriorExecutor<(eOperationType)3, (eCalculateGlobals)2, (eStage)9> --- Reduced from maximum 1024
[  ]    ==== :    32x4    | InteriorExecutor<(eOperationType)4, (eCalculateGlobals)0, (eStage)0> --- Reduced from maximum 1024
[  ]    ==== :    32x4    | InteriorExecutor<(eOperationType)4, (eCalculateGlobals)0, (eStage)1> --- Reduced from maximum 1024
[  ]    ==== :    32x4    | InteriorExecutor<(eOperationType)4, (eCalculateGlobals)0, (eStage)2> --- Reduced from maximum 1024
[  ]    ==== :    32x4    | InteriorExecutor<(eOperationType)4, (eCalculateGlobals)0, (eStage)3> --- Reduced from maximum 1024
[  ]    ==== :    32x4    | InteriorExecutor<(eOperationType)4, (eCalculateGlobals)0, (eStage)4> --- Reduced from maximum 1024
[  ]    ==== :    32x4    | InteriorExecutor<(eOperationType)4, (eCalculateGlobals)0, (eStage)5> --- Reduced from maximum 1024
[  ]    ==== :    32x4    | InteriorExecutor<(eOperationType)4, (eCalculateGlobals)0, (eStage)6> --- Reduced from maximum 1024
[  ]    ==== :    32x4    | InteriorExecutor<(eOperationType)4, (eCalculateGlobals)0, (eStage)7> --- Reduced from maximum 1024
[  ]    ==== :    32x4    | InteriorExecutor<(eOperationType)4, (eCalculateGlobals)0, (eStage)8> --- Reduced from maximum 1024
[  ]    ==== :    32x4    | InteriorExecutor<(eOperationType)4, (eCalculateGlobals)0, (eStage)9> --- Reduced from maximum 1024
[  ]    ==== :    32x4    | InteriorExecutor<(eOperationType)4, (eCalculateGlobals)1, (eStage)0> --- Reduced from maximum 1024
[  ]    ==== :    32x4    | InteriorExecutor<(eOperationType)4, (eCalculateGlobals)1, (eStage)1> --- Reduced from maximum 1024
[  ]    ==== :    32x4    | InteriorExecutor<(eOperationType)4, (eCalculateGlobals)1, (eStage)2> --- Reduced from maximum 1024
[  ]    ==== :    32x4    | InteriorExecutor<(eOperationType)4, (eCalculateGlobals)1, (eStage)3> --- Reduced from maximum 1024
[  ]    ==== :    32x4    | InteriorExecutor<(eOperationType)4, (eCalculateGlobals)1, (eStage)4> --- Reduced from maximum 1024
[  ]    ==== :    32x4    | InteriorExecutor<(eOperationType)4, (eCalculateGlobals)1, (eStage)5> --- Reduced from maximum 1024
[  ]    ==== :    32x4    | InteriorExecutor<(eOperationType)4, (eCalculateGlobals)1, (eStage)6> --- Reduced from maximum 1024
[  ]    ==== :    32x4    | InteriorExecutor<(eOperationType)4, (eCalculateGlobals)1, (eStage)7> --- Reduced from maximum 1024
[  ]    ==== :    32x4    | InteriorExecutor<(eOperationType)4, (eCalculateGlobals)1, (eStage)8> --- Reduced from maximum 1024
[  ]    ==== :    32x4    | InteriorExecutor<(eOperationType)4, (eCalculateGlobals)1, (eStage)9> --- Reduced from maximum 1024
[  ]    ==== :    32x4    | InteriorExecutor<(eOperationType)4, (eCalculateGlobals)2, (eStage)0> --- Reduced from maximum 1024
[  ]    ==== :    32x4    | InteriorExecutor<(eOperationType)4, (eCalculateGlobals)2, (eStage)1> --- Reduced from maximum 1024
[  ]    ==== :    32x4    | InteriorExecutor<(eOperationType)4, (eCalculateGlobals)2, (eStage)2> --- Reduced from maximum 1024
[  ]    ==== :    32x4    | InteriorExecutor<(eOperationType)4, (eCalculateGlobals)2, (eStage)3> --- Reduced from maximum 1024
[  ]    ==== :    32x4    | InteriorExecutor<(eOperationType)4, (eCalculateGlobals)2, (eStage)4> --- Reduced from maximum 1024
[  ]    ==== :    32x4    | InteriorExecutor<(eOperationType)4, (eCalculateGlobals)2, (eStage)5> --- Reduced from maximum 1024
[  ]    ==== :    32x4    | InteriorExecutor<(eOperationType)4, (eCalculateGlobals)2, (eStage)6> --- Reduced from maximum 1024
[  ]    ==== :    32x4    | InteriorExecutor<(eOperationType)4, (eCalculateGlobals)2, (eStage)7> --- Reduced from maximum 1024
[  ]    ==== :    32x4    | InteriorExecutor<(eOperationType)4, (eCalculateGlobals)2, (eStage)8> --- Reduced from maximum 1024
[  ]    ==== :    32x4    | InteriorExecutor<(eOperationType)4, (eCalculateGlobals)2, (eStage)9> --- Reduced from maximum 1024
[ 0] warning ! No "Units" element in config file
[  ]    ==== : Mesh size in config file: 80x80x140
[  ]    ---- : Global lattice size: 80x80x140
[  ]    ==== : Max region size: 1075200. Mesh size 1075200. Overhead:  0%
[  ]    ---- : Local lattice size: 96x80x140
[  ]    #### : [0] Cumulative allocation of 1269176320 b (1.3 GB)
[  ]    ---- : Creating geom size:1075200
[  ]    #### : Setting output path to: case
[  ]    #### : Setting output path to: /mnt/8A0E24070E23EAC1/runs/tclb_wall_geom_diag_profile_curved_rad011_10k_20260610/curved_theta011/output/case
[  ]    ---- : loading geometry ...
[  ]    ---- : overwriting all flags
[  ]    ---- : Setting number of zones to 3
[  ]    ---- : Setting Density_h to 1 (1.000000)
[  ]    ---- : Setting Density_l to 0.001 (0.001000)
[  ]    ---- : Setting Viscosity_h to 0.09 (0.090000)
[  ]    ---- : Setting Viscosity_l to 0.1 (0.100000)
[  ]    ---- : Setting tauUpdate to 3 (3.000000)
[  ]    ---- : Setting sigma to 5e-05 (0.000050)
[  ]    ---- : Setting M to 0.1 (0.100000)
[  ]    ---- : Setting IntWidth to 6 (6.000000)
[  ]    ---- : Setting Radius to 24 (24.000000)
[  ]    ---- : Setting BubbleType to 1 (1.000000)
[  ]    ---- : Setting CenterX to 40 (40.000000)
[  ]    ---- : Setting CenterY to 40 (40.000000)
[  ]    ---- : Setting CenterZ to 72 (72.000000)
[  ]    ---- : Setting VelocityX in zone  (-1) to 0.0 (0.000000)
[  ]    ---- : Setting VelocityY in zone  (-1) to 0.0 (0.000000)
[  ]    ---- : Setting VelocityZ in zone  (-1) to 0.0 (0.000000)
[  ]    ---- : Setting GravitationX to 0.0 (0.000000)
[  ]    ---- : Setting GravitationY to 0.0 (0.000000)
[  ]    ---- : Setting GravitationZ to 0.0 (0.000000)
[  ]    ---- : Setting BuoyancyX to 0.0 (0.000000)
[  ]    ---- : Setting BuoyancyY to 0.0 (0.000000)
[  ]    ---- : Setting BuoyancyZ to 0.0 (0.000000)
[  ]    ---- : Setting radAngle in zone  (-1) to 11d (0.191986)
[ 0] WARNING ! Zone-specific settings in zone 0 were overwritten from 1.570796 to 0.191986
[  ]    ---- : Setting minGradient to 1e-08 (0.000000)
[  ]    ---- : Initializing Lattice ...
[  ]    120.3 MLBUps    138.84 GB/s [====================]  0s
[  ]    ---- : Callback VTK with no Iterations attribute
[  ]    ---- :        0 it writing vtk
[  ]    ---- : Setting callback Log at 10.000000 iterations
[  ]    ---- : Adding Log to the solver hands
[  ]    ---- : Setting callback Failcheck at 10.000000 iterations
[  ]    ---- : Adding Failcheck to the solver hands
[  ]    ---- : Setting action Solve at 10000.000000 iterations
[  ]    ---- : Setting callback VTK at 2000.000000 iterations
[  ]    ---- : Adding VTK to the solver hands
[  ]    ---- : Setting callback Log at 10.000000 iterations
[  ]    ---- : Adding Log to the solver hands
[  ]    ---- : Setting callback Failcheck at 10.000000 iterations
[  ]    ---- : Adding Failcheck to the solver hands
[  ]    ---- :      8.5 MLBUps      9.77 GB/s [====================]
[  ]    208.1 MLBUps    240.18 GB/s [================    ]  0s
[  ]    ---- :     97.5 MLBUps    112.57 GB/s [====================]
[  ]    ---- :    173.8 MLBUps    200.59 GB/s [====================]
[  ]    ---- :    176.9 MLBUps    204.14 GB/s [====================]
[  ]    ---- :    176.7 MLBUps    203.90 GB/s [====================]
[  ]    ---- :    176.7 MLBUps    203.88 GB/s [====================]
[  ]    ---- :    177.1 MLBUps    204.36 GB/s [====================]
[  ]    ---- :    177.3 MLBUps    204.64 GB/s [====================]
[  ]    ---- :    176.9 MLBUps    204.18 GB/s [====================]
[  ]    ---- :    177.4 MLBUps    204.73 GB/s [====================]
[  ]    ---- :    177.4 MLBUps    204.67 GB/s [====================]
[  ]    ---- :    177.0 MLBUps    204.24 GB/s [====================]
[  ]    ---- :    176.8 MLBUps    204.07 GB/s [====================]
[  ]    ---- :    176.9 MLBUps    204.19 GB/s [====================]
[  ]    ---- :    177.1 MLBUps    204.34 GB/s [====================]
[  ]    ---- :    176.6 MLBUps    203.77 GB/s [====================]
[  ]    ---- :    176.6 MLBUps    203.85 GB/s [====================]
[  ]    ---- :    177.5 MLBUps    204.81 GB/s [====================]
[  ]    ---- :    176.8 MLBUps    204.06 GB/s [====================]
[  ]    ---- :    176.8 MLBUps    204.07 GB/s [====================]
[  ]    ---- :    176.6 MLBUps    203.80 GB/s [====================]
[  ]    ---- :    177.4 MLBUps    204.71 GB/s [====================]
[  ]    ---- :    176.8 MLBUps    204.00 GB/s [====================]
[  ]    ---- :    176.8 MLBUps    204.06 GB/s [====================]
[  ]    ---- :    177.6 MLBUps    204.89 GB/s [====================]
[  ]    ---- :    176.7 MLBUps    203.92 GB/s [====================]
[  ]    ---- :    176.8 MLBUps    204.01 GB/s [====================]
[  ]    ---- :    176.8 MLBUps    204.01 GB/s [====================]
[  ]    ---- :    176.8 MLBUps    203.98 GB/s [====================]
[  ]    ---- :    176.9 MLBUps    204.15 GB/s [====================]
[  ]    ---- :    176.9 MLBUps    204.10 GB/s [====================]
[  ]    ---- :    176.8 MLBUps    204.08 GB/s [====================]
[  ]    ---- :    176.5 MLBUps    203.73 GB/s [====================]
[  ]    ---- :    177.2 MLBUps    204.54 GB/s [====================]
[  ]    ---- :    177.2 MLBUps    204.48 GB/s [====================]
[  ]    ---- :    177.2 MLBUps    204.46 GB/s [====================]
[  ]    ---- :    177.2 MLBUps    204.44 GB/s [====================]
[  ]    ---- :    176.7 MLBUps    203.90 GB/s [====================]
[  ]    ---- :    177.1 MLBUps    204.39 GB/s [====================]
[  ]    ---- :    176.9 MLBUps    204.12 GB/s [====================]
[  ]    ---- :    176.7 MLBUps    203.97 GB/s [====================]
[  ]    ---- :    176.4 MLBUps    203.57 GB/s [====================]
[  ]    ---- :    176.6 MLBUps    203.84 GB/s [====================]
[  ]    ---- :    176.9 MLBUps    204.14 GB/s [====================]
[  ]    ---- :    177.4 MLBUps    204.73 GB/s [====================]
[  ]    ---- :    176.9 MLBUps    204.15 GB/s [====================]
[  ]    ---- :    176.8 MLBUps    204.08 GB/s [====================]
[  ]    ---- :    177.0 MLBUps    204.25 GB/s [====================]
[  ]    ---- :    177.1 MLBUps    204.32 GB/s [====================]
[  ]    ---- :    176.4 MLBUps    203.60 GB/s [====================]
[  ]    ---- :    176.6 MLBUps    203.78 GB/s [====================]
[  ]    ---- :    176.6 MLBUps    203.78 GB/s [====================]
[  ]    ---- :    176.8 MLBUps    204.00 GB/s [====================]
[  ]    ---- :    176.8 MLBUps    204.05 GB/s [====================]
[  ]    ---- :    177.3 MLBUps    204.63 GB/s [====================]
[  ]    ---- :    177.2 MLBUps    204.47 GB/s [====================]
[  ]    ---- :    177.3 MLBUps    204.57 GB/s [====================]
[  ]    ---- :    176.7 MLBUps    203.88 GB/s [====================]
[  ]    ---- :    177.4 MLBUps    204.76 GB/s [====================]
[  ]    ---- :    177.2 MLBUps    204.47 GB/s [====================]
[  ]    ---- :    177.4 MLBUps    204.75 GB/s [====================]
[  ]    ---- :    177.1 MLBUps    204.37 GB/s [====================]
[  ]    ---- :    176.8 MLBUps    204.05 GB/s [====================]
[  ]    ---- :    177.3 MLBUps    204.64 GB/s [====================]
[  ]    ---- :    176.9 MLBUps    204.14 GB/s [====================]
[  ]    ---- :    177.4 MLBUps    204.73 GB/s [====================]
[  ]    ---- :    177.1 MLBUps    204.41 GB/s [====================]
[  ]    ---- :    177.5 MLBUps    204.88 GB/s [====================]
[  ]    ---- :    176.7 MLBUps    203.94 GB/s [====================]
[  ]    ---- :    176.8 MLBUps    204.08 GB/s [====================]
[  ]    ---- :    177.1 MLBUps    204.38 GB/s [====================]
[  ]    ---- :    176.8 MLBUps    204.07 GB/s [====================]
[  ]    ---- :    177.1 MLBUps    204.39 GB/s [====================]
[  ]    ---- :    177.3 MLBUps    204.63 GB/s [====================]
[  ]    ---- :    177.3 MLBUps    204.61 GB/s [====================]
[  ]    ---- :    177.6 MLBUps    204.90 GB/s [====================]
[  ]    ---- :    177.2 MLBUps    204.47 GB/s [====================]
[  ]    ---- :    177.3 MLBUps    204.63 GB/s [====================]
[  ]    ---- :    177.3 MLBUps    204.63 GB/s [====================]
[  ]    ---- :    177.0 MLBUps    204.20 GB/s [====================]
[  ]    ---- :    177.1 MLBUps    204.34 GB/s [====================]
[  ]    ---- :    176.7 MLBUps    203.88 GB/s [====================]
[  ]    ---- :    177.1 MLBUps    204.32 GB/s [====================]
[  ]    ---- :    177.1 MLBUps    204.35 GB/s [====================]
[  ]    ---- :    177.4 MLBUps    204.73 GB/s [====================]
[  ]    ---- :    177.3 MLBUps    204.61 GB/s [====================]
[  ]    ---- :    176.8 MLBUps    204.03 GB/s [====================]
[  ]    ---- :    177.4 MLBUps    204.73 GB/s [====================]
[  ]    ---- :    177.1 MLBUps    204.35 GB/s [====================]
[  ]    ---- :    177.3 MLBUps    204.60 GB/s [====================]
[  ]    ---- :    177.0 MLBUps    204.26 GB/s [====================]
[  ]    ---- :    177.2 MLBUps    204.48 GB/s [====================]
[  ]    ---- :    177.0 MLBUps    204.30 GB/s [====================]
[  ]    ---- :    176.5 MLBUps    203.72 GB/s [====================]
[  ]    ---- :    176.8 MLBUps    204.06 GB/s [====================]
[  ]    ---- :    177.0 MLBUps    204.27 GB/s [====================]
[  ]    ---- :    177.6 MLBUps    204.98 GB/s [====================]
[  ]    ---- :    177.3 MLBUps    204.56 GB/s [====================]
[  ]    ---- :    176.9 MLBUps    204.11 GB/s [====================]
[  ]    ---- :    177.3 MLBUps    204.57 GB/s [====================]
[  ]    ---- :    177.4 MLBUps    204.68 GB/s [====================]
[  ]    ---- :    177.4 MLBUps    204.70 GB/s [====================]
[  ]    ---- :    177.0 MLBUps    204.31 GB/s [====================]
[  ]    ---- :    176.8 MLBUps    204.00 GB/s [====================]
[  ]    ---- :    176.7 MLBUps    203.97 GB/s [====================]
[  ]    ---- :    176.5 MLBUps    203.69 GB/s [====================]
[  ]    ---- :    176.8 MLBUps    204.02 GB/s [====================]
[  ]    ---- :    176.7 MLBUps    203.91 GB/s [====================]
[  ]    ---- :    177.2 MLBUps    204.48 GB/s [====================]
[  ]    ---- :    177.1 MLBUps    204.42 GB/s [====================]
[  ]    ---- :    177.0 MLBUps    204.26 GB/s [====================]
[  ]    ---- :    176.9 MLBUps    204.10 GB/s [====================]
[  ]    ---- :    176.9 MLBUps    204.15 GB/s [====================]
[  ]    ---- :    177.0 MLBUps    204.24 GB/s [====================]
[  ]    ---- :    177.1 MLBUps    204.37 GB/s [====================]
[  ]    ---- :    177.0 MLBUps    204.27 GB/s [====================]
[  ]    ---- :    176.7 MLBUps    203.90 GB/s [====================]
[  ]    ---- :    177.2 MLBUps    204.47 GB/s [====================]
[  ]    ---- :    177.1 MLBUps    204.37 GB/s [====================]
[  ]    ---- :    176.9 MLBUps    204.16 GB/s [====================]
[  ]    ---- :    177.0 MLBUps    204.26 GB/s [====================]
[  ]    ---- :    177.3 MLBUps    204.63 GB/s [====================]
[  ]    ---- :    177.0 MLBUps    204.23 GB/s [====================]
[  ]    ---- :    177.7 MLBUps    205.07 GB/s [====================]
[  ]    ---- :    177.1 MLBUps    204.42 GB/s [====================]
[  ]    ---- :    177.2 MLBUps    204.46 GB/s [====================]
[  ]    ---- :    177.1 MLBUps    204.42 GB/s [====================]
[  ]    ---- :    177.1 MLBUps    204.42 GB/s [====================]
[  ]    ---- :    177.3 MLBUps    204.56 GB/s [====================]
[  ]    ---- :    176.7 MLBUps    203.87 GB/s [====================]
[  ]    ---- :    177.4 MLBUps    204.72 GB/s [====================]
[  ]    ---- :    176.9 MLBUps    204.19 GB/s [====================]
[  ]    ---- :    176.7 MLBUps    203.87 GB/s [====================]
[  ]    ---- :    176.7 MLBUps    203.88 GB/s [====================]
[  ]    ---- :    177.5 MLBUps    204.83 GB/s [====================]
[  ]    ---- :    177.2 MLBUps    204.51 GB/s [====================]
[  ]    ---- :    176.4 MLBUps    203.60 GB/s [====================]
[  ]    ---- :    176.9 MLBUps    204.18 GB/s [====================]
[  ]    ---- :    177.2 MLBUps    204.47 GB/s [====================]
[  ]    ---- :    176.8 MLBUps    203.97 GB/s [====================]
[  ]    ---- :    175.9 MLBUps    203.04 GB/s [====================]
[  ]    ---- :    176.8 MLBUps    204.03 GB/s [====================]
[  ]    ---- :    176.7 MLBUps    203.90 GB/s [====================]
[  ]    ---- :    177.2 MLBUps    204.55 GB/s [====================]
[  ]    ---- :    176.8 MLBUps    204.07 GB/s [====================]
[  ]    ---- :    177.1 MLBUps    204.38 GB/s [====================]
[  ]    ---- :    177.0 MLBUps    204.27 GB/s [====================]
[  ]    ---- :    177.0 MLBUps    204.22 GB/s [====================]
[  ]    ---- :    177.2 MLBUps    204.43 GB/s [====================]
[  ]    ---- :    176.8 MLBUps    204.02 GB/s [====================]
[  ]    ---- :    177.1 MLBUps    204.36 GB/s [====================]
[  ]    ---- :    176.4 MLBUps    203.61 GB/s [====================]
[  ]    ---- :    176.9 MLBUps    204.11 GB/s [====================]
[  ]    ---- :    176.9 MLBUps    204.12 GB/s [====================]
[  ]    ---- :    177.0 MLBUps    204.27 GB/s [====================]
[  ]    ---- :    177.2 MLBUps    204.44 GB/s [====================]
[  ]    ---- :    176.8 MLBUps    204.07 GB/s [====================]
[  ]    ---- :    177.2 MLBUps    204.48 GB/s [====================]
[  ]    ---- :    177.0 MLBUps    204.26 GB/s [====================]
[  ]    ---- :    176.9 MLBUps    204.20 GB/s [====================]
[  ]    ---- :    176.8 MLBUps    204.02 GB/s [====================]
[  ]    ---- :    177.0 MLBUps    204.29 GB/s [====================]
[  ]    ---- :    177.4 MLBUps    204.72 GB/s [====================]
[  ]    ---- :    177.3 MLBUps    204.65 GB/s [====================]
[  ]    ---- :    176.5 MLBUps    203.67 GB/s [====================]
[  ]    ---- :    176.9 MLBUps    204.11 GB/s [====================]
[  ]    ---- :    177.0 MLBUps    204.31 GB/s [====================]
[  ]    ---- :    176.6 MLBUps    203.79 GB/s [====================]
[  ]    ---- :    177.1 MLBUps    204.36 GB/s [====================]
[  ]    ---- :    176.7 MLBUps    203.91 GB/s [====================]
[  ]    ---- :    177.0 MLBUps    204.30 GB/s [====================]
[  ]    ---- :    176.9 MLBUps    204.19 GB/s [====================]
[  ]    ---- :    177.2 MLBUps    204.50 GB/s [====================]
[  ]    ---- :    177.1 MLBUps    204.43 GB/s [====================]
[  ]    ---- :    177.5 MLBUps    204.83 GB/s [====================]
[  ]    ---- :    177.2 MLBUps    204.54 GB/s [====================]
[  ]    ---- :    176.8 MLBUps    204.07 GB/s [====================]
[  ]    ---- :    177.0 MLBUps    204.31 GB/s [====================]
[  ]    ---- :    176.8 MLBUps    204.04 GB/s [====================]
[  ]    ---- :    176.6 MLBUps    203.81 GB/s [====================]
[  ]    ---- :    176.9 MLBUps    204.14 GB/s [====================]
[  ]    ---- :    176.8 MLBUps    204.08 GB/s [====================]
[  ]    ---- :    177.1 MLBUps    204.41 GB/s [====================]
[  ]    ---- :    176.8 MLBUps    204.01 GB/s [====================]
[  ]    ---- :    177.1 MLBUps    204.36 GB/s [====================]
[  ]    ---- :    176.4 MLBUps    203.54 GB/s [====================]
[  ]    ---- :    176.7 MLBUps    203.87 GB/s [====================]
[  ]    ---- :    176.9 MLBUps    204.12 GB/s [====================]
[  ]    ---- :    176.9 MLBUps    204.19 GB/s [====================]
[  ]    ---- :    176.9 MLBUps    204.17 GB/s [====================]
[  ]    ---- :    177.1 MLBUps    204.41 GB/s [====================]
[  ]    ---- :    177.0 MLBUps    204.26 GB/s [====================]
[  ]    ---- :    177.1 MLBUps    204.37 GB/s [====================]
[  ]    ---- :    176.6 MLBUps    203.80 GB/s [====================]
[  ]    ---- :    176.5 MLBUps    203.72 GB/s [====================]
[  ]    ---- :    176.7 MLBUps    203.96 GB/s [====================]
[  ]    ---- :    176.8 MLBUps    203.97 GB/s [====================]
[  ]    ---- :    176.8 MLBUps    204.06 GB/s [====================]
[  ]    ---- :    176.8 MLBUps    204.07 GB/s [====================]
[  ]    ---- :    176.8 MLBUps    204.02 GB/s [====================]
[  ]    ---- :     2000 it writing vtk
[  ]    ---- :      7.1 MLBUps      8.22 GB/s [====================]
[  ]    216.0 MLBUps    249.27 GB/s [============        ]  0s
[  ]    ---- :    136.7 MLBUps    157.78 GB/s [====================]
[  ]    ---- :    175.5 MLBUps    202.50 GB/s [====================]
[  ]    ---- :    176.2 MLBUps    203.35 GB/s [====================]
[  ]    ---- :    175.9 MLBUps    202.99 GB/s [====================]
[  ]    ---- :    175.7 MLBUps    202.79 GB/s [====================]
[  ]    ---- :    175.3 MLBUps    202.31 GB/s [====================]
[  ]    ---- :    176.5 MLBUps    203.69 GB/s [====================]
[  ]    ---- :    176.1 MLBUps    203.24 GB/s [====================]
[  ]    ---- :    176.1 MLBUps    203.23 GB/s [====================]
[  ]    ---- :    175.3 MLBUps    202.27 GB/s [====================]
[  ]    ---- :    174.7 MLBUps    201.60 GB/s [====================]
[  ]    ---- :    175.8 MLBUps    202.82 GB/s [====================]
[  ]    ---- :    175.5 MLBUps    202.56 GB/s [====================]
[  ]    ---- :    176.3 MLBUps    203.40 GB/s [====================]
[  ]    ---- :    176.3 MLBUps    203.47 GB/s [====================]
[  ]    ---- :    175.9 MLBUps    203.00 GB/s [====================]
[  ]    ---- :    176.4 MLBUps    203.52 GB/s [====================]
[  ]    ---- :    176.0 MLBUps    203.05 GB/s [====================]
[  ]    ---- :    175.3 MLBUps    202.34 GB/s [====================]
[  ]    ---- :    175.9 MLBUps    203.00 GB/s [====================]
[  ]    ---- :    175.4 MLBUps    202.46 GB/s [====================]
[  ]    ---- :    174.3 MLBUps    201.18 GB/s [====================]
[  ]    ---- :    175.4 MLBUps    202.42 GB/s [====================]
[  ]    ---- :    176.7 MLBUps    203.88 GB/s [====================]
[  ]    ---- :    177.5 MLBUps    204.85 GB/s [====================]
[  ]    ---- :    177.3 MLBUps    204.60 GB/s [====================]
[  ]    ---- :    176.8 MLBUps    203.98 GB/s [====================]
[  ]    ---- :    177.1 MLBUps    204.39 GB/s [====================]
[  ]    ---- :    177.2 MLBUps    204.48 GB/s [====================]
[  ]    ---- :    177.0 MLBUps    204.27 GB/s [====================]
[  ]    ---- :    177.2 MLBUps    204.46 GB/s [====================]
[  ]    ---- :    176.9 MLBUps    204.10 GB/s [====================]
[  ]    ---- :    177.3 MLBUps    204.56 GB/s [====================]
[  ]    ---- :    177.0 MLBUps    204.23 GB/s [====================]
[  ]    ---- :    177.2 MLBUps    204.44 GB/s [====================]
[  ]    ---- :    176.8 MLBUps    204.06 GB/s [====================]
[  ]    ---- :    177.1 MLBUps    204.33 GB/s [====================]
[  ]    ---- :    177.2 MLBUps    204.54 GB/s [====================]
[  ]    ---- :    176.9 MLBUps    204.20 GB/s [====================]
[  ]    ---- :    177.8 MLBUps    205.16 GB/s [====================]
[  ]    ---- :    177.3 MLBUps    204.56 GB/s [====================]
[  ]    ---- :    177.0 MLBUps    204.27 GB/s [====================]
[  ]    ---- :    177.0 MLBUps    204.24 GB/s [====================]
[  ]    ---- :    177.0 MLBUps    204.25 GB/s [====================]
[  ]    ---- :    177.3 MLBUps    204.56 GB/s [====================]
[  ]    ---- :    177.1 MLBUps    204.40 GB/s [====================]
[  ]    ---- :    177.3 MLBUps    204.64 GB/s [====================]
[  ]    ---- :    177.4 MLBUps    204.67 GB/s [====================]
[  ]    ---- :    177.4 MLBUps    204.71 GB/s [====================]
[  ]    ---- :    177.2 MLBUps    204.51 GB/s [====================]
[  ]    ---- :    177.1 MLBUps    204.42 GB/s [====================]
[  ]    ---- :    177.5 MLBUps    204.81 GB/s [====================]
[  ]    ---- :    177.4 MLBUps    204.68 GB/s [====================]
[  ]    ---- :    176.8 MLBUps    204.06 GB/s [====================]
[  ]    ---- :    176.5 MLBUps    203.73 GB/s [====================]
[  ]    ---- :    176.7 MLBUps    203.94 GB/s [====================]
[  ]    ---- :    177.5 MLBUps    204.79 GB/s [====================]
[  ]    ---- :    177.3 MLBUps    204.65 GB/s [====================]
[  ]    ---- :    177.0 MLBUps    204.26 GB/s [====================]
[  ]    ---- :    177.5 MLBUps    204.78 GB/s [====================]
[  ]    ---- :    177.3 MLBUps    204.55 GB/s [====================]
[  ]    ---- :    176.6 MLBUps    203.83 GB/s [====================]
[  ]    ---- :    177.7 MLBUps    205.05 GB/s [====================]
[  ]    ---- :    177.0 MLBUps    204.30 GB/s [====================]
[  ]    ---- :    177.3 MLBUps    204.62 GB/s [====================]
[  ]    ---- :    177.0 MLBUps    204.22 GB/s [====================]
[  ]    ---- :    177.0 MLBUps    204.26 GB/s [====================]
[  ]    ---- :    176.7 MLBUps    203.88 GB/s [====================]
[  ]    ---- :    177.0 MLBUps    204.31 GB/s [====================]
[  ]    ---- :    176.9 MLBUps    204.18 GB/s [====================]
[  ]    ---- :    177.4 MLBUps    204.76 GB/s [====================]
[  ]    ---- :    177.5 MLBUps    204.80 GB/s [====================]
[  ]    ---- :    177.0 MLBUps    204.31 GB/s [====================]
[  ]    ---- :    177.0 MLBUps    204.31 GB/s [====================]
[  ]    ---- :    177.3 MLBUps    204.62 GB/s [====================]
[  ]    ---- :    176.8 MLBUps    204.03 GB/s [====================]
[  ]    ---- :    177.1 MLBUps    204.39 GB/s [====================]
[  ]    ---- :    177.0 MLBUps    204.27 GB/s [====================]
[  ]    ---- :    177.2 MLBUps    204.44 GB/s [====================]
[  ]    ---- :    177.2 MLBUps    204.50 GB/s [====================]
[  ]    ---- :    176.7 MLBUps    203.93 GB/s [====================]
[  ]    ---- :    177.0 MLBUps    204.25 GB/s [====================]
[  ]    ---- :    177.3 MLBUps    204.59 GB/s [====================]
[  ]    ---- :    176.8 MLBUps    204.04 GB/s [====================]
[  ]    ---- :    176.3 MLBUps    203.49 GB/s [====================]
[  ]    ---- :    177.0 MLBUps    204.31 GB/s [====================]
[  ]    ---- :    176.9 MLBUps    204.12 GB/s [====================]
[  ]    ---- :    176.2 MLBUps    203.31 GB/s [====================]
[  ]    ---- :    176.8 MLBUps    204.03 GB/s [====================]
[  ]    ---- :    177.1 MLBUps    204.42 GB/s [====================]
[  ]    ---- :    177.2 MLBUps    204.54 GB/s [====================]
[  ]    ---- :    176.7 MLBUps    203.92 GB/s [====================]
[  ]    ---- :    176.9 MLBUps    204.13 GB/s [====================]
[  ]    ---- :    176.8 MLBUps    204.08 GB/s [====================]
[  ]    ---- :    176.9 MLBUps    204.19 GB/s [====================]
[  ]    ---- :    176.9 MLBUps    204.20 GB/s [====================]
[  ]    ---- :    177.3 MLBUps    204.63 GB/s [====================]
[  ]    ---- :    177.2 MLBUps    204.45 GB/s [====================]
[  ]    ---- :    176.9 MLBUps    204.14 GB/s [====================]
[  ]    ---- :    176.8 MLBUps    204.03 GB/s [====================]
[  ]    ---- :    177.0 MLBUps    204.31 GB/s [====================]
[  ]    ---- :    176.9 MLBUps    204.10 GB/s [====================]
[  ]    ---- :    177.5 MLBUps    204.85 GB/s [====================]
[  ]    ---- :    177.2 MLBUps    204.50 GB/s [====================]
[  ]    ---- :    176.9 MLBUps    204.17 GB/s [====================]
[  ]    ---- :    177.2 MLBUps    204.47 GB/s [====================]
[  ]    ---- :    176.2 MLBUps    203.38 GB/s [====================]
[  ]    ---- :    177.4 MLBUps    204.69 GB/s [====================]
[  ]    ---- :    177.4 MLBUps    204.70 GB/s [====================]
[  ]    ---- :    177.1 MLBUps    204.37 GB/s [====================]
[  ]    ---- :    177.0 MLBUps    204.27 GB/s [====================]
[  ]    ---- :    177.2 MLBUps    204.49 GB/s [====================]
[  ]    ---- :    177.2 MLBUps    204.50 GB/s [====================]
[  ]    ---- :    177.2 MLBUps    204.49 GB/s [====================]
[  ]    ---- :    177.5 MLBUps    204.80 GB/s [====================]
[  ]    ---- :    177.1 MLBUps    204.38 GB/s [====================]
[  ]    ---- :    176.9 MLBUps    204.14 GB/s [====================]
[  ]    ---- :    176.5 MLBUps    203.69 GB/s [====================]
[  ]    ---- :    176.9 MLBUps    204.09 GB/s [====================]
[  ]    ---- :    176.9 MLBUps    204.09 GB/s [====================]
[  ]    ---- :    176.8 MLBUps    204.00 GB/s [====================]
[  ]    ---- :    177.0 MLBUps    204.24 GB/s [====================]
[  ]    ---- :    177.2 MLBUps    204.48 GB/s [====================]
[  ]    ---- :    177.3 MLBUps    204.62 GB/s [====================]
[  ]    ---- :    176.9 MLBUps    204.12 GB/s [====================]
[  ]    ---- :    176.5 MLBUps    203.73 GB/s [====================]
[  ]    ---- :    176.4 MLBUps    203.54 GB/s [====================]
[  ]    ---- :    177.0 MLBUps    204.30 GB/s [====================]
[  ]    ---- :    176.6 MLBUps    203.83 GB/s [====================]
[  ]    ---- :    176.9 MLBUps    204.12 GB/s [====================]
[  ]    ---- :    176.9 MLBUps    204.12 GB/s [====================]
[  ]    ---- :    176.7 MLBUps    203.86 GB/s [====================]
[  ]    ---- :    176.8 MLBUps    204.01 GB/s [====================]
[  ]    ---- :    176.7 MLBUps    203.95 GB/s [====================]
[  ]    ---- :    176.7 MLBUps    203.93 GB/s [====================]
[  ]    ---- :    176.2 MLBUps    203.30 GB/s [====================]
[  ]    ---- :    176.9 MLBUps    204.09 GB/s [====================]
[  ]    ---- :    176.2 MLBUps    203.39 GB/s [====================]
[  ]    ---- :    177.3 MLBUps    204.63 GB/s [====================]
[  ]    ---- :    176.8 MLBUps    203.98 GB/s [====================]
[  ]    ---- :    177.0 MLBUps    204.29 GB/s [====================]
[  ]    ---- :    176.9 MLBUps    204.14 GB/s [====================]
[  ]    ---- :    176.9 MLBUps    204.10 GB/s [====================]
[  ]    ---- :    177.2 MLBUps    204.48 GB/s [====================]
[  ]    ---- :    176.8 MLBUps    204.06 GB/s [====================]
[  ]    ---- :    177.3 MLBUps    204.63 GB/s [====================]
[  ]    ---- :    177.1 MLBUps    204.35 GB/s [====================]
[  ]    ---- :    176.9 MLBUps    204.19 GB/s [====================]
[  ]    ---- :    177.0 MLBUps    204.24 GB/s [====================]
[  ]    ---- :    176.7 MLBUps    203.86 GB/s [====================]
[  ]    ---- :    177.1 MLBUps    204.37 GB/s [====================]
[  ]    ---- :    176.9 MLBUps    204.18 GB/s [====================]
[  ]    ---- :    176.0 MLBUps    203.09 GB/s [====================]
[  ]    ---- :    177.0 MLBUps    204.20 GB/s [====================]
[  ]    ---- :    176.3 MLBUps    203.48 GB/s [====================]
[  ]    ---- :    177.2 MLBUps    204.52 GB/s [====================]
[  ]    ---- :    176.3 MLBUps    203.47 GB/s [====================]
[  ]    ---- :    177.4 MLBUps    204.72 GB/s [====================]
[  ]    ---- :    174.4 MLBUps    201.28 GB/s [====================]
[  ]    ---- :    175.3 MLBUps    202.26 GB/s [====================]
[  ]    ---- :    175.0 MLBUps    201.98 GB/s [====================]
[  ]    ---- :    174.8 MLBUps    201.76 GB/s [====================]
[  ]    ---- :    175.2 MLBUps    202.15 GB/s [====================]
[  ]    ---- :    175.3 MLBUps    202.29 GB/s [====================]
[  ]    ---- :    176.1 MLBUps    203.22 GB/s [====================]
[  ]    ---- :    176.1 MLBUps    203.19 GB/s [====================]
[  ]    ---- :    175.4 MLBUps    202.47 GB/s [====================]
[  ]    ---- :    175.6 MLBUps    202.63 GB/s [====================]
[  ]    ---- :    175.7 MLBUps    202.77 GB/s [====================]
[  ]    ---- :    175.6 MLBUps    202.67 GB/s [====================]
[  ]    ---- :    176.4 MLBUps    203.57 GB/s [====================]
[  ]    ---- :    176.1 MLBUps    203.28 GB/s [====================]
[  ]    ---- :    176.0 MLBUps    203.12 GB/s [====================]
[  ]    ---- :    175.9 MLBUps    202.93 GB/s [====================]
[  ]    ---- :    176.3 MLBUps    203.45 GB/s [====================]
[  ]    ---- :    176.1 MLBUps    203.20 GB/s [====================]
[  ]    ---- :    176.2 MLBUps    203.29 GB/s [====================]
[  ]    ---- :    176.1 MLBUps    203.21 GB/s [====================]
[  ]    ---- :    175.2 MLBUps    202.23 GB/s [====================]
[  ]    ---- :    176.0 MLBUps    203.05 GB/s [====================]
[  ]    ---- :    175.1 MLBUps    202.09 GB/s [====================]
[  ]    ---- :    175.9 MLBUps    202.97 GB/s [====================]
[  ]    ---- :    176.0 MLBUps    203.11 GB/s [====================]
[  ]    ---- :    176.4 MLBUps    203.52 GB/s [====================]
[  ]    ---- :    175.5 MLBUps    202.54 GB/s [====================]
[  ]    ---- :    176.0 MLBUps    203.10 GB/s [====================]
[  ]    ---- :    176.2 MLBUps    203.30 GB/s [====================]
[  ]    ---- :    176.2 MLBUps    203.35 GB/s [====================]
[  ]    ---- :    175.5 MLBUps    202.54 GB/s [====================]
[  ]    ---- :    175.6 MLBUps    202.64 GB/s [====================]
[  ]    ---- :    176.2 MLBUps    203.34 GB/s [====================]
[  ]    ---- :    176.4 MLBUps    203.54 GB/s [====================]
[  ]    ---- :    176.2 MLBUps    203.32 GB/s [====================]
[  ]    ---- :    176.2 MLBUps    203.29 GB/s [====================]
[  ]    ---- :    175.8 MLBUps    202.91 GB/s [====================]
[  ]    ---- :    176.1 MLBUps    203.20 GB/s [====================]
[  ]    ---- :    176.3 MLBUps    203.44 GB/s [====================]
[  ]    ---- :    176.5 MLBUps    203.73 GB/s [====================]
[  ]    ---- :    176.0 MLBUps    203.08 GB/s [====================]
[  ]    ---- :     4000 it writing vtk
[  ]    ---- :      8.1 MLBUps      9.35 GB/s [====================]
[  ]    220.0 MLBUps    253.91 GB/s [================    ]  0s
[  ]    ---- :     99.1 MLBUps    114.35 GB/s [====================]
[  ]    ---- :    176.8 MLBUps    204.01 GB/s [====================]
[  ]    ---- :    176.7 MLBUps    203.88 GB/s [====================]
[  ]    ---- :    176.0 MLBUps    203.10 GB/s [====================]
[  ]    ---- :    176.8 MLBUps    204.07 GB/s [====================]
[  ]    ---- :    177.2 MLBUps    204.47 GB/s [====================]
[  ]    ---- :    176.8 MLBUps    204.06 GB/s [====================]
[  ]    ---- :    176.7 MLBUps    203.94 GB/s [====================]
[  ]    ---- :    176.4 MLBUps    203.59 GB/s [====================]
[  ]    ---- :    177.4 MLBUps    204.67 GB/s [====================]
[  ]    ---- :    176.9 MLBUps    204.15 GB/s [====================]
[  ]    ---- :    177.5 MLBUps    204.80 GB/s [====================]
[  ]    ---- :    176.6 MLBUps    203.81 GB/s [====================]
[  ]    ---- :    176.8 MLBUps    204.03 GB/s [====================]
[  ]    ---- :    176.4 MLBUps    203.61 GB/s [====================]
[  ]    ---- :    176.5 MLBUps    203.68 GB/s [====================]
[  ]    ---- :    176.9 MLBUps    204.19 GB/s [====================]
[  ]    ---- :    176.5 MLBUps    203.72 GB/s [====================]
[  ]    ---- :    177.1 MLBUps    204.38 GB/s [====================]
[  ]    ---- :    176.6 MLBUps    203.78 GB/s [====================]
[  ]    ---- :    175.7 MLBUps    202.81 GB/s [====================]
[  ]    ---- :    177.6 MLBUps    204.91 GB/s [====================]
[  ]    ---- :    177.0 MLBUps    204.31 GB/s [====================]
[  ]    ---- :    176.6 MLBUps    203.82 GB/s [====================]
[  ]    ---- :    176.6 MLBUps    203.81 GB/s [====================]
[  ]    ---- :    175.9 MLBUps    202.95 GB/s [====================]
[  ]    ---- :    176.7 MLBUps    203.91 GB/s [====================]
[  ]    ---- :    176.9 MLBUps    204.20 GB/s [====================]
[  ]    ---- :    176.9 MLBUps    204.13 GB/s [====================]
[  ]    ---- :    176.6 MLBUps    203.80 GB/s [====================]
[  ]    ---- :    176.5 MLBUps    203.64 GB/s [====================]
[  ]    ---- :    176.6 MLBUps    203.82 GB/s [====================]
[  ]    ---- :    177.3 MLBUps    204.55 GB/s [====================]
[  ]    ---- :    176.8 MLBUps    203.98 GB/s [====================]
[  ]    ---- :    177.2 MLBUps    204.45 GB/s [====================]
[  ]    ---- :    176.3 MLBUps    203.45 GB/s [====================]
[  ]    ---- :    177.1 MLBUps    204.33 GB/s [====================]
[  ]    ---- :    177.0 MLBUps    204.29 GB/s [====================]
[  ]    ---- :    176.9 MLBUps    204.13 GB/s [====================]
[  ]    ---- :    177.0 MLBUps    204.26 GB/s [====================]
[  ]    ---- :    176.8 MLBUps    204.07 GB/s [====================]
[  ]    ---- :    176.9 MLBUps    204.19 GB/s [====================]
[  ]    ---- :    176.9 MLBUps    204.20 GB/s [====================]
[  ]    ---- :    177.0 MLBUps    204.29 GB/s [====================]
[  ]    ---- :    177.5 MLBUps    204.82 GB/s [====================]
[  ]    ---- :    176.5 MLBUps    203.66 GB/s [====================]
[  ]    ---- :    176.8 MLBUps    204.06 GB/s [====================]
[  ]    ---- :    176.7 MLBUps    203.87 GB/s [====================]
[  ]    ---- :    177.0 MLBUps    204.26 GB/s [====================]
[  ]    ---- :    176.7 MLBUps    203.86 GB/s [====================]
[  ]    ---- :    177.4 MLBUps    204.70 GB/s [====================]
[  ]    ---- :    176.6 MLBUps    203.74 GB/s [====================]
[  ]    ---- :    177.1 MLBUps    204.37 GB/s [====================]
[  ]    ---- :    176.5 MLBUps    203.68 GB/s [====================]
[  ]    ---- :    177.0 MLBUps    204.26 GB/s [====================]
[  ]    ---- :    177.3 MLBUps    204.57 GB/s [====================]
[  ]    ---- :    176.8 MLBUps    203.98 GB/s [====================]
[  ]    ---- :    177.3 MLBUps    204.58 GB/s [====================]
[  ]    ---- :    176.8 MLBUps    203.97 GB/s [====================]
[  ]    ---- :    176.8 MLBUps    204.07 GB/s [====================]
[  ]    ---- :    177.4 MLBUps    204.70 GB/s [====================]
[  ]    ---- :    176.7 MLBUps    203.91 GB/s [====================]
[  ]    ---- :    177.3 MLBUps    204.65 GB/s [====================]
[  ]    ---- :    176.6 MLBUps    203.78 GB/s [====================]
[  ]    ---- :    176.9 MLBUps    204.17 GB/s [====================]
[  ]    ---- :    177.6 MLBUps    204.95 GB/s [====================]
[  ]    ---- :    177.3 MLBUps    204.62 GB/s [====================]
[  ]    ---- :    177.1 MLBUps    204.40 GB/s [====================]
[  ]    ---- :    177.1 MLBUps    204.34 GB/s [====================]
[  ]    ---- :    176.7 MLBUps    203.87 GB/s [====================]
[  ]    ---- :    176.9 MLBUps    204.17 GB/s [====================]
[  ]    ---- :    176.2 MLBUps    203.34 GB/s [====================]
[  ]    ---- :    177.7 MLBUps    205.10 GB/s [====================]
[  ]    ---- :    177.0 MLBUps    204.30 GB/s [====================]
[  ]    ---- :    177.1 MLBUps    204.43 GB/s [====================]
[  ]    ---- :    177.5 MLBUps    204.80 GB/s [====================]
[  ]    ---- :    176.9 MLBUps    204.20 GB/s [====================]
[  ]    ---- :    176.7 MLBUps    203.94 GB/s [====================]
[  ]    ---- :    177.5 MLBUps    204.88 GB/s [====================]
[  ]    ---- :    176.7 MLBUps    203.93 GB/s [====================]
[  ]    ---- :    177.4 MLBUps    204.75 GB/s [====================]
[  ]    ---- :    176.7 MLBUps    203.91 GB/s [====================]
[  ]    ---- :    176.7 MLBUps    203.91 GB/s [====================]
[  ]    ---- :    177.2 MLBUps    204.47 GB/s [====================]
[  ]    ---- :    176.8 MLBUps    204.05 GB/s [====================]
[  ]    ---- :    177.5 MLBUps    204.88 GB/s [====================]
[  ]    ---- :    177.3 MLBUps    204.56 GB/s [====================]
[  ]    ---- :    176.5 MLBUps    203.70 GB/s [====================]
[  ]    ---- :    177.0 MLBUps    204.26 GB/s [====================]
[  ]    ---- :    176.6 MLBUps    203.78 GB/s [====================]
[  ]    ---- :    177.2 MLBUps    204.48 GB/s [====================]
[  ]    ---- :    177.0 MLBUps    204.27 GB/s [====================]
[  ]    ---- :    177.3 MLBUps    204.59 GB/s [====================]
[  ]    ---- :    177.1 MLBUps    204.35 GB/s [====================]
[  ]    ---- :    176.6 MLBUps    203.78 GB/s [====================]
[  ]    ---- :    176.9 MLBUps    204.09 GB/s [====================]
[  ]    ---- :    176.9 MLBUps    204.11 GB/s [====================]
[  ]    ---- :    176.7 MLBUps    203.96 GB/s [====================]
[  ]    ---- :    177.3 MLBUps    204.60 GB/s [====================]
[  ]    ---- :    176.7 MLBUps    203.86 GB/s [====================]
[  ]    ---- :    177.4 MLBUps    204.67 GB/s [====================]
[  ]    ---- :    176.8 MLBUps    203.98 GB/s [====================]
[  ]    ---- :    176.9 MLBUps    204.18 GB/s [====================]
[  ]    ---- :    177.1 MLBUps    204.41 GB/s [====================]
[  ]    ---- :    176.6 MLBUps    203.75 GB/s [====================]
[  ]    ---- :    176.8 MLBUps    204.01 GB/s [====================]
[  ]    ---- :    177.2 MLBUps    204.54 GB/s [====================]
[  ]    ---- :    176.9 MLBUps    204.13 GB/s [====================]
[  ]    ---- :    177.5 MLBUps    204.78 GB/s [====================]
[  ]    ---- :    176.8 MLBUps    204.06 GB/s [====================]
[  ]    ---- :    176.7 MLBUps    203.95 GB/s [====================]
[  ]    ---- :    177.1 MLBUps    204.35 GB/s [====================]
[  ]    ---- :    176.9 MLBUps    204.20 GB/s [====================]
[  ]    ---- :    177.3 MLBUps    204.63 GB/s [====================]
[  ]    ---- :    177.0 MLBUps    204.29 GB/s [====================]
[  ]    ---- :    176.9 MLBUps    204.14 GB/s [====================]
[  ]    ---- :    176.7 MLBUps    203.96 GB/s [====================]
[  ]    ---- :    176.9 MLBUps    204.13 GB/s [====================]
[  ]    ---- :    177.3 MLBUps    204.56 GB/s [====================]
[  ]    ---- :    176.6 MLBUps    203.80 GB/s [====================]
[  ]    ---- :    176.9 MLBUps    204.14 GB/s [====================]
[  ]    ---- :    176.9 MLBUps    204.19 GB/s [====================]
[  ]    ---- :    176.6 MLBUps    203.80 GB/s [====================]
[  ]    ---- :    177.1 MLBUps    204.41 GB/s [====================]
[  ]    ---- :    176.8 MLBUps    204.08 GB/s [====================]
[  ]    ---- :    176.9 MLBUps    204.18 GB/s [====================]
[  ]    ---- :    177.1 MLBUps    204.41 GB/s [====================]
[  ]    ---- :    176.3 MLBUps    203.42 GB/s [====================]
[  ]    ---- :    176.8 MLBUps    204.07 GB/s [====================]
[  ]    ---- :    176.9 MLBUps    204.20 GB/s [====================]
[  ]    ---- :    177.2 MLBUps    204.46 GB/s [====================]
[  ]    ---- :    177.7 MLBUps    205.02 GB/s [====================]
[  ]    ---- :    177.0 MLBUps    204.20 GB/s [====================]
[  ]    ---- :    176.7 MLBUps    203.96 GB/s [====================]
[  ]    ---- :    177.1 MLBUps    204.34 GB/s [====================]
[  ]    ---- :    176.9 MLBUps    204.20 GB/s [====================]
[  ]    ---- :    177.2 MLBUps    204.45 GB/s [====================]
[  ]    ---- :    176.7 MLBUps    203.95 GB/s [====================]
[  ]    ---- :    176.8 MLBUps    204.05 GB/s [====================]
[  ]    ---- :    177.4 MLBUps    204.70 GB/s [====================]
[  ]    ---- :    176.6 MLBUps    203.79 GB/s [====================]
[  ]    ---- :    176.8 MLBUps    204.07 GB/s [====================]
[  ]    ---- :    176.8 MLBUps    203.99 GB/s [====================]
[  ]    ---- :    176.8 MLBUps    203.98 GB/s [====================]
[  ]    ---- :    177.0 MLBUps    204.29 GB/s [====================]
[  ]    ---- :    176.7 MLBUps    203.87 GB/s [====================]
[  ]    ---- :    177.1 MLBUps    204.33 GB/s [====================]
[  ]    ---- :    177.1 MLBUps    204.37 GB/s [====================]
[  ]    ---- :    177.4 MLBUps    204.72 GB/s [====================]
[  ]    ---- :    177.4 MLBUps    204.68 GB/s [====================]
[  ]    ---- :    177.4 MLBUps    204.66 GB/s [====================]
[  ]    ---- :    177.6 MLBUps    205.00 GB/s [====================]
[  ]    ---- :    177.1 MLBUps    204.32 GB/s [====================]
[  ]    ---- :    177.6 MLBUps    204.94 GB/s [====================]
[  ]    ---- :    177.0 MLBUps    204.21 GB/s [====================]
[  ]    ---- :    177.3 MLBUps    204.62 GB/s [====================]
[  ]    ---- :    177.0 MLBUps    204.24 GB/s [====================]
[  ]    ---- :    177.2 MLBUps    204.48 GB/s [====================]
[  ]    ---- :    177.5 MLBUps    204.82 GB/s [====================]
[  ]    ---- :    177.2 MLBUps    204.45 GB/s [====================]
[  ]    ---- :    177.5 MLBUps    204.86 GB/s [====================]
[  ]    ---- :    177.6 MLBUps    204.91 GB/s [====================]
[  ]    ---- :    176.9 MLBUps    204.17 GB/s [====================]
[  ]    ---- :    177.4 MLBUps    204.76 GB/s [====================]
[  ]    ---- :    177.3 MLBUps    204.55 GB/s [====================]
[  ]    ---- :    177.3 MLBUps    204.59 GB/s [====================]
[  ]    ---- :    177.2 MLBUps    204.49 GB/s [====================]
[  ]    ---- :    177.1 MLBUps    204.43 GB/s [====================]
[  ]    ---- :    177.2 MLBUps    204.47 GB/s [====================]
[  ]    ---- :    177.4 MLBUps    204.73 GB/s [====================]
[  ]    ---- :    176.7 MLBUps    203.95 GB/s [====================]
[  ]    ---- :    177.0 MLBUps    204.27 GB/s [====================]
[  ]    ---- :    176.4 MLBUps    203.62 GB/s [====================]
[  ]    ---- :    176.7 MLBUps    203.93 GB/s [====================]
[  ]    ---- :    177.1 MLBUps    204.34 GB/s [====================]
[  ]    ---- :    176.6 MLBUps    203.78 GB/s [====================]
[  ]    ---- :    177.1 MLBUps    204.39 GB/s [====================]
[  ]    ---- :    177.4 MLBUps    204.71 GB/s [====================]
[  ]    ---- :    176.8 MLBUps    204.05 GB/s [====================]
[  ]    ---- :    177.3 MLBUps    204.58 GB/s [====================]
[  ]    ---- :    176.9 MLBUps    204.09 GB/s [====================]
[  ]    ---- :    177.1 MLBUps    204.32 GB/s [====================]
[  ]    ---- :    176.7 MLBUps    203.89 GB/s [====================]
[  ]    ---- :    177.1 MLBUps    204.42 GB/s [====================]
[  ]    ---- :    176.9 MLBUps    204.17 GB/s [====================]
[  ]    ---- :    176.9 MLBUps    204.14 GB/s [====================]
[  ]    ---- :    177.2 MLBUps    204.54 GB/s [====================]
[  ]    ---- :    177.0 MLBUps    204.29 GB/s [====================]
[  ]    ---- :    176.7 MLBUps    203.96 GB/s [====================]
[  ]    ---- :    176.6 MLBUps    203.80 GB/s [====================]
[  ]    ---- :    177.1 MLBUps    204.40 GB/s [====================]
[  ]    ---- :    176.9 MLBUps    204.13 GB/s [====================]
[  ]    ---- :    177.4 MLBUps    204.74 GB/s [====================]
[  ]    ---- :    176.9 MLBUps    204.18 GB/s [====================]
[  ]    ---- :    177.3 MLBUps    204.56 GB/s [====================]
[  ]    ---- :    176.5 MLBUps    203.72 GB/s [====================]
[  ]    ---- :    176.5 MLBUps    203.67 GB/s [====================]
[  ]    ---- :    177.0 MLBUps    204.30 GB/s [====================]
[  ]    ---- :    176.6 MLBUps    203.76 GB/s [====================]
[  ]    ---- :     6000 it writing vtk
[  ]    ---- :      7.1 MLBUps      8.14 GB/s [====================]
[  ]    218.0 MLBUps    251.54 GB/s [============        ]  0s
[  ]    ---- :    136.1 MLBUps    157.05 GB/s [====================]
[  ]    ---- :    175.3 MLBUps    202.28 GB/s [====================]
[  ]    ---- :    176.1 MLBUps    203.25 GB/s [====================]
[  ]    ---- :    176.1 MLBUps    203.22 GB/s [====================]
[  ]    ---- :    176.7 MLBUps    203.88 GB/s [====================]
[  ]    ---- :    176.5 MLBUps    203.62 GB/s [====================]
[  ]    ---- :    175.9 MLBUps    203.00 GB/s [====================]
[  ]    ---- :    176.4 MLBUps    203.54 GB/s [====================]
[  ]    ---- :    176.5 MLBUps    203.70 GB/s [====================]
[  ]    ---- :    176.0 MLBUps    203.11 GB/s [====================]
[  ]    ---- :    176.1 MLBUps    203.23 GB/s [====================]
[  ]    ---- :    176.1 MLBUps    203.27 GB/s [====================]
[  ]    ---- :    175.9 MLBUps    202.95 GB/s [====================]
[  ]    ---- :    176.7 MLBUps    203.86 GB/s [====================]
[  ]    ---- :    176.0 MLBUps    203.09 GB/s [====================]
[  ]    ---- :    176.6 MLBUps    203.77 GB/s [====================]
[  ]    ---- :    175.7 MLBUps    202.76 GB/s [====================]
[  ]    ---- :    176.2 MLBUps    203.30 GB/s [====================]
[  ]    ---- :    176.0 MLBUps    203.11 GB/s [====================]
[  ]    ---- :    176.0 MLBUps    203.15 GB/s [====================]
[  ]    ---- :    175.7 MLBUps    202.70 GB/s [====================]
[  ]    ---- :    175.2 MLBUps    202.22 GB/s [====================]
[  ]    ---- :    175.6 MLBUps    202.62 GB/s [====================]
[  ]    ---- :    176.3 MLBUps    203.48 GB/s [====================]
[  ]    ---- :    175.6 MLBUps    202.69 GB/s [====================]
[  ]    ---- :    176.0 MLBUps    203.09 GB/s [====================]
[  ]    ---- :    176.1 MLBUps    203.21 GB/s [====================]
[  ]    ---- :    176.6 MLBUps    203.76 GB/s [====================]
[  ]    ---- :    176.3 MLBUps    203.51 GB/s [====================]
[  ]    ---- :    176.1 MLBUps    203.27 GB/s [====================]
[  ]    ---- :    175.7 MLBUps    202.77 GB/s [====================]
[  ]    ---- :    176.1 MLBUps    203.17 GB/s [====================]
[  ]    ---- :    176.4 MLBUps    203.54 GB/s [====================]
[  ]    ---- :    176.0 MLBUps    203.08 GB/s [====================]
[  ]    ---- :    176.0 MLBUps    203.15 GB/s [====================]
[  ]    ---- :    176.3 MLBUps    203.42 GB/s [====================]
[  ]    ---- :    176.1 MLBUps    203.26 GB/s [====================]
[  ]    ---- :    175.6 MLBUps    202.64 GB/s [====================]
[  ]    ---- :    175.5 MLBUps    202.51 GB/s [====================]
[  ]    ---- :    176.8 MLBUps    204.01 GB/s [====================]
[  ]    ---- :    175.9 MLBUps    203.04 GB/s [====================]
[  ]    ---- :    176.1 MLBUps    203.23 GB/s [====================]
[  ]    ---- :    175.9 MLBUps    202.96 GB/s [====================]
[  ]    ---- :    176.0 MLBUps    203.16 GB/s [====================]
[  ]    ---- :    176.6 MLBUps    203.78 GB/s [====================]
[  ]    ---- :    176.2 MLBUps    203.32 GB/s [====================]
[  ]    ---- :    175.9 MLBUps    203.00 GB/s [====================]
[  ]    ---- :    176.3 MLBUps    203.39 GB/s [====================]
[  ]    ---- :    175.9 MLBUps    202.98 GB/s [====================]
[  ]    ---- :    176.1 MLBUps    203.20 GB/s [====================]
[  ]    ---- :    175.6 MLBUps    202.61 GB/s [====================]
[  ]    ---- :    175.6 MLBUps    202.67 GB/s [====================]
[  ]    ---- :    176.1 MLBUps    203.28 GB/s [====================]
[  ]    ---- :    175.3 MLBUps    202.25 GB/s [====================]
[  ]    ---- :    175.1 MLBUps    202.10 GB/s [====================]
[  ]    ---- :    176.2 MLBUps    203.33 GB/s [====================]
[  ]    ---- :    175.8 MLBUps    202.86 GB/s [====================]
[  ]    ---- :    175.7 MLBUps    202.76 GB/s [====================]
[  ]    ---- :    176.6 MLBUps    203.75 GB/s [====================]
[  ]    ---- :    176.4 MLBUps    203.55 GB/s [====================]
[  ]    ---- :    175.9 MLBUps    203.03 GB/s [====================]
[  ]    ---- :    175.3 MLBUps    202.25 GB/s [====================]
[  ]    ---- :    175.8 MLBUps    202.90 GB/s [====================]
[  ]    ---- :    176.4 MLBUps    203.51 GB/s [====================]
[  ]    ---- :    176.3 MLBUps    203.48 GB/s [====================]
[  ]    ---- :    175.5 MLBUps    202.52 GB/s [====================]
[  ]    ---- :    176.0 MLBUps    203.12 GB/s [====================]
[  ]    ---- :    176.0 MLBUps    203.13 GB/s [====================]
[  ]    ---- :    176.3 MLBUps    203.42 GB/s [====================]
[  ]    ---- :    175.8 MLBUps    202.84 GB/s [====================]
[  ]    ---- :    176.1 MLBUps    203.20 GB/s [====================]
[  ]    ---- :    176.2 MLBUps    203.30 GB/s [====================]
[  ]    ---- :    176.2 MLBUps    203.35 GB/s [====================]
[  ]    ---- :    175.7 MLBUps    202.76 GB/s [====================]
[  ]    ---- :    176.2 MLBUps    203.36 GB/s [====================]
[  ]    ---- :    176.1 MLBUps    203.22 GB/s [====================]
[  ]    ---- :    176.3 MLBUps    203.42 GB/s [====================]
[  ]    ---- :    176.4 MLBUps    203.51 GB/s [====================]
[  ]    ---- :    176.2 MLBUps    203.38 GB/s [====================]
[  ]    ---- :    175.9 MLBUps    203.03 GB/s [====================]
[  ]    ---- :    175.7 MLBUps    202.78 GB/s [====================]
[  ]    ---- :    175.9 MLBUps    202.96 GB/s [====================]
[  ]    ---- :    176.5 MLBUps    203.65 GB/s [====================]
[  ]    ---- :    176.3 MLBUps    203.47 GB/s [====================]
[  ]    ---- :    176.2 MLBUps    203.34 GB/s [====================]
[  ]    ---- :    175.4 MLBUps    202.45 GB/s [====================]
[  ]    ---- :    176.1 MLBUps    203.20 GB/s [====================]
[  ]    ---- :    176.2 MLBUps    203.31 GB/s [====================]
[  ]    ---- :    176.3 MLBUps    203.42 GB/s [====================]
[  ]    ---- :    175.2 MLBUps    202.18 GB/s [====================]
[  ]    ---- :    176.0 MLBUps    203.10 GB/s [====================]
[  ]    ---- :    175.7 MLBUps    202.81 GB/s [====================]
[  ]    ---- :    176.2 MLBUps    203.37 GB/s [====================]
[  ]    ---- :    176.1 MLBUps    203.23 GB/s [====================]
[  ]    ---- :    176.0 MLBUps    203.06 GB/s [====================]
[  ]    ---- :    176.2 MLBUps    203.31 GB/s [====================]
[  ]    ---- :    175.9 MLBUps    202.95 GB/s [====================]
[  ]    ---- :    175.6 MLBUps    202.64 GB/s [====================]
[  ]    ---- :    176.2 MLBUps    203.39 GB/s [====================]
[  ]    ---- :    176.0 MLBUps    203.14 GB/s [====================]
[  ]    ---- :    176.6 MLBUps    203.83 GB/s [====================]
[  ]    ---- :    175.4 MLBUps    202.45 GB/s [====================]
[  ]    ---- :    176.4 MLBUps    203.53 GB/s [====================]
[  ]    ---- :    176.1 MLBUps    203.23 GB/s [====================]
[  ]    ---- :    175.9 MLBUps    202.95 GB/s [====================]
[  ]    ---- :    176.2 MLBUps    203.30 GB/s [====================]
[  ]    ---- :    176.5 MLBUps    203.63 GB/s [====================]
[  ]    ---- :    176.0 MLBUps    203.09 GB/s [====================]
[  ]    ---- :    175.8 MLBUps    202.87 GB/s [====================]
[  ]    ---- :    175.8 MLBUps    202.82 GB/s [====================]
[  ]    ---- :    176.1 MLBUps    203.24 GB/s [====================]
[  ]    ---- :    176.2 MLBUps    203.34 GB/s [====================]
[  ]    ---- :    176.3 MLBUps    203.49 GB/s [====================]
[  ]    ---- :    176.5 MLBUps    203.68 GB/s [====================]
[  ]    ---- :    175.0 MLBUps    201.95 GB/s [====================]
[  ]    ---- :    176.4 MLBUps    203.54 GB/s [====================]
[  ]    ---- :    176.0 MLBUps    203.11 GB/s [====================]
[  ]    ---- :    175.6 MLBUps    202.62 GB/s [====================]
[  ]    ---- :    174.6 MLBUps    201.44 GB/s [====================]
[  ]    ---- :    175.5 MLBUps    202.52 GB/s [====================]
[  ]    ---- :    175.7 MLBUps    202.77 GB/s [====================]
[  ]    ---- :    175.6 MLBUps    202.65 GB/s [====================]
[  ]    ---- :    176.2 MLBUps    203.32 GB/s [====================]
[  ]    ---- :    176.3 MLBUps    203.43 GB/s [====================]
[  ]    ---- :    175.9 MLBUps    202.97 GB/s [====================]
[  ]    ---- :    176.2 MLBUps    203.31 GB/s [====================]
[  ]    ---- :    175.9 MLBUps    202.98 GB/s [====================]
[  ]    ---- :    176.1 MLBUps    203.18 GB/s [====================]
[  ]    ---- :    175.2 MLBUps    202.23 GB/s [====================]
[  ]    ---- :    175.4 MLBUps    202.41 GB/s [====================]
[  ]    ---- :    176.3 MLBUps    203.42 GB/s [====================]
[  ]    ---- :    176.3 MLBUps    203.50 GB/s [====================]
[  ]    ---- :    176.1 MLBUps    203.20 GB/s [====================]
[  ]    ---- :    175.8 MLBUps    202.85 GB/s [====================]
[  ]    ---- :    176.4 MLBUps    203.57 GB/s [====================]
[  ]    ---- :    176.5 MLBUps    203.64 GB/s [====================]
[  ]    ---- :    175.9 MLBUps    202.95 GB/s [====================]
[  ]    ---- :    175.8 MLBUps    202.83 GB/s [====================]
[  ]    ---- :    175.8 MLBUps    202.86 GB/s [====================]
[  ]    ---- :    176.4 MLBUps    203.54 GB/s [====================]
[  ]    ---- :    176.2 MLBUps    203.32 GB/s [====================]
[  ]    ---- :    176.1 MLBUps    203.23 GB/s [====================]
[  ]    ---- :    176.2 MLBUps    203.29 GB/s [====================]
[  ]    ---- :    176.4 MLBUps    203.52 GB/s [====================]
[  ]    ---- :    176.2 MLBUps    203.33 GB/s [====================]
[  ]    ---- :    175.7 MLBUps    202.74 GB/s [====================]
[  ]    ---- :    175.6 MLBUps    202.65 GB/s [====================]
[  ]    ---- :    175.7 MLBUps    202.76 GB/s [====================]
[  ]    ---- :    175.5 MLBUps    202.58 GB/s [====================]
[  ]    ---- :    176.2 MLBUps    203.31 GB/s [====================]
[  ]    ---- :    176.5 MLBUps    203.64 GB/s [====================]
[  ]    ---- :    176.0 MLBUps    203.06 GB/s [====================]
[  ]    ---- :    176.0 MLBUps    203.14 GB/s [====================]
[  ]    ---- :    175.8 MLBUps    202.90 GB/s [====================]
[  ]    ---- :    175.6 MLBUps    202.68 GB/s [====================]
[  ]    ---- :    175.6 MLBUps    202.62 GB/s [====================]
[  ]    ---- :    176.5 MLBUps    203.66 GB/s [====================]
[  ]    ---- :    176.4 MLBUps    203.58 GB/s [====================]
[  ]    ---- :    175.2 MLBUps    202.20 GB/s [====================]
[  ]    ---- :    175.5 MLBUps    202.51 GB/s [====================]
[  ]    ---- :    176.4 MLBUps    203.51 GB/s [====================]
[  ]    ---- :    175.4 MLBUps    202.44 GB/s [====================]
[  ]    ---- :    175.6 MLBUps    202.59 GB/s [====================]
[  ]    ---- :    176.3 MLBUps    203.41 GB/s [====================]
[  ]    ---- :    176.3 MLBUps    203.49 GB/s [====================]
[  ]    ---- :    175.9 MLBUps    203.03 GB/s [====================]
[  ]    ---- :    175.3 MLBUps    202.35 GB/s [====================]
[  ]    ---- :    176.2 MLBUps    203.33 GB/s [====================]
[  ]    ---- :    175.9 MLBUps    202.94 GB/s [====================]
[  ]    ---- :    176.0 MLBUps    203.10 GB/s [====================]
[  ]    ---- :    176.3 MLBUps    203.43 GB/s [====================]
[  ]    ---- :    176.5 MLBUps    203.67 GB/s [====================]
[  ]    ---- :    175.8 MLBUps    202.90 GB/s [====================]
[  ]    ---- :    175.9 MLBUps    202.97 GB/s [====================]
[  ]    ---- :    175.9 MLBUps    202.96 GB/s [====================]
[  ]    ---- :    175.8 MLBUps    202.85 GB/s [====================]
[  ]    ---- :    176.5 MLBUps    203.68 GB/s [====================]
[  ]    ---- :    176.0 MLBUps    203.12 GB/s [====================]
[  ]    ---- :    176.7 MLBUps    203.86 GB/s [====================]
[  ]    ---- :    176.2 MLBUps    203.32 GB/s [====================]
[  ]    ---- :    176.4 MLBUps    203.59 GB/s [====================]
[  ]    ---- :    176.2 MLBUps    203.35 GB/s [====================]
[  ]    ---- :    175.8 MLBUps    202.90 GB/s [====================]
[  ]    ---- :    176.1 MLBUps    203.19 GB/s [====================]
[  ]    ---- :    176.2 MLBUps    203.37 GB/s [====================]
[  ]    ---- :    176.4 MLBUps    203.56 GB/s [====================]
[  ]    ---- :    176.0 MLBUps    203.07 GB/s [====================]
[  ]    ---- :    176.2 MLBUps    203.33 GB/s [====================]
[  ]    ---- :    176.1 MLBUps    203.18 GB/s [====================]
[  ]    ---- :    176.1 MLBUps    203.18 GB/s [====================]
[  ]    ---- :    176.6 MLBUps    203.75 GB/s [====================]
[  ]    ---- :    176.0 MLBUps    203.09 GB/s [====================]
[  ]    ---- :    176.3 MLBUps    203.41 GB/s [====================]
[  ]    ---- :    176.6 MLBUps    203.80 GB/s [====================]
[  ]    ---- :    176.3 MLBUps    203.49 GB/s [====================]
[  ]    ---- :    176.4 MLBUps    203.56 GB/s [====================]
[  ]    ---- :    175.4 MLBUps    202.37 GB/s [====================]
[  ]    ---- :    175.7 MLBUps    202.80 GB/s [====================]
[  ]    ---- :    175.7 MLBUps    202.79 GB/s [====================]
[  ]    ---- :     8000 it writing vtk
[  ]    ---- :      7.5 MLBUps      8.66 GB/s [====================]
[  ]    219.2 MLBUps    252.99 GB/s [============        ]  0s
[  ]    ---- :    136.9 MLBUps    157.96 GB/s [====================]
[  ]    ---- :    176.9 MLBUps    204.10 GB/s [====================]
[  ]    ---- :    177.0 MLBUps    204.21 GB/s [====================]
[  ]    ---- :    177.4 MLBUps    204.72 GB/s [====================]
[  ]    ---- :    177.6 MLBUps    204.97 GB/s [====================]
[  ]    ---- :    177.1 MLBUps    204.38 GB/s [====================]
[  ]    ---- :    177.2 MLBUps    204.47 GB/s [====================]
[  ]    ---- :    177.2 MLBUps    204.49 GB/s [====================]
[  ]    ---- :    177.1 MLBUps    204.41 GB/s [====================]
[  ]    ---- :    176.6 MLBUps    203.75 GB/s [====================]
[  ]    ---- :    177.0 MLBUps    204.23 GB/s [====================]
[  ]    ---- :    176.9 MLBUps    204.09 GB/s [====================]
[  ]    ---- :    177.1 MLBUps    204.33 GB/s [====================]
[  ]    ---- :    177.4 MLBUps    204.76 GB/s [====================]
[  ]    ---- :    177.3 MLBUps    204.59 GB/s [====================]
[  ]    ---- :    177.1 MLBUps    204.40 GB/s [====================]
[  ]    ---- :    176.6 MLBUps    203.80 GB/s [====================]
[  ]    ---- :    176.8 MLBUps    204.07 GB/s [====================]
[  ]    ---- :    177.1 MLBUps    204.35 GB/s [====================]
[  ]    ---- :    177.2 MLBUps    204.54 GB/s [====================]
[  ]    ---- :    177.2 MLBUps    204.50 GB/s [====================]
[  ]    ---- :    176.8 MLBUps    204.06 GB/s [====================]
[  ]    ---- :    177.3 MLBUps    204.64 GB/s [====================]
[  ]    ---- :    176.3 MLBUps    203.43 GB/s [====================]
[  ]    ---- :    176.8 MLBUps    204.01 GB/s [====================]
[  ]    ---- :    177.3 MLBUps    204.65 GB/s [====================]
[  ]    ---- :    176.8 MLBUps    204.04 GB/s [====================]
[  ]    ---- :    177.0 MLBUps    204.24 GB/s [====================]
[  ]    ---- :    176.9 MLBUps    204.10 GB/s [====================]
[  ]    ---- :    177.4 MLBUps    204.76 GB/s [====================]
[  ]    ---- :    177.1 MLBUps    204.36 GB/s [====================]
[  ]    ---- :    176.8 MLBUps    203.99 GB/s [====================]
[  ]    ---- :    176.8 MLBUps    204.07 GB/s [====================]
[  ]    ---- :    177.1 MLBUps    204.35 GB/s [====================]
[  ]    ---- :    177.1 MLBUps    204.33 GB/s [====================]
[  ]    ---- :    177.8 MLBUps    205.17 GB/s [====================]
[  ]    ---- :    177.1 MLBUps    204.40 GB/s [====================]
[  ]    ---- :    177.5 MLBUps    204.85 GB/s [====================]
[  ]    ---- :    177.2 MLBUps    204.50 GB/s [====================]
[  ]    ---- :    177.3 MLBUps    204.55 GB/s [====================]
[  ]    ---- :    177.3 MLBUps    204.56 GB/s [====================]
[  ]    ---- :    177.3 MLBUps    204.56 GB/s [====================]
[  ]    ---- :    177.0 MLBUps    204.26 GB/s [====================]
[  ]    ---- :    177.3 MLBUps    204.62 GB/s [====================]
[  ]    ---- :    177.2 MLBUps    204.43 GB/s [====================]
[  ]    ---- :    177.4 MLBUps    204.76 GB/s [====================]
[  ]    ---- :    177.5 MLBUps    204.79 GB/s [====================]
[  ]    ---- :    177.3 MLBUps    204.57 GB/s [====================]
[  ]    ---- :    177.2 MLBUps    204.51 GB/s [====================]
[  ]    ---- :    177.4 MLBUps    204.77 GB/s [====================]
[  ]    ---- :    177.0 MLBUps    204.30 GB/s [====================]
[  ]    ---- :    177.6 MLBUps    205.01 GB/s [====================]
[  ]    ---- :    176.9 MLBUps    204.12 GB/s [====================]
[  ]    ---- :    177.5 MLBUps    204.81 GB/s [====================]
[  ]    ---- :    176.8 MLBUps    204.08 GB/s [====================]
[  ]    ---- :    177.3 MLBUps    204.56 GB/s [====================]
[  ]    ---- :    177.2 MLBUps    204.49 GB/s [====================]
[  ]    ---- :    177.3 MLBUps    204.65 GB/s [====================]
[  ]    ---- :    176.5 MLBUps    203.65 GB/s [====================]
[  ]    ---- :    176.9 MLBUps    204.14 GB/s [====================]
[  ]    ---- :    176.9 MLBUps    204.18 GB/s [====================]
[  ]    ---- :    177.4 MLBUps    204.69 GB/s [====================]
[  ]    ---- :    177.0 MLBUps    204.28 GB/s [====================]
[  ]    ---- :    176.7 MLBUps    203.93 GB/s [====================]
[  ]    ---- :    177.3 MLBUps    204.62 GB/s [====================]
[  ]    ---- :    177.1 MLBUps    204.41 GB/s [====================]
[  ]    ---- :    176.8 MLBUps    203.99 GB/s [====================]
[  ]    ---- :    176.9 MLBUps    204.09 GB/s [====================]
[  ]    ---- :    177.0 MLBUps    204.31 GB/s [====================]
[  ]    ---- :    177.1 MLBUps    204.32 GB/s [====================]
[  ]    ---- :    177.2 MLBUps    204.54 GB/s [====================]
[  ]    ---- :    177.0 MLBUps    204.23 GB/s [====================]
[  ]    ---- :    177.1 MLBUps    204.43 GB/s [====================]
[  ]    ---- :    177.4 MLBUps    204.68 GB/s [====================]
[  ]    ---- :    177.1 MLBUps    204.35 GB/s [====================]
[  ]    ---- :    177.5 MLBUps    204.78 GB/s [====================]
[  ]    ---- :    176.9 MLBUps    204.16 GB/s [====================]
[  ]    ---- :    177.1 MLBUps    204.35 GB/s [====================]
[  ]    ---- :    177.3 MLBUps    204.59 GB/s [====================]
[  ]    ---- :    177.0 MLBUps    204.26 GB/s [====================]
[  ]    ---- :    176.7 MLBUps    203.88 GB/s [====================]
[  ]    ---- :    177.3 MLBUps    204.66 GB/s [====================]
[  ]    ---- :    177.1 MLBUps    204.41 GB/s [====================]
[  ]    ---- :    177.5 MLBUps    204.80 GB/s [====================]
[  ]    ---- :    177.3 MLBUps    204.58 GB/s [====================]
[  ]    ---- :    177.2 MLBUps    204.50 GB/s [====================]
[  ]    ---- :    177.2 MLBUps    204.46 GB/s [====================]
[  ]    ---- :    177.3 MLBUps    204.63 GB/s [====================]
[  ]    ---- :    176.5 MLBUps    203.72 GB/s [====================]
[  ]    ---- :    177.2 MLBUps    204.45 GB/s [====================]
[  ]    ---- :    177.3 MLBUps    204.61 GB/s [====================]
[  ]    ---- :    177.1 MLBUps    204.43 GB/s [====================]
[  ]    ---- :    177.6 MLBUps    204.92 GB/s [====================]
[  ]    ---- :    176.9 MLBUps    204.19 GB/s [====================]
[  ]    ---- :    177.2 MLBUps    204.54 GB/s [====================]
[  ]    ---- :    177.4 MLBUps    204.67 GB/s [====================]
[  ]    ---- :    177.2 MLBUps    204.45 GB/s [====================]
[  ]    ---- :    177.0 MLBUps    204.28 GB/s [====================]
[  ]    ---- :    177.1 MLBUps    204.36 GB/s [====================]
[  ]    ---- :    177.4 MLBUps    204.77 GB/s [====================]
[  ]    ---- :    177.8 MLBUps    205.24 GB/s [====================]
[  ]    ---- :    177.3 MLBUps    204.55 GB/s [====================]
[  ]    ---- :    177.6 MLBUps    204.95 GB/s [====================]
[  ]    ---- :    177.2 MLBUps    204.45 GB/s [====================]
[  ]    ---- :    177.2 MLBUps    204.53 GB/s [====================]
[  ]    ---- :    177.3 MLBUps    204.56 GB/s [====================]
[  ]    ---- :    177.3 MLBUps    204.66 GB/s [====================]
[  ]    ---- :    177.3 MLBUps    204.58 GB/s [====================]
[  ]    ---- :    177.2 MLBUps    204.51 GB/s [====================]
[  ]    ---- :    177.4 MLBUps    204.69 GB/s [====================]
[  ]    ---- :    176.4 MLBUps    203.56 GB/s [====================]
[  ]    ---- :    177.0 MLBUps    204.27 GB/s [====================]
[  ]    ---- :    177.5 MLBUps    204.84 GB/s [====================]
[  ]    ---- :    177.3 MLBUps    204.55 GB/s [====================]
[  ]    ---- :    177.2 MLBUps    204.54 GB/s [====================]
[  ]    ---- :    176.6 MLBUps    203.78 GB/s [====================]
[  ]    ---- :    177.4 MLBUps    204.76 GB/s [====================]
[  ]    ---- :    177.5 MLBUps    204.85 GB/s [====================]
[  ]    ---- :    177.2 MLBUps    204.51 GB/s [====================]
[  ]    ---- :    177.3 MLBUps    204.65 GB/s [====================]
[  ]    ---- :    177.4 MLBUps    204.71 GB/s [====================]
[  ]    ---- :    176.9 MLBUps    204.20 GB/s [====================]
[  ]    ---- :    177.4 MLBUps    204.67 GB/s [====================]
[  ]    ---- :    177.2 MLBUps    204.43 GB/s [====================]
[  ]    ---- :    177.1 MLBUps    204.33 GB/s [====================]
[  ]    ---- :    177.2 MLBUps    204.53 GB/s [====================]
[  ]    ---- :    177.2 MLBUps    204.54 GB/s [====================]
[  ]    ---- :    176.9 MLBUps    204.20 GB/s [====================]
[  ]    ---- :    177.0 MLBUps    204.23 GB/s [====================]
[  ]    ---- :    177.3 MLBUps    204.55 GB/s [====================]
[  ]    ---- :    177.3 MLBUps    204.55 GB/s [====================]
[  ]    ---- :    177.6 MLBUps    204.96 GB/s [====================]
[  ]    ---- :    177.3 MLBUps    204.59 GB/s [====================]
[  ]    ---- :    177.2 MLBUps    204.45 GB/s [====================]
[  ]    ---- :    176.9 MLBUps    204.11 GB/s [====================]
[  ]    ---- :    177.4 MLBUps    204.77 GB/s [====================]
[  ]    ---- :    177.0 MLBUps    204.21 GB/s [====================]
[  ]    ---- :    177.4 MLBUps    204.68 GB/s [====================]
[  ]    ---- :    177.5 MLBUps    204.78 GB/s [====================]
[  ]    ---- :    177.2 MLBUps    204.44 GB/s [====================]
[  ]    ---- :    177.7 MLBUps    205.08 GB/s [====================]
[  ]    ---- :    176.9 MLBUps    204.19 GB/s [====================]
[  ]    ---- :    177.2 MLBUps    204.47 GB/s [====================]
[  ]    ---- :    177.7 MLBUps    205.04 GB/s [====================]
[  ]    ---- :    177.2 MLBUps    204.48 GB/s [====================]
[  ]    ---- :    177.4 MLBUps    204.72 GB/s [====================]
[  ]    ---- :    177.4 MLBUps    204.74 GB/s [====================]
[  ]    ---- :    177.1 MLBUps    204.41 GB/s [====================]
[  ]    ---- :    177.0 MLBUps    204.24 GB/s [====================]
[  ]    ---- :    177.3 MLBUps    204.59 GB/s [====================]
[  ]    ---- :    177.2 MLBUps    204.45 GB/s [====================]
[  ]    ---- :    177.1 MLBUps    204.32 GB/s [====================]
[  ]    ---- :    177.2 MLBUps    204.48 GB/s [====================]
[  ]    ---- :    177.5 MLBUps    204.85 GB/s [====================]
[  ]    ---- :    177.6 MLBUps    204.94 GB/s [====================]
[  ]    ---- :    177.5 MLBUps    204.81 GB/s [====================]
[  ]    ---- :    177.1 MLBUps    204.33 GB/s [====================]
[  ]    ---- :    177.3 MLBUps    204.55 GB/s [====================]
[  ]    ---- :    177.4 MLBUps    204.77 GB/s [====================]
[  ]    ---- :    177.0 MLBUps    204.28 GB/s [====================]
[  ]    ---- :    177.3 MLBUps    204.55 GB/s [====================]
[  ]    ---- :    177.4 MLBUps    204.77 GB/s [====================]
[  ]    ---- :    177.4 MLBUps    204.75 GB/s [====================]
[  ]    ---- :    177.6 MLBUps    204.98 GB/s [====================]
[  ]    ---- :    177.2 MLBUps    204.52 GB/s [====================]
[  ]    ---- :    177.4 MLBUps    204.77 GB/s [====================]
[  ]    ---- :    177.2 MLBUps    204.47 GB/s [====================]
[  ]    ---- :    176.9 MLBUps    204.12 GB/s [====================]
[  ]    ---- :    177.2 MLBUps    204.48 GB/s [====================]
[  ]    ---- :    177.3 MLBUps    204.61 GB/s [====================]
[  ]    ---- :    177.5 MLBUps    204.88 GB/s [====================]
[  ]    ---- :    177.2 MLBUps    204.48 GB/s [====================]
[  ]    ---- :    177.3 MLBUps    204.62 GB/s [====================]
[  ]    ---- :    177.5 MLBUps    204.78 GB/s [====================]
[  ]    ---- :    177.7 MLBUps    205.10 GB/s [====================]
[  ]    ---- :    177.2 MLBUps    204.49 GB/s [====================]
[  ]    ---- :    177.3 MLBUps    204.61 GB/s [====================]
[  ]    ---- :    177.0 MLBUps    204.29 GB/s [====================]
[  ]    ---- :    177.5 MLBUps    204.83 GB/s [====================]
[  ]    ---- :    177.4 MLBUps    204.74 GB/s [====================]
[  ]    ---- :    177.4 MLBUps    204.72 GB/s [====================]
[  ]    ---- :    177.6 MLBUps    204.99 GB/s [====================]
[  ]    ---- :    177.6 MLBUps    204.95 GB/s [====================]
[  ]    ---- :    177.5 MLBUps    204.80 GB/s [====================]
[  ]    ---- :    177.0 MLBUps    204.21 GB/s [====================]
[  ]    ---- :    177.3 MLBUps    204.57 GB/s [====================]
[  ]    ---- :    177.3 MLBUps    204.60 GB/s [====================]
[  ]    ---- :    177.6 MLBUps    204.92 GB/s [====================]
[  ]    ---- :    177.1 MLBUps    204.34 GB/s [====================]
[  ]    ---- :    176.8 MLBUps    204.07 GB/s [====================]
[  ]    ---- :    177.6 MLBUps    204.90 GB/s [====================]
[  ]    ---- :    177.6 MLBUps    204.93 GB/s [====================]
[  ]    ---- :    177.4 MLBUps    204.68 GB/s [====================]
[  ]    ---- :    177.5 MLBUps    204.81 GB/s [====================]
[  ]    ---- :    176.5 MLBUps    203.62 GB/s [====================]
[  ]    ---- :    177.4 MLBUps    204.73 GB/s [====================]
[  ]    ---- :    177.6 MLBUps    204.98 GB/s [====================]
[  ]    ---- :    177.1 MLBUps    204.35 GB/s [====================]
[  ]    ---- :    177.0 MLBUps    204.21 GB/s [====================]
[  ]    ---- :    10000 it writing vtk
[  ]    ---- : Total duration: 69.233261 s = 1.153888 min = 0.019231 h
