{
  "status": "runtime_sanity",
  "run_root": "/media/yuan/\u65b0\u52a0\u53771/RUNS/runs/stage8/stage8g_cap_contract_revision_diag_20260613/flat",
  "case_count": 1,
  "summaries": [
    {
      "status": "runtime_sanity",
      "case_id": "cap_theta030_wall011_stage8g_mode2",
      "case_dir": "/media/yuan/\u65b0\u52a0\u53771/RUNS/runs/stage8/stage8g_cap_contract_revision_diag_20260613/flat/cap_theta030_wall011_stage8g_mode2",
      "case_params": {
        "status": "runtime_sanity",
        "claim_limit": "runtime_sanity / exploratory_not_validation only",
        "case_id": "cap_theta030_wall011_stage8g_mode2",
        "remote_case": "/media/yuan/\u65b0\u52a0\u53771/RUNS/runs/stage8/stage8g_cap_contract_revision_diag_20260613/flat/cap_theta030_wall011_stage8g_mode2",
        "operator_mode": 1.0,
        "candidate_version": 8.5,
        "stage8g_mode": 2,
        "init_theta_deg": 30.0,
        "wall_angle_deg": 11.0,
        "steps": 1000,
        "vtk_expected_steps": [
          0,
          100,
          1000
        ],
        "vtk_what": "PhaseField,U,P,Rho,BOUNDARY,WallBCPath,WallStage8GradMode,WallStage8ActiveWeight,WallStage8NormalGradRaw,WallStage8NormalGradTarget,WallStage8ContactResidual,WallStage8TangentGradMag,WallStage8TargetCos,WallStage8GradWriteDeltaMag,WallStage8LimiterReason,WallStage8LocalWallAngle,WallStage8LocalWallNormal,WallStage8FluidWallAngle,WallStage8FluidWallNormal,WallStage8FluidWallDataCount,WallStage8GradCandidate,WallStage8GradCandidateUse,WallStage8NormalAgreement,WallStage8UsedGeomNormal,WallStage8TanCoeffLocal,WallStage8ThetaLocal,WallStage8PhaseC,WallStage8GradMagRaw,WallStage8TangentGradRaw,WallStage8TargetNormalGrad,WallStage8NormalDeltaRaw,WallStage8NormalDeltaLimited,WallStage8VectorDeltaRawMag,WallStage8VectorDeltaLimitedMag,WallStage8NormalLimiterHit,WallStage8VectorLimiterHit,WallStage8LimiterRatio,WallStage8RegionTag,WallStage8SphereRadialDot,WallStage8ContactBandTag,WallStage8eDnRaw,WallStage8eDnTry,WallStage8eDnLimited,WallStage8eAbsCap,WallStage8eRatioCap,WallStage8eEffectiveCap,WallStage8eCapSource,WallStage8eCapDemandRatio,WallStage8eNormalRawAbs,WallStage8eTargetNormalAbs,WallStage8eTargetMinusRawAbs,WallStage8eSmoothWeightC,WallStage8eSmoothWeightG,WallStage8eSmoothWeightT,WallStage8eSmoothWeightTotal,WallStage8eTanCoeffTimesTangent,WallStage8eLimiterClass,WallStage8eWallProfileConflict,WallStage8gMode,WallStage8gScaleRawNormal,WallStage8gScaleTarget,WallStage8gScaleTangent,WallStage8gScaleFloor,WallStage8gEffectiveScale,WallStage8gTanRaw,WallStage8gTanEff,WallStage8gRegularizationRatio,WallStage8gCapSource,WallStage8gCapDemandRatio,WallStage8gProfileTargetMismatch,WallStage8gProfileConflictSign,WallStage8gWriteAllowedFlag"
      },
      "frame_count": 3,
      "last": {
        "status": "runtime_sanity",
        "case_id": "cap_theta030_wall011_stage8g_mode2",
        "step": 1000,
        "file": "/media/yuan/\u65b0\u52a0\u53771/RUNS/runs/stage8/stage8g_cap_contract_revision_diag_20260613/flat/cap_theta030_wall011_stage8g_mode2/output/case_VTK_P00_00001000.vti",
        "dims": [
          128,
          96,
          128
        ],
        "case_params": {
          "status": "runtime_sanity",
          "claim_limit": "runtime_sanity / exploratory_not_validation only",
          "case_id": "cap_theta030_wall011_stage8g_mode2",
          "remote_case": "/media/yuan/\u65b0\u52a0\u53771/RUNS/runs/stage8/stage8g_cap_contract_revision_diag_20260613/flat/cap_theta030_wall011_stage8g_mode2",
          "operator_mode": 1.0,
          "candidate_version": 8.5,
          "stage8g_mode": 2,
          "init_theta_deg": 30.0,
          "wall_angle_deg": 11.0,
          "steps": 1000,
          "vtk_expected_steps": [
            0,
            100,
            1000
          ],
          "vtk_what": "PhaseField,U,P,Rho,BOUNDARY,WallBCPath,WallStage8GradMode,WallStage8ActiveWeight,WallStage8NormalGradRaw,WallStage8NormalGradTarget,WallStage8ContactResidual,WallStage8TangentGradMag,WallStage8TargetCos,WallStage8GradWriteDeltaMag,WallStage8LimiterReason,WallStage8LocalWallAngle,WallStage8LocalWallNormal,WallStage8FluidWallAngle,WallStage8FluidWallNormal,WallStage8FluidWallDataCount,WallStage8GradCandidate,WallStage8GradCandidateUse,WallStage8NormalAgreement,WallStage8UsedGeomNormal,WallStage8TanCoeffLocal,WallStage8ThetaLocal,WallStage8PhaseC,WallStage8GradMagRaw,WallStage8TangentGradRaw,WallStage8TargetNormalGrad,WallStage8NormalDeltaRaw,WallStage8NormalDeltaLimited,WallStage8VectorDeltaRawMag,WallStage8VectorDeltaLimitedMag,WallStage8NormalLimiterHit,WallStage8VectorLimiterHit,WallStage8LimiterRatio,WallStage8RegionTag,WallStage8SphereRadialDot,WallStage8ContactBandTag,WallStage8eDnRaw,WallStage8eDnTry,WallStage8eDnLimited,WallStage8eAbsCap,WallStage8eRatioCap,WallStage8eEffectiveCap,WallStage8eCapSource,WallStage8eCapDemandRatio,WallStage8eNormalRawAbs,WallStage8eTargetNormalAbs,WallStage8eTargetMinusRawAbs,WallStage8eSmoothWeightC,WallStage8eSmoothWeightG,WallStage8eSmoothWeightT,WallStage8eSmoothWeightTotal,WallStage8eTanCoeffTimesTangent,WallStage8eLimiterClass,WallStage8eWallProfileConflict,WallStage8gMode,WallStage8gScaleRawNormal,WallStage8gScaleTarget,WallStage8gScaleTangent,WallStage8gScaleFloor,WallStage8gEffectiveScale,WallStage8gTanRaw,WallStage8gTanEff,WallStage8gRegularizationRatio,WallStage8gCapSource,WallStage8gCapDemandRatio,WallStage8gProfileTargetMismatch,WallStage8gProfileConflictSign,WallStage8gWriteAllowedFlag"
        },
        "cell_count": 1572864,
        "wall_count": 80520,
        "fluid_count": 1492344,
        "lower_wall_count": 16384,
        "nonfinite_total": 0,
        "angle_apparent_deg": 29.476761740014496,
        "angle_error_vs_init_deg": -0.5232382599855043,
        "angle_error_vs_wall_rad_deg": NaN,
        "fit_point_count": 130,
        "fit_circle": [
          -88.94518004128032,
          63.50000000000003,
          102.17062097361931
        ],
        "wall_bc_path_counts": {
          "2": 64136,
          "5": 16384
        },
        "field_stats": {
          "PhaseField": {
            "all": {
              "count": 1572864,
              "nonfinite": 0,
              "min": 6.206075728439042e-15,
              "mean": 0.038560468150108475,
              "p01": 7.928542825020645e-14,
              "p05": 5.156094779132221e-13,
              "p50": 2.979701567017617e-09,
              "p99": 0.9870217853872254,
              "max": 0.9998813565865391,
              "sum": 60650.37217645222,
              "nonzero_count": 1572864,
              "positive_count": 1572864,
              "negative_count": 0
            },
            "fluid": {
              "count": 1492344,
              "nonfinite": 0,
              "min": 6.206075728439042e-15,
              "mean": 0.03518729017773507,
              "p01": 1.0300162289076819e-13,
              "p05": 6.659045261403259e-13,
              "p50": 3.053309866961022e-09,
              "p99": 0.9778367757863902,
              "max": 0.999765983361162,
              "sum": 52511.54137300187,
              "nonzero_count": 1492344,
              "positive_count": 1492344,
              "negative_count": 0
            },
            "wall": {
              "count": 80520,
              "nonfinite": 0,
              "min": 6.206075728439042e-15,
              "mean": 0.10107837560171817,
              "p01": 1.546102220880802e-14,
              "p05": 6.916861082656435e-14,
              "p50": 1.3267707021196228e-09,
              "p99": 0.9996868459969184,
              "max": 0.9998813565865391,
              "sum": 8138.830803450347,
              "nonzero_count": 80520,
              "positive_count": 80520,
              "negative_count": 0
            },
            "lower_wall": {
              "count": 16384,
              "nonfinite": 0,
              "min": 1.6046670939659526e-06,
              "mean": 0.49643259019244057,
              "p01": 6.50198225974648e-06,
              "p05": 0.00012765268715163585,
              "p50": 0.4682082095359972,
              "p99": 0.999854339301284,
              "max": 0.9998813565865391,
              "sum": 8133.551557712946,
              "nonzero_count": 16384,
              "positive_count": 16384,
              "negative_count": 0
            }
          },
          "Rho": {
            "all": {
              "count": 1572864,
              "nonfinite": 0,
              "min": 0.0,
              "mean": 0.03430135970537114,
              "p01": 0.0,
              "p05": 0.0,
              "p50": 0.0010000022401469842,
              "p99": 0.9750784849731648,
              "max": 0.9997662173778008,
              "sum": 53951.37383162887,
              "nonzero_count": 1492344,
              "positive_count": 1492344,
              "negative_count": 0
            },
            "fluid": {
              "count": 1492344,
              "nonfinite": 0,
              "min": 0.0010000000000062,
              "mean": 0.03615210288755736,
              "p01": 0.0010000000001028986,
              "p05": 0.0010000000006652387,
              "p50": 0.0010000030502565571,
              "p99": 0.9778589390106037,
              "max": 0.9997662173778008,
              "sum": 53951.3738316289,
              "nonzero_count": 1492344,
              "positive_count": 1492344,
              "negative_count": 0
            },
            "wall": {
              "count": 80520,
              "nonfinite": 0,
              "min": 0.0,
              "mean": 0.0,
              "p01": 0.0,
              "p05": 0.0,
              "p50": 0.0,
              "p99": 0.0,
              "max": 0.0,
              "sum": 0.0,
              "nonzero_count": 0,
              "positive_count": 0,
              "negative_count": 0
            },
            "lower_wall": {
              "count": 16384,
              "nonfinite": 0,
              "min": 0.0,
              "mean": 0.0,
              "p01": 0.0,
              "p05": 0.0,
              "p50": 0.0,
              "p99": 0.0,
              "max": 0.0,
              "sum": 0.0,
              "nonzero_count": 0,
              "positive_count": 0,
              "negative_count": 0
            }
          },
          "WallStage8GradMode": {
            "all": {
              "count": 1572864,
              "nonfinite": 0,
              "min": 1.0,
              "mean": 1.0,
              "p01": 1.0,
              "p05": 1.0,
              "p50": 1.0,
              "p99": 1.0,
              "max": 1.0,
              "sum": 1572864.0,
              "nonzero_count": 1572864,
              "positive_count": 1572864,
              "negative_count": 0
            },
            "fluid": {
              "count": 1492344,
              "nonfinite": 0,
              "min": 1.0,
              "mean": 1.0,
              "p01": 1.0,
              "p05": 1.0,
              "p50": 1.0,
              "p99": 1.0,
              "max": 1.0,
              "sum": 1492344.0,
              "nonzero_count": 1492344,
              "positive_count": 1492344,
              "negative_count": 0
            },
            "wall": {
              "count": 80520,
              "nonfinite": 0,
              "min": 1.0,
              "mean": 1.0,
              "p01": 1.0,
              "p05": 1.0,
              "p50": 1.0,
              "p99": 1.0,
              "max": 1.0,
              "sum": 80520.0,
              "nonzero_count": 80520,
              "positive_count": 80520,
              "negative_count": 0
            },
            "lower_wall": {
              "count": 16384,
              "nonfinite": 0,
              "min": 1.0,
              "mean": 1.0,
              "p01": 1.0,
              "p05": 1.0,
              "p50": 1.0,
              "p99": 1.0,
              "max": 1.0,
              "sum": 16384.0,
              "nonzero_count": 16384,
              "positive_count": 16384,
              "negative_count": 0
            }
          },
          "WallStage8ActiveWeight": {
            "all": {
              "count": 1572864,
              "nonfinite": 0,
              "min": 0.0,
              "mean": 0.00396792373812072,
              "p01": 0.0,
              "p05": 0.0,
              "p50": 0.0,
              "p99": 0.0,
              "max": 1.0,
              "sum": 6241.004402435508,
              "nonzero_count": 7896,
              "positive_count": 7896,
              "negative_count": 0
            },
            "fluid": {
              "count": 1492344,
              "nonfinite": 0,
              "min": 0.0,
              "mean": 0.004182014604163322,
              "p01": 0.0,
              "p05": 0.0,
              "p50": 0.0,
              "p99": 0.0,
              "max": 1.0,
              "sum": 6241.004402435509,
              "nonzero_count": 7896,
              "positive_count": 7896,
              "negative_count": 0
            },
            "wall": {
              "count": 80520,
              "nonfinite": 0,
              "min": 0.0,
              "mean": 0.0,
              "p01": 0.0,
              "p05": 0.0,
              "p50": 0.0,
              "p99": 0.0,
              "max": 0.0,
              "sum": 0.0,
              "nonzero_count": 0,
              "positive_count": 0,
              "negative_count": 0
            },
            "lower_wall": {
              "count": 16384,
              "nonfinite": 0,
              "min": 0.0,
              "mean": 0.0,
              "p01": 0.0,
              "p05": 0.0,
              "p50": 0.0,
              "p99": 0.0,
              "max": 0.0,
              "sum": 0.0,
              "nonzero_count": 0,
              "positive_count": 0,
              "negative_count": 0
            }
          },
          "WallStage8NormalGradRaw": {
            "all": {
              "count": 1572864,
              "nonfinite": 0,
              "min": -0.15377846123891575,
              "mean": -0.0003858452142460949,
              "p01": -2.229138976886747e-06,
              "p05": 0.0,
              "p50": 0.0,
              "p99": 2.110725706665675e-11,
              "max": 0.0003056231992374196,
              "sum": -606.8820470599698,
              "nonzero_count": 77752,
              "positive_count": 61088,
              "negative_count": 16664
            },
            "fluid": {
              "count": 1492344,
              "nonfinite": 0,
              "min": -0.15377846123891575,
              "mean": -0.00040666364260517017,
              "p01": -7.913258999826452e-05,
              "p05": 0.0,
              "p50": 0.0,
              "p99": 2.1709693709593834e-11,
              "max": 0.0003056231992374196,
              "sum": -606.8820470599701,
              "nonzero_count": 77752,
              "positive_count": 61088,
              "negative_count": 16664
            },
            "wall": {
              "count": 80520,
              "nonfinite": 0,
              "min": 0.0,
              "mean": 0.0,
              "p01": 0.0,
              "p05": 0.0,
              "p50": 0.0,
              "p99": 0.0,
              "max": 0.0,
              "sum": 0.0,
              "nonzero_count": 0,
              "positive_count": 0,
              "negative_count": 0
            },
            "lower_wall": {
              "count": 16384,
              "nonfinite": 0,
              "min": 0.0,
              "mean": 0.0,
              "p01": 0.0,
              "p05": 0.0,
              "p50": 0.0,
              "p99": 0.0,
              "max": 0.0,
              "sum": 0.0,
              "nonzero_count": 0,
              "positive_count": 0,
              "negative_count": 0
            }
          },
          "WallStage8NormalGradTarget": {
            "all": {
              "count": 1572864,
              "nonfinite": 0,
              "min": -0.23294453478235463,
              "mean": -0.0006043930972147292,
              "p01": -3.9237975905630545e-06,
              "p05": 0.0,
              "p50": 0.0,
              "p99": 1.0150855239957985e-18,
              "max": 1.3201121465721997e-11,
              "sum": -950.6281444575477,
              "nonzero_count": 77752,
              "positive_count": 61876,
              "negative_count": 15876
            },
            "fluid": {
              "count": 1492344,
              "nonfinite": 0,
              "min": -0.23294453478235463,
              "mean": -0.0006370033614619335,
              "p01": -7.038330423158462e-05,
              "p05": 0.0,
              "p50": 0.0,
              "p99": 1.0735769614939677e-18,
              "max": 1.3201121465721997e-11,
              "sum": -950.6281444575478,
              "nonzero_count": 77752,
              "positive_count": 61876,
              "negative_count": 15876
            },
            "wall": {
              "count": 80520,
              "nonfinite": 0,
              "min": 0.0,
              "mean": 0.0,
              "p01": 0.0,
              "p05": 0.0,
              "p50": 0.0,
              "p99": 0.0,
              "max": 0.0,
              "sum": 0.0,
              "nonzero_count": 0,
              "positive_count": 0,
              "negative_count": 0
            },
            "lower_wall": {
              "count": 16384,
              "nonfinite": 0,
              "min": 0.0,
              "mean": 0.0,
              "p01": 0.0,
              "p05": 0.0,
              "p50": 0.0,
              "p99": 0.0,
              "max": 0.0,
              "sum": 0.0,
              "nonzero_count": 0,
              "positive_count": 0,
              "negative_count": 0
            }
          },
          "WallStage8ContactResidual": {
            "all": {
              "count": 1572864,
              "nonfinite": 0,
              "min": -0.018313094975757283,
              "mean": 0.0018926003477884945,
              "p01": 0.0,
              "p05": 0.0,
              "p50": 0.0,
              "p99": 0.08132280536405999,
              "max": 0.35139423546296367,
              "sum": 2976.8029534240027,
              "nonzero_count": 23760,
              "positive_count": 23260,
              "negative_count": 500
            },
            "fluid": {
              "count": 1492344,
              "nonfinite": 0,
              "min": -0.018313094975757283,
              "mean": 0.001994716334453719,
              "p01": 0.0,
              "p05": 0.0,
              "p50": 0.0,
              "p99": 0.08244360395875827,
              "max": 0.35139423546296367,
              "sum": 2976.802953424001,
              "nonzero_count": 23760,
              "positive_count": 23260,
              "negative_count": 500
            },
            "wall": {
              "count": 80520,
              "nonfinite": 0,
              "min": 0.0,
              "mean": 0.0,
              "p01": 0.0,
              "p05": 0.0,
              "p50": 0.0,
              "p99": 0.0,
              "max": 0.0,
              "sum": 0.0,
              "nonzero_count": 0,
              "positive_count": 0,
              "negative_count": 0
            },
            "lower_wall": {
              "count": 16384,
              "nonfinite": 0,
              "min": 0.0,
              "mean": 0.0,
              "p01": 0.0,
              "p05": 0.0,
              "p50": 0.0,
              "p99": 0.0,
              "max": 0.0,
              "sum": 0.0,
              "nonzero_count": 0,
              "positive_count": 0,
              "negative_count": 0
            }
          },
          "WallStage8TangentGradMag": {
            "all": {
              "count": 1572864,
              "nonfinite": 0,
              "min": 0.0,
              "mean": 0.00019315850483652525,
              "p01": 0.0,
              "p05": 0.0,
              "p50": 0.0,
              "p99": 7.00065785386302e-05,
              "max": 0.07376794950234489,
              "sum": 303.81205855119646,
              "nonzero_count": 77752,
              "positive_count": 77752,
              "negative_count": 0
            },
            "fluid": {
              "count": 1492344,
              "nonfinite": 0,
              "min": 0.0,
              "mean": 0.00020358044696879295,
              "p01": 0.0,
              "p05": 0.0,
              "p50": 0.0,
              "p99": 0.00012116844233514727,
              "max": 0.07376794950234489,
              "sum": 303.81205855119634,
              "nonzero_count": 77752,
              "positive_count": 77752,
              "negative_count": 0
            },
            "wall": {
              "count": 80520,
              "nonfinite": 0,
              "min": 0.0,
              "mean": 0.0,
              "p01": 0.0,
              "p05": 0.0,
              "p50": 0.0,
              "p99": 0.0,
              "max": 0.0,
              "sum": 0.0,
              "nonzero_count": 0,
              "positive_count": 0,
              "negative_count": 0
            },
            "lower_wall": {
              "count": 16384,
              "nonfinite": 0,
              "min": 0.0,
              "mean": 0.0,
              "p01": 0.0,
              "p05": 0.0,
              "p50": 0.0,
              "p99": 0.0,
              "max": 0.0,
              "sum": 0.0,
              "nonzero_count": 0,
              "positive_count": 0,
              "negative_count": 0
            }
          },
          "WallStage8TargetCos": {
            "all": {
              "count": 1572864,
              "nonfinite": 0,
              "min": -0.981627183447664,
              "mean": -0.009826669442891085,
              "p01": -0.7261174195958495,
              "p05": 0.0,
              "p50": 0.0,
              "p99": 1.6081226496766366e-16,
              "max": 3.8285686989269494e-16,
              "sum": -15456.014606623443,
              "nonzero_count": 77752,
              "positive_count": 61874,
              "negative_count": 15878
            },
            "fluid": {
              "count": 1492344,
              "nonfinite": 0,
              "min": -0.981627183447664,
              "mean": -0.01035687120839662,
              "p01": -0.981627183447664,
              "p05": 0.0,
              "p50": 0.0,
              "p99": 1.6081226496766366e-16,
              "max": 3.8285686989269494e-16,
              "sum": -15456.014606623445,
              "nonzero_count": 77752,
              "positive_count": 61874,
              "negative_count": 15878
            },
            "wall": {
              "count": 80520,
              "nonfinite": 0,
              "min": 0.0,
              "mean": 0.0,
              "p01": 0.0,
              "p05": 0.0,
              "p50": 0.0,
              "p99": 0.0,
              "max": 0.0,
              "sum": 0.0,
              "nonzero_count": 0,
              "positive_count": 0,
              "negative_count": 0
            },
            "lower_wall": {
              "count": 16384,
              "nonfinite": 0,
              "min": 0.0,
              "mean": 0.0,
              "p01": 0.0,
              "p05": 0.0,
              "p50": 0.0,
              "p99": 0.0,
              "max": 0.0,
              "sum": 0.0,
              "nonzero_count": 0,
              "positive_count": 0,
              "negative_count": 0
            }
          },
          "WallStage8GradWriteDeltaMag": {
            "all": {
              "count": 1572864,
              "nonfinite": 0,
              "min": 0.0,
              "mean": 0.00014991941920181563,
              "p01": 0.0,
              "p05": 0.0,
              "p50": 0.0,
              "p99": 0.0,
              "max": 0.05,
              "sum": 235.80285736344453,
              "nonzero_count": 7896,
              "positive_count": 7896,
              "negative_count": 0
            },
            "fluid": {
              "count": 1492344,
              "nonfinite": 0,
              "min": 0.0,
              "mean": 0.00015800837967884385,
              "p01": 0.0,
              "p05": 0.0,
              "p50": 0.0,
              "p99": 0.0,
              "max": 0.05,
              "sum": 235.80285736344456,
              "nonzero_count": 7896,
              "positive_count": 7896,
              "negative_count": 0
            },
            "wall": {
              "count": 80520,
              "nonfinite": 0,
              "min": 0.0,
              "mean": 0.0,
              "p01": 0.0,
              "p05": 0.0,
              "p50": 0.0,
              "p99": 0.0,
              "max": 0.0,
              "sum": 0.0,
              "nonzero_count": 0,
              "positive_count": 0,
              "negative_count": 0
            },
            "lower_wall": {
              "count": 16384,
              "nonfinite": 0,
              "min": 0.0,
              "mean": 0.0,
              "p01": 0.0,
              "p05": 0.0,
              "p50": 0.0,
              "p99": 0.0,
              "max": 0.0,
              "sum": 0.0,
              "nonzero_count": 0,
              "positive_count": 0,
              "negative_count": 0
            }
          },
          "WallStage8LimiterReason": {
            "all": {
              "count": 1572864,
              "nonfinite": 0,
              "min": 0.0,
              "mean": 3.340703328450521,
              "p01": 1.0,
              "p05": 1.0,
              "p50": 2.0,
              "p99": 28.0,
              "max": 128.0,
              "sum": 5254472.0,
              "nonzero_count": 1570756,
              "positive_count": 1570756,
              "negative_count": 0
            },
            "fluid": {
              "count": 1492344,
              "nonfinite": 0,
              "min": 0.0,
              "mean": 3.466996885436602,
              "p01": 2.0,
              "p05": 2.0,
              "p50": 2.0,
              "p99": 28.0,
              "max": 128.0,
              "sum": 5173952.0,
              "nonzero_count": 1490236,
              "positive_count": 1490236,
              "negative_count": 0
            },
            "wall": {
              "count": 80520,
              "nonfinite": 0,
              "min": 1.0,
              "mean": 1.0,
              "p01": 1.0,
              "p05": 1.0,
              "p50": 1.0,
              "p99": 1.0,
              "max": 1.0,
              "sum": 80520.0,
              "nonzero_count": 80520,
              "positive_count": 80520,
              "negative_count": 0
            },
            "lower_wall": {
              "count": 16384,
              "nonfinite": 0,
              "min": 1.0,
              "mean": 1.0,
              "p01": 1.0,
              "p05": 1.0,
              "p50": 1.0,
              "p99": 1.0,
              "max": 1.0,
              "sum": 16384.0,
              "nonzero_count": 16384,
              "positive_count": 16384,
              "negative_count": 0
            }
          },
          "WallStage8LocalWallAngle": {
            "all": {
              "count": 1572864,
              "nonfinite": 0,
              "min": 0.0,
              "mean": 0.06605154381207262,
              "p01": 0.0,
              "p05": 0.0,
              "p50": 0.0,
              "p99": 1.5707963267948966,
              "max": 1.5707963267948966,
              "sum": 103890.09540643179,
              "nonzero_count": 80520,
              "positive_count": 80520,
              "negative_count": 0
            },
            "fluid": {
              "count": 1492344,
              "nonfinite": 0,
              "min": 0.0,
              "mean": 0.0,
              "p01": 0.0,
              "p05": 0.0,
              "p50": 0.0,
              "p99": 0.0,
              "max": 0.0,
              "sum": 0.0,
              "nonzero_count": 0,
              "positive_count": 0,
              "negative_count": 0
            },
            "wall": {
              "count": 80520,
              "nonfinite": 0,
              "min": 0.19198621771937624,
              "mean": 1.2902396349532013,
              "p01": 0.19198621771937624,
              "p05": 0.19198621771937624,
              "p50": 1.5707963267948966,
              "p99": 1.5707963267948966,
              "max": 1.5707963267948966,
              "sum": 103890.09540643176,
              "nonzero_count": 80520,
              "positive_count": 80520,
              "negative_count": 0
            },
            "lower_wall": {
              "count": 16384,
              "nonfinite": 0,
              "min": 0.19198621771937624,
              "mean": 0.19198621771937627,
              "p01": 0.19198621771937624,
              "p05": 0.19198621771937624,
              "p50": 0.19198621771937624,
              "p99": 0.19198621771937624,
              "max": 0.19198621771937624,
              "sum": 3145.5021911142608,
              "nonzero_count": 16384,
              "positive_count": 16384,
              "negative_count": 0
            }
          },
          "WallStage8FluidWallAngle": {
            "all": {
              "count": 1572864,
              "nonfinite": 0,
              "min": 0.0,
              "mean": 0.06391294358017705,
              "p01": 0.0,
              "p05": 0.0,
              "p50": 0.0,
              "p99": 1.5707963267948968,
              "max": 1.570796326794897,
              "sum": 100526.36809129159,
              "nonzero_count": 77752,
              "positive_count": 77752,
              "negative_count": 0
            },
            "fluid": {
              "count": 1492344,
              "nonfinite": 0,
              "min": 0.0,
              "mean": 0.06736139126856241,
              "p01": 0.0,
              "p05": 0.0,
              "p50": 0.0,
              "p99": 1.5707963267948968,
              "max": 1.570796326794897,
              "sum": 100526.3680912915,
              "nonzero_count": 77752,
              "positive_count": 77752,
              "negative_count": 0
            },
            "wall": {
              "count": 80520,
              "nonfinite": 0,
              "min": 0.0,
              "mean": 0.0,
              "p01": 0.0,
              "p05": 0.0,
              "p50": 0.0,
              "p99": 0.0,
              "max": 0.0,
              "sum": 0.0,
              "nonzero_count": 0,
              "positive_count": 0,
              "negative_count": 0
            },
            "lower_wall": {
              "count": 16384,
              "nonfinite": 0,
              "min": 0.0,
              "mean": 0.0,
              "p01": 0.0,
              "p05": 0.0,
              "p50": 0.0,
              "p99": 0.0,
              "max": 0.0,
              "sum": 0.0,
              "nonzero_count": 0,
              "positive_count": 0,
              "negative_count": 0
            }
          },
          "WallStage8FluidWallDataCount": {
            "all": {
              "count": 1572864,
              "nonfinite": 0,
              "min": 0.0,
              "mean": 0.4501393636067708,
              "p01": 0.0,
              "p05": 0.0,
              "p50": 0.0,
              "p99": 9.0,
              "max": 19.0,
              "sum": 708008.0,
              "nonzero_count": 77752,
              "positive_count": 77752,
              "negative_count": 0
            },
            "fluid": {
              "count": 1492344,
              "nonfinite": 0,
              "min": 0.0,
              "mean": 0.47442680776014107,
              "p01": 0.0,
              "p05": 0.0,
              "p50": 0.0,
              "p99": 9.0,
              "max": 19.0,
              "sum": 708008.0,
              "nonzero_count": 77752,
              "positive_count": 77752,
              "negative_count": 0
            },
            "wall": {
              "count": 80520,
              "nonfinite": 0,
              "min": 0.0,
              "mean": 0.0,
              "p01": 0.0,
              "p05": 0.0,
              "p50": 0.0,
              "p99": 0.0,
              "max": 0.0,
              "sum": 0.0,
              "nonzero_count": 0,
              "positive_count": 0,
              "negative_count": 0
            },
            "lower_wall": {
              "count": 16384,
              "nonfinite": 0,
              "min": 0.0,
              "mean": 0.0,
              "p01": 0.0,
              "p05": 0.0,
              "p50": 0.0,
              "p99": 0.0,
              "max": 0.0,
              "sum": 0.0,
              "nonzero_count": 0,
              "positive_count": 0,
              "negative_count": 0
            }
          },
          "WallStage8GradCandidateUse": {
            "all": {
              "count": 1572864,
              "nonfinite": 0,
              "min": 0.0,
              "mean": 0.0050201416015625,
              "p01": 0.0,
              "p05": 0.0,
              "p50": 0.0,
              "p99": 0.0,
              "max": 1.0,
              "sum": 7896.0,
              "nonzero_count": 7896,
              "positive_count": 7896,
              "negative_count": 0
            },
            "fluid": {
              "count": 1492344,
              "nonfinite": 0,
              "min": 0.0,
              "mean": 0.005291005291005291,
              "p01": 0.0,
              "p05": 0.0,
              "p50": 0.0,
              "p99": 0.0,
              "max": 1.0,
              "sum": 7896.0,
              "nonzero_count": 7896,
              "positive_count": 7896,
              "negative_count": 0
            },
            "wall": {
              "count": 80520,
              "nonfinite": 0,
              "min": 0.0,
              "mean": 0.0,
              "p01": 0.0,
              "p05": 0.0,
              "p50": 0.0,
              "p99": 0.0,
              "max": 0.0,
              "sum": 0.0,
              "nonzero_count": 0,
              "positive_count": 0,
              "negative_count": 0
            },
            "lower_wall": {
              "count": 16384,
              "nonfinite": 0,
              "min": 0.0,
              "mean": 0.0,
              "p01": 0.0,
              "p05": 0.0,
              "p50": 0.0,
              "p99": 0.0,
              "max": 0.0,
              "sum": 0.0,
              "nonzero_count": 0,
              "positive_count": 0,
              "negative_count": 0
            }
          },
          "WallStage8NormalAgreement": {
            "all": {
              "count": 1572864,
              "nonfinite": 0,
              "min": 0.0,
              "mean": 0.049433390299479164,
              "p01": 0.0,
              "p05": 0.0,
              "p50": 0.0,
              "p99": 1.0,
              "max": 1.0000000000000002,
              "sum": 77752.0,
              "nonzero_count": 77752,
              "positive_count": 77752,
              "negative_count": 0
            },
            "fluid": {
              "count": 1492344,
              "nonfinite": 0,
              "min": 0.0,
              "mean": 0.05210058806816659,
              "p01": 0.0,
              "p05": 0.0,
              "p50": 0.0,
              "p99": 1.0,
              "max": 1.0000000000000002,
              "sum": 77752.0,
              "nonzero_count": 77752,
              "positive_count": 77752,
              "negative_count": 0
            },
            "wall": {
              "count": 80520,
              "nonfinite": 0,
              "min": 0.0,
              "mean": 0.0,
              "p01": 0.0,
              "p05": 0.0,
              "p50": 0.0,
              "p99": 0.0,
              "max": 0.0,
              "sum": 0.0,
              "nonzero_count": 0,
              "positive_count": 0,
              "negative_count": 0
            },
            "lower_wall": {
              "count": 16384,
              "nonfinite": 0,
              "min": 0.0,
              "mean": 0.0,
              "p01": 0.0,
              "p05": 0.0,
              "p50": 0.0,
              "p99": 0.0,
              "max": 0.0,
              "sum": 0.0,
              "nonzero_count": 0,
              "positive_count": 0,
              "negative_count": 0
            }
          },
          "WallStage8UsedGeomNormal": {
            "all": {
              "count": 1572864,
              "nonfinite": 0,
              "min": 0.0,
              "mean": 0.049433390299479164,
              "p01": 0.0,
              "p05": 0.0,
              "p50": 0.0,
              "p99": 1.0,
              "max": 1.0,
              "sum": 77752.0,
              "nonzero_count": 77752,
              "positive_count": 77752,
              "negative_count": 0
            },
            "fluid": {
              "count": 1492344,
              "nonfinite": 0,
              "min": 0.0,
              "mean": 0.05210058806816659,
              "p01": 0.0,
              "p05": 0.0,
              "p50": 0.0,
              "p99": 1.0,
              "max": 1.0,
              "sum": 77752.0,
              "nonzero_count": 77752,
              "positive_count": 77752,
              "negative_count": 0
            },
            "wall": {
              "count": 80520,
              "nonfinite": 0,
              "min": 0.0,
              "mean": 0.0,
              "p01": 0.0,
              "p05": 0.0,
              "p50": 0.0,
              "p99": 0.0,
              "max": 0.0,
              "sum": 0.0,
              "nonzero_count": 0,
              "positive_count": 0,
              "negative_count": 0
            },
            "lower_wall": {
              "count": 16384,
              "nonfinite": 0,
              "min": 0.0,
              "mean": 0.0,
              "p01": 0.0,
              "p05": 0.0,
              "p50": 0.0,
              "p99": 0.0,
              "max": 0.0,
              "sum": 0.0,
              "nonzero_count": 0,
              "positive_count": 0,
              "negative_count": 0
            }
          },
          "WallStage8TanCoeffLocal": {
            "all": {
              "count": 1572864,
              "nonfinite": 0,
              "min": -1.7948968977776758e-09,
              "mean": 0.03119385040152799,
              "p01": -1.7948966757330709e-09,
              "p05": 0.0,
              "p50": 0.0,
              "p99": 1.021074967813214,
              "max": 3.15780140770959,
              "sum": 49063.68431794892,
              "nonzero_count": 77752,
              "positive_count": 15876,
              "negative_count": 61876
            },
            "fluid": {
              "count": 1492344,
              "nonfinite": 0,
              "min": -1.7948968977776758e-09,
              "mean": 0.0328769267125735,
              "p01": -1.7948966757330709e-09,
              "p05": 0.0,
              "p50": 0.0,
              "p99": 3.15780140770959,
              "max": 3.15780140770959,
              "sum": 49063.684317948784,
              "nonzero_count": 77752,
              "positive_count": 15876,
              "negative_count": 61876
            },
            "wall": {
              "count": 80520,
              "nonfinite": 0,
              "min": 0.0,
              "mean": 0.0,
              "p01": 0.0,
              "p05": 0.0,
              "p50": 0.0,
              "p99": 0.0,
              "max": 0.0,
              "sum": 0.0,
              "nonzero_count": 0,
              "positive_count": 0,
              "negative_count": 0
            },
            "lower_wall": {
              "count": 16384,
              "nonfinite": 0,
              "min": 0.0,
              "mean": 0.0,
              "p01": 0.0,
              "p05": 0.0,
              "p50": 0.0,
              "p99": 0.0,
              "max": 0.0,
              "sum": 0.0,
              "nonzero_count": 0,
              "positive_count": 0,
              "negative_count": 0
            }
          },
          "WallStage8ThetaLocal": {
            "all": {
              "count": 1572864,
              "nonfinite": 0,
              "min": 0.0,
              "mean": 0.06391294358017705,
              "p01": 0.0,
              "p05": 0.0,
              "p50": 0.0,
              "p99": 1.5707963267948968,
              "max": 1.570796326794897,
              "sum": 100526.36809129159,
              "nonzero_count": 77752,
              "positive_count": 77752,
              "negative_count": 0
            },
            "fluid": {
              "count": 1492344,
              "nonfinite": 0,
              "min": 0.0,
              "mean": 0.06736139126856241,
              "p01": 0.0,
              "p05": 0.0,
              "p50": 0.0,
              "p99": 1.5707963267948968,
              "max": 1.570796326794897,
              "sum": 100526.3680912915,
              "nonzero_count": 77752,
              "positive_count": 77752,
              "negative_count": 0
            },
            "wall": {
              "count": 80520,
              "nonfinite": 0,
              "min": 0.0,
              "mean": 0.0,
              "p01": 0.0,
              "p05": 0.0,
              "p50": 0.0,
              "p99": 0.0,
              "max": 0.0,
              "sum": 0.0,
              "nonzero_count": 0,
              "positive_count": 0,
              "negative_count": 0
            },
            "lower_wall": {
              "count": 16384,
              "nonfinite": 0,
              "min": 0.0,
              "mean": 0.0,
              "p01": 0.0,
              "p05": 0.0,
              "p50": 0.0,
              "p99": 0.0,
              "max": 0.0,
              "sum": 0.0,
              "nonzero_count": 0,
              "positive_count": 0,
              "negative_count": 0
            }
          },
          "WallStage8PhaseC": {
            "all": {
              "count": 1572864,
              "nonfinite": 0,
              "min": 0.0,
              "mean": 0.004733299864116751,
              "p01": 0.0,
              "p05": 0.0,
              "p50": 0.0,
              "p99": 0.00031321868188356863,
              "max": 0.999765983361162,
              "sum": 7444.83695747413,
              "nonzero_count": 77752,
              "positive_count": 77752,
              "negative_count": 0
            },
            "fluid": {
              "count": 1492344,
              "nonfinite": 0,
              "min": 0.0,
              "mean": 0.004988686896234468,
              "p01": 0.0,
              "p05": 0.0,
              "p50": 0.0,
              "p99": 0.0008111019938297615,
              "max": 0.999765983361162,
              "sum": 7444.83695747413,
              "nonzero_count": 77752,
              "positive_count": 77752,
              "negative_count": 0
            },
            "wall": {
              "count": 80520,
              "nonfinite": 0,
              "min": 0.0,
              "mean": 0.0,
              "p01": 0.0,
              "p05": 0.0,
              "p50": 0.0,
              "p99": 0.0,
              "max": 0.0,
              "sum": 0.0,
              "nonzero_count": 0,
              "positive_count": 0,
              "negative_count": 0
            },
            "lower_wall": {
              "count": 16384,
              "nonfinite": 0,
              "min": 0.0,
              "mean": 0.0,
              "p01": 0.0,
              "p05": 0.0,
              "p50": 0.0,
              "p99": 0.0,
              "max": 0.0,
              "sum": 0.0,
              "nonzero_count": 0,
              "positive_count": 0,
              "negative_count": 0
            }
          },
          "WallStage8GradMagRaw": {
            "all": {
              "count": 1572864,
              "nonfinite": 0,
              "min": 0.0,
              "mean": 0.00043249447151065085,
              "p01": 0.0,
              "p05": 0.0,
              "p50": 0.0,
              "p99": 0.00016248778036739956,
              "max": 0.1705457981419675,
              "sum": 680.2549844381283,
              "nonzero_count": 77752,
              "positive_count": 77752,
              "negative_count": 0
            },
            "fluid": {
              "count": 1492344,
              "nonfinite": 0,
              "min": 0.0,
              "mean": 0.00045582987865943003,
              "p01": 0.0,
              "p05": 0.0,
              "p50": 0.0,
              "p99": 0.00026387404667841915,
              "max": 0.1705457981419675,
              "sum": 680.2549844381284,
              "nonzero_count": 77752,
              "positive_count": 77752,
              "negative_count": 0
            },
            "wall": {
              "count": 80520,
              "nonfinite": 0,
              "min": 0.0,
              "mean": 0.0,
              "p01": 0.0,
              "p05": 0.0,
              "p50": 0.0,
              "p99": 0.0,
              "max": 0.0,
              "sum": 0.0,
              "nonzero_count": 0,
              "positive_count": 0,
              "negative_count": 0
            },
            "lower_wall": {
              "count": 16384,
              "nonfinite": 0,
              "min": 0.0,
              "mean": 0.0,
              "p01": 0.0,
              "p05": 0.0,
              "p50": 0.0,
              "p99": 0.0,
              "max": 0.0,
              "sum": 0.0,
              "nonzero_count": 0,
              "positive_count": 0,
              "negative_count": 0
            }
          },
          "WallStage8TangentGradRaw": {
            "all": {
              "count": 1572864,
              "nonfinite": 0,
              "min": 0.0,
              "mean": 0.00019315850483652525,
              "p01": 0.0,
              "p05": 0.0,
              "p50": 0.0,
              "p99": 7.00065785386302e-05,
              "max": 0.07376794950234489,
              "sum": 303.81205855119646,
              "nonzero_count": 77752,
              "positive_count": 77752,
              "negative_count": 0
            },
            "fluid": {
              "count": 1492344,
              "nonfinite": 0,
              "min": 0.0,
              "mean": 0.00020358044696879295,
              "p01": 0.0,
              "p05": 0.0,
              "p50": 0.0,
              "p99": 0.00012116844233514727,
              "max": 0.07376794950234489,
              "sum": 303.81205855119634,
              "nonzero_count": 77752,
              "positive_count": 77752,
              "negative_count": 0
            },
            "wall": {
              "count": 80520,
              "nonfinite": 0,
              "min": 0.0,
              "mean": 0.0,
              "p01": 0.0,
              "p05": 0.0,
              "p50": 0.0,
              "p99": 0.0,
              "max": 0.0,
              "sum": 0.0,
              "nonzero_count": 0,
              "positive_count": 0,
              "negative_count": 0
            },
            "lower_wall": {
              "count": 16384,
              "nonfinite": 0,
              "min": 0.0,
              "mean": 0.0,
              "p01": 0.0,
              "p05": 0.0,
              "p50": 0.0,
              "p99": 0.0,
              "max": 0.0,
              "sum": 0.0,
              "nonzero_count": 0,
              "positive_count": 0,
              "negative_count": 0
            }
          },
          "WallStage8TargetNormalGrad": {
            "all": {
              "count": 1572864,
              "nonfinite": 0,
              "min": -0.23294453478235463,
              "mean": -0.0006043930972147292,
              "p01": -3.9237975905630545e-06,
              "p05": 0.0,
              "p50": 0.0,
              "p99": 1.0150855239957985e-18,
              "max": 1.3201121465721997e-11,
              "sum": -950.6281444575477,
              "nonzero_count": 77752,
              "positive_count": 61876,
              "negative_count": 15876
            },
            "fluid": {
              "count": 1492344,
              "nonfinite": 0,
              "min": -0.23294453478235463,
              "mean": -0.0006370033614619335,
              "p01": -7.038330423158462e-05,
              "p05": 0.0,
              "p50": 0.0,
              "p99": 1.0735769614939677e-18,
              "max": 1.3201121465721997e-11,
              "sum": -950.6281444575478,
              "nonzero_count": 77752,
              "positive_count": 61876,
              "negative_count": 15876
            },
            "wall": {
              "count": 80520,
              "nonfinite": 0,
              "min": 0.0,
              "mean": 0.0,
              "p01": 0.0,
              "p05": 0.0,
              "p50": 0.0,
              "p99": 0.0,
              "max": 0.0,
              "sum": 0.0,
              "nonzero_count": 0,
              "positive_count": 0,
              "negative_count": 0
            },
            "lower_wall": {
              "count": 16384,
              "nonfinite": 0,
              "min": 0.0,
              "mean": 0.0,
              "p01": 0.0,
              "p05": 0.0,
              "p50": 0.0,
              "p99": 0.0,
              "max": 0.0,
              "sum": 0.0,
              "nonzero_count": 0,
              "positive_count": 0,
              "negative_count": 0
            }
          },
          "WallStage8NormalDeltaRaw": {
            "all": {
              "count": 1572864,
              "nonfinite": 0,
              "min": -0.07942820005621365,
              "mean": -0.00021165233489882623,
              "p01": 0.0,
              "p05": 0.0,
              "p50": 0.0,
              "p99": 0.0,
              "max": 0.003431165482439673,
              "sum": -332.9003380783074,
              "nonzero_count": 7896,
              "positive_count": 32,
              "negative_count": 7864
            },
            "fluid": {
              "count": 1492344,
              "nonfinite": 0,
              "min": -0.07942820005621365,
              "mean": -0.00022307211881329467,
              "p01": 0.0,
              "p05": 0.0,
              "p50": 0.0,
              "p99": 0.0,
              "max": 0.003431165482439673,
              "sum": -332.9003380783074,
              "nonzero_count": 7896,
              "positive_count": 32,
              "negative_count": 7864
            },
            "wall": {
              "count": 80520,
              "nonfinite": 0,
              "min": 0.0,
              "mean": 0.0,
              "p01": 0.0,
              "p05": 0.0,
              "p50": 0.0,
              "p99": 0.0,
              "max": 0.0,
              "sum": 0.0,
              "nonzero_count": 0,
              "positive_count": 0,
              "negative_count": 0
            },
            "lower_wall": {
              "count": 16384,
              "nonfinite": 0,
              "min": 0.0,
              "mean": 0.0,
              "p01": 0.0,
              "p05": 0.0,
              "p50": 0.0,
              "p99": 0.0,
              "max": 0.0,
              "sum": 0.0,
              "nonzero_count": 0,
              "positive_count": 0,
              "negative_count": 0
            }
          },
          "WallStage8NormalDeltaLimited": {
            "all": {
              "count": 1572864,
              "nonfinite": 0,
              "min": -0.05,
              "mean": -0.00014991939285476322,
              "p01": 0.0,
              "p05": 0.0,
              "p50": 0.0,
              "p99": 0.0,
              "max": 1.0920451003787813e-06,
              "sum": -235.8028159231143,
              "nonzero_count": 7896,
              "positive_count": 32,
              "negative_count": 7864
            },
            "fluid": {
              "count": 1492344,
              "nonfinite": 0,
              "min": -0.05,
              "mean": -0.000158008351910226,
              "p01": 0.0,
              "p05": 0.0,
              "p50": 0.0,
              "p99": 0.0,
              "max": 1.0920451003787813e-06,
              "sum": -235.80281592311434,
              "nonzero_count": 7896,
              "positive_count": 32,
              "negative_count": 7864
            },
            "wall": {
              "count": 80520,
              "nonfinite": 0,
              "min": 0.0,
              "mean": 0.0,
              "p01": 0.0,
              "p05": 0.0,
              "p50": 0.0,
              "p99": 0.0,
              "max": 0.0,
              "sum": 0.0,
              "nonzero_count": 0,
              "positive_count": 0,
              "negative_count": 0
            },
            "lower_wall": {
              "count": 16384,
              "nonfinite": 0,
              "min": 0.0,
              "mean": 0.0,
              "p01": 0.0,
              "p05": 0.0,
              "p50": 0.0,
              "p99": 0.0,
              "max": 0.0,
              "sum": 0.0,
              "nonzero_count": 0,
              "positive_count": 0,
              "negative_count": 0
            }
          },
          "WallStage8VectorDeltaRawMag": {
            "all": {
              "count": 1572864,
              "nonfinite": 0,
              "min": 0.0,
              "mean": 0.0001995999424048913,
              "p01": 0.0,
              "p05": 0.0,
              "p50": 0.0,
              "p99": 0.0,
              "max": 0.07942820005613421,
              "sum": 313.94356381072697,
              "nonzero_count": 7896,
              "positive_count": 7896,
              "negative_count": 0
            },
            "fluid": {
              "count": 1492344,
              "nonfinite": 0,
              "min": 0.0,
              "mean": 0.00021036943480238265,
              "p01": 0.0,
              "p05": 0.0,
              "p50": 0.0,
              "p99": 0.0,
              "max": 0.07942820005613421,
              "sum": 313.9435638107269,
              "nonzero_count": 7896,
              "positive_count": 7896,
              "negative_count": 0
            },
            "wall": {
              "count": 80520,
              "nonfinite": 0,
              "min": 0.0,
              "mean": 0.0,
              "p01": 0.0,
              "p05": 0.0,
              "p50": 0.0,
              "p99": 0.0,
              "max": 0.0,
              "sum": 0.0,
              "nonzero_count": 0,
              "positive_count": 0,
              "negative_count": 0
            },
            "lower_wall": {
              "count": 16384,
              "nonfinite": 0,
              "min": 0.0,
              "mean": 0.0,
              "p01": 0.0,
              "p05": 0.0,
              "p50": 0.0,
              "p99": 0.0,
              "max": 0.0,
              "sum": 0.0,
              "nonzero_count": 0,
              "positive_count": 0,
              "negative_count": 0
            }
          },
          "WallStage8VectorDeltaLimitedMag": {
            "all": {
              "count": 1572864,
              "nonfinite": 0,
              "min": 0.0,
              "mean": 0.00014991941920181563,
              "p01": 0.0,
              "p05": 0.0,
              "p50": 0.0,
              "p99": 0.0,
              "max": 0.05,
              "sum": 235.80285736344453,
              "nonzero_count": 7896,
              "positive_count": 7896,
              "negative_count": 0
            },
            "fluid": {
              "count": 1492344,
              "nonfinite": 0,
              "min": 0.0,
              "mean": 0.00015800837967884385,
              "p01": 0.0,
              "p05": 0.0,
              "p50": 0.0,
              "p99": 0.0,
              "max": 0.05,
              "sum": 235.80285736344456,
              "nonzero_count": 7896,
              "positive_count": 7896,
              "negative_count": 0
            },
            "wall": {
              "count": 80520,
              "nonfinite": 0,
              "min": 0.0,
              "mean": 0.0,
              "p01": 0.0,
              "p05": 0.0,
              "p50": 0.0,
              "p99": 0.0,
              "max": 0.0,
              "sum": 0.0,
              "nonzero_count": 0,
              "positive_count": 0,
              "negative_count": 0
            },
            "lower_wall": {
              "count": 16384,
              "nonfinite": 0,
              "min": 0.0,
              "mean": 0.0,
              "p01": 0.0,
              "p05": 0.0,
              "p50": 0.0,
              "p99": 0.0,
              "max": 0.0,
              "sum": 0.0,
              "nonzero_count": 0,
              "positive_count": 0,
              "negative_count": 0
            }
          },
          "WallStage8NormalLimiterHit": {
            "all": {
              "count": 1572864,
              "nonfinite": 0,
              "min": 0.0,
              "mean": 0.0036799112955729165,
              "p01": 0.0,
              "p05": 0.0,
              "p50": 0.0,
              "p99": 0.0,
              "max": 1.0,
              "sum": 5788.0,
              "nonzero_count": 5788,
              "positive_count": 5788,
              "negative_count": 0
            },
            "fluid": {
              "count": 1492344,
              "nonfinite": 0,
              "min": 0.0,
              "mean": 0.003878462338442075,
              "p01": 0.0,
              "p05": 0.0,
              "p50": 0.0,
              "p99": 0.0,
              "max": 1.0,
              "sum": 5788.0,
              "nonzero_count": 5788,
              "positive_count": 5788,
              "negative_count": 0
            },
            "wall": {
              "count": 80520,
              "nonfinite": 0,
              "min": 0.0,
              "mean": 0.0,
              "p01": 0.0,
              "p05": 0.0,
              "p50": 0.0,
              "p99": 0.0,
              "max": 0.0,
              "sum": 0.0,
              "nonzero_count": 0,
              "positive_count": 0,
              "negative_count": 0
            },
            "lower_wall": {
              "count": 16384,
              "nonfinite": 0,
              "min": 0.0,
              "mean": 0.0,
              "p01": 0.0,
              "p05": 0.0,
              "p50": 0.0,
              "p99": 0.0,
              "max": 0.0,
              "sum": 0.0,
              "nonzero_count": 0,
              "positive_count": 0,
              "negative_count": 0
            }
          },
          "WallStage8VectorLimiterHit": {
            "all": {
              "count": 1572864,
              "nonfinite": 0,
              "min": 0.0,
              "mean": 0.0,
              "p01": 0.0,
              "p05": 0.0,
              "p50": 0.0,
              "p99": 0.0,
              "max": 0.0,
              "sum": 0.0,
              "nonzero_count": 0,
              "positive_count": 0,
              "negative_count": 0
            },
            "fluid": {
              "count": 1492344,
              "nonfinite": 0,
              "min": 0.0,
              "mean": 0.0,
              "p01": 0.0,
              "p05": 0.0,
              "p50": 0.0,
              "p99": 0.0,
              "max": 0.0,
              "sum": 0.0,
              "nonzero_count": 0,
              "positive_count": 0,
              "negative_count": 0
            },
            "wall": {
              "count": 80520,
              "nonfinite": 0,
              "min": 0.0,
              "mean": 0.0,
              "p01": 0.0,
              "p05": 0.0,
              "p50": 0.0,
              "p99": 0.0,
              "max": 0.0,
              "sum": 0.0,
              "nonzero_count": 0,
              "positive_count": 0,
              "negative_count": 0
            },
            "lower_wall": {
              "count": 16384,
              "nonfinite": 0,
              "min": 0.0,
              "mean": 0.0,
              "p01": 0.0,
              "p05": 0.0,
              "p50": 0.0,
              "p99": 0.0,
              "max": 0.0,
              "sum": 0.0,
              "nonzero_count": 0,
              "positive_count": 0,
              "negative_count": 0
            }
          },
          "WallStage8LimiterRatio": {
            "all": {
              "count": 1572864,
              "nonfinite": 0,
              "min": 0.6294993461347929,
              "mean": 0.9991456892704442,
              "p01": 1.0,
              "p05": 1.0,
              "p50": 1.0,
              "p99": 1.0,
              "max": 1.0,
              "sum": 1571520.285408668,
              "nonzero_count": 1572864,
              "positive_count": 1572864,
              "negative_count": 0
            },
            "fluid": {
              "count": 1492344,
              "nonfinite": 0,
              "min": 0.6294993461347929,
              "mean": 0.9990995946033006,
              "p01": 1.0,
              "p05": 1.0,
              "p50": 1.0,
              "p99": 1.0,
              "max": 1.0,
              "sum": 1491000.285408668,
              "nonzero_count": 1492344,
              "positive_count": 1492344,
              "negative_count": 0
            },
            "wall": {
              "count": 80520,
              "nonfinite": 0,
              "min": 1.0,
              "mean": 1.0,
              "p01": 1.0,
              "p05": 1.0,
              "p50": 1.0,
              "p99": 1.0,
              "max": 1.0,
              "sum": 80520.0,
              "nonzero_count": 80520,
              "positive_count": 80520,
              "negative_count": 0
            },
            "lower_wall": {
              "count": 16384,
              "nonfinite": 0,
              "min": 1.0,
              "mean": 1.0,
              "p01": 1.0,
              "p05": 1.0,
              "p50": 1.0,
              "p99": 1.0,
              "max": 1.0,
              "sum": 16384.0,
              "nonzero_count": 16384,
              "positive_count": 16384,
              "negative_count": 0
            }
          },
          "WallStage8RegionTag": {
            "all": {
              "count": 1572864,
              "nonfinite": 0,
              "min": 0.0,
              "mean": 0.0,
              "p01": 0.0,
              "p05": 0.0,
              "p50": 0.0,
              "p99": 0.0,
              "max": 0.0,
              "sum": 0.0,
              "nonzero_count": 0,
              "positive_count": 0,
              "negative_count": 0
            },
            "fluid": {
              "count": 1492344,
              "nonfinite": 0,
              "min": 0.0,
              "mean": 0.0,
              "p01": 0.0,
              "p05": 0.0,
              "p50": 0.0,
              "p99": 0.0,
              "max": 0.0,
              "sum": 0.0,
              "nonzero_count": 0,
              "positive_count": 0,
              "negative_count": 0
            },
            "wall": {
              "count": 80520,
              "nonfinite": 0,
              "min": 0.0,
              "mean": 0.0,
              "p01": 0.0,
              "p05": 0.0,
              "p50": 0.0,
              "p99": 0.0,
              "max": 0.0,
              "sum": 0.0,
              "nonzero_count": 0,
              "positive_count": 0,
              "negative_count": 0
            },
            "lower_wall": {
              "count": 16384,
              "nonfinite": 0,
              "min": 0.0,
              "mean": 0.0,
              "p01": 0.0,
              "p05": 0.0,
              "p50": 0.0,
              "p99": 0.0,
              "max": 0.0,
              "sum": 0.0,
              "nonzero_count": 0,
              "positive_count": 0,
              "negative_count": 0
            }
          },
          "WallStage8SphereRadialDot": {
            "all": {
              "count": 1572864,
              "nonfinite": 0,
              "min": 0.0,
              "mean": 0.0,
              "p01": 0.0,
              "p05": 0.0,
              "p50": 0.0,
              "p99": 0.0,
              "max": 0.0,
              "sum": 0.0,
              "nonzero_count": 0,
              "positive_count": 0,
              "negative_count": 0
            },
            "fluid": {
              "count": 1492344,
              "nonfinite": 0,
              "min": 0.0,
              "mean": 0.0,
              "p01": 0.0,
              "p05": 0.0,
              "p50": 0.0,
              "p99": 0.0,
              "max": 0.0,
              "sum": 0.0,
              "nonzero_count": 0,
              "positive_count": 0,
              "negative_count": 0
            },
            "wall": {
              "count": 80520,
              "nonfinite": 0,
              "min": 0.0,
              "mean": 0.0,
              "p01": 0.0,
              "p05": 0.0,
              "p50": 0.0,
              "p99": 0.0,
              "max": 0.0,
              "sum": 0.0,
              "nonzero_count": 0,
              "positive_count": 0,
              "negative_count": 0
            },
            "lower_wall": {
              "count": 16384,
              "nonfinite": 0,
              "min": 0.0,
              "mean": 0.0,
              "p01": 0.0,
              "p05": 0.0,
              "p50": 0.0,
              "p99": 0.0,
              "max": 0.0,
              "sum": 0.0,
              "nonzero_count": 0,
              "positive_count": 0,
              "negative_count": 0
            }
          },
          "WallStage8ContactBandTag": {
            "all": {
              "count": 1572864,
              "nonfinite": 0,
              "min": 0.0,
              "mean": 0.07802327473958333,
              "p01": 0.0,
              "p05": 0.0,
              "p50": 0.0,
              "p99": 1.0,
              "max": 7.0,
              "sum": 122720.0,
              "nonzero_count": 77752,
              "positive_count": 77752,
              "negative_count": 0
            },
            "fluid": {
              "count": 1492344,
              "nonfinite": 0,
              "min": 0.0,
              "mean": 0.08223305082474282,
              "p01": 0.0,
              "p05": 0.0,
              "p50": 0.0,
              "p99": 1.0,
              "max": 7.0,
              "sum": 122720.0,
              "nonzero_count": 77752,
              "positive_count": 77752,
              "negative_count": 0
            },
            "wall": {
              "count": 80520,
              "nonfinite": 0,
              "min": 0.0,
              "mean": 0.0,
              "p01": 0.0,
              "p05": 0.0,
              "p50": 0.0,
              "p99": 0.0,
              "max": 0.0,
              "sum": 0.0,
              "nonzero_count": 0,
              "positive_count": 0,
              "negative_count": 0
            },
            "lower_wall": {
              "count": 16384,
              "nonfinite": 0,
              "min": 0.0,
              "mean": 0.0,
              "p01": 0.0,
              "p05": 0.0,
              "p50": 0.0,
              "p99": 0.0,
              "max": 0.0,
              "sum": 0.0,
              "nonzero_count": 0,
              "positive_count": 0,
              "negative_count": 0
            }
          },
          "WallBCPath": {
            "all": {
              "count": 1572864,
              "nonfinite": 0,
              "min": 0.0,
              "mean": 0.133636474609375,
              "p01": 0.0,
              "p05": 0.0,
              "p50": 0.0,
              "p99": 5.0,
              "max": 5.0,
              "sum": 210192.0,
              "nonzero_count": 80520,
              "positive_count": 80520,
              "negative_count": 0
            },
            "fluid": {
              "count": 1492344,
              "nonfinite": 0,
              "min": 0.0,
              "mean": 0.0,
              "p01": 0.0,
              "p05": 0.0,
              "p50": 0.0,
              "p99": 0.0,
              "max": 0.0,
              "sum": 0.0,
              "nonzero_count": 0,
              "positive_count": 0,
              "negative_count": 0
            },
            "wall": {
              "count": 80520,
              "nonfinite": 0,
              "min": 2.0,
              "mean": 2.6104321907600596,
              "p01": 2.0,
              "p05": 2.0,
              "p50": 2.0,
              "p99": 5.0,
              "max": 5.0,
              "sum": 210192.0,
              "nonzero_count": 80520,
              "positive_count": 80520,
              "negative_count": 0
            },
            "lower_wall": {
              "count": 16384,
              "nonfinite": 0,
              "min": 5.0,
              "mean": 5.0,
              "p01": 5.0,
              "p05": 5.0,
              "p50": 5.0,
              "p99": 5.0,
              "max": 5.0,
              "sum": 81920.0,
              "nonzero_count": 16384,
              "positive_count": 16384,
              "negative_count": 0
            }
          },
          "WallStage8LocalWallNormalMag": {
            "all": {
              "count": 1572864,
              "nonfinite": 0,
              "min": 0.0,
              "mean": 0.0511932373046875,
              "p01": 0.0,
              "p05": 0.0,
              "p50": 0.0,
              "p99": 1.0,
              "max": 1.0,
              "sum": 80520.0,
              "nonzero_count": 80520,
              "positive_count": 80520,
              "negative_count": 0
            },
            "fluid": {
              "count": 1492344,
              "nonfinite": 0,
              "min": 0.0,
              "mean": 0.0,
              "p01": 0.0,
              "p05": 0.0,
              "p50": 0.0,
              "p99": 0.0,
              "max": 0.0,
              "sum": 0.0,
              "nonzero_count": 0,
              "positive_count": 0,
              "negative_count": 0
            },
            "wall": {
              "count": 80520,
              "nonfinite": 0,
              "min": 0.9999999999999999,
              "mean": 1.0,
              "p01": 0.9999999999999999,
              "p05": 1.0,
              "p50": 1.0,
              "p99": 1.0,
              "max": 1.0,
              "sum": 80520.0,
              "nonzero_count": 80520,
              "positive_count": 80520,
              "negative_count": 0
            },
            "lower_wall": {
              "count": 16384,
              "nonfinite": 0,
              "min": 0.9999999999999999,
              "mean": 1.0,
              "p01": 0.9999999999999999,
              "p05": 1.0,
              "p50": 1.0,
              "p99": 1.0,
              "max": 1.0,
              "sum": 16384.0,
              "nonzero_count": 16384,
              "positive_count": 16384,
              "negative_count": 0
            }
          },
          "WallStage8FluidWallNormalMag": {
            "all": {
              "count": 1572864,
              "nonfinite": 0,
              "min": 0.0,
              "mean": 0.049433390299479164,
              "p01": 0.0,
              "p05": 0.0,
              "p50": 0.0,
              "p99": 1.0,
              "max": 1.0,
              "sum": 77752.0,
              "nonzero_count": 77752,
              "positive_count": 77752,
              "negative_count": 0
            },
            "fluid": {
              "count": 1492344,
              "nonfinite": 0,
              "min": 0.0,
              "mean": 0.05210058806816659,
              "p01": 0.0,
              "p05": 0.0,
              "p50": 0.0,
              "p99": 1.0,
              "max": 1.0,
              "sum": 77752.0,
              "nonzero_count": 77752,
              "positive_count": 77752,
              "negative_count": 0
            },
            "wall": {
              "count": 80520,
              "nonfinite": 0,
              "min": 0.0,
              "mean": 0.0,
              "p01": 0.0,
              "p05": 0.0,
              "p50": 0.0,
              "p99": 0.0,
              "max": 0.0,
              "sum": 0.0,
              "nonzero_count": 0,
              "positive_count": 0,
              "negative_count": 0
            },
            "lower_wall": {
              "count": 16384,
              "nonfinite": 0,
              "min": 0.0,
              "mean": 0.0,
              "p01": 0.0,
              "p05": 0.0,
              "p50": 0.0,
              "p99": 0.0,
              "max": 0.0,
              "sum": 0.0,
              "nonzero_count": 0,
              "positive_count": 0,
              "negative_count": 0
            }
          },
          "WallStage8GradCandidateMag": {
            "all": {
              "count": 1572864,
              "nonfinite": 0,
              "min": 0.0,
              "mean": 0.0053967599122186315,
              "p01": 0.0,
              "p05": 0.0,
              "p50": 2.938730360996437e-10,
              "p99": 0.14874906371509955,
              "max": 0.21671016656955877,
              "sum": 8488.369382571846,
              "nonzero_count": 1492344,
              "positive_count": 1492344,
              "negative_count": 0
            },
            "fluid": {
              "count": 1492344,
              "nonfinite": 0,
              "min": 7.160998456064912e-16,
              "mean": 0.005687944188854472,
              "p01": 2.0594437658054464e-14,
              "p05": 1.515350737400546e-13,
              "p50": 3.715166586086046e-10,
              "p99": 0.1498956617829011,
              "max": 0.21671016656955877,
              "sum": 8488.369382571838,
              "nonzero_count": 1492344,
              "positive_count": 1492344,
              "negative_count": 0
            },
            "wall": {
              "count": 80520,
              "nonfinite": 0,
              "min": 0.0,
              "mean": 0.0,
              "p01": 0.0,
              "p05": 0.0,
              "p50": 0.0,
              "p99": 0.0,
              "max": 0.0,
              "sum": 0.0,
              "nonzero_count": 0,
              "positive_count": 0,
              "negative_count": 0
            },
            "lower_wall": {
              "count": 16384,
              "nonfinite": 0,
              "min": 0.0,
              "mean": 0.0,
              "p01": 0.0,
              "p05": 0.0,
              "p50": 0.0,
              "p99": 0.0,
              "max": 0.0,
              "sum": 0.0,
              "nonzero_count": 0,
              "positive_count": 0,
              "negative_count": 0
            }
          },
          "UMag": {
            "all": {
              "count": 1572864,
              "nonfinite": 0,
              "min": 0.0,
              "mean": 6.525139472660525e-07,
              "p01": 0.0,
              "p05": 0.0,
              "p50": 2.2320706463326705e-07,
              "p99": 4.357408650280381e-06,
              "max": 6.127682881184596e-06,
              "sum": 1.0263156971526723,
              "nonzero_count": 1492344,
              "positive_count": 1492344,
              "negative_count": 0
            },
            "fluid": {
              "count": 1492344,
              "nonfinite": 0,
              "min": 8.652725361392517e-10,
              "mean": 6.877205906631932e-07,
              "p01": 9.896438443379046e-09,
              "p05": 2.5242308721744818e-08,
              "p50": 2.553626549006571e-07,
              "p99": 4.385511331721688e-06,
              "max": 6.127682881184596e-06,
              "sum": 1.0263156971526723,
              "nonzero_count": 1492344,
              "positive_count": 1492344,
              "negative_count": 0
            },
            "wall": {
              "count": 80520,
              "nonfinite": 0,
              "min": 0.0,
              "mean": 0.0,
              "p01": 0.0,
              "p05": 0.0,
              "p50": 0.0,
              "p99": 0.0,
              "max": 0.0,
              "sum": 0.0,
              "nonzero_count": 0,
              "positive_count": 0,
              "negative_count": 0
            },
            "lower_wall": {
              "count": 16384,
              "nonfinite": 0,
              "min": 0.0,
              "mean": 0.0,
              "p01": 0.0,
              "p05": 0.0,
              "p50": 0.0,
              "p99": 0.0,
              "max": 0.0,
              "sum": 0.0,
              "nonzero_count": 0,
              "positive_count": 0,
              "negative_count": 0
            }
          }
        },
        "stage8c_mask_counts": {
          "data_fluid_count": 77752,
          "active_fluid_count": 7896
        },
        "stage8c_field_stats": {
          "WallStage8FluidWallAngle": {
            "data_fluid": {
              "count": 77752,
              "nonfinite": 0,
              "min": 0.1919862177193763,
              "mean": 1.2929103829006527,
              "p01": 0.1919862177193763,
              "p05": 0.1919862177193763,
              "p50": 1.5707963267948968,
              "p99": 1.5707963267948968,
              "max": 1.570796326794897,
              "sum": 100526.36809129154,
              "nonzero_count": 77752,
              "positive_count": 77752,
              "negative_count": 0
            },
            "active_fluid": {
              "count": 7896,
              "nonfinite": 0,
              "min": 0.1919862177193763,
              "mean": 0.1919862177193763,
              "p01": 0.1919862177193763,
              "p05": 0.1919862177193763,
              "p50": 0.1919862177193763,
              "p99": 0.1919862177193763,
              "max": 0.1919862177193763,
              "sum": 1515.9231751121952,
              "nonzero_count": 7896,
              "positive_count": 7896,
              "negative_count": 0
            }
          },
          "WallStage8FluidWallNormalMag": {
            "data_fluid": {
              "count": 77752,
              "nonfinite": 0,
              "min": 1.0,
              "mean": 1.0,
              "p01": 1.0,
              "p05": 1.0,
              "p50": 1.0,
              "p99": 1.0,
              "max": 1.0,
              "sum": 77752.0,
              "nonzero_count": 77752,
              "positive_count": 77752,
              "negative_count": 0
            },
            "active_fluid": {
              "count": 7896,
              "nonfinite": 0,
              "min": 1.0,
              "mean": 1.0,
              "p01": 1.0,
              "p05": 1.0,
              "p50": 1.0,
              "p99": 1.0,
              "max": 1.0,
              "sum": 7896.0,
              "nonzero_count": 7896,
              "positive_count": 7896,
              "negative_count": 0
            }
          },
          "WallStage8FluidWallDataCount": {
            "data_fluid": {
              "count": 77752,
              "nonfinite": 0,
              "min": 9.0,
              "mean": 9.105977981273794,
              "p01": 9.0,
              "p05": 9.0,
              "p50": 9.0,
              "p99": 15.0,
              "max": 19.0,
              "sum": 708008.0,
              "nonzero_count": 77752,
              "positive_count": 77752,
              "negative_count": 0
            },
            "active_fluid": {
              "count": 7896,
              "nonfinite": 0,
              "min": 9.0,
              "mean": 9.0,
              "p01": 9.0,
              "p05": 9.0,
              "p50": 9.0,
              "p99": 9.0,
              "max": 9.0,
              "sum": 71064.0,
              "nonzero_count": 7896,
              "positive_count": 7896,
              "negative_count": 0
            }
          },
          "WallStage8GradCandidateUse": {
            "data_fluid": {
              "count": 77752,
              "nonfinite": 0,
              "min": 0.0,
              "mean": 0.1015536577837226,
              "p01": 0.0,
              "p05": 0.0,
              "p50": 0.0,
              "p99": 1.0,
              "max": 1.0,
              "sum": 7896.0,
              "nonzero_count": 7896,
              "positive_count": 7896,
              "negative_count": 0
            },
            "active_fluid": {
              "count": 7896,
              "nonfinite": 0,
              "min": 1.0,
              "mean": 1.0,
              "p01": 1.0,
              "p05": 1.0,
              "p50": 1.0,
              "p99": 1.0,
              "max": 1.0,
              "sum": 7896.0,
              "nonzero_count": 7896,
              "positive_count": 7896,
              "negative_count": 0
            }
          },
          "WallStage8GradCandidateMag": {
            "data_fluid": {
              "count": 77752,
              "nonfinite": 0,
              "min": 7.160998456064912e-16,
              "mean": 0.011548636127743124,
              "p01": 2.7754027845833185e-15,
              "p05": 1.0641898612428876e-14,
              "p50": 1.8934324244908358e-10,
              "p99": 0.21026010407961818,
              "max": 0.21671016656955877,
              "sum": 897.9295562042835,
              "nonzero_count": 77752,
              "positive_count": 77752,
              "negative_count": 0
            },
            "active_fluid": {
              "count": 7896,
              "nonfinite": 0,
              "min": 0.011720070851971024,
              "mean": 0.11059827959355308,
              "p01": 0.012813843298901256,
              "p05": 0.014957002822927772,
              "p50": 0.10343901123173108,
              "p99": 0.2166233995483315,
              "max": 0.21671016656955877,
              "sum": 873.2840156706951,
              "nonzero_count": 7896,
              "positive_count": 7896,
              "negative_count": 0
            }
          },
          "WallStage8NormalAgreement": {
            "data_fluid": {
              "count": 77752,
              "nonfinite": 0,
              "min": 0.9999999999999999,
              "mean": 1.0,
              "p01": 1.0,
              "p05": 1.0,
              "p50": 1.0,
              "p99": 1.0000000000000002,
              "max": 1.0000000000000002,
              "sum": 77752.0,
              "nonzero_count": 77752,
              "positive_count": 77752,
              "negative_count": 0
            },
            "active_fluid": {
              "count": 7896,
              "nonfinite": 0,
              "min": 1.0,
              "mean": 1.0,
              "p01": 1.0,
              "p05": 1.0,
              "p50": 1.0,
              "p99": 1.0,
              "max": 1.0,
              "sum": 7896.0,
              "nonzero_count": 7896,
              "positive_count": 7896,
              "negative_count": 0
            }
          },
          "WallStage8UsedGeomNormal": {
            "data_fluid": {
              "count": 77752,
              "nonfinite": 0,
              "min": 1.0,
              "mean": 1.0,
              "p01": 1.0,
              "p05": 1.0,
              "p50": 1.0,
              "p99": 1.0,
              "max": 1.0,
              "sum": 77752.0,
              "nonzero_count": 77752,
              "positive_count": 77752,
              "negative_count": 0
            },
            "active_fluid": {
              "count": 7896,
              "nonfinite": 0,
              "min": 1.0,
              "mean": 1.0,
              "p01": 1.0,
              "p05": 1.0,
              "p50": 1.0,
              "p99": 1.0,
              "max": 1.0,
              "sum": 7896.0,
              "nonzero_count": 7896,
              "positive_count": 7896,
              "negative_count": 0
            }
          },
          "WallStage8GradWriteDeltaMag": {
            "data_fluid": {
              "count": 77752,
              "nonfinite": 0,
              "min": 0.0,
              "mean": 0.003032756165287639,
              "p01": 0.0,
              "p05": 0.0,
              "p50": 0.0,
              "p99": 0.05,
              "max": 0.05,
              "sum": 235.80285736344453,
              "nonzero_count": 7896,
              "positive_count": 7896,
              "negative_count": 0
            },
            "active_fluid": {
              "count": 7896,
              "nonfinite": 0,
              "min": 1.928109115842666e-08,
              "mean": 0.029863583759301482,
              "p01": 1.1476376085413126e-06,
              "p05": 0.00010229826608236248,
              "p50": 0.03249741663879925,
              "p99": 0.05,
              "max": 0.05,
              "sum": 235.8028573634445,
              "nonzero_count": 7896,
              "positive_count": 7896,
              "negative_count": 0
            }
          },
          "WallStage8LimiterReason": {
            "data_fluid": {
              "count": 77752,
              "nonfinite": 0,
              "min": 0.0,
              "mean": 30.157012038275543,
              "p01": 0.0,
              "p05": 4.0,
              "p50": 28.0,
              "p99": 128.0,
              "max": 128.0,
              "sum": 2344768.0,
              "nonzero_count": 75644,
              "positive_count": 75644,
              "negative_count": 0
            },
            "active_fluid": {
              "count": 7896,
              "nonfinite": 0,
              "min": 0.0,
              "mean": 93.82776089159069,
              "p01": 0.0,
              "p05": 0.0,
              "p50": 128.0,
              "p99": 128.0,
              "max": 128.0,
              "sum": 740864.0,
              "nonzero_count": 5788,
              "positive_count": 5788,
              "negative_count": 0
            }
          },
          "WallStage8ContactResidual": {
            "data_fluid": {
              "count": 77752,
              "nonfinite": 0,
              "min": -0.018313094975757283,
              "mean": 0.03828586986089105,
              "p01": 0.0,
              "p05": 0.0,
              "p50": 0.0,
              "p99": 0.2862305562121311,
              "max": 0.35139423546296367,
              "sum": 2976.8029534240013,
              "nonzero_count": 23760,
              "positive_count": 23260,
              "negative_count": 500
            },
            "active_fluid": {
              "count": 7896,
              "nonfinite": 0,
              "min": 0.007340905792508123,
              "mean": 0.09019615740649672,
              "p01": 0.05214149975602776,
              "p05": 0.07873703874277047,
              "p50": 0.08331120173671003,
              "p99": 0.12671261245736332,
              "max": 0.12881049157929036,
              "sum": 712.1888588816981,
              "nonzero_count": 7896,
              "positive_count": 7896,
              "negative_count": 0
            }
          },
          "WallStage8NormalDeltaRaw": {
            "data_fluid": {
              "count": 77752,
              "nonfinite": 0,
              "min": -0.07942820005621365,
              "mean": -0.004281566237245441,
              "p01": -0.07697374823401593,
              "p05": -0.041124967192769105,
              "p50": 0.0,
              "p99": 0.0,
              "max": 0.003431165482439673,
              "sum": -332.9003380783075,
              "nonzero_count": 7896,
              "positive_count": 32,
              "negative_count": 7864
            },
            "active_fluid": {
              "count": 7896,
              "nonfinite": 0,
              "min": -0.07942820005621365,
              "mean": -0.0421606304557127,
              "p01": -0.07919657713199982,
              "p05": -0.0785028676962149,
              "p50": -0.04039015081815871,
              "p99": -0.003520696464486033,
              "max": 0.003431165482439673,
              "sum": -332.90033807830747,
              "nonzero_count": 7896,
              "positive_count": 32,
              "negative_count": 7864
            }
          },
          "WallStage8NormalDeltaLimited": {
            "data_fluid": {
              "count": 77752,
              "nonfinite": 0,
              "min": -0.05,
              "mean": -0.0030327556323067485,
              "p01": -0.05,
              "p05": -0.033058820779063865,
              "p50": 0.0,
              "p99": 0.0,
              "max": 1.0920451003787813e-06,
              "sum": -235.8028159231143,
              "nonzero_count": 7896,
              "positive_count": 32,
              "negative_count": 7864
            },
            "active_fluid": {
              "count": 7896,
              "nonfinite": 0,
              "min": -0.05,
              "mean": -0.029863578511032714,
              "p01": -0.05,
              "p05": -0.05,
              "p50": -0.03249741663879925,
              "p99": -1.1476376085413126e-06,
              "max": 1.0920451003787813e-06,
              "sum": -235.8028159231143,
              "nonzero_count": 7896,
              "positive_count": 32,
              "negative_count": 7864
            }
          },
          "WallStage8VectorDeltaRawMag": {
            "data_fluid": {
              "count": 77752,
              "nonfinite": 0,
              "min": 0.0,
              "mean": 0.004037755476524425,
              "p01": 0.0,
              "p05": 0.0,
              "p50": 0.0,
              "p99": 0.07697374823393895,
              "max": 0.07942820005613421,
              "sum": 313.943563810727,
              "nonzero_count": 7896,
              "positive_count": 7896,
              "negative_count": 0
            },
            "active_fluid": {
              "count": 7896,
              "nonfinite": 0,
              "min": 1.928109115842666e-08,
              "mean": 0.03975982317765033,
              "p01": 1.1476376085413126e-06,
              "p05": 0.00010229826608236248,
              "p50": 0.04039015081811831,
              "p99": 0.07919657713192062,
              "max": 0.07942820005613421,
              "sum": 313.943563810727,
              "nonzero_count": 7896,
              "positive_count": 7896,
              "negative_count": 0
            }
          },
          "WallStage8VectorDeltaLimitedMag": {
            "data_fluid": {
              "count": 77752,
              "nonfinite": 0,
              "min": 0.0,
              "mean": 0.003032756165287639,
              "p01": 0.0,
              "p05": 0.0,
              "p50": 0.0,
              "p99": 0.05,
              "max": 0.05,
              "sum": 235.80285736344453,
              "nonzero_count": 7896,
              "positive_count": 7896,
              "negative_count": 0
            },
            "active_fluid": {
              "count": 7896,
              "nonfinite": 0,
              "min": 1.928109115842666e-08,
              "mean": 0.029863583759301482,
              "p01": 1.1476376085413126e-06,
              "p05": 0.00010229826608236248,
              "p50": 0.03249741663879925,
              "p99": 0.05,
              "max": 0.05,
              "sum": 235.8028573634445,
              "nonzero_count": 7896,
              "positive_count": 7896,
              "negative_count": 0
            }
          },
          "WallStage8NormalLimiterHit": {
            "data_fluid": {
              "count": 77752,
              "nonfinite": 0,
              "min": 0.0,
              "mean": 0.07444181500154337,
              "p01": 0.0,
              "p05": 0.0,
              "p50": 0.0,
              "p99": 1.0,
              "max": 1.0,
              "sum": 5788.0,
              "nonzero_count": 5788,
              "positive_count": 5788,
              "negative_count": 0
            },
            "active_fluid": {
              "count": 7896,
              "nonfinite": 0,
              "min": 0.0,
              "mean": 0.7330293819655522,
              "p01": 0.0,
              "p05": 0.0,
              "p50": 1.0,
              "p99": 1.0,
              "max": 1.0,
              "sum": 5788.0,
              "nonzero_count": 5788,
              "positive_count": 5788,
              "negative_count": 0
            }
          },
          "WallStage8VectorLimiterHit": {
            "data_fluid": {
              "count": 77752,
              "nonfinite": 0,
              "min": 0.0,
              "mean": 0.0,
              "p01": 0.0,
              "p05": 0.0,
              "p50": 0.0,
              "p99": 0.0,
              "max": 0.0,
              "sum": 0.0,
              "nonzero_count": 0,
              "positive_count": 0,
              "negative_count": 0
            },
            "active_fluid": {
              "count": 7896,
              "nonfinite": 0,
              "min": 0.0,
              "mean": 0.0,
              "p01": 0.0,
              "p05": 0.0,
              "p50": 0.0,
              "p99": 0.0,
              "max": 0.0,
              "sum": 0.0,
              "nonzero_count": 0,
              "positive_count": 0,
              "negative_count": 0
            }
          },
          "WallStage8LimiterRatio": {
            "data_fluid": {
              "count": 77752,
              "nonfinite": 0,
              "min": 0.6294993461347929,
              "mean": 0.9827179417721421,
              "p01": 0.6478737584853463,
              "p05": 0.8017662438314068,
              "p50": 1.0,
              "p99": 1.0,
              "max": 1.0,
              "sum": 76408.2854086676,
              "nonzero_count": 77752,
              "positive_count": 77752,
              "negative_count": 0
            },
            "active_fluid": {
              "count": 7896,
              "nonfinite": 0,
              "min": 0.6294993461347929,
              "mean": 0.8298233800237572,
              "p01": 0.6313404166030204,
              "p05": 0.6369194077538243,
              "p50": 0.806745571464544,
              "p99": 1.0,
              "max": 1.0,
              "sum": 6552.285408667587,
              "nonzero_count": 7896,
              "positive_count": 7896,
              "negative_count": 0
            }
          },
          "WallStage8PhaseC": {
            "data_fluid": {
              "count": 77752,
              "nonfinite": 0,
              "min": 1e-12,
              "mean": 0.0957510669497136,
              "p01": 1e-12,
              "p05": 1e-12,
              "p50": 1.3389071245786152e-09,
              "p99": 0.9994008918023882,
              "max": 0.999765983361162,
              "sum": 7444.836957474131,
              "nonzero_count": 77752,
              "positive_count": 77752,
              "negative_count": 0
            },
            "active_fluid": {
              "count": 7896,
              "nonfinite": 0,
              "min": 0.020045491085605327,
              "mean": 0.46147798444888877,
              "p01": 0.021016979528117777,
              "p05": 0.027285358408370416,
              "p50": 0.4091358602481576,
              "p99": 0.977908883062484,
              "max": 0.9796919884037413,
              "sum": 3643.8301652084256,
              "nonzero_count": 7896,
              "positive_count": 7896,
              "negative_count": 0
            }
          },
          "WallStage8TangentGradRaw": {
            "data_fluid": {
              "count": 77752,
              "nonfinite": 0,
              "min": 1.4686776212081334e-16,
              "mean": 0.003907450079113031,
              "p01": 2.3627514394313537e-15,
              "p05": 8.071427476056586e-15,
              "p50": 1.8889748898920344e-10,
              "p99": 0.07126473304827531,
              "max": 0.07376794950234489,
              "sum": 303.8120585511964,
              "nonzero_count": 77752,
              "positive_count": 77752,
              "negative_count": 0
            },
            "active_fluid": {
              "count": 7896,
              "nonfinite": 0,
              "min": 0.002877088864409954,
              "mean": 0.036898860556773015,
              "p01": 0.005090340210353084,
              "p05": 0.006825500091881922,
              "p50": 0.03352426982016972,
              "p99": 0.07362526286771118,
              "max": 0.07376794950234489,
              "sum": 291.35340295627975,
              "nonzero_count": 7896,
              "positive_count": 7896,
              "negative_count": 0
            }
          }
        },
        "stage7b_limiter_counts": {
          "normal_path_count": 0,
          "normal_limiter_count": 0,
          "active_path_count": 0,
          "active_limiter_count": 0
        },
        "stage8c_limiter_counts": {
          "fluid_count": 1492344,
          "active_count": 7896,
          "limiter_nonzero_count": 1490236,
          "delta_limiter_count": 5788,
          "missing_wall_data_count": 1414592,
          "normal_low_agreement_count": 0,
          "normal_limiter_count": 5788,
          "normal_limiter_fraction": 0.7330293819655522,
          "vector_limiter_count": 0,
          "vector_limiter_fraction": 0.0
        },
        "max_mach": 1.0613458082881765e-05
      },
      "rows": [
        {
          "case_id": "cap_theta030_wall011_stage8g_mode2",
          "step": 0,
          "init_theta_deg": 30.0,
          "wall_rad_angle_deg": null,
          "angle_apparent_deg": 29.397304912728284,
          "angle_error_vs_init_deg": -0.6026950872717158,
          "angle_error_vs_wall_rad_deg": NaN,
          "fit_point_count": 130,
          "phase_fluid_sum": 52593.44512836894,
          "phase_fluid_rel_change": 0.0,
          "rho_fluid_sum": 54033.19568324057,
          "rho_fluid_rel_change": 0.0,
          "phase_fluid_min": 0.0,
          "phase_fluid_max": 0.9997106094060031,
          "wall_phase_pred_min": NaN,
          "wall_phase_pred_max": NaN,
          "wall_phase_raw_min": NaN,
          "wall_phase_raw_max": NaN,
          "wall_phase_profile_max": NaN,
          "wall_phase_signed_profile_max": NaN,
          "wall_phase_signed_min": NaN,
          "wall_phase_signed_max": NaN,
          "wall_signed_logit_shift_max": NaN,
          "wall_contact_residual_mean": NaN,
          "wall_contact_residual_min": NaN,
          "wall_contact_residual_max": NaN,
          "wall_signed_normal_grad_mean": NaN,
          "wall_tangent_grad_mag_mean": NaN,
          "wall_signed_delta_q_min": NaN,
          "wall_signed_delta_q_max": NaN,
          "wall_signed_q_clipped_sum": NaN,
          "wall_stage7_active_weight_sum": NaN,
          "wall_stage7_active_weight_mean": NaN,
          "wall_stage7_delta_q_raw_p50": NaN,
          "wall_stage7_delta_q_raw_p99": NaN,
          "wall_stage7_delta_q_raw_max": NaN,
          "wall_stage7_delta_q_limited_p50": NaN,
          "wall_stage7_delta_q_limited_p99": NaN,
          "wall_stage7_delta_q_limited_max": NaN,
          "wall_stage7_denom_min": NaN,
          "wall_stage7_denom_p50": NaN,
          "wall_stage7_limiter_reason_sum": NaN,
          "wall_stage7_limiter_reason_max": NaN,
          "wall_stage7_normal_path_count": 0,
          "wall_stage7_normal_limiter_count": 0,
          "wall_stage7_active_path_count": 0,
          "wall_stage7_active_limiter_count": 0,
          "wall_stage7_actual_cos_p50": NaN,
          "wall_stage7_target_cos_p50": NaN,
          "wall_stage7_write_candidate_min": NaN,
          "wall_stage7_write_candidate_max": NaN,
          "wall_stage7_write_minus_profile_min": NaN,
          "wall_stage7_write_minus_profile_max": NaN,
          "wall_stage8_active_weight_sum": 5956.469053172502,
          "wall_stage8_active_weight_mean": 0.003991351225436294,
          "wall_stage8_normal_grad_raw_p50": 0.0,
          "wall_stage8_normal_grad_target_p50": 0.0,
          "wall_stage8_contact_residual_mean": 0.004076328194599818,
          "wall_stage8_contact_residual_p50": 0.0,
          "wall_stage8_contact_residual_p99": 0.1358078973777883,
          "wall_stage8_tangent_grad_mag_p50": 0.0,
          "wall_stage8_target_cos_p50": 0.0,
          "wall_stage8_grad_write_delta_mag_p50": 0.0,
          "wall_stage8_grad_write_delta_mag_max": 0.05,
          "wall_stage8_limiter_reason_sum": 5080512.0,
          "wall_stage8_limiter_reason_max": 128.0,
          "wall_stage8_limiter_nonzero_count": 1489888,
          "wall_stage8_active_count": 7536,
          "wall_stage8_delta_limiter_count": 5080,
          "wall_stage8_normal_limiter_count": 5080,
          "wall_stage8_normal_limiter_fraction": 0.6740976645435244,
          "wall_stage8_vector_limiter_count": 0,
          "wall_stage8_vector_limiter_fraction": 0.0,
          "wall_stage8_missing_wall_data_count": 1414592,
          "wall_stage8_normal_low_agreement_count": 0,
          "wall_stage8_local_wall_angle_wall_p50": 1.5707963267948966,
          "wall_stage8_local_wall_angle_wall_min": 0.19198621771937624,
          "wall_stage8_local_wall_angle_wall_max": 1.5707963267948966,
          "wall_stage8_local_wall_normal_mag_wall_p50": 1.0,
          "wall_stage8_fluid_wall_angle_p50": 0.0,
          "wall_stage8_fluid_wall_angle_min": 0.0,
          "wall_stage8_fluid_wall_angle_max": 1.570796326794897,
          "wall_stage8_fluid_wall_normal_mag_p50": 0.0,
          "wall_stage8_fluid_wall_data_count_p50": 0.0,
          "wall_stage8_fluid_wall_data_count_p05": 0.0,
          "wall_stage8_grad_candidate_use_sum": 7536.0,
          "wall_stage8_grad_candidate_mag_p50": 1.501414356831476e-13,
          "wall_stage8_grad_candidate_mag_max": 0.21839334447457326,
          "wall_stage8_normal_agreement_p05": 0.0,
          "wall_stage8_normal_agreement_p50": 0.0,
          "wall_stage8_used_geom_normal_sum": 77752.0,
          "wall_stage8_data_fluid_count": 77752,
          "wall_stage8_active_fluid_count": 7536,
          "wall_stage8_fluid_wall_angle_data_p50": 1.5707963267948968,
          "wall_stage8_fluid_wall_angle_active_p50": 0.1919862177193763,
          "wall_stage8_fluid_wall_data_count_data_p50": 9.0,
          "wall_stage8_fluid_wall_data_count_active_p50": 9.0,
          "wall_stage8_normal_agreement_data_p05": 1.0,
          "wall_stage8_normal_agreement_data_p50": 1.0,
          "wall_stage8_normal_agreement_active_p05": 1.0,
          "wall_stage8_normal_agreement_active_p50": 1.0,
          "wall_stage8_used_geom_normal_data_sum": 77752.0,
          "wall_stage8_used_geom_normal_active_sum": 7536.0,
          "wall_stage8_grad_write_delta_mag_active_p50": 0.03066540214075926,
          "wall_stage8_grad_write_delta_mag_active_max": 0.05,
          "wall_stage8_contact_residual_active_p99": 0.16866897452681062,
          "wall_stage8_normal_delta_raw_active_p99": -0.005114243742939906,
          "wall_stage8_normal_delta_limited_active_p99": -2.088988011310024e-06,
          "wall_stage8_vector_delta_raw_active_p99": 0.09897996971879525,
          "wall_stage8_vector_delta_limited_active_p99": 0.05,
          "wall_stage8_limiter_ratio_active_p50": 0.7471527044388238,
          "max_mach": 0.0,
          "nonfinite_total": 0,
          "path_counts": "{\"2\": 64136, \"5\": 16384}"
        },
        {
          "case_id": "cap_theta030_wall011_stage8g_mode2",
          "step": 100,
          "init_theta_deg": 30.0,
          "wall_rad_angle_deg": null,
          "angle_apparent_deg": 29.434873797152257,
          "angle_error_vs_init_deg": -0.5651262028477433,
          "angle_error_vs_wall_rad_deg": NaN,
          "fit_point_count": 130,
          "phase_fluid_sum": 52520.39115149306,
          "phase_fluid_rel_change": -0.001389031973425093,
          "rho_fluid_sum": 53960.21476034158,
          "rho_fluid_rel_change": -0.0013506682693140639,
          "phase_fluid_min": -1.832136557339214e-31,
          "phase_fluid_max": 0.9997680946879545,
          "wall_phase_pred_min": NaN,
          "wall_phase_pred_max": NaN,
          "wall_phase_raw_min": NaN,
          "wall_phase_raw_max": NaN,
          "wall_phase_profile_max": NaN,
          "wall_phase_signed_profile_max": NaN,
          "wall_phase_signed_min": NaN,
          "wall_phase_signed_max": NaN,
          "wall_signed_logit_shift_max": NaN,
          "wall_contact_residual_mean": NaN,
          "wall_contact_residual_min": NaN,
          "wall_contact_residual_max": NaN,
          "wall_signed_normal_grad_mean": NaN,
          "wall_tangent_grad_mag_mean": NaN,
          "wall_signed_delta_q_min": NaN,
          "wall_signed_delta_q_max": NaN,
          "wall_signed_q_clipped_sum": NaN,
          "wall_stage7_active_weight_sum": NaN,
          "wall_stage7_active_weight_mean": NaN,
          "wall_stage7_delta_q_raw_p50": NaN,
          "wall_stage7_delta_q_raw_p99": NaN,
          "wall_stage7_delta_q_raw_max": NaN,
          "wall_stage7_delta_q_limited_p50": NaN,
          "wall_stage7_delta_q_limited_p99": NaN,
          "wall_stage7_delta_q_limited_max": NaN,
          "wall_stage7_denom_min": NaN,
          "wall_stage7_denom_p50": NaN,
          "wall_stage7_limiter_reason_sum": NaN,
          "wall_stage7_limiter_reason_max": NaN,
          "wall_stage7_normal_path_count": 0,
          "wall_stage7_normal_limiter_count": 0,
          "wall_stage7_active_path_count": 0,
          "wall_stage7_active_limiter_count": 0,
          "wall_stage7_actual_cos_p50": NaN,
          "wall_stage7_target_cos_p50": NaN,
          "wall_stage7_write_candidate_min": NaN,
          "wall_stage7_write_candidate_max": NaN,
          "wall_stage7_write_minus_profile_min": NaN,
          "wall_stage7_write_minus_profile_max": NaN,
          "wall_stage8_active_weight_sum": 5960.152345959064,
          "wall_stage8_active_weight_mean": 0.00399381935127495,
          "wall_stage8_normal_grad_raw_p50": 0.0,
          "wall_stage8_normal_grad_target_p50": 0.0,
          "wall_stage8_contact_residual_mean": 0.0026135530884238037,
          "wall_stage8_contact_residual_p50": 0.0,
          "wall_stage8_contact_residual_p99": 0.10539805997447216,
          "wall_stage8_tangent_grad_mag_p50": 0.0,
          "wall_stage8_target_cos_p50": 0.0,
          "wall_stage8_grad_write_delta_mag_p50": 0.0,
          "wall_stage8_grad_write_delta_mag_max": 0.05,
          "wall_stage8_limiter_reason_sum": 5147408.0,
          "wall_stage8_limiter_reason_max": 128.0,
          "wall_stage8_limiter_nonzero_count": 1490392,
          "wall_stage8_active_count": 7500,
          "wall_stage8_delta_limiter_count": 5548,
          "wall_stage8_normal_limiter_count": 5548,
          "wall_stage8_normal_limiter_fraction": 0.7397333333333334,
          "wall_stage8_vector_limiter_count": 0,
          "wall_stage8_vector_limiter_fraction": 0.0,
          "wall_stage8_missing_wall_data_count": 1414592,
          "wall_stage8_normal_low_agreement_count": 0,
          "wall_stage8_local_wall_angle_wall_p50": 1.5707963267948966,
          "wall_stage8_local_wall_angle_wall_min": 0.19198621771937624,
          "wall_stage8_local_wall_angle_wall_max": 1.5707963267948966,
          "wall_stage8_local_wall_normal_mag_wall_p50": 1.0,
          "wall_stage8_fluid_wall_angle_p50": 0.0,
          "wall_stage8_fluid_wall_angle_min": 0.0,
          "wall_stage8_fluid_wall_angle_max": 1.570796326794897,
          "wall_stage8_fluid_wall_normal_mag_p50": 0.0,
          "wall_stage8_fluid_wall_data_count_p50": 0.0,
          "wall_stage8_fluid_wall_data_count_p05": 0.0,
          "wall_stage8_grad_candidate_use_sum": 7500.0,
          "wall_stage8_grad_candidate_mag_p50": 8.55218716363166e-12,
          "wall_stage8_grad_candidate_mag_max": 0.21623709472106015,
          "wall_stage8_normal_agreement_p05": 0.0,
          "wall_stage8_normal_agreement_p50": 0.0,
          "wall_stage8_used_geom_normal_sum": 77752.0,
          "wall_stage8_data_fluid_count": 77752,
          "wall_stage8_active_fluid_count": 7500,
          "wall_stage8_fluid_wall_angle_data_p50": 1.5707963267948968,
          "wall_stage8_fluid_wall_angle_active_p50": 0.1919862177193763,
          "wall_stage8_fluid_wall_data_count_data_p50": 9.0,
          "wall_stage8_fluid_wall_data_count_active_p50": 9.0,
          "wall_stage8_normal_agreement_data_p05": 1.0,
          "wall_stage8_normal_agreement_data_p50": 1.0,
          "wall_stage8_normal_agreement_active_p05": 1.0,
          "wall_stage8_normal_agreement_active_p50": 1.0,
          "wall_stage8_used_geom_normal_data_sum": 77752.0,
          "wall_stage8_used_geom_normal_active_sum": 7500.0,
          "wall_stage8_grad_write_delta_mag_active_p50": 0.03220370210894845,
          "wall_stage8_grad_write_delta_mag_active_max": 0.05,
          "wall_stage8_contact_residual_active_p99": 0.15104581746799128,
          "wall_stage8_normal_delta_raw_active_p99": -0.005707581966148372,
          "wall_stage8_normal_delta_limited_active_p99": -3.482534576053078e-06,
          "wall_stage8_vector_delta_raw_active_p99": 0.09528106431300112,
          "wall_stage8_vector_delta_limited_active_p99": 0.05,
          "wall_stage8_limiter_ratio_active_p50": 0.7358009217406052,
          "max_mach": 1.1499597771773222e-05,
          "nonfinite_total": 0,
          "path_counts": "{\"2\": 64136, \"5\": 16384}"
        },
        {
          "case_id": "cap_theta030_wall011_stage8g_mode2",
          "step": 1000,
          "init_theta_deg": 30.0,
          "wall_rad_angle_deg": null,
          "angle_apparent_deg": 29.476761740014496,
          "angle_error_vs_init_deg": -0.5232382599855043,
          "angle_error_vs_wall_rad_deg": NaN,
          "fit_point_count": 130,
          "phase_fluid_sum": 52511.54137300187,
          "phase_fluid_rel_change": -0.0015572996818740913,
          "rho_fluid_sum": 53951.3738316289,
          "rho_fluid_rel_change": -0.0015142885882843897,
          "phase_fluid_min": 6.206075728439042e-15,
          "phase_fluid_max": 0.999765983361162,
          "wall_phase_pred_min": NaN,
          "wall_phase_pred_max": NaN,
          "wall_phase_raw_min": NaN,
          "wall_phase_raw_max": NaN,
          "wall_phase_profile_max": NaN,
          "wall_phase_signed_profile_max": NaN,
          "wall_phase_signed_min": NaN,
          "wall_phase_signed_max": NaN,
          "wall_signed_logit_shift_max": NaN,
          "wall_contact_residual_mean": NaN,
          "wall_contact_residual_min": NaN,
          "wall_contact_residual_max": NaN,
          "wall_signed_normal_grad_mean": NaN,
          "wall_tangent_grad_mag_mean": NaN,
          "wall_signed_delta_q_min": NaN,
          "wall_signed_delta_q_max": NaN,
          "wall_signed_q_clipped_sum": NaN,
          "wall_stage7_active_weight_sum": NaN,
          "wall_stage7_active_weight_mean": NaN,
          "wall_stage7_delta_q_raw_p50": NaN,
          "wall_stage7_delta_q_raw_p99": NaN,
          "wall_stage7_delta_q_raw_max": NaN,
          "wall_stage7_delta_q_limited_p50": NaN,
          "wall_stage7_delta_q_limited_p99": NaN,
          "wall_stage7_delta_q_limited_max": NaN,
          "wall_stage7_denom_min": NaN,
          "wall_stage7_denom_p50": NaN,
          "wall_stage7_limiter_reason_sum": NaN,
          "wall_stage7_limiter_reason_max": NaN,
          "wall_stage7_normal_path_count": 0,
          "wall_stage7_normal_limiter_count": 0,
          "wall_stage7_active_path_count": 0,
          "wall_stage7_active_limiter_count": 0,
          "wall_stage7_actual_cos_p50": NaN,
          "wall_stage7_target_cos_p50": NaN,
          "wall_stage7_write_candidate_min": NaN,
          "wall_stage7_write_candidate_max": NaN,
          "wall_stage7_write_minus_profile_min": NaN,
          "wall_stage7_write_minus_profile_max": NaN,
          "wall_stage8_active_weight_sum": 6241.004402435509,
          "wall_stage8_active_weight_mean": 0.004182014604163322,
          "wall_stage8_normal_grad_raw_p50": 0.0,
          "wall_stage8_normal_grad_target_p50": 0.0,
          "wall_stage8_contact_residual_mean": 0.001994716334453719,
          "wall_stage8_contact_residual_p50": 0.0,
          "wall_stage8_contact_residual_p99": 0.08244360395875827,
          "wall_stage8_tangent_grad_mag_p50": 0.0,
          "wall_stage8_target_cos_p50": 0.0,
          "wall_stage8_grad_write_delta_mag_p50": 0.0,
          "wall_stage8_grad_write_delta_mag_max": 0.05,
          "wall_stage8_limiter_reason_sum": 5173952.0,
          "wall_stage8_limiter_reason_max": 128.0,
          "wall_stage8_limiter_nonzero_count": 1490236,
          "wall_stage8_active_count": 7896,
          "wall_stage8_delta_limiter_count": 5788,
          "wall_stage8_normal_limiter_count": 5788,
          "wall_stage8_normal_limiter_fraction": 0.7330293819655522,
          "wall_stage8_vector_limiter_count": 0,
          "wall_stage8_vector_limiter_fraction": 0.0,
          "wall_stage8_missing_wall_data_count": 1414592,
          "wall_stage8_normal_low_agreement_count": 0,
          "wall_stage8_local_wall_angle_wall_p50": 1.5707963267948966,
          "wall_stage8_local_wall_angle_wall_min": 0.19198621771937624,
          "wall_stage8_local_wall_angle_wall_max": 1.5707963267948966,
          "wall_stage8_local_wall_normal_mag_wall_p50": 1.0,
          "wall_stage8_fluid_wall_angle_p50": 0.0,
          "wall_stage8_fluid_wall_angle_min": 0.0,
          "wall_stage8_fluid_wall_angle_max": 1.570796326794897,
          "wall_stage8_fluid_wall_normal_mag_p50": 0.0,
          "wall_stage8_fluid_wall_data_count_p50": 0.0,
          "wall_stage8_fluid_wall_data_count_p05": 0.0,
          "wall_stage8_grad_candidate_use_sum": 7896.0,
          "wall_stage8_grad_candidate_mag_p50": 3.715166586086046e-10,
          "wall_stage8_grad_candidate_mag_max": 0.21671016656955877,
          "wall_stage8_normal_agreement_p05": 0.0,
          "wall_stage8_normal_agreement_p50": 0.0,
          "wall_stage8_used_geom_normal_sum": 77752.0,
          "wall_stage8_data_fluid_count": 77752,
          "wall_stage8_active_fluid_count": 7896,
          "wall_stage8_fluid_wall_angle_data_p50": 1.5707963267948968,
          "wall_stage8_fluid_wall_angle_active_p50": 0.1919862177193763,
          "wall_stage8_fluid_wall_data_count_data_p50": 9.0,
          "wall_stage8_fluid_wall_data_count_active_p50": 9.0,
          "wall_stage8_normal_agreement_data_p05": 1.0,
          "wall_stage8_normal_agreement_data_p50": 1.0,
          "wall_stage8_normal_agreement_active_p05": 1.0,
          "wall_stage8_normal_agreement_active_p50": 1.0,
          "wall_stage8_used_geom_normal_data_sum": 77752.0,
          "wall_stage8_used_geom_normal_active_sum": 7896.0,
          "wall_stage8_grad_write_delta_mag_active_p50": 0.03249741663879925,
          "wall_stage8_grad_write_delta_mag_active_max": 0.05,
          "wall_stage8_contact_residual_active_p99": 0.12671261245736332,
          "wall_stage8_normal_delta_raw_active_p99": -0.003520696464486033,
          "wall_stage8_normal_delta_limited_active_p99": -1.1476376085413126e-06,
          "wall_stage8_vector_delta_raw_active_p99": 0.07919657713192062,
          "wall_stage8_vector_delta_limited_active_p99": 0.05,
          "wall_stage8_limiter_ratio_active_p50": 0.806745571464544,
          "max_mach": 1.0613458082881765e-05,
          "nonfinite_total": 0,
          "path_counts": "{\"2\": 64136, \"5\": 16384}"
        }
      ],
      "claim_limit": "flat-wall runtime sanity/contact-response diagnostic only"
    }
  ],
  "claim_limit": "flat-wall runtime sanity/contact-response diagnostic only"
}
