{
  "status": "runtime_sanity",
  "run_root": "/media/yuan/\u65b0\u52a0\u53771/RUNS/runs/stage8/stage8g_cap_contract_revision_diag_20260613/flat",
  "case_count": 1,
  "summaries": [
    {
      "status": "runtime_sanity",
      "case_id": "cap_theta030_wall005_stage8g_mode0",
      "case_dir": "/media/yuan/\u65b0\u52a0\u53771/RUNS/runs/stage8/stage8g_cap_contract_revision_diag_20260613/flat/cap_theta030_wall005_stage8g_mode0",
      "case_params": {
        "status": "runtime_sanity",
        "claim_limit": "runtime_sanity / exploratory_not_validation only",
        "case_id": "cap_theta030_wall005_stage8g_mode0",
        "remote_case": "/media/yuan/\u65b0\u52a0\u53771/RUNS/runs/stage8/stage8g_cap_contract_revision_diag_20260613/flat/cap_theta030_wall005_stage8g_mode0",
        "operator_mode": 1.0,
        "candidate_version": 8.5,
        "stage8g_mode": 0,
        "init_theta_deg": 30.0,
        "wall_angle_deg": 5.0,
        "steps": 1000,
        "vtk_expected_steps": [
          0,
          100,
          1000
        ],
        "vtk_what": "PhaseField,U,P,Rho,BOUNDARY,WallBCPath,WallStage8GradMode,WallStage8ActiveWeight,WallStage8NormalGradRaw,WallStage8NormalGradTarget,WallStage8ContactResidual,WallStage8TangentGradMag,WallStage8TargetCos,WallStage8GradWriteDeltaMag,WallStage8LimiterReason,WallStage8LocalWallAngle,WallStage8LocalWallNormal,WallStage8FluidWallAngle,WallStage8FluidWallNormal,WallStage8FluidWallDataCount,WallStage8GradCandidate,WallStage8GradCandidateUse,WallStage8NormalAgreement,WallStage8UsedGeomNormal,WallStage8TanCoeffLocal,WallStage8ThetaLocal,WallStage8PhaseC,WallStage8GradMagRaw,WallStage8TangentGradRaw,WallStage8TargetNormalGrad,WallStage8NormalDeltaRaw,WallStage8NormalDeltaLimited,WallStage8VectorDeltaRawMag,WallStage8VectorDeltaLimitedMag,WallStage8NormalLimiterHit,WallStage8VectorLimiterHit,WallStage8LimiterRatio,WallStage8RegionTag,WallStage8SphereRadialDot,WallStage8ContactBandTag,WallStage8eDnRaw,WallStage8eDnTry,WallStage8eDnLimited,WallStage8eAbsCap,WallStage8eRatioCap,WallStage8eEffectiveCap,WallStage8eCapSource,WallStage8eCapDemandRatio,WallStage8eNormalRawAbs,WallStage8eTargetNormalAbs,WallStage8eTargetMinusRawAbs,WallStage8eSmoothWeightC,WallStage8eSmoothWeightG,WallStage8eSmoothWeightT,WallStage8eSmoothWeightTotal,WallStage8eTanCoeffTimesTangent,WallStage8eLimiterClass,WallStage8eWallProfileConflict,WallStage8gMode,WallStage8gScaleRawNormal,WallStage8gScaleTarget,WallStage8gScaleTangent,WallStage8gScaleFloor,WallStage8gEffectiveScale,WallStage8gTanRaw,WallStage8gTanEff,WallStage8gRegularizationRatio,WallStage8gCapSource,WallStage8gCapDemandRatio,WallStage8gProfileTargetMismatch,WallStage8gProfileConflictSign,WallStage8gWriteAllowedFlag"
      },
      "frame_count": 3,
      "last": {
        "status": "runtime_sanity",
        "case_id": "cap_theta030_wall005_stage8g_mode0",
        "step": 1000,
        "file": "/media/yuan/\u65b0\u52a0\u53771/RUNS/runs/stage8/stage8g_cap_contract_revision_diag_20260613/flat/cap_theta030_wall005_stage8g_mode0/output/case_VTK_P00_00001000.vti",
        "dims": [
          128,
          96,
          128
        ],
        "case_params": {
          "status": "runtime_sanity",
          "claim_limit": "runtime_sanity / exploratory_not_validation only",
          "case_id": "cap_theta030_wall005_stage8g_mode0",
          "remote_case": "/media/yuan/\u65b0\u52a0\u53771/RUNS/runs/stage8/stage8g_cap_contract_revision_diag_20260613/flat/cap_theta030_wall005_stage8g_mode0",
          "operator_mode": 1.0,
          "candidate_version": 8.5,
          "stage8g_mode": 0,
          "init_theta_deg": 30.0,
          "wall_angle_deg": 5.0,
          "steps": 1000,
          "vtk_expected_steps": [
            0,
            100,
            1000
          ],
          "vtk_what": "PhaseField,U,P,Rho,BOUNDARY,WallBCPath,WallStage8GradMode,WallStage8ActiveWeight,WallStage8NormalGradRaw,WallStage8NormalGradTarget,WallStage8ContactResidual,WallStage8TangentGradMag,WallStage8TargetCos,WallStage8GradWriteDeltaMag,WallStage8LimiterReason,WallStage8LocalWallAngle,WallStage8LocalWallNormal,WallStage8FluidWallAngle,WallStage8FluidWallNormal,WallStage8FluidWallDataCount,WallStage8GradCandidate,WallStage8GradCandidateUse,WallStage8NormalAgreement,WallStage8UsedGeomNormal,WallStage8TanCoeffLocal,WallStage8ThetaLocal,WallStage8PhaseC,WallStage8GradMagRaw,WallStage8TangentGradRaw,WallStage8TargetNormalGrad,WallStage8NormalDeltaRaw,WallStage8NormalDeltaLimited,WallStage8VectorDeltaRawMag,WallStage8VectorDeltaLimitedMag,WallStage8NormalLimiterHit,WallStage8VectorLimiterHit,WallStage8LimiterRatio,WallStage8RegionTag,WallStage8SphereRadialDot,WallStage8ContactBandTag,WallStage8eDnRaw,WallStage8eDnTry,WallStage8eDnLimited,WallStage8eAbsCap,WallStage8eRatioCap,WallStage8eEffectiveCap,WallStage8eCapSource,WallStage8eCapDemandRatio,WallStage8eNormalRawAbs,WallStage8eTargetNormalAbs,WallStage8eTargetMinusRawAbs,WallStage8eSmoothWeightC,WallStage8eSmoothWeightG,WallStage8eSmoothWeightT,WallStage8eSmoothWeightTotal,WallStage8eTanCoeffTimesTangent,WallStage8eLimiterClass,WallStage8eWallProfileConflict,WallStage8gMode,WallStage8gScaleRawNormal,WallStage8gScaleTarget,WallStage8gScaleTangent,WallStage8gScaleFloor,WallStage8gEffectiveScale,WallStage8gTanRaw,WallStage8gTanEff,WallStage8gRegularizationRatio,WallStage8gCapSource,WallStage8gCapDemandRatio,WallStage8gProfileTargetMismatch,WallStage8gProfileConflictSign,WallStage8gWriteAllowedFlag"
        },
        "cell_count": 1572864,
        "wall_count": 80520,
        "fluid_count": 1492344,
        "lower_wall_count": 16384,
        "nonfinite_total": 0,
        "angle_apparent_deg": 29.476409823874466,
        "angle_error_vs_init_deg": -0.5235901761255342,
        "angle_error_vs_wall_rad_deg": NaN,
        "fit_point_count": 130,
        "fit_circle": [
          -88.94472871674304,
          63.500000000000036,
          102.16974783557892
        ],
        "wall_bc_path_counts": {
          "2": 64136,
          "5": 16384
        },
        "field_stats": {
          "PhaseField": {
            "all": {
              "count": 1572864,
              "nonfinite": 0,
              "min": 6.206088991023663e-15,
              "mean": 0.03857205501383235,
              "p01": 7.928547719041975e-14,
              "p05": 5.156093330965964e-13,
              "p50": 2.9796223052535353e-09,
              "p99": 0.9870215096469896,
              "max": 0.9998826328979643,
              "sum": 60668.596737276406,
              "nonzero_count": 1572864,
              "positive_count": 1572864,
              "negative_count": 0
            },
            "fluid": {
              "count": 1492344,
              "nonfinite": 0,
              "min": 6.206088991023663e-15,
              "mean": 0.03518625121087512,
              "p01": 1.0300167466884485e-13,
              "p05": 6.659037999300089e-13,
              "p50": 3.0533373847171708e-09,
              "p99": 0.9778296123443861,
              "max": 0.9997659651325528,
              "sum": 52509.99087704222,
              "nonzero_count": 1492344,
              "positive_count": 1492344,
              "negative_count": 0
            },
            "wall": {
              "count": 80520,
              "nonfinite": 0,
              "min": 6.206088991023663e-15,
              "mean": 0.10132396746440904,
              "p01": 1.5461044595074794e-14,
              "p05": 6.91686200056034e-14,
              "p50": 1.3267336499525467e-09,
              "p99": 0.9996902019470544,
              "max": 0.9998826328979643,
              "sum": 8158.605860234216,
              "nonzero_count": 80520,
              "positive_count": 80520,
              "negative_count": 0
            },
            "lower_wall": {
              "count": 16384,
              "nonfinite": 0,
              "min": 1.755221485625437e-06,
              "mean": 0.497625228310971,
              "p01": 7.035432353718409e-06,
              "p05": 0.00013693887230212089,
              "p50": 0.4717673311566054,
              "p99": 0.9998559050604943,
              "max": 0.9998826328979643,
              "sum": 8153.091740646949,
              "nonzero_count": 16384,
              "positive_count": 16384,
              "negative_count": 0
            }
          },
          "Rho": {
            "all": {
              "count": 1572864,
              "nonfinite": 0,
              "min": 0.0,
              "mean": 0.034300374912366975,
              "p01": 0.0,
              "p05": 0.0,
              "p50": 0.0010000022401237068,
              "p99": 0.9750719869689594,
              "max": 0.9997661991674203,
              "sum": 53949.824886165174,
              "nonzero_count": 1492344,
              "positive_count": 1492344,
              "negative_count": 0
            },
            "fluid": {
              "count": 1492344,
              "nonfinite": 0,
              "min": 0.0010000000000062,
              "mean": 0.036151064959664254,
              "p01": 0.0010000000001028986,
              "p05": 0.0010000000006652379,
              "p50": 0.0010000030502840473,
              "p99": 0.9778517827320418,
              "max": 0.9997661991674203,
              "sum": 53949.824886165195,
              "nonzero_count": 1492344,
              "positive_count": 1492344,
              "negative_count": 0
            },
            "wall": {
              "count": 80520,
              "nonfinite": 0,
              "min": 0.0,
              "mean": 0.0,
              "p01": 0.0,
              "p05": 0.0,
              "p50": 0.0,
              "p99": 0.0,
              "max": 0.0,
              "sum": 0.0,
              "nonzero_count": 0,
              "positive_count": 0,
              "negative_count": 0
            },
            "lower_wall": {
              "count": 16384,
              "nonfinite": 0,
              "min": 0.0,
              "mean": 0.0,
              "p01": 0.0,
              "p05": 0.0,
              "p50": 0.0,
              "p99": 0.0,
              "max": 0.0,
              "sum": 0.0,
              "nonzero_count": 0,
              "positive_count": 0,
              "negative_count": 0
            }
          },
          "WallStage8GradMode": {
            "all": {
              "count": 1572864,
              "nonfinite": 0,
              "min": 1.0,
              "mean": 1.0,
              "p01": 1.0,
              "p05": 1.0,
              "p50": 1.0,
              "p99": 1.0,
              "max": 1.0,
              "sum": 1572864.0,
              "nonzero_count": 1572864,
              "positive_count": 1572864,
              "negative_count": 0
            },
            "fluid": {
              "count": 1492344,
              "nonfinite": 0,
              "min": 1.0,
              "mean": 1.0,
              "p01": 1.0,
              "p05": 1.0,
              "p50": 1.0,
              "p99": 1.0,
              "max": 1.0,
              "sum": 1492344.0,
              "nonzero_count": 1492344,
              "positive_count": 1492344,
              "negative_count": 0
            },
            "wall": {
              "count": 80520,
              "nonfinite": 0,
              "min": 1.0,
              "mean": 1.0,
              "p01": 1.0,
              "p05": 1.0,
              "p50": 1.0,
              "p99": 1.0,
              "max": 1.0,
              "sum": 80520.0,
              "nonzero_count": 80520,
              "positive_count": 80520,
              "negative_count": 0
            },
            "lower_wall": {
              "count": 16384,
              "nonfinite": 0,
              "min": 1.0,
              "mean": 1.0,
              "p01": 1.0,
              "p05": 1.0,
              "p50": 1.0,
              "p99": 1.0,
              "max": 1.0,
              "sum": 16384.0,
              "nonzero_count": 16384,
              "positive_count": 16384,
              "negative_count": 0
            }
          },
          "WallStage8ActiveWeight": {
            "all": {
              "count": 1572864,
              "nonfinite": 0,
              "min": 0.0,
              "mean": 0.0039894151993986144,
              "p01": 0.0,
              "p05": 0.0,
              "p50": 0.0,
              "p99": 0.0,
              "max": 1.0,
              "sum": 6274.807548186903,
              "nonzero_count": 7984,
              "positive_count": 7984,
              "negative_count": 0
            },
            "fluid": {
              "count": 1492344,
              "nonfinite": 0,
              "min": 0.0,
              "mean": 0.004204665645579641,
              "p01": 0.0,
              "p05": 0.0,
              "p50": 0.0,
              "p99": 0.0,
              "max": 1.0,
              "sum": 6274.807548186904,
              "nonzero_count": 7984,
              "positive_count": 7984,
              "negative_count": 0
            },
            "wall": {
              "count": 80520,
              "nonfinite": 0,
              "min": 0.0,
              "mean": 0.0,
              "p01": 0.0,
              "p05": 0.0,
              "p50": 0.0,
              "p99": 0.0,
              "max": 0.0,
              "sum": 0.0,
              "nonzero_count": 0,
              "positive_count": 0,
              "negative_count": 0
            },
            "lower_wall": {
              "count": 16384,
              "nonfinite": 0,
              "min": 0.0,
              "mean": 0.0,
              "p01": 0.0,
              "p05": 0.0,
              "p50": 0.0,
              "p99": 0.0,
              "max": 0.0,
              "sum": 0.0,
              "nonzero_count": 0,
              "positive_count": 0,
              "negative_count": 0
            }
          },
          "WallStage8NormalGradRaw": {
            "all": {
              "count": 1572864,
              "nonfinite": 0,
              "min": -0.15412191622198174,
              "mean": -0.000388675970254938,
              "p01": -2.3870070515104424e-06,
              "p05": 0.0,
              "p50": 0.0,
              "p99": 2.108372445395283e-11,
              "max": 0.00030420547728642056,
              "sum": -611.3344412790628,
              "nonzero_count": 77752,
              "positive_count": 61080,
              "negative_count": 16672
            },
            "fluid": {
              "count": 1492344,
              "nonfinite": 0,
              "min": -0.15412191622198174,
              "mean": -0.0004096471331536583,
              "p01": -8.395281151482245e-05,
              "p05": 0.0,
              "p50": 0.0,
              "p99": 2.164128998269944e-11,
              "max": 0.00030420547728642056,
              "sum": -611.3344412790631,
              "nonzero_count": 77752,
              "positive_count": 61080,
              "negative_count": 16672
            },
            "wall": {
              "count": 80520,
              "nonfinite": 0,
              "min": 0.0,
              "mean": 0.0,
              "p01": 0.0,
              "p05": 0.0,
              "p50": 0.0,
              "p99": 0.0,
              "max": 0.0,
              "sum": 0.0,
              "nonzero_count": 0,
              "positive_count": 0,
              "negative_count": 0
            },
            "lower_wall": {
              "count": 16384,
              "nonfinite": 0,
              "min": 0.0,
              "mean": 0.0,
              "p01": 0.0,
              "p05": 0.0,
              "p50": 0.0,
              "p99": 0.0,
              "max": 0.0,
              "sum": 0.0,
              "nonzero_count": 0,
              "positive_count": 0,
              "negative_count": 0
            }
          },
          "WallStage8NormalGradTarget": {
            "all": {
              "count": 1572864,
              "nonfinite": 0,
              "min": -0.8385765498739037,
              "mean": -0.0021854750288155013,
              "p01": -1.089550006066803e-05,
              "p05": 0.0,
              "p50": 0.0,
              "p99": 1.0301017621443393e-18,
              "max": 1.3761733119414212e-11,
              "sum": -3437.4549957228646,
              "nonzero_count": 77752,
              "positive_count": 61876,
              "negative_count": 15876
            },
            "fluid": {
              "count": 1492344,
              "nonfinite": 0,
              "min": -0.8385765498739037,
              "mean": -0.0023033931826193324,
              "p01": -0.0002363503609378803,
              "p05": 0.0,
              "p50": 0.0,
              "p99": 1.095155410066231e-18,
              "max": 1.3761733119414212e-11,
              "sum": -3437.454995722865,
              "nonzero_count": 77752,
              "positive_count": 61876,
              "negative_count": 15876
            },
            "wall": {
              "count": 80520,
              "nonfinite": 0,
              "min": 0.0,
              "mean": 0.0,
              "p01": 0.0,
              "p05": 0.0,
              "p50": 0.0,
              "p99": 0.0,
              "max": 0.0,
              "sum": 0.0,
              "nonzero_count": 0,
              "positive_count": 0,
              "negative_count": 0
            },
            "lower_wall": {
              "count": 16384,
              "nonfinite": 0,
              "min": 0.0,
              "mean": 0.0,
              "p01": 0.0,
              "p05": 0.0,
              "p50": 0.0,
              "p99": 0.0,
              "max": 0.0,
              "sum": 0.0,
              "nonzero_count": 0,
              "positive_count": 0,
              "negative_count": 0
            }
          },
          "WallStage8ContactResidual": {
            "all": {
              "count": 1572864,
              "nonfinite": 0,
              "min": -0.0037455720767876066,
              "mean": 0.002019857859708944,
              "p01": 0.0,
              "p05": 0.0,
              "p50": 0.0,
              "p99": 0.09537667409456772,
              "max": 0.3483527996419222,
              "sum": 3176.961712653249,
              "nonzero_count": 23760,
              "positive_count": 23664,
              "negative_count": 96
            },
            "fluid": {
              "count": 1492344,
              "nonfinite": 0,
              "min": -0.0037455720767876066,
              "mean": 0.0021288400748441707,
              "p01": 0.0,
              "p05": 0.0,
              "p50": 0.0,
              "p99": 0.09679302740432964,
              "max": 0.3483527996419222,
              "sum": 3176.961712653249,
              "nonzero_count": 23760,
              "positive_count": 23664,
              "negative_count": 96
            },
            "wall": {
              "count": 80520,
              "nonfinite": 0,
              "min": 0.0,
              "mean": 0.0,
              "p01": 0.0,
              "p05": 0.0,
              "p50": 0.0,
              "p99": 0.0,
              "max": 0.0,
              "sum": 0.0,
              "nonzero_count": 0,
              "positive_count": 0,
              "negative_count": 0
            },
            "lower_wall": {
              "count": 16384,
              "nonfinite": 0,
              "min": 0.0,
              "mean": 0.0,
              "p01": 0.0,
              "p05": 0.0,
              "p50": 0.0,
              "p99": 0.0,
              "max": 0.0,
              "sum": 0.0,
              "nonzero_count": 0,
              "positive_count": 0,
              "negative_count": 0
            }
          },
          "WallStage8TangentGradMag": {
            "all": {
              "count": 1572864,
              "nonfinite": 0,
              "min": 0.0,
              "mean": 0.00019321533187900147,
              "p01": 0.0,
              "p05": 0.0,
              "p50": 0.0,
              "p99": 7.165851875653511e-05,
              "max": 0.0733659431293273,
              "sum": 303.9014397605338,
              "nonzero_count": 77752,
              "positive_count": 77752,
              "negative_count": 0
            },
            "fluid": {
              "count": 1492344,
              "nonfinite": 0,
              "min": 0.0,
              "mean": 0.00020364034013641222,
              "p01": 0.0,
              "p05": 0.0,
              "p50": 0.0,
              "p99": 0.00012464279633895062,
              "max": 0.0733659431293273,
              "sum": 303.90143976053395,
              "nonzero_count": 77752,
              "positive_count": 77752,
              "negative_count": 0
            },
            "wall": {
              "count": 80520,
              "nonfinite": 0,
              "min": 0.0,
              "mean": 0.0,
              "p01": 0.0,
              "p05": 0.0,
              "p50": 0.0,
              "p99": 0.0,
              "max": 0.0,
              "sum": 0.0,
              "nonzero_count": 0,
              "positive_count": 0,
              "negative_count": 0
            },
            "lower_wall": {
              "count": 16384,
              "nonfinite": 0,
              "min": 0.0,
              "mean": 0.0,
              "p01": 0.0,
              "p05": 0.0,
              "p50": 0.0,
              "p99": 0.0,
              "max": 0.0,
              "sum": 0.0,
              "nonzero_count": 0,
              "positive_count": 0,
              "negative_count": 0
            }
          },
          "WallStage8TargetCos": {
            "all": {
              "count": 1572864,
              "nonfinite": 0,
              "min": -0.9961946980917455,
              "mean": -0.009982113268330775,
              "p01": -0.767145325428409,
              "p05": 0.0,
              "p50": 0.0,
              "p99": 1.6081226496766366e-16,
              "max": 3.8285686989269494e-16,
              "sum": -15700.506603679816,
              "nonzero_count": 77752,
              "positive_count": 61874,
              "negative_count": 15878
            },
            "fluid": {
              "count": 1492344,
              "nonfinite": 0,
              "min": -0.9961946980917455,
              "mean": -0.01052070206579704,
              "p01": -0.9961946980917455,
              "p05": 0.0,
              "p50": 0.0,
              "p99": 1.6081226496766366e-16,
              "max": 3.8285686989269494e-16,
              "sum": -15700.506603679816,
              "nonzero_count": 77752,
              "positive_count": 61874,
              "negative_count": 15878
            },
            "wall": {
              "count": 80520,
              "nonfinite": 0,
              "min": 0.0,
              "mean": 0.0,
              "p01": 0.0,
              "p05": 0.0,
              "p50": 0.0,
              "p99": 0.0,
              "max": 0.0,
              "sum": 0.0,
              "nonzero_count": 0,
              "positive_count": 0,
              "negative_count": 0
            },
            "lower_wall": {
              "count": 16384,
              "nonfinite": 0,
              "min": 0.0,
              "mean": 0.0,
              "p01": 0.0,
              "p05": 0.0,
              "p50": 0.0,
              "p99": 0.0,
              "max": 0.0,
              "sum": 0.0,
              "nonzero_count": 0,
              "positive_count": 0,
              "negative_count": 0
            }
          },
          "WallStage8GradWriteDeltaMag": {
            "all": {
              "count": 1572864,
              "nonfinite": 0,
              "min": 0.0,
              "mean": 0.0001558184804171578,
              "p01": 0.0,
              "p05": 0.0,
              "p50": 0.0,
              "p99": 0.0,
              "max": 0.05,
              "sum": 245.08127838285247,
              "nonzero_count": 7984,
              "positive_count": 7984,
              "negative_count": 0
            },
            "fluid": {
              "count": 1492344,
              "nonfinite": 0,
              "min": 0.0,
              "mean": 0.00016422572703267643,
              "p01": 0.0,
              "p05": 0.0,
              "p50": 0.0,
              "p99": 0.0,
              "max": 0.05,
              "sum": 245.08127838285247,
              "nonzero_count": 7984,
              "positive_count": 7984,
              "negative_count": 0
            },
            "wall": {
              "count": 80520,
              "nonfinite": 0,
              "min": 0.0,
              "mean": 0.0,
              "p01": 0.0,
              "p05": 0.0,
              "p50": 0.0,
              "p99": 0.0,
              "max": 0.0,
              "sum": 0.0,
              "nonzero_count": 0,
              "positive_count": 0,
              "negative_count": 0
            },
            "lower_wall": {
              "count": 16384,
              "nonfinite": 0,
              "min": 0.0,
              "mean": 0.0,
              "p01": 0.0,
              "p05": 0.0,
              "p50": 0.0,
              "p99": 0.0,
              "max": 0.0,
              "sum": 0.0,
              "nonzero_count": 0,
              "positive_count": 0,
              "negative_count": 0
            }
          },
          "WallStage8LimiterReason": {
            "all": {
              "count": 1572864,
              "nonfinite": 0,
              "min": 0.0,
              "mean": 3.4459075927734375,
              "p01": 1.0,
              "p05": 1.0,
              "p50": 2.0,
              "p99": 28.0,
              "max": 128.0,
              "sum": 5419944.0,
              "nonzero_count": 1571968,
              "positive_count": 1571968,
              "negative_count": 0
            },
            "fluid": {
              "count": 1492344,
              "nonfinite": 0,
              "min": 0.0,
              "mean": 3.5778774866920764,
              "p01": 2.0,
              "p05": 2.0,
              "p50": 2.0,
              "p99": 28.0,
              "max": 128.0,
              "sum": 5339424.0,
              "nonzero_count": 1491448,
              "positive_count": 1491448,
              "negative_count": 0
            },
            "wall": {
              "count": 80520,
              "nonfinite": 0,
              "min": 1.0,
              "mean": 1.0,
              "p01": 1.0,
              "p05": 1.0,
              "p50": 1.0,
              "p99": 1.0,
              "max": 1.0,
              "sum": 80520.0,
              "nonzero_count": 80520,
              "positive_count": 80520,
              "negative_count": 0
            },
            "lower_wall": {
              "count": 16384,
              "nonfinite": 0,
              "min": 1.0,
              "mean": 1.0,
              "p01": 1.0,
              "p05": 1.0,
              "p50": 1.0,
              "p99": 1.0,
              "max": 1.0,
              "sum": 16384.0,
              "nonzero_count": 16384,
              "positive_count": 16384,
              "negative_count": 0
            }
          },
          "WallStage8LocalWallAngle": {
            "all": {
              "count": 1572864,
              "nonfinite": 0,
              "min": 0.0,
              "mean": 0.06496071302957616,
              "p01": 0.0,
              "p05": 0.0,
              "p50": 0.0,
              "p99": 1.5707963267948966,
              "max": 1.5707963267948966,
              "sum": 102174.36693855128,
              "nonzero_count": 80520,
              "positive_count": 80520,
              "negative_count": 0
            },
            "fluid": {
              "count": 1492344,
              "nonfinite": 0,
              "min": 0.0,
              "mean": 0.0,
              "p01": 0.0,
              "p05": 0.0,
              "p50": 0.0,
              "p99": 0.0,
              "max": 0.0,
              "sum": 0.0,
              "nonzero_count": 0,
              "positive_count": 0,
              "negative_count": 0
            },
            "wall": {
              "count": 80520,
              "nonfinite": 0,
              "min": 0.08726646259971647,
              "mean": 1.268931531775351,
              "p01": 0.08726646259971647,
              "p05": 0.08726646259971647,
              "p50": 1.5707963267948966,
              "p99": 1.5707963267948966,
              "max": 1.5707963267948966,
              "sum": 102174.36693855126,
              "nonzero_count": 80520,
              "positive_count": 80520,
              "negative_count": 0
            },
            "lower_wall": {
              "count": 16384,
              "nonfinite": 0,
              "min": 0.08726646259971647,
              "mean": 0.08726646259971645,
              "p01": 0.08726646259971647,
              "p05": 0.08726646259971647,
              "p50": 0.08726646259971647,
              "p99": 0.08726646259971647,
              "max": 0.08726646259971647,
              "sum": 1429.7737232337543,
              "nonzero_count": 16384,
              "positive_count": 16384,
              "negative_count": 0
            }
          },
          "WallStage8FluidWallAngle": {
            "all": {
              "count": 1572864,
              "nonfinite": 0,
              "min": 0.0,
              "mean": 0.06286963894803038,
              "p01": 0.0,
              "p05": 0.0,
              "p50": 0.0,
              "p99": 1.5707963267948968,
              "max": 1.570796326794897,
              "sum": 98885.39179435486,
              "nonzero_count": 77752,
              "positive_count": 77752,
              "negative_count": 0
            },
            "fluid": {
              "count": 1492344,
              "nonfinite": 0,
              "min": 0.0,
              "mean": 0.06626179472987126,
              "p01": 0.0,
              "p05": 0.0,
              "p50": 0.0,
              "p99": 1.5707963267948968,
              "max": 1.570796326794897,
              "sum": 98885.39179435499,
              "nonzero_count": 77752,
              "positive_count": 77752,
              "negative_count": 0
            },
            "wall": {
              "count": 80520,
              "nonfinite": 0,
              "min": 0.0,
              "mean": 0.0,
              "p01": 0.0,
              "p05": 0.0,
              "p50": 0.0,
              "p99": 0.0,
              "max": 0.0,
              "sum": 0.0,
              "nonzero_count": 0,
              "positive_count": 0,
              "negative_count": 0
            },
            "lower_wall": {
              "count": 16384,
              "nonfinite": 0,
              "min": 0.0,
              "mean": 0.0,
              "p01": 0.0,
              "p05": 0.0,
              "p50": 0.0,
              "p99": 0.0,
              "max": 0.0,
              "sum": 0.0,
              "nonzero_count": 0,
              "positive_count": 0,
              "negative_count": 0
            }
          },
          "WallStage8FluidWallDataCount": {
            "all": {
              "count": 1572864,
              "nonfinite": 0,
              "min": 0.0,
              "mean": 0.4501393636067708,
              "p01": 0.0,
              "p05": 0.0,
              "p50": 0.0,
              "p99": 9.0,
              "max": 19.0,
              "sum": 708008.0,
              "nonzero_count": 77752,
              "positive_count": 77752,
              "negative_count": 0
            },
            "fluid": {
              "count": 1492344,
              "nonfinite": 0,
              "min": 0.0,
              "mean": 0.47442680776014107,
              "p01": 0.0,
              "p05": 0.0,
              "p50": 0.0,
              "p99": 9.0,
              "max": 19.0,
              "sum": 708008.0,
              "nonzero_count": 77752,
              "positive_count": 77752,
              "negative_count": 0
            },
            "wall": {
              "count": 80520,
              "nonfinite": 0,
              "min": 0.0,
              "mean": 0.0,
              "p01": 0.0,
              "p05": 0.0,
              "p50": 0.0,
              "p99": 0.0,
              "max": 0.0,
              "sum": 0.0,
              "nonzero_count": 0,
              "positive_count": 0,
              "negative_count": 0
            },
            "lower_wall": {
              "count": 16384,
              "nonfinite": 0,
              "min": 0.0,
              "mean": 0.0,
              "p01": 0.0,
              "p05": 0.0,
              "p50": 0.0,
              "p99": 0.0,
              "max": 0.0,
              "sum": 0.0,
              "nonzero_count": 0,
              "positive_count": 0,
              "negative_count": 0
            }
          },
          "WallStage8GradCandidateUse": {
            "all": {
              "count": 1572864,
              "nonfinite": 0,
              "min": 0.0,
              "mean": 0.005076090494791667,
              "p01": 0.0,
              "p05": 0.0,
              "p50": 0.0,
              "p99": 0.0,
              "max": 1.0,
              "sum": 7984.0,
              "nonzero_count": 7984,
              "positive_count": 7984,
              "negative_count": 0
            },
            "fluid": {
              "count": 1492344,
              "nonfinite": 0,
              "min": 0.0,
              "mean": 0.005349972928493698,
              "p01": 0.0,
              "p05": 0.0,
              "p50": 0.0,
              "p99": 0.0,
              "max": 1.0,
              "sum": 7984.0,
              "nonzero_count": 7984,
              "positive_count": 7984,
              "negative_count": 0
            },
            "wall": {
              "count": 80520,
              "nonfinite": 0,
              "min": 0.0,
              "mean": 0.0,
              "p01": 0.0,
              "p05": 0.0,
              "p50": 0.0,
              "p99": 0.0,
              "max": 0.0,
              "sum": 0.0,
              "nonzero_count": 0,
              "positive_count": 0,
              "negative_count": 0
            },
            "lower_wall": {
              "count": 16384,
              "nonfinite": 0,
              "min": 0.0,
              "mean": 0.0,
              "p01": 0.0,
              "p05": 0.0,
              "p50": 0.0,
              "p99": 0.0,
              "max": 0.0,
              "sum": 0.0,
              "nonzero_count": 0,
              "positive_count": 0,
              "negative_count": 0
            }
          },
          "WallStage8NormalAgreement": {
            "all": {
              "count": 1572864,
              "nonfinite": 0,
              "min": 0.0,
              "mean": 0.049433390299479164,
              "p01": 0.0,
              "p05": 0.0,
              "p50": 0.0,
              "p99": 1.0,
              "max": 1.0000000000000002,
              "sum": 77752.0,
              "nonzero_count": 77752,
              "positive_count": 77752,
              "negative_count": 0
            },
            "fluid": {
              "count": 1492344,
              "nonfinite": 0,
              "min": 0.0,
              "mean": 0.05210058806816659,
              "p01": 0.0,
              "p05": 0.0,
              "p50": 0.0,
              "p99": 1.0,
              "max": 1.0000000000000002,
              "sum": 77752.0,
              "nonzero_count": 77752,
              "positive_count": 77752,
              "negative_count": 0
            },
            "wall": {
              "count": 80520,
              "nonfinite": 0,
              "min": 0.0,
              "mean": 0.0,
              "p01": 0.0,
              "p05": 0.0,
              "p50": 0.0,
              "p99": 0.0,
              "max": 0.0,
              "sum": 0.0,
              "nonzero_count": 0,
              "positive_count": 0,
              "negative_count": 0
            },
            "lower_wall": {
              "count": 16384,
              "nonfinite": 0,
              "min": 0.0,
              "mean": 0.0,
              "p01": 0.0,
              "p05": 0.0,
              "p50": 0.0,
              "p99": 0.0,
              "max": 0.0,
              "sum": 0.0,
              "nonzero_count": 0,
              "positive_count": 0,
              "negative_count": 0
            }
          },
          "WallStage8UsedGeomNormal": {
            "all": {
              "count": 1572864,
              "nonfinite": 0,
              "min": 0.0,
              "mean": 0.049433390299479164,
              "p01": 0.0,
              "p05": 0.0,
              "p50": 0.0,
              "p99": 1.0,
              "max": 1.0,
              "sum": 77752.0,
              "nonzero_count": 77752,
              "positive_count": 77752,
              "negative_count": 0
            },
            "fluid": {
              "count": 1492344,
              "nonfinite": 0,
              "min": 0.0,
              "mean": 0.05210058806816659,
              "p01": 0.0,
              "p05": 0.0,
              "p50": 0.0,
              "p99": 1.0,
              "max": 1.0,
              "sum": 77752.0,
              "nonzero_count": 77752,
              "positive_count": 77752,
              "negative_count": 0
            },
            "wall": {
              "count": 80520,
              "nonfinite": 0,
              "min": 0.0,
              "mean": 0.0,
              "p01": 0.0,
              "p05": 0.0,
              "p50": 0.0,
              "p99": 0.0,
              "max": 0.0,
              "sum": 0.0,
              "nonzero_count": 0,
              "positive_count": 0,
              "negative_count": 0
            },
            "lower_wall": {
              "count": 16384,
              "nonfinite": 0,
              "min": 0.0,
              "mean": 0.0,
              "p01": 0.0,
              "p05": 0.0,
              "p50": 0.0,
              "p99": 0.0,
              "max": 0.0,
              "sum": 0.0,
              "nonzero_count": 0,
              "positive_count": 0,
              "negative_count": 0
            }
          },
          "WallStage8TanCoeffLocal": {
            "all": {
              "count": 1572864,
              "nonfinite": 0,
              "min": -1.7948968977776758e-09,
              "mean": 0.1121170566854156,
              "p01": -1.7948966757330709e-09,
              "p05": 0.0,
              "p50": 0.0,
              "p99": 1.1959114608592103,
              "max": 11.430052066470214,
              "sum": 176344.88224644953,
              "nonzero_count": 77752,
              "positive_count": 15876,
              "negative_count": 61876
            },
            "fluid": {
              "count": 1492344,
              "nonfinite": 0,
              "min": -1.7948968977776758e-09,
              "mean": 0.1181663760141426,
              "p01": -1.7948966757330709e-09,
              "p05": 0.0,
              "p50": 0.0,
              "p99": 11.430052066470214,
              "max": 11.430052066470214,
              "sum": 176344.88224644962,
              "nonzero_count": 77752,
              "positive_count": 15876,
              "negative_count": 61876
            },
            "wall": {
              "count": 80520,
              "nonfinite": 0,
              "min": 0.0,
              "mean": 0.0,
              "p01": 0.0,
              "p05": 0.0,
              "p50": 0.0,
              "p99": 0.0,
              "max": 0.0,
              "sum": 0.0,
              "nonzero_count": 0,
              "positive_count": 0,
              "negative_count": 0
            },
            "lower_wall": {
              "count": 16384,
              "nonfinite": 0,
              "min": 0.0,
              "mean": 0.0,
              "p01": 0.0,
              "p05": 0.0,
              "p50": 0.0,
              "p99": 0.0,
              "max": 0.0,
              "sum": 0.0,
              "nonzero_count": 0,
              "positive_count": 0,
              "negative_count": 0
            }
          },
          "WallStage8ThetaLocal": {
            "all": {
              "count": 1572864,
              "nonfinite": 0,
              "min": 0.0,
              "mean": 0.06286963894803038,
              "p01": 0.0,
              "p05": 0.0,
              "p50": 0.0,
              "p99": 1.5707963267948968,
              "max": 1.570796326794897,
              "sum": 98885.39179435486,
              "nonzero_count": 77752,
              "positive_count": 77752,
              "negative_count": 0
            },
            "fluid": {
              "count": 1492344,
              "nonfinite": 0,
              "min": 0.0,
              "mean": 0.06626179472987126,
              "p01": 0.0,
              "p05": 0.0,
              "p50": 0.0,
              "p99": 1.5707963267948968,
              "max": 1.570796326794897,
              "sum": 98885.39179435499,
              "nonzero_count": 77752,
              "positive_count": 77752,
              "negative_count": 0
            },
            "wall": {
              "count": 80520,
              "nonfinite": 0,
              "min": 0.0,
              "mean": 0.0,
              "p01": 0.0,
              "p05": 0.0,
              "p50": 0.0,
              "p99": 0.0,
              "max": 0.0,
              "sum": 0.0,
              "nonzero_count": 0,
              "positive_count": 0,
              "negative_count": 0
            },
            "lower_wall": {
              "count": 16384,
              "nonfinite": 0,
              "min": 0.0,
              "mean": 0.0,
              "p01": 0.0,
              "p05": 0.0,
              "p50": 0.0,
              "p99": 0.0,
              "max": 0.0,
              "sum": 0.0,
              "nonzero_count": 0,
              "positive_count": 0,
              "negative_count": 0
            }
          },
          "WallStage8PhaseC": {
            "all": {
              "count": 1572864,
              "nonfinite": 0,
              "min": 0.0,
              "mean": 0.004736062380249771,
              "p01": 0.0,
              "p05": 0.0,
              "p50": 0.0,
              "p99": 0.00032823830177799377,
              "max": 0.9997659651325528,
              "sum": 7449.182019649175,
              "nonzero_count": 77752,
              "positive_count": 77752,
              "negative_count": 0
            },
            "fluid": {
              "count": 1492344,
              "nonfinite": 0,
              "min": 0.0,
              "mean": 0.004991598464998138,
              "p01": 0.0,
              "p05": 0.0,
              "p50": 0.0,
              "p99": 0.0008488516554056477,
              "max": 0.9997659651325528,
              "sum": 7449.182019649181,
              "nonzero_count": 77752,
              "positive_count": 77752,
              "negative_count": 0
            },
            "wall": {
              "count": 80520,
              "nonfinite": 0,
              "min": 0.0,
              "mean": 0.0,
              "p01": 0.0,
              "p05": 0.0,
              "p50": 0.0,
              "p99": 0.0,
              "max": 0.0,
              "sum": 0.0,
              "nonzero_count": 0,
              "positive_count": 0,
              "negative_count": 0
            },
            "lower_wall": {
              "count": 16384,
              "nonfinite": 0,
              "min": 0.0,
              "mean": 0.0,
              "p01": 0.0,
              "p05": 0.0,
              "p50": 0.0,
              "p99": 0.0,
              "max": 0.0,
              "sum": 0.0,
              "nonzero_count": 0,
              "positive_count": 0,
              "negative_count": 0
            }
          },
          "WallStage8GradMagRaw": {
            "all": {
              "count": 1572864,
              "nonfinite": 0,
              "min": 0.0,
              "mean": 0.0004350811137477499,
              "p01": 0.0,
              "p05": 0.0,
              "p50": 0.0,
              "p99": 0.0001686143414793299,
              "max": 0.17068921589342598,
              "sum": 684.323420893741,
              "nonzero_count": 77752,
              "positive_count": 77752,
              "negative_count": 0
            },
            "fluid": {
              "count": 1492344,
              "nonfinite": 0,
              "min": 0.0,
              "mean": 0.00045855608418282986,
              "p01": 0.0,
              "p05": 0.0,
              "p50": 0.0,
              "p99": 0.00027006219277863946,
              "max": 0.17068921589342598,
              "sum": 684.3234208937411,
              "nonzero_count": 77752,
              "positive_count": 77752,
              "negative_count": 0
            },
            "wall": {
              "count": 80520,
              "nonfinite": 0,
              "min": 0.0,
              "mean": 0.0,
              "p01": 0.0,
              "p05": 0.0,
              "p50": 0.0,
              "p99": 0.0,
              "max": 0.0,
              "sum": 0.0,
              "nonzero_count": 0,
              "positive_count": 0,
              "negative_count": 0
            },
            "lower_wall": {
              "count": 16384,
              "nonfinite": 0,
              "min": 0.0,
              "mean": 0.0,
              "p01": 0.0,
              "p05": 0.0,
              "p50": 0.0,
              "p99": 0.0,
              "max": 0.0,
              "sum": 0.0,
              "nonzero_count": 0,
              "positive_count": 0,
              "negative_count": 0
            }
          },
          "WallStage8TangentGradRaw": {
            "all": {
              "count": 1572864,
              "nonfinite": 0,
              "min": 0.0,
              "mean": 0.00019321533187900147,
              "p01": 0.0,
              "p05": 0.0,
              "p50": 0.0,
              "p99": 7.165851875653511e-05,
              "max": 0.0733659431293273,
              "sum": 303.9014397605338,
              "nonzero_count": 77752,
              "positive_count": 77752,
              "negative_count": 0
            },
            "fluid": {
              "count": 1492344,
              "nonfinite": 0,
              "min": 0.0,
              "mean": 0.00020364034013641222,
              "p01": 0.0,
              "p05": 0.0,
              "p50": 0.0,
              "p99": 0.00012464279633895062,
              "max": 0.0733659431293273,
              "sum": 303.90143976053395,
              "nonzero_count": 77752,
              "positive_count": 77752,
              "negative_count": 0
            },
            "wall": {
              "count": 80520,
              "nonfinite": 0,
              "min": 0.0,
              "mean": 0.0,
              "p01": 0.0,
              "p05": 0.0,
              "p50": 0.0,
              "p99": 0.0,
              "max": 0.0,
              "sum": 0.0,
              "nonzero_count": 0,
              "positive_count": 0,
              "negative_count": 0
            },
            "lower_wall": {
              "count": 16384,
              "nonfinite": 0,
              "min": 0.0,
              "mean": 0.0,
              "p01": 0.0,
              "p05": 0.0,
              "p50": 0.0,
              "p99": 0.0,
              "max": 0.0,
              "sum": 0.0,
              "nonzero_count": 0,
              "positive_count": 0,
              "negative_count": 0
            }
          },
          "WallStage8TargetNormalGrad": {
            "all": {
              "count": 1572864,
              "nonfinite": 0,
              "min": -0.8385765498739037,
              "mean": -0.0021854750288155013,
              "p01": -1.089550006066803e-05,
              "p05": 0.0,
              "p50": 0.0,
              "p99": 1.0301017621443393e-18,
              "max": 1.3761733119414212e-11,
              "sum": -3437.4549957228646,
              "nonzero_count": 77752,
              "positive_count": 61876,
              "negative_count": 15876
            },
            "fluid": {
              "count": 1492344,
              "nonfinite": 0,
              "min": -0.8385765498739037,
              "mean": -0.0023033931826193324,
              "p01": -0.0002363503609378803,
              "p05": 0.0,
              "p50": 0.0,
              "p99": 1.095155410066231e-18,
              "max": 1.3761733119414212e-11,
              "sum": -3437.454995722865,
              "nonzero_count": 77752,
              "positive_count": 61876,
              "negative_count": 15876
            },
            "wall": {
              "count": 80520,
              "nonfinite": 0,
              "min": 0.0,
              "mean": 0.0,
              "p01": 0.0,
              "p05": 0.0,
              "p50": 0.0,
              "p99": 0.0,
              "max": 0.0,
              "sum": 0.0,
              "nonzero_count": 0,
              "positive_count": 0,
              "negative_count": 0
            },
            "lower_wall": {
              "count": 16384,
              "nonfinite": 0,
              "min": 0.0,
              "mean": 0.0,
              "p01": 0.0,
              "p05": 0.0,
              "p50": 0.0,
              "p99": 0.0,
              "max": 0.0,
              "sum": 0.0,
              "nonzero_count": 0,
              "positive_count": 0,
              "negative_count": 0
            }
          },
          "WallStage8NormalDeltaRaw": {
            "all": {
              "count": 1572864,
              "nonfinite": 0,
              "min": -0.6845307453144212,
              "mean": -0.001741897711004103,
              "p01": 0.0,
              "p05": 0.0,
              "p50": 0.0,
              "p99": 0.0,
              "max": 0.0,
              "sum": -2739.7682013207577,
              "nonzero_count": 7984,
              "positive_count": 0,
              "negative_count": 7984
            },
            "fluid": {
              "count": 1492344,
              "nonfinite": 0,
              "min": -0.6845307453144212,
              "mean": -0.001835882478383508,
              "p01": 0.0,
              "p05": 0.0,
              "p50": 0.0,
              "p99": 0.0,
              "max": 0.0,
              "sum": -2739.7682013207577,
              "nonzero_count": 7984,
              "positive_count": 0,
              "negative_count": 7984
            },
            "wall": {
              "count": 80520,
              "nonfinite": 0,
              "min": 0.0,
              "mean": 0.0,
              "p01": 0.0,
              "p05": 0.0,
              "p50": 0.0,
              "p99": 0.0,
              "max": 0.0,
              "sum": 0.0,
              "nonzero_count": 0,
              "positive_count": 0,
              "negative_count": 0
            },
            "lower_wall": {
              "count": 16384,
              "nonfinite": 0,
              "min": 0.0,
              "mean": 0.0,
              "p01": 0.0,
              "p05": 0.0,
              "p50": 0.0,
              "p99": 0.0,
              "max": 0.0,
              "sum": 0.0,
              "nonzero_count": 0,
              "positive_count": 0,
              "negative_count": 0
            }
          },
          "WallStage8NormalDeltaLimited": {
            "all": {
              "count": 1572864,
              "nonfinite": 0,
              "min": -0.05,
              "mean": -0.0001558184804171578,
              "p01": 0.0,
              "p05": 0.0,
              "p50": 0.0,
              "p99": 0.0,
              "max": 0.0,
              "sum": -245.08127838285247,
              "nonzero_count": 7984,
              "positive_count": 0,
              "negative_count": 7984
            },
            "fluid": {
              "count": 1492344,
              "nonfinite": 0,
              "min": -0.05,
              "mean": -0.00016422572703267643,
              "p01": 0.0,
              "p05": 0.0,
              "p50": 0.0,
              "p99": 0.0,
              "max": 0.0,
              "sum": -245.08127838285247,
              "nonzero_count": 7984,
              "positive_count": 0,
              "negative_count": 7984
            },
            "wall": {
              "count": 80520,
              "nonfinite": 0,
              "min": 0.0,
              "mean": 0.0,
              "p01": 0.0,
              "p05": 0.0,
              "p50": 0.0,
              "p99": 0.0,
              "max": 0.0,
              "sum": 0.0,
              "nonzero_count": 0,
              "positive_count": 0,
              "negative_count": 0
            },
            "lower_wall": {
              "count": 16384,
              "nonfinite": 0,
              "min": 0.0,
              "mean": 0.0,
              "p01": 0.0,
              "p05": 0.0,
              "p50": 0.0,
              "p99": 0.0,
              "max": 0.0,
              "sum": 0.0,
              "nonzero_count": 0,
              "positive_count": 0,
              "negative_count": 0
            }
          },
          "WallStage8VectorDeltaRawMag": {
            "all": {
              "count": 1572864,
              "nonfinite": 0,
              "min": 0.0,
              "mean": 0.0016497732568391925,
              "p01": 0.0,
              "p05": 0.0,
              "p50": 0.0,
              "p99": 0.0,
              "max": 0.6845307453137366,
              "sum": 2594.8689638451197,
              "nonzero_count": 7984,
              "positive_count": 7984,
              "negative_count": 0
            },
            "fluid": {
              "count": 1492344,
              "nonfinite": 0,
              "min": 0.0,
              "mean": 0.0017387874135220294,
              "p01": 0.0,
              "p05": 0.0,
              "p50": 0.0,
              "p99": 0.0,
              "max": 0.6845307453137366,
              "sum": 2594.8689638451197,
              "nonzero_count": 7984,
              "positive_count": 7984,
              "negative_count": 0
            },
            "wall": {
              "count": 80520,
              "nonfinite": 0,
              "min": 0.0,
              "mean": 0.0,
              "p01": 0.0,
              "p05": 0.0,
              "p50": 0.0,
              "p99": 0.0,
              "max": 0.0,
              "sum": 0.0,
              "nonzero_count": 0,
              "positive_count": 0,
              "negative_count": 0
            },
            "lower_wall": {
              "count": 16384,
              "nonfinite": 0,
              "min": 0.0,
              "mean": 0.0,
              "p01": 0.0,
              "p05": 0.0,
              "p50": 0.0,
              "p99": 0.0,
              "max": 0.0,
              "sum": 0.0,
              "nonzero_count": 0,
              "positive_count": 0,
              "negative_count": 0
            }
          },
          "WallStage8VectorDeltaLimitedMag": {
            "all": {
              "count": 1572864,
              "nonfinite": 0,
              "min": 0.0,
              "mean": 0.0001558184804171578,
              "p01": 0.0,
              "p05": 0.0,
              "p50": 0.0,
              "p99": 0.0,
              "max": 0.05,
              "sum": 245.08127838285247,
              "nonzero_count": 7984,
              "positive_count": 7984,
              "negative_count": 0
            },
            "fluid": {
              "count": 1492344,
              "nonfinite": 0,
              "min": 0.0,
              "mean": 0.00016422572703267643,
              "p01": 0.0,
              "p05": 0.0,
              "p50": 0.0,
              "p99": 0.0,
              "max": 0.05,
              "sum": 245.08127838285247,
              "nonzero_count": 7984,
              "positive_count": 7984,
              "negative_count": 0
            },
            "wall": {
              "count": 80520,
              "nonfinite": 0,
              "min": 0.0,
              "mean": 0.0,
              "p01": 0.0,
              "p05": 0.0,
              "p50": 0.0,
              "p99": 0.0,
              "max": 0.0,
              "sum": 0.0,
              "nonzero_count": 0,
              "positive_count": 0,
              "negative_count": 0
            },
            "lower_wall": {
              "count": 16384,
              "nonfinite": 0,
              "min": 0.0,
              "mean": 0.0,
              "p01": 0.0,
              "p05": 0.0,
              "p50": 0.0,
              "p99": 0.0,
              "max": 0.0,
              "sum": 0.0,
              "nonzero_count": 0,
              "positive_count": 0,
              "negative_count": 0
            }
          },
          "WallStage8NormalLimiterHit": {
            "all": {
              "count": 1572864,
              "nonfinite": 0,
              "min": 0.0,
              "mean": 0.004506429036458333,
              "p01": 0.0,
              "p05": 0.0,
              "p50": 0.0,
              "p99": 0.0,
              "max": 1.0,
              "sum": 7088.0,
              "nonzero_count": 7088,
              "positive_count": 7088,
              "negative_count": 0
            },
            "fluid": {
              "count": 1492344,
              "nonfinite": 0,
              "min": 0.0,
              "mean": 0.004749575164975367,
              "p01": 0.0,
              "p05": 0.0,
              "p50": 0.0,
              "p99": 0.0,
              "max": 1.0,
              "sum": 7088.0,
              "nonzero_count": 7088,
              "positive_count": 7088,
              "negative_count": 0
            },
            "wall": {
              "count": 80520,
              "nonfinite": 0,
              "min": 0.0,
              "mean": 0.0,
              "p01": 0.0,
              "p05": 0.0,
              "p50": 0.0,
              "p99": 0.0,
              "max": 0.0,
              "sum": 0.0,
              "nonzero_count": 0,
              "positive_count": 0,
              "negative_count": 0
            },
            "lower_wall": {
              "count": 16384,
              "nonfinite": 0,
              "min": 0.0,
              "mean": 0.0,
              "p01": 0.0,
              "p05": 0.0,
              "p50": 0.0,
              "p99": 0.0,
              "max": 0.0,
              "sum": 0.0,
              "nonzero_count": 0,
              "positive_count": 0,
              "negative_count": 0
            }
          },
          "WallStage8VectorLimiterHit": {
            "all": {
              "count": 1572864,
              "nonfinite": 0,
              "min": 0.0,
              "mean": 0.0,
              "p01": 0.0,
              "p05": 0.0,
              "p50": 0.0,
              "p99": 0.0,
              "max": 0.0,
              "sum": 0.0,
              "nonzero_count": 0,
              "positive_count": 0,
              "negative_count": 0
            },
            "fluid": {
              "count": 1492344,
              "nonfinite": 0,
              "min": 0.0,
              "mean": 0.0,
              "p01": 0.0,
              "p05": 0.0,
              "p50": 0.0,
              "p99": 0.0,
              "max": 0.0,
              "sum": 0.0,
              "nonzero_count": 0,
              "positive_count": 0,
              "negative_count": 0
            },
            "wall": {
              "count": 80520,
              "nonfinite": 0,
              "min": 0.0,
              "mean": 0.0,
              "p01": 0.0,
              "p05": 0.0,
              "p50": 0.0,
              "p99": 0.0,
              "max": 0.0,
              "sum": 0.0,
              "nonzero_count": 0,
              "positive_count": 0,
              "negative_count": 0
            },
            "lower_wall": {
              "count": 16384,
              "nonfinite": 0,
              "min": 0.0,
              "mean": 0.0,
              "p01": 0.0,
              "p05": 0.0,
              "p50": 0.0,
              "p99": 0.0,
              "max": 0.0,
              "sum": 0.0,
              "nonzero_count": 0,
              "positive_count": 0,
              "negative_count": 0
            }
          },
          "WallStage8LimiterRatio": {
            "all": {
              "count": 1572864,
              "nonfinite": 0,
              "min": 0.07304273817107196,
              "mean": 0.9961442984631185,
              "p01": 1.0,
              "p05": 1.0,
              "p50": 1.0,
              "p99": 1.0,
              "max": 1.0,
              "sum": 1566799.5058578944,
              "nonzero_count": 1572864,
              "positive_count": 1572864,
              "negative_count": 0
            },
            "fluid": {
              "count": 1492344,
              "nonfinite": 0,
              "min": 0.07304273817107196,
              "mean": 0.9959362625895198,
              "p01": 1.0,
              "p05": 1.0,
              "p50": 1.0,
              "p99": 1.0,
              "max": 1.0,
              "sum": 1486279.5058578944,
              "nonzero_count": 1492344,
              "positive_count": 1492344,
              "negative_count": 0
            },
            "wall": {
              "count": 80520,
              "nonfinite": 0,
              "min": 1.0,
              "mean": 1.0,
              "p01": 1.0,
              "p05": 1.0,
              "p50": 1.0,
              "p99": 1.0,
              "max": 1.0,
              "sum": 80520.0,
              "nonzero_count": 80520,
              "positive_count": 80520,
              "negative_count": 0
            },
            "lower_wall": {
              "count": 16384,
              "nonfinite": 0,
              "min": 1.0,
              "mean": 1.0,
              "p01": 1.0,
              "p05": 1.0,
              "p50": 1.0,
              "p99": 1.0,
              "max": 1.0,
              "sum": 16384.0,
              "nonzero_count": 16384,
              "positive_count": 16384,
              "negative_count": 0
            }
          },
          "WallStage8RegionTag": {
            "all": {
              "count": 1572864,
              "nonfinite": 0,
              "min": 0.0,
              "mean": 0.0,
              "p01": 0.0,
              "p05": 0.0,
              "p50": 0.0,
              "p99": 0.0,
              "max": 0.0,
              "sum": 0.0,
              "nonzero_count": 0,
              "positive_count": 0,
              "negative_count": 0
            },
            "fluid": {
              "count": 1492344,
              "nonfinite": 0,
              "min": 0.0,
              "mean": 0.0,
              "p01": 0.0,
              "p05": 0.0,
              "p50": 0.0,
              "p99": 0.0,
              "max": 0.0,
              "sum": 0.0,
              "nonzero_count": 0,
              "positive_count": 0,
              "negative_count": 0
            },
            "wall": {
              "count": 80520,
              "nonfinite": 0,
              "min": 0.0,
              "mean": 0.0,
              "p01": 0.0,
              "p05": 0.0,
              "p50": 0.0,
              "p99": 0.0,
              "max": 0.0,
              "sum": 0.0,
              "nonzero_count": 0,
              "positive_count": 0,
              "negative_count": 0
            },
            "lower_wall": {
              "count": 16384,
              "nonfinite": 0,
              "min": 0.0,
              "mean": 0.0,
              "p01": 0.0,
              "p05": 0.0,
              "p50": 0.0,
              "p99": 0.0,
              "max": 0.0,
              "sum": 0.0,
              "nonzero_count": 0,
              "positive_count": 0,
              "negative_count": 0
            }
          },
          "WallStage8SphereRadialDot": {
            "all": {
              "count": 1572864,
              "nonfinite": 0,
              "min": 0.0,
              "mean": 0.0,
              "p01": 0.0,
              "p05": 0.0,
              "p50": 0.0,
              "p99": 0.0,
              "max": 0.0,
              "sum": 0.0,
              "nonzero_count": 0,
              "positive_count": 0,
              "negative_count": 0
            },
            "fluid": {
              "count": 1492344,
              "nonfinite": 0,
              "min": 0.0,
              "mean": 0.0,
              "p01": 0.0,
              "p05": 0.0,
              "p50": 0.0,
              "p99": 0.0,
              "max": 0.0,
              "sum": 0.0,
              "nonzero_count": 0,
              "positive_count": 0,
              "negative_count": 0
            },
            "wall": {
              "count": 80520,
              "nonfinite": 0,
              "min": 0.0,
              "mean": 0.0,
              "p01": 0.0,
              "p05": 0.0,
              "p50": 0.0,
              "p99": 0.0,
              "max": 0.0,
              "sum": 0.0,
              "nonzero_count": 0,
              "positive_count": 0,
              "negative_count": 0
            },
            "lower_wall": {
              "count": 16384,
              "nonfinite": 0,
              "min": 0.0,
              "mean": 0.0,
              "p01": 0.0,
              "p05": 0.0,
              "p50": 0.0,
              "p99": 0.0,
              "max": 0.0,
              "sum": 0.0,
              "nonzero_count": 0,
              "positive_count": 0,
              "negative_count": 0
            }
          },
          "WallStage8ContactBandTag": {
            "all": {
              "count": 1572864,
              "nonfinite": 0,
              "min": 0.0,
              "mean": 0.07805379231770833,
              "p01": 0.0,
              "p05": 0.0,
              "p50": 0.0,
              "p99": 1.0,
              "max": 7.0,
              "sum": 122768.0,
              "nonzero_count": 77752,
              "positive_count": 77752,
              "negative_count": 0
            },
            "fluid": {
              "count": 1492344,
              "nonfinite": 0,
              "min": 0.0,
              "mean": 0.08226521499064558,
              "p01": 0.0,
              "p05": 0.0,
              "p50": 0.0,
              "p99": 1.0,
              "max": 7.0,
              "sum": 122768.0,
              "nonzero_count": 77752,
              "positive_count": 77752,
              "negative_count": 0
            },
            "wall": {
              "count": 80520,
              "nonfinite": 0,
              "min": 0.0,
              "mean": 0.0,
              "p01": 0.0,
              "p05": 0.0,
              "p50": 0.0,
              "p99": 0.0,
              "max": 0.0,
              "sum": 0.0,
              "nonzero_count": 0,
              "positive_count": 0,
              "negative_count": 0
            },
            "lower_wall": {
              "count": 16384,
              "nonfinite": 0,
              "min": 0.0,
              "mean": 0.0,
              "p01": 0.0,
              "p05": 0.0,
              "p50": 0.0,
              "p99": 0.0,
              "max": 0.0,
              "sum": 0.0,
              "nonzero_count": 0,
              "positive_count": 0,
              "negative_count": 0
            }
          },
          "WallBCPath": {
            "all": {
              "count": 1572864,
              "nonfinite": 0,
              "min": 0.0,
              "mean": 0.133636474609375,
              "p01": 0.0,
              "p05": 0.0,
              "p50": 0.0,
              "p99": 5.0,
              "max": 5.0,
              "sum": 210192.0,
              "nonzero_count": 80520,
              "positive_count": 80520,
              "negative_count": 0
            },
            "fluid": {
              "count": 1492344,
              "nonfinite": 0,
              "min": 0.0,
              "mean": 0.0,
              "p01": 0.0,
              "p05": 0.0,
              "p50": 0.0,
              "p99": 0.0,
              "max": 0.0,
              "sum": 0.0,
              "nonzero_count": 0,
              "positive_count": 0,
              "negative_count": 0
            },
            "wall": {
              "count": 80520,
              "nonfinite": 0,
              "min": 2.0,
              "mean": 2.6104321907600596,
              "p01": 2.0,
              "p05": 2.0,
              "p50": 2.0,
              "p99": 5.0,
              "max": 5.0,
              "sum": 210192.0,
              "nonzero_count": 80520,
              "positive_count": 80520,
              "negative_count": 0
            },
            "lower_wall": {
              "count": 16384,
              "nonfinite": 0,
              "min": 5.0,
              "mean": 5.0,
              "p01": 5.0,
              "p05": 5.0,
              "p50": 5.0,
              "p99": 5.0,
              "max": 5.0,
              "sum": 81920.0,
              "nonzero_count": 16384,
              "positive_count": 16384,
              "negative_count": 0
            }
          },
          "WallStage8LocalWallNormalMag": {
            "all": {
              "count": 1572864,
              "nonfinite": 0,
              "min": 0.0,
              "mean": 0.0511932373046875,
              "p01": 0.0,
              "p05": 0.0,
              "p50": 0.0,
              "p99": 1.0,
              "max": 1.0,
              "sum": 80520.0,
              "nonzero_count": 80520,
              "positive_count": 80520,
              "negative_count": 0
            },
            "fluid": {
              "count": 1492344,
              "nonfinite": 0,
              "min": 0.0,
              "mean": 0.0,
              "p01": 0.0,
              "p05": 0.0,
              "p50": 0.0,
              "p99": 0.0,
              "max": 0.0,
              "sum": 0.0,
              "nonzero_count": 0,
              "positive_count": 0,
              "negative_count": 0
            },
            "wall": {
              "count": 80520,
              "nonfinite": 0,
              "min": 0.9999999999999999,
              "mean": 1.0,
              "p01": 0.9999999999999999,
              "p05": 1.0,
              "p50": 1.0,
              "p99": 1.0,
              "max": 1.0,
              "sum": 80520.0,
              "nonzero_count": 80520,
              "positive_count": 80520,
              "negative_count": 0
            },
            "lower_wall": {
              "count": 16384,
              "nonfinite": 0,
              "min": 0.9999999999999999,
              "mean": 1.0,
              "p01": 0.9999999999999999,
              "p05": 1.0,
              "p50": 1.0,
              "p99": 1.0,
              "max": 1.0,
              "sum": 16384.0,
              "nonzero_count": 16384,
              "positive_count": 16384,
              "negative_count": 0
            }
          },
          "WallStage8FluidWallNormalMag": {
            "all": {
              "count": 1572864,
              "nonfinite": 0,
              "min": 0.0,
              "mean": 0.049433390299479164,
              "p01": 0.0,
              "p05": 0.0,
              "p50": 0.0,
              "p99": 1.0,
              "max": 1.0,
              "sum": 77752.0,
              "nonzero_count": 77752,
              "positive_count": 77752,
              "negative_count": 0
            },
            "fluid": {
              "count": 1492344,
              "nonfinite": 0,
              "min": 0.0,
              "mean": 0.05210058806816659,
              "p01": 0.0,
              "p05": 0.0,
              "p50": 0.0,
              "p99": 1.0,
              "max": 1.0,
              "sum": 77752.0,
              "nonzero_count": 77752,
              "positive_count": 77752,
              "negative_count": 0
            },
            "wall": {
              "count": 80520,
              "nonfinite": 0,
              "min": 0.0,
              "mean": 0.0,
              "p01": 0.0,
              "p05": 0.0,
              "p50": 0.0,
              "p99": 0.0,
              "max": 0.0,
              "sum": 0.0,
              "nonzero_count": 0,
              "positive_count": 0,
              "negative_count": 0
            },
            "lower_wall": {
              "count": 16384,
              "nonfinite": 0,
              "min": 0.0,
              "mean": 0.0,
              "p01": 0.0,
              "p05": 0.0,
              "p50": 0.0,
              "p99": 0.0,
              "max": 0.0,
              "sum": 0.0,
              "nonzero_count": 0,
              "positive_count": 0,
              "negative_count": 0
            }
          },
          "WallStage8GradCandidateMag": {
            "all": {
              "count": 1572864,
              "nonfinite": 0,
              "min": 0.0,
              "mean": 0.005406193292678868,
              "p01": 0.0,
              "p05": 0.0,
              "p50": 2.9388471359816134e-10,
              "p99": 0.14871904582204823,
              "max": 0.21690236562699117,
              "sum": 8503.206807096056,
              "nonzero_count": 1492344,
              "positive_count": 1492344,
              "negative_count": 0
            },
            "fluid": {
              "count": 1492344,
              "nonfinite": 0,
              "min": 7.161014088777043e-16,
              "mean": 0.005697886551020449,
              "p01": 2.0594432234554447e-14,
              "p05": 1.5153517665868978e-13,
              "p50": 3.7158036105521484e-10,
              "p99": 0.14995859666538527,
              "max": 0.21690236562699117,
              "sum": 8503.206807096061,
              "nonzero_count": 1492344,
              "positive_count": 1492344,
              "negative_count": 0
            },
            "wall": {
              "count": 80520,
              "nonfinite": 0,
              "min": 0.0,
              "mean": 0.0,
              "p01": 0.0,
              "p05": 0.0,
              "p50": 0.0,
              "p99": 0.0,
              "max": 0.0,
              "sum": 0.0,
              "nonzero_count": 0,
              "positive_count": 0,
              "negative_count": 0
            },
            "lower_wall": {
              "count": 16384,
              "nonfinite": 0,
              "min": 0.0,
              "mean": 0.0,
              "p01": 0.0,
              "p05": 0.0,
              "p50": 0.0,
              "p99": 0.0,
              "max": 0.0,
              "sum": 0.0,
              "nonzero_count": 0,
              "positive_count": 0,
              "negative_count": 0
            }
          },
          "UMag": {
            "all": {
              "count": 1572864,
              "nonfinite": 0,
              "min": 0.0,
              "mean": 7.213095032945045e-07,
              "p01": 0.0,
              "p05": 0.0,
              "p50": 2.4849876989348563e-07,
              "p99": 4.772279700869869e-06,
              "max": 6.717872612028744e-06,
              "sum": 1.1345217505898075,
              "nonzero_count": 1492344,
              "positive_count": 1492344,
              "negative_count": 0
            },
            "fluid": {
              "count": 1492344,
              "nonfinite": 0,
              "min": 1.0213782254621873e-09,
              "mean": 7.602280376306048e-07,
              "p01": 1.0016211793670933e-08,
              "p05": 2.67733388177321e-08,
              "p50": 2.8498140675022515e-07,
              "p99": 4.800863029153523e-06,
              "max": 6.717872612028744e-06,
              "sum": 1.1345217505898073,
              "nonzero_count": 1492344,
              "positive_count": 1492344,
              "negative_count": 0
            },
            "wall": {
              "count": 80520,
              "nonfinite": 0,
              "min": 0.0,
              "mean": 0.0,
              "p01": 0.0,
              "p05": 0.0,
              "p50": 0.0,
              "p99": 0.0,
              "max": 0.0,
              "sum": 0.0,
              "nonzero_count": 0,
              "positive_count": 0,
              "negative_count": 0
            },
            "lower_wall": {
              "count": 16384,
              "nonfinite": 0,
              "min": 0.0,
              "mean": 0.0,
              "p01": 0.0,
              "p05": 0.0,
              "p50": 0.0,
              "p99": 0.0,
              "max": 0.0,
              "sum": 0.0,
              "nonzero_count": 0,
              "positive_count": 0,
              "negative_count": 0
            }
          }
        },
        "stage8c_mask_counts": {
          "data_fluid_count": 77752,
          "active_fluid_count": 7984
        },
        "stage8c_field_stats": {
          "WallStage8FluidWallAngle": {
            "data_fluid": {
              "count": 77752,
              "nonfinite": 0,
              "min": 0.08726646259971649,
              "mean": 1.2718051213390646,
              "p01": 0.08726646259971649,
              "p05": 0.08726646259971649,
              "p50": 1.5707963267948968,
              "p99": 1.5707963267948968,
              "max": 1.570796326794897,
              "sum": 98885.39179435496,
              "nonzero_count": 77752,
              "positive_count": 77752,
              "negative_count": 0
            },
            "active_fluid": {
              "count": 7984,
              "nonfinite": 0,
              "min": 0.08726646259971649,
              "mean": 0.08909757728036125,
              "p01": 0.08726646259971649,
              "p05": 0.08726646259971649,
              "p50": 0.08726646259971649,
              "p99": 0.08726646259971649,
              "max": 0.6964172796942131,
              "sum": 711.3550570064042,
              "nonzero_count": 7984,
              "positive_count": 7984,
              "negative_count": 0
            }
          },
          "WallStage8FluidWallNormalMag": {
            "data_fluid": {
              "count": 77752,
              "nonfinite": 0,
              "min": 1.0,
              "mean": 1.0,
              "p01": 1.0,
              "p05": 1.0,
              "p50": 1.0,
              "p99": 1.0,
              "max": 1.0,
              "sum": 77752.0,
              "nonzero_count": 77752,
              "positive_count": 77752,
              "negative_count": 0
            },
            "active_fluid": {
              "count": 7984,
              "nonfinite": 0,
              "min": 1.0,
              "mean": 1.0,
              "p01": 1.0,
              "p05": 1.0,
              "p50": 1.0,
              "p99": 1.0,
              "max": 1.0,
              "sum": 7984.0,
              "nonzero_count": 7984,
              "positive_count": 7984,
              "negative_count": 0
            }
          },
          "WallStage8FluidWallDataCount": {
            "data_fluid": {
              "count": 77752,
              "nonfinite": 0,
              "min": 9.0,
              "mean": 9.105977981273794,
              "p01": 9.0,
              "p05": 9.0,
              "p50": 9.0,
              "p99": 15.0,
              "max": 19.0,
              "sum": 708008.0,
              "nonzero_count": 77752,
              "positive_count": 77752,
              "negative_count": 0
            },
            "active_fluid": {
              "count": 7984,
              "nonfinite": 0,
              "min": 9.0,
              "mean": 9.01803607214429,
              "p01": 9.0,
              "p05": 9.0,
              "p50": 9.0,
              "p99": 9.0,
              "max": 15.0,
              "sum": 72000.0,
              "nonzero_count": 7984,
              "positive_count": 7984,
              "negative_count": 0
            }
          },
          "WallStage8GradCandidateUse": {
            "data_fluid": {
              "count": 77752,
              "nonfinite": 0,
              "min": 0.0,
              "mean": 0.10268546146722914,
              "p01": 0.0,
              "p05": 0.0,
              "p50": 0.0,
              "p99": 1.0,
              "max": 1.0,
              "sum": 7984.0,
              "nonzero_count": 7984,
              "positive_count": 7984,
              "negative_count": 0
            },
            "active_fluid": {
              "count": 7984,
              "nonfinite": 0,
              "min": 1.0,
              "mean": 1.0,
              "p01": 1.0,
              "p05": 1.0,
              "p50": 1.0,
              "p99": 1.0,
              "max": 1.0,
              "sum": 7984.0,
              "nonzero_count": 7984,
              "positive_count": 7984,
              "negative_count": 0
            }
          },
          "WallStage8GradCandidateMag": {
            "data_fluid": {
              "count": 77752,
              "nonfinite": 0,
              "min": 7.161014088777043e-16,
              "mean": 0.011714586167220544,
              "p01": 2.775404666613315e-15,
              "p05": 1.0641902884386175e-14,
              "p50": 1.8938074839831612e-10,
              "p99": 0.21048911372939058,
              "max": 0.21690236562699117,
              "sum": 910.8325036737317,
              "nonzero_count": 77752,
              "positive_count": 77752,
              "negative_count": 0
            },
            "active_fluid": {
              "count": 7984,
              "nonfinite": 0,
              "min": 0.011733544921749526,
              "mean": 0.11105880273465779,
              "p01": 0.012759154883267142,
              "p05": 0.015137317478380406,
              "p50": 0.1025251504533558,
              "p99": 0.21681710879696603,
              "max": 0.21690236562699117,
              "sum": 886.6934810335079,
              "nonzero_count": 7984,
              "positive_count": 7984,
              "negative_count": 0
            }
          },
          "WallStage8NormalAgreement": {
            "data_fluid": {
              "count": 77752,
              "nonfinite": 0,
              "min": 0.9999999999999999,
              "mean": 1.0,
              "p01": 1.0,
              "p05": 1.0,
              "p50": 1.0,
              "p99": 1.0000000000000002,
              "max": 1.0000000000000002,
              "sum": 77752.0,
              "nonzero_count": 77752,
              "positive_count": 77752,
              "negative_count": 0
            },
            "active_fluid": {
              "count": 7984,
              "nonfinite": 0,
              "min": 1.0,
              "mean": 1.0,
              "p01": 1.0,
              "p05": 1.0,
              "p50": 1.0,
              "p99": 1.0,
              "max": 1.0000000000000002,
              "sum": 7984.0,
              "nonzero_count": 7984,
              "positive_count": 7984,
              "negative_count": 0
            }
          },
          "WallStage8UsedGeomNormal": {
            "data_fluid": {
              "count": 77752,
              "nonfinite": 0,
              "min": 1.0,
              "mean": 1.0,
              "p01": 1.0,
              "p05": 1.0,
              "p50": 1.0,
              "p99": 1.0,
              "max": 1.0,
              "sum": 77752.0,
              "nonzero_count": 77752,
              "positive_count": 77752,
              "negative_count": 0
            },
            "active_fluid": {
              "count": 7984,
              "nonfinite": 0,
              "min": 1.0,
              "mean": 1.0,
              "p01": 1.0,
              "p05": 1.0,
              "p50": 1.0,
              "p99": 1.0,
              "max": 1.0,
              "sum": 7984.0,
              "nonzero_count": 7984,
              "positive_count": 7984,
              "negative_count": 0
            }
          },
          "WallStage8GradWriteDeltaMag": {
            "data_fluid": {
              "count": 77752,
              "nonfinite": 0,
              "min": 0.0,
              "mean": 0.0031520897003659396,
              "p01": 0.0,
              "p05": 0.0,
              "p50": 0.0,
              "p99": 0.05,
              "max": 0.05,
              "sum": 245.08127838285253,
              "nonzero_count": 7984,
              "positive_count": 7984,
              "negative_count": 0
            },
            "active_fluid": {
              "count": 7984,
              "nonfinite": 0,
              "min": 3.467573295476845e-08,
              "mean": 0.030696552903663896,
              "p01": 7.625541959810711e-06,
              "p05": 0.0007081824609701593,
              "p50": 0.032503638180445465,
              "p99": 0.05,
              "max": 0.05,
              "sum": 245.08127838285253,
              "nonzero_count": 7984,
              "positive_count": 7984,
              "negative_count": 0
            }
          },
          "WallStage8LimiterReason": {
            "data_fluid": {
              "count": 77752,
              "nonfinite": 0,
              "min": 0.0,
              "mean": 32.28521452824365,
              "p01": 0.0,
              "p05": 4.0,
              "p50": 28.0,
              "p99": 128.0,
              "max": 128.0,
              "sum": 2510240.0,
              "nonzero_count": 76856,
              "positive_count": 76856,
              "negative_count": 0
            },
            "active_fluid": {
              "count": 7984,
              "nonfinite": 0,
              "min": 0.0,
              "mean": 113.63527054108216,
              "p01": 0.0,
              "p05": 0.0,
              "p50": 128.0,
              "p99": 128.0,
              "max": 128.0,
              "sum": 907264.0,
              "nonzero_count": 7088,
              "positive_count": 7088,
              "negative_count": 0
            }
          },
          "WallStage8ContactResidual": {
            "data_fluid": {
              "count": 77752,
              "nonfinite": 0,
              "min": -0.0037455720767876066,
              "mean": 0.04086019282659286,
              "p01": 0.0,
              "p05": 0.0,
              "p50": 0.0,
              "p99": 0.28273199056217313,
              "max": 0.3483527996419222,
              "sum": 3176.961712653248,
              "nonzero_count": 23760,
              "positive_count": 23664,
              "negative_count": 96
            },
            "active_fluid": {
              "count": 7984,
              "nonfinite": 0,
              "min": 0.02084549501695232,
              "mean": 0.10312428718831351,
              "p01": 0.06301171844800647,
              "p05": 0.09255701927672039,
              "p50": 0.09791856978458979,
              "p99": 0.13942815626391575,
              "max": 0.14114623855355768,
              "sum": 823.3443089114951,
              "nonzero_count": 7984,
              "positive_count": 7984,
              "negative_count": 0
            }
          },
          "WallStage8NormalDeltaRaw": {
            "data_fluid": {
              "count": 77752,
              "nonfinite": 0,
              "min": -0.6845307453144212,
              "mean": -0.03523726979782844,
              "p01": -0.6617919619377753,
              "p05": -0.32332841126927014,
              "p50": 0.0,
              "p99": 0.0,
              "max": 0.0,
              "sum": -2739.7682013207564,
              "nonzero_count": 7984,
              "positive_count": 0,
              "negative_count": 7984
            },
            "active_fluid": {
              "count": 7984,
              "nonfinite": 0,
              "min": -0.6845307453144212,
              "mean": -0.3431573398447842,
              "p01": -0.6829911164352226,
              "p05": -0.6773910765834137,
              "p50": -0.3102932479403955,
              "p99": -0.044696467242684244,
              "max": -0.001770884601594934,
              "sum": -2739.768201320757,
              "nonzero_count": 7984,
              "positive_count": 0,
              "negative_count": 7984
            }
          },
          "WallStage8NormalDeltaLimited": {
            "data_fluid": {
              "count": 77752,
              "nonfinite": 0,
              "min": -0.05,
              "mean": -0.0031520897003659396,
              "p01": -0.05,
              "p05": -0.033434762476311906,
              "p50": 0.0,
              "p99": 0.0,
              "max": 0.0,
              "sum": -245.08127838285253,
              "nonzero_count": 7984,
              "positive_count": 0,
              "negative_count": 7984
            },
            "active_fluid": {
              "count": 7984,
              "nonfinite": 0,
              "min": -0.05,
              "mean": -0.030696552903663896,
              "p01": -0.05,
              "p05": -0.05,
              "p50": -0.032503638180445465,
              "p99": -7.625541959810584e-06,
              "max": -3.467573295476845e-08,
              "sum": -245.08127838285253,
              "nonzero_count": 7984,
              "positive_count": 0,
              "negative_count": 7984
            }
          },
          "WallStage8VectorDeltaRawMag": {
            "data_fluid": {
              "count": 77752,
              "nonfinite": 0,
              "min": 0.0,
              "mean": 0.03337366194882599,
              "p01": 0.0,
              "p05": 0.0,
              "p50": 0.0,
              "p99": 0.6617919619371135,
              "max": 0.6845307453137366,
              "sum": 2594.8689638451183,
              "nonzero_count": 7984,
              "positive_count": 7984,
              "negative_count": 0
            },
            "active_fluid": {
              "count": 7984,
              "nonfinite": 0,
              "min": 3.467573295476845e-08,
              "mean": 0.325008637756152,
              "p01": 7.625541959810711e-06,
              "p05": 0.0007081824609701593,
              "p50": 0.31029324794008517,
              "p99": 0.6829911164345396,
              "max": 0.6845307453137366,
              "sum": 2594.868963845118,
              "nonzero_count": 7984,
              "positive_count": 7984,
              "negative_count": 0
            }
          },
          "WallStage8VectorDeltaLimitedMag": {
            "data_fluid": {
              "count": 77752,
              "nonfinite": 0,
              "min": 0.0,
              "mean": 0.0031520897003659396,
              "p01": 0.0,
              "p05": 0.0,
              "p50": 0.0,
              "p99": 0.05,
              "max": 0.05,
              "sum": 245.08127838285253,
              "nonzero_count": 7984,
              "positive_count": 7984,
              "negative_count": 0
            },
            "active_fluid": {
              "count": 7984,
              "nonfinite": 0,
              "min": 3.467573295476845e-08,
              "mean": 0.030696552903663896,
              "p01": 7.625541959810711e-06,
              "p05": 0.0007081824609701593,
              "p50": 0.032503638180445465,
              "p99": 0.05,
              "max": 0.05,
              "sum": 245.08127838285253,
              "nonzero_count": 7984,
              "positive_count": 7984,
              "negative_count": 0
            }
          },
          "WallStage8NormalLimiterHit": {
            "data_fluid": {
              "count": 77752,
              "nonfinite": 0,
              "min": 0.0,
              "mean": 0.09116164214425353,
              "p01": 0.0,
              "p05": 0.0,
              "p50": 0.0,
              "p99": 1.0,
              "max": 1.0,
              "sum": 7088.0,
              "nonzero_count": 7088,
              "positive_count": 7088,
              "negative_count": 0
            },
            "active_fluid": {
              "count": 7984,
              "nonfinite": 0,
              "min": 0.0,
              "mean": 0.8877755511022044,
              "p01": 0.0,
              "p05": 0.0,
              "p50": 1.0,
              "p99": 1.0,
              "max": 1.0,
              "sum": 7088.0,
              "nonzero_count": 7088,
              "positive_count": 7088,
              "negative_count": 0
            }
          },
          "WallStage8VectorLimiterHit": {
            "data_fluid": {
              "count": 77752,
              "nonfinite": 0,
              "min": 0.0,
              "mean": 0.0,
              "p01": 0.0,
              "p05": 0.0,
              "p50": 0.0,
              "p99": 0.0,
              "max": 0.0,
              "sum": 0.0,
              "nonzero_count": 0,
              "positive_count": 0,
              "negative_count": 0
            },
            "active_fluid": {
              "count": 7984,
              "nonfinite": 0,
              "min": 0.0,
              "mean": 0.0,
              "p01": 0.0,
              "p05": 0.0,
              "p50": 0.0,
              "p99": 0.0,
              "max": 0.0,
              "sum": 0.0,
              "nonzero_count": 0,
              "positive_count": 0,
              "negative_count": 0
            }
          },
          "WallStage8LimiterRatio": {
            "data_fluid": {
              "count": 77752,
              "nonfinite": 0,
              "min": 0.07304273817107196,
              "mean": 0.9220020817200127,
              "p01": 0.07555244378255417,
              "p05": 0.10272096107413624,
              "p50": 1.0,
              "p99": 1.0,
              "max": 1.0,
              "sum": 71687.50585789443,
              "nonzero_count": 77752,
              "positive_count": 77752,
              "negative_count": 0
            },
            "active_fluid": {
              "count": 7984,
              "nonfinite": 0,
              "min": 0.07304273817107196,
              "mean": 0.2404190703775587,
              "p01": 0.0732073943584852,
              "p05": 0.07381260504971093,
              "p50": 0.10356944893568075,
              "p99": 1.0,
              "max": 1.0,
              "sum": 1919.5058578944286,
              "nonzero_count": 7984,
              "positive_count": 7984,
              "negative_count": 0
            }
          },
          "WallStage8PhaseC": {
            "data_fluid": {
              "count": 77752,
              "nonfinite": 0,
              "min": 1e-12,
              "mean": 0.09580695055624525,
              "p01": 1e-12,
              "p05": 1e-12,
              "p50": 1.3388997718744665e-09,
              "p99": 0.9994008229928646,
              "max": 0.9997659651325528,
              "sum": 7449.182019649181,
              "nonzero_count": 77752,
              "positive_count": 77752,
              "negative_count": 0
            },
            "active_fluid": {
              "count": 7984,
              "nonfinite": 0,
              "min": 0.020130070235997617,
              "mean": 0.45704323808824354,
              "p01": 0.020732997874258457,
              "p05": 0.02624758318685401,
              "p50": 0.3994453424881014,
              "p99": 0.9778949715612745,
              "max": 0.9796804559540401,
              "sum": 3649.0332128965365,
              "nonzero_count": 7984,
              "positive_count": 7984,
              "negative_count": 0
            }
          },
          "WallStage8TangentGradRaw": {
            "data_fluid": {
              "count": 77752,
              "nonfinite": 0,
              "min": 1.4686813937952387e-16,
              "mean": 0.003908599647089899,
              "p01": 2.3627523396476363e-15,
              "p05": 8.071447634226507e-15,
              "p50": 1.88934229197625e-10,
              "p99": 0.07089000413780056,
              "max": 0.0733659431293273,
              "sum": 303.9014397605338,
              "nonzero_count": 77752,
              "positive_count": 77752,
              "negative_count": 0
            },
            "active_fluid": {
              "count": 7984,
              "nonfinite": 0,
              "min": 0.0028353139067442924,
              "mean": 0.03653439690471484,
              "p01": 0.005081035638682097,
              "p05": 0.006699801678224613,
              "p50": 0.03264878927801746,
              "p99": 0.0732220187697814,
              "max": 0.0733659431293273,
              "sum": 291.6906248872433,
              "nonzero_count": 7984,
              "positive_count": 7984,
              "negative_count": 0
            }
          }
        },
        "stage7b_limiter_counts": {
          "normal_path_count": 0,
          "normal_limiter_count": 0,
          "active_path_count": 0,
          "active_limiter_count": 0
        },
        "stage8c_limiter_counts": {
          "fluid_count": 1492344,
          "active_count": 7984,
          "limiter_nonzero_count": 1491448,
          "delta_limiter_count": 7088,
          "missing_wall_data_count": 1414592,
          "normal_low_agreement_count": 0,
          "normal_limiter_count": 7088,
          "normal_limiter_fraction": 0.8877755511022044,
          "vector_limiter_count": 0,
          "vector_limiter_fraction": 0.0
        },
        "max_mach": 1.1635696682809229e-05
      },
      "rows": [
        {
          "case_id": "cap_theta030_wall005_stage8g_mode0",
          "step": 0,
          "init_theta_deg": 30.0,
          "wall_rad_angle_deg": null,
          "angle_apparent_deg": 29.392831485930138,
          "angle_error_vs_init_deg": -0.6071685140698619,
          "angle_error_vs_wall_rad_deg": NaN,
          "fit_point_count": 130,
          "phase_fluid_sum": 52593.44512836894,
          "phase_fluid_rel_change": 0.0,
          "rho_fluid_sum": 54033.19568324057,
          "rho_fluid_rel_change": 0.0,
          "phase_fluid_min": 0.0,
          "phase_fluid_max": 0.9997106094060031,
          "wall_phase_pred_min": NaN,
          "wall_phase_pred_max": NaN,
          "wall_phase_raw_min": NaN,
          "wall_phase_raw_max": NaN,
          "wall_phase_profile_max": NaN,
          "wall_phase_signed_profile_max": NaN,
          "wall_phase_signed_min": NaN,
          "wall_phase_signed_max": NaN,
          "wall_signed_logit_shift_max": NaN,
          "wall_contact_residual_mean": NaN,
          "wall_contact_residual_min": NaN,
          "wall_contact_residual_max": NaN,
          "wall_signed_normal_grad_mean": NaN,
          "wall_tangent_grad_mag_mean": NaN,
          "wall_signed_delta_q_min": NaN,
          "wall_signed_delta_q_max": NaN,
          "wall_signed_q_clipped_sum": NaN,
          "wall_stage7_active_weight_sum": NaN,
          "wall_stage7_active_weight_mean": NaN,
          "wall_stage7_delta_q_raw_p50": NaN,
          "wall_stage7_delta_q_raw_p99": NaN,
          "wall_stage7_delta_q_raw_max": NaN,
          "wall_stage7_delta_q_limited_p50": NaN,
          "wall_stage7_delta_q_limited_p99": NaN,
          "wall_stage7_delta_q_limited_max": NaN,
          "wall_stage7_denom_min": NaN,
          "wall_stage7_denom_p50": NaN,
          "wall_stage7_limiter_reason_sum": NaN,
          "wall_stage7_limiter_reason_max": NaN,
          "wall_stage7_normal_path_count": 0,
          "wall_stage7_normal_limiter_count": 0,
          "wall_stage7_active_path_count": 0,
          "wall_stage7_active_limiter_count": 0,
          "wall_stage7_actual_cos_p50": NaN,
          "wall_stage7_target_cos_p50": NaN,
          "wall_stage7_write_candidate_min": NaN,
          "wall_stage7_write_candidate_max": NaN,
          "wall_stage7_write_minus_profile_min": NaN,
          "wall_stage7_write_minus_profile_max": NaN,
          "wall_stage8_active_weight_sum": 5956.469053172502,
          "wall_stage8_active_weight_mean": 0.003991351225436294,
          "wall_stage8_normal_grad_raw_p50": 0.0,
          "wall_stage8_normal_grad_target_p50": 0.0,
          "wall_stage8_contact_residual_mean": 0.004240159052000242,
          "wall_stage8_contact_residual_p50": 0.0,
          "wall_stage8_contact_residual_p99": 0.15037541202186988,
          "wall_stage8_tangent_grad_mag_p50": 0.0,
          "wall_stage8_target_cos_p50": 0.0,
          "wall_stage8_grad_write_delta_mag_p50": 0.0,
          "wall_stage8_grad_write_delta_mag_max": 0.05,
          "wall_stage8_limiter_reason_sum": 5296576.0,
          "wall_stage8_limiter_reason_max": 128.0,
          "wall_stage8_limiter_nonzero_count": 1491576,
          "wall_stage8_active_count": 7536,
          "wall_stage8_delta_limiter_count": 6768,
          "wall_stage8_normal_limiter_count": 6768,
          "wall_stage8_normal_limiter_fraction": 0.8980891719745223,
          "wall_stage8_vector_limiter_count": 0,
          "wall_stage8_vector_limiter_fraction": 0.0,
          "wall_stage8_missing_wall_data_count": 1414592,
          "wall_stage8_normal_low_agreement_count": 0,
          "wall_stage8_local_wall_angle_wall_p50": 1.5707963267948966,
          "wall_stage8_local_wall_angle_wall_min": 0.08726646259971647,
          "wall_stage8_local_wall_angle_wall_max": 1.5707963267948966,
          "wall_stage8_local_wall_normal_mag_wall_p50": 1.0,
          "wall_stage8_fluid_wall_angle_p50": 0.0,
          "wall_stage8_fluid_wall_angle_min": 0.0,
          "wall_stage8_fluid_wall_angle_max": 1.570796326794897,
          "wall_stage8_fluid_wall_normal_mag_p50": 0.0,
          "wall_stage8_fluid_wall_data_count_p50": 0.0,
          "wall_stage8_fluid_wall_data_count_p05": 0.0,
          "wall_stage8_grad_candidate_use_sum": 7536.0,
          "wall_stage8_grad_candidate_mag_p50": 1.501414356831476e-13,
          "wall_stage8_grad_candidate_mag_max": 0.21839334447457326,
          "wall_stage8_normal_agreement_p05": 0.0,
          "wall_stage8_normal_agreement_p50": 0.0,
          "wall_stage8_used_geom_normal_sum": 77752.0,
          "wall_stage8_data_fluid_count": 77752,
          "wall_stage8_active_fluid_count": 7536,
          "wall_stage8_fluid_wall_angle_data_p50": 1.5707963267948968,
          "wall_stage8_fluid_wall_angle_active_p50": 0.08726646259971649,
          "wall_stage8_fluid_wall_data_count_data_p50": 9.0,
          "wall_stage8_fluid_wall_data_count_active_p50": 9.0,
          "wall_stage8_normal_agreement_data_p05": 1.0,
          "wall_stage8_normal_agreement_data_p50": 1.0,
          "wall_stage8_normal_agreement_active_p05": 1.0,
          "wall_stage8_normal_agreement_active_p50": 1.0,
          "wall_stage8_used_geom_normal_data_sum": 77752.0,
          "wall_stage8_used_geom_normal_active_sum": 7536.0,
          "wall_stage8_grad_write_delta_mag_active_p50": 0.03066540214075926,
          "wall_stage8_grad_write_delta_mag_active_max": 0.05,
          "wall_stage8_contact_residual_active_p99": 0.1832364891708922,
          "wall_stage8_normal_delta_raw_active_p99": -0.046976673316039906,
          "wall_stage8_normal_delta_limited_active_p99": -1.1870794398698242e-05,
          "wall_stage8_vector_delta_raw_active_p99": 0.7470770483681689,
          "wall_stage8_vector_delta_limited_active_p99": 0.05,
          "wall_stage8_limiter_ratio_active_p50": 0.09205785323511155,
          "max_mach": 0.0,
          "nonfinite_total": 0,
          "path_counts": "{\"2\": 64136, \"5\": 16384}"
        },
        {
          "case_id": "cap_theta030_wall005_stage8g_mode0",
          "step": 100,
          "init_theta_deg": 30.0,
          "wall_rad_angle_deg": null,
          "angle_apparent_deg": 29.430822494466994,
          "angle_error_vs_init_deg": -0.5691775055330055,
          "angle_error_vs_wall_rad_deg": NaN,
          "fit_point_count": 130,
          "phase_fluid_sum": 52519.7558501093,
          "phase_fluid_rel_change": -0.0014011114518126997,
          "rho_fluid_sum": 53959.58009425919,
          "rho_fluid_rel_change": -0.001362414124327187,
          "phase_fluid_min": -1.8321365573392256e-31,
          "phase_fluid_max": 0.9997680673018019,
          "wall_phase_pred_min": NaN,
          "wall_phase_pred_max": NaN,
          "wall_phase_raw_min": NaN,
          "wall_phase_raw_max": NaN,
          "wall_phase_profile_max": NaN,
          "wall_phase_signed_profile_max": NaN,
          "wall_phase_signed_min": NaN,
          "wall_phase_signed_max": NaN,
          "wall_signed_logit_shift_max": NaN,
          "wall_contact_residual_mean": NaN,
          "wall_contact_residual_min": NaN,
          "wall_contact_residual_max": NaN,
          "wall_signed_normal_grad_mean": NaN,
          "wall_tangent_grad_mag_mean": NaN,
          "wall_signed_delta_q_min": NaN,
          "wall_signed_delta_q_max": NaN,
          "wall_signed_q_clipped_sum": NaN,
          "wall_stage7_active_weight_sum": NaN,
          "wall_stage7_active_weight_mean": NaN,
          "wall_stage7_delta_q_raw_p50": NaN,
          "wall_stage7_delta_q_raw_p99": NaN,
          "wall_stage7_delta_q_raw_max": NaN,
          "wall_stage7_delta_q_limited_p50": NaN,
          "wall_stage7_delta_q_limited_p99": NaN,
          "wall_stage7_delta_q_limited_max": NaN,
          "wall_stage7_denom_min": NaN,
          "wall_stage7_denom_p50": NaN,
          "wall_stage7_limiter_reason_sum": NaN,
          "wall_stage7_limiter_reason_max": NaN,
          "wall_stage7_normal_path_count": 0,
          "wall_stage7_normal_limiter_count": 0,
          "wall_stage7_active_path_count": 0,
          "wall_stage7_active_limiter_count": 0,
          "wall_stage7_actual_cos_p50": NaN,
          "wall_stage7_target_cos_p50": NaN,
          "wall_stage7_write_candidate_min": NaN,
          "wall_stage7_write_candidate_max": NaN,
          "wall_stage7_write_minus_profile_min": NaN,
          "wall_stage7_write_minus_profile_max": NaN,
          "wall_stage8_active_weight_sum": 5964.553098370311,
          "wall_stage8_active_weight_mean": 0.003996768237330207,
          "wall_stage8_normal_grad_raw_p50": 0.0,
          "wall_stage8_normal_grad_target_p50": 0.0,
          "wall_stage8_contact_residual_mean": 0.0027682662412891507,
          "wall_stage8_contact_residual_p50": 0.0,
          "wall_stage8_contact_residual_p99": 0.1187341922426406,
          "wall_stage8_tangent_grad_mag_p50": 0.0,
          "wall_stage8_target_cos_p50": 0.0,
          "wall_stage8_grad_write_delta_mag_p50": 0.0,
          "wall_stage8_grad_write_delta_mag_max": 0.05,
          "wall_stage8_limiter_reason_sum": 5299472.0,
          "wall_stage8_limiter_reason_max": 128.0,
          "wall_stage8_limiter_nonzero_count": 1491580,
          "wall_stage8_active_count": 7500,
          "wall_stage8_delta_limiter_count": 6736,
          "wall_stage8_normal_limiter_count": 6736,
          "wall_stage8_normal_limiter_fraction": 0.8981333333333333,
          "wall_stage8_vector_limiter_count": 0,
          "wall_stage8_vector_limiter_fraction": 0.0,
          "wall_stage8_missing_wall_data_count": 1414592,
          "wall_stage8_normal_low_agreement_count": 0,
          "wall_stage8_local_wall_angle_wall_p50": 1.5707963267948966,
          "wall_stage8_local_wall_angle_wall_min": 0.08726646259971647,
          "wall_stage8_local_wall_angle_wall_max": 1.5707963267948966,
          "wall_stage8_local_wall_normal_mag_wall_p50": 1.0,
          "wall_stage8_fluid_wall_angle_p50": 0.0,
          "wall_stage8_fluid_wall_angle_min": 0.0,
          "wall_stage8_fluid_wall_angle_max": 1.570796326794897,
          "wall_stage8_fluid_wall_normal_mag_p50": 0.0,
          "wall_stage8_fluid_wall_data_count_p50": 0.0,
          "wall_stage8_fluid_wall_data_count_p05": 0.0,
          "wall_stage8_grad_candidate_use_sum": 7500.0,
          "wall_stage8_grad_candidate_mag_p50": 8.552188989662219e-12,
          "wall_stage8_grad_candidate_mag_max": 0.2163999040941264,
          "wall_stage8_normal_agreement_p05": 0.0,
          "wall_stage8_normal_agreement_p50": 0.0,
          "wall_stage8_used_geom_normal_sum": 77752.0,
          "wall_stage8_data_fluid_count": 77752,
          "wall_stage8_active_fluid_count": 7500,
          "wall_stage8_fluid_wall_angle_data_p50": 1.5707963267948968,
          "wall_stage8_fluid_wall_angle_active_p50": 0.08726646259971649,
          "wall_stage8_fluid_wall_data_count_data_p50": 9.0,
          "wall_stage8_fluid_wall_data_count_active_p50": 9.0,
          "wall_stage8_normal_agreement_data_p05": 1.0,
          "wall_stage8_normal_agreement_data_p50": 1.0,
          "wall_stage8_normal_agreement_active_p05": 1.0,
          "wall_stage8_normal_agreement_active_p50": 1.0,
          "wall_stage8_used_geom_normal_data_sum": 77752.0,
          "wall_stage8_used_geom_normal_active_sum": 7500.0,
          "wall_stage8_grad_write_delta_mag_active_p50": 0.032232303502905485,
          "wall_stage8_grad_write_delta_mag_active_max": 0.05,
          "wall_stage8_contact_residual_active_p99": 0.16460417361231616,
          "wall_stage8_normal_delta_raw_active_p99": -0.050718666497645164,
          "wall_stage8_normal_delta_limited_active_p99": -3.1307012064209586e-05,
          "wall_stage8_vector_delta_raw_active_p99": 0.733784322125516,
          "wall_stage8_vector_delta_limited_active_p99": 0.05,
          "wall_stage8_limiter_ratio_active_p50": 0.09158929670519506,
          "max_mach": 1.2692252729202876e-05,
          "nonfinite_total": 0,
          "path_counts": "{\"2\": 64136, \"5\": 16384}"
        },
        {
          "case_id": "cap_theta030_wall005_stage8g_mode0",
          "step": 1000,
          "init_theta_deg": 30.0,
          "wall_rad_angle_deg": null,
          "angle_apparent_deg": 29.476409823874466,
          "angle_error_vs_init_deg": -0.5235901761255342,
          "angle_error_vs_wall_rad_deg": NaN,
          "fit_point_count": 130,
          "phase_fluid_sum": 52509.99087704222,
          "phase_fluid_rel_change": -0.0015867804651897041,
          "rho_fluid_sum": 53949.824886165195,
          "rho_fluid_rel_change": -0.0015429551412083871,
          "phase_fluid_min": 6.206088991023663e-15,
          "phase_fluid_max": 0.9997659651325528,
          "wall_phase_pred_min": NaN,
          "wall_phase_pred_max": NaN,
          "wall_phase_raw_min": NaN,
          "wall_phase_raw_max": NaN,
          "wall_phase_profile_max": NaN,
          "wall_phase_signed_profile_max": NaN,
          "wall_phase_signed_min": NaN,
          "wall_phase_signed_max": NaN,
          "wall_signed_logit_shift_max": NaN,
          "wall_contact_residual_mean": NaN,
          "wall_contact_residual_min": NaN,
          "wall_contact_residual_max": NaN,
          "wall_signed_normal_grad_mean": NaN,
          "wall_tangent_grad_mag_mean": NaN,
          "wall_signed_delta_q_min": NaN,
          "wall_signed_delta_q_max": NaN,
          "wall_signed_q_clipped_sum": NaN,
          "wall_stage7_active_weight_sum": NaN,
          "wall_stage7_active_weight_mean": NaN,
          "wall_stage7_delta_q_raw_p50": NaN,
          "wall_stage7_delta_q_raw_p99": NaN,
          "wall_stage7_delta_q_raw_max": NaN,
          "wall_stage7_delta_q_limited_p50": NaN,
          "wall_stage7_delta_q_limited_p99": NaN,
          "wall_stage7_delta_q_limited_max": NaN,
          "wall_stage7_denom_min": NaN,
          "wall_stage7_denom_p50": NaN,
          "wall_stage7_limiter_reason_sum": NaN,
          "wall_stage7_limiter_reason_max": NaN,
          "wall_stage7_normal_path_count": 0,
          "wall_stage7_normal_limiter_count": 0,
          "wall_stage7_active_path_count": 0,
          "wall_stage7_active_limiter_count": 0,
          "wall_stage7_actual_cos_p50": NaN,
          "wall_stage7_target_cos_p50": NaN,
          "wall_stage7_write_candidate_min": NaN,
          "wall_stage7_write_candidate_max": NaN,
          "wall_stage7_write_minus_profile_min": NaN,
          "wall_stage7_write_minus_profile_max": NaN,
          "wall_stage8_active_weight_sum": 6274.807548186904,
          "wall_stage8_active_weight_mean": 0.004204665645579641,
          "wall_stage8_normal_grad_raw_p50": 0.0,
          "wall_stage8_normal_grad_target_p50": 0.0,
          "wall_stage8_contact_residual_mean": 0.0021288400748441707,
          "wall_stage8_contact_residual_p50": 0.0,
          "wall_stage8_contact_residual_p99": 0.09679302740432964,
          "wall_stage8_tangent_grad_mag_p50": 0.0,
          "wall_stage8_target_cos_p50": 0.0,
          "wall_stage8_grad_write_delta_mag_p50": 0.0,
          "wall_stage8_grad_write_delta_mag_max": 0.05,
          "wall_stage8_limiter_reason_sum": 5339424.0,
          "wall_stage8_limiter_reason_max": 128.0,
          "wall_stage8_limiter_nonzero_count": 1491448,
          "wall_stage8_active_count": 7984,
          "wall_stage8_delta_limiter_count": 7088,
          "wall_stage8_normal_limiter_count": 7088,
          "wall_stage8_normal_limiter_fraction": 0.8877755511022044,
          "wall_stage8_vector_limiter_count": 0,
          "wall_stage8_vector_limiter_fraction": 0.0,
          "wall_stage8_missing_wall_data_count": 1414592,
          "wall_stage8_normal_low_agreement_count": 0,
          "wall_stage8_local_wall_angle_wall_p50": 1.5707963267948966,
          "wall_stage8_local_wall_angle_wall_min": 0.08726646259971647,
          "wall_stage8_local_wall_angle_wall_max": 1.5707963267948966,
          "wall_stage8_local_wall_normal_mag_wall_p50": 1.0,
          "wall_stage8_fluid_wall_angle_p50": 0.0,
          "wall_stage8_fluid_wall_angle_min": 0.0,
          "wall_stage8_fluid_wall_angle_max": 1.570796326794897,
          "wall_stage8_fluid_wall_normal_mag_p50": 0.0,
          "wall_stage8_fluid_wall_data_count_p50": 0.0,
          "wall_stage8_fluid_wall_data_count_p05": 0.0,
          "wall_stage8_grad_candidate_use_sum": 7984.0,
          "wall_stage8_grad_candidate_mag_p50": 3.7158036105521484e-10,
          "wall_stage8_grad_candidate_mag_max": 0.21690236562699117,
          "wall_stage8_normal_agreement_p05": 0.0,
          "wall_stage8_normal_agreement_p50": 0.0,
          "wall_stage8_used_geom_normal_sum": 77752.0,
          "wall_stage8_data_fluid_count": 77752,
          "wall_stage8_active_fluid_count": 7984,
          "wall_stage8_fluid_wall_angle_data_p50": 1.5707963267948968,
          "wall_stage8_fluid_wall_angle_active_p50": 0.08726646259971649,
          "wall_stage8_fluid_wall_data_count_data_p50": 9.0,
          "wall_stage8_fluid_wall_data_count_active_p50": 9.0,
          "wall_stage8_normal_agreement_data_p05": 1.0,
          "wall_stage8_normal_agreement_data_p50": 1.0,
          "wall_stage8_normal_agreement_active_p05": 1.0,
          "wall_stage8_normal_agreement_active_p50": 1.0,
          "wall_stage8_used_geom_normal_data_sum": 77752.0,
          "wall_stage8_used_geom_normal_active_sum": 7984.0,
          "wall_stage8_grad_write_delta_mag_active_p50": 0.032503638180445465,
          "wall_stage8_grad_write_delta_mag_active_max": 0.05,
          "wall_stage8_contact_residual_active_p99": 0.13942815626391575,
          "wall_stage8_normal_delta_raw_active_p99": -0.044696467242684244,
          "wall_stage8_normal_delta_limited_active_p99": -7.625541959810584e-06,
          "wall_stage8_vector_delta_raw_active_p99": 0.6829911164345396,
          "wall_stage8_vector_delta_limited_active_p99": 0.05,
          "wall_stage8_limiter_ratio_active_p50": 0.10356944893568075,
          "max_mach": 1.1635696682809229e-05,
          "nonfinite_total": 0,
          "path_counts": "{\"2\": 64136, \"5\": 16384}"
        }
      ],
      "claim_limit": "flat-wall runtime sanity/contact-response diagnostic only"
    }
  ],
  "claim_limit": "flat-wall runtime sanity/contact-response diagnostic only"
}
