step,file,dims,array,missing,nonfinite_count,fluid_nonfinite_count,nonfinite_cell_count,fluid_nonfinite_cell_count,finite_min,finite_max,bad_bbox,fluid_bad_bbox,phi_gt_threshold_fluid,boundary_available,boundary_nonfinite_count,boundary_cell_count,fluid_cell_count,speed_max,speed_mean
0,/mnt/8A0E24070E23EAC1/runs/tclb_pre2025_sphere_stage8f_shadow_20260613/theta030_free_sphere_shadow/output/case_VTK_P00_00000000.vti,96x80x180,PhaseField,False,0,0,0,0,0.0,1.0,,,57856,True,0,135160,1247240,,
0,/mnt/8A0E24070E23EAC1/runs/tclb_pre2025_sphere_stage8f_shadow_20260613/theta030_free_sphere_shadow/output/case_VTK_P00_00000000.vti,96x80x180,U,False,0,0,0,0,0.0,0.0,,,,True,0,135160,1247240,0.0,0.0
0,/mnt/8A0E24070E23EAC1/runs/tclb_pre2025_sphere_stage8f_shadow_20260613/theta030_free_sphere_shadow/output/case_VTK_P00_00000000.vti,96x80x180,P,False,0,0,0,0,0.0,0.0,,,,True,0,135160,1247240,,
0,/mnt/8A0E24070E23EAC1/runs/tclb_pre2025_sphere_stage8f_shadow_20260613/theta030_free_sphere_shadow/output/case_VTK_P00_00000000.vti,96x80x180,Rho,False,0,0,0,0,0.0,0.9999997997402233,,,,True,0,135160,1247240,,
0,/mnt/8A0E24070E23EAC1/runs/tclb_pre2025_sphere_stage8f_shadow_20260613/theta030_free_sphere_shadow/output/case_VTK_P00_00000000.vti,96x80x180,WallStage8GradMode,False,0,0,0,0,1.0,1.0,,,,True,0,135160,1247240,,
0,/mnt/8A0E24070E23EAC1/runs/tclb_pre2025_sphere_stage8f_shadow_20260613/theta030_free_sphere_shadow/output/case_VTK_P00_00000000.vti,96x80x180,WallStage8ActiveWeight,False,0,0,0,0,0.0,1.0,,,,True,0,135160,1247240,,
0,/mnt/8A0E24070E23EAC1/runs/tclb_pre2025_sphere_stage8f_shadow_20260613/theta030_free_sphere_shadow/output/case_VTK_P00_00000000.vti,96x80x180,WallStage8NormalGradRaw,False,0,0,0,0,-2.178127308451876e-06,0.16983277472446984,,,,True,0,135160,1247240,,
0,/mnt/8A0E24070E23EAC1/runs/tclb_pre2025_sphere_stage8f_shadow_20260613/theta030_free_sphere_shadow/output/case_VTK_P00_00000000.vti,96x80x180,WallStage8NormalGradTarget,False,0,0,0,0,-0.7707551049917603,8.895944930846526e-15,,,,True,0,135160,1247240,,
0,/mnt/8A0E24070E23EAC1/runs/tclb_pre2025_sphere_stage8f_shadow_20260613/theta030_free_sphere_shadow/output/case_VTK_P00_00000000.vti,96x80x180,WallStage8ContactResidual,False,0,0,0,0,0.0,1.9812035991896169,,,,True,0,135160,1247240,,
0,/mnt/8A0E24070E23EAC1/runs/tclb_pre2025_sphere_stage8f_shadow_20260613/theta030_free_sphere_shadow/output/case_VTK_P00_00000000.vti,96x80x180,WallStage8TangentGradMag,False,0,0,0,0,0.0,0.14981961701346966,,,,True,0,135160,1247240,,
0,/mnt/8A0E24070E23EAC1/runs/tclb_pre2025_sphere_stage8f_shadow_20260613/theta030_free_sphere_shadow/output/case_VTK_P00_00000000.vti,96x80x180,WallStage8TargetCos,False,0,0,0,0,-0.981627183447664,3.8285686989269494e-16,,,,True,0,135160,1247240,,
0,/mnt/8A0E24070E23EAC1/runs/tclb_pre2025_sphere_stage8f_shadow_20260613/theta030_free_sphere_shadow/output/case_VTK_P00_00000000.vti,96x80x180,WallStage8GradWriteDeltaMag,False,0,0,0,0,0.0,0.05,,,,True,0,135160,1247240,,
0,/mnt/8A0E24070E23EAC1/runs/tclb_pre2025_sphere_stage8f_shadow_20260613/theta030_free_sphere_shadow/output/case_VTK_P00_00000000.vti,96x80x180,WallStage8LimiterReason,False,0,0,0,0,0.0,128.0,,,,True,0,135160,1247240,,
0,/mnt/8A0E24070E23EAC1/runs/tclb_pre2025_sphere_stage8f_shadow_20260613/theta030_free_sphere_shadow/output/case_VTK_P00_00000000.vti,96x80x180,WallStage8LocalWallAngle,False,0,0,0,0,0.0,1.5707963267948966,,,,True,0,135160,1247240,,
0,/mnt/8A0E24070E23EAC1/runs/tclb_pre2025_sphere_stage8f_shadow_20260613/theta030_free_sphere_shadow/output/case_VTK_P00_00000000.vti,96x80x180,WallStage8FluidWallAngle,False,0,0,0,0,0.0,1.570796326794897,,,,True,0,135160,1247240,,
0,/mnt/8A0E24070E23EAC1/runs/tclb_pre2025_sphere_stage8f_shadow_20260613/theta030_free_sphere_shadow/output/case_VTK_P00_00000000.vti,96x80x180,WallStage8FluidWallDataCount,False,0,0,0,0,0.0,19.0,,,,True,0,135160,1247240,,
0,/mnt/8A0E24070E23EAC1/runs/tclb_pre2025_sphere_stage8f_shadow_20260613/theta030_free_sphere_shadow/output/case_VTK_P00_00000000.vti,96x80x180,WallStage8GradCandidateUse,False,0,0,0,0,0.0,1.0,,,,True,0,135160,1247240,,
0,/mnt/8A0E24070E23EAC1/runs/tclb_pre2025_sphere_stage8f_shadow_20260613/theta030_free_sphere_shadow/output/case_VTK_P00_00000000.vti,96x80x180,WallStage8NormalAgreement,False,0,0,0,0,0.0,1.0000000000000002,,,,True,0,135160,1247240,,
0,/mnt/8A0E24070E23EAC1/runs/tclb_pre2025_sphere_stage8f_shadow_20260613/theta030_free_sphere_shadow/output/case_VTK_P00_00000000.vti,96x80x180,WallStage8UsedGeomNormal,False,0,0,0,0,0.0,1.0,,,,True,0,135160,1247240,,
0,/mnt/8A0E24070E23EAC1/runs/tclb_pre2025_sphere_stage8f_shadow_20260613/theta030_free_sphere_shadow/output/case_VTK_P00_00000000.vti,96x80x180,WallStage8TanCoeffLocal,False,0,0,0,0,-1.7948968977776758e-09,5.144553966670899,,,,True,0,135160,1247240,,
0,/mnt/8A0E24070E23EAC1/runs/tclb_pre2025_sphere_stage8f_shadow_20260613/theta030_free_sphere_shadow/output/case_VTK_P00_00000000.vti,96x80x180,WallStage8ThetaLocal,False,0,0,0,0,0.0,1.570796326794897,,,,True,0,135160,1247240,,
0,/mnt/8A0E24070E23EAC1/runs/tclb_pre2025_sphere_stage8f_shadow_20260613/theta030_free_sphere_shadow/output/case_VTK_P00_00000000.vti,96x80x180,WallStage8PhaseC,False,0,0,0,0,0.0,0.5808448975965824,,,,True,0,135160,1247240,,
0,/mnt/8A0E24070E23EAC1/runs/tclb_pre2025_sphere_stage8f_shadow_20260613/theta030_free_sphere_shadow/output/case_VTK_P00_00000000.vti,96x80x180,WallStage8GradMagRaw,False,0,0,0,0,0.0,0.17498992481199008,,,,True,0,135160,1247240,,
0,/mnt/8A0E24070E23EAC1/runs/tclb_pre2025_sphere_stage8f_shadow_20260613/theta030_free_sphere_shadow/output/case_VTK_P00_00000000.vti,96x80x180,WallStage8TangentGradRaw,False,0,0,0,0,0.0,0.14981961701346966,,,,True,0,135160,1247240,,
0,/mnt/8A0E24070E23EAC1/runs/tclb_pre2025_sphere_stage8f_shadow_20260613/theta030_free_sphere_shadow/output/case_VTK_P00_00000000.vti,96x80x180,WallStage8TargetNormalGrad,False,0,0,0,0,-0.7707551049917603,8.895944930846526e-15,,,,True,0,135160,1247240,,
0,/mnt/8A0E24070E23EAC1/runs/tclb_pre2025_sphere_stage8f_shadow_20260613/theta030_free_sphere_shadow/output/case_VTK_P00_00000000.vti,96x80x180,WallStage8NormalDeltaRaw,False,0,0,0,0,-0.8291913889199731,0.0,,,,True,0,135160,1247240,,
0,/mnt/8A0E24070E23EAC1/runs/tclb_pre2025_sphere_stage8f_shadow_20260613/theta030_free_sphere_shadow/output/case_VTK_P00_00000000.vti,96x80x180,WallStage8NormalDeltaLimited,False,0,0,0,0,-0.05,0.0,,,,True,0,135160,1247240,,
0,/mnt/8A0E24070E23EAC1/runs/tclb_pre2025_sphere_stage8f_shadow_20260613/theta030_free_sphere_shadow/output/case_VTK_P00_00000000.vti,96x80x180,WallStage8VectorDeltaRawMag,False,0,0,0,0,0.0,0.8291913889191439,,,,True,0,135160,1247240,,
0,/mnt/8A0E24070E23EAC1/runs/tclb_pre2025_sphere_stage8f_shadow_20260613/theta030_free_sphere_shadow/output/case_VTK_P00_00000000.vti,96x80x180,WallStage8VectorDeltaLimitedMag,False,0,0,0,0,0.0,0.05,,,,True,0,135160,1247240,,
0,/mnt/8A0E24070E23EAC1/runs/tclb_pre2025_sphere_stage8f_shadow_20260613/theta030_free_sphere_shadow/output/case_VTK_P00_00000000.vti,96x80x180,WallStage8NormalLimiterHit,False,0,0,0,0,0.0,1.0,,,,True,0,135160,1247240,,
0,/mnt/8A0E24070E23EAC1/runs/tclb_pre2025_sphere_stage8f_shadow_20260613/theta030_free_sphere_shadow/output/case_VTK_P00_00000000.vti,96x80x180,WallStage8VectorLimiterHit,False,0,0,0,0,0.0,0.0,,,,True,0,135160,1247240,,
0,/mnt/8A0E24070E23EAC1/runs/tclb_pre2025_sphere_stage8f_shadow_20260613/theta030_free_sphere_shadow/output/case_VTK_P00_00000000.vti,96x80x180,WallStage8LimiterRatio,False,0,0,0,0,0.020520959344366353,1.0,,,,True,0,135160,1247240,,
0,/mnt/8A0E24070E23EAC1/runs/tclb_pre2025_sphere_stage8f_shadow_20260613/theta030_free_sphere_shadow/output/case_VTK_P00_00000000.vti,96x80x180,WallStage8RegionTag,False,0,0,0,0,0.0,4.0,,,,True,0,135160,1247240,,
0,/mnt/8A0E24070E23EAC1/runs/tclb_pre2025_sphere_stage8f_shadow_20260613/theta030_free_sphere_shadow/output/case_VTK_P00_00000000.vti,96x80x180,WallStage8SphereRadialDot,False,0,0,0,0,-0.9999853205622216,1.0000000000000002,,,,True,0,135160,1247240,,
0,/mnt/8A0E24070E23EAC1/runs/tclb_pre2025_sphere_stage8f_shadow_20260613/theta030_free_sphere_shadow/output/case_VTK_P00_00000000.vti,96x80x180,WallStage8ContactBandTag,False,0,0,0,0,0.0,4.0,,,,True,0,135160,1247240,,
0,/mnt/8A0E24070E23EAC1/runs/tclb_pre2025_sphere_stage8f_shadow_20260613/theta030_free_sphere_shadow/output/case_VTK_P00_00000000.vti,96x80x180,WallStage8eDnRaw,False,0,0,0,0,-0.8291913889199731,0.0,,,,True,0,135160,1247240,,
0,/mnt/8A0E24070E23EAC1/runs/tclb_pre2025_sphere_stage8f_shadow_20260613/theta030_free_sphere_shadow/output/case_VTK_P00_00000000.vti,96x80x180,WallStage8eDnTry,False,0,0,0,0,-0.8291913889191439,0.0,,,,True,0,135160,1247240,,
0,/mnt/8A0E24070E23EAC1/runs/tclb_pre2025_sphere_stage8f_shadow_20260613/theta030_free_sphere_shadow/output/case_VTK_P00_00000000.vti,96x80x180,WallStage8eDnLimited,False,0,0,0,0,-0.05,0.0,,,,True,0,135160,1247240,,
0,/mnt/8A0E24070E23EAC1/runs/tclb_pre2025_sphere_stage8f_shadow_20260613/theta030_free_sphere_shadow/output/case_VTK_P00_00000000.vti,96x80x180,WallStage8eAbsCap,False,0,0,0,0,0.0,0.05,,,,True,0,135160,1247240,,
0,/mnt/8A0E24070E23EAC1/runs/tclb_pre2025_sphere_stage8f_shadow_20260613/theta030_free_sphere_shadow/output/case_VTK_P00_00000000.vti,96x80x180,WallStage8eRatioCap,False,0,0,0,0,0.0,0.08491638736223492,,,,True,0,135160,1247240,,
0,/mnt/8A0E24070E23EAC1/runs/tclb_pre2025_sphere_stage8f_shadow_20260613/theta030_free_sphere_shadow/output/case_VTK_P00_00000000.vti,96x80x180,WallStage8eEffectiveCap,False,0,0,0,0,0.0,0.05,,,,True,0,135160,1247240,,
0,/mnt/8A0E24070E23EAC1/runs/tclb_pre2025_sphere_stage8f_shadow_20260613/theta030_free_sphere_shadow/output/case_VTK_P00_00000000.vti,96x80x180,WallStage8eCapSource,False,0,0,0,0,0.0,2.0,,,,True,0,135160,1247240,,
0,/mnt/8A0E24070E23EAC1/runs/tclb_pre2025_sphere_stage8f_shadow_20260613/theta030_free_sphere_shadow/output/case_VTK_P00_00000000.vti,96x80x180,WallStage8eCapDemandRatio,False,0,0,0,0,0.0,48.73066522957327,,,,True,0,135160,1247240,,
0,/mnt/8A0E24070E23EAC1/runs/tclb_pre2025_sphere_stage8f_shadow_20260613/theta030_free_sphere_shadow/output/case_VTK_P00_00000000.vti,96x80x180,WallStage8eNormalRawAbs,False,0,0,0,0,0.0,0.16983277472446984,,,,True,0,135160,1247240,,
0,/mnt/8A0E24070E23EAC1/runs/tclb_pre2025_sphere_stage8f_shadow_20260613/theta030_free_sphere_shadow/output/case_VTK_P00_00000000.vti,96x80x180,WallStage8eTargetNormalAbs,False,0,0,0,0,0.0,0.7707551049917603,,,,True,0,135160,1247240,,
0,/mnt/8A0E24070E23EAC1/runs/tclb_pre2025_sphere_stage8f_shadow_20260613/theta030_free_sphere_shadow/output/case_VTK_P00_00000000.vti,96x80x180,WallStage8eTargetMinusRawAbs,False,0,0,0,0,0.0,0.8291913889199731,,,,True,0,135160,1247240,,
0,/mnt/8A0E24070E23EAC1/runs/tclb_pre2025_sphere_stage8f_shadow_20260613/theta030_free_sphere_shadow/output/case_VTK_P00_00000000.vti,96x80x180,WallStage8eSmoothWeightC,False,0,0,0,0,0.0,1.0,,,,True,0,135160,1247240,,
0,/mnt/8A0E24070E23EAC1/runs/tclb_pre2025_sphere_stage8f_shadow_20260613/theta030_free_sphere_shadow/output/case_VTK_P00_00000000.vti,96x80x180,WallStage8eSmoothWeightG,False,0,0,0,0,0.0,1.0,,,,True,0,135160,1247240,,
0,/mnt/8A0E24070E23EAC1/runs/tclb_pre2025_sphere_stage8f_shadow_20260613/theta030_free_sphere_shadow/output/case_VTK_P00_00000000.vti,96x80x180,WallStage8eSmoothWeightT,False,0,0,0,0,0.0,1.0,,,,True,0,135160,1247240,,
0,/mnt/8A0E24070E23EAC1/runs/tclb_pre2025_sphere_stage8f_shadow_20260613/theta030_free_sphere_shadow/output/case_VTK_P00_00000000.vti,96x80x180,WallStage8eSmoothWeightTotal,False,0,0,0,0,0.0,1.0,,,,True,0,135160,1247240,,
0,/mnt/8A0E24070E23EAC1/runs/tclb_pre2025_sphere_stage8f_shadow_20260613/theta030_free_sphere_shadow/output/case_VTK_P00_00000000.vti,96x80x180,WallStage8eTanCoeffTimesTangent,False,0,0,0,0,0.0,0.7707551049917603,,,,True,0,135160,1247240,,
0,/mnt/8A0E24070E23EAC1/runs/tclb_pre2025_sphere_stage8f_shadow_20260613/theta030_free_sphere_shadow/output/case_VTK_P00_00000000.vti,96x80x180,WallStage8eLimiterClass,False,0,0,0,0,-1.0,2.0,,,,True,0,135160,1247240,,
0,/mnt/8A0E24070E23EAC1/runs/tclb_pre2025_sphere_stage8f_shadow_20260613/theta030_free_sphere_shadow/output/case_VTK_P00_00000000.vti,96x80x180,WallStage8eWallProfileConflict,False,0,0,0,0,0.0,0.0,,,,True,0,135160,1247240,,
100,/mnt/8A0E24070E23EAC1/runs/tclb_pre2025_sphere_stage8f_shadow_20260613/theta030_free_sphere_shadow/output/case_VTK_P00_00000100.vti,96x80x180,PhaseField,False,0,0,0,0,-1.3277944641536632e-31,1.0,,,57832,True,0,135160,1247240,,
100,/mnt/8A0E24070E23EAC1/runs/tclb_pre2025_sphere_stage8f_shadow_20260613/theta030_free_sphere_shadow/output/case_VTK_P00_00000100.vti,96x80x180,U,False,0,0,0,0,-8.986314098451102e-05,8.986026930237831e-05,,,,True,0,135160,1247240,0.00010552409041551636,2.3433080728285487e-06
100,/mnt/8A0E24070E23EAC1/runs/tclb_pre2025_sphere_stage8f_shadow_20260613/theta030_free_sphere_shadow/output/case_VTK_P00_00000100.vti,96x80x180,P,False,0,0,0,0,-7.877060189022128e-06,6.01327567670942e-06,,,,True,0,135160,1247240,,
100,/mnt/8A0E24070E23EAC1/runs/tclb_pre2025_sphere_stage8f_shadow_20260613/theta030_free_sphere_shadow/output/case_VTK_P00_00000100.vti,96x80x180,Rho,False,0,0,0,0,0.0,0.9999959587708279,,,,True,0,135160,1247240,,
100,/mnt/8A0E24070E23EAC1/runs/tclb_pre2025_sphere_stage8f_shadow_20260613/theta030_free_sphere_shadow/output/case_VTK_P00_00000100.vti,96x80x180,WallStage8GradMode,False,0,0,0,0,1.0,1.0,,,,True,0,135160,1247240,,
100,/mnt/8A0E24070E23EAC1/runs/tclb_pre2025_sphere_stage8f_shadow_20260613/theta030_free_sphere_shadow/output/case_VTK_P00_00000100.vti,96x80x180,WallStage8ActiveWeight,False,0,0,0,0,0.0,1.0,,,,True,0,135160,1247240,,
100,/mnt/8A0E24070E23EAC1/runs/tclb_pre2025_sphere_stage8f_shadow_20260613/theta030_free_sphere_shadow/output/case_VTK_P00_00000100.vti,96x80x180,WallStage8NormalGradRaw,False,0,0,0,0,-0.13497761809980705,2.696639144293221e-05,,,,True,0,135160,1247240,,
100,/mnt/8A0E24070E23EAC1/runs/tclb_pre2025_sphere_stage8f_shadow_20260613/theta030_free_sphere_shadow/output/case_VTK_P00_00000100.vti,96x80x180,WallStage8NormalGradTarget,False,0,0,0,0,-0.5600638098023798,7.679137506220634e-15,,,,True,0,135160,1247240,,
100,/mnt/8A0E24070E23EAC1/runs/tclb_pre2025_sphere_stage8f_shadow_20260613/theta030_free_sphere_shadow/output/case_VTK_P00_00000100.vti,96x80x180,WallStage8ContactResidual,False,0,0,0,0,0.0,0.9996920232682351,,,,True,0,135160,1247240,,
100,/mnt/8A0E24070E23EAC1/runs/tclb_pre2025_sphere_stage8f_shadow_20260613/theta030_free_sphere_shadow/output/case_VTK_P00_00000100.vti,96x80x180,WallStage8TangentGradMag,False,0,0,0,0,0.0,0.10886537752947388,,,,True,0,135160,1247240,,
100,/mnt/8A0E24070E23EAC1/runs/tclb_pre2025_sphere_stage8f_shadow_20260613/theta030_free_sphere_shadow/output/case_VTK_P00_00000100.vti,96x80x180,WallStage8TargetCos,False,0,0,0,0,-0.981627183447664,3.8285686989269494e-16,,,,True,0,135160,1247240,,
100,/mnt/8A0E24070E23EAC1/runs/tclb_pre2025_sphere_stage8f_shadow_20260613/theta030_free_sphere_shadow/output/case_VTK_P00_00000100.vti,96x80x180,WallStage8GradWriteDeltaMag,False,0,0,0,0,0.0,0.05,,,,True,0,135160,1247240,,
100,/mnt/8A0E24070E23EAC1/runs/tclb_pre2025_sphere_stage8f_shadow_20260613/theta030_free_sphere_shadow/output/case_VTK_P00_00000100.vti,96x80x180,WallStage8LimiterReason,False,0,0,0,0,0.0,128.0,,,,True,0,135160,1247240,,
100,/mnt/8A0E24070E23EAC1/runs/tclb_pre2025_sphere_stage8f_shadow_20260613/theta030_free_sphere_shadow/output/case_VTK_P00_00000100.vti,96x80x180,WallStage8LocalWallAngle,False,0,0,0,0,0.0,1.5707963267948966,,,,True,0,135160,1247240,,
100,/mnt/8A0E24070E23EAC1/runs/tclb_pre2025_sphere_stage8f_shadow_20260613/theta030_free_sphere_shadow/output/case_VTK_P00_00000100.vti,96x80x180,WallStage8FluidWallAngle,False,0,0,0,0,0.0,1.570796326794897,,,,True,0,135160,1247240,,
100,/mnt/8A0E24070E23EAC1/runs/tclb_pre2025_sphere_stage8f_shadow_20260613/theta030_free_sphere_shadow/output/case_VTK_P00_00000100.vti,96x80x180,WallStage8FluidWallDataCount,False,0,0,0,0,0.0,19.0,,,,True,0,135160,1247240,,
100,/mnt/8A0E24070E23EAC1/runs/tclb_pre2025_sphere_stage8f_shadow_20260613/theta030_free_sphere_shadow/output/case_VTK_P00_00000100.vti,96x80x180,WallStage8GradCandidateUse,False,0,0,0,0,0.0,1.0,,,,True,0,135160,1247240,,
100,/mnt/8A0E24070E23EAC1/runs/tclb_pre2025_sphere_stage8f_shadow_20260613/theta030_free_sphere_shadow/output/case_VTK_P00_00000100.vti,96x80x180,WallStage8NormalAgreement,False,0,0,0,0,0.0,1.0000000000000002,,,,True,0,135160,1247240,,
100,/mnt/8A0E24070E23EAC1/runs/tclb_pre2025_sphere_stage8f_shadow_20260613/theta030_free_sphere_shadow/output/case_VTK_P00_00000100.vti,96x80x180,WallStage8UsedGeomNormal,False,0,0,0,0,0.0,1.0,,,,True,0,135160,1247240,,
100,/mnt/8A0E24070E23EAC1/runs/tclb_pre2025_sphere_stage8f_shadow_20260613/theta030_free_sphere_shadow/output/case_VTK_P00_00000100.vti,96x80x180,WallStage8TanCoeffLocal,False,0,0,0,0,-1.7948968977776758e-09,5.144553966670899,,,,True,0,135160,1247240,,
100,/mnt/8A0E24070E23EAC1/runs/tclb_pre2025_sphere_stage8f_shadow_20260613/theta030_free_sphere_shadow/output/case_VTK_P00_00000100.vti,96x80x180,WallStage8ThetaLocal,False,0,0,0,0,0.0,1.570796326794897,,,,True,0,135160,1247240,,
100,/mnt/8A0E24070E23EAC1/runs/tclb_pre2025_sphere_stage8f_shadow_20260613/theta030_free_sphere_shadow/output/case_VTK_P00_00000100.vti,96x80x180,WallStage8PhaseC,False,0,0,0,0,0.0,0.881214884006166,,,,True,0,135160,1247240,,
100,/mnt/8A0E24070E23EAC1/runs/tclb_pre2025_sphere_stage8f_shadow_20260613/theta030_free_sphere_shadow/output/case_VTK_P00_00000100.vti,96x80x180,WallStage8GradMagRaw,False,0,0,0,0,0.0,0.1590076527970763,,,,True,0,135160,1247240,,
100,/mnt/8A0E24070E23EAC1/runs/tclb_pre2025_sphere_stage8f_shadow_20260613/theta030_free_sphere_shadow/output/case_VTK_P00_00000100.vti,96x80x180,WallStage8TangentGradRaw,False,0,0,0,0,0.0,0.10886537752947388,,,,True,0,135160,1247240,,
100,/mnt/8A0E24070E23EAC1/runs/tclb_pre2025_sphere_stage8f_shadow_20260613/theta030_free_sphere_shadow/output/case_VTK_P00_00000100.vti,96x80x180,WallStage8TargetNormalGrad,False,0,0,0,0,-0.5600638098023798,7.679137506220634e-15,,,,True,0,135160,1247240,,
100,/mnt/8A0E24070E23EAC1/runs/tclb_pre2025_sphere_stage8f_shadow_20260613/theta030_free_sphere_shadow/output/case_VTK_P00_00000100.vti,96x80x180,WallStage8NormalDeltaRaw,False,0,0,0,0,-0.47820534347933724,0.0,,,,True,0,135160,1247240,,
100,/mnt/8A0E24070E23EAC1/runs/tclb_pre2025_sphere_stage8f_shadow_20260613/theta030_free_sphere_shadow/output/case_VTK_P00_00000100.vti,96x80x180,WallStage8NormalDeltaLimited,False,0,0,0,0,-0.05,0.0,,,,True,0,135160,1247240,,
100,/mnt/8A0E24070E23EAC1/runs/tclb_pre2025_sphere_stage8f_shadow_20260613/theta030_free_sphere_shadow/output/case_VTK_P00_00000100.vti,96x80x180,WallStage8VectorDeltaRawMag,False,0,0,0,0,0.0,0.478205343478859,,,,True,0,135160,1247240,,
100,/mnt/8A0E24070E23EAC1/runs/tclb_pre2025_sphere_stage8f_shadow_20260613/theta030_free_sphere_shadow/output/case_VTK_P00_00000100.vti,96x80x180,WallStage8VectorDeltaLimitedMag,False,0,0,0,0,0.0,0.05,,,,True,0,135160,1247240,,
100,/mnt/8A0E24070E23EAC1/runs/tclb_pre2025_sphere_stage8f_shadow_20260613/theta030_free_sphere_shadow/output/case_VTK_P00_00000100.vti,96x80x180,WallStage8NormalLimiterHit,False,0,0,0,0,0.0,1.0,,,,True,0,135160,1247240,,
100,/mnt/8A0E24070E23EAC1/runs/tclb_pre2025_sphere_stage8f_shadow_20260613/theta030_free_sphere_shadow/output/case_VTK_P00_00000100.vti,96x80x180,WallStage8VectorLimiterHit,False,0,0,0,0,0.0,0.0,,,,True,0,135160,1247240,,
100,/mnt/8A0E24070E23EAC1/runs/tclb_pre2025_sphere_stage8f_shadow_20260613/theta030_free_sphere_shadow/output/case_VTK_P00_00000100.vti,96x80x180,WallStage8LimiterRatio,False,0,0,0,0,0.018328874377311725,1.0,,,,True,0,135160,1247240,,
100,/mnt/8A0E24070E23EAC1/runs/tclb_pre2025_sphere_stage8f_shadow_20260613/theta030_free_sphere_shadow/output/case_VTK_P00_00000100.vti,96x80x180,WallStage8RegionTag,False,0,0,0,0,0.0,4.0,,,,True,0,135160,1247240,,
100,/mnt/8A0E24070E23EAC1/runs/tclb_pre2025_sphere_stage8f_shadow_20260613/theta030_free_sphere_shadow/output/case_VTK_P00_00000100.vti,96x80x180,WallStage8SphereRadialDot,False,0,0,0,0,-0.9999853205622216,1.0000000000000002,,,,True,0,135160,1247240,,
100,/mnt/8A0E24070E23EAC1/runs/tclb_pre2025_sphere_stage8f_shadow_20260613/theta030_free_sphere_shadow/output/case_VTK_P00_00000100.vti,96x80x180,WallStage8ContactBandTag,False,0,0,0,0,0.0,5.0,,,,True,0,135160,1247240,,
100,/mnt/8A0E24070E23EAC1/runs/tclb_pre2025_sphere_stage8f_shadow_20260613/theta030_free_sphere_shadow/output/case_VTK_P00_00000100.vti,96x80x180,WallStage8eDnRaw,False,0,0,0,0,-0.47820534347933724,0.0,,,,True,0,135160,1247240,,
100,/mnt/8A0E24070E23EAC1/runs/tclb_pre2025_sphere_stage8f_shadow_20260613/theta030_free_sphere_shadow/output/case_VTK_P00_00000100.vti,96x80x180,WallStage8eDnTry,False,0,0,0,0,-0.478205343478859,0.0,,,,True,0,135160,1247240,,
100,/mnt/8A0E24070E23EAC1/runs/tclb_pre2025_sphere_stage8f_shadow_20260613/theta030_free_sphere_shadow/output/case_VTK_P00_00000100.vti,96x80x180,WallStage8eDnLimited,False,0,0,0,0,-0.05,0.0,,,,True,0,135160,1247240,,
100,/mnt/8A0E24070E23EAC1/runs/tclb_pre2025_sphere_stage8f_shadow_20260613/theta030_free_sphere_shadow/output/case_VTK_P00_00000100.vti,96x80x180,WallStage8eAbsCap,False,0,0,0,0,0.0,0.05,,,,True,0,135160,1247240,,
100,/mnt/8A0E24070E23EAC1/runs/tclb_pre2025_sphere_stage8f_shadow_20260613/theta030_free_sphere_shadow/output/case_VTK_P00_00000100.vti,96x80x180,WallStage8eRatioCap,False,0,0,0,0,0.0,0.06748880904990352,,,,True,0,135160,1247240,,
100,/mnt/8A0E24070E23EAC1/runs/tclb_pre2025_sphere_stage8f_shadow_20260613/theta030_free_sphere_shadow/output/case_VTK_P00_00000100.vti,96x80x180,WallStage8eEffectiveCap,False,0,0,0,0,0.0,0.05,,,,True,0,135160,1247240,,
100,/mnt/8A0E24070E23EAC1/runs/tclb_pre2025_sphere_stage8f_shadow_20260613/theta030_free_sphere_shadow/output/case_VTK_P00_00000100.vti,96x80x180,WallStage8eCapSource,False,0,0,0,0,0.0,2.0,,,,True,0,135160,1247240,,
100,/mnt/8A0E24070E23EAC1/runs/tclb_pre2025_sphere_stage8f_shadow_20260613/theta030_free_sphere_shadow/output/case_VTK_P00_00000100.vti,96x80x180,WallStage8eCapDemandRatio,False,0,0,0,0,0.0,54.55872408825297,,,,True,0,135160,1247240,,
100,/mnt/8A0E24070E23EAC1/runs/tclb_pre2025_sphere_stage8f_shadow_20260613/theta030_free_sphere_shadow/output/case_VTK_P00_00000100.vti,96x80x180,WallStage8eNormalRawAbs,False,0,0,0,0,0.0,0.13497761809980705,,,,True,0,135160,1247240,,
100,/mnt/8A0E24070E23EAC1/runs/tclb_pre2025_sphere_stage8f_shadow_20260613/theta030_free_sphere_shadow/output/case_VTK_P00_00000100.vti,96x80x180,WallStage8eTargetNormalAbs,False,0,0,0,0,0.0,0.5600638098023798,,,,True,0,135160,1247240,,
100,/mnt/8A0E24070E23EAC1/runs/tclb_pre2025_sphere_stage8f_shadow_20260613/theta030_free_sphere_shadow/output/case_VTK_P00_00000100.vti,96x80x180,WallStage8eTargetMinusRawAbs,False,0,0,0,0,0.0,0.47820534347933724,,,,True,0,135160,1247240,,
100,/mnt/8A0E24070E23EAC1/runs/tclb_pre2025_sphere_stage8f_shadow_20260613/theta030_free_sphere_shadow/output/case_VTK_P00_00000100.vti,96x80x180,WallStage8eSmoothWeightC,False,0,0,0,0,0.0,1.0,,,,True,0,135160,1247240,,
100,/mnt/8A0E24070E23EAC1/runs/tclb_pre2025_sphere_stage8f_shadow_20260613/theta030_free_sphere_shadow/output/case_VTK_P00_00000100.vti,96x80x180,WallStage8eSmoothWeightG,False,0,0,0,0,0.0,1.0,,,,True,0,135160,1247240,,
100,/mnt/8A0E24070E23EAC1/runs/tclb_pre2025_sphere_stage8f_shadow_20260613/theta030_free_sphere_shadow/output/case_VTK_P00_00000100.vti,96x80x180,WallStage8eSmoothWeightT,False,0,0,0,0,0.0,1.0,,,,True,0,135160,1247240,,
100,/mnt/8A0E24070E23EAC1/runs/tclb_pre2025_sphere_stage8f_shadow_20260613/theta030_free_sphere_shadow/output/case_VTK_P00_00000100.vti,96x80x180,WallStage8eSmoothWeightTotal,False,0,0,0,0,0.0,1.0,,,,True,0,135160,1247240,,
100,/mnt/8A0E24070E23EAC1/runs/tclb_pre2025_sphere_stage8f_shadow_20260613/theta030_free_sphere_shadow/output/case_VTK_P00_00000100.vti,96x80x180,WallStage8eTanCoeffTimesTangent,False,0,0,0,0,0.0,0.5600638098023798,,,,True,0,135160,1247240,,
100,/mnt/8A0E24070E23EAC1/runs/tclb_pre2025_sphere_stage8f_shadow_20260613/theta030_free_sphere_shadow/output/case_VTK_P00_00000100.vti,96x80x180,WallStage8eLimiterClass,False,0,0,0,0,-1.0,2.0,,,,True,0,135160,1247240,,
100,/mnt/8A0E24070E23EAC1/runs/tclb_pre2025_sphere_stage8f_shadow_20260613/theta030_free_sphere_shadow/output/case_VTK_P00_00000100.vti,96x80x180,WallStage8eWallProfileConflict,False,0,0,0,0,0.0,0.0,,,,True,0,135160,1247240,,
200,/mnt/8A0E24070E23EAC1/runs/tclb_pre2025_sphere_stage8f_shadow_20260613/theta030_free_sphere_shadow/output/case_VTK_P00_00000200.vti,96x80x180,PhaseField,False,0,0,0,0,1.219722136020381e-24,1.000006435541918,,,57816,True,0,135160,1247240,,
200,/mnt/8A0E24070E23EAC1/runs/tclb_pre2025_sphere_stage8f_shadow_20260613/theta030_free_sphere_shadow/output/case_VTK_P00_00000200.vti,96x80x180,U,False,0,0,0,0,-0.00011858524747767434,0.00011860262072662003,,,,True,0,135160,1247240,0.00013724139255469656,2.113014768707008e-06
200,/mnt/8A0E24070E23EAC1/runs/tclb_pre2025_sphere_stage8f_shadow_20260613/theta030_free_sphere_shadow/output/case_VTK_P00_00000200.vti,96x80x180,P,False,0,0,0,0,-4.763173418773504e-06,8.082559090508576e-06,,,,True,0,135160,1247240,,
200,/mnt/8A0E24070E23EAC1/runs/tclb_pre2025_sphere_stage8f_shadow_20260613/theta030_free_sphere_shadow/output/case_VTK_P00_00000200.vti,96x80x180,Rho,False,0,0,0,0,0.0,1.0000064291063762,,,,True,0,135160,1247240,,
200,/mnt/8A0E24070E23EAC1/runs/tclb_pre2025_sphere_stage8f_shadow_20260613/theta030_free_sphere_shadow/output/case_VTK_P00_00000200.vti,96x80x180,WallStage8GradMode,False,0,0,0,0,1.0,1.0,,,,True,0,135160,1247240,,
200,/mnt/8A0E24070E23EAC1/runs/tclb_pre2025_sphere_stage8f_shadow_20260613/theta030_free_sphere_shadow/output/case_VTK_P00_00000200.vti,96x80x180,WallStage8ActiveWeight,False,0,0,0,0,0.0,1.0,,,,True,0,135160,1247240,,
200,/mnt/8A0E24070E23EAC1/runs/tclb_pre2025_sphere_stage8f_shadow_20260613/theta030_free_sphere_shadow/output/case_VTK_P00_00000200.vti,96x80x180,WallStage8NormalGradRaw,False,0,0,0,0,-0.11790694792691513,2.561150583114044e-05,,,,True,0,135160,1247240,,
200,/mnt/8A0E24070E23EAC1/runs/tclb_pre2025_sphere_stage8f_shadow_20260613/theta030_free_sphere_shadow/output/case_VTK_P00_00000200.vti,96x80x180,WallStage8NormalGradTarget,False,0,0,0,0,-0.6696158485357047,7.420569172460967e-15,,,,True,0,135160,1247240,,
200,/mnt/8A0E24070E23EAC1/runs/tclb_pre2025_sphere_stage8f_shadow_20260613/theta030_free_sphere_shadow/output/case_VTK_P00_00000200.vti,96x80x180,WallStage8ContactResidual,False,0,0,0,0,0.0,0.9996745609957008,,,,True,0,135160,1247240,,
200,/mnt/8A0E24070E23EAC1/runs/tclb_pre2025_sphere_stage8f_shadow_20260613/theta030_free_sphere_shadow/output/case_VTK_P00_00000200.vti,96x80x180,WallStage8TangentGradMag,False,0,0,0,0,0.0,0.13016013688918904,,,,True,0,135160,1247240,,
200,/mnt/8A0E24070E23EAC1/runs/tclb_pre2025_sphere_stage8f_shadow_20260613/theta030_free_sphere_shadow/output/case_VTK_P00_00000200.vti,96x80x180,WallStage8TargetCos,False,0,0,0,0,-0.981627183447664,3.8285686989269494e-16,,,,True,0,135160,1247240,,
200,/mnt/8A0E24070E23EAC1/runs/tclb_pre2025_sphere_stage8f_shadow_20260613/theta030_free_sphere_shadow/output/case_VTK_P00_00000200.vti,96x80x180,WallStage8GradWriteDeltaMag,False,0,0,0,0,0.0,0.05,,,,True,0,135160,1247240,,
200,/mnt/8A0E24070E23EAC1/runs/tclb_pre2025_sphere_stage8f_shadow_20260613/theta030_free_sphere_shadow/output/case_VTK_P00_00000200.vti,96x80x180,WallStage8LimiterReason,False,0,0,0,0,0.0,128.0,,,,True,0,135160,1247240,,
200,/mnt/8A0E24070E23EAC1/runs/tclb_pre2025_sphere_stage8f_shadow_20260613/theta030_free_sphere_shadow/output/case_VTK_P00_00000200.vti,96x80x180,WallStage8LocalWallAngle,False,0,0,0,0,0.0,1.5707963267948966,,,,True,0,135160,1247240,,
200,/mnt/8A0E24070E23EAC1/runs/tclb_pre2025_sphere_stage8f_shadow_20260613/theta030_free_sphere_shadow/output/case_VTK_P00_00000200.vti,96x80x180,WallStage8FluidWallAngle,False,0,0,0,0,0.0,1.570796326794897,,,,True,0,135160,1247240,,
200,/mnt/8A0E24070E23EAC1/runs/tclb_pre2025_sphere_stage8f_shadow_20260613/theta030_free_sphere_shadow/output/case_VTK_P00_00000200.vti,96x80x180,WallStage8FluidWallDataCount,False,0,0,0,0,0.0,19.0,,,,True,0,135160,1247240,,
200,/mnt/8A0E24070E23EAC1/runs/tclb_pre2025_sphere_stage8f_shadow_20260613/theta030_free_sphere_shadow/output/case_VTK_P00_00000200.vti,96x80x180,WallStage8GradCandidateUse,False,0,0,0,0,0.0,1.0,,,,True,0,135160,1247240,,
200,/mnt/8A0E24070E23EAC1/runs/tclb_pre2025_sphere_stage8f_shadow_20260613/theta030_free_sphere_shadow/output/case_VTK_P00_00000200.vti,96x80x180,WallStage8NormalAgreement,False,0,0,0,0,0.0,1.0000000000000002,,,,True,0,135160,1247240,,
200,/mnt/8A0E24070E23EAC1/runs/tclb_pre2025_sphere_stage8f_shadow_20260613/theta030_free_sphere_shadow/output/case_VTK_P00_00000200.vti,96x80x180,WallStage8UsedGeomNormal,False,0,0,0,0,0.0,1.0,,,,True,0,135160,1247240,,
200,/mnt/8A0E24070E23EAC1/runs/tclb_pre2025_sphere_stage8f_shadow_20260613/theta030_free_sphere_shadow/output/case_VTK_P00_00000200.vti,96x80x180,WallStage8TanCoeffLocal,False,0,0,0,0,-1.7948968977776758e-09,5.144553966670899,,,,True,0,135160,1247240,,
200,/mnt/8A0E24070E23EAC1/runs/tclb_pre2025_sphere_stage8f_shadow_20260613/theta030_free_sphere_shadow/output/case_VTK_P00_00000200.vti,96x80x180,WallStage8ThetaLocal,False,0,0,0,0,0.0,1.570796326794897,,,,True,0,135160,1247240,,
200,/mnt/8A0E24070E23EAC1/runs/tclb_pre2025_sphere_stage8f_shadow_20260613/theta030_free_sphere_shadow/output/case_VTK_P00_00000200.vti,96x80x180,WallStage8PhaseC,False,0,0,0,0,0.0,0.9571857749098608,,,,True,0,135160,1247240,,
200,/mnt/8A0E24070E23EAC1/runs/tclb_pre2025_sphere_stage8f_shadow_20260613/theta030_free_sphere_shadow/output/case_VTK_P00_00000200.vti,96x80x180,WallStage8GradMagRaw,False,0,0,0,0,0.0,0.15890855218068758,,,,True,0,135160,1247240,,
200,/mnt/8A0E24070E23EAC1/runs/tclb_pre2025_sphere_stage8f_shadow_20260613/theta030_free_sphere_shadow/output/case_VTK_P00_00000200.vti,96x80x180,WallStage8TangentGradRaw,False,0,0,0,0,0.0,0.13016013688918904,,,,True,0,135160,1247240,,
200,/mnt/8A0E24070E23EAC1/runs/tclb_pre2025_sphere_stage8f_shadow_20260613/theta030_free_sphere_shadow/output/case_VTK_P00_00000200.vti,96x80x180,WallStage8TargetNormalGrad,False,0,0,0,0,-0.6696158485357047,7.420569172460967e-15,,,,True,0,135160,1247240,,
200,/mnt/8A0E24070E23EAC1/runs/tclb_pre2025_sphere_stage8f_shadow_20260613/theta030_free_sphere_shadow/output/case_VTK_P00_00000200.vti,96x80x180,WallStage8NormalDeltaRaw,False,0,0,0,0,-0.5852816790791204,0.0,,,,True,0,135160,1247240,,
200,/mnt/8A0E24070E23EAC1/runs/tclb_pre2025_sphere_stage8f_shadow_20260613/theta030_free_sphere_shadow/output/case_VTK_P00_00000200.vti,96x80x180,WallStage8NormalDeltaLimited,False,0,0,0,0,-0.05,0.0,,,,True,0,135160,1247240,,
200,/mnt/8A0E24070E23EAC1/runs/tclb_pre2025_sphere_stage8f_shadow_20260613/theta030_free_sphere_shadow/output/case_VTK_P00_00000200.vti,96x80x180,WallStage8VectorDeltaRawMag,False,0,0,0,0,0.0,0.5852816790785351,,,,True,0,135160,1247240,,
200,/mnt/8A0E24070E23EAC1/runs/tclb_pre2025_sphere_stage8f_shadow_20260613/theta030_free_sphere_shadow/output/case_VTK_P00_00000200.vti,96x80x180,WallStage8VectorDeltaLimitedMag,False,0,0,0,0,0.0,0.05,,,,True,0,135160,1247240,,
200,/mnt/8A0E24070E23EAC1/runs/tclb_pre2025_sphere_stage8f_shadow_20260613/theta030_free_sphere_shadow/output/case_VTK_P00_00000200.vti,96x80x180,WallStage8NormalLimiterHit,False,0,0,0,0,0.0,1.0,,,,True,0,135160,1247240,,
200,/mnt/8A0E24070E23EAC1/runs/tclb_pre2025_sphere_stage8f_shadow_20260613/theta030_free_sphere_shadow/output/case_VTK_P00_00000200.vti,96x80x180,WallStage8VectorLimiterHit,False,0,0,0,0,0.0,0.0,,,,True,0,135160,1247240,,
200,/mnt/8A0E24070E23EAC1/runs/tclb_pre2025_sphere_stage8f_shadow_20260613/theta030_free_sphere_shadow/output/case_VTK_P00_00000200.vti,96x80x180,WallStage8LimiterRatio,False,0,0,0,0,0.03914631553337669,1.0,,,,True,0,135160,1247240,,
200,/mnt/8A0E24070E23EAC1/runs/tclb_pre2025_sphere_stage8f_shadow_20260613/theta030_free_sphere_shadow/output/case_VTK_P00_00000200.vti,96x80x180,WallStage8RegionTag,False,0,0,0,0,0.0,4.0,,,,True,0,135160,1247240,,
200,/mnt/8A0E24070E23EAC1/runs/tclb_pre2025_sphere_stage8f_shadow_20260613/theta030_free_sphere_shadow/output/case_VTK_P00_00000200.vti,96x80x180,WallStage8SphereRadialDot,False,0,0,0,0,-0.9999853205622216,1.0000000000000002,,,,True,0,135160,1247240,,
200,/mnt/8A0E24070E23EAC1/runs/tclb_pre2025_sphere_stage8f_shadow_20260613/theta030_free_sphere_shadow/output/case_VTK_P00_00000200.vti,96x80x180,WallStage8ContactBandTag,False,0,0,0,0,0.0,7.0,,,,True,0,135160,1247240,,
200,/mnt/8A0E24070E23EAC1/runs/tclb_pre2025_sphere_stage8f_shadow_20260613/theta030_free_sphere_shadow/output/case_VTK_P00_00000200.vti,96x80x180,WallStage8eDnRaw,False,0,0,0,0,-0.5852816790791204,0.0,,,,True,0,135160,1247240,,
200,/mnt/8A0E24070E23EAC1/runs/tclb_pre2025_sphere_stage8f_shadow_20260613/theta030_free_sphere_shadow/output/case_VTK_P00_00000200.vti,96x80x180,WallStage8eDnTry,False,0,0,0,0,-0.5852816790785351,0.0,,,,True,0,135160,1247240,,
200,/mnt/8A0E24070E23EAC1/runs/tclb_pre2025_sphere_stage8f_shadow_20260613/theta030_free_sphere_shadow/output/case_VTK_P00_00000200.vti,96x80x180,WallStage8eDnLimited,False,0,0,0,0,-0.05,0.0,,,,True,0,135160,1247240,,
200,/mnt/8A0E24070E23EAC1/runs/tclb_pre2025_sphere_stage8f_shadow_20260613/theta030_free_sphere_shadow/output/case_VTK_P00_00000200.vti,96x80x180,WallStage8eAbsCap,False,0,0,0,0,0.0,0.05,,,,True,0,135160,1247240,,
200,/mnt/8A0E24070E23EAC1/runs/tclb_pre2025_sphere_stage8f_shadow_20260613/theta030_free_sphere_shadow/output/case_VTK_P00_00000200.vti,96x80x180,WallStage8eRatioCap,False,0,0,0,0,0.0,0.05895347396345756,,,,True,0,135160,1247240,,
200,/mnt/8A0E24070E23EAC1/runs/tclb_pre2025_sphere_stage8f_shadow_20260613/theta030_free_sphere_shadow/output/case_VTK_P00_00000200.vti,96x80x180,WallStage8eEffectiveCap,False,0,0,0,0,0.0,0.05,,,,True,0,135160,1247240,,
200,/mnt/8A0E24070E23EAC1/runs/tclb_pre2025_sphere_stage8f_shadow_20260613/theta030_free_sphere_shadow/output/case_VTK_P00_00000200.vti,96x80x180,WallStage8eCapSource,False,0,0,0,0,0.0,2.0,,,,True,0,135160,1247240,,
200,/mnt/8A0E24070E23EAC1/runs/tclb_pre2025_sphere_stage8f_shadow_20260613/theta030_free_sphere_shadow/output/case_VTK_P00_00000200.vti,96x80x180,WallStage8eCapDemandRatio,False,0,0,0,0,0.0,25.545188260371173,,,,True,0,135160,1247240,,
200,/mnt/8A0E24070E23EAC1/runs/tclb_pre2025_sphere_stage8f_shadow_20260613/theta030_free_sphere_shadow/output/case_VTK_P00_00000200.vti,96x80x180,WallStage8eNormalRawAbs,False,0,0,0,0,0.0,0.11790694792691513,,,,True,0,135160,1247240,,
200,/mnt/8A0E24070E23EAC1/runs/tclb_pre2025_sphere_stage8f_shadow_20260613/theta030_free_sphere_shadow/output/case_VTK_P00_00000200.vti,96x80x180,WallStage8eTargetNormalAbs,False,0,0,0,0,0.0,0.6696158485357047,,,,True,0,135160,1247240,,
200,/mnt/8A0E24070E23EAC1/runs/tclb_pre2025_sphere_stage8f_shadow_20260613/theta030_free_sphere_shadow/output/case_VTK_P00_00000200.vti,96x80x180,WallStage8eTargetMinusRawAbs,False,0,0,0,0,0.0,0.5852816790791204,,,,True,0,135160,1247240,,
200,/mnt/8A0E24070E23EAC1/runs/tclb_pre2025_sphere_stage8f_shadow_20260613/theta030_free_sphere_shadow/output/case_VTK_P00_00000200.vti,96x80x180,WallStage8eSmoothWeightC,False,0,0,0,0,0.0,1.0,,,,True,0,135160,1247240,,
200,/mnt/8A0E24070E23EAC1/runs/tclb_pre2025_sphere_stage8f_shadow_20260613/theta030_free_sphere_shadow/output/case_VTK_P00_00000200.vti,96x80x180,WallStage8eSmoothWeightG,False,0,0,0,0,0.0,1.0,,,,True,0,135160,1247240,,
200,/mnt/8A0E24070E23EAC1/runs/tclb_pre2025_sphere_stage8f_shadow_20260613/theta030_free_sphere_shadow/output/case_VTK_P00_00000200.vti,96x80x180,WallStage8eSmoothWeightT,False,0,0,0,0,0.0,1.0,,,,True,0,135160,1247240,,
200,/mnt/8A0E24070E23EAC1/runs/tclb_pre2025_sphere_stage8f_shadow_20260613/theta030_free_sphere_shadow/output/case_VTK_P00_00000200.vti,96x80x180,WallStage8eSmoothWeightTotal,False,0,0,0,0,0.0,1.0,,,,True,0,135160,1247240,,
200,/mnt/8A0E24070E23EAC1/runs/tclb_pre2025_sphere_stage8f_shadow_20260613/theta030_free_sphere_shadow/output/case_VTK_P00_00000200.vti,96x80x180,WallStage8eTanCoeffTimesTangent,False,0,0,0,0,0.0,0.6696158485357047,,,,True,0,135160,1247240,,
200,/mnt/8A0E24070E23EAC1/runs/tclb_pre2025_sphere_stage8f_shadow_20260613/theta030_free_sphere_shadow/output/case_VTK_P00_00000200.vti,96x80x180,WallStage8eLimiterClass,False,0,0,0,0,-1.0,2.0,,,,True,0,135160,1247240,,
200,/mnt/8A0E24070E23EAC1/runs/tclb_pre2025_sphere_stage8f_shadow_20260613/theta030_free_sphere_shadow/output/case_VTK_P00_00000200.vti,96x80x180,WallStage8eWallProfileConflict,False,0,0,0,0,0.0,0.0,,,,True,0,135160,1247240,,
300,/mnt/8A0E24070E23EAC1/runs/tclb_pre2025_sphere_stage8f_shadow_20260613/theta030_free_sphere_shadow/output/case_VTK_P00_00000300.vti,96x80x180,PhaseField,False,0,0,0,0,1.2886676866653491e-21,1.000001605619376,,,57840,True,0,135160,1247240,,
300,/mnt/8A0E24070E23EAC1/runs/tclb_pre2025_sphere_stage8f_shadow_20260613/theta030_free_sphere_shadow/output/case_VTK_P00_00000300.vti,96x80x180,U,False,0,0,0,0,-0.00013971889692710935,0.00013971732915416581,,,,True,0,135160,1247240,0.0001556898489864974,2.0326368635882214e-06
300,/mnt/8A0E24070E23EAC1/runs/tclb_pre2025_sphere_stage8f_shadow_20260613/theta030_free_sphere_shadow/output/case_VTK_P00_00000300.vti,96x80x180,P,False,0,0,0,0,-4.6551273820726425e-06,8.779203076104562e-06,,,,True,0,135160,1247240,,
300,/mnt/8A0E24070E23EAC1/runs/tclb_pre2025_sphere_stage8f_shadow_20260613/theta030_free_sphere_shadow/output/case_VTK_P00_00000300.vti,96x80x180,Rho,False,0,0,0,0,0.0,1.0000016040137565,,,,True,0,135160,1247240,,
300,/mnt/8A0E24070E23EAC1/runs/tclb_pre2025_sphere_stage8f_shadow_20260613/theta030_free_sphere_shadow/output/case_VTK_P00_00000300.vti,96x80x180,WallStage8GradMode,False,0,0,0,0,1.0,1.0,,,,True,0,135160,1247240,,
300,/mnt/8A0E24070E23EAC1/runs/tclb_pre2025_sphere_stage8f_shadow_20260613/theta030_free_sphere_shadow/output/case_VTK_P00_00000300.vti,96x80x180,WallStage8ActiveWeight,False,0,0,0,0,0.0,1.0,,,,True,0,135160,1247240,,
300,/mnt/8A0E24070E23EAC1/runs/tclb_pre2025_sphere_stage8f_shadow_20260613/theta030_free_sphere_shadow/output/case_VTK_P00_00000300.vti,96x80x180,WallStage8NormalGradRaw,False,0,0,0,0,-0.11597774275534391,2.54111191399834e-05,,,,True,0,135160,1247240,,
300,/mnt/8A0E24070E23EAC1/runs/tclb_pre2025_sphere_stage8f_shadow_20260613/theta030_free_sphere_shadow/output/case_VTK_P00_00000300.vti,96x80x180,WallStage8NormalGradTarget,False,0,0,0,0,-0.7185661602911485,7.400437182237843e-15,,,,True,0,135160,1247240,,
300,/mnt/8A0E24070E23EAC1/runs/tclb_pre2025_sphere_stage8f_shadow_20260613/theta030_free_sphere_shadow/output/case_VTK_P00_00000300.vti,96x80x180,WallStage8ContactResidual,False,0,0,0,0,0.0,0.9996697767873718,,,,True,0,135160,1247240,,
300,/mnt/8A0E24070E23EAC1/runs/tclb_pre2025_sphere_stage8f_shadow_20260613/theta030_free_sphere_shadow/output/case_VTK_P00_00000300.vti,96x80x180,WallStage8TangentGradMag,False,0,0,0,0,0.0,0.13967511371178035,,,,True,0,135160,1247240,,
300,/mnt/8A0E24070E23EAC1/runs/tclb_pre2025_sphere_stage8f_shadow_20260613/theta030_free_sphere_shadow/output/case_VTK_P00_00000300.vti,96x80x180,WallStage8TargetCos,False,0,0,0,0,-0.981627183447664,3.8285686989269494e-16,,,,True,0,135160,1247240,,
300,/mnt/8A0E24070E23EAC1/runs/tclb_pre2025_sphere_stage8f_shadow_20260613/theta030_free_sphere_shadow/output/case_VTK_P00_00000300.vti,96x80x180,WallStage8GradWriteDeltaMag,False,0,0,0,0,0.0,0.05,,,,True,0,135160,1247240,,
300,/mnt/8A0E24070E23EAC1/runs/tclb_pre2025_sphere_stage8f_shadow_20260613/theta030_free_sphere_shadow/output/case_VTK_P00_00000300.vti,96x80x180,WallStage8LimiterReason,False,0,0,0,0,0.0,128.0,,,,True,0,135160,1247240,,
300,/mnt/8A0E24070E23EAC1/runs/tclb_pre2025_sphere_stage8f_shadow_20260613/theta030_free_sphere_shadow/output/case_VTK_P00_00000300.vti,96x80x180,WallStage8LocalWallAngle,False,0,0,0,0,0.0,1.5707963267948966,,,,True,0,135160,1247240,,
300,/mnt/8A0E24070E23EAC1/runs/tclb_pre2025_sphere_stage8f_shadow_20260613/theta030_free_sphere_shadow/output/case_VTK_P00_00000300.vti,96x80x180,WallStage8FluidWallAngle,False,0,0,0,0,0.0,1.570796326794897,,,,True,0,135160,1247240,,
300,/mnt/8A0E24070E23EAC1/runs/tclb_pre2025_sphere_stage8f_shadow_20260613/theta030_free_sphere_shadow/output/case_VTK_P00_00000300.vti,96x80x180,WallStage8FluidWallDataCount,False,0,0,0,0,0.0,19.0,,,,True,0,135160,1247240,,
300,/mnt/8A0E24070E23EAC1/runs/tclb_pre2025_sphere_stage8f_shadow_20260613/theta030_free_sphere_shadow/output/case_VTK_P00_00000300.vti,96x80x180,WallStage8GradCandidateUse,False,0,0,0,0,0.0,1.0,,,,True,0,135160,1247240,,
300,/mnt/8A0E24070E23EAC1/runs/tclb_pre2025_sphere_stage8f_shadow_20260613/theta030_free_sphere_shadow/output/case_VTK_P00_00000300.vti,96x80x180,WallStage8NormalAgreement,False,0,0,0,0,0.0,1.0000000000000002,,,,True,0,135160,1247240,,
300,/mnt/8A0E24070E23EAC1/runs/tclb_pre2025_sphere_stage8f_shadow_20260613/theta030_free_sphere_shadow/output/case_VTK_P00_00000300.vti,96x80x180,WallStage8UsedGeomNormal,False,0,0,0,0,0.0,1.0,,,,True,0,135160,1247240,,
300,/mnt/8A0E24070E23EAC1/runs/tclb_pre2025_sphere_stage8f_shadow_20260613/theta030_free_sphere_shadow/output/case_VTK_P00_00000300.vti,96x80x180,WallStage8TanCoeffLocal,False,0,0,0,0,-1.7948968977776758e-09,5.144553966670899,,,,True,0,135160,1247240,,
300,/mnt/8A0E24070E23EAC1/runs/tclb_pre2025_sphere_stage8f_shadow_20260613/theta030_free_sphere_shadow/output/case_VTK_P00_00000300.vti,96x80x180,WallStage8ThetaLocal,False,0,0,0,0,0.0,1.570796326794897,,,,True,0,135160,1247240,,
300,/mnt/8A0E24070E23EAC1/runs/tclb_pre2025_sphere_stage8f_shadow_20260613/theta030_free_sphere_shadow/output/case_VTK_P00_00000300.vti,96x80x180,WallStage8PhaseC,False,0,0,0,0,0.0,0.972381508444623,,,,True,0,135160,1247240,,
300,/mnt/8A0E24070E23EAC1/runs/tclb_pre2025_sphere_stage8f_shadow_20260613/theta030_free_sphere_shadow/output/case_VTK_P00_00000300.vti,96x80x180,WallStage8GradMagRaw,False,0,0,0,0,0.0,0.16067748276591343,,,,True,0,135160,1247240,,
300,/mnt/8A0E24070E23EAC1/runs/tclb_pre2025_sphere_stage8f_shadow_20260613/theta030_free_sphere_shadow/output/case_VTK_P00_00000300.vti,96x80x180,WallStage8TangentGradRaw,False,0,0,0,0,0.0,0.13967511371178035,,,,True,0,135160,1247240,,
300,/mnt/8A0E24070E23EAC1/runs/tclb_pre2025_sphere_stage8f_shadow_20260613/theta030_free_sphere_shadow/output/case_VTK_P00_00000300.vti,96x80x180,WallStage8TargetNormalGrad,False,0,0,0,0,-0.7185661602911485,7.400437182237843e-15,,,,True,0,135160,1247240,,
300,/mnt/8A0E24070E23EAC1/runs/tclb_pre2025_sphere_stage8f_shadow_20260613/theta030_free_sphere_shadow/output/case_VTK_P00_00000300.vti,96x80x180,WallStage8NormalDeltaRaw,False,0,0,0,0,-0.6393086490947215,0.0,,,,True,0,135160,1247240,,
300,/mnt/8A0E24070E23EAC1/runs/tclb_pre2025_sphere_stage8f_shadow_20260613/theta030_free_sphere_shadow/output/case_VTK_P00_00000300.vti,96x80x180,WallStage8NormalDeltaLimited,False,0,0,0,0,-0.05,0.0,,,,True,0,135160,1247240,,
300,/mnt/8A0E24070E23EAC1/runs/tclb_pre2025_sphere_stage8f_shadow_20260613/theta030_free_sphere_shadow/output/case_VTK_P00_00000300.vti,96x80x180,WallStage8VectorDeltaRawMag,False,0,0,0,0,0.0,0.6393086490940821,,,,True,0,135160,1247240,,
300,/mnt/8A0E24070E23EAC1/runs/tclb_pre2025_sphere_stage8f_shadow_20260613/theta030_free_sphere_shadow/output/case_VTK_P00_00000300.vti,96x80x180,WallStage8VectorDeltaLimitedMag,False,0,0,0,0,0.0,0.05,,,,True,0,135160,1247240,,
300,/mnt/8A0E24070E23EAC1/runs/tclb_pre2025_sphere_stage8f_shadow_20260613/theta030_free_sphere_shadow/output/case_VTK_P00_00000300.vti,96x80x180,WallStage8NormalLimiterHit,False,0,0,0,0,0.0,1.0,,,,True,0,135160,1247240,,
300,/mnt/8A0E24070E23EAC1/runs/tclb_pre2025_sphere_stage8f_shadow_20260613/theta030_free_sphere_shadow/output/case_VTK_P00_00000300.vti,96x80x180,WallStage8VectorLimiterHit,False,0,0,0,0,0.0,0.0,,,,True,0,135160,1247240,,
300,/mnt/8A0E24070E23EAC1/runs/tclb_pre2025_sphere_stage8f_shadow_20260613/theta030_free_sphere_shadow/output/case_VTK_P00_00000300.vti,96x80x180,WallStage8LimiterRatio,False,0,0,0,0,0.0357382117283925,1.0,,,,True,0,135160,1247240,,
300,/mnt/8A0E24070E23EAC1/runs/tclb_pre2025_sphere_stage8f_shadow_20260613/theta030_free_sphere_shadow/output/case_VTK_P00_00000300.vti,96x80x180,WallStage8RegionTag,False,0,0,0,0,0.0,4.0,,,,True,0,135160,1247240,,
300,/mnt/8A0E24070E23EAC1/runs/tclb_pre2025_sphere_stage8f_shadow_20260613/theta030_free_sphere_shadow/output/case_VTK_P00_00000300.vti,96x80x180,WallStage8SphereRadialDot,False,0,0,0,0,-0.9999853205622216,1.0000000000000002,,,,True,0,135160,1247240,,
300,/mnt/8A0E24070E23EAC1/runs/tclb_pre2025_sphere_stage8f_shadow_20260613/theta030_free_sphere_shadow/output/case_VTK_P00_00000300.vti,96x80x180,WallStage8ContactBandTag,False,0,0,0,0,0.0,7.0,,,,True,0,135160,1247240,,
300,/mnt/8A0E24070E23EAC1/runs/tclb_pre2025_sphere_stage8f_shadow_20260613/theta030_free_sphere_shadow/output/case_VTK_P00_00000300.vti,96x80x180,WallStage8eDnRaw,False,0,0,0,0,-0.6393086490947215,0.0,,,,True,0,135160,1247240,,
300,/mnt/8A0E24070E23EAC1/runs/tclb_pre2025_sphere_stage8f_shadow_20260613/theta030_free_sphere_shadow/output/case_VTK_P00_00000300.vti,96x80x180,WallStage8eDnTry,False,0,0,0,0,-0.6393086490940821,0.0,,,,True,0,135160,1247240,,
300,/mnt/8A0E24070E23EAC1/runs/tclb_pre2025_sphere_stage8f_shadow_20260613/theta030_free_sphere_shadow/output/case_VTK_P00_00000300.vti,96x80x180,WallStage8eDnLimited,False,0,0,0,0,-0.05,0.0,,,,True,0,135160,1247240,,
300,/mnt/8A0E24070E23EAC1/runs/tclb_pre2025_sphere_stage8f_shadow_20260613/theta030_free_sphere_shadow/output/case_VTK_P00_00000300.vti,96x80x180,WallStage8eAbsCap,False,0,0,0,0,0.0,0.05,,,,True,0,135160,1247240,,
300,/mnt/8A0E24070E23EAC1/runs/tclb_pre2025_sphere_stage8f_shadow_20260613/theta030_free_sphere_shadow/output/case_VTK_P00_00000300.vti,96x80x180,WallStage8eRatioCap,False,0,0,0,0,0.0,0.057988871377671954,,,,True,0,135160,1247240,,
300,/mnt/8A0E24070E23EAC1/runs/tclb_pre2025_sphere_stage8f_shadow_20260613/theta030_free_sphere_shadow/output/case_VTK_P00_00000300.vti,96x80x180,WallStage8eEffectiveCap,False,0,0,0,0,0.0,0.05,,,,True,0,135160,1247240,,
300,/mnt/8A0E24070E23EAC1/runs/tclb_pre2025_sphere_stage8f_shadow_20260613/theta030_free_sphere_shadow/output/case_VTK_P00_00000300.vti,96x80x180,WallStage8eCapSource,False,0,0,0,0,0.0,2.0,,,,True,0,135160,1247240,,
300,/mnt/8A0E24070E23EAC1/runs/tclb_pre2025_sphere_stage8f_shadow_20260613/theta030_free_sphere_shadow/output/case_VTK_P00_00000300.vti,96x80x180,WallStage8eCapDemandRatio,False,0,0,0,0,0.0,27.981254563040775,,,,True,0,135160,1247240,,
300,/mnt/8A0E24070E23EAC1/runs/tclb_pre2025_sphere_stage8f_shadow_20260613/theta030_free_sphere_shadow/output/case_VTK_P00_00000300.vti,96x80x180,WallStage8eNormalRawAbs,False,0,0,0,0,0.0,0.11597774275534391,,,,True,0,135160,1247240,,
300,/mnt/8A0E24070E23EAC1/runs/tclb_pre2025_sphere_stage8f_shadow_20260613/theta030_free_sphere_shadow/output/case_VTK_P00_00000300.vti,96x80x180,WallStage8eTargetNormalAbs,False,0,0,0,0,0.0,0.7185661602911485,,,,True,0,135160,1247240,,
300,/mnt/8A0E24070E23EAC1/runs/tclb_pre2025_sphere_stage8f_shadow_20260613/theta030_free_sphere_shadow/output/case_VTK_P00_00000300.vti,96x80x180,WallStage8eTargetMinusRawAbs,False,0,0,0,0,0.0,0.6393086490947215,,,,True,0,135160,1247240,,
300,/mnt/8A0E24070E23EAC1/runs/tclb_pre2025_sphere_stage8f_shadow_20260613/theta030_free_sphere_shadow/output/case_VTK_P00_00000300.vti,96x80x180,WallStage8eSmoothWeightC,False,0,0,0,0,0.0,1.0,,,,True,0,135160,1247240,,
300,/mnt/8A0E24070E23EAC1/runs/tclb_pre2025_sphere_stage8f_shadow_20260613/theta030_free_sphere_shadow/output/case_VTK_P00_00000300.vti,96x80x180,WallStage8eSmoothWeightG,False,0,0,0,0,0.0,1.0,,,,True,0,135160,1247240,,
300,/mnt/8A0E24070E23EAC1/runs/tclb_pre2025_sphere_stage8f_shadow_20260613/theta030_free_sphere_shadow/output/case_VTK_P00_00000300.vti,96x80x180,WallStage8eSmoothWeightT,False,0,0,0,0,0.0,1.0,,,,True,0,135160,1247240,,
300,/mnt/8A0E24070E23EAC1/runs/tclb_pre2025_sphere_stage8f_shadow_20260613/theta030_free_sphere_shadow/output/case_VTK_P00_00000300.vti,96x80x180,WallStage8eSmoothWeightTotal,False,0,0,0,0,0.0,1.0,,,,True,0,135160,1247240,,
300,/mnt/8A0E24070E23EAC1/runs/tclb_pre2025_sphere_stage8f_shadow_20260613/theta030_free_sphere_shadow/output/case_VTK_P00_00000300.vti,96x80x180,WallStage8eTanCoeffTimesTangent,False,0,0,0,0,0.0,0.7185661602911485,,,,True,0,135160,1247240,,
300,/mnt/8A0E24070E23EAC1/runs/tclb_pre2025_sphere_stage8f_shadow_20260613/theta030_free_sphere_shadow/output/case_VTK_P00_00000300.vti,96x80x180,WallStage8eLimiterClass,False,0,0,0,0,-1.0,2.0,,,,True,0,135160,1247240,,
300,/mnt/8A0E24070E23EAC1/runs/tclb_pre2025_sphere_stage8f_shadow_20260613/theta030_free_sphere_shadow/output/case_VTK_P00_00000300.vti,96x80x180,WallStage8eWallProfileConflict,False,0,0,0,0,0.0,0.0,,,,True,0,135160,1247240,,
400,/mnt/8A0E24070E23EAC1/runs/tclb_pre2025_sphere_stage8f_shadow_20260613/theta030_free_sphere_shadow/output/case_VTK_P00_00000400.vti,96x80x180,PhaseField,False,0,0,0,0,1.2645335094448865e-19,1.0,,,57836,True,0,135160,1247240,,
400,/mnt/8A0E24070E23EAC1/runs/tclb_pre2025_sphere_stage8f_shadow_20260613/theta030_free_sphere_shadow/output/case_VTK_P00_00000400.vti,96x80x180,U,False,0,0,0,0,-0.00014590356069501192,0.00014590426993294547,,,,True,0,135160,1247240,0.0001618853497823725,2.289776606598002e-06
400,/mnt/8A0E24070E23EAC1/runs/tclb_pre2025_sphere_stage8f_shadow_20260613/theta030_free_sphere_shadow/output/case_VTK_P00_00000400.vti,96x80x180,P,False,0,0,0,0,-4.669564478006068e-06,3.761454750925821e-06,,,,True,0,135160,1247240,,
400,/mnt/8A0E24070E23EAC1/runs/tclb_pre2025_sphere_stage8f_shadow_20260613/theta030_free_sphere_shadow/output/case_VTK_P00_00000400.vti,96x80x180,Rho,False,0,0,0,0,0.0,0.9999898128730839,,,,True,0,135160,1247240,,
400,/mnt/8A0E24070E23EAC1/runs/tclb_pre2025_sphere_stage8f_shadow_20260613/theta030_free_sphere_shadow/output/case_VTK_P00_00000400.vti,96x80x180,WallStage8GradMode,False,0,0,0,0,1.0,1.0,,,,True,0,135160,1247240,,
400,/mnt/8A0E24070E23EAC1/runs/tclb_pre2025_sphere_stage8f_shadow_20260613/theta030_free_sphere_shadow/output/case_VTK_P00_00000400.vti,96x80x180,WallStage8ActiveWeight,False,0,0,0,0,0.0,1.0,,,,True,0,135160,1247240,,
400,/mnt/8A0E24070E23EAC1/runs/tclb_pre2025_sphere_stage8f_shadow_20260613/theta030_free_sphere_shadow/output/case_VTK_P00_00000400.vti,96x80x180,WallStage8NormalGradRaw,False,0,0,0,0,-0.11713751344106459,2.5392171928156472e-05,,,,True,0,135160,1247240,,
400,/mnt/8A0E24070E23EAC1/runs/tclb_pre2025_sphere_stage8f_shadow_20260613/theta030_free_sphere_shadow/output/case_VTK_P00_00000400.vti,96x80x180,WallStage8NormalGradTarget,False,0,0,0,0,-0.7351736733683207,7.403060396012707e-15,,,,True,0,135160,1247240,,
400,/mnt/8A0E24070E23EAC1/runs/tclb_pre2025_sphere_stage8f_shadow_20260613/theta030_free_sphere_shadow/output/case_VTK_P00_00000400.vti,96x80x180,WallStage8ContactResidual,False,0,0,0,0,0.0,0.9996689674598206,,,,True,0,135160,1247240,,
400,/mnt/8A0E24070E23EAC1/runs/tclb_pre2025_sphere_stage8f_shadow_20260613/theta030_free_sphere_shadow/output/case_VTK_P00_00000400.vti,96x80x180,WallStage8TangentGradMag,False,0,0,0,0,0.0,0.14290328726866486,,,,True,0,135160,1247240,,
400,/mnt/8A0E24070E23EAC1/runs/tclb_pre2025_sphere_stage8f_shadow_20260613/theta030_free_sphere_shadow/output/case_VTK_P00_00000400.vti,96x80x180,WallStage8TargetCos,False,0,0,0,0,-0.981627183447664,3.8285686989269494e-16,,,,True,0,135160,1247240,,
400,/mnt/8A0E24070E23EAC1/runs/tclb_pre2025_sphere_stage8f_shadow_20260613/theta030_free_sphere_shadow/output/case_VTK_P00_00000400.vti,96x80x180,WallStage8GradWriteDeltaMag,False,0,0,0,0,0.0,0.05,,,,True,0,135160,1247240,,
400,/mnt/8A0E24070E23EAC1/runs/tclb_pre2025_sphere_stage8f_shadow_20260613/theta030_free_sphere_shadow/output/case_VTK_P00_00000400.vti,96x80x180,WallStage8LimiterReason,False,0,0,0,0,0.0,128.0,,,,True,0,135160,1247240,,
400,/mnt/8A0E24070E23EAC1/runs/tclb_pre2025_sphere_stage8f_shadow_20260613/theta030_free_sphere_shadow/output/case_VTK_P00_00000400.vti,96x80x180,WallStage8LocalWallAngle,False,0,0,0,0,0.0,1.5707963267948966,,,,True,0,135160,1247240,,
400,/mnt/8A0E24070E23EAC1/runs/tclb_pre2025_sphere_stage8f_shadow_20260613/theta030_free_sphere_shadow/output/case_VTK_P00_00000400.vti,96x80x180,WallStage8FluidWallAngle,False,0,0,0,0,0.0,1.570796326794897,,,,True,0,135160,1247240,,
400,/mnt/8A0E24070E23EAC1/runs/tclb_pre2025_sphere_stage8f_shadow_20260613/theta030_free_sphere_shadow/output/case_VTK_P00_00000400.vti,96x80x180,WallStage8FluidWallDataCount,False,0,0,0,0,0.0,19.0,,,,True,0,135160,1247240,,
400,/mnt/8A0E24070E23EAC1/runs/tclb_pre2025_sphere_stage8f_shadow_20260613/theta030_free_sphere_shadow/output/case_VTK_P00_00000400.vti,96x80x180,WallStage8GradCandidateUse,False,0,0,0,0,0.0,1.0,,,,True,0,135160,1247240,,
400,/mnt/8A0E24070E23EAC1/runs/tclb_pre2025_sphere_stage8f_shadow_20260613/theta030_free_sphere_shadow/output/case_VTK_P00_00000400.vti,96x80x180,WallStage8NormalAgreement,False,0,0,0,0,0.0,1.0000000000000002,,,,True,0,135160,1247240,,
400,/mnt/8A0E24070E23EAC1/runs/tclb_pre2025_sphere_stage8f_shadow_20260613/theta030_free_sphere_shadow/output/case_VTK_P00_00000400.vti,96x80x180,WallStage8UsedGeomNormal,False,0,0,0,0,0.0,1.0,,,,True,0,135160,1247240,,
400,/mnt/8A0E24070E23EAC1/runs/tclb_pre2025_sphere_stage8f_shadow_20260613/theta030_free_sphere_shadow/output/case_VTK_P00_00000400.vti,96x80x180,WallStage8TanCoeffLocal,False,0,0,0,0,-1.7948968977776758e-09,5.144553966670899,,,,True,0,135160,1247240,,
400,/mnt/8A0E24070E23EAC1/runs/tclb_pre2025_sphere_stage8f_shadow_20260613/theta030_free_sphere_shadow/output/case_VTK_P00_00000400.vti,96x80x180,WallStage8ThetaLocal,False,0,0,0,0,0.0,1.570796326794897,,,,True,0,135160,1247240,,
400,/mnt/8A0E24070E23EAC1/runs/tclb_pre2025_sphere_stage8f_shadow_20260613/theta030_free_sphere_shadow/output/case_VTK_P00_00000400.vti,96x80x180,WallStage8PhaseC,False,0,0,0,0,0.0,0.9787226036705059,,,,True,0,135160,1247240,,
400,/mnt/8A0E24070E23EAC1/runs/tclb_pre2025_sphere_stage8f_shadow_20260613/theta030_free_sphere_shadow/output/case_VTK_P00_00000400.vti,96x80x180,WallStage8GradMagRaw,False,0,0,0,0,0.0,0.1643055814372028,,,,True,0,135160,1247240,,
400,/mnt/8A0E24070E23EAC1/runs/tclb_pre2025_sphere_stage8f_shadow_20260613/theta030_free_sphere_shadow/output/case_VTK_P00_00000400.vti,96x80x180,WallStage8TangentGradRaw,False,0,0,0,0,0.0,0.14290328726866486,,,,True,0,135160,1247240,,
400,/mnt/8A0E24070E23EAC1/runs/tclb_pre2025_sphere_stage8f_shadow_20260613/theta030_free_sphere_shadow/output/case_VTK_P00_00000400.vti,96x80x180,WallStage8TargetNormalGrad,False,0,0,0,0,-0.7351736733683207,7.403060396012707e-15,,,,True,0,135160,1247240,,
400,/mnt/8A0E24070E23EAC1/runs/tclb_pre2025_sphere_stage8f_shadow_20260613/theta030_free_sphere_shadow/output/case_VTK_P00_00000400.vti,96x80x180,WallStage8NormalDeltaRaw,False,0,0,0,0,-0.6600097974281706,0.0,,,,True,0,135160,1247240,,
400,/mnt/8A0E24070E23EAC1/runs/tclb_pre2025_sphere_stage8f_shadow_20260613/theta030_free_sphere_shadow/output/case_VTK_P00_00000400.vti,96x80x180,WallStage8NormalDeltaLimited,False,0,0,0,0,-0.05,0.0,,,,True,0,135160,1247240,,
400,/mnt/8A0E24070E23EAC1/runs/tclb_pre2025_sphere_stage8f_shadow_20260613/theta030_free_sphere_shadow/output/case_VTK_P00_00000400.vti,96x80x180,WallStage8VectorDeltaRawMag,False,0,0,0,0,0.0,0.6600097974275105,,,,True,0,135160,1247240,,
400,/mnt/8A0E24070E23EAC1/runs/tclb_pre2025_sphere_stage8f_shadow_20260613/theta030_free_sphere_shadow/output/case_VTK_P00_00000400.vti,96x80x180,WallStage8VectorDeltaLimitedMag,False,0,0,0,0,0.0,0.05,,,,True,0,135160,1247240,,
400,/mnt/8A0E24070E23EAC1/runs/tclb_pre2025_sphere_stage8f_shadow_20260613/theta030_free_sphere_shadow/output/case_VTK_P00_00000400.vti,96x80x180,WallStage8NormalLimiterHit,False,0,0,0,0,0.0,1.0,,,,True,0,135160,1247240,,
400,/mnt/8A0E24070E23EAC1/runs/tclb_pre2025_sphere_stage8f_shadow_20260613/theta030_free_sphere_shadow/output/case_VTK_P00_00000400.vti,96x80x180,WallStage8VectorLimiterHit,False,0,0,0,0,0.0,0.0,,,,True,0,135160,1247240,,
400,/mnt/8A0E24070E23EAC1/runs/tclb_pre2025_sphere_stage8f_shadow_20260613/theta030_free_sphere_shadow/output/case_VTK_P00_00000400.vti,96x80x180,WallStage8LimiterRatio,False,0,0,0,0,0.03466809602360269,1.0,,,,True,0,135160,1247240,,
400,/mnt/8A0E24070E23EAC1/runs/tclb_pre2025_sphere_stage8f_shadow_20260613/theta030_free_sphere_shadow/output/case_VTK_P00_00000400.vti,96x80x180,WallStage8RegionTag,False,0,0,0,0,0.0,4.0,,,,True,0,135160,1247240,,
400,/mnt/8A0E24070E23EAC1/runs/tclb_pre2025_sphere_stage8f_shadow_20260613/theta030_free_sphere_shadow/output/case_VTK_P00_00000400.vti,96x80x180,WallStage8SphereRadialDot,False,0,0,0,0,-0.9999853205622216,1.0000000000000002,,,,True,0,135160,1247240,,
400,/mnt/8A0E24070E23EAC1/runs/tclb_pre2025_sphere_stage8f_shadow_20260613/theta030_free_sphere_shadow/output/case_VTK_P00_00000400.vti,96x80x180,WallStage8ContactBandTag,False,0,0,0,0,0.0,7.0,,,,True,0,135160,1247240,,
400,/mnt/8A0E24070E23EAC1/runs/tclb_pre2025_sphere_stage8f_shadow_20260613/theta030_free_sphere_shadow/output/case_VTK_P00_00000400.vti,96x80x180,WallStage8eDnRaw,False,0,0,0,0,-0.6600097974281706,0.0,,,,True,0,135160,1247240,,
400,/mnt/8A0E24070E23EAC1/runs/tclb_pre2025_sphere_stage8f_shadow_20260613/theta030_free_sphere_shadow/output/case_VTK_P00_00000400.vti,96x80x180,WallStage8eDnTry,False,0,0,0,0,-0.6600097974275105,0.0,,,,True,0,135160,1247240,,
400,/mnt/8A0E24070E23EAC1/runs/tclb_pre2025_sphere_stage8f_shadow_20260613/theta030_free_sphere_shadow/output/case_VTK_P00_00000400.vti,96x80x180,WallStage8eDnLimited,False,0,0,0,0,-0.05,0.0,,,,True,0,135160,1247240,,
400,/mnt/8A0E24070E23EAC1/runs/tclb_pre2025_sphere_stage8f_shadow_20260613/theta030_free_sphere_shadow/output/case_VTK_P00_00000400.vti,96x80x180,WallStage8eAbsCap,False,0,0,0,0,0.0,0.05,,,,True,0,135160,1247240,,
400,/mnt/8A0E24070E23EAC1/runs/tclb_pre2025_sphere_stage8f_shadow_20260613/theta030_free_sphere_shadow/output/case_VTK_P00_00000400.vti,96x80x180,WallStage8eRatioCap,False,0,0,0,0,0.0,0.05856875672053229,,,,True,0,135160,1247240,,
400,/mnt/8A0E24070E23EAC1/runs/tclb_pre2025_sphere_stage8f_shadow_20260613/theta030_free_sphere_shadow/output/case_VTK_P00_00000400.vti,96x80x180,WallStage8eEffectiveCap,False,0,0,0,0,0.0,0.05,,,,True,0,135160,1247240,,
400,/mnt/8A0E24070E23EAC1/runs/tclb_pre2025_sphere_stage8f_shadow_20260613/theta030_free_sphere_shadow/output/case_VTK_P00_00000400.vti,96x80x180,WallStage8eCapSource,False,0,0,0,0,0.0,2.0,,,,True,0,135160,1247240,,
400,/mnt/8A0E24070E23EAC1/runs/tclb_pre2025_sphere_stage8f_shadow_20260613/theta030_free_sphere_shadow/output/case_VTK_P00_00000400.vti,96x80x180,WallStage8eCapDemandRatio,False,0,0,0,0,0.0,28.844964526438982,,,,True,0,135160,1247240,,
400,/mnt/8A0E24070E23EAC1/runs/tclb_pre2025_sphere_stage8f_shadow_20260613/theta030_free_sphere_shadow/output/case_VTK_P00_00000400.vti,96x80x180,WallStage8eNormalRawAbs,False,0,0,0,0,0.0,0.11713751344106459,,,,True,0,135160,1247240,,
400,/mnt/8A0E24070E23EAC1/runs/tclb_pre2025_sphere_stage8f_shadow_20260613/theta030_free_sphere_shadow/output/case_VTK_P00_00000400.vti,96x80x180,WallStage8eTargetNormalAbs,False,0,0,0,0,0.0,0.7351736733683207,,,,True,0,135160,1247240,,
400,/mnt/8A0E24070E23EAC1/runs/tclb_pre2025_sphere_stage8f_shadow_20260613/theta030_free_sphere_shadow/output/case_VTK_P00_00000400.vti,96x80x180,WallStage8eTargetMinusRawAbs,False,0,0,0,0,0.0,0.6600097974281706,,,,True,0,135160,1247240,,
400,/mnt/8A0E24070E23EAC1/runs/tclb_pre2025_sphere_stage8f_shadow_20260613/theta030_free_sphere_shadow/output/case_VTK_P00_00000400.vti,96x80x180,WallStage8eSmoothWeightC,False,0,0,0,0,0.0,1.0,,,,True,0,135160,1247240,,
400,/mnt/8A0E24070E23EAC1/runs/tclb_pre2025_sphere_stage8f_shadow_20260613/theta030_free_sphere_shadow/output/case_VTK_P00_00000400.vti,96x80x180,WallStage8eSmoothWeightG,False,0,0,0,0,0.0,1.0,,,,True,0,135160,1247240,,
400,/mnt/8A0E24070E23EAC1/runs/tclb_pre2025_sphere_stage8f_shadow_20260613/theta030_free_sphere_shadow/output/case_VTK_P00_00000400.vti,96x80x180,WallStage8eSmoothWeightT,False,0,0,0,0,0.0,1.0,,,,True,0,135160,1247240,,
400,/mnt/8A0E24070E23EAC1/runs/tclb_pre2025_sphere_stage8f_shadow_20260613/theta030_free_sphere_shadow/output/case_VTK_P00_00000400.vti,96x80x180,WallStage8eSmoothWeightTotal,False,0,0,0,0,0.0,1.0,,,,True,0,135160,1247240,,
400,/mnt/8A0E24070E23EAC1/runs/tclb_pre2025_sphere_stage8f_shadow_20260613/theta030_free_sphere_shadow/output/case_VTK_P00_00000400.vti,96x80x180,WallStage8eTanCoeffTimesTangent,False,0,0,0,0,0.0,0.7351736733683207,,,,True,0,135160,1247240,,
400,/mnt/8A0E24070E23EAC1/runs/tclb_pre2025_sphere_stage8f_shadow_20260613/theta030_free_sphere_shadow/output/case_VTK_P00_00000400.vti,96x80x180,WallStage8eLimiterClass,False,0,0,0,0,-1.0,2.0,,,,True,0,135160,1247240,,
400,/mnt/8A0E24070E23EAC1/runs/tclb_pre2025_sphere_stage8f_shadow_20260613/theta030_free_sphere_shadow/output/case_VTK_P00_00000400.vti,96x80x180,WallStage8eWallProfileConflict,False,0,0,0,0,0.0,0.0,,,,True,0,135160,1247240,,
500,/mnt/8A0E24070E23EAC1/runs/tclb_pre2025_sphere_stage8f_shadow_20260613/theta030_free_sphere_shadow/output/case_VTK_P00_00000500.vti,96x80x180,PhaseField,False,0,0,0,0,5.8141560356087115e-18,1.0,,,57860,True,0,135160,1247240,,
500,/mnt/8A0E24070E23EAC1/runs/tclb_pre2025_sphere_stage8f_shadow_20260613/theta030_free_sphere_shadow/output/case_VTK_P00_00000500.vti,96x80x180,U,False,0,0,0,0,-0.00014705417215322967,0.00014705417215322972,,,,True,0,135160,1247240,0.00016430288272426048,2.6829962207817363e-06
500,/mnt/8A0E24070E23EAC1/runs/tclb_pre2025_sphere_stage8f_shadow_20260613/theta030_free_sphere_shadow/output/case_VTK_P00_00000500.vti,96x80x180,P,False,0,0,0,0,-4.659470293530929e-06,3.440659474860675e-06,,,,True,0,135160,1247240,,
500,/mnt/8A0E24070E23EAC1/runs/tclb_pre2025_sphere_stage8f_shadow_20260613/theta030_free_sphere_shadow/output/case_VTK_P00_00000500.vti,96x80x180,Rho,False,0,0,0,0,0.0,0.9999904938851892,,,,True,0,135160,1247240,,
500,/mnt/8A0E24070E23EAC1/runs/tclb_pre2025_sphere_stage8f_shadow_20260613/theta030_free_sphere_shadow/output/case_VTK_P00_00000500.vti,96x80x180,WallStage8GradMode,False,0,0,0,0,1.0,1.0,,,,True,0,135160,1247240,,
500,/mnt/8A0E24070E23EAC1/runs/tclb_pre2025_sphere_stage8f_shadow_20260613/theta030_free_sphere_shadow/output/case_VTK_P00_00000500.vti,96x80x180,WallStage8ActiveWeight,False,0,0,0,0,0.0,1.0,,,,True,0,135160,1247240,,
500,/mnt/8A0E24070E23EAC1/runs/tclb_pre2025_sphere_stage8f_shadow_20260613/theta030_free_sphere_shadow/output/case_VTK_P00_00000500.vti,96x80x180,WallStage8NormalGradRaw,False,0,0,0,0,-0.11891219851541036,2.5390268280945486e-05,,,,True,0,135160,1247240,,
500,/mnt/8A0E24070E23EAC1/runs/tclb_pre2025_sphere_stage8f_shadow_20260613/theta030_free_sphere_shadow/output/case_VTK_P00_00000500.vti,96x80x180,WallStage8NormalGradTarget,False,0,0,0,0,-0.7446909456081248,7.404182472259406e-15,,,,True,0,135160,1247240,,
500,/mnt/8A0E24070E23EAC1/runs/tclb_pre2025_sphere_stage8f_shadow_20260613/theta030_free_sphere_shadow/output/case_VTK_P00_00000500.vti,96x80x180,WallStage8ContactResidual,False,0,0,0,0,0.0,0.9996690277630674,,,,True,0,135160,1247240,,
500,/mnt/8A0E24070E23EAC1/runs/tclb_pre2025_sphere_stage8f_shadow_20260613/theta030_free_sphere_shadow/output/case_VTK_P00_00000500.vti,96x80x180,WallStage8TangentGradMag,False,0,0,0,0,0.0,0.14475325760651375,,,,True,0,135160,1247240,,
500,/mnt/8A0E24070E23EAC1/runs/tclb_pre2025_sphere_stage8f_shadow_20260613/theta030_free_sphere_shadow/output/case_VTK_P00_00000500.vti,96x80x180,WallStage8TargetCos,False,0,0,0,0,-0.981627183447664,3.8285686989269494e-16,,,,True,0,135160,1247240,,
500,/mnt/8A0E24070E23EAC1/runs/tclb_pre2025_sphere_stage8f_shadow_20260613/theta030_free_sphere_shadow/output/case_VTK_P00_00000500.vti,96x80x180,WallStage8GradWriteDeltaMag,False,0,0,0,0,0.0,0.05,,,,True,0,135160,1247240,,
500,/mnt/8A0E24070E23EAC1/runs/tclb_pre2025_sphere_stage8f_shadow_20260613/theta030_free_sphere_shadow/output/case_VTK_P00_00000500.vti,96x80x180,WallStage8LimiterReason,False,0,0,0,0,0.0,128.0,,,,True,0,135160,1247240,,
500,/mnt/8A0E24070E23EAC1/runs/tclb_pre2025_sphere_stage8f_shadow_20260613/theta030_free_sphere_shadow/output/case_VTK_P00_00000500.vti,96x80x180,WallStage8LocalWallAngle,False,0,0,0,0,0.0,1.5707963267948966,,,,True,0,135160,1247240,,
500,/mnt/8A0E24070E23EAC1/runs/tclb_pre2025_sphere_stage8f_shadow_20260613/theta030_free_sphere_shadow/output/case_VTK_P00_00000500.vti,96x80x180,WallStage8FluidWallAngle,False,0,0,0,0,0.0,1.570796326794897,,,,True,0,135160,1247240,,
500,/mnt/8A0E24070E23EAC1/runs/tclb_pre2025_sphere_stage8f_shadow_20260613/theta030_free_sphere_shadow/output/case_VTK_P00_00000500.vti,96x80x180,WallStage8FluidWallDataCount,False,0,0,0,0,0.0,19.0,,,,True,0,135160,1247240,,
500,/mnt/8A0E24070E23EAC1/runs/tclb_pre2025_sphere_stage8f_shadow_20260613/theta030_free_sphere_shadow/output/case_VTK_P00_00000500.vti,96x80x180,WallStage8GradCandidateUse,False,0,0,0,0,0.0,1.0,,,,True,0,135160,1247240,,
500,/mnt/8A0E24070E23EAC1/runs/tclb_pre2025_sphere_stage8f_shadow_20260613/theta030_free_sphere_shadow/output/case_VTK_P00_00000500.vti,96x80x180,WallStage8NormalAgreement,False,0,0,0,0,0.0,1.0000000000000002,,,,True,0,135160,1247240,,
500,/mnt/8A0E24070E23EAC1/runs/tclb_pre2025_sphere_stage8f_shadow_20260613/theta030_free_sphere_shadow/output/case_VTK_P00_00000500.vti,96x80x180,WallStage8UsedGeomNormal,False,0,0,0,0,0.0,1.0,,,,True,0,135160,1247240,,
500,/mnt/8A0E24070E23EAC1/runs/tclb_pre2025_sphere_stage8f_shadow_20260613/theta030_free_sphere_shadow/output/case_VTK_P00_00000500.vti,96x80x180,WallStage8TanCoeffLocal,False,0,0,0,0,-1.7948968977776758e-09,5.144553966670899,,,,True,0,135160,1247240,,
500,/mnt/8A0E24070E23EAC1/runs/tclb_pre2025_sphere_stage8f_shadow_20260613/theta030_free_sphere_shadow/output/case_VTK_P00_00000500.vti,96x80x180,WallStage8ThetaLocal,False,0,0,0,0,0.0,1.570796326794897,,,,True,0,135160,1247240,,
500,/mnt/8A0E24070E23EAC1/runs/tclb_pre2025_sphere_stage8f_shadow_20260613/theta030_free_sphere_shadow/output/case_VTK_P00_00000500.vti,96x80x180,WallStage8PhaseC,False,0,0,0,0,0.0,0.9822270873970427,,,,True,0,135160,1247240,,
500,/mnt/8A0E24070E23EAC1/runs/tclb_pre2025_sphere_stage8f_shadow_20260613/theta030_free_sphere_shadow/output/case_VTK_P00_00000500.vti,96x80x180,WallStage8GradMagRaw,False,0,0,0,0,0.0,0.1673017574842922,,,,True,0,135160,1247240,,
500,/mnt/8A0E24070E23EAC1/runs/tclb_pre2025_sphere_stage8f_shadow_20260613/theta030_free_sphere_shadow/output/case_VTK_P00_00000500.vti,96x80x180,WallStage8TangentGradRaw,False,0,0,0,0,0.0,0.14475325760651375,,,,True,0,135160,1247240,,
500,/mnt/8A0E24070E23EAC1/runs/tclb_pre2025_sphere_stage8f_shadow_20260613/theta030_free_sphere_shadow/output/case_VTK_P00_00000500.vti,96x80x180,WallStage8TargetNormalGrad,False,0,0,0,0,-0.7446909456081248,7.404182472259406e-15,,,,True,0,135160,1247240,,
500,/mnt/8A0E24070E23EAC1/runs/tclb_pre2025_sphere_stage8f_shadow_20260613/theta030_free_sphere_shadow/output/case_VTK_P00_00000500.vti,96x80x180,WallStage8NormalDeltaRaw,False,0,0,0,0,-0.6667171869394587,0.0,,,,True,0,135160,1247240,,
500,/mnt/8A0E24070E23EAC1/runs/tclb_pre2025_sphere_stage8f_shadow_20260613/theta030_free_sphere_shadow/output/case_VTK_P00_00000500.vti,96x80x180,WallStage8NormalDeltaLimited,False,0,0,0,0,-0.05,0.0,,,,True,0,135160,1247240,,
500,/mnt/8A0E24070E23EAC1/runs/tclb_pre2025_sphere_stage8f_shadow_20260613/theta030_free_sphere_shadow/output/case_VTK_P00_00000500.vti,96x80x180,WallStage8VectorDeltaRawMag,False,0,0,0,0,0.0,0.6667171869387919,,,,True,0,135160,1247240,,
500,/mnt/8A0E24070E23EAC1/runs/tclb_pre2025_sphere_stage8f_shadow_20260613/theta030_free_sphere_shadow/output/case_VTK_P00_00000500.vti,96x80x180,WallStage8VectorDeltaLimitedMag,False,0,0,0,0,0.0,0.05,,,,True,0,135160,1247240,,
500,/mnt/8A0E24070E23EAC1/runs/tclb_pre2025_sphere_stage8f_shadow_20260613/theta030_free_sphere_shadow/output/case_VTK_P00_00000500.vti,96x80x180,WallStage8NormalLimiterHit,False,0,0,0,0,0.0,1.0,,,,True,0,135160,1247240,,
500,/mnt/8A0E24070E23EAC1/runs/tclb_pre2025_sphere_stage8f_shadow_20260613/theta030_free_sphere_shadow/output/case_VTK_P00_00000500.vti,96x80x180,WallStage8VectorLimiterHit,False,0,0,0,0,0.0,0.0,,,,True,0,135160,1247240,,
500,/mnt/8A0E24070E23EAC1/runs/tclb_pre2025_sphere_stage8f_shadow_20260613/theta030_free_sphere_shadow/output/case_VTK_P00_00000500.vti,96x80x180,WallStage8LimiterRatio,False,0,0,0,0,0.0344992793282988,1.0,,,,True,0,135160,1247240,,
500,/mnt/8A0E24070E23EAC1/runs/tclb_pre2025_sphere_stage8f_shadow_20260613/theta030_free_sphere_shadow/output/case_VTK_P00_00000500.vti,96x80x180,WallStage8RegionTag,False,0,0,0,0,0.0,4.0,,,,True,0,135160,1247240,,
500,/mnt/8A0E24070E23EAC1/runs/tclb_pre2025_sphere_stage8f_shadow_20260613/theta030_free_sphere_shadow/output/case_VTK_P00_00000500.vti,96x80x180,WallStage8SphereRadialDot,False,0,0,0,0,-0.9999853205622216,1.0000000000000002,,,,True,0,135160,1247240,,
500,/mnt/8A0E24070E23EAC1/runs/tclb_pre2025_sphere_stage8f_shadow_20260613/theta030_free_sphere_shadow/output/case_VTK_P00_00000500.vti,96x80x180,WallStage8ContactBandTag,False,0,0,0,0,0.0,7.0,,,,True,0,135160,1247240,,
500,/mnt/8A0E24070E23EAC1/runs/tclb_pre2025_sphere_stage8f_shadow_20260613/theta030_free_sphere_shadow/output/case_VTK_P00_00000500.vti,96x80x180,WallStage8eDnRaw,False,0,0,0,0,-0.6667171869394587,0.0,,,,True,0,135160,1247240,,
500,/mnt/8A0E24070E23EAC1/runs/tclb_pre2025_sphere_stage8f_shadow_20260613/theta030_free_sphere_shadow/output/case_VTK_P00_00000500.vti,96x80x180,WallStage8eDnTry,False,0,0,0,0,-0.6667171869387919,0.0,,,,True,0,135160,1247240,,
500,/mnt/8A0E24070E23EAC1/runs/tclb_pre2025_sphere_stage8f_shadow_20260613/theta030_free_sphere_shadow/output/case_VTK_P00_00000500.vti,96x80x180,WallStage8eDnLimited,False,0,0,0,0,-0.05,0.0,,,,True,0,135160,1247240,,
500,/mnt/8A0E24070E23EAC1/runs/tclb_pre2025_sphere_stage8f_shadow_20260613/theta030_free_sphere_shadow/output/case_VTK_P00_00000500.vti,96x80x180,WallStage8eAbsCap,False,0,0,0,0,0.0,0.05,,,,True,0,135160,1247240,,
500,/mnt/8A0E24070E23EAC1/runs/tclb_pre2025_sphere_stage8f_shadow_20260613/theta030_free_sphere_shadow/output/case_VTK_P00_00000500.vti,96x80x180,WallStage8eRatioCap,False,0,0,0,0,0.0,0.05945609925770518,,,,True,0,135160,1247240,,
500,/mnt/8A0E24070E23EAC1/runs/tclb_pre2025_sphere_stage8f_shadow_20260613/theta030_free_sphere_shadow/output/case_VTK_P00_00000500.vti,96x80x180,WallStage8eEffectiveCap,False,0,0,0,0,0.0,0.05,,,,True,0,135160,1247240,,
500,/mnt/8A0E24070E23EAC1/runs/tclb_pre2025_sphere_stage8f_shadow_20260613/theta030_free_sphere_shadow/output/case_VTK_P00_00000500.vti,96x80x180,WallStage8eCapSource,False,0,0,0,0,0.0,2.0,,,,True,0,135160,1247240,,
500,/mnt/8A0E24070E23EAC1/runs/tclb_pre2025_sphere_stage8f_shadow_20260613/theta030_free_sphere_shadow/output/case_VTK_P00_00000500.vti,96x80x180,WallStage8eCapDemandRatio,False,0,0,0,0,0.0,28.986112738295024,,,,True,0,135160,1247240,,
500,/mnt/8A0E24070E23EAC1/runs/tclb_pre2025_sphere_stage8f_shadow_20260613/theta030_free_sphere_shadow/output/case_VTK_P00_00000500.vti,96x80x180,WallStage8eNormalRawAbs,False,0,0,0,0,0.0,0.11891219851541036,,,,True,0,135160,1247240,,
500,/mnt/8A0E24070E23EAC1/runs/tclb_pre2025_sphere_stage8f_shadow_20260613/theta030_free_sphere_shadow/output/case_VTK_P00_00000500.vti,96x80x180,WallStage8eTargetNormalAbs,False,0,0,0,0,0.0,0.7446909456081248,,,,True,0,135160,1247240,,
500,/mnt/8A0E24070E23EAC1/runs/tclb_pre2025_sphere_stage8f_shadow_20260613/theta030_free_sphere_shadow/output/case_VTK_P00_00000500.vti,96x80x180,WallStage8eTargetMinusRawAbs,False,0,0,0,0,0.0,0.6667171869394587,,,,True,0,135160,1247240,,
500,/mnt/8A0E24070E23EAC1/runs/tclb_pre2025_sphere_stage8f_shadow_20260613/theta030_free_sphere_shadow/output/case_VTK_P00_00000500.vti,96x80x180,WallStage8eSmoothWeightC,False,0,0,0,0,0.0,1.0,,,,True,0,135160,1247240,,
500,/mnt/8A0E24070E23EAC1/runs/tclb_pre2025_sphere_stage8f_shadow_20260613/theta030_free_sphere_shadow/output/case_VTK_P00_00000500.vti,96x80x180,WallStage8eSmoothWeightG,False,0,0,0,0,0.0,1.0,,,,True,0,135160,1247240,,
500,/mnt/8A0E24070E23EAC1/runs/tclb_pre2025_sphere_stage8f_shadow_20260613/theta030_free_sphere_shadow/output/case_VTK_P00_00000500.vti,96x80x180,WallStage8eSmoothWeightT,False,0,0,0,0,0.0,1.0,,,,True,0,135160,1247240,,
500,/mnt/8A0E24070E23EAC1/runs/tclb_pre2025_sphere_stage8f_shadow_20260613/theta030_free_sphere_shadow/output/case_VTK_P00_00000500.vti,96x80x180,WallStage8eSmoothWeightTotal,False,0,0,0,0,0.0,1.0,,,,True,0,135160,1247240,,
500,/mnt/8A0E24070E23EAC1/runs/tclb_pre2025_sphere_stage8f_shadow_20260613/theta030_free_sphere_shadow/output/case_VTK_P00_00000500.vti,96x80x180,WallStage8eTanCoeffTimesTangent,False,0,0,0,0,0.0,0.7446909456081248,,,,True,0,135160,1247240,,
500,/mnt/8A0E24070E23EAC1/runs/tclb_pre2025_sphere_stage8f_shadow_20260613/theta030_free_sphere_shadow/output/case_VTK_P00_00000500.vti,96x80x180,WallStage8eLimiterClass,False,0,0,0,0,-1.0,2.0,,,,True,0,135160,1247240,,
500,/mnt/8A0E24070E23EAC1/runs/tclb_pre2025_sphere_stage8f_shadow_20260613/theta030_free_sphere_shadow/output/case_VTK_P00_00000500.vti,96x80x180,WallStage8eWallProfileConflict,False,0,0,0,0,0.0,0.0,,,,True,0,135160,1247240,,
600,/mnt/8A0E24070E23EAC1/runs/tclb_pre2025_sphere_stage8f_shadow_20260613/theta030_free_sphere_shadow/output/case_VTK_P00_00000600.vti,96x80x180,PhaseField,False,0,0,0,0,1.2314866344667626e-16,1.0,,,57864,True,0,135160,1247240,,
600,/mnt/8A0E24070E23EAC1/runs/tclb_pre2025_sphere_stage8f_shadow_20260613/theta030_free_sphere_shadow/output/case_VTK_P00_00000600.vti,96x80x180,U,False,0,0,0,0,-0.00014580841593565315,0.00014580841593565328,,,,True,0,135160,1247240,0.00016409057648334016,3.21860078346914e-06
600,/mnt/8A0E24070E23EAC1/runs/tclb_pre2025_sphere_stage8f_shadow_20260613/theta030_free_sphere_shadow/output/case_VTK_P00_00000600.vti,96x80x180,P,False,0,0,0,0,-3.9329869840642505e-06,3.8865416929465975e-06,,,,True,0,135160,1247240,,
600,/mnt/8A0E24070E23EAC1/runs/tclb_pre2025_sphere_stage8f_shadow_20260613/theta030_free_sphere_shadow/output/case_VTK_P00_00000600.vti,96x80x180,Rho,False,0,0,0,0,0.0,0.9999982215993257,,,,True,0,135160,1247240,,
600,/mnt/8A0E24070E23EAC1/runs/tclb_pre2025_sphere_stage8f_shadow_20260613/theta030_free_sphere_shadow/output/case_VTK_P00_00000600.vti,96x80x180,WallStage8GradMode,False,0,0,0,0,1.0,1.0,,,,True,0,135160,1247240,,
600,/mnt/8A0E24070E23EAC1/runs/tclb_pre2025_sphere_stage8f_shadow_20260613/theta030_free_sphere_shadow/output/case_VTK_P00_00000600.vti,96x80x180,WallStage8ActiveWeight,False,0,0,0,0,0.0,1.0,,,,True,0,135160,1247240,,
600,/mnt/8A0E24070E23EAC1/runs/tclb_pre2025_sphere_stage8f_shadow_20260613/theta030_free_sphere_shadow/output/case_VTK_P00_00000600.vti,96x80x180,WallStage8NormalGradRaw,False,0,0,0,0,-0.1208058682739719,2.538609216005912e-05,,,,True,0,135160,1247240,,
600,/mnt/8A0E24070E23EAC1/runs/tclb_pre2025_sphere_stage8f_shadow_20260613/theta030_free_sphere_shadow/output/case_VTK_P00_00000600.vti,96x80x180,WallStage8NormalGradTarget,False,0,0,0,0,-0.7554155884415169,7.403182119162154e-15,,,,True,0,135160,1247240,,
600,/mnt/8A0E24070E23EAC1/runs/tclb_pre2025_sphere_stage8f_shadow_20260613/theta030_free_sphere_shadow/output/case_VTK_P00_00000600.vti,96x80x180,WallStage8ContactResidual,False,0,0,0,0,0.0,0.999669329332737,,,,True,0,135160,1247240,,
600,/mnt/8A0E24070E23EAC1/runs/tclb_pre2025_sphere_stage8f_shadow_20260613/theta030_free_sphere_shadow/output/case_VTK_P00_00000600.vti,96x80x180,WallStage8TangentGradMag,False,0,0,0,0,0.0,0.14683791701583707,,,,True,0,135160,1247240,,
600,/mnt/8A0E24070E23EAC1/runs/tclb_pre2025_sphere_stage8f_shadow_20260613/theta030_free_sphere_shadow/output/case_VTK_P00_00000600.vti,96x80x180,WallStage8TargetCos,False,0,0,0,0,-0.981627183447664,3.8285686989269494e-16,,,,True,0,135160,1247240,,
600,/mnt/8A0E24070E23EAC1/runs/tclb_pre2025_sphere_stage8f_shadow_20260613/theta030_free_sphere_shadow/output/case_VTK_P00_00000600.vti,96x80x180,WallStage8GradWriteDeltaMag,False,0,0,0,0,0.0,0.05,,,,True,0,135160,1247240,,
600,/mnt/8A0E24070E23EAC1/runs/tclb_pre2025_sphere_stage8f_shadow_20260613/theta030_free_sphere_shadow/output/case_VTK_P00_00000600.vti,96x80x180,WallStage8LimiterReason,False,0,0,0,0,0.0,128.0,,,,True,0,135160,1247240,,
600,/mnt/8A0E24070E23EAC1/runs/tclb_pre2025_sphere_stage8f_shadow_20260613/theta030_free_sphere_shadow/output/case_VTK_P00_00000600.vti,96x80x180,WallStage8LocalWallAngle,False,0,0,0,0,0.0,1.5707963267948966,,,,True,0,135160,1247240,,
600,/mnt/8A0E24070E23EAC1/runs/tclb_pre2025_sphere_stage8f_shadow_20260613/theta030_free_sphere_shadow/output/case_VTK_P00_00000600.vti,96x80x180,WallStage8FluidWallAngle,False,0,0,0,0,0.0,1.570796326794897,,,,True,0,135160,1247240,,
600,/mnt/8A0E24070E23EAC1/runs/tclb_pre2025_sphere_stage8f_shadow_20260613/theta030_free_sphere_shadow/output/case_VTK_P00_00000600.vti,96x80x180,WallStage8FluidWallDataCount,False,0,0,0,0,0.0,19.0,,,,True,0,135160,1247240,,
600,/mnt/8A0E24070E23EAC1/runs/tclb_pre2025_sphere_stage8f_shadow_20260613/theta030_free_sphere_shadow/output/case_VTK_P00_00000600.vti,96x80x180,WallStage8GradCandidateUse,False,0,0,0,0,0.0,1.0,,,,True,0,135160,1247240,,
600,/mnt/8A0E24070E23EAC1/runs/tclb_pre2025_sphere_stage8f_shadow_20260613/theta030_free_sphere_shadow/output/case_VTK_P00_00000600.vti,96x80x180,WallStage8NormalAgreement,False,0,0,0,0,0.0,1.0000000000000002,,,,True,0,135160,1247240,,
600,/mnt/8A0E24070E23EAC1/runs/tclb_pre2025_sphere_stage8f_shadow_20260613/theta030_free_sphere_shadow/output/case_VTK_P00_00000600.vti,96x80x180,WallStage8UsedGeomNormal,False,0,0,0,0,0.0,1.0,,,,True,0,135160,1247240,,
600,/mnt/8A0E24070E23EAC1/runs/tclb_pre2025_sphere_stage8f_shadow_20260613/theta030_free_sphere_shadow/output/case_VTK_P00_00000600.vti,96x80x180,WallStage8TanCoeffLocal,False,0,0,0,0,-1.7948968977776758e-09,5.144553966670899,,,,True,0,135160,1247240,,
600,/mnt/8A0E24070E23EAC1/runs/tclb_pre2025_sphere_stage8f_shadow_20260613/theta030_free_sphere_shadow/output/case_VTK_P00_00000600.vti,96x80x180,WallStage8ThetaLocal,False,0,0,0,0,0.0,1.570796326794897,,,,True,0,135160,1247240,,
600,/mnt/8A0E24070E23EAC1/runs/tclb_pre2025_sphere_stage8f_shadow_20260613/theta030_free_sphere_shadow/output/case_VTK_P00_00000600.vti,96x80x180,WallStage8PhaseC,False,0,0,0,0,0.0,0.9844919005773886,,,,True,0,135160,1247240,,
600,/mnt/8A0E24070E23EAC1/runs/tclb_pre2025_sphere_stage8f_shadow_20260613/theta030_free_sphere_shadow/output/case_VTK_P00_00000600.vti,96x80x180,WallStage8GradMagRaw,False,0,0,0,0,0.0,0.16837199790719456,,,,True,0,135160,1247240,,
600,/mnt/8A0E24070E23EAC1/runs/tclb_pre2025_sphere_stage8f_shadow_20260613/theta030_free_sphere_shadow/output/case_VTK_P00_00000600.vti,96x80x180,WallStage8TangentGradRaw,False,0,0,0,0,0.0,0.14683791701583707,,,,True,0,135160,1247240,,
600,/mnt/8A0E24070E23EAC1/runs/tclb_pre2025_sphere_stage8f_shadow_20260613/theta030_free_sphere_shadow/output/case_VTK_P00_00000600.vti,96x80x180,WallStage8TargetNormalGrad,False,0,0,0,0,-0.7554155884415169,7.403182119162154e-15,,,,True,0,135160,1247240,,
600,/mnt/8A0E24070E23EAC1/runs/tclb_pre2025_sphere_stage8f_shadow_20260613/theta030_free_sphere_shadow/output/case_VTK_P00_00000600.vti,96x80x180,WallStage8NormalDeltaRaw,False,0,0,0,0,-0.6730277507122115,0.0,,,,True,0,135160,1247240,,
600,/mnt/8A0E24070E23EAC1/runs/tclb_pre2025_sphere_stage8f_shadow_20260613/theta030_free_sphere_shadow/output/case_VTK_P00_00000600.vti,96x80x180,WallStage8NormalDeltaLimited,False,0,0,0,0,-0.05,0.0,,,,True,0,135160,1247240,,
600,/mnt/8A0E24070E23EAC1/runs/tclb_pre2025_sphere_stage8f_shadow_20260613/theta030_free_sphere_shadow/output/case_VTK_P00_00000600.vti,96x80x180,WallStage8VectorDeltaRawMag,False,0,0,0,0,0.0,0.6730277507115384,,,,True,0,135160,1247240,,
600,/mnt/8A0E24070E23EAC1/runs/tclb_pre2025_sphere_stage8f_shadow_20260613/theta030_free_sphere_shadow/output/case_VTK_P00_00000600.vti,96x80x180,WallStage8VectorDeltaLimitedMag,False,0,0,0,0,0.0,0.05,,,,True,0,135160,1247240,,
600,/mnt/8A0E24070E23EAC1/runs/tclb_pre2025_sphere_stage8f_shadow_20260613/theta030_free_sphere_shadow/output/case_VTK_P00_00000600.vti,96x80x180,WallStage8NormalLimiterHit,False,0,0,0,0,0.0,1.0,,,,True,0,135160,1247240,,
600,/mnt/8A0E24070E23EAC1/runs/tclb_pre2025_sphere_stage8f_shadow_20260613/theta030_free_sphere_shadow/output/case_VTK_P00_00000600.vti,96x80x180,WallStage8VectorLimiterHit,False,0,0,0,0,0.0,0.0,,,,True,0,135160,1247240,,
600,/mnt/8A0E24070E23EAC1/runs/tclb_pre2025_sphere_stage8f_shadow_20260613/theta030_free_sphere_shadow/output/case_VTK_P00_00000600.vti,96x80x180,WallStage8LimiterRatio,False,0,0,0,0,0.037059379636108905,1.0,,,,True,0,135160,1247240,,
600,/mnt/8A0E24070E23EAC1/runs/tclb_pre2025_sphere_stage8f_shadow_20260613/theta030_free_sphere_shadow/output/case_VTK_P00_00000600.vti,96x80x180,WallStage8RegionTag,False,0,0,0,0,0.0,4.0,,,,True,0,135160,1247240,,
600,/mnt/8A0E24070E23EAC1/runs/tclb_pre2025_sphere_stage8f_shadow_20260613/theta030_free_sphere_shadow/output/case_VTK_P00_00000600.vti,96x80x180,WallStage8SphereRadialDot,False,0,0,0,0,-0.9999853205622216,1.0000000000000002,,,,True,0,135160,1247240,,
600,/mnt/8A0E24070E23EAC1/runs/tclb_pre2025_sphere_stage8f_shadow_20260613/theta030_free_sphere_shadow/output/case_VTK_P00_00000600.vti,96x80x180,WallStage8ContactBandTag,False,0,0,0,0,0.0,7.0,,,,True,0,135160,1247240,,
600,/mnt/8A0E24070E23EAC1/runs/tclb_pre2025_sphere_stage8f_shadow_20260613/theta030_free_sphere_shadow/output/case_VTK_P00_00000600.vti,96x80x180,WallStage8eDnRaw,False,0,0,0,0,-0.6730277507122115,0.0,,,,True,0,135160,1247240,,
600,/mnt/8A0E24070E23EAC1/runs/tclb_pre2025_sphere_stage8f_shadow_20260613/theta030_free_sphere_shadow/output/case_VTK_P00_00000600.vti,96x80x180,WallStage8eDnTry,False,0,0,0,0,-0.6730277507115384,0.0,,,,True,0,135160,1247240,,
600,/mnt/8A0E24070E23EAC1/runs/tclb_pre2025_sphere_stage8f_shadow_20260613/theta030_free_sphere_shadow/output/case_VTK_P00_00000600.vti,96x80x180,WallStage8eDnLimited,False,0,0,0,0,-0.05,0.0,,,,True,0,135160,1247240,,
600,/mnt/8A0E24070E23EAC1/runs/tclb_pre2025_sphere_stage8f_shadow_20260613/theta030_free_sphere_shadow/output/case_VTK_P00_00000600.vti,96x80x180,WallStage8eAbsCap,False,0,0,0,0,0.0,0.05,,,,True,0,135160,1247240,,
600,/mnt/8A0E24070E23EAC1/runs/tclb_pre2025_sphere_stage8f_shadow_20260613/theta030_free_sphere_shadow/output/case_VTK_P00_00000600.vti,96x80x180,WallStage8eRatioCap,False,0,0,0,0,0.0,0.06040293413698595,,,,True,0,135160,1247240,,
600,/mnt/8A0E24070E23EAC1/runs/tclb_pre2025_sphere_stage8f_shadow_20260613/theta030_free_sphere_shadow/output/case_VTK_P00_00000600.vti,96x80x180,WallStage8eEffectiveCap,False,0,0,0,0,0.0,0.05,,,,True,0,135160,1247240,,
600,/mnt/8A0E24070E23EAC1/runs/tclb_pre2025_sphere_stage8f_shadow_20260613/theta030_free_sphere_shadow/output/case_VTK_P00_00000600.vti,96x80x180,WallStage8eCapSource,False,0,0,0,0,0.0,2.0,,,,True,0,135160,1247240,,
600,/mnt/8A0E24070E23EAC1/runs/tclb_pre2025_sphere_stage8f_shadow_20260613/theta030_free_sphere_shadow/output/case_VTK_P00_00000600.vti,96x80x180,WallStage8eCapDemandRatio,False,0,0,0,0,0.0,26.983722064943777,,,,True,0,135160,1247240,,
600,/mnt/8A0E24070E23EAC1/runs/tclb_pre2025_sphere_stage8f_shadow_20260613/theta030_free_sphere_shadow/output/case_VTK_P00_00000600.vti,96x80x180,WallStage8eNormalRawAbs,False,0,0,0,0,0.0,0.1208058682739719,,,,True,0,135160,1247240,,
600,/mnt/8A0E24070E23EAC1/runs/tclb_pre2025_sphere_stage8f_shadow_20260613/theta030_free_sphere_shadow/output/case_VTK_P00_00000600.vti,96x80x180,WallStage8eTargetNormalAbs,False,0,0,0,0,0.0,0.7554155884415169,,,,True,0,135160,1247240,,
600,/mnt/8A0E24070E23EAC1/runs/tclb_pre2025_sphere_stage8f_shadow_20260613/theta030_free_sphere_shadow/output/case_VTK_P00_00000600.vti,96x80x180,WallStage8eTargetMinusRawAbs,False,0,0,0,0,0.0,0.6730277507122115,,,,True,0,135160,1247240,,
600,/mnt/8A0E24070E23EAC1/runs/tclb_pre2025_sphere_stage8f_shadow_20260613/theta030_free_sphere_shadow/output/case_VTK_P00_00000600.vti,96x80x180,WallStage8eSmoothWeightC,False,0,0,0,0,0.0,1.0,,,,True,0,135160,1247240,,
600,/mnt/8A0E24070E23EAC1/runs/tclb_pre2025_sphere_stage8f_shadow_20260613/theta030_free_sphere_shadow/output/case_VTK_P00_00000600.vti,96x80x180,WallStage8eSmoothWeightG,False,0,0,0,0,0.0,1.0,,,,True,0,135160,1247240,,
600,/mnt/8A0E24070E23EAC1/runs/tclb_pre2025_sphere_stage8f_shadow_20260613/theta030_free_sphere_shadow/output/case_VTK_P00_00000600.vti,96x80x180,WallStage8eSmoothWeightT,False,0,0,0,0,0.0,1.0,,,,True,0,135160,1247240,,
600,/mnt/8A0E24070E23EAC1/runs/tclb_pre2025_sphere_stage8f_shadow_20260613/theta030_free_sphere_shadow/output/case_VTK_P00_00000600.vti,96x80x180,WallStage8eSmoothWeightTotal,False,0,0,0,0,0.0,1.0,,,,True,0,135160,1247240,,
600,/mnt/8A0E24070E23EAC1/runs/tclb_pre2025_sphere_stage8f_shadow_20260613/theta030_free_sphere_shadow/output/case_VTK_P00_00000600.vti,96x80x180,WallStage8eTanCoeffTimesTangent,False,0,0,0,0,0.0,0.7554155884415169,,,,True,0,135160,1247240,,
600,/mnt/8A0E24070E23EAC1/runs/tclb_pre2025_sphere_stage8f_shadow_20260613/theta030_free_sphere_shadow/output/case_VTK_P00_00000600.vti,96x80x180,WallStage8eLimiterClass,False,0,0,0,0,-1.0,2.0,,,,True,0,135160,1247240,,
600,/mnt/8A0E24070E23EAC1/runs/tclb_pre2025_sphere_stage8f_shadow_20260613/theta030_free_sphere_shadow/output/case_VTK_P00_00000600.vti,96x80x180,WallStage8eWallProfileConflict,False,0,0,0,0,0.0,0.0,,,,True,0,135160,1247240,,
700,/mnt/8A0E24070E23EAC1/runs/tclb_pre2025_sphere_stage8f_shadow_20260613/theta030_free_sphere_shadow/output/case_VTK_P00_00000700.vti,96x80x180,PhaseField,False,0,0,0,0,1.3007793047043189e-15,1.0000023606511512,,,57856,True,0,135160,1247240,,
700,/mnt/8A0E24070E23EAC1/runs/tclb_pre2025_sphere_stage8f_shadow_20260613/theta030_free_sphere_shadow/output/case_VTK_P00_00000700.vti,96x80x180,U,False,0,0,0,0,-0.00014963288476452948,0.00014964340241371772,,,,True,0,135160,1247240,0.00016912880354361245,3.5787045580403314e-06
700,/mnt/8A0E24070E23EAC1/runs/tclb_pre2025_sphere_stage8f_shadow_20260613/theta030_free_sphere_shadow/output/case_VTK_P00_00000700.vti,96x80x180,P,False,0,0,0,0,-3.527827390058706e-06,6.296200831578762e-06,,,,True,0,135160,1247240,,
700,/mnt/8A0E24070E23EAC1/runs/tclb_pre2025_sphere_stage8f_shadow_20260613/theta030_free_sphere_shadow/output/case_VTK_P00_00000700.vti,96x80x180,Rho,False,0,0,0,0,0.0,1.0000023582905,,,,True,0,135160,1247240,,
700,/mnt/8A0E24070E23EAC1/runs/tclb_pre2025_sphere_stage8f_shadow_20260613/theta030_free_sphere_shadow/output/case_VTK_P00_00000700.vti,96x80x180,WallStage8GradMode,False,0,0,0,0,1.0,1.0,,,,True,0,135160,1247240,,
700,/mnt/8A0E24070E23EAC1/runs/tclb_pre2025_sphere_stage8f_shadow_20260613/theta030_free_sphere_shadow/output/case_VTK_P00_00000700.vti,96x80x180,WallStage8ActiveWeight,False,0,0,0,0,0.0,1.0,,,,True,0,135160,1247240,,
700,/mnt/8A0E24070E23EAC1/runs/tclb_pre2025_sphere_stage8f_shadow_20260613/theta030_free_sphere_shadow/output/case_VTK_P00_00000700.vti,96x80x180,WallStage8NormalGradRaw,False,0,0,0,0,-0.12258438959256701,2.537916785923005e-05,,,,True,0,135160,1247240,,
700,/mnt/8A0E24070E23EAC1/runs/tclb_pre2025_sphere_stage8f_shadow_20260613/theta030_free_sphere_shadow/output/case_VTK_P00_00000700.vti,96x80x180,WallStage8NormalGradTarget,False,0,0,0,0,-0.759644629291926,7.401245437759821e-15,,,,True,0,135160,1247240,,
700,/mnt/8A0E24070E23EAC1/runs/tclb_pre2025_sphere_stage8f_shadow_20260613/theta030_free_sphere_shadow/output/case_VTK_P00_00000700.vti,96x80x180,WallStage8ContactResidual,False,0,0,0,0,0.0,0.9996697694846903,,,,True,0,135160,1247240,,
700,/mnt/8A0E24070E23EAC1/runs/tclb_pre2025_sphere_stage8f_shadow_20260613/theta030_free_sphere_shadow/output/case_VTK_P00_00000700.vti,96x80x180,WallStage8TangentGradMag,False,0,0,0,0,0.0,0.14765995929157313,,,,True,0,135160,1247240,,
700,/mnt/8A0E24070E23EAC1/runs/tclb_pre2025_sphere_stage8f_shadow_20260613/theta030_free_sphere_shadow/output/case_VTK_P00_00000700.vti,96x80x180,WallStage8TargetCos,False,0,0,0,0,-0.981627183447664,3.8285686989269494e-16,,,,True,0,135160,1247240,,
700,/mnt/8A0E24070E23EAC1/runs/tclb_pre2025_sphere_stage8f_shadow_20260613/theta030_free_sphere_shadow/output/case_VTK_P00_00000700.vti,96x80x180,WallStage8GradWriteDeltaMag,False,0,0,0,0,0.0,0.05,,,,True,0,135160,1247240,,
700,/mnt/8A0E24070E23EAC1/runs/tclb_pre2025_sphere_stage8f_shadow_20260613/theta030_free_sphere_shadow/output/case_VTK_P00_00000700.vti,96x80x180,WallStage8LimiterReason,False,0,0,0,0,0.0,128.0,,,,True,0,135160,1247240,,
700,/mnt/8A0E24070E23EAC1/runs/tclb_pre2025_sphere_stage8f_shadow_20260613/theta030_free_sphere_shadow/output/case_VTK_P00_00000700.vti,96x80x180,WallStage8LocalWallAngle,False,0,0,0,0,0.0,1.5707963267948966,,,,True,0,135160,1247240,,
700,/mnt/8A0E24070E23EAC1/runs/tclb_pre2025_sphere_stage8f_shadow_20260613/theta030_free_sphere_shadow/output/case_VTK_P00_00000700.vti,96x80x180,WallStage8FluidWallAngle,False,0,0,0,0,0.0,1.570796326794897,,,,True,0,135160,1247240,,
700,/mnt/8A0E24070E23EAC1/runs/tclb_pre2025_sphere_stage8f_shadow_20260613/theta030_free_sphere_shadow/output/case_VTK_P00_00000700.vti,96x80x180,WallStage8FluidWallDataCount,False,0,0,0,0,0.0,19.0,,,,True,0,135160,1247240,,
700,/mnt/8A0E24070E23EAC1/runs/tclb_pre2025_sphere_stage8f_shadow_20260613/theta030_free_sphere_shadow/output/case_VTK_P00_00000700.vti,96x80x180,WallStage8GradCandidateUse,False,0,0,0,0,0.0,1.0,,,,True,0,135160,1247240,,
700,/mnt/8A0E24070E23EAC1/runs/tclb_pre2025_sphere_stage8f_shadow_20260613/theta030_free_sphere_shadow/output/case_VTK_P00_00000700.vti,96x80x180,WallStage8NormalAgreement,False,0,0,0,0,0.0,1.0000000000000002,,,,True,0,135160,1247240,,
700,/mnt/8A0E24070E23EAC1/runs/tclb_pre2025_sphere_stage8f_shadow_20260613/theta030_free_sphere_shadow/output/case_VTK_P00_00000700.vti,96x80x180,WallStage8UsedGeomNormal,False,0,0,0,0,0.0,1.0,,,,True,0,135160,1247240,,
700,/mnt/8A0E24070E23EAC1/runs/tclb_pre2025_sphere_stage8f_shadow_20260613/theta030_free_sphere_shadow/output/case_VTK_P00_00000700.vti,96x80x180,WallStage8TanCoeffLocal,False,0,0,0,0,-1.7948968977776758e-09,5.144553966670899,,,,True,0,135160,1247240,,
700,/mnt/8A0E24070E23EAC1/runs/tclb_pre2025_sphere_stage8f_shadow_20260613/theta030_free_sphere_shadow/output/case_VTK_P00_00000700.vti,96x80x180,WallStage8ThetaLocal,False,0,0,0,0,0.0,1.570796326794897,,,,True,0,135160,1247240,,
700,/mnt/8A0E24070E23EAC1/runs/tclb_pre2025_sphere_stage8f_shadow_20260613/theta030_free_sphere_shadow/output/case_VTK_P00_00000700.vti,96x80x180,WallStage8PhaseC,False,0,0,0,0,0.0,0.9861035466906871,,,,True,0,135160,1247240,,
700,/mnt/8A0E24070E23EAC1/runs/tclb_pre2025_sphere_stage8f_shadow_20260613/theta030_free_sphere_shadow/output/case_VTK_P00_00000700.vti,96x80x180,WallStage8GradMagRaw,False,0,0,0,0,0.0,0.16837377214603427,,,,True,0,135160,1247240,,
700,/mnt/8A0E24070E23EAC1/runs/tclb_pre2025_sphere_stage8f_shadow_20260613/theta030_free_sphere_shadow/output/case_VTK_P00_00000700.vti,96x80x180,WallStage8TangentGradRaw,False,0,0,0,0,0.0,0.14765995929157313,,,,True,0,135160,1247240,,
700,/mnt/8A0E24070E23EAC1/runs/tclb_pre2025_sphere_stage8f_shadow_20260613/theta030_free_sphere_shadow/output/case_VTK_P00_00000700.vti,96x80x180,WallStage8TargetNormalGrad,False,0,0,0,0,-0.759644629291926,7.401245437759821e-15,,,,True,0,135160,1247240,,
700,/mnt/8A0E24070E23EAC1/runs/tclb_pre2025_sphere_stage8f_shadow_20260613/theta030_free_sphere_shadow/output/case_VTK_P00_00000700.vti,96x80x180,WallStage8NormalDeltaRaw,False,0,0,0,0,-0.678735646053378,0.0,,,,True,0,135160,1247240,,
700,/mnt/8A0E24070E23EAC1/runs/tclb_pre2025_sphere_stage8f_shadow_20260613/theta030_free_sphere_shadow/output/case_VTK_P00_00000700.vti,96x80x180,WallStage8NormalDeltaLimited,False,0,0,0,0,-0.05,0.0,,,,True,0,135160,1247240,,
700,/mnt/8A0E24070E23EAC1/runs/tclb_pre2025_sphere_stage8f_shadow_20260613/theta030_free_sphere_shadow/output/case_VTK_P00_00000700.vti,96x80x180,WallStage8VectorDeltaRawMag,False,0,0,0,0,0.0,0.6787356460526992,,,,True,0,135160,1247240,,
700,/mnt/8A0E24070E23EAC1/runs/tclb_pre2025_sphere_stage8f_shadow_20260613/theta030_free_sphere_shadow/output/case_VTK_P00_00000700.vti,96x80x180,WallStage8VectorDeltaLimitedMag,False,0,0,0,0,0.0,0.05,,,,True,0,135160,1247240,,
700,/mnt/8A0E24070E23EAC1/runs/tclb_pre2025_sphere_stage8f_shadow_20260613/theta030_free_sphere_shadow/output/case_VTK_P00_00000700.vti,96x80x180,WallStage8NormalLimiterHit,False,0,0,0,0,0.0,1.0,,,,True,0,135160,1247240,,
700,/mnt/8A0E24070E23EAC1/runs/tclb_pre2025_sphere_stage8f_shadow_20260613/theta030_free_sphere_shadow/output/case_VTK_P00_00000700.vti,96x80x180,WallStage8VectorLimiterHit,False,0,0,0,0,0.0,0.0,,,,True,0,135160,1247240,,
700,/mnt/8A0E24070E23EAC1/runs/tclb_pre2025_sphere_stage8f_shadow_20260613/theta030_free_sphere_shadow/output/case_VTK_P00_00000700.vti,96x80x180,WallStage8LimiterRatio,False,0,0,0,0,0.038360057123572947,1.0,,,,True,0,135160,1247240,,
700,/mnt/8A0E24070E23EAC1/runs/tclb_pre2025_sphere_stage8f_shadow_20260613/theta030_free_sphere_shadow/output/case_VTK_P00_00000700.vti,96x80x180,WallStage8RegionTag,False,0,0,0,0,0.0,4.0,,,,True,0,135160,1247240,,
700,/mnt/8A0E24070E23EAC1/runs/tclb_pre2025_sphere_stage8f_shadow_20260613/theta030_free_sphere_shadow/output/case_VTK_P00_00000700.vti,96x80x180,WallStage8SphereRadialDot,False,0,0,0,0,-0.9999853205622216,1.0000000000000002,,,,True,0,135160,1247240,,
700,/mnt/8A0E24070E23EAC1/runs/tclb_pre2025_sphere_stage8f_shadow_20260613/theta030_free_sphere_shadow/output/case_VTK_P00_00000700.vti,96x80x180,WallStage8ContactBandTag,False,0,0,0,0,0.0,7.0,,,,True,0,135160,1247240,,
700,/mnt/8A0E24070E23EAC1/runs/tclb_pre2025_sphere_stage8f_shadow_20260613/theta030_free_sphere_shadow/output/case_VTK_P00_00000700.vti,96x80x180,WallStage8eDnRaw,False,0,0,0,0,-0.678735646053378,0.0,,,,True,0,135160,1247240,,
700,/mnt/8A0E24070E23EAC1/runs/tclb_pre2025_sphere_stage8f_shadow_20260613/theta030_free_sphere_shadow/output/case_VTK_P00_00000700.vti,96x80x180,WallStage8eDnTry,False,0,0,0,0,-0.6787356460526992,0.0,,,,True,0,135160,1247240,,
700,/mnt/8A0E24070E23EAC1/runs/tclb_pre2025_sphere_stage8f_shadow_20260613/theta030_free_sphere_shadow/output/case_VTK_P00_00000700.vti,96x80x180,WallStage8eDnLimited,False,0,0,0,0,-0.05,0.0,,,,True,0,135160,1247240,,
700,/mnt/8A0E24070E23EAC1/runs/tclb_pre2025_sphere_stage8f_shadow_20260613/theta030_free_sphere_shadow/output/case_VTK_P00_00000700.vti,96x80x180,WallStage8eAbsCap,False,0,0,0,0,0.0,0.05,,,,True,0,135160,1247240,,
700,/mnt/8A0E24070E23EAC1/runs/tclb_pre2025_sphere_stage8f_shadow_20260613/theta030_free_sphere_shadow/output/case_VTK_P00_00000700.vti,96x80x180,WallStage8eRatioCap,False,0,0,0,0,0.0,0.061292194796283506,,,,True,0,135160,1247240,,
700,/mnt/8A0E24070E23EAC1/runs/tclb_pre2025_sphere_stage8f_shadow_20260613/theta030_free_sphere_shadow/output/case_VTK_P00_00000700.vti,96x80x180,WallStage8eEffectiveCap,False,0,0,0,0,0.0,0.05,,,,True,0,135160,1247240,,
700,/mnt/8A0E24070E23EAC1/runs/tclb_pre2025_sphere_stage8f_shadow_20260613/theta030_free_sphere_shadow/output/case_VTK_P00_00000700.vti,96x80x180,WallStage8eCapSource,False,0,0,0,0,0.0,2.0,,,,True,0,135160,1247240,,
700,/mnt/8A0E24070E23EAC1/runs/tclb_pre2025_sphere_stage8f_shadow_20260613/theta030_free_sphere_shadow/output/case_VTK_P00_00000700.vti,96x80x180,WallStage8eCapDemandRatio,False,0,0,0,0,0.0,26.06878286908186,,,,True,0,135160,1247240,,
700,/mnt/8A0E24070E23EAC1/runs/tclb_pre2025_sphere_stage8f_shadow_20260613/theta030_free_sphere_shadow/output/case_VTK_P00_00000700.vti,96x80x180,WallStage8eNormalRawAbs,False,0,0,0,0,0.0,0.12258438959256701,,,,True,0,135160,1247240,,
700,/mnt/8A0E24070E23EAC1/runs/tclb_pre2025_sphere_stage8f_shadow_20260613/theta030_free_sphere_shadow/output/case_VTK_P00_00000700.vti,96x80x180,WallStage8eTargetNormalAbs,False,0,0,0,0,0.0,0.759644629291926,,,,True,0,135160,1247240,,
700,/mnt/8A0E24070E23EAC1/runs/tclb_pre2025_sphere_stage8f_shadow_20260613/theta030_free_sphere_shadow/output/case_VTK_P00_00000700.vti,96x80x180,WallStage8eTargetMinusRawAbs,False,0,0,0,0,0.0,0.678735646053378,,,,True,0,135160,1247240,,
700,/mnt/8A0E24070E23EAC1/runs/tclb_pre2025_sphere_stage8f_shadow_20260613/theta030_free_sphere_shadow/output/case_VTK_P00_00000700.vti,96x80x180,WallStage8eSmoothWeightC,False,0,0,0,0,0.0,1.0,,,,True,0,135160,1247240,,
700,/mnt/8A0E24070E23EAC1/runs/tclb_pre2025_sphere_stage8f_shadow_20260613/theta030_free_sphere_shadow/output/case_VTK_P00_00000700.vti,96x80x180,WallStage8eSmoothWeightG,False,0,0,0,0,0.0,1.0,,,,True,0,135160,1247240,,
700,/mnt/8A0E24070E23EAC1/runs/tclb_pre2025_sphere_stage8f_shadow_20260613/theta030_free_sphere_shadow/output/case_VTK_P00_00000700.vti,96x80x180,WallStage8eSmoothWeightT,False,0,0,0,0,0.0,1.0,,,,True,0,135160,1247240,,
700,/mnt/8A0E24070E23EAC1/runs/tclb_pre2025_sphere_stage8f_shadow_20260613/theta030_free_sphere_shadow/output/case_VTK_P00_00000700.vti,96x80x180,WallStage8eSmoothWeightTotal,False,0,0,0,0,0.0,1.0,,,,True,0,135160,1247240,,
700,/mnt/8A0E24070E23EAC1/runs/tclb_pre2025_sphere_stage8f_shadow_20260613/theta030_free_sphere_shadow/output/case_VTK_P00_00000700.vti,96x80x180,WallStage8eTanCoeffTimesTangent,False,0,0,0,0,0.0,0.759644629291926,,,,True,0,135160,1247240,,
700,/mnt/8A0E24070E23EAC1/runs/tclb_pre2025_sphere_stage8f_shadow_20260613/theta030_free_sphere_shadow/output/case_VTK_P00_00000700.vti,96x80x180,WallStage8eLimiterClass,False,0,0,0,0,-1.0,2.0,,,,True,0,135160,1247240,,
700,/mnt/8A0E24070E23EAC1/runs/tclb_pre2025_sphere_stage8f_shadow_20260613/theta030_free_sphere_shadow/output/case_VTK_P00_00000700.vti,96x80x180,WallStage8eWallProfileConflict,False,0,0,0,0,0.0,0.0,,,,True,0,135160,1247240,,
800,/mnt/8A0E24070E23EAC1/runs/tclb_pre2025_sphere_stage8f_shadow_20260613/theta030_free_sphere_shadow/output/case_VTK_P00_00000800.vti,96x80x180,PhaseField,False,0,0,0,0,8.197719807573648e-15,1.0,,,57840,True,0,135160,1247240,,
800,/mnt/8A0E24070E23EAC1/runs/tclb_pre2025_sphere_stage8f_shadow_20260613/theta030_free_sphere_shadow/output/case_VTK_P00_00000800.vti,96x80x180,U,False,0,0,0,0,-0.00015524613481441557,0.0001552591645763629,,,,True,0,135160,1247240,0.00017657725907757528,3.942653552819626e-06
800,/mnt/8A0E24070E23EAC1/runs/tclb_pre2025_sphere_stage8f_shadow_20260613/theta030_free_sphere_shadow/output/case_VTK_P00_00000800.vti,96x80x180,P,False,0,0,0,0,-3.577339190060589e-06,5.972799821289942e-06,,,,True,0,135160,1247240,,
800,/mnt/8A0E24070E23EAC1/runs/tclb_pre2025_sphere_stage8f_shadow_20260613/theta030_free_sphere_shadow/output/case_VTK_P00_00000800.vti,96x80x180,Rho,False,0,0,0,0,0.0,0.9999993122331141,,,,True,0,135160,1247240,,
800,/mnt/8A0E24070E23EAC1/runs/tclb_pre2025_sphere_stage8f_shadow_20260613/theta030_free_sphere_shadow/output/case_VTK_P00_00000800.vti,96x80x180,WallStage8GradMode,False,0,0,0,0,1.0,1.0,,,,True,0,135160,1247240,,
800,/mnt/8A0E24070E23EAC1/runs/tclb_pre2025_sphere_stage8f_shadow_20260613/theta030_free_sphere_shadow/output/case_VTK_P00_00000800.vti,96x80x180,WallStage8ActiveWeight,False,0,0,0,0,0.0,1.0,,,,True,0,135160,1247240,,
800,/mnt/8A0E24070E23EAC1/runs/tclb_pre2025_sphere_stage8f_shadow_20260613/theta030_free_sphere_shadow/output/case_VTK_P00_00000800.vti,96x80x180,WallStage8NormalGradRaw,False,0,0,0,0,-0.1241659123251239,2.537004623352439e-05,,,,True,0,135160,1247240,,
800,/mnt/8A0E24070E23EAC1/runs/tclb_pre2025_sphere_stage8f_shadow_20260613/theta030_free_sphere_shadow/output/case_VTK_P00_00000800.vti,96x80x180,WallStage8NormalGradTarget,False,0,0,0,0,-0.7599818407158149,7.398653661340525e-15,,,,True,0,135160,1247240,,
800,/mnt/8A0E24070E23EAC1/runs/tclb_pre2025_sphere_stage8f_shadow_20260613/theta030_free_sphere_shadow/output/case_VTK_P00_00000800.vti,96x80x180,WallStage8ContactResidual,False,0,0,0,0,0.0,0.9996703243325256,,,,True,0,135160,1247240,,
800,/mnt/8A0E24070E23EAC1/runs/tclb_pre2025_sphere_stage8f_shadow_20260613/theta030_free_sphere_shadow/output/case_VTK_P00_00000800.vti,96x80x180,WallStage8TangentGradMag,False,0,0,0,0,0.0,0.14772550655302155,,,,True,0,135160,1247240,,
800,/mnt/8A0E24070E23EAC1/runs/tclb_pre2025_sphere_stage8f_shadow_20260613/theta030_free_sphere_shadow/output/case_VTK_P00_00000800.vti,96x80x180,WallStage8TargetCos,False,0,0,0,0,-0.981627183447664,3.8285686989269494e-16,,,,True,0,135160,1247240,,
800,/mnt/8A0E24070E23EAC1/runs/tclb_pre2025_sphere_stage8f_shadow_20260613/theta030_free_sphere_shadow/output/case_VTK_P00_00000800.vti,96x80x180,WallStage8GradWriteDeltaMag,False,0,0,0,0,0.0,0.05,,,,True,0,135160,1247240,,
800,/mnt/8A0E24070E23EAC1/runs/tclb_pre2025_sphere_stage8f_shadow_20260613/theta030_free_sphere_shadow/output/case_VTK_P00_00000800.vti,96x80x180,WallStage8LimiterReason,False,0,0,0,0,0.0,128.0,,,,True,0,135160,1247240,,
800,/mnt/8A0E24070E23EAC1/runs/tclb_pre2025_sphere_stage8f_shadow_20260613/theta030_free_sphere_shadow/output/case_VTK_P00_00000800.vti,96x80x180,WallStage8LocalWallAngle,False,0,0,0,0,0.0,1.5707963267948966,,,,True,0,135160,1247240,,
800,/mnt/8A0E24070E23EAC1/runs/tclb_pre2025_sphere_stage8f_shadow_20260613/theta030_free_sphere_shadow/output/case_VTK_P00_00000800.vti,96x80x180,WallStage8FluidWallAngle,False,0,0,0,0,0.0,1.570796326794897,,,,True,0,135160,1247240,,
800,/mnt/8A0E24070E23EAC1/runs/tclb_pre2025_sphere_stage8f_shadow_20260613/theta030_free_sphere_shadow/output/case_VTK_P00_00000800.vti,96x80x180,WallStage8FluidWallDataCount,False,0,0,0,0,0.0,19.0,,,,True,0,135160,1247240,,
800,/mnt/8A0E24070E23EAC1/runs/tclb_pre2025_sphere_stage8f_shadow_20260613/theta030_free_sphere_shadow/output/case_VTK_P00_00000800.vti,96x80x180,WallStage8GradCandidateUse,False,0,0,0,0,0.0,1.0,,,,True,0,135160,1247240,,
800,/mnt/8A0E24070E23EAC1/runs/tclb_pre2025_sphere_stage8f_shadow_20260613/theta030_free_sphere_shadow/output/case_VTK_P00_00000800.vti,96x80x180,WallStage8NormalAgreement,False,0,0,0,0,0.0,1.0000000000000002,,,,True,0,135160,1247240,,
800,/mnt/8A0E24070E23EAC1/runs/tclb_pre2025_sphere_stage8f_shadow_20260613/theta030_free_sphere_shadow/output/case_VTK_P00_00000800.vti,96x80x180,WallStage8UsedGeomNormal,False,0,0,0,0,0.0,1.0,,,,True,0,135160,1247240,,
800,/mnt/8A0E24070E23EAC1/runs/tclb_pre2025_sphere_stage8f_shadow_20260613/theta030_free_sphere_shadow/output/case_VTK_P00_00000800.vti,96x80x180,WallStage8TanCoeffLocal,False,0,0,0,0,-1.7948968977776758e-09,5.144553966670899,,,,True,0,135160,1247240,,
800,/mnt/8A0E24070E23EAC1/runs/tclb_pre2025_sphere_stage8f_shadow_20260613/theta030_free_sphere_shadow/output/case_VTK_P00_00000800.vti,96x80x180,WallStage8ThetaLocal,False,0,0,0,0,0.0,1.570796326794897,,,,True,0,135160,1247240,,
800,/mnt/8A0E24070E23EAC1/runs/tclb_pre2025_sphere_stage8f_shadow_20260613/theta030_free_sphere_shadow/output/case_VTK_P00_00000800.vti,96x80x180,WallStage8PhaseC,False,0,0,0,0,0.0,0.9873265888430918,,,,True,0,135160,1247240,,
800,/mnt/8A0E24070E23EAC1/runs/tclb_pre2025_sphere_stage8f_shadow_20260613/theta030_free_sphere_shadow/output/case_VTK_P00_00000800.vti,96x80x180,WallStage8GradMagRaw,False,0,0,0,0,0.0,0.16793672223354125,,,,True,0,135160,1247240,,
800,/mnt/8A0E24070E23EAC1/runs/tclb_pre2025_sphere_stage8f_shadow_20260613/theta030_free_sphere_shadow/output/case_VTK_P00_00000800.vti,96x80x180,WallStage8TangentGradRaw,False,0,0,0,0,0.0,0.14772550655302155,,,,True,0,135160,1247240,,
800,/mnt/8A0E24070E23EAC1/runs/tclb_pre2025_sphere_stage8f_shadow_20260613/theta030_free_sphere_shadow/output/case_VTK_P00_00000800.vti,96x80x180,WallStage8TargetNormalGrad,False,0,0,0,0,-0.7599818407158149,7.398653661340525e-15,,,,True,0,135160,1247240,,
800,/mnt/8A0E24070E23EAC1/runs/tclb_pre2025_sphere_stage8f_shadow_20260613/theta030_free_sphere_shadow/output/case_VTK_P00_00000800.vti,96x80x180,WallStage8NormalDeltaRaw,False,0,0,0,0,-0.6805084319709842,0.0,,,,True,0,135160,1247240,,
800,/mnt/8A0E24070E23EAC1/runs/tclb_pre2025_sphere_stage8f_shadow_20260613/theta030_free_sphere_shadow/output/case_VTK_P00_00000800.vti,96x80x180,WallStage8NormalDeltaLimited,False,0,0,0,0,-0.05,0.0,,,,True,0,135160,1247240,,
800,/mnt/8A0E24070E23EAC1/runs/tclb_pre2025_sphere_stage8f_shadow_20260613/theta030_free_sphere_shadow/output/case_VTK_P00_00000800.vti,96x80x180,WallStage8VectorDeltaRawMag,False,0,0,0,0,0.0,0.6805084319703036,,,,True,0,135160,1247240,,
800,/mnt/8A0E24070E23EAC1/runs/tclb_pre2025_sphere_stage8f_shadow_20260613/theta030_free_sphere_shadow/output/case_VTK_P00_00000800.vti,96x80x180,WallStage8VectorDeltaLimitedMag,False,0,0,0,0,0.0,0.05,,,,True,0,135160,1247240,,
800,/mnt/8A0E24070E23EAC1/runs/tclb_pre2025_sphere_stage8f_shadow_20260613/theta030_free_sphere_shadow/output/case_VTK_P00_00000800.vti,96x80x180,WallStage8NormalLimiterHit,False,0,0,0,0,0.0,1.0,,,,True,0,135160,1247240,,
800,/mnt/8A0E24070E23EAC1/runs/tclb_pre2025_sphere_stage8f_shadow_20260613/theta030_free_sphere_shadow/output/case_VTK_P00_00000800.vti,96x80x180,WallStage8VectorLimiterHit,False,0,0,0,0,0.0,0.0,,,,True,0,135160,1247240,,
800,/mnt/8A0E24070E23EAC1/runs/tclb_pre2025_sphere_stage8f_shadow_20260613/theta030_free_sphere_shadow/output/case_VTK_P00_00000800.vti,96x80x180,WallStage8LimiterRatio,False,0,0,0,0,0.03792263357967484,1.0,,,,True,0,135160,1247240,,
800,/mnt/8A0E24070E23EAC1/runs/tclb_pre2025_sphere_stage8f_shadow_20260613/theta030_free_sphere_shadow/output/case_VTK_P00_00000800.vti,96x80x180,WallStage8RegionTag,False,0,0,0,0,0.0,4.0,,,,True,0,135160,1247240,,
800,/mnt/8A0E24070E23EAC1/runs/tclb_pre2025_sphere_stage8f_shadow_20260613/theta030_free_sphere_shadow/output/case_VTK_P00_00000800.vti,96x80x180,WallStage8SphereRadialDot,False,0,0,0,0,-0.9999853205622216,1.0000000000000002,,,,True,0,135160,1247240,,
800,/mnt/8A0E24070E23EAC1/runs/tclb_pre2025_sphere_stage8f_shadow_20260613/theta030_free_sphere_shadow/output/case_VTK_P00_00000800.vti,96x80x180,WallStage8ContactBandTag,False,0,0,0,0,0.0,7.0,,,,True,0,135160,1247240,,
800,/mnt/8A0E24070E23EAC1/runs/tclb_pre2025_sphere_stage8f_shadow_20260613/theta030_free_sphere_shadow/output/case_VTK_P00_00000800.vti,96x80x180,WallStage8eDnRaw,False,0,0,0,0,-0.6805084319709842,0.0,,,,True,0,135160,1247240,,
800,/mnt/8A0E24070E23EAC1/runs/tclb_pre2025_sphere_stage8f_shadow_20260613/theta030_free_sphere_shadow/output/case_VTK_P00_00000800.vti,96x80x180,WallStage8eDnTry,False,0,0,0,0,-0.6805084319703036,0.0,,,,True,0,135160,1247240,,
800,/mnt/8A0E24070E23EAC1/runs/tclb_pre2025_sphere_stage8f_shadow_20260613/theta030_free_sphere_shadow/output/case_VTK_P00_00000800.vti,96x80x180,WallStage8eDnLimited,False,0,0,0,0,-0.05,0.0,,,,True,0,135160,1247240,,
800,/mnt/8A0E24070E23EAC1/runs/tclb_pre2025_sphere_stage8f_shadow_20260613/theta030_free_sphere_shadow/output/case_VTK_P00_00000800.vti,96x80x180,WallStage8eAbsCap,False,0,0,0,0,0.0,0.05,,,,True,0,135160,1247240,,
800,/mnt/8A0E24070E23EAC1/runs/tclb_pre2025_sphere_stage8f_shadow_20260613/theta030_free_sphere_shadow/output/case_VTK_P00_00000800.vti,96x80x180,WallStage8eRatioCap,False,0,0,0,0,0.0,0.06208295616256195,,,,True,0,135160,1247240,,
800,/mnt/8A0E24070E23EAC1/runs/tclb_pre2025_sphere_stage8f_shadow_20260613/theta030_free_sphere_shadow/output/case_VTK_P00_00000800.vti,96x80x180,WallStage8eEffectiveCap,False,0,0,0,0,0.0,0.05,,,,True,0,135160,1247240,,
800,/mnt/8A0E24070E23EAC1/runs/tclb_pre2025_sphere_stage8f_shadow_20260613/theta030_free_sphere_shadow/output/case_VTK_P00_00000800.vti,96x80x180,WallStage8eCapSource,False,0,0,0,0,0.0,2.0,,,,True,0,135160,1247240,,
800,/mnt/8A0E24070E23EAC1/runs/tclb_pre2025_sphere_stage8f_shadow_20260613/theta030_free_sphere_shadow/output/case_VTK_P00_00000800.vti,96x80x180,WallStage8eCapDemandRatio,False,0,0,0,0,0.0,26.36947663191735,,,,True,0,135160,1247240,,
800,/mnt/8A0E24070E23EAC1/runs/tclb_pre2025_sphere_stage8f_shadow_20260613/theta030_free_sphere_shadow/output/case_VTK_P00_00000800.vti,96x80x180,WallStage8eNormalRawAbs,False,0,0,0,0,0.0,0.1241659123251239,,,,True,0,135160,1247240,,
800,/mnt/8A0E24070E23EAC1/runs/tclb_pre2025_sphere_stage8f_shadow_20260613/theta030_free_sphere_shadow/output/case_VTK_P00_00000800.vti,96x80x180,WallStage8eTargetNormalAbs,False,0,0,0,0,0.0,0.7599818407158149,,,,True,0,135160,1247240,,
800,/mnt/8A0E24070E23EAC1/runs/tclb_pre2025_sphere_stage8f_shadow_20260613/theta030_free_sphere_shadow/output/case_VTK_P00_00000800.vti,96x80x180,WallStage8eTargetMinusRawAbs,False,0,0,0,0,0.0,0.6805084319709842,,,,True,0,135160,1247240,,
800,/mnt/8A0E24070E23EAC1/runs/tclb_pre2025_sphere_stage8f_shadow_20260613/theta030_free_sphere_shadow/output/case_VTK_P00_00000800.vti,96x80x180,WallStage8eSmoothWeightC,False,0,0,0,0,0.0,1.0,,,,True,0,135160,1247240,,
800,/mnt/8A0E24070E23EAC1/runs/tclb_pre2025_sphere_stage8f_shadow_20260613/theta030_free_sphere_shadow/output/case_VTK_P00_00000800.vti,96x80x180,WallStage8eSmoothWeightG,False,0,0,0,0,0.0,1.0,,,,True,0,135160,1247240,,
800,/mnt/8A0E24070E23EAC1/runs/tclb_pre2025_sphere_stage8f_shadow_20260613/theta030_free_sphere_shadow/output/case_VTK_P00_00000800.vti,96x80x180,WallStage8eSmoothWeightT,False,0,0,0,0,0.0,1.0,,,,True,0,135160,1247240,,
800,/mnt/8A0E24070E23EAC1/runs/tclb_pre2025_sphere_stage8f_shadow_20260613/theta030_free_sphere_shadow/output/case_VTK_P00_00000800.vti,96x80x180,WallStage8eSmoothWeightTotal,False,0,0,0,0,0.0,1.0,,,,True,0,135160,1247240,,
800,/mnt/8A0E24070E23EAC1/runs/tclb_pre2025_sphere_stage8f_shadow_20260613/theta030_free_sphere_shadow/output/case_VTK_P00_00000800.vti,96x80x180,WallStage8eTanCoeffTimesTangent,False,0,0,0,0,0.0,0.7599818407158149,,,,True,0,135160,1247240,,
800,/mnt/8A0E24070E23EAC1/runs/tclb_pre2025_sphere_stage8f_shadow_20260613/theta030_free_sphere_shadow/output/case_VTK_P00_00000800.vti,96x80x180,WallStage8eLimiterClass,False,0,0,0,0,-1.0,2.0,,,,True,0,135160,1247240,,
800,/mnt/8A0E24070E23EAC1/runs/tclb_pre2025_sphere_stage8f_shadow_20260613/theta030_free_sphere_shadow/output/case_VTK_P00_00000800.vti,96x80x180,WallStage8eWallProfileConflict,False,0,0,0,0,0.0,0.0,,,,True,0,135160,1247240,,
900,/mnt/8A0E24070E23EAC1/runs/tclb_pre2025_sphere_stage8f_shadow_20260613/theta030_free_sphere_shadow/output/case_VTK_P00_00000900.vti,96x80x180,PhaseField,False,0,0,0,0,3.5646912062052997e-14,1.0,,,57848,True,0,135160,1247240,,
900,/mnt/8A0E24070E23EAC1/runs/tclb_pre2025_sphere_stage8f_shadow_20260613/theta030_free_sphere_shadow/output/case_VTK_P00_00000900.vti,96x80x180,U,False,0,0,0,0,-0.00015710137748129209,0.00015710913918813734,,,,True,0,135160,1247240,0.00017934596954740856,4.4283046603619355e-06
900,/mnt/8A0E24070E23EAC1/runs/tclb_pre2025_sphere_stage8f_shadow_20260613/theta030_free_sphere_shadow/output/case_VTK_P00_00000900.vti,96x80x180,P,False,0,0,0,0,-3.770850274143263e-06,4.358145917210255e-06,,,,True,0,135160,1247240,,
900,/mnt/8A0E24070E23EAC1/runs/tclb_pre2025_sphere_stage8f_shadow_20260613/theta030_free_sphere_shadow/output/case_VTK_P00_00000900.vti,96x80x180,Rho,False,0,0,0,0,0.0,0.9999946901792008,,,,True,0,135160,1247240,,
900,/mnt/8A0E24070E23EAC1/runs/tclb_pre2025_sphere_stage8f_shadow_20260613/theta030_free_sphere_shadow/output/case_VTK_P00_00000900.vti,96x80x180,WallStage8GradMode,False,0,0,0,0,1.0,1.0,,,,True,0,135160,1247240,,
900,/mnt/8A0E24070E23EAC1/runs/tclb_pre2025_sphere_stage8f_shadow_20260613/theta030_free_sphere_shadow/output/case_VTK_P00_00000900.vti,96x80x180,WallStage8ActiveWeight,False,0,0,0,0,0.0,1.0,,,,True,0,135160,1247240,,
900,/mnt/8A0E24070E23EAC1/runs/tclb_pre2025_sphere_stage8f_shadow_20260613/theta030_free_sphere_shadow/output/case_VTK_P00_00000900.vti,96x80x180,WallStage8NormalGradRaw,False,0,0,0,0,-0.125534975466531,2.5359065594173575e-05,,,,True,0,135160,1247240,,
900,/mnt/8A0E24070E23EAC1/runs/tclb_pre2025_sphere_stage8f_shadow_20260613/theta030_free_sphere_shadow/output/case_VTK_P00_00000900.vti,96x80x180,WallStage8NormalGradTarget,False,0,0,0,0,-0.7578682029747223,7.39553708355283e-15,,,,True,0,135160,1247240,,
900,/mnt/8A0E24070E23EAC1/runs/tclb_pre2025_sphere_stage8f_shadow_20260613/theta030_free_sphere_shadow/output/case_VTK_P00_00000900.vti,96x80x180,WallStage8ContactResidual,False,0,0,0,0,0.0,0.9996709024542241,,,,True,0,135160,1247240,,
900,/mnt/8A0E24070E23EAC1/runs/tclb_pre2025_sphere_stage8f_shadow_20260613/theta030_free_sphere_shadow/output/case_VTK_P00_00000900.vti,96x80x180,WallStage8TangentGradMag,False,0,0,0,0,0.0,0.14731465699156573,,,,True,0,135160,1247240,,
900,/mnt/8A0E24070E23EAC1/runs/tclb_pre2025_sphere_stage8f_shadow_20260613/theta030_free_sphere_shadow/output/case_VTK_P00_00000900.vti,96x80x180,WallStage8TargetCos,False,0,0,0,0,-0.981627183447664,3.8285686989269494e-16,,,,True,0,135160,1247240,,
900,/mnt/8A0E24070E23EAC1/runs/tclb_pre2025_sphere_stage8f_shadow_20260613/theta030_free_sphere_shadow/output/case_VTK_P00_00000900.vti,96x80x180,WallStage8GradWriteDeltaMag,False,0,0,0,0,0.0,0.05,,,,True,0,135160,1247240,,
900,/mnt/8A0E24070E23EAC1/runs/tclb_pre2025_sphere_stage8f_shadow_20260613/theta030_free_sphere_shadow/output/case_VTK_P00_00000900.vti,96x80x180,WallStage8LimiterReason,False,0,0,0,0,0.0,128.0,,,,True,0,135160,1247240,,
900,/mnt/8A0E24070E23EAC1/runs/tclb_pre2025_sphere_stage8f_shadow_20260613/theta030_free_sphere_shadow/output/case_VTK_P00_00000900.vti,96x80x180,WallStage8LocalWallAngle,False,0,0,0,0,0.0,1.5707963267948966,,,,True,0,135160,1247240,,
900,/mnt/8A0E24070E23EAC1/runs/tclb_pre2025_sphere_stage8f_shadow_20260613/theta030_free_sphere_shadow/output/case_VTK_P00_00000900.vti,96x80x180,WallStage8FluidWallAngle,False,0,0,0,0,0.0,1.570796326794897,,,,True,0,135160,1247240,,
900,/mnt/8A0E24070E23EAC1/runs/tclb_pre2025_sphere_stage8f_shadow_20260613/theta030_free_sphere_shadow/output/case_VTK_P00_00000900.vti,96x80x180,WallStage8FluidWallDataCount,False,0,0,0,0,0.0,19.0,,,,True,0,135160,1247240,,
900,/mnt/8A0E24070E23EAC1/runs/tclb_pre2025_sphere_stage8f_shadow_20260613/theta030_free_sphere_shadow/output/case_VTK_P00_00000900.vti,96x80x180,WallStage8GradCandidateUse,False,0,0,0,0,0.0,1.0,,,,True,0,135160,1247240,,
900,/mnt/8A0E24070E23EAC1/runs/tclb_pre2025_sphere_stage8f_shadow_20260613/theta030_free_sphere_shadow/output/case_VTK_P00_00000900.vti,96x80x180,WallStage8NormalAgreement,False,0,0,0,0,0.0,1.0000000000000002,,,,True,0,135160,1247240,,
900,/mnt/8A0E24070E23EAC1/runs/tclb_pre2025_sphere_stage8f_shadow_20260613/theta030_free_sphere_shadow/output/case_VTK_P00_00000900.vti,96x80x180,WallStage8UsedGeomNormal,False,0,0,0,0,0.0,1.0,,,,True,0,135160,1247240,,
900,/mnt/8A0E24070E23EAC1/runs/tclb_pre2025_sphere_stage8f_shadow_20260613/theta030_free_sphere_shadow/output/case_VTK_P00_00000900.vti,96x80x180,WallStage8TanCoeffLocal,False,0,0,0,0,-1.7948968977776758e-09,5.144553966670899,,,,True,0,135160,1247240,,
900,/mnt/8A0E24070E23EAC1/runs/tclb_pre2025_sphere_stage8f_shadow_20260613/theta030_free_sphere_shadow/output/case_VTK_P00_00000900.vti,96x80x180,WallStage8ThetaLocal,False,0,0,0,0,0.0,1.570796326794897,,,,True,0,135160,1247240,,
900,/mnt/8A0E24070E23EAC1/runs/tclb_pre2025_sphere_stage8f_shadow_20260613/theta030_free_sphere_shadow/output/case_VTK_P00_00000900.vti,96x80x180,WallStage8PhaseC,False,0,0,0,0,0.0,0.9882993228971753,,,,True,0,135160,1247240,,
900,/mnt/8A0E24070E23EAC1/runs/tclb_pre2025_sphere_stage8f_shadow_20260613/theta030_free_sphere_shadow/output/case_VTK_P00_00000900.vti,96x80x180,WallStage8GradMagRaw,False,0,0,0,0,0.0,0.16780660509727105,,,,True,0,135160,1247240,,
900,/mnt/8A0E24070E23EAC1/runs/tclb_pre2025_sphere_stage8f_shadow_20260613/theta030_free_sphere_shadow/output/case_VTK_P00_00000900.vti,96x80x180,WallStage8TangentGradRaw,False,0,0,0,0,0.0,0.14731465699156573,,,,True,0,135160,1247240,,
900,/mnt/8A0E24070E23EAC1/runs/tclb_pre2025_sphere_stage8f_shadow_20260613/theta030_free_sphere_shadow/output/case_VTK_P00_00000900.vti,96x80x180,WallStage8TargetNormalGrad,False,0,0,0,0,-0.7578682029747223,7.39553708355283e-15,,,,True,0,135160,1247240,,
900,/mnt/8A0E24070E23EAC1/runs/tclb_pre2025_sphere_stage8f_shadow_20260613/theta030_free_sphere_shadow/output/case_VTK_P00_00000900.vti,96x80x180,WallStage8NormalDeltaRaw,False,0,0,0,0,-0.6797815496082015,0.0,,,,True,0,135160,1247240,,
900,/mnt/8A0E24070E23EAC1/runs/tclb_pre2025_sphere_stage8f_shadow_20260613/theta030_free_sphere_shadow/output/case_VTK_P00_00000900.vti,96x80x180,WallStage8NormalDeltaLimited,False,0,0,0,0,-0.05,0.0,,,,True,0,135160,1247240,,
900,/mnt/8A0E24070E23EAC1/runs/tclb_pre2025_sphere_stage8f_shadow_20260613/theta030_free_sphere_shadow/output/case_VTK_P00_00000900.vti,96x80x180,WallStage8VectorDeltaRawMag,False,0,0,0,0,0.0,0.6797815496075217,,,,True,0,135160,1247240,,
900,/mnt/8A0E24070E23EAC1/runs/tclb_pre2025_sphere_stage8f_shadow_20260613/theta030_free_sphere_shadow/output/case_VTK_P00_00000900.vti,96x80x180,WallStage8VectorDeltaLimitedMag,False,0,0,0,0,0.0,0.05,,,,True,0,135160,1247240,,
900,/mnt/8A0E24070E23EAC1/runs/tclb_pre2025_sphere_stage8f_shadow_20260613/theta030_free_sphere_shadow/output/case_VTK_P00_00000900.vti,96x80x180,WallStage8NormalLimiterHit,False,0,0,0,0,0.0,1.0,,,,True,0,135160,1247240,,
900,/mnt/8A0E24070E23EAC1/runs/tclb_pre2025_sphere_stage8f_shadow_20260613/theta030_free_sphere_shadow/output/case_VTK_P00_00000900.vti,96x80x180,WallStage8VectorLimiterHit,False,0,0,0,0,0.0,0.0,,,,True,0,135160,1247240,,
900,/mnt/8A0E24070E23EAC1/runs/tclb_pre2025_sphere_stage8f_shadow_20260613/theta030_free_sphere_shadow/output/case_VTK_P00_00000900.vti,96x80x180,WallStage8LimiterRatio,False,0,0,0,0,0.037591983526411285,1.0,,,,True,0,135160,1247240,,
900,/mnt/8A0E24070E23EAC1/runs/tclb_pre2025_sphere_stage8f_shadow_20260613/theta030_free_sphere_shadow/output/case_VTK_P00_00000900.vti,96x80x180,WallStage8RegionTag,False,0,0,0,0,0.0,4.0,,,,True,0,135160,1247240,,
900,/mnt/8A0E24070E23EAC1/runs/tclb_pre2025_sphere_stage8f_shadow_20260613/theta030_free_sphere_shadow/output/case_VTK_P00_00000900.vti,96x80x180,WallStage8SphereRadialDot,False,0,0,0,0,-0.9999853205622216,1.0000000000000002,,,,True,0,135160,1247240,,
900,/mnt/8A0E24070E23EAC1/runs/tclb_pre2025_sphere_stage8f_shadow_20260613/theta030_free_sphere_shadow/output/case_VTK_P00_00000900.vti,96x80x180,WallStage8ContactBandTag,False,0,0,0,0,0.0,7.0,,,,True,0,135160,1247240,,
900,/mnt/8A0E24070E23EAC1/runs/tclb_pre2025_sphere_stage8f_shadow_20260613/theta030_free_sphere_shadow/output/case_VTK_P00_00000900.vti,96x80x180,WallStage8eDnRaw,False,0,0,0,0,-0.6797815496082015,0.0,,,,True,0,135160,1247240,,
900,/mnt/8A0E24070E23EAC1/runs/tclb_pre2025_sphere_stage8f_shadow_20260613/theta030_free_sphere_shadow/output/case_VTK_P00_00000900.vti,96x80x180,WallStage8eDnTry,False,0,0,0,0,-0.6797815496075217,0.0,,,,True,0,135160,1247240,,
900,/mnt/8A0E24070E23EAC1/runs/tclb_pre2025_sphere_stage8f_shadow_20260613/theta030_free_sphere_shadow/output/case_VTK_P00_00000900.vti,96x80x180,WallStage8eDnLimited,False,0,0,0,0,-0.05,0.0,,,,True,0,135160,1247240,,
900,/mnt/8A0E24070E23EAC1/runs/tclb_pre2025_sphere_stage8f_shadow_20260613/theta030_free_sphere_shadow/output/case_VTK_P00_00000900.vti,96x80x180,WallStage8eAbsCap,False,0,0,0,0,0.0,0.05,,,,True,0,135160,1247240,,
900,/mnt/8A0E24070E23EAC1/runs/tclb_pre2025_sphere_stage8f_shadow_20260613/theta030_free_sphere_shadow/output/case_VTK_P00_00000900.vti,96x80x180,WallStage8eRatioCap,False,0,0,0,0,0.0,0.0627674877332655,,,,True,0,135160,1247240,,
900,/mnt/8A0E24070E23EAC1/runs/tclb_pre2025_sphere_stage8f_shadow_20260613/theta030_free_sphere_shadow/output/case_VTK_P00_00000900.vti,96x80x180,WallStage8eEffectiveCap,False,0,0,0,0,0.0,0.05,,,,True,0,135160,1247240,,
900,/mnt/8A0E24070E23EAC1/runs/tclb_pre2025_sphere_stage8f_shadow_20260613/theta030_free_sphere_shadow/output/case_VTK_P00_00000900.vti,96x80x180,WallStage8eCapSource,False,0,0,0,0,0.0,2.0,,,,True,0,135160,1247240,,
900,/mnt/8A0E24070E23EAC1/runs/tclb_pre2025_sphere_stage8f_shadow_20260613/theta030_free_sphere_shadow/output/case_VTK_P00_00000900.vti,96x80x180,WallStage8eCapDemandRatio,False,0,0,0,0,0.0,26.601416211448974,,,,True,0,135160,1247240,,
900,/mnt/8A0E24070E23EAC1/runs/tclb_pre2025_sphere_stage8f_shadow_20260613/theta030_free_sphere_shadow/output/case_VTK_P00_00000900.vti,96x80x180,WallStage8eNormalRawAbs,False,0,0,0,0,0.0,0.125534975466531,,,,True,0,135160,1247240,,
900,/mnt/8A0E24070E23EAC1/runs/tclb_pre2025_sphere_stage8f_shadow_20260613/theta030_free_sphere_shadow/output/case_VTK_P00_00000900.vti,96x80x180,WallStage8eTargetNormalAbs,False,0,0,0,0,0.0,0.7578682029747223,,,,True,0,135160,1247240,,
900,/mnt/8A0E24070E23EAC1/runs/tclb_pre2025_sphere_stage8f_shadow_20260613/theta030_free_sphere_shadow/output/case_VTK_P00_00000900.vti,96x80x180,WallStage8eTargetMinusRawAbs,False,0,0,0,0,0.0,0.6797815496082015,,,,True,0,135160,1247240,,
900,/mnt/8A0E24070E23EAC1/runs/tclb_pre2025_sphere_stage8f_shadow_20260613/theta030_free_sphere_shadow/output/case_VTK_P00_00000900.vti,96x80x180,WallStage8eSmoothWeightC,False,0,0,0,0,0.0,1.0,,,,True,0,135160,1247240,,
900,/mnt/8A0E24070E23EAC1/runs/tclb_pre2025_sphere_stage8f_shadow_20260613/theta030_free_sphere_shadow/output/case_VTK_P00_00000900.vti,96x80x180,WallStage8eSmoothWeightG,False,0,0,0,0,0.0,1.0,,,,True,0,135160,1247240,,
900,/mnt/8A0E24070E23EAC1/runs/tclb_pre2025_sphere_stage8f_shadow_20260613/theta030_free_sphere_shadow/output/case_VTK_P00_00000900.vti,96x80x180,WallStage8eSmoothWeightT,False,0,0,0,0,0.0,1.0,,,,True,0,135160,1247240,,
900,/mnt/8A0E24070E23EAC1/runs/tclb_pre2025_sphere_stage8f_shadow_20260613/theta030_free_sphere_shadow/output/case_VTK_P00_00000900.vti,96x80x180,WallStage8eSmoothWeightTotal,False,0,0,0,0,0.0,1.0,,,,True,0,135160,1247240,,
900,/mnt/8A0E24070E23EAC1/runs/tclb_pre2025_sphere_stage8f_shadow_20260613/theta030_free_sphere_shadow/output/case_VTK_P00_00000900.vti,96x80x180,WallStage8eTanCoeffTimesTangent,False,0,0,0,0,0.0,0.7578682029747223,,,,True,0,135160,1247240,,
900,/mnt/8A0E24070E23EAC1/runs/tclb_pre2025_sphere_stage8f_shadow_20260613/theta030_free_sphere_shadow/output/case_VTK_P00_00000900.vti,96x80x180,WallStage8eLimiterClass,False,0,0,0,0,-1.0,2.0,,,,True,0,135160,1247240,,
900,/mnt/8A0E24070E23EAC1/runs/tclb_pre2025_sphere_stage8f_shadow_20260613/theta030_free_sphere_shadow/output/case_VTK_P00_00000900.vti,96x80x180,WallStage8eWallProfileConflict,False,0,0,0,0,0.0,0.0,,,,True,0,135160,1247240,,
1000,/mnt/8A0E24070E23EAC1/runs/tclb_pre2025_sphere_stage8f_shadow_20260613/theta030_free_sphere_shadow/output/case_VTK_P00_00001000.vti,96x80x180,PhaseField,False,0,0,0,0,1.182976448933088e-13,1.0,,,57840,True,0,135160,1247240,,
1000,/mnt/8A0E24070E23EAC1/runs/tclb_pre2025_sphere_stage8f_shadow_20260613/theta030_free_sphere_shadow/output/case_VTK_P00_00001000.vti,96x80x180,U,False,0,0,0,0,-0.00015558742089681062,0.00015559373132208558,,,,True,0,135160,1247240,0.0001780707210857279,5.052379695493979e-06
1000,/mnt/8A0E24070E23EAC1/runs/tclb_pre2025_sphere_stage8f_shadow_20260613/theta030_free_sphere_shadow/output/case_VTK_P00_00001000.vti,96x80x180,P,False,0,0,0,0,-3.970127077181022e-06,3.890204148197698e-06,,,,True,0,135160,1247240,,
1000,/mnt/8A0E24070E23EAC1/runs/tclb_pre2025_sphere_stage8f_shadow_20260613/theta030_free_sphere_shadow/output/case_VTK_P00_00001000.vti,96x80x180,Rho,False,0,0,0,0,0.0,0.9999952160320402,,,,True,0,135160,1247240,,
1000,/mnt/8A0E24070E23EAC1/runs/tclb_pre2025_sphere_stage8f_shadow_20260613/theta030_free_sphere_shadow/output/case_VTK_P00_00001000.vti,96x80x180,WallStage8GradMode,False,0,0,0,0,1.0,1.0,,,,True,0,135160,1247240,,
1000,/mnt/8A0E24070E23EAC1/runs/tclb_pre2025_sphere_stage8f_shadow_20260613/theta030_free_sphere_shadow/output/case_VTK_P00_00001000.vti,96x80x180,WallStage8ActiveWeight,False,0,0,0,0,0.0,1.0,,,,True,0,135160,1247240,,
1000,/mnt/8A0E24070E23EAC1/runs/tclb_pre2025_sphere_stage8f_shadow_20260613/theta030_free_sphere_shadow/output/case_VTK_P00_00001000.vti,96x80x180,WallStage8NormalGradRaw,False,0,0,0,0,-0.1266997995757205,2.5346116309320303e-05,,,,True,0,135160,1247240,,
1000,/mnt/8A0E24070E23EAC1/runs/tclb_pre2025_sphere_stage8f_shadow_20260613/theta030_free_sphere_shadow/output/case_VTK_P00_00001000.vti,96x80x180,WallStage8NormalGradTarget,False,0,0,0,0,-0.7541469708953487,7.391827049096085e-15,,,,True,0,135160,1247240,,
1000,/mnt/8A0E24070E23EAC1/runs/tclb_pre2025_sphere_stage8f_shadow_20260613/theta030_free_sphere_shadow/output/case_VTK_P00_00001000.vti,96x80x180,WallStage8ContactResidual,False,0,0,0,0,0.0,0.9996714197940135,,,,True,0,135160,1247240,,
1000,/mnt/8A0E24070E23EAC1/runs/tclb_pre2025_sphere_stage8f_shadow_20260613/theta030_free_sphere_shadow/output/case_VTK_P00_00001000.vti,96x80x180,WallStage8TangentGradMag,False,0,0,0,0,0.0,0.14659132274267228,,,,True,0,135160,1247240,,
1000,/mnt/8A0E24070E23EAC1/runs/tclb_pre2025_sphere_stage8f_shadow_20260613/theta030_free_sphere_shadow/output/case_VTK_P00_00001000.vti,96x80x180,WallStage8TargetCos,False,0,0,0,0,-0.981627183447664,3.8285686989269494e-16,,,,True,0,135160,1247240,,
1000,/mnt/8A0E24070E23EAC1/runs/tclb_pre2025_sphere_stage8f_shadow_20260613/theta030_free_sphere_shadow/output/case_VTK_P00_00001000.vti,96x80x180,WallStage8GradWriteDeltaMag,False,0,0,0,0,0.0,0.05,,,,True,0,135160,1247240,,
1000,/mnt/8A0E24070E23EAC1/runs/tclb_pre2025_sphere_stage8f_shadow_20260613/theta030_free_sphere_shadow/output/case_VTK_P00_00001000.vti,96x80x180,WallStage8LimiterReason,False,0,0,0,0,0.0,128.0,,,,True,0,135160,1247240,,
1000,/mnt/8A0E24070E23EAC1/runs/tclb_pre2025_sphere_stage8f_shadow_20260613/theta030_free_sphere_shadow/output/case_VTK_P00_00001000.vti,96x80x180,WallStage8LocalWallAngle,False,0,0,0,0,0.0,1.5707963267948966,,,,True,0,135160,1247240,,
1000,/mnt/8A0E24070E23EAC1/runs/tclb_pre2025_sphere_stage8f_shadow_20260613/theta030_free_sphere_shadow/output/case_VTK_P00_00001000.vti,96x80x180,WallStage8FluidWallAngle,False,0,0,0,0,0.0,1.570796326794897,,,,True,0,135160,1247240,,
1000,/mnt/8A0E24070E23EAC1/runs/tclb_pre2025_sphere_stage8f_shadow_20260613/theta030_free_sphere_shadow/output/case_VTK_P00_00001000.vti,96x80x180,WallStage8FluidWallDataCount,False,0,0,0,0,0.0,19.0,,,,True,0,135160,1247240,,
1000,/mnt/8A0E24070E23EAC1/runs/tclb_pre2025_sphere_stage8f_shadow_20260613/theta030_free_sphere_shadow/output/case_VTK_P00_00001000.vti,96x80x180,WallStage8GradCandidateUse,False,0,0,0,0,0.0,1.0,,,,True,0,135160,1247240,,
1000,/mnt/8A0E24070E23EAC1/runs/tclb_pre2025_sphere_stage8f_shadow_20260613/theta030_free_sphere_shadow/output/case_VTK_P00_00001000.vti,96x80x180,WallStage8NormalAgreement,False,0,0,0,0,0.0,1.0000000000000002,,,,True,0,135160,1247240,,
1000,/mnt/8A0E24070E23EAC1/runs/tclb_pre2025_sphere_stage8f_shadow_20260613/theta030_free_sphere_shadow/output/case_VTK_P00_00001000.vti,96x80x180,WallStage8UsedGeomNormal,False,0,0,0,0,0.0,1.0,,,,True,0,135160,1247240,,
1000,/mnt/8A0E24070E23EAC1/runs/tclb_pre2025_sphere_stage8f_shadow_20260613/theta030_free_sphere_shadow/output/case_VTK_P00_00001000.vti,96x80x180,WallStage8TanCoeffLocal,False,0,0,0,0,-1.7948968977776758e-09,5.144553966670899,,,,True,0,135160,1247240,,
1000,/mnt/8A0E24070E23EAC1/runs/tclb_pre2025_sphere_stage8f_shadow_20260613/theta030_free_sphere_shadow/output/case_VTK_P00_00001000.vti,96x80x180,WallStage8ThetaLocal,False,0,0,0,0,0.0,1.570796326794897,,,,True,0,135160,1247240,,
1000,/mnt/8A0E24070E23EAC1/runs/tclb_pre2025_sphere_stage8f_shadow_20260613/theta030_free_sphere_shadow/output/case_VTK_P00_00001000.vti,96x80x180,WallStage8PhaseC,False,0,0,0,0,0.0,0.989101472044646,,,,True,0,135160,1247240,,
1000,/mnt/8A0E24070E23EAC1/runs/tclb_pre2025_sphere_stage8f_shadow_20260613/theta030_free_sphere_shadow/output/case_VTK_P00_00001000.vti,96x80x180,WallStage8GradMagRaw,False,0,0,0,0,0.0,0.16863115364848166,,,,True,0,135160,1247240,,
1000,/mnt/8A0E24070E23EAC1/runs/tclb_pre2025_sphere_stage8f_shadow_20260613/theta030_free_sphere_shadow/output/case_VTK_P00_00001000.vti,96x80x180,WallStage8TangentGradRaw,False,0,0,0,0,0.0,0.14659132274267228,,,,True,0,135160,1247240,,
1000,/mnt/8A0E24070E23EAC1/runs/tclb_pre2025_sphere_stage8f_shadow_20260613/theta030_free_sphere_shadow/output/case_VTK_P00_00001000.vti,96x80x180,WallStage8TargetNormalGrad,False,0,0,0,0,-0.7541469708953487,7.391827049096085e-15,,,,True,0,135160,1247240,,
1000,/mnt/8A0E24070E23EAC1/runs/tclb_pre2025_sphere_stage8f_shadow_20260613/theta030_free_sphere_shadow/output/case_VTK_P00_00001000.vti,96x80x180,WallStage8NormalDeltaRaw,False,0,0,0,0,-0.6773997843560622,0.0,,,,True,0,135160,1247240,,
1000,/mnt/8A0E24070E23EAC1/runs/tclb_pre2025_sphere_stage8f_shadow_20260613/theta030_free_sphere_shadow/output/case_VTK_P00_00001000.vti,96x80x180,WallStage8NormalDeltaLimited,False,0,0,0,0,-0.05,0.0,,,,True,0,135160,1247240,,
1000,/mnt/8A0E24070E23EAC1/runs/tclb_pre2025_sphere_stage8f_shadow_20260613/theta030_free_sphere_shadow/output/case_VTK_P00_00001000.vti,96x80x180,WallStage8VectorDeltaRawMag,False,0,0,0,0,0.0,0.6773997843553847,,,,True,0,135160,1247240,,
1000,/mnt/8A0E24070E23EAC1/runs/tclb_pre2025_sphere_stage8f_shadow_20260613/theta030_free_sphere_shadow/output/case_VTK_P00_00001000.vti,96x80x180,WallStage8VectorDeltaLimitedMag,False,0,0,0,0,0.0,0.05,,,,True,0,135160,1247240,,
1000,/mnt/8A0E24070E23EAC1/runs/tclb_pre2025_sphere_stage8f_shadow_20260613/theta030_free_sphere_shadow/output/case_VTK_P00_00001000.vti,96x80x180,WallStage8NormalLimiterHit,False,0,0,0,0,0.0,1.0,,,,True,0,135160,1247240,,
1000,/mnt/8A0E24070E23EAC1/runs/tclb_pre2025_sphere_stage8f_shadow_20260613/theta030_free_sphere_shadow/output/case_VTK_P00_00001000.vti,96x80x180,WallStage8VectorLimiterHit,False,0,0,0,0,0.0,0.0,,,,True,0,135160,1247240,,
1000,/mnt/8A0E24070E23EAC1/runs/tclb_pre2025_sphere_stage8f_shadow_20260613/theta030_free_sphere_shadow/output/case_VTK_P00_00001000.vti,96x80x180,WallStage8LimiterRatio,False,0,0,0,0,0.03790967643052035,1.0,,,,True,0,135160,1247240,,
1000,/mnt/8A0E24070E23EAC1/runs/tclb_pre2025_sphere_stage8f_shadow_20260613/theta030_free_sphere_shadow/output/case_VTK_P00_00001000.vti,96x80x180,WallStage8RegionTag,False,0,0,0,0,0.0,4.0,,,,True,0,135160,1247240,,
1000,/mnt/8A0E24070E23EAC1/runs/tclb_pre2025_sphere_stage8f_shadow_20260613/theta030_free_sphere_shadow/output/case_VTK_P00_00001000.vti,96x80x180,WallStage8SphereRadialDot,False,0,0,0,0,-0.9999853205622216,1.0000000000000002,,,,True,0,135160,1247240,,
1000,/mnt/8A0E24070E23EAC1/runs/tclb_pre2025_sphere_stage8f_shadow_20260613/theta030_free_sphere_shadow/output/case_VTK_P00_00001000.vti,96x80x180,WallStage8ContactBandTag,False,0,0,0,0,0.0,7.0,,,,True,0,135160,1247240,,
1000,/mnt/8A0E24070E23EAC1/runs/tclb_pre2025_sphere_stage8f_shadow_20260613/theta030_free_sphere_shadow/output/case_VTK_P00_00001000.vti,96x80x180,WallStage8eDnRaw,False,0,0,0,0,-0.6773997843560622,0.0,,,,True,0,135160,1247240,,
1000,/mnt/8A0E24070E23EAC1/runs/tclb_pre2025_sphere_stage8f_shadow_20260613/theta030_free_sphere_shadow/output/case_VTK_P00_00001000.vti,96x80x180,WallStage8eDnTry,False,0,0,0,0,-0.6773997843553847,0.0,,,,True,0,135160,1247240,,
1000,/mnt/8A0E24070E23EAC1/runs/tclb_pre2025_sphere_stage8f_shadow_20260613/theta030_free_sphere_shadow/output/case_VTK_P00_00001000.vti,96x80x180,WallStage8eDnLimited,False,0,0,0,0,-0.05,0.0,,,,True,0,135160,1247240,,
1000,/mnt/8A0E24070E23EAC1/runs/tclb_pre2025_sphere_stage8f_shadow_20260613/theta030_free_sphere_shadow/output/case_VTK_P00_00001000.vti,96x80x180,WallStage8eAbsCap,False,0,0,0,0,0.0,0.05,,,,True,0,135160,1247240,,
1000,/mnt/8A0E24070E23EAC1/runs/tclb_pre2025_sphere_stage8f_shadow_20260613/theta030_free_sphere_shadow/output/case_VTK_P00_00001000.vti,96x80x180,WallStage8eRatioCap,False,0,0,0,0,0.0,0.06334989978786025,,,,True,0,135160,1247240,,
1000,/mnt/8A0E24070E23EAC1/runs/tclb_pre2025_sphere_stage8f_shadow_20260613/theta030_free_sphere_shadow/output/case_VTK_P00_00001000.vti,96x80x180,WallStage8eEffectiveCap,False,0,0,0,0,0.0,0.05,,,,True,0,135160,1247240,,
1000,/mnt/8A0E24070E23EAC1/runs/tclb_pre2025_sphere_stage8f_shadow_20260613/theta030_free_sphere_shadow/output/case_VTK_P00_00001000.vti,96x80x180,WallStage8eCapSource,False,0,0,0,0,0.0,2.0,,,,True,0,135160,1247240,,
1000,/mnt/8A0E24070E23EAC1/runs/tclb_pre2025_sphere_stage8f_shadow_20260613/theta030_free_sphere_shadow/output/case_VTK_P00_00001000.vti,96x80x180,WallStage8eCapDemandRatio,False,0,0,0,0,0.0,26.378489455924747,,,,True,0,135160,1247240,,
1000,/mnt/8A0E24070E23EAC1/runs/tclb_pre2025_sphere_stage8f_shadow_20260613/theta030_free_sphere_shadow/output/case_VTK_P00_00001000.vti,96x80x180,WallStage8eNormalRawAbs,False,0,0,0,0,0.0,0.1266997995757205,,,,True,0,135160,1247240,,
1000,/mnt/8A0E24070E23EAC1/runs/tclb_pre2025_sphere_stage8f_shadow_20260613/theta030_free_sphere_shadow/output/case_VTK_P00_00001000.vti,96x80x180,WallStage8eTargetNormalAbs,False,0,0,0,0,0.0,0.7541469708953487,,,,True,0,135160,1247240,,
1000,/mnt/8A0E24070E23EAC1/runs/tclb_pre2025_sphere_stage8f_shadow_20260613/theta030_free_sphere_shadow/output/case_VTK_P00_00001000.vti,96x80x180,WallStage8eTargetMinusRawAbs,False,0,0,0,0,0.0,0.6773997843560622,,,,True,0,135160,1247240,,
1000,/mnt/8A0E24070E23EAC1/runs/tclb_pre2025_sphere_stage8f_shadow_20260613/theta030_free_sphere_shadow/output/case_VTK_P00_00001000.vti,96x80x180,WallStage8eSmoothWeightC,False,0,0,0,0,0.0,1.0,,,,True,0,135160,1247240,,
1000,/mnt/8A0E24070E23EAC1/runs/tclb_pre2025_sphere_stage8f_shadow_20260613/theta030_free_sphere_shadow/output/case_VTK_P00_00001000.vti,96x80x180,WallStage8eSmoothWeightG,False,0,0,0,0,0.0,1.0,,,,True,0,135160,1247240,,
1000,/mnt/8A0E24070E23EAC1/runs/tclb_pre2025_sphere_stage8f_shadow_20260613/theta030_free_sphere_shadow/output/case_VTK_P00_00001000.vti,96x80x180,WallStage8eSmoothWeightT,False,0,0,0,0,0.0,1.0,,,,True,0,135160,1247240,,
1000,/mnt/8A0E24070E23EAC1/runs/tclb_pre2025_sphere_stage8f_shadow_20260613/theta030_free_sphere_shadow/output/case_VTK_P00_00001000.vti,96x80x180,WallStage8eSmoothWeightTotal,False,0,0,0,0,0.0,1.0,,,,True,0,135160,1247240,,
1000,/mnt/8A0E24070E23EAC1/runs/tclb_pre2025_sphere_stage8f_shadow_20260613/theta030_free_sphere_shadow/output/case_VTK_P00_00001000.vti,96x80x180,WallStage8eTanCoeffTimesTangent,False,0,0,0,0,0.0,0.7541469708953487,,,,True,0,135160,1247240,,
1000,/mnt/8A0E24070E23EAC1/runs/tclb_pre2025_sphere_stage8f_shadow_20260613/theta030_free_sphere_shadow/output/case_VTK_P00_00001000.vti,96x80x180,WallStage8eLimiterClass,False,0,0,0,0,-1.0,2.0,,,,True,0,135160,1247240,,
1000,/mnt/8A0E24070E23EAC1/runs/tclb_pre2025_sphere_stage8f_shadow_20260613/theta030_free_sphere_shadow/output/case_VTK_P00_00001000.vti,96x80x180,WallStage8eWallProfileConflict,False,0,0,0,0,0.0,0.0,,,,True,0,135160,1247240,,
