{
  "status": "runtime_sanity",
  "run_root": "/mnt/8A0E24070E23EAC1/runs/tclb_flat_wall_cap_stage7b_wall011_modes_20260612",
  "case_count": 3,
  "summaries": [
    {
      "status": "runtime_sanity",
      "case_id": "cap_theta030_wall011_mode0",
      "case_dir": "/mnt/8A0E24070E23EAC1/runs/tclb_flat_wall_cap_stage7b_wall011_modes_20260612/cap_theta030_wall011_mode0",
      "case_params": {
        "status": "runtime_sanity",
        "case_id": "cap_theta030_wall011_mode0",
        "purpose": "Stage7b wall011 mode0 profile-write control",
        "remote_case": "/mnt/8A0E24070E23EAC1/runs/tclb_flat_wall_cap_stage7b_wall011_modes_20260612/cap_theta030_wall011_mode0",
        "xml": "C:\\Users\\yuanz\\Desktop\\LBMD3Q27\\cases\\diagnostics\\flat_wall_cap_stage7b_wall011_modes_20260612\\cap_theta030_wall011_mode0\\case.xml",
        "volume_equivalent_sphere_radius": 24.0,
        "init_theta_deg": 30.0,
        "wall_rad_angle_deg": 11.0,
        "cap_sphere_radius": 102.43685957667594,
        "cap_height": 13.723936899375312,
        "cap_base_radius": 51.218429788337964,
        "cap_center_x": 64.0,
        "cap_center_y": -88.71292267730063,
        "cap_center_z": 64.0,
        "use_stage7_signed_wall_ghost": false,
        "stage7_signed_mode": 0.0,
        "stage7_delta_q_scale": 1.0,
        "stage7_delta_q_abs_cap": 6.0,
        "stage7_denom_floor": 0.05,
        "stage7_active_c_min": 0.02,
        "stage7_active_grad_min": 1e-06,
        "stage7_active_tangent_min": 1e-08,
        "stage7_relaxation_tau": 1.0
      },
      "frame_count": 6,
      "last": {
        "status": "runtime_sanity",
        "case_id": "cap_theta030_wall011_mode0",
        "step": 50000,
        "file": "/mnt/8A0E24070E23EAC1/runs/tclb_flat_wall_cap_stage7b_wall011_modes_20260612/cap_theta030_wall011_mode0/output/case_VTK_P00_00050000.vti",
        "dims": [
          128,
          96,
          128
        ],
        "case_params": {
          "status": "runtime_sanity",
          "case_id": "cap_theta030_wall011_mode0",
          "purpose": "Stage7b wall011 mode0 profile-write control",
          "remote_case": "/mnt/8A0E24070E23EAC1/runs/tclb_flat_wall_cap_stage7b_wall011_modes_20260612/cap_theta030_wall011_mode0",
          "xml": "C:\\Users\\yuanz\\Desktop\\LBMD3Q27\\cases\\diagnostics\\flat_wall_cap_stage7b_wall011_modes_20260612\\cap_theta030_wall011_mode0\\case.xml",
          "volume_equivalent_sphere_radius": 24.0,
          "init_theta_deg": 30.0,
          "wall_rad_angle_deg": 11.0,
          "cap_sphere_radius": 102.43685957667594,
          "cap_height": 13.723936899375312,
          "cap_base_radius": 51.218429788337964,
          "cap_center_x": 64.0,
          "cap_center_y": -88.71292267730063,
          "cap_center_z": 64.0,
          "use_stage7_signed_wall_ghost": false,
          "stage7_signed_mode": 0.0,
          "stage7_delta_q_scale": 1.0,
          "stage7_delta_q_abs_cap": 6.0,
          "stage7_denom_floor": 0.05,
          "stage7_active_c_min": 0.02,
          "stage7_active_grad_min": 1e-06,
          "stage7_active_tangent_min": 1e-08,
          "stage7_relaxation_tau": 1.0
        },
        "cell_count": 1572864,
        "wall_count": 80520,
        "fluid_count": 1492344,
        "lower_wall_count": 16384,
        "nonfinite_total": 0,
        "angle_apparent_deg": 28.96071934786895,
        "angle_error_vs_init_deg": -1.0392806521310511,
        "angle_error_vs_wall_rad_deg": 17.96071934786895,
        "fit_point_count": 136,
        "fit_circle": [
          -91.2971592040823,
          63.50000000000001,
          104.34534942296835
        ],
        "wall_bc_path_counts": {
          "2": 64136,
          "5": 16384
        },
        "field_stats": {
          "PhaseField": {
            "all": {
              "count": 1572864,
              "nonfinite": 0,
              "min": 1.5544880656109053e-08,
              "mean": 0.039313043904094215,
              "p01": 1.6375939230392506e-08,
              "p50": 1.7195051399672972e-08,
              "p99": 0.9845051356169808,
              "max": 0.9998851680050386,
              "sum": 61834.07148716925
            },
            "fluid": {
              "count": 1492344,
              "nonfinite": 0,
              "min": 1.5544880656109053e-08,
              "mean": 0.03506952873957083,
              "p01": 1.63776172532368e-08,
              "p50": 1.7194501998530245e-08,
              "p99": 0.9738617004079432,
              "max": 0.9997735002028174,
              "sum": 52335.80079732609
            },
            "wall": {
              "count": 80520,
              "nonfinite": 0,
              "min": 1.599808390619154e-08,
              "mean": 0.11796163300848438,
              "p01": 1.6371091991295877e-08,
              "p50": 1.722282154118733e-08,
              "p99": 0.9996910258647103,
              "max": 0.9998851680050386,
              "sum": 9498.270689843162
            },
            "lower_wall": {
              "count": 16384,
              "nonfinite": 0,
              "min": 0.0060908151485001265,
              "mean": 0.574555312642504,
              "p01": 0.008311226536176419,
              "p50": 0.5955307857212754,
              "p99": 0.9998595147274395,
              "max": 0.9998851680050386,
              "sum": 9413.514242334786
            }
          },
          "Rho": {
            "all": {
              "count": 1572864,
              "nonfinite": 0,
              "min": 0.0,
              "mean": 0.03418973858930511,
              "p01": 0.0,
              "p50": 0.001000017106550011,
              "p99": 0.9700643313215287,
              "max": 0.9997737267026146,
              "sum": 53775.808996528795
            },
            "fluid": {
              "count": 1492344,
              "nonfinite": 0,
              "min": 0.0010000155293357754,
              "mean": 0.036034459210831274,
              "p01": 0.001000016361239636,
              "p50": 0.0010000171773074966,
              "p99": 0.9738878387075353,
              "max": 0.9997737267026146,
              "sum": 53775.80899652879
            },
            "wall": {
              "count": 80520,
              "nonfinite": 0,
              "min": 0.0,
              "mean": 0.0,
              "p01": 0.0,
              "p50": 0.0,
              "p99": 0.0,
              "max": 0.0,
              "sum": 0.0
            },
            "lower_wall": {
              "count": 16384,
              "nonfinite": 0,
              "min": 0.0,
              "mean": 0.0,
              "p01": 0.0,
              "p50": 0.0,
              "p99": 0.0,
              "max": 0.0,
              "sum": 0.0
            }
          },
          "WallPfF": {
            "all": {
              "count": 1572864,
              "nonfinite": 0,
              "min": 0.0,
              "mean": 0.0052993735128604265,
              "p01": 0.0,
              "p50": 0.0,
              "p99": 0.0259314346688924,
              "max": 0.9997735002028174,
              "sum": 8335.193820931701
            },
            "fluid": {
              "count": 1492344,
              "nonfinite": 0,
              "min": 0.0,
              "mean": 0.0,
              "p01": 0.0,
              "p50": 0.0,
              "p99": 0.0,
              "max": 0.0,
              "sum": 0.0
            },
            "wall": {
              "count": 80520,
              "nonfinite": 0,
              "min": 1.599808390619154e-08,
              "mean": 0.1035170618595592,
              "p01": 1.6371091991295877e-08,
              "p50": 1.722282154118733e-08,
              "p99": 0.9993906943465904,
              "max": 0.9997735002028174,
              "sum": 8335.193820931707
            },
            "lower_wall": {
              "count": 16384,
              "nonfinite": 0,
              "min": 0.0030979738775445964,
              "mean": 0.5035667342177326,
              "p01": 0.003836706836267969,
              "p50": 0.432050732940927,
              "p99": 0.9997229082686655,
              "max": 0.9997735002028174,
              "sum": 8250.43737342333
            }
          },
          "WallGradTangent": {
            "all": {
              "count": 1572864,
              "nonfinite": 0,
              "min": 0.0,
              "mean": 0.00019131555715796262,
              "p01": 0.0,
              "p50": 0.0,
              "p99": 3.117169791094038e-05,
              "max": 0.08135017626508076,
              "sum": 300.9133524937017
            },
            "fluid": {
              "count": 1492344,
              "nonfinite": 0,
              "min": 0.0,
              "mean": 0.0,
              "p01": 0.0,
              "p50": 0.0,
              "p99": 0.0,
              "max": 0.0,
              "sum": 0.0
            },
            "wall": {
              "count": 80520,
              "nonfinite": 0,
              "min": 0.0,
              "mean": 0.0037371255898373274,
              "p01": 0.0,
              "p50": 0.0,
              "p99": 0.048217716395495575,
              "max": 0.08135017626508076,
              "sum": 300.9133524937016
            },
            "lower_wall": {
              "count": 16384,
              "nonfinite": 0,
              "min": 6.161195710347914e-07,
              "mean": 0.0183662934871644,
              "p01": 7.990287136078777e-06,
              "p50": 0.012060094382784586,
              "p99": 0.053243314331970625,
              "max": 0.08135017626508076,
              "sum": 300.91335249370155
            }
          },
          "WallTanCoeff": {
            "all": {
              "count": 1572864,
              "nonfinite": 0,
              "min": -1.794896453688466e-09,
              "mean": 0.053589103746298876,
              "p01": -1.794896453688466e-09,
              "p50": 0.0,
              "p99": 5.144553966670899,
              "max": 5.144553966670899,
              "sum": 84288.37207481863
            },
            "fluid": {
              "count": 1492344,
              "nonfinite": 0,
              "min": 0.0,
              "mean": 0.0,
              "p01": 0.0,
              "p50": 0.0,
              "p99": 0.0,
              "max": 0.0,
              "sum": 0.0
            },
            "wall": {
              "count": 80520,
              "nonfinite": 0,
              "min": -1.794896453688466e-09,
              "mean": 1.0468004480230815,
              "p01": -1.794896453688466e-09,
              "p50": -1.794896453688466e-09,
              "p99": 5.144553966670899,
              "max": 5.144553966670899,
              "sum": 84288.37207481852
            },
            "lower_wall": {
              "count": 16384,
              "nonfinite": 0,
              "min": 5.144553966670899,
              "mean": 5.144553966670899,
              "p01": 5.144553966670899,
              "p50": 5.144553966670899,
              "p99": 5.144553966670899,
              "max": 5.144553966670899,
              "sum": 84288.37218993601
            }
          },
          "WallPhasePred": {
            "all": {
              "count": 1572864,
              "nonfinite": 0,
              "min": 0.0,
              "mean": 0.006307422681535721,
              "p01": 0.0,
              "p50": 0.0,
              "p99": 0.041944241294352355,
              "max": 0.9997801007615862,
              "sum": 9920.718068571001
            },
            "fluid": {
              "count": 1492344,
              "nonfinite": 0,
              "min": 0.0,
              "mean": 0.0,
              "p01": 0.0,
              "p50": 0.0,
              "p99": 0.0,
              "max": 0.0,
              "sum": 0.0
            },
            "wall": {
              "count": 80520,
              "nonfinite": 0,
              "min": 1.599808390619154e-08,
              "mean": 0.12320812305726526,
              "p01": 1.6371091991295877e-08,
              "p50": 1.722282154118733e-08,
              "p99": 0.9996046515621871,
              "max": 0.9997801007615862,
              "sum": 9920.718068571
            },
            "lower_wall": {
              "count": 16384,
              "nonfinite": 0,
              "min": 0.0034679183384455697,
              "mean": 0.6003394544105605,
              "p01": 0.007262838967352465,
              "p50": 0.688515880254183,
              "p99": 0.9997640147320467,
              "max": 0.9997801007615862,
              "sum": 9835.961621062623
            }
          },
          "WallPhaseProfilePred": {
            "all": {
              "count": 1572864,
              "nonfinite": 0,
              "min": 0.0,
              "mean": 0.006038837871451795,
              "p01": 0.0,
              "p50": 0.0,
              "p99": 0.041003860575266206,
              "max": 0.9998851680050386,
              "sum": 9498.270689843157
            },
            "fluid": {
              "count": 1492344,
              "nonfinite": 0,
              "min": 0.0,
              "mean": 0.0,
              "p01": 0.0,
              "p50": 0.0,
              "p99": 0.0,
              "max": 0.0,
              "sum": 0.0
            },
            "wall": {
              "count": 80520,
              "nonfinite": 0,
              "min": 1.599808390619154e-08,
              "mean": 0.11796163300848438,
              "p01": 1.6371091991295877e-08,
              "p50": 1.722282154118733e-08,
              "p99": 0.9996910258647103,
              "max": 0.9998851680050386,
              "sum": 9498.270689843162
            },
            "lower_wall": {
              "count": 16384,
              "nonfinite": 0,
              "min": 0.0060908151485001265,
              "mean": 0.574555312642504,
              "p01": 0.008311226536176419,
              "p50": 0.5955307857212754,
              "p99": 0.9998595147274395,
              "max": 0.9998851680050386,
              "sum": 9413.514242334786
            }
          },
          "WallProfileDelta": {
            "all": {
              "count": 1572864,
              "nonfinite": 0,
              "min": -0.11605381180243096,
              "mean": 0.00026858481008392197,
              "p01": 0.0,
              "p50": 0.0,
              "p99": 0.0,
              "max": 0.40008309395963304,
              "sum": 422.4473787278378
            },
            "fluid": {
              "count": 1492344,
              "nonfinite": 0,
              "min": 0.0,
              "mean": 0.0,
              "p01": 0.0,
              "p50": 0.0,
              "p99": 0.0,
              "max": 0.0,
              "sum": 0.0
            },
            "wall": {
              "count": 80520,
              "nonfinite": 0,
              "min": -0.11605381180243096,
              "mean": 0.005246490048780896,
              "p01": -0.03899622300051646,
              "p50": 0.0,
              "p99": 0.09709633787650467,
              "max": 0.40008309395963304,
              "sum": 422.44737872783776
            },
            "lower_wall": {
              "count": 16384,
              "nonfinite": 0,
              "min": -0.11605381180243096,
              "mean": 0.025784141768056504,
              "p01": -0.08625165063596855,
              "p50": 0.00801419924256025,
              "p99": 0.24512187260611862,
              "max": 0.40008309395963304,
              "sum": 422.44737872783776
            }
          },
          "WallPhaseSignedProfilePred": {
            "all": {
              "count": 1572864,
              "nonfinite": 0,
              "min": 0.0,
              "mean": 0.006412158993151939,
              "p01": 0.0,
              "p50": 0.0,
              "p99": 0.05283315955594663,
              "max": 0.9997797645070441,
              "sum": 10085.454042604932
            },
            "fluid": {
              "count": 1492344,
              "nonfinite": 0,
              "min": 0.0,
              "mean": 0.0,
              "p01": 0.0,
              "p50": 0.0,
              "p99": 0.0,
              "max": 0.0,
              "sum": 0.0
            },
            "wall": {
              "count": 80520,
              "nonfinite": 0,
              "min": 1.599808390619154e-08,
              "mean": 0.12525402437412983,
              "p01": 1.6371091991295877e-08,
              "p50": 1.722282154118733e-08,
              "p99": 0.9995711371173086,
              "max": 0.9997797645070441,
              "sum": 10085.454042604933
            },
            "lower_wall": {
              "count": 16384,
              "nonfinite": 0,
              "min": 0.0034908324007920798,
              "mean": 0.6103941403257178,
              "p01": 0.008679637186899682,
              "p50": 0.7018739017504817,
              "p99": 0.9997611111382386,
              "max": 0.9997797645070441,
              "sum": 10000.69759509656
            }
          },
          "WallSignedProfileDelta": {
            "all": {
              "count": 1572864,
              "nonfinite": 0,
              "min": -0.45152106584191,
              "mean": -0.00010473631161622076,
              "p01": 0.0,
              "p50": 0.0,
              "p99": 0.0,
              "max": 0.04762857779918017,
              "sum": -164.73597403393546
            },
            "fluid": {
              "count": 1492344,
              "nonfinite": 0,
              "min": 0.0,
              "mean": 0.0,
              "p01": 0.0,
              "p50": 0.0,
              "p99": 0.0,
              "max": 0.0,
              "sum": 0.0
            },
            "wall": {
              "count": 80520,
              "nonfinite": 0,
              "min": -0.45152106584191,
              "mean": -0.0020459013168645742,
              "p01": -0.04777516794834617,
              "p50": 0.0,
              "p99": 0.04452246021323856,
              "max": 0.04762857779918017,
              "sum": -164.73597403393552
            },
            "lower_wall": {
              "count": 16384,
              "nonfinite": 0,
              "min": -0.45152106584191,
              "mean": -0.010054685915157197,
              "p01": -0.36489747117181714,
              "p50": 1.0691225080794453e-06,
              "p99": 0.047185629319429157,
              "max": 0.04762857779918017,
              "sum": -164.73597403393552
            }
          },
          "WallSignedLogitShift": {
            "all": {
              "count": 1572864,
              "nonfinite": 0,
              "min": 0.0,
              "mean": 0.009291964085054007,
              "p01": 0.0,
              "p50": 0.0,
              "p99": 0.252866112132851,
              "max": 5.21187671186393,
              "sum": 14614.995798674387
            },
            "fluid": {
              "count": 1492344,
              "nonfinite": 0,
              "min": 0.0,
              "mean": 0.0,
              "p01": 0.0,
              "p50": 0.0,
              "p99": 0.0,
              "max": 0.0,
              "sum": 0.0
            },
            "wall": {
              "count": 80520,
              "nonfinite": 0,
              "min": 0.0,
              "mean": 0.1815076477729059,
              "p01": 0.0,
              "p50": 0.0,
              "p99": 1.092164413189765,
              "max": 5.21187671186393,
              "sum": 14614.995798674383
            },
            "lower_wall": {
              "count": 16384,
              "nonfinite": 0,
              "min": 0.013997268486231866,
              "mean": 0.8920285521651845,
              "p01": 0.12107337891591302,
              "p50": 0.8992489406283866,
              "p99": 3.7073059922752125,
              "max": 5.21187671186393,
              "sum": 14614.995798674383
            }
          },
          "WallFluidSampleCount": {
            "all": {
              "count": 1572864,
              "nonfinite": 0,
              "min": 0.0,
              "mean": 3.7336578369140625,
              "p01": 0.0,
              "p50": 0.0,
              "p99": 75.0,
              "max": 75.0,
              "sum": 5872536.0
            },
            "fluid": {
              "count": 1492344,
              "nonfinite": 0,
              "min": 0.0,
              "mean": 0.0,
              "p01": 0.0,
              "p50": 0.0,
              "p99": 0.0,
              "max": 0.0,
              "sum": 0.0
            },
            "wall": {
              "count": 80520,
              "nonfinite": 0,
              "min": 27.0,
              "mean": 72.93263785394933,
              "p01": 45.0,
              "p50": 75.0,
              "p99": 75.0,
              "max": 75.0,
              "sum": 5872536.0
            },
            "lower_wall": {
              "count": 16384,
              "nonfinite": 0,
              "min": 27.0,
              "mean": 72.674560546875,
              "p01": 45.0,
              "p50": 75.0,
              "p99": 75.0,
              "max": 75.0,
              "sum": 1190700.0
            }
          },
          "WallFluidSampleH": {
            "all": {
              "count": 1572864,
              "nonfinite": 0,
              "min": 0.0,
              "mean": 0.025780718478134467,
              "p01": 0.0,
              "p50": 0.0,
              "p99": 0.5,
              "max": 0.8660254037844386,
              "sum": 40549.56398839249
            },
            "fluid": {
              "count": 1492344,
              "nonfinite": 0,
              "min": 0.0,
              "mean": 0.0,
              "p01": 0.0,
              "p50": 0.0,
              "p99": 0.0,
              "max": 0.0,
              "sum": 0.0
            },
            "wall": {
              "count": 80520,
              "nonfinite": 0,
              "min": 0.5,
              "mean": 0.5035961747192308,
              "p01": 0.5,
              "p50": 0.5,
              "p99": 0.7071067811865476,
              "max": 0.8660254037844386,
              "sum": 40549.56398839246
            },
            "lower_wall": {
              "count": 16384,
              "nonfinite": 0,
              "min": 0.5,
              "mean": 0.5064603222249242,
              "p01": 0.5,
              "p50": 0.5,
              "p99": 0.7071067811865476,
              "max": 0.8660254037844386,
              "sum": 8297.845919333158
            }
          },
          "WallPhaseRawPred": {
            "all": {
              "count": 1572864,
              "nonfinite": 0,
              "min": 0.0,
              "mean": 0.006307422681535721,
              "p01": 0.0,
              "p50": 0.0,
              "p99": 0.041944241294352355,
              "max": 0.9997801007615862,
              "sum": 9920.718068571001
            },
            "fluid": {
              "count": 1492344,
              "nonfinite": 0,
              "min": 0.0,
              "mean": 0.0,
              "p01": 0.0,
              "p50": 0.0,
              "p99": 0.0,
              "max": 0.0,
              "sum": 0.0
            },
            "wall": {
              "count": 80520,
              "nonfinite": 0,
              "min": 1.599808390619154e-08,
              "mean": 0.12320812305726526,
              "p01": 1.6371091991295877e-08,
              "p50": 1.722282154118733e-08,
              "p99": 0.9996046515621871,
              "max": 0.9997801007615862,
              "sum": 9920.718068571
            },
            "lower_wall": {
              "count": 16384,
              "nonfinite": 0,
              "min": 0.0034679183384455697,
              "mean": 0.6003394544105605,
              "p01": 0.007262838967352465,
              "p50": 0.688515880254183,
              "p99": 0.9997640147320467,
              "max": 0.9997801007615862,
              "sum": 9835.961621062623
            }
          },
          "WallPhaseSignedPred": {
            "all": {
              "count": 1572864,
              "nonfinite": 0,
              "min": 0.0,
              "mean": 0.006358272295059561,
              "p01": 0.0,
              "p50": 0.0,
              "p99": 0.02773219782523136,
              "max": 0.9997797645070439,
              "sum": 10000.69759509656
            },
            "fluid": {
              "count": 1492344,
              "nonfinite": 0,
              "min": 0.0,
              "mean": 0.0,
              "p01": 0.0,
              "p50": 0.0,
              "p99": 0.0,
              "max": 0.0,
              "sum": 0.0
            },
            "wall": {
              "count": 80520,
              "nonfinite": 0,
              "min": 0.0,
              "mean": 0.12420141076871037,
              "p01": 0.0,
              "p50": 0.0,
              "p99": 0.9995711371173086,
              "max": 0.9997797645070439,
              "sum": 10000.697595096559
            },
            "lower_wall": {
              "count": 16384,
              "nonfinite": 0,
              "min": 0.0034908324007920798,
              "mean": 0.6103941403257178,
              "p01": 0.008679637186899682,
              "p50": 0.7018739017504817,
              "p99": 0.9997611111382386,
              "max": 0.9997797645070439,
              "sum": 10000.69759509656
            }
          },
          "WallContactResidual": {
            "all": {
              "count": 1572864,
              "nonfinite": 0,
              "min": -0.018316148782048236,
              "mean": 0.0003431138389614764,
              "p01": 0.0,
              "p50": 0.0,
              "p99": 0.0,
              "max": 0.3221665706151079,
              "sum": 539.6714052043036
            },
            "fluid": {
              "count": 1492344,
              "nonfinite": 0,
              "min": 0.0,
              "mean": 0.0,
              "p01": 0.0,
              "p50": 0.0,
              "p99": 0.0,
              "max": 0.0,
              "sum": 0.0
            },
            "wall": {
              "count": 80520,
              "nonfinite": 0,
              "min": -0.018316148782048236,
              "mean": 0.006702327436715143,
              "p01": -0.012762583570202662,
              "p50": 0.0,
              "p99": 0.08632206933409156,
              "max": 0.3221665706151079,
              "sum": 539.6714052043034
            },
            "lower_wall": {
              "count": 16384,
              "nonfinite": 0,
              "min": -0.018316148782048236,
              "mean": 0.03293892854030172,
              "p01": -0.017284507944938562,
              "p50": 0.01794850123771269,
              "p99": 0.2416636797079134,
              "max": 0.3221665706151079,
              "sum": 539.6714052043034
            }
          },
          "WallSignedNormalGrad": {
            "all": {
              "count": 1572864,
              "nonfinite": 0,
              "min": -0.16528200953354766,
              "mean": -0.0006706042392981932,
              "p01": -0.00025545835883674484,
              "p50": 0.0,
              "p99": 0.0,
              "max": 0.0,
              "sum": -1054.7692662395134
            },
            "fluid": {
              "count": 1492344,
              "nonfinite": 0,
              "min": 0.0,
              "mean": 0.0,
              "p01": 0.0,
              "p50": 0.0,
              "p99": 0.0,
              "max": 0.0,
              "sum": 0.0
            },
            "wall": {
              "count": 80520,
              "nonfinite": 0,
              "min": -0.16528200953354766,
              "mean": -0.013099469277688945,
              "p01": -0.1624011736993486,
              "p50": 0.0,
              "p99": 0.0,
              "max": 0.0,
              "sum": -1054.7692662395139
            },
            "lower_wall": {
              "count": 16384,
              "nonfinite": 0,
              "min": -0.16528200953354766,
              "mean": -0.06437800697262658,
              "p01": -0.16457823151199147,
              "p50": -0.050991000841905304,
              "p99": -0.0001386539414221409,
              "max": -0.00011333966569998521,
              "sum": -1054.7692662395139
            }
          },
          "WallTangentGradMag": {
            "all": {
              "count": 1572864,
              "nonfinite": 0,
              "min": 0.0,
              "mean": 0.00019131555715796262,
              "p01": 0.0,
              "p50": 0.0,
              "p99": 3.117169791094038e-05,
              "max": 0.08135017626508076,
              "sum": 300.9133524937017
            },
            "fluid": {
              "count": 1492344,
              "nonfinite": 0,
              "min": 0.0,
              "mean": 0.0,
              "p01": 0.0,
              "p50": 0.0,
              "p99": 0.0,
              "max": 0.0,
              "sum": 0.0
            },
            "wall": {
              "count": 80520,
              "nonfinite": 0,
              "min": 0.0,
              "mean": 0.0037371255898373274,
              "p01": 0.0,
              "p50": 0.0,
              "p99": 0.048217716395495575,
              "max": 0.08135017626508076,
              "sum": 300.9133524937016
            },
            "lower_wall": {
              "count": 16384,
              "nonfinite": 0,
              "min": 6.161195710347914e-07,
              "mean": 0.0183662934871644,
              "p01": 7.990287136078777e-06,
              "p50": 0.012060094382784586,
              "p99": 0.053243314331970625,
              "max": 0.08135017626508076,
              "sum": 300.91335249370155
            }
          },
          "WallSignedDeltaQ": {
            "all": {
              "count": 1572864,
              "nonfinite": 0,
              "min": 0.0,
              "mean": 0.009291964085054004,
              "p01": 0.0,
              "p50": 0.0,
              "p99": 0.2528661121329316,
              "max": 5.211876711863931,
              "sum": 14614.99579867438
            },
            "fluid": {
              "count": 1492344,
              "nonfinite": 0,
              "min": 0.0,
              "mean": 0.0,
              "p01": 0.0,
              "p50": 0.0,
              "p99": 0.0,
              "max": 0.0,
              "sum": 0.0
            },
            "wall": {
              "count": 80520,
              "nonfinite": 0,
              "min": 0.0,
              "mean": 0.18150764777290584,
              "p01": 0.0,
              "p50": 0.0,
              "p99": 1.092164413189765,
              "max": 5.211876711863931,
              "sum": 14614.99579867438
            },
            "lower_wall": {
              "count": 16384,
              "nonfinite": 0,
              "min": 0.01399726848600434,
              "mean": 0.8920285521651843,
              "p01": 0.12107337891581177,
              "p50": 0.8992489406283866,
              "p99": 3.7073059922752125,
              "max": 5.211876711863931,
              "sum": 14614.99579867438
            }
          },
          "WallSignedQClipped": {
            "all": {
              "count": 1572864,
              "nonfinite": 0,
              "min": 0.0,
              "mean": 0.0,
              "p01": 0.0,
              "p50": 0.0,
              "p99": 0.0,
              "max": 0.0,
              "sum": 0.0
            },
            "fluid": {
              "count": 1492344,
              "nonfinite": 0,
              "min": 0.0,
              "mean": 0.0,
              "p01": 0.0,
              "p50": 0.0,
              "p99": 0.0,
              "max": 0.0,
              "sum": 0.0
            },
            "wall": {
              "count": 80520,
              "nonfinite": 0,
              "min": 0.0,
              "mean": 0.0,
              "p01": 0.0,
              "p50": 0.0,
              "p99": 0.0,
              "max": 0.0,
              "sum": 0.0
            },
            "lower_wall": {
              "count": 16384,
              "nonfinite": 0,
              "min": 0.0,
              "mean": 0.0,
              "p01": 0.0,
              "p50": 0.0,
              "p99": 0.0,
              "max": 0.0,
              "sum": 0.0
            }
          },
          "BoundaryMask": {
            "all": {
              "count": 1572864,
              "nonfinite": 0,
              "min": 0.0,
              "mean": 0.0511932373046875,
              "p01": 0.0,
              "p50": 0.0,
              "p99": 1.0,
              "max": 1.0,
              "sum": 80520.0
            },
            "fluid": {
              "count": 1492344,
              "nonfinite": 0,
              "min": 0.0,
              "mean": 0.0,
              "p01": 0.0,
              "p50": 0.0,
              "p99": 0.0,
              "max": 0.0,
              "sum": 0.0
            },
            "wall": {
              "count": 80520,
              "nonfinite": 0,
              "min": 1.0,
              "mean": 1.0,
              "p01": 1.0,
              "p50": 1.0,
              "p99": 1.0,
              "max": 1.0,
              "sum": 80520.0
            },
            "lower_wall": {
              "count": 16384,
              "nonfinite": 0,
              "min": 1.0,
              "mean": 1.0,
              "p01": 1.0,
              "p50": 1.0,
              "p99": 1.0,
              "max": 1.0,
              "sum": 16384.0
            }
          },
          "WallStage7Mode": {
            "all": {
              "count": 1572864,
              "nonfinite": 0,
              "min": 0.0,
              "mean": 0.0,
              "p01": 0.0,
              "p50": 0.0,
              "p99": 0.0,
              "max": 0.0,
              "sum": 0.0
            },
            "fluid": {
              "count": 1492344,
              "nonfinite": 0,
              "min": 0.0,
              "mean": 0.0,
              "p01": 0.0,
              "p50": 0.0,
              "p99": 0.0,
              "max": 0.0,
              "sum": 0.0
            },
            "wall": {
              "count": 80520,
              "nonfinite": 0,
              "min": 0.0,
              "mean": 0.0,
              "p01": 0.0,
              "p50": 0.0,
              "p99": 0.0,
              "max": 0.0,
              "sum": 0.0
            },
            "lower_wall": {
              "count": 16384,
              "nonfinite": 0,
              "min": 0.0,
              "mean": 0.0,
              "p01": 0.0,
              "p50": 0.0,
              "p99": 0.0,
              "max": 0.0,
              "sum": 0.0
            }
          },
          "WallStage7ActiveWeight": {
            "all": {
              "count": 1572864,
              "nonfinite": 0,
              "min": 0.0,
              "mean": 0.007425944010416667,
              "p01": 0.0,
              "p50": 0.0,
              "p99": 0.0,
              "max": 1.0,
              "sum": 11680.0
            },
            "fluid": {
              "count": 1492344,
              "nonfinite": 0,
              "min": 0.0,
              "mean": 0.0,
              "p01": 0.0,
              "p50": 0.0,
              "p99": 0.0,
              "max": 0.0,
              "sum": 0.0
            },
            "wall": {
              "count": 80520,
              "nonfinite": 0,
              "min": 0.0,
              "mean": 0.14505712866368603,
              "p01": 0.0,
              "p50": 0.0,
              "p99": 1.0,
              "max": 1.0,
              "sum": 11680.0
            },
            "lower_wall": {
              "count": 16384,
              "nonfinite": 0,
              "min": 0.0,
              "mean": 0.712890625,
              "p01": 0.0,
              "p50": 1.0,
              "p99": 1.0,
              "max": 1.0,
              "sum": 11680.0
            }
          },
          "WallStage7DeltaQRaw": {
            "all": {
              "count": 1572864,
              "nonfinite": 0,
              "min": 0.0,
              "mean": 0.007069220106394637,
              "p01": 0.0,
              "p50": 0.0,
              "p99": 0.003207289642711906,
              "max": 3.737464980461117,
              "sum": 11118.921813424295
            },
            "fluid": {
              "count": 1492344,
              "nonfinite": 0,
              "min": 0.0,
              "mean": 0.0,
              "p01": 0.0,
              "p50": 0.0,
              "p99": 0.0,
              "max": 0.0,
              "sum": 0.0
            },
            "wall": {
              "count": 80520,
              "nonfinite": 0,
              "min": 0.0,
              "mean": 0.13808894452836928,
              "p01": 0.0,
              "p50": 0.0,
              "p99": 1.0362663540972947,
              "max": 3.737464980461117,
              "sum": 11118.921813424295
            },
            "lower_wall": {
              "count": 16384,
              "nonfinite": 0,
              "min": 6.339320766221217e-05,
              "mean": 0.6786451302138853,
              "p01": 0.0008221292676150704,
              "p50": 0.7994483646143036,
              "p99": 3.7068644214462734,
              "max": 3.737464980461117,
              "sum": 11118.921813424296
            }
          },
          "WallStage7DeltaQLimited": {
            "all": {
              "count": 1572864,
              "nonfinite": 0,
              "min": 0.0,
              "mean": 0.007069220106394637,
              "p01": 0.0,
              "p50": 0.0,
              "p99": 0.003207289642711906,
              "max": 3.737464980461117,
              "sum": 11118.921813424295
            },
            "fluid": {
              "count": 1492344,
              "nonfinite": 0,
              "min": 0.0,
              "mean": 0.0,
              "p01": 0.0,
              "p50": 0.0,
              "p99": 0.0,
              "max": 0.0,
              "sum": 0.0
            },
            "wall": {
              "count": 80520,
              "nonfinite": 0,
              "min": 0.0,
              "mean": 0.13808894452836928,
              "p01": 0.0,
              "p50": 0.0,
              "p99": 1.0362663540972947,
              "max": 3.737464980461117,
              "sum": 11118.921813424295
            },
            "lower_wall": {
              "count": 16384,
              "nonfinite": 0,
              "min": 6.339320766221217e-05,
              "mean": 0.6786451302138853,
              "p01": 0.0008221292676150704,
              "p50": 0.7994483646143036,
              "p99": 3.7068644214462734,
              "max": 3.737464980461117,
              "sum": 11118.921813424296
            }
          },
          "WallStage7Denom": {
            "all": {
              "count": 1572864,
              "nonfinite": 0,
              "min": 0.0,
              "mean": 0.0012030756850541454,
              "p01": 0.0,
              "p50": 0.0,
              "p99": 0.05,
              "max": 0.2499998750155668,
              "sum": 1892.2744342970034
            },
            "fluid": {
              "count": 1492344,
              "nonfinite": 0,
              "min": 0.0,
              "mean": 0.0,
              "p01": 0.0,
              "p50": 0.0,
              "p99": 0.0,
              "max": 0.0,
              "sum": 0.0
            },
            "wall": {
              "count": 80520,
              "nonfinite": 0,
              "min": 0.0,
              "mean": 0.023500676034488372,
              "p01": 0.0,
              "p50": 0.0,
              "p99": 0.24622530684635144,
              "max": 0.2499998750155668,
              "sum": 1892.2744342970036
            },
            "lower_wall": {
              "count": 16384,
              "nonfinite": 0,
              "min": 0.05,
              "mean": 0.11549526576519797,
              "p01": 0.05,
              "p50": 0.08396601470896908,
              "p99": 0.2499201187322939,
              "max": 0.2499998750155668,
              "sum": 1892.2744342970036
            }
          },
          "WallStage7LimiterReason": {
            "all": {
              "count": 1572864,
              "nonfinite": 0,
              "min": 0.0,
              "mean": 0.00423431396484375,
              "p01": 0.0,
              "p50": 0.0,
              "p99": 0.0,
              "max": 1.0,
              "sum": 6660.0
            },
            "fluid": {
              "count": 1492344,
              "nonfinite": 0,
              "min": 0.0,
              "mean": 0.0,
              "p01": 0.0,
              "p50": 0.0,
              "p99": 0.0,
              "max": 0.0,
              "sum": 0.0
            },
            "wall": {
              "count": 80520,
              "nonfinite": 0,
              "min": 0.0,
              "mean": 0.08271236959761549,
              "p01": 0.0,
              "p50": 0.0,
              "p99": 1.0,
              "max": 1.0,
              "sum": 6660.0
            },
            "lower_wall": {
              "count": 16384,
              "nonfinite": 0,
              "min": 0.0,
              "mean": 0.406494140625,
              "p01": 0.0,
              "p50": 0.0,
              "p99": 1.0,
              "max": 1.0,
              "sum": 6660.0
            }
          },
          "WallStage7GradMag": {
            "all": {
              "count": 1572864,
              "nonfinite": 0,
              "min": 0.0,
              "mean": 0.0007001166284008715,
              "p01": 0.0,
              "p50": 0.0,
              "p99": 0.0002623149389238872,
              "max": 0.1714294864379516,
              "sum": 1101.1882406131083
            },
            "fluid": {
              "count": 1492344,
              "nonfinite": 0,
              "min": 0.0,
              "mean": 0.0,
              "p01": 0.0,
              "p50": 0.0,
              "p99": 0.0,
              "max": 0.0,
              "sum": 0.0
            },
            "wall": {
              "count": 80520,
              "nonfinite": 0,
              "min": 0.0,
              "mean": 0.013675959272393295,
              "p01": 0.0,
              "p50": 0.0,
              "p99": 0.1687459051283827,
              "max": 0.1714294864379516,
              "sum": 1101.188240613108
            },
            "lower_wall": {
              "count": 16384,
              "nonfinite": 0,
              "min": 0.00011334608877010754,
              "mean": 0.06721119632648365,
              "p01": 0.0001395245849709544,
              "p50": 0.05414242806993583,
              "p99": 0.1712655710511654,
              "max": 0.1714294864379516,
              "sum": 1101.188240613108
            }
          },
          "WallStage7ActualCos": {
            "all": {
              "count": 1572864,
              "nonfinite": 0,
              "min": -0.9999433322297122,
              "mean": -0.009882169321951692,
              "p01": -0.8948830195485894,
              "p50": 0.0,
              "p99": 0.0,
              "max": 0.0,
              "sum": -15543.308368402226
            },
            "fluid": {
              "count": 1492344,
              "nonfinite": 0,
              "min": 0.0,
              "mean": 0.0,
              "p01": 0.0,
              "p50": 0.0,
              "p99": 0.0,
              "max": 0.0,
              "sum": 0.0
            },
            "wall": {
              "count": 80520,
              "nonfinite": 0,
              "min": -0.9999433322297122,
              "mean": -0.19303661659714635,
              "p01": -0.9943897670178666,
              "p50": 0.0,
              "p99": 0.0,
              "max": 0.0,
              "sum": -15543.308368402224
            },
            "lower_wall": {
              "count": 16384,
              "nonfinite": 0,
              "min": -0.9999433322297122,
              "mean": -0.9486882549073623,
              "p01": -0.9989116913926025,
              "p50": -0.9636786822099512,
              "p99": -0.7399635037397506,
              "max": -0.6594606128325561,
              "sum": -15543.308368402224
            }
          },
          "WallStage7TargetCos": {
            "all": {
              "count": 1572864,
              "nonfinite": 0,
              "min": -0.981627183447664,
              "mean": -0.010225283160913201,
              "p01": -0.981627183447664,
              "p50": 0.0,
              "p99": 0.0,
              "max": 0.0,
              "sum": -16082.979773606581
            },
            "fluid": {
              "count": 1492344,
              "nonfinite": 0,
              "min": 0.0,
              "mean": 0.0,
              "p01": 0.0,
              "p50": 0.0,
              "p99": 0.0,
              "max": 0.0,
              "sum": 0.0
            },
            "wall": {
              "count": 80520,
              "nonfinite": 0,
              "min": -0.981627183447664,
              "mean": -0.19973894403386147,
              "p01": -0.981627183447664,
              "p50": 0.0,
              "p99": 0.0,
              "max": 0.0,
              "sum": -16082.979773606527
            },
            "lower_wall": {
              "count": 16384,
              "nonfinite": 0,
              "min": -0.981627183447664,
              "mean": -0.9816271834476639,
              "p01": -0.981627183447664,
              "p50": -0.981627183447664,
              "p99": -0.981627183447664,
              "max": -0.981627183447664,
              "sum": -16082.979773606525
            }
          },
          "WallStage7WriteCandidate": {
            "all": {
              "count": 1572864,
              "nonfinite": 0,
              "min": 0.0,
              "mean": 0.005984951173359417,
              "p01": 0.0,
              "p50": 0.0,
              "p99": 0.018241205303062315,
              "max": 0.9998851680050386,
              "sum": 9413.514242334786
            },
            "fluid": {
              "count": 1492344,
              "nonfinite": 0,
              "min": 0.0,
              "mean": 0.0,
              "p01": 0.0,
              "p50": 0.0,
              "p99": 0.0,
              "max": 0.0,
              "sum": 0.0
            },
            "wall": {
              "count": 80520,
              "nonfinite": 0,
              "min": 0.0,
              "mean": 0.11690901940306493,
              "p01": 0.0,
              "p50": 0.0,
              "p99": 0.9996910258647103,
              "max": 0.9998851680050386,
              "sum": 9413.514242334788
            },
            "lower_wall": {
              "count": 16384,
              "nonfinite": 0,
              "min": 0.0060908151485001265,
              "mean": 0.574555312642504,
              "p01": 0.008311226536176419,
              "p50": 0.5955307857212754,
              "p99": 0.9998595147274395,
              "max": 0.9998851680050386,
              "sum": 9413.514242334786
            }
          },
          "WallStage7WriteMinusProfile": {
            "all": {
              "count": 1572864,
              "nonfinite": 0,
              "min": 0.0,
              "mean": 0.0,
              "p01": 0.0,
              "p50": 0.0,
              "p99": 0.0,
              "max": 0.0,
              "sum": 0.0
            },
            "fluid": {
              "count": 1492344,
              "nonfinite": 0,
              "min": 0.0,
              "mean": 0.0,
              "p01": 0.0,
              "p50": 0.0,
              "p99": 0.0,
              "max": 0.0,
              "sum": 0.0
            },
            "wall": {
              "count": 80520,
              "nonfinite": 0,
              "min": 0.0,
              "mean": 0.0,
              "p01": 0.0,
              "p50": 0.0,
              "p99": 0.0,
              "max": 0.0,
              "sum": 0.0
            },
            "lower_wall": {
              "count": 16384,
              "nonfinite": 0,
              "min": 0.0,
              "mean": 0.0,
              "p01": 0.0,
              "p50": 0.0,
              "p99": 0.0,
              "max": 0.0,
              "sum": 0.0
            }
          },
          "WallH": {
            "all": {
              "count": 1572864,
              "nonfinite": 0,
              "min": 0.0,
              "mean": 0.025780718478134467,
              "p01": 0.0,
              "p50": 0.0,
              "p99": 0.5,
              "max": 0.8660254037844386,
              "sum": 40549.56398839249
            },
            "fluid": {
              "count": 1492344,
              "nonfinite": 0,
              "min": 0.0,
              "mean": 0.0,
              "p01": 0.0,
              "p50": 0.0,
              "p99": 0.0,
              "max": 0.0,
              "sum": 0.0
            },
            "wall": {
              "count": 80520,
              "nonfinite": 0,
              "min": 0.5,
              "mean": 0.5035961747192308,
              "p01": 0.5,
              "p50": 0.5,
              "p99": 0.7071067811865476,
              "max": 0.8660254037844386,
              "sum": 40549.56398839246
            },
            "lower_wall": {
              "count": 16384,
              "nonfinite": 0,
              "min": 0.5,
              "mean": 0.5064603222249242,
              "p01": 0.5,
              "p50": 0.5,
              "p99": 0.7071067811865476,
              "max": 0.8660254037844386,
              "sum": 8297.845919333158
            }
          },
          "WallNormalCoeff1": {
            "all": {
              "count": 1572864,
              "nonfinite": 0,
              "min": -0.16528200953354766,
              "mean": -0.0006675219159339964,
              "p01": -0.00025545835883674484,
              "p50": 0.0,
              "p99": 0.0,
              "max": 0.0,
              "sum": -1049.9211907836093
            },
            "fluid": {
              "count": 1492344,
              "nonfinite": 0,
              "min": 0.0,
              "mean": 0.0,
              "p01": 0.0,
              "p50": 0.0,
              "p99": 0.0,
              "max": 0.0,
              "sum": 0.0
            },
            "wall": {
              "count": 80520,
              "nonfinite": 0,
              "min": -0.16528200953354766,
              "mean": -0.013039259696766137,
              "p01": -0.1624011736993486,
              "p50": 0.0,
              "p99": 0.0,
              "max": 0.0,
              "sum": -1049.9211907836093
            },
            "lower_wall": {
              "count": 16384,
              "nonfinite": 0,
              "min": -0.16528200953354766,
              "mean": -0.06408210392966365,
              "p01": -0.16457823151199147,
              "p50": -0.04978027891281292,
              "p99": -0.0001386539414221409,
              "max": -0.00011333966569998521,
              "sum": -1049.9211907836093
            }
          },
          "WallNormalCoeff2": {
            "all": {
              "count": 1572864,
              "nonfinite": 0,
              "min": -0.15085986294114678,
              "mean": -0.0005947221807428919,
              "p01": -0.0006991384004318453,
              "p50": 0.0,
              "p99": 0.0,
              "max": 0.0,
              "sum": -935.4171080919879
            },
            "fluid": {
              "count": 1492344,
              "nonfinite": 0,
              "min": 0.0,
              "mean": 0.0,
              "p01": 0.0,
              "p50": 0.0,
              "p99": 0.0,
              "max": 0.0,
              "sum": 0.0
            },
            "wall": {
              "count": 80520,
              "nonfinite": 0,
              "min": -0.15085986294114678,
              "mean": -0.011617202037903476,
              "p01": -0.14809290682371512,
              "p50": 0.0,
              "p99": 0.0,
              "max": 0.0,
              "sum": -935.4171080919879
            },
            "lower_wall": {
              "count": 16384,
              "nonfinite": 0,
              "min": -0.15085986294114678,
              "mean": -0.05709332935131761,
              "p01": -0.15047386666797627,
              "p50": -0.043845796671088164,
              "p99": -0.0004083911557268838,
              "max": -0.0003399952644123627,
              "sum": -935.4171080919878
            }
          },
          "WallActualMinusProfile": {
            "all": {
              "count": 1572864,
              "nonfinite": 0,
              "min": 0.0,
              "mean": 0.0,
              "p01": 0.0,
              "p50": 0.0,
              "p99": 0.0,
              "max": 0.0,
              "sum": 0.0
            },
            "fluid": {
              "count": 1492344,
              "nonfinite": 0,
              "min": 0.0,
              "mean": 0.0,
              "p01": 0.0,
              "p50": 0.0,
              "p99": 0.0,
              "max": 0.0,
              "sum": 0.0
            },
            "wall": {
              "count": 80520,
              "nonfinite": 0,
              "min": 0.0,
              "mean": 0.0,
              "p01": 0.0,
              "p50": 0.0,
              "p99": 0.0,
              "max": 0.0,
              "sum": 0.0
            },
            "lower_wall": {
              "count": 16384,
              "nonfinite": 0,
              "min": 0.0,
              "mean": 0.0,
              "p01": 0.0,
              "p50": 0.0,
              "p99": 0.0,
              "max": 0.0,
              "sum": 0.0
            }
          },
          "WallActualMinusRaw": {
            "all": {
              "count": 1572864,
              "nonfinite": 0,
              "min": -0.40008309395963304,
              "mean": -0.00026858481008392197,
              "p01": 0.0,
              "p50": 0.0,
              "p99": 0.0,
              "max": 0.11605381180243096,
              "sum": -422.4473787278378
            },
            "fluid": {
              "count": 1492344,
              "nonfinite": 0,
              "min": 0.0,
              "mean": 0.0,
              "p01": 0.0,
              "p50": 0.0,
              "p99": 0.0,
              "max": 0.0,
              "sum": 0.0
            },
            "wall": {
              "count": 80520,
              "nonfinite": 0,
              "min": -0.40008309395963304,
              "mean": -0.005246490048780896,
              "p01": -0.09709633787650467,
              "p50": 0.0,
              "p99": 0.03899622300051646,
              "max": 0.11605381180243096,
              "sum": -422.44737872783776
            },
            "lower_wall": {
              "count": 16384,
              "nonfinite": 0,
              "min": -0.40008309395963304,
              "mean": -0.025784141768056504,
              "p01": -0.24512187260611862,
              "p50": -0.00801419924256025,
              "p99": 0.08625165063596855,
              "max": 0.11605381180243096,
              "sum": -422.44737872783776
            }
          },
          "WallBCPath": {
            "all": {
              "count": 1572864,
              "nonfinite": 0,
              "min": 0.0,
              "mean": 0.133636474609375,
              "p01": 0.0,
              "p50": 0.0,
              "p99": 5.0,
              "max": 5.0,
              "sum": 210192.0
            },
            "fluid": {
              "count": 1492344,
              "nonfinite": 0,
              "min": 0.0,
              "mean": 0.0,
              "p01": 0.0,
              "p50": 0.0,
              "p99": 0.0,
              "max": 0.0,
              "sum": 0.0
            },
            "wall": {
              "count": 80520,
              "nonfinite": 0,
              "min": 2.0,
              "mean": 2.6104321907600596,
              "p01": 2.0,
              "p50": 2.0,
              "p99": 5.0,
              "max": 5.0,
              "sum": 210192.0
            },
            "lower_wall": {
              "count": 16384,
              "nonfinite": 0,
              "min": 5.0,
              "mean": 5.0,
              "p01": 5.0,
              "p50": 5.0,
              "p99": 5.0,
              "max": 5.0,
              "sum": 81920.0
            }
          },
          "SpecialBoundaryPoint": {
            "all": {
              "count": 1572864,
              "nonfinite": 0,
              "min": 0.0,
              "mean": 0.0,
              "p01": 0.0,
              "p50": 0.0,
              "p99": 0.0,
              "max": 0.0,
              "sum": 0.0
            },
            "fluid": {
              "count": 1492344,
              "nonfinite": 0,
              "min": 0.0,
              "mean": 0.0,
              "p01": 0.0,
              "p50": 0.0,
              "p99": 0.0,
              "max": 0.0,
              "sum": 0.0
            },
            "wall": {
              "count": 80520,
              "nonfinite": 0,
              "min": 0.0,
              "mean": 0.0,
              "p01": 0.0,
              "p50": 0.0,
              "p99": 0.0,
              "max": 0.0,
              "sum": 0.0
            },
            "lower_wall": {
              "count": 16384,
              "nonfinite": 0,
              "min": 0.0,
              "mean": 0.0,
              "p01": 0.0,
              "p50": 0.0,
              "p99": 0.0,
              "max": 0.0,
              "sum": 0.0
            }
          },
          "WallGeomNormalMag": {
            "all": {
              "count": 1572864,
              "nonfinite": 0,
              "min": 0.0,
              "mean": 0.051561436956268934,
              "p01": 0.0,
              "p50": 0.0,
              "p99": 1.0,
              "max": 1.7320508075688772,
              "sum": 81099.12797678498
            },
            "fluid": {
              "count": 1492344,
              "nonfinite": 0,
              "min": 0.0,
              "mean": 0.0,
              "p01": 0.0,
              "p50": 0.0,
              "p99": 0.0,
              "max": 0.0,
              "sum": 0.0
            },
            "wall": {
              "count": 80520,
              "nonfinite": 0,
              "min": 1.0,
              "mean": 1.0071923494384616,
              "p01": 1.0,
              "p50": 1.0,
              "p99": 1.4142135623730951,
              "max": 1.7320508075688772,
              "sum": 81099.12797678492
            },
            "lower_wall": {
              "count": 16384,
              "nonfinite": 0,
              "min": 1.0,
              "mean": 1.0129206444498484,
              "p01": 1.0,
              "p50": 1.0,
              "p99": 1.4142135623730951,
              "max": 1.7320508075688772,
              "sum": 16595.691838666316
            }
          },
          "WallGrad1Mag": {
            "all": {
              "count": 1572864,
              "nonfinite": 0,
              "min": 0.0,
              "mean": 0.0007001166284008715,
              "p01": 0.0,
              "p50": 0.0,
              "p99": 0.0002623149389238872,
              "max": 0.1714294864379516,
              "sum": 1101.1882406131083
            },
            "fluid": {
              "count": 1492344,
              "nonfinite": 0,
              "min": 0.0,
              "mean": 0.0,
              "p01": 0.0,
              "p50": 0.0,
              "p99": 0.0,
              "max": 0.0,
              "sum": 0.0
            },
            "wall": {
              "count": 80520,
              "nonfinite": 0,
              "min": 0.0,
              "mean": 0.013675959272393295,
              "p01": 0.0,
              "p50": 0.0,
              "p99": 0.1687459051283827,
              "max": 0.1714294864379516,
              "sum": 1101.188240613108
            },
            "lower_wall": {
              "count": 16384,
              "nonfinite": 0,
              "min": 0.00011334608877010754,
              "mean": 0.06721119632648365,
              "p01": 0.0001395245849709544,
              "p50": 0.05414242806993583,
              "p99": 0.1712655710511654,
              "max": 0.1714294864379516,
              "sum": 1101.188240613108
            }
          },
          "WallGrad2Mag": {
            "all": {
              "count": 1572864,
              "nonfinite": 0,
              "min": 0.0,
              "mean": 0.0006269710513792122,
              "p01": 0.0,
              "p50": 0.0,
              "p99": 0.0007553408668904343,
              "max": 0.15934443251915328,
              "sum": 986.1401957565132
            },
            "fluid": {
              "count": 1492344,
              "nonfinite": 0,
              "min": 0.0,
              "mean": 0.0,
              "p01": 0.0,
              "p50": 0.0,
              "p99": 0.0,
              "max": 0.0,
              "sum": 0.0
            },
            "wall": {
              "count": 80520,
              "nonfinite": 0,
              "min": 0.0,
              "mean": 0.012247145997969614,
              "p01": 0.0,
              "p50": 0.0,
              "p99": 0.1565346151665083,
              "max": 0.15934443251915328,
              "sum": 986.1401957565133
            },
            "lower_wall": {
              "count": 16384,
              "nonfinite": 0,
              "min": 0.00034000364861381936,
              "mean": 0.06018922093240439,
              "p01": 0.000414572091039859,
              "p50": 0.0473733893405884,
              "p99": 0.1591821930281701,
              "max": 0.15934443251915328,
              "sum": 986.1401957565135
            }
          },
          "WallGradTangentVecMag": {
            "all": {
              "count": 1572864,
              "nonfinite": 0,
              "min": 0.0,
              "mean": 0.00019131555715796262,
              "p01": 0.0,
              "p50": 0.0,
              "p99": 3.117169791094038e-05,
              "max": 0.08135017626508076,
              "sum": 300.9133524937017
            },
            "fluid": {
              "count": 1492344,
              "nonfinite": 0,
              "min": 0.0,
              "mean": 0.0,
              "p01": 0.0,
              "p50": 0.0,
              "p99": 0.0,
              "max": 0.0,
              "sum": 0.0
            },
            "wall": {
              "count": 80520,
              "nonfinite": 0,
              "min": 0.0,
              "mean": 0.0037371255898373274,
              "p01": 0.0,
              "p50": 0.0,
              "p99": 0.048217716395495575,
              "max": 0.08135017626508076,
              "sum": 300.9133524937016
            },
            "lower_wall": {
              "count": 16384,
              "nonfinite": 0,
              "min": 6.161195710347914e-07,
              "mean": 0.018366293487164405,
              "p01": 7.990287136078777e-06,
              "p50": 0.012060094382784586,
              "p99": 0.053243314331970625,
              "max": 0.08135017626508076,
              "sum": 300.9133524937016
            }
          },
          "UMag": {
            "all": {
              "count": 1572864,
              "nonfinite": 0,
              "min": 0.0,
              "mean": 1.7067389746490488e-06,
              "p01": 0.0,
              "p50": 1.0896513321968708e-06,
              "p99": 7.951092337196587e-06,
              "max": 9.390518684191043e-06,
              "sum": 2.6844682906224016
            },
            "fluid": {
              "count": 1492344,
              "nonfinite": 0,
              "min": 4.306317084308827e-12,
              "mean": 1.7988267387562116e-06,
              "p01": 6.861605509488615e-09,
              "p50": 1.2098955241226247e-06,
              "p99": 7.973339531783842e-06,
              "max": 9.390518684191043e-06,
              "sum": 2.6844682906223998
            },
            "wall": {
              "count": 80520,
              "nonfinite": 0,
              "min": 0.0,
              "mean": 0.0,
              "p01": 0.0,
              "p50": 0.0,
              "p99": 0.0,
              "max": 0.0,
              "sum": 0.0
            },
            "lower_wall": {
              "count": 16384,
              "nonfinite": 0,
              "min": 0.0,
              "mean": 0.0,
              "p01": 0.0,
              "p50": 0.0,
              "p99": 0.0,
              "max": 0.0,
              "sum": 0.0
            }
          }
        },
        "max_mach": 1.6264855470443726e-05
      },
      "rows": [
        {
          "case_id": "cap_theta030_wall011_mode0",
          "step": 0,
          "init_theta_deg": 30.0,
          "wall_rad_angle_deg": 11.0,
          "angle_apparent_deg": 29.397304912728284,
          "angle_error_vs_init_deg": -0.6026950872717158,
          "angle_error_vs_wall_rad_deg": 18.397304912728284,
          "fit_point_count": 130,
          "phase_fluid_sum": 52593.44512836894,
          "phase_fluid_rel_change": 0.0,
          "rho_fluid_sum": 54033.19568324057,
          "rho_fluid_rel_change": 0.0,
          "phase_fluid_min": 0.0,
          "phase_fluid_max": 0.9997106094060031,
          "wall_phase_pred_min": 0.0,
          "wall_phase_pred_max": 1.0028510456102697,
          "wall_phase_raw_min": 0.0,
          "wall_phase_raw_max": 1.0028510456102697,
          "wall_phase_profile_max": 0.9998532782184653,
          "wall_phase_signed_profile_max": 0.9997192263130221,
          "wall_phase_signed_min": 0.0,
          "wall_phase_signed_max": 0.9997192263130221,
          "wall_signed_logit_shift_max": 4.852683375567842,
          "wall_contact_residual_mean": 0.028663833592905624,
          "wall_contact_residual_min": -0.018317647591986508,
          "wall_contact_residual_max": 1.1469636258094469,
          "wall_signed_normal_grad_mean": -0.007026393153352902,
          "wall_tangent_grad_mag_mean": 0.003835051232112483,
          "wall_signed_delta_q_min": 0.0,
          "wall_signed_delta_q_max": 4.852683375567842,
          "wall_signed_q_clipped_sum": 0.0,
          "wall_stage7_active_weight_sum": 7536.0,
          "wall_stage7_active_weight_mean": 0.09359165424739195,
          "wall_stage7_delta_q_raw_p50": 0.0,
          "wall_stage7_delta_q_raw_p99": 2.1290876432584316,
          "wall_stage7_delta_q_raw_max": 2.2309701606551147,
          "wall_stage7_delta_q_limited_p50": 0.0,
          "wall_stage7_delta_q_limited_p99": 2.1290876432584316,
          "wall_stage7_delta_q_limited_max": 2.2309701606551147,
          "wall_stage7_denom_min": 0.0,
          "wall_stage7_denom_p50": 0.0,
          "wall_stage7_limiter_reason_sum": 10812.0,
          "wall_stage7_limiter_reason_max": 1.0,
          "wall_stage7_actual_cos_p50": 0.0,
          "wall_stage7_target_cos_p50": 0.0,
          "wall_stage7_write_candidate_min": 0.0,
          "wall_stage7_write_candidate_max": 0.9998532782184653,
          "wall_stage7_write_minus_profile_min": 0.0,
          "wall_stage7_write_minus_profile_max": 0.0,
          "max_mach": 0.0,
          "nonfinite_total": 0,
          "path_counts": "{\"2\": 64136, \"5\": 16384}"
        },
        {
          "case_id": "cap_theta030_wall011_mode0",
          "step": 10000,
          "init_theta_deg": 30.0,
          "wall_rad_angle_deg": 11.0,
          "angle_apparent_deg": 29.58828571014186,
          "angle_error_vs_init_deg": -0.4117142898581392,
          "angle_error_vs_wall_rad_deg": 18.58828571014186,
          "fit_point_count": 130,
          "phase_fluid_sum": 52456.619804514485,
          "phase_fluid_rel_change": -0.00260156609859834,
          "rho_fluid_sum": 53896.50718471004,
          "rho_fluid_rel_change": -0.002529713388263026,
          "phase_fluid_min": 4.350852317399897e-09,
          "phase_fluid_max": 0.999765867429304,
          "wall_phase_pred_min": 4.350852317399897e-09,
          "wall_phase_pred_max": 0.9997728469346012,
          "wall_phase_raw_min": 4.350852317399897e-09,
          "wall_phase_raw_max": 0.9997728469346012,
          "wall_phase_profile_max": 0.9998812978029824,
          "wall_phase_signed_profile_max": 0.9997724888384627,
          "wall_phase_signed_min": 0.0,
          "wall_phase_signed_max": 0.9997724888384627,
          "wall_signed_logit_shift_max": 5.230248857894882,
          "wall_contact_residual_mean": 0.011032162896453814,
          "wall_contact_residual_min": -0.01831342455672902,
          "wall_contact_residual_max": 0.3513060515737859,
          "wall_signed_normal_grad_mean": -0.009675097080438046,
          "wall_tangent_grad_mag_mean": 0.0038111816070769866,
          "wall_signed_delta_q_min": 0.0,
          "wall_signed_delta_q_max": 5.230248857894882,
          "wall_signed_q_clipped_sum": 0.0,
          "wall_stage7_active_weight_sum": 9792.0,
          "wall_stage7_active_weight_mean": 0.12160953800298063,
          "wall_stage7_delta_q_raw_p50": 0.0,
          "wall_stage7_delta_q_raw_p99": 1.4240635196959415,
          "wall_stage7_delta_q_raw_max": 3.6773231997880296,
          "wall_stage7_delta_q_limited_p50": 0.0,
          "wall_stage7_delta_q_limited_p99": 1.4240635196959415,
          "wall_stage7_delta_q_limited_max": 3.6773231997880296,
          "wall_stage7_denom_min": 0.0,
          "wall_stage7_denom_p50": 0.0,
          "wall_stage7_limiter_reason_sum": 8760.0,
          "wall_stage7_limiter_reason_max": 1.0,
          "wall_stage7_actual_cos_p50": 0.0,
          "wall_stage7_target_cos_p50": 0.0,
          "wall_stage7_write_candidate_min": 0.0,
          "wall_stage7_write_candidate_max": 0.9998812978029824,
          "wall_stage7_write_minus_profile_min": 0.0,
          "wall_stage7_write_minus_profile_max": 0.0,
          "max_mach": 1.345548055111647e-05,
          "nonfinite_total": 0,
          "path_counts": "{\"2\": 64136, \"5\": 16384}"
        },
        {
          "case_id": "cap_theta030_wall011_mode0",
          "step": 20000,
          "init_theta_deg": 30.0,
          "wall_rad_angle_deg": 11.0,
          "angle_apparent_deg": 29.478157627215403,
          "angle_error_vs_init_deg": -0.5218423727845973,
          "angle_error_vs_wall_rad_deg": 18.478157627215403,
          "fit_point_count": 132,
          "phase_fluid_sum": 52416.87479698928,
          "phase_fluid_rel_change": -0.003357268780333615,
          "rho_fluid_sum": 53856.801922192295,
          "rho_fluid_rel_change": -0.003264544301291201,
          "phase_fluid_min": 1.0018290908133031e-08,
          "phase_fluid_max": 0.9997662050527469,
          "wall_phase_pred_min": 1.0018290908133031e-08,
          "wall_phase_pred_max": 0.9997731865804981,
          "wall_phase_raw_min": 1.0018290908133031e-08,
          "wall_phase_raw_max": 0.9997731865804981,
          "wall_phase_profile_max": 0.9998814689958266,
          "wall_phase_signed_profile_max": 0.9997728330033551,
          "wall_phase_signed_min": 0.0,
          "wall_phase_signed_max": 0.9997728330033548,
          "wall_signed_logit_shift_max": 5.2234208865517004,
          "wall_contact_residual_mean": 0.008916680920383226,
          "wall_contact_residual_min": -0.018312943772939128,
          "wall_contact_residual_max": 0.3349541010529541,
          "wall_signed_normal_grad_mean": -0.01093116615853974,
          "wall_tangent_grad_mag_mean": 0.003791893588451681,
          "wall_signed_delta_q_min": 0.0,
          "wall_signed_delta_q_max": 5.223420886551701,
          "wall_signed_q_clipped_sum": 0.0,
          "wall_stage7_active_weight_sum": 10560.0,
          "wall_stage7_active_weight_mean": 0.13114754098360656,
          "wall_stage7_delta_q_raw_p50": 0.0,
          "wall_stage7_delta_q_raw_p99": 1.2500925373029874,
          "wall_stage7_delta_q_raw_max": 3.697501682862482,
          "wall_stage7_delta_q_limited_p50": 0.0,
          "wall_stage7_delta_q_limited_p99": 1.2500925373029874,
          "wall_stage7_delta_q_limited_max": 3.697501682862482,
          "wall_stage7_denom_min": 0.0,
          "wall_stage7_denom_p50": 0.0,
          "wall_stage7_limiter_reason_sum": 7900.0,
          "wall_stage7_limiter_reason_max": 1.0,
          "wall_stage7_actual_cos_p50": 0.0,
          "wall_stage7_target_cos_p50": 0.0,
          "wall_stage7_write_candidate_min": 0.0,
          "wall_stage7_write_candidate_max": 0.9998814689958266,
          "wall_stage7_write_minus_profile_min": 0.0,
          "wall_stage7_write_minus_profile_max": 0.0,
          "max_mach": 1.5023668396000336e-05,
          "nonfinite_total": 0,
          "path_counts": "{\"2\": 64136, \"5\": 16384}"
        },
        {
          "case_id": "cap_theta030_wall011_mode0",
          "step": 30000,
          "init_theta_deg": 30.0,
          "wall_rad_angle_deg": 11.0,
          "angle_apparent_deg": 29.288470207960707,
          "angle_error_vs_init_deg": -0.7115297920392933,
          "angle_error_vs_wall_rad_deg": 18.288470207960707,
          "fit_point_count": 134,
          "phase_fluid_sum": 52385.59422491146,
          "phase_fluid_rel_change": -0.003952030580049734,
          "rho_fluid_sum": 53825.55263068656,
          "rho_fluid_rel_change": -0.00384287936199963,
          "phase_fluid_min": 1.3336992300120618e-08,
          "phase_fluid_max": 0.9997670640781626,
          "wall_phase_pred_min": 1.3336992300120618e-08,
          "wall_phase_pred_max": 0.9997738319672868,
          "wall_phase_raw_min": 1.3336992300120618e-08,
          "wall_phase_raw_max": 0.9997738319672868,
          "wall_phase_profile_max": 0.9998819045666083,
          "wall_phase_signed_profile_max": 0.9997734981737597,
          "wall_phase_signed_min": 0.0,
          "wall_phase_signed_max": 0.9997734981737597,
          "wall_signed_logit_shift_max": 5.217372793504375,
          "wall_contact_residual_mean": 0.007868422581607836,
          "wall_contact_residual_min": -0.01836983462902997,
          "wall_contact_residual_max": 0.3281095981241441,
          "wall_signed_normal_grad_mean": -0.011821068381513524,
          "wall_tangent_grad_mag_mean": 0.003772868930761475,
          "wall_signed_delta_q_min": 0.0,
          "wall_signed_delta_q_max": 5.217372793504374,
          "wall_signed_q_clipped_sum": 0.0,
          "wall_stage7_active_weight_sum": 11036.0,
          "wall_stage7_active_weight_mean": 0.13705911574764035,
          "wall_stage7_delta_q_raw_p50": 0.0,
          "wall_stage7_delta_q_raw_p99": 1.1536520872542009,
          "wall_stage7_delta_q_raw_max": 3.714201180648981,
          "wall_stage7_delta_q_limited_p50": 0.0,
          "wall_stage7_delta_q_limited_p99": 1.1536520872542009,
          "wall_stage7_delta_q_limited_max": 3.714201180648981,
          "wall_stage7_denom_min": 0.0,
          "wall_stage7_denom_p50": 0.0,
          "wall_stage7_limiter_reason_sum": 7356.0,
          "wall_stage7_limiter_reason_max": 1.0,
          "wall_stage7_actual_cos_p50": 0.0,
          "wall_stage7_target_cos_p50": 0.0,
          "wall_stage7_write_candidate_min": 0.0,
          "wall_stage7_write_candidate_max": 0.9998819045666083,
          "wall_stage7_write_minus_profile_min": 0.0,
          "wall_stage7_write_minus_profile_max": 0.0,
          "max_mach": 1.5608503242801692e-05,
          "nonfinite_total": 0,
          "path_counts": "{\"2\": 64136, \"5\": 16384}"
        },
        {
          "case_id": "cap_theta030_wall011_mode0",
          "step": 40000,
          "init_theta_deg": 30.0,
          "wall_rad_angle_deg": 11.0,
          "angle_apparent_deg": 29.213948464234335,
          "angle_error_vs_init_deg": -0.7860515357656652,
          "angle_error_vs_wall_rad_deg": 18.213948464234335,
          "fit_point_count": 134,
          "phase_fluid_sum": 52359.10042551777,
          "phase_fluid_rel_change": -0.0044557777547979465,
          "rho_fluid_sum": 53799.085325092245,
          "rho_fluid_rel_change": -0.004332713532635635,
          "phase_fluid_min": 1.5255732447549136e-08,
          "phase_fluid_max": 0.9997697600960986,
          "wall_phase_pred_min": 1.5255732447549136e-08,
          "wall_phase_pred_max": 0.9997763675166685,
          "wall_phase_raw_min": 1.5255732447549136e-08,
          "wall_phase_raw_max": 0.9997763675166685,
          "wall_phase_profile_max": 0.9998832715859227,
          "wall_phase_signed_profile_max": 0.9997760406528619,
          "wall_phase_signed_min": 0.0,
          "wall_phase_signed_max": 0.9997760406528619,
          "wall_signed_logit_shift_max": 5.213740744902592,
          "wall_contact_residual_mean": 0.00719406813568006,
          "wall_contact_residual_min": -0.018317515175580334,
          "wall_contact_residual_max": 0.3244020011699337,
          "wall_signed_normal_grad_mean": -0.01252046743408999,
          "wall_tangent_grad_mag_mean": 0.0037546124715710947,
          "wall_signed_delta_q_min": 0.0,
          "wall_signed_delta_q_max": 5.213740744902592,
          "wall_signed_q_clipped_sum": 0.0,
          "wall_stage7_active_weight_sum": 11408.0,
          "wall_stage7_active_weight_mean": 0.141679085941381,
          "wall_stage7_delta_q_raw_p50": 0.0,
          "wall_stage7_delta_q_raw_p99": 1.0862549513151387,
          "wall_stage7_delta_q_raw_max": 3.7271590171403037,
          "wall_stage7_delta_q_limited_p50": 0.0,
          "wall_stage7_delta_q_limited_p99": 1.0862549513151387,
          "wall_stage7_delta_q_limited_max": 3.7271590171403037,
          "wall_stage7_denom_min": 0.0,
          "wall_stage7_denom_p50": 0.0,
          "wall_stage7_limiter_reason_sum": 6984.0,
          "wall_stage7_limiter_reason_max": 1.0,
          "wall_stage7_actual_cos_p50": 0.0,
          "wall_stage7_target_cos_p50": 0.0,
          "wall_stage7_write_candidate_min": 0.0,
          "wall_stage7_write_candidate_max": 0.9998832715859227,
          "wall_stage7_write_minus_profile_min": 0.0,
          "wall_stage7_write_minus_profile_max": 0.0,
          "max_mach": 1.602851880478963e-05,
          "nonfinite_total": 0,
          "path_counts": "{\"2\": 64136, \"5\": 16384}"
        },
        {
          "case_id": "cap_theta030_wall011_mode0",
          "step": 50000,
          "init_theta_deg": 30.0,
          "wall_rad_angle_deg": 11.0,
          "angle_apparent_deg": 28.96071934786895,
          "angle_error_vs_init_deg": -1.0392806521310511,
          "angle_error_vs_wall_rad_deg": 17.96071934786895,
          "fit_point_count": 136,
          "phase_fluid_sum": 52335.80079732609,
          "phase_fluid_rel_change": -0.004898791672878599,
          "rho_fluid_sum": 53775.80899652879,
          "rho_fluid_rel_change": -0.00476349183973245,
          "phase_fluid_min": 1.5544880656109053e-08,
          "phase_fluid_max": 0.9997735002028174,
          "wall_phase_pred_min": 1.599808390619154e-08,
          "wall_phase_pred_max": 0.9997801007615862,
          "wall_phase_raw_min": 1.599808390619154e-08,
          "wall_phase_raw_max": 0.9997801007615862,
          "wall_phase_profile_max": 0.9998851680050386,
          "wall_phase_signed_profile_max": 0.9997797645070441,
          "wall_phase_signed_min": 0.0,
          "wall_phase_signed_max": 0.9997797645070439,
          "wall_signed_logit_shift_max": 5.21187671186393,
          "wall_contact_residual_mean": 0.006702327436715143,
          "wall_contact_residual_min": -0.018316148782048236,
          "wall_contact_residual_max": 0.3221665706151079,
          "wall_signed_normal_grad_mean": -0.013099469277688945,
          "wall_tangent_grad_mag_mean": 0.0037371255898373274,
          "wall_signed_delta_q_min": 0.0,
          "wall_signed_delta_q_max": 5.211876711863931,
          "wall_signed_q_clipped_sum": 0.0,
          "wall_stage7_active_weight_sum": 11680.0,
          "wall_stage7_active_weight_mean": 0.14505712866368603,
          "wall_stage7_delta_q_raw_p50": 0.0,
          "wall_stage7_delta_q_raw_p99": 1.0362663540972947,
          "wall_stage7_delta_q_raw_max": 3.737464980461117,
          "wall_stage7_delta_q_limited_p50": 0.0,
          "wall_stage7_delta_q_limited_p99": 1.0362663540972947,
          "wall_stage7_delta_q_limited_max": 3.737464980461117,
          "wall_stage7_denom_min": 0.0,
          "wall_stage7_denom_p50": 0.0,
          "wall_stage7_limiter_reason_sum": 6660.0,
          "wall_stage7_limiter_reason_max": 1.0,
          "wall_stage7_actual_cos_p50": 0.0,
          "wall_stage7_target_cos_p50": 0.0,
          "wall_stage7_write_candidate_min": 0.0,
          "wall_stage7_write_candidate_max": 0.9998851680050386,
          "wall_stage7_write_minus_profile_min": 0.0,
          "wall_stage7_write_minus_profile_max": 0.0,
          "max_mach": 1.6264855470443726e-05,
          "nonfinite_total": 0,
          "path_counts": "{\"2\": 64136, \"5\": 16384}"
        }
      ],
      "claim_limit": "flat-wall runtime sanity/contact-response diagnostic only"
    },
    {
      "status": "runtime_sanity",
      "case_id": "cap_theta030_wall011_mode2",
      "case_dir": "/mnt/8A0E24070E23EAC1/runs/tclb_flat_wall_cap_stage7b_wall011_modes_20260612/cap_theta030_wall011_mode2",
      "case_params": {
        "status": "runtime_sanity",
        "case_id": "cap_theta030_wall011_mode2",
        "purpose": "Stage7b wall011 mode2 full signed-write control",
        "remote_case": "/mnt/8A0E24070E23EAC1/runs/tclb_flat_wall_cap_stage7b_wall011_modes_20260612/cap_theta030_wall011_mode2",
        "xml": "C:\\Users\\yuanz\\Desktop\\LBMD3Q27\\cases\\diagnostics\\flat_wall_cap_stage7b_wall011_modes_20260612\\cap_theta030_wall011_mode2\\case.xml",
        "volume_equivalent_sphere_radius": 24.0,
        "init_theta_deg": 30.0,
        "wall_rad_angle_deg": 11.0,
        "cap_sphere_radius": 102.43685957667594,
        "cap_height": 13.723936899375312,
        "cap_base_radius": 51.218429788337964,
        "cap_center_x": 64.0,
        "cap_center_y": -88.71292267730063,
        "cap_center_z": 64.0,
        "use_stage7_signed_wall_ghost": false,
        "stage7_signed_mode": 2.0,
        "stage7_delta_q_scale": 1.0,
        "stage7_delta_q_abs_cap": 6.0,
        "stage7_denom_floor": 0.05,
        "stage7_active_c_min": 0.02,
        "stage7_active_grad_min": 1e-06,
        "stage7_active_tangent_min": 1e-08,
        "stage7_relaxation_tau": 1.0
      },
      "frame_count": 1,
      "last": {
        "status": "runtime_sanity",
        "case_id": "cap_theta030_wall011_mode2",
        "step": 0,
        "file": "/mnt/8A0E24070E23EAC1/runs/tclb_flat_wall_cap_stage7b_wall011_modes_20260612/cap_theta030_wall011_mode2/output/case_VTK_P00_00000000.vti",
        "dims": [
          128,
          96,
          128
        ],
        "case_params": {
          "status": "runtime_sanity",
          "case_id": "cap_theta030_wall011_mode2",
          "purpose": "Stage7b wall011 mode2 full signed-write control",
          "remote_case": "/mnt/8A0E24070E23EAC1/runs/tclb_flat_wall_cap_stage7b_wall011_modes_20260612/cap_theta030_wall011_mode2",
          "xml": "C:\\Users\\yuanz\\Desktop\\LBMD3Q27\\cases\\diagnostics\\flat_wall_cap_stage7b_wall011_modes_20260612\\cap_theta030_wall011_mode2\\case.xml",
          "volume_equivalent_sphere_radius": 24.0,
          "init_theta_deg": 30.0,
          "wall_rad_angle_deg": 11.0,
          "cap_sphere_radius": 102.43685957667594,
          "cap_height": 13.723936899375312,
          "cap_base_radius": 51.218429788337964,
          "cap_center_x": 64.0,
          "cap_center_y": -88.71292267730063,
          "cap_center_z": 64.0,
          "use_stage7_signed_wall_ghost": false,
          "stage7_signed_mode": 2.0,
          "stage7_delta_q_scale": 1.0,
          "stage7_delta_q_abs_cap": 6.0,
          "stage7_denom_floor": 0.05,
          "stage7_active_c_min": 0.02,
          "stage7_active_grad_min": 1e-06,
          "stage7_active_tangent_min": 1e-08,
          "stage7_relaxation_tau": 1.0
        },
        "cell_count": 1572864,
        "wall_count": 80520,
        "fluid_count": 1492344,
        "lower_wall_count": 16384,
        "nonfinite_total": 0,
        "angle_apparent_deg": 28.484486480302778,
        "angle_error_vs_init_deg": -1.5155135196972225,
        "angle_error_vs_wall_rad_deg": 17.484486480302778,
        "fit_point_count": 138,
        "fit_circle": [
          -94.92510290180803,
          63.49999999999999,
          107.99875418554788
        ],
        "wall_bc_path_counts": {
          "2": 64136,
          "5": 16384
        },
        "field_stats": {
          "PhaseField": {
            "all": {
              "count": 1572864,
              "nonfinite": 0,
              "min": 0.0,
              "mean": 0.03945067583259105,
              "p01": 0.0,
              "p50": 1.7696955012524993e-13,
              "p99": 0.9866017991418763,
              "max": 0.9997192263130218,
              "sum": 62050.547792752484
            },
            "fluid": {
              "count": 1492344,
              "nonfinite": 0,
              "min": 0.0,
              "mean": 0.035242172802228536,
              "p01": 0.0,
              "p50": 2.1266322036694874e-13,
              "p99": 0.9770410882300042,
              "max": 0.9997106094060031,
              "sum": 52593.44512836894
            },
            "wall": {
              "count": 80520,
              "nonfinite": 0,
              "min": 0.0,
              "mean": 0.11745035599085353,
              "p01": 0.0,
              "p50": 7.216449660063518e-16,
              "p99": 0.9994713976445326,
              "max": 0.9997192263130218,
              "sum": 9457.102664383527
            },
            "lower_wall": {
              "count": 16384,
              "nonfinite": 0,
              "min": 1.9224183906391647e-06,
              "mean": 0.5770732416761032,
              "p01": 2.2917124780202295e-05,
              "p50": 0.7474777904220326,
              "p99": 0.9996969477332132,
              "max": 0.9997192263130218,
              "sum": 9454.767991621275
            }
          },
          "Rho": {
            "all": {
              "count": 1572864,
              "nonfinite": 0,
              "min": 0.0,
              "mean": 0.0343533806376397,
              "p01": 0.0,
              "p50": 0.0010000000000440319,
              "p99": 0.9742675859386787,
              "max": 0.9997108987965971,
              "sum": 54033.195683240534
            },
            "fluid": {
              "count": 1492344,
              "nonfinite": 0,
              "min": 0.001,
              "mean": 0.03620693062942631,
              "p01": 0.001,
              "p50": 0.0010000000002124507,
              "p99": 0.9770640471417742,
              "max": 0.9997108987965971,
              "sum": 54033.19568324057
            },
            "wall": {
              "count": 80520,
              "nonfinite": 0,
              "min": 0.0,
              "mean": 0.0,
              "p01": 0.0,
              "p50": 0.0,
              "p99": 0.0,
              "max": 0.0,
              "sum": 0.0
            },
            "lower_wall": {
              "count": 16384,
              "nonfinite": 0,
              "min": 0.0,
              "mean": 0.0,
              "p01": 0.0,
              "p50": 0.0,
              "p99": 0.0,
              "max": 0.0,
              "sum": 0.0
            }
          },
          "WallPfF": {
            "all": {
              "count": 1572864,
              "nonfinite": 0,
              "min": 0.0,
              "mean": 0.004719407841776492,
              "p01": 0.0,
              "p50": 0.0,
              "p99": 0.0003209504932987217,
              "max": 0.9997106094060031,
              "sum": 7422.986695647941
            },
            "fluid": {
              "count": 1492344,
              "nonfinite": 0,
              "min": 0.0,
              "mean": 0.0,
              "p01": 0.0,
              "p50": 0.0,
              "p99": 0.0,
              "max": 0.0,
              "sum": 0.0
            },
            "wall": {
              "count": 80520,
              "nonfinite": 0,
              "min": 0.0,
              "mean": 0.09218811097426653,
              "p01": 0.0,
              "p50": 7.216449660063518e-16,
              "p99": 0.9992659230536085,
              "max": 0.9997106094060031,
              "sum": 7422.986695647941
            },
            "lower_wall": {
              "count": 16384,
              "nonfinite": 0,
              "min": 1.2355246403750186e-07,
              "mean": 0.4529206556937065,
              "p01": 8.677533256395975e-07,
              "p50": 0.30777895430516683,
              "p99": 0.9996477232387608,
              "max": 0.9997106094060031,
              "sum": 7420.652022885687
            }
          },
          "WallGradTangent": {
            "all": {
              "count": 1572864,
              "nonfinite": 0,
              "min": 0.0,
              "mean": 0.00019632868780116854,
              "p01": 0.0,
              "p50": 0.0,
              "p99": 5.623032523652125e-06,
              "max": 0.0842642141746207,
              "sum": 308.79832520969717
            },
            "fluid": {
              "count": 1492344,
              "nonfinite": 0,
              "min": 0.0,
              "mean": 0.0,
              "p01": 0.0,
              "p50": 0.0,
              "p99": 0.0,
              "max": 0.0,
              "sum": 0.0
            },
            "wall": {
              "count": 80520,
              "nonfinite": 0,
              "min": 0.0,
              "mean": 0.003835051232112483,
              "p01": 0.0,
              "p50": 0.0,
              "p99": 0.08010570338826857,
              "max": 0.0842642141746207,
              "sum": 308.7983252096971
            },
            "lower_wall": {
              "count": 16384,
              "nonfinite": 0,
              "min": 6.591656750266397e-08,
              "mean": 0.01884755402891218,
              "p01": 5.394486231451536e-07,
              "p50": 0.003912802751105642,
              "p99": 0.08386950710464179,
              "max": 0.0842642141746207,
              "sum": 308.79832520969717
            }
          },
          "WallTanCoeff": {
            "all": {
              "count": 1572864,
              "nonfinite": 0,
              "min": -1.794896453688466e-09,
              "mean": 0.053589103746298876,
              "p01": -1.794896453688466e-09,
              "p50": 0.0,
              "p99": 5.144553966670899,
              "max": 5.144553966670899,
              "sum": 84288.37207481863
            },
            "fluid": {
              "count": 1492344,
              "nonfinite": 0,
              "min": 0.0,
              "mean": 0.0,
              "p01": 0.0,
              "p50": 0.0,
              "p99": 0.0,
              "max": 0.0,
              "sum": 0.0
            },
            "wall": {
              "count": 80520,
              "nonfinite": 0,
              "min": -1.794896453688466e-09,
              "mean": 1.0468004480230815,
              "p01": -1.794896453688466e-09,
              "p50": -1.794896453688466e-09,
              "p99": 5.144553966670899,
              "max": 5.144553966670899,
              "sum": 84288.37207481852
            },
            "lower_wall": {
              "count": 16384,
              "nonfinite": 0,
              "min": 5.144553966670899,
              "mean": 5.144553966670899,
              "p01": 5.144553966670899,
              "p50": 5.144553966670899,
              "p99": 5.144553966670899,
              "max": 5.144553966670899,
              "sum": 84288.37218993601
            }
          },
          "WallPhasePred": {
            "all": {
              "count": 1572864,
              "nonfinite": 0,
              "min": 0.0,
              "mean": 0.005730279043556708,
              "p01": 0.0,
              "p50": 0.0,
              "p99": 0.0006209487770297521,
              "max": 1.0028510456102697,
              "sum": 9012.949617564778
            },
            "fluid": {
              "count": 1492344,
              "nonfinite": 0,
              "min": 0.0,
              "mean": 0.0,
              "p01": 0.0,
              "p50": 0.0,
              "p99": 0.0,
              "max": 0.0,
              "sum": 0.0
            },
            "wall": {
              "count": 80520,
              "nonfinite": 0,
              "min": 0.0,
              "mean": 0.11193429728719302,
              "p01": 0.0,
              "p50": 7.216449660063518e-16,
              "p99": 0.9997104560897562,
              "max": 1.0028510456102697,
              "sum": 9012.949617564782
            },
            "lower_wall": {
              "count": 16384,
              "nonfinite": 0,
              "min": 4.6266380285266187e-07,
              "mean": 0.5499642910646074,
              "p01": 4.0957021942801635e-06,
              "p50": 0.7116672251171052,
              "p99": 1.0026309530745885,
              "max": 1.0028510456102697,
              "sum": 9010.614944802528
            }
          },
          "WallPhaseProfilePred": {
            "all": {
              "count": 1572864,
              "nonfinite": 0,
              "min": 0.0,
              "mean": 0.005130305757629111,
              "p01": 0.0,
              "p50": 0.0,
              "p99": 0.0004539518530315978,
              "max": 0.9998532782184653,
              "sum": 8069.273235167554
            },
            "fluid": {
              "count": 1492344,
              "nonfinite": 0,
              "min": 0.0,
              "mean": 0.0,
              "p01": 0.0,
              "p50": 0.0,
              "p99": 0.0,
              "max": 0.0,
              "sum": 0.0
            },
            "wall": {
              "count": 80520,
              "nonfinite": 0,
              "min": 0.0,
              "mean": 0.10021452105275153,
              "p01": 0.0,
              "p50": 7.216449660063518e-16,
              "p99": 0.9996277296644824,
              "max": 0.9998532782184653,
              "sum": 8069.273235167553
            },
            "lower_wall": {
              "count": 16384,
              "nonfinite": 0,
              "min": 2.437308800706327e-07,
              "mean": 0.49236685561555793,
              "p01": 2.134869111579184e-06,
              "p50": 0.4627696865323218,
              "p99": 0.9998213885635421,
              "max": 0.9998532782184653,
              "sum": 8066.938562405301
            }
          },
          "WallProfileDelta": {
            "all": {
              "count": 1572864,
              "nonfinite": 0,
              "min": -0.00013847421000401372,
              "mean": 0.0005999732859276,
              "p01": 0.0,
              "p50": 0.0,
              "p99": 0.0,
              "max": 0.2699126417250224,
              "sum": 943.6763823972287
            },
            "fluid": {
              "count": 1492344,
              "nonfinite": 0,
              "min": 0.0,
              "mean": 0.0,
              "p01": 0.0,
              "p50": 0.0,
              "p99": 0.0,
              "max": 0.0,
              "sum": 0.0
            },
            "wall": {
              "count": 80520,
              "nonfinite": 0,
              "min": -0.00013847421000401372,
              "mean": 0.011719776234441492,
              "p01": -0.00011999978451837645,
              "p50": 0.0,
              "p99": 0.25546978489812844,
              "max": 0.2699126417250224,
              "sum": 943.6763823972288
            },
            "lower_wall": {
              "count": 16384,
              "nonfinite": 0,
              "min": -0.00013847421000401372,
              "mean": 0.057597435449049605,
              "p01": -0.00012158075153604786,
              "p50": 0.010484215601045288,
              "p99": 0.2680629891181664,
              "max": 0.2699126417250224,
              "sum": 943.6763823972287
            }
          },
          "WallPhaseSignedProfilePred": {
            "all": {
              "count": 1572864,
              "nonfinite": 0,
              "min": 0.0,
              "mean": 0.006012663945759794,
              "p01": 0.0,
              "p50": 0.0,
              "p99": 0.0012648398412748285,
              "max": 0.9997192263130221,
              "sum": 9457.102664383532
            },
            "fluid": {
              "count": 1492344,
              "nonfinite": 0,
              "min": 0.0,
              "mean": 0.0,
              "p01": 0.0,
              "p50": 0.0,
              "p99": 0.0,
              "max": 0.0,
              "sum": 0.0
            },
            "wall": {
              "count": 80520,
              "nonfinite": 0,
              "min": 0.0,
              "mean": 0.11745035599085356,
              "p01": 0.0,
              "p50": 7.216449660063518e-16,
              "p99": 0.9994713976445327,
              "max": 0.9997192263130221,
              "sum": 9457.102664383528
            },
            "lower_wall": {
              "count": 16384,
              "nonfinite": 0,
              "min": 1.9224183906391647e-06,
              "mean": 0.5770732416761032,
              "p01": 2.29171247802023e-05,
              "p50": 0.7474777904220326,
              "p99": 0.9996969477332134,
              "max": 0.9997192263130221,
              "sum": 9454.767991621275
            }
          },
          "WallSignedProfileDelta": {
            "all": {
              "count": 1572864,
              "nonfinite": 0,
              "min": -0.4011906402258225,
              "mean": -0.00028238490220307977,
              "p01": 0.0,
              "p50": 0.0,
              "p99": 0.0,
              "max": 0.09921711272801514,
              "sum": -444.1530468187449
            },
            "fluid": {
              "count": 1492344,
              "nonfinite": 0,
              "min": 0.0,
              "mean": 0.0,
              "p01": 0.0,
              "p50": 0.0,
              "p99": 0.0,
              "max": 0.0,
              "sum": 0.0
            },
            "wall": {
              "count": 80520,
              "nonfinite": 0,
              "min": -0.4011906402258225,
              "mean": -0.005516058703660519,
              "p01": -0.18757148510165256,
              "p50": 0.0,
              "p99": 0.08792082695470571,
              "max": 0.09921711272801514,
              "sum": -444.15304681874494
            },
            "lower_wall": {
              "count": 16384,
              "nonfinite": 0,
              "min": -0.4011906402258225,
              "mean": -0.027108950611495666,
              "p01": -0.19552818365056035,
              "p50": -2.7497754304939373e-05,
              "p99": 0.09829444791120356,
              "max": 0.09921711272801514,
              "sum": -444.153046818745
            }
          },
          "WallSignedLogitShift": {
            "all": {
              "count": 1572864,
              "nonfinite": 0,
              "min": 0.0,
              "mean": 0.017828030100856776,
              "p01": 0.0,
              "p50": 0.0,
              "p99": 0.2988117935766649,
              "max": 4.852683375567842,
              "sum": 28041.066736553992
            },
            "fluid": {
              "count": 1492344,
              "nonfinite": 0,
              "min": 0.0,
              "mean": 0.0,
              "p01": 0.0,
              "p50": 0.0,
              "p99": 0.0,
              "max": 0.0,
              "sum": 0.0
            },
            "wall": {
              "count": 80520,
              "nonfinite": 0,
              "min": 0.0,
              "mean": 0.3482497110848735,
              "p01": 0.0,
              "p50": 0.0,
              "p99": 2.7626981861805375,
              "max": 4.852683375567842,
              "sum": 28041.066736554014
            },
            "lower_wall": {
              "count": 16384,
              "nonfinite": 0,
              "min": 0.01449880118798999,
              "mean": 1.711490889682252,
              "p01": 0.15055157987723986,
              "p50": 1.8936613095705195,
              "p99": 4.756194563536991,
              "max": 4.852683375567842,
              "sum": 28041.066736554018
            }
          },
          "WallFluidSampleCount": {
            "all": {
              "count": 1572864,
              "nonfinite": 0,
              "min": 0.0,
              "mean": 3.7336578369140625,
              "p01": 0.0,
              "p50": 0.0,
              "p99": 75.0,
              "max": 75.0,
              "sum": 5872536.0
            },
            "fluid": {
              "count": 1492344,
              "nonfinite": 0,
              "min": 0.0,
              "mean": 0.0,
              "p01": 0.0,
              "p50": 0.0,
              "p99": 0.0,
              "max": 0.0,
              "sum": 0.0
            },
            "wall": {
              "count": 80520,
              "nonfinite": 0,
              "min": 27.0,
              "mean": 72.93263785394933,
              "p01": 45.0,
              "p50": 75.0,
              "p99": 75.0,
              "max": 75.0,
              "sum": 5872536.0
            },
            "lower_wall": {
              "count": 16384,
              "nonfinite": 0,
              "min": 27.0,
              "mean": 72.674560546875,
              "p01": 45.0,
              "p50": 75.0,
              "p99": 75.0,
              "max": 75.0,
              "sum": 1190700.0
            }
          },
          "WallFluidSampleH": {
            "all": {
              "count": 1572864,
              "nonfinite": 0,
              "min": 0.0,
              "mean": 0.025780718478134467,
              "p01": 0.0,
              "p50": 0.0,
              "p99": 0.5,
              "max": 0.8660254037844386,
              "sum": 40549.56398839249
            },
            "fluid": {
              "count": 1492344,
              "nonfinite": 0,
              "min": 0.0,
              "mean": 0.0,
              "p01": 0.0,
              "p50": 0.0,
              "p99": 0.0,
              "max": 0.0,
              "sum": 0.0
            },
            "wall": {
              "count": 80520,
              "nonfinite": 0,
              "min": 0.5,
              "mean": 0.5035961747192308,
              "p01": 0.5,
              "p50": 0.5,
              "p99": 0.7071067811865476,
              "max": 0.8660254037844386,
              "sum": 40549.56398839246
            },
            "lower_wall": {
              "count": 16384,
              "nonfinite": 0,
              "min": 0.5,
              "mean": 0.5064603222249242,
              "p01": 0.5,
              "p50": 0.5,
              "p99": 0.7071067811865476,
              "max": 0.8660254037844386,
              "sum": 8297.845919333158
            }
          },
          "WallPhaseRawPred": {
            "all": {
              "count": 1572864,
              "nonfinite": 0,
              "min": 0.0,
              "mean": 0.005730279043556708,
              "p01": 0.0,
              "p50": 0.0,
              "p99": 0.0006209487770297521,
              "max": 1.0028510456102697,
              "sum": 9012.949617564778
            },
            "fluid": {
              "count": 1492344,
              "nonfinite": 0,
              "min": 0.0,
              "mean": 0.0,
              "p01": 0.0,
              "p50": 0.0,
              "p99": 0.0,
              "max": 0.0,
              "sum": 0.0
            },
            "wall": {
              "count": 80520,
              "nonfinite": 0,
              "min": 0.0,
              "mean": 0.11193429728719302,
              "p01": 0.0,
              "p50": 7.216449660063518e-16,
              "p99": 0.9997104560897562,
              "max": 1.0028510456102697,
              "sum": 9012.949617564782
            },
            "lower_wall": {
              "count": 16384,
              "nonfinite": 0,
              "min": 4.6266380285266187e-07,
              "mean": 0.5499642910646074,
              "p01": 4.0957021942801635e-06,
              "p50": 0.7116672251171052,
              "p99": 1.0026309530745885,
              "max": 1.0028510456102697,
              "sum": 9010.614944802528
            }
          },
          "WallPhaseSignedPred": {
            "all": {
              "count": 1572864,
              "nonfinite": 0,
              "min": 0.0,
              "mean": 0.006011179600792738,
              "p01": 0.0,
              "p50": 0.0,
              "p99": 0.0002507327026325367,
              "max": 0.9997192263130221,
              "sum": 9454.76799162127
            },
            "fluid": {
              "count": 1492344,
              "nonfinite": 0,
              "min": 0.0,
              "mean": 0.0,
              "p01": 0.0,
              "p50": 0.0,
              "p99": 0.0,
              "max": 0.0,
              "sum": 0.0
            },
            "wall": {
              "count": 80520,
              "nonfinite": 0,
              "min": 0.0,
              "mean": 0.11742136104845098,
              "p01": 0.0,
              "p50": 0.0,
              "p99": 0.9994713976445327,
              "max": 0.9997192263130221,
              "sum": 9454.767991621273
            },
            "lower_wall": {
              "count": 16384,
              "nonfinite": 0,
              "min": 1.9224183906391647e-06,
              "mean": 0.5770732416761032,
              "p01": 2.29171247802023e-05,
              "p50": 0.7474777904220326,
              "p99": 0.9996969477332134,
              "max": 0.9997192263130221,
              "sum": 9454.767991621275
            }
          },
          "WallContactResidual": {
            "all": {
              "count": 1572864,
              "nonfinite": 0,
              "min": -0.018317647591986508,
              "mean": 0.0014673944351836917,
              "p01": 0.0,
              "p50": 0.0,
              "p99": 0.003660072593447583,
              "max": 1.1469636258094469,
              "sum": 2308.011880900762
            },
            "fluid": {
              "count": 1492344,
              "nonfinite": 0,
              "min": 0.0,
              "mean": 0.0,
              "p01": 0.0,
              "p50": 0.0,
              "p99": 0.0,
              "max": 0.0,
              "sum": 0.0
            },
            "wall": {
              "count": 80520,
              "nonfinite": 0,
              "min": -0.018317647591986508,
              "mean": 0.028663833592905624,
              "p01": 0.0,
              "p50": 0.0,
              "p99": 0.25830610186088476,
              "max": 1.1469636258094469,
              "sum": 2308.011880900761
            },
            "lower_wall": {
              "count": 16384,
              "nonfinite": 0,
              "min": -0.018317647591986508,
              "mean": 0.14086986577763433,
              "p01": -0.012516654786480504,
              "p50": 0.1090130483936248,
              "p99": 0.8218013749206801,
              "max": 1.1469636258094469,
              "sum": 2308.011880900761
            }
          },
          "WallSignedNormalGrad": {
            "all": {
              "count": 1572864,
              "nonfinite": 0,
              "min": -0.1539321652831424,
              "mean": -0.00035970381209562665,
              "p01": -5.133793564343625e-06,
              "p50": 0.0,
              "p99": 0.0,
              "max": 1.2986345624595854e-08,
              "sum": -565.7651767079757
            },
            "fluid": {
              "count": 1492344,
              "nonfinite": 0,
              "min": 0.0,
              "mean": 0.0,
              "p01": 0.0,
              "p50": 0.0,
              "p99": 0.0,
              "max": 0.0,
              "sum": 0.0
            },
            "wall": {
              "count": 80520,
              "nonfinite": 0,
              "min": -0.1539321652831424,
              "mean": -0.007026393153352902,
              "p01": -0.14652808293411312,
              "p50": 0.0,
              "p99": 0.0,
              "max": 1.2986345624595854e-08,
              "sum": -565.7651767079757
            },
            "lower_wall": {
              "count": 16384,
              "nonfinite": 0,
              "min": -0.1539321652831424,
              "mean": -0.034531565961180156,
              "p01": -0.15353617319375168,
              "p50": -0.0072395082648703535,
              "p99": -2.867725465427462e-07,
              "max": 1.2986345624595854e-08,
              "sum": -565.7651767079757
            }
          },
          "WallTangentGradMag": {
            "all": {
              "count": 1572864,
              "nonfinite": 0,
              "min": 0.0,
              "mean": 0.00019632868780116854,
              "p01": 0.0,
              "p50": 0.0,
              "p99": 5.623032523652125e-06,
              "max": 0.0842642141746207,
              "sum": 308.79832520969717
            },
            "fluid": {
              "count": 1492344,
              "nonfinite": 0,
              "min": 0.0,
              "mean": 0.0,
              "p01": 0.0,
              "p50": 0.0,
              "p99": 0.0,
              "max": 0.0,
              "sum": 0.0
            },
            "wall": {
              "count": 80520,
              "nonfinite": 0,
              "min": 0.0,
              "mean": 0.003835051232112483,
              "p01": 0.0,
              "p50": 0.0,
              "p99": 0.08010570338826857,
              "max": 0.0842642141746207,
              "sum": 308.7983252096971
            },
            "lower_wall": {
              "count": 16384,
              "nonfinite": 0,
              "min": 6.591656750266397e-08,
              "mean": 0.01884755402891218,
              "p01": 5.394486231451536e-07,
              "p50": 0.003912802751105642,
              "p99": 0.08386950710464179,
              "max": 0.0842642141746207,
              "sum": 308.79832520969717
            }
          },
          "WallSignedDeltaQ": {
            "all": {
              "count": 1572864,
              "nonfinite": 0,
              "min": 0.0,
              "mean": 0.01782803010085678,
              "p01": 0.0,
              "p50": 0.0,
              "p99": 0.298811793576753,
              "max": 4.852683375567842,
              "sum": 28041.066736554
            },
            "fluid": {
              "count": 1492344,
              "nonfinite": 0,
              "min": 0.0,
              "mean": 0.0,
              "p01": 0.0,
              "p50": 0.0,
              "p99": 0.0,
              "max": 0.0,
              "sum": 0.0
            },
            "wall": {
              "count": 80520,
              "nonfinite": 0,
              "min": 0.0,
              "mean": 0.3482497110848735,
              "p01": 0.0,
              "p50": 0.0,
              "p99": 2.7626981861805375,
              "max": 4.852683375567842,
              "sum": 28041.066736554014
            },
            "lower_wall": {
              "count": 16384,
              "nonfinite": 0,
              "min": 0.014498801188060677,
              "mean": 1.711490889682252,
              "p01": 0.15055157987730555,
              "p50": 1.8936613095705195,
              "p99": 4.756194563536991,
              "max": 4.852683375567842,
              "sum": 28041.066736554018
            }
          },
          "WallSignedQClipped": {
            "all": {
              "count": 1572864,
              "nonfinite": 0,
              "min": 0.0,
              "mean": 0.0,
              "p01": 0.0,
              "p50": 0.0,
              "p99": 0.0,
              "max": 0.0,
              "sum": 0.0
            },
            "fluid": {
              "count": 1492344,
              "nonfinite": 0,
              "min": 0.0,
              "mean": 0.0,
              "p01": 0.0,
              "p50": 0.0,
              "p99": 0.0,
              "max": 0.0,
              "sum": 0.0
            },
            "wall": {
              "count": 80520,
              "nonfinite": 0,
              "min": 0.0,
              "mean": 0.0,
              "p01": 0.0,
              "p50": 0.0,
              "p99": 0.0,
              "max": 0.0,
              "sum": 0.0
            },
            "lower_wall": {
              "count": 16384,
              "nonfinite": 0,
              "min": 0.0,
              "mean": 0.0,
              "p01": 0.0,
              "p50": 0.0,
              "p99": 0.0,
              "max": 0.0,
              "sum": 0.0
            }
          },
          "BoundaryMask": {
            "all": {
              "count": 1572864,
              "nonfinite": 0,
              "min": 0.0,
              "mean": 0.0511932373046875,
              "p01": 0.0,
              "p50": 0.0,
              "p99": 1.0,
              "max": 1.0,
              "sum": 80520.0
            },
            "fluid": {
              "count": 1492344,
              "nonfinite": 0,
              "min": 0.0,
              "mean": 0.0,
              "p01": 0.0,
              "p50": 0.0,
              "p99": 0.0,
              "max": 0.0,
              "sum": 0.0
            },
            "wall": {
              "count": 80520,
              "nonfinite": 0,
              "min": 1.0,
              "mean": 1.0,
              "p01": 1.0,
              "p50": 1.0,
              "p99": 1.0,
              "max": 1.0,
              "sum": 80520.0
            },
            "lower_wall": {
              "count": 16384,
              "nonfinite": 0,
              "min": 1.0,
              "mean": 1.0,
              "p01": 1.0,
              "p50": 1.0,
              "p99": 1.0,
              "max": 1.0,
              "sum": 16384.0
            }
          },
          "WallStage7Mode": {
            "all": {
              "count": 1572864,
              "nonfinite": 0,
              "min": 0.0,
              "mean": 0.020833333333333332,
              "p01": 0.0,
              "p50": 0.0,
              "p99": 2.0,
              "max": 2.0,
              "sum": 32768.0
            },
            "fluid": {
              "count": 1492344,
              "nonfinite": 0,
              "min": 0.0,
              "mean": 0.0,
              "p01": 0.0,
              "p50": 0.0,
              "p99": 0.0,
              "max": 0.0,
              "sum": 0.0
            },
            "wall": {
              "count": 80520,
              "nonfinite": 0,
              "min": 0.0,
              "mean": 0.40695479384003974,
              "p01": 0.0,
              "p50": 0.0,
              "p99": 2.0,
              "max": 2.0,
              "sum": 32768.0
            },
            "lower_wall": {
              "count": 16384,
              "nonfinite": 0,
              "min": 2.0,
              "mean": 2.0,
              "p01": 2.0,
              "p50": 2.0,
              "p99": 2.0,
              "max": 2.0,
              "sum": 32768.0
            }
          },
          "WallStage7ActiveWeight": {
            "all": {
              "count": 1572864,
              "nonfinite": 0,
              "min": 0.0,
              "mean": 0.004791259765625,
              "p01": 0.0,
              "p50": 0.0,
              "p99": 0.0,
              "max": 1.0,
              "sum": 7536.0
            },
            "fluid": {
              "count": 1492344,
              "nonfinite": 0,
              "min": 0.0,
              "mean": 0.0,
              "p01": 0.0,
              "p50": 0.0,
              "p99": 0.0,
              "max": 0.0,
              "sum": 0.0
            },
            "wall": {
              "count": 80520,
              "nonfinite": 0,
              "min": 0.0,
              "mean": 0.09359165424739195,
              "p01": 0.0,
              "p50": 0.0,
              "p99": 1.0,
              "max": 1.0,
              "sum": 7536.0
            },
            "lower_wall": {
              "count": 16384,
              "nonfinite": 0,
              "min": 0.0,
              "mean": 0.4599609375,
              "p01": 0.0,
              "p50": 0.0,
              "p99": 1.0,
              "max": 1.0,
              "sum": 7536.0
            }
          },
          "WallStage7DeltaQRaw": {
            "all": {
              "count": 1572864,
              "nonfinite": 0,
              "min": 0.0,
              "mean": 0.007861751830853731,
              "p01": 0.0,
              "p50": 0.0,
              "p99": 0.000593375514847004,
              "max": 2.2309701606551147,
              "sum": 12365.466431683923
            },
            "fluid": {
              "count": 1492344,
              "nonfinite": 0,
              "min": 0.0,
              "mean": 0.0,
              "p01": 0.0,
              "p50": 0.0,
              "p99": 0.0,
              "max": 0.0,
              "sum": 0.0
            },
            "wall": {
              "count": 80520,
              "nonfinite": 0,
              "min": 0.0,
              "mean": 0.15357012458623845,
              "p01": 0.0,
              "p50": 0.0,
              "p99": 2.1290876432584316,
              "max": 2.2309701606551147,
              "sum": 12365.466431683919
            },
            "lower_wall": {
              "count": 16384,
              "nonfinite": 0,
              "min": 6.7822267763031994e-06,
              "mean": 0.754728175761958,
              "p01": 6.115807810869461e-05,
              "p50": 0.41523935774973547,
              "p99": 2.2134172660841376,
              "max": 2.2309701606551147,
              "sum": 12365.46643168392
            }
          },
          "WallStage7DeltaQLimited": {
            "all": {
              "count": 1572864,
              "nonfinite": 0,
              "min": 0.0,
              "mean": 0.007861751830853731,
              "p01": 0.0,
              "p50": 0.0,
              "p99": 0.000593375514847004,
              "max": 2.2309701606551147,
              "sum": 12365.466431683923
            },
            "fluid": {
              "count": 1492344,
              "nonfinite": 0,
              "min": 0.0,
              "mean": 0.0,
              "p01": 0.0,
              "p50": 0.0,
              "p99": 0.0,
              "max": 0.0,
              "sum": 0.0
            },
            "wall": {
              "count": 80520,
              "nonfinite": 0,
              "min": 0.0,
              "mean": 0.15357012458623845,
              "p01": 0.0,
              "p50": 0.0,
              "p99": 2.1290876432584316,
              "max": 2.2309701606551147,
              "sum": 12365.466431683919
            },
            "lower_wall": {
              "count": 16384,
              "nonfinite": 0,
              "min": 6.7822267763031994e-06,
              "mean": 0.754728175761958,
              "p01": 6.115807810869461e-05,
              "p50": 0.41523935774973547,
              "p99": 2.2134172660841376,
              "max": 2.2309701606551147,
              "sum": 12365.46643168392
            }
          },
          "WallStage7Denom": {
            "all": {
              "count": 1572864,
              "nonfinite": 0,
              "min": 0.0,
              "mean": 0.0008926281187455671,
              "p01": 0.0,
              "p50": 0.0,
              "p99": 0.05,
              "max": 0.2499998725818079,
              "sum": 1403.9826333626277
            },
            "fluid": {
              "count": 1492344,
              "nonfinite": 0,
              "min": 0.0,
              "mean": 0.0,
              "p01": 0.0,
              "p50": 0.0,
              "p99": 0.0,
              "max": 0.0,
              "sum": 0.0
            },
            "wall": {
              "count": 80520,
              "nonfinite": 0,
              "min": 0.0,
              "mean": 0.017436446017916378,
              "p01": 0.0,
              "p50": 0.0,
              "p99": 0.2396507766612156,
              "max": 0.2499998725818079,
              "sum": 1403.9826333626268
            },
            "lower_wall": {
              "count": 16384,
              "nonfinite": 0,
              "min": 0.05,
              "mean": 0.0856922993995744,
              "p01": 0.05,
              "p50": 0.05,
              "p99": 0.24950520643097013,
              "max": 0.2499998725818079,
              "sum": 1403.982633362627
            }
          },
          "WallStage7LimiterReason": {
            "all": {
              "count": 1572864,
              "nonfinite": 0,
              "min": 0.0,
              "mean": 0.00687408447265625,
              "p01": 0.0,
              "p50": 0.0,
              "p99": 0.0,
              "max": 1.0,
              "sum": 10812.0
            },
            "fluid": {
              "count": 1492344,
              "nonfinite": 0,
              "min": 0.0,
              "mean": 0.0,
              "p01": 0.0,
              "p50": 0.0,
              "p99": 0.0,
              "max": 0.0,
              "sum": 0.0
            },
            "wall": {
              "count": 80520,
              "nonfinite": 0,
              "min": 0.0,
              "mean": 0.13427719821162445,
              "p01": 0.0,
              "p50": 0.0,
              "p99": 1.0,
              "max": 1.0,
              "sum": 10812.0
            },
            "lower_wall": {
              "count": 16384,
              "nonfinite": 0,
              "min": 0.0,
              "mean": 0.659912109375,
              "p01": 0.0,
              "p50": 1.0,
              "p99": 1.0,
              "max": 1.0,
              "sum": 10812.0
            }
          },
          "WallStage7GradMag": {
            "all": {
              "count": 1572864,
              "nonfinite": 0,
              "min": 0.0,
              "mean": 0.0004087108468273901,
              "p01": 0.0,
              "p50": 0.0,
              "p99": 8.972520238003253e-06,
              "max": 0.1726518620438215,
              "sum": 642.8465773843161
            },
            "fluid": {
              "count": 1492344,
              "nonfinite": 0,
              "min": 0.0,
              "mean": 0.0,
              "p01": 0.0,
              "p50": 0.0,
              "p99": 0.0,
              "max": 0.0,
              "sum": 0.0
            },
            "wall": {
              "count": 80520,
              "nonfinite": 0,
              "min": 0.0,
              "mean": 0.007983688243719768,
              "p01": 0.0,
              "p50": 0.0,
              "p99": 0.16498479517679807,
              "max": 0.1726518620438215,
              "sum": 642.8465773843157
            },
            "lower_wall": {
              "count": 16384,
              "nonfinite": 0,
              "min": 7.854496830275099e-08,
              "mean": 0.03923624129542942,
              "p01": 5.660629390062809e-07,
              "p50": 0.008444136616016519,
              "p99": 0.1723029691183261,
              "max": 0.1726518620438215,
              "sum": 642.8465773843157
            }
          },
          "WallStage7ActualCos": {
            "all": {
              "count": 1572864,
              "nonfinite": 0,
              "min": -0.9999448310396505,
              "mean": -0.008757888725729471,
              "p01": -0.7123474554460356,
              "p50": 0.0,
              "p99": 0.0,
              "max": 0.1653364423617829,
              "sum": -13774.96789270576
            },
            "fluid": {
              "count": 1492344,
              "nonfinite": 0,
              "min": 0.0,
              "mean": 0.0,
              "p01": 0.0,
              "p50": 0.0,
              "p99": 0.0,
              "max": 0.0,
              "sum": 0.0
            },
            "wall": {
              "count": 80520,
              "nonfinite": 0,
              "min": -0.9999448310396505,
              "mean": -0.17107511044095586,
              "p01": -0.9736923163088571,
              "p50": 0.0,
              "p99": 0.0,
              "max": 0.1653364423617829,
              "sum": -13774.967892705765
            },
            "lower_wall": {
              "count": 16384,
              "nonfinite": 0,
              "min": -0.9999448310396505,
              "mean": -0.8407573176700296,
              "p01": -0.9941438382341444,
              "p50": -0.8726141350540392,
              "p99": -0.15982580852698386,
              "max": 0.1653364423617829,
              "sum": -13774.967892705765
            }
          },
          "WallStage7TargetCos": {
            "all": {
              "count": 1572864,
              "nonfinite": 0,
              "min": -0.981627183447664,
              "mean": -0.010225283160913201,
              "p01": -0.981627183447664,
              "p50": 0.0,
              "p99": 0.0,
              "max": 0.0,
              "sum": -16082.979773606581
            },
            "fluid": {
              "count": 1492344,
              "nonfinite": 0,
              "min": 0.0,
              "mean": 0.0,
              "p01": 0.0,
              "p50": 0.0,
              "p99": 0.0,
              "max": 0.0,
              "sum": 0.0
            },
            "wall": {
              "count": 80520,
              "nonfinite": 0,
              "min": -0.981627183447664,
              "mean": -0.19973894403386147,
              "p01": -0.981627183447664,
              "p50": 0.0,
              "p99": 0.0,
              "max": 0.0,
              "sum": -16082.979773606527
            },
            "lower_wall": {
              "count": 16384,
              "nonfinite": 0,
              "min": -0.981627183447664,
              "mean": -0.9816271834476639,
              "p01": -0.981627183447664,
              "p50": -0.981627183447664,
              "p99": -0.981627183447664,
              "max": -0.981627183447664,
              "sum": -16082.979773606525
            }
          },
          "WallStage7WriteCandidate": {
            "all": {
              "count": 1572864,
              "nonfinite": 0,
              "min": 0.0,
              "mean": 0.006011179600792738,
              "p01": 0.0,
              "p50": 0.0,
              "p99": 0.0002507327026325367,
              "max": 0.9997192263130221,
              "sum": 9454.76799162127
            },
            "fluid": {
              "count": 1492344,
              "nonfinite": 0,
              "min": 0.0,
              "mean": 0.0,
              "p01": 0.0,
              "p50": 0.0,
              "p99": 0.0,
              "max": 0.0,
              "sum": 0.0
            },
            "wall": {
              "count": 80520,
              "nonfinite": 0,
              "min": 0.0,
              "mean": 0.11742136104845098,
              "p01": 0.0,
              "p50": 0.0,
              "p99": 0.9994713976445327,
              "max": 0.9997192263130221,
              "sum": 9454.767991621273
            },
            "lower_wall": {
              "count": 16384,
              "nonfinite": 0,
              "min": 1.9224183906391647e-06,
              "mean": 0.5770732416761032,
              "p01": 2.29171247802023e-05,
              "p50": 0.7474777904220326,
              "p99": 0.9996969477332134,
              "max": 0.9997192263130221,
              "sum": 9454.767991621275
            }
          },
          "WallStage7WriteMinusProfile": {
            "all": {
              "count": 1572864,
              "nonfinite": 0,
              "min": -0.0002505610012628612,
              "mean": 0.00088235818813068,
              "p01": 0.0,
              "p50": 0.0,
              "p99": 0.0,
              "max": 0.42343424004754565,
              "sum": 1387.8294292159737
            },
            "fluid": {
              "count": 1492344,
              "nonfinite": 0,
              "min": 0.0,
              "mean": 0.0,
              "p01": 0.0,
              "p50": 0.0,
              "p99": 0.0,
              "max": 0.0,
              "sum": 0.0
            },
            "wall": {
              "count": 80520,
              "nonfinite": 0,
              "min": -0.0002505610012628612,
              "mean": 0.017235834938102004,
              "p01": -0.00023001257095811578,
              "p50": 0.0,
              "p99": 0.3210037495121969,
              "max": 0.42343424004754565,
              "sum": 1387.8294292159735
            },
            "lower_wall": {
              "count": 16384,
              "nonfinite": 0,
              "min": -0.0002505610012628612,
              "mean": 0.08470638606054527,
              "p01": -0.00024803122841326905,
              "p50": 0.01950519809093216,
              "p99": 0.32898213031206447,
              "max": 0.42343424004754565,
              "sum": 1387.8294292159737
            }
          },
          "WallH": {
            "all": {
              "count": 1572864,
              "nonfinite": 0,
              "min": 0.0,
              "mean": 0.025780718478134467,
              "p01": 0.0,
              "p50": 0.0,
              "p99": 0.5,
              "max": 0.8660254037844386,
              "sum": 40549.56398839249
            },
            "fluid": {
              "count": 1492344,
              "nonfinite": 0,
              "min": 0.0,
              "mean": 0.0,
              "p01": 0.0,
              "p50": 0.0,
              "p99": 0.0,
              "max": 0.0,
              "sum": 0.0
            },
            "wall": {
              "count": 80520,
              "nonfinite": 0,
              "min": 0.5,
              "mean": 0.5035961747192308,
              "p01": 0.5,
              "p50": 0.5,
              "p99": 0.7071067811865476,
              "max": 0.8660254037844386,
              "sum": 40549.56398839246
            },
            "lower_wall": {
              "count": 16384,
              "nonfinite": 0,
              "min": 0.5,
              "mean": 0.5064603222249242,
              "p01": 0.5,
              "p50": 0.5,
              "p99": 0.7071067811865476,
              "max": 0.8660254037844386,
              "sum": 8297.845919333158
            }
          },
          "WallNormalCoeff1": {
            "all": {
              "count": 1572864,
              "nonfinite": 0,
              "min": -0.1539321652831424,
              "mean": -0.0003596842370530299,
              "p01": -5.047712464345544e-06,
              "p50": 0.0,
              "p99": 0.0,
              "max": 7.497670142149934e-09,
              "sum": -565.7343878281769
            },
            "fluid": {
              "count": 1492344,
              "nonfinite": 0,
              "min": 0.0,
              "mean": 0.0,
              "p01": 0.0,
              "p50": 0.0,
              "p99": 0.0,
              "max": 0.0,
              "sum": 0.0
            },
            "wall": {
              "count": 80520,
              "nonfinite": 0,
              "min": -0.1539321652831424,
              "mean": -0.007026010777796532,
              "p01": -0.14652808293411312,
              "p50": 0.0,
              "p99": 0.0,
              "max": 7.497670142149934e-09,
              "sum": -565.7343878281768
            },
            "lower_wall": {
              "count": 16384,
              "nonfinite": 0,
              "min": -0.1539321652831424,
              "mean": -0.034529686757090866,
              "p01": -0.15353617319375168,
              "p50": -0.0072395082648703535,
              "p99": -2.805997127985904e-07,
              "max": 7.497670142149934e-09,
              "sum": -565.7343878281768
            }
          },
          "WallNormalCoeff2": {
            "all": {
              "count": 1572864,
              "nonfinite": 0,
              "min": -0.14422538482444677,
              "mean": -0.0003637664719885108,
              "p01": -3.444749239883693e-06,
              "p50": 0.0,
              "p99": 0.0,
              "max": 7.858133153441452e-09,
              "sum": -572.1551881977371
            },
            "fluid": {
              "count": 1492344,
              "nonfinite": 0,
              "min": 0.0,
              "mean": 0.0,
              "p01": 0.0,
              "p50": 0.0,
              "p99": 0.0,
              "max": 0.0,
              "sum": 0.0
            },
            "wall": {
              "count": 80520,
              "nonfinite": 0,
              "min": -0.14422538482444677,
              "mean": -0.0071057524614721425,
              "p01": -0.13865142541481512,
              "p50": 0.0,
              "p99": 0.0,
              "max": 7.858133153441452e-09,
              "sum": -572.155188197737
            },
            "lower_wall": {
              "count": 16384,
              "nonfinite": 0,
              "min": -0.14422538482444677,
              "mean": -0.03492158131089703,
              "p01": -0.14404909246221814,
              "p50": -0.008683963084295476,
              "p99": -1.9671724635350607e-07,
              "max": 7.858133153441452e-09,
              "sum": -572.155188197737
            }
          },
          "WallActualMinusProfile": {
            "all": {
              "count": 1572864,
              "nonfinite": 0,
              "min": -0.0002505610012628612,
              "mean": 0.0008823581881306796,
              "p01": 0.0,
              "p50": 0.0,
              "p99": 0.0,
              "max": 0.42343424004754565,
              "sum": 1387.8294292159733
            },
            "fluid": {
              "count": 1492344,
              "nonfinite": 0,
              "min": 0.0,
              "mean": 0.0,
              "p01": 0.0,
              "p50": 0.0,
              "p99": 0.0,
              "max": 0.0,
              "sum": 0.0
            },
            "wall": {
              "count": 80520,
              "nonfinite": 0,
              "min": -0.0002505610012628612,
              "mean": 0.017235834938102,
              "p01": -0.0002300125709582268,
              "p50": 0.0,
              "p99": 0.3210037495121968,
              "max": 0.42343424004754565,
              "sum": 1387.829429215973
            },
            "lower_wall": {
              "count": 16384,
              "nonfinite": 0,
              "min": -0.0002505610012628612,
              "mean": 0.08470638606054523,
              "p01": -0.00024803122841328797,
              "p50": 0.01950519809093216,
              "p99": 0.32898213031206436,
              "max": 0.42343424004754565,
              "sum": 1387.829429215973
            }
          },
          "WallActualMinusRaw": {
            "all": {
              "count": 1572864,
              "nonfinite": 0,
              "min": -0.09921711272801526,
              "mean": 0.00028238490220307944,
              "p01": -6.310887241768095e-30,
              "p50": 0.0,
              "p99": 0.0,
              "max": 0.4011906402258225,
              "sum": 444.1530468187443
            },
            "fluid": {
              "count": 1492344,
              "nonfinite": 0,
              "min": 0.0,
              "mean": 0.0,
              "p01": 0.0,
              "p50": 0.0,
              "p99": 0.0,
              "max": 0.0,
              "sum": 0.0
            },
            "wall": {
              "count": 80520,
              "nonfinite": 0,
              "min": -0.09921711272801526,
              "mean": 0.005516058703660512,
              "p01": -0.08792082695470593,
              "p50": 0.0,
              "p99": 0.18757148510165267,
              "max": 0.4011906402258225,
              "sum": 444.1530468187444
            },
            "lower_wall": {
              "count": 16384,
              "nonfinite": 0,
              "min": -0.09921711272801526,
              "mean": 0.027108950611495628,
              "p01": -0.09829444791120345,
              "p50": 2.7497754304939366e-05,
              "p99": 0.19552818365056024,
              "max": 0.4011906402258225,
              "sum": 444.1530468187444
            }
          },
          "WallBCPath": {
            "all": {
              "count": 1572864,
              "nonfinite": 0,
              "min": 0.0,
              "mean": 0.133636474609375,
              "p01": 0.0,
              "p50": 0.0,
              "p99": 5.0,
              "max": 5.0,
              "sum": 210192.0
            },
            "fluid": {
              "count": 1492344,
              "nonfinite": 0,
              "min": 0.0,
              "mean": 0.0,
              "p01": 0.0,
              "p50": 0.0,
              "p99": 0.0,
              "max": 0.0,
              "sum": 0.0
            },
            "wall": {
              "count": 80520,
              "nonfinite": 0,
              "min": 2.0,
              "mean": 2.6104321907600596,
              "p01": 2.0,
              "p50": 2.0,
              "p99": 5.0,
              "max": 5.0,
              "sum": 210192.0
            },
            "lower_wall": {
              "count": 16384,
              "nonfinite": 0,
              "min": 5.0,
              "mean": 5.0,
              "p01": 5.0,
              "p50": 5.0,
              "p99": 5.0,
              "max": 5.0,
              "sum": 81920.0
            }
          },
          "SpecialBoundaryPoint": {
            "all": {
              "count": 1572864,
              "nonfinite": 0,
              "min": 0.0,
              "mean": 0.0,
              "p01": 0.0,
              "p50": 0.0,
              "p99": 0.0,
              "max": 0.0,
              "sum": 0.0
            },
            "fluid": {
              "count": 1492344,
              "nonfinite": 0,
              "min": 0.0,
              "mean": 0.0,
              "p01": 0.0,
              "p50": 0.0,
              "p99": 0.0,
              "max": 0.0,
              "sum": 0.0
            },
            "wall": {
              "count": 80520,
              "nonfinite": 0,
              "min": 0.0,
              "mean": 0.0,
              "p01": 0.0,
              "p50": 0.0,
              "p99": 0.0,
              "max": 0.0,
              "sum": 0.0
            },
            "lower_wall": {
              "count": 16384,
              "nonfinite": 0,
              "min": 0.0,
              "mean": 0.0,
              "p01": 0.0,
              "p50": 0.0,
              "p99": 0.0,
              "max": 0.0,
              "sum": 0.0
            }
          },
          "WallGeomNormalMag": {
            "all": {
              "count": 1572864,
              "nonfinite": 0,
              "min": 0.0,
              "mean": 0.051561436956268934,
              "p01": 0.0,
              "p50": 0.0,
              "p99": 1.0,
              "max": 1.7320508075688772,
              "sum": 81099.12797678498
            },
            "fluid": {
              "count": 1492344,
              "nonfinite": 0,
              "min": 0.0,
              "mean": 0.0,
              "p01": 0.0,
              "p50": 0.0,
              "p99": 0.0,
              "max": 0.0,
              "sum": 0.0
            },
            "wall": {
              "count": 80520,
              "nonfinite": 0,
              "min": 1.0,
              "mean": 1.0071923494384616,
              "p01": 1.0,
              "p50": 1.0,
              "p99": 1.4142135623730951,
              "max": 1.7320508075688772,
              "sum": 81099.12797678492
            },
            "lower_wall": {
              "count": 16384,
              "nonfinite": 0,
              "min": 1.0,
              "mean": 1.0129206444498484,
              "p01": 1.0,
              "p50": 1.0,
              "p99": 1.4142135623730951,
              "max": 1.7320508075688772,
              "sum": 16595.691838666316
            }
          },
          "WallGrad1Mag": {
            "all": {
              "count": 1572864,
              "nonfinite": 0,
              "min": 0.0,
              "mean": 0.0004087108468273901,
              "p01": 0.0,
              "p50": 0.0,
              "p99": 8.972520238003253e-06,
              "max": 0.1726518620438215,
              "sum": 642.8465773843161
            },
            "fluid": {
              "count": 1492344,
              "nonfinite": 0,
              "min": 0.0,
              "mean": 0.0,
              "p01": 0.0,
              "p50": 0.0,
              "p99": 0.0,
              "max": 0.0,
              "sum": 0.0
            },
            "wall": {
              "count": 80520,
              "nonfinite": 0,
              "min": 0.0,
              "mean": 0.007983688243719768,
              "p01": 0.0,
              "p50": 0.0,
              "p99": 0.16498479517679807,
              "max": 0.1726518620438215,
              "sum": 642.8465773843157
            },
            "lower_wall": {
              "count": 16384,
              "nonfinite": 0,
              "min": 7.854496830275099e-08,
              "mean": 0.03923624129542942,
              "p01": 5.660629390062809e-07,
              "p50": 0.008444136616016519,
              "p99": 0.1723029691183261,
              "max": 0.1726518620438215,
              "sum": 642.8465773843157
            }
          },
          "WallGrad2Mag": {
            "all": {
              "count": 1572864,
              "nonfinite": 0,
              "min": 0.0,
              "mean": 0.0004088494745848815,
              "p01": 0.0,
              "p50": 0.0,
              "p99": 5.931137053939997e-06,
              "max": 0.16278352891337797,
              "sum": 643.064619993475
            },
            "fluid": {
              "count": 1492344,
              "nonfinite": 0,
              "min": 0.0,
              "mean": 0.0,
              "p01": 0.0,
              "p50": 0.0,
              "p99": 0.0,
              "max": 0.0,
              "sum": 0.0
            },
            "wall": {
              "count": 80520,
              "nonfinite": 0,
              "min": 0.0,
              "mean": 0.007986396174782352,
              "p01": 0.0,
              "p50": 0.0,
              "p99": 0.1565979194797577,
              "max": 0.16278352891337797,
              "sum": 643.0646199934749
            },
            "lower_wall": {
              "count": 16384,
              "nonfinite": 0,
              "min": 5.1136410962188136e-08,
              "mean": 0.03924954956014862,
              "p01": 4.489296415537763e-07,
              "p50": 0.009701857209053496,
              "p99": 0.162479815610208,
              "max": 0.16278352891337797,
              "sum": 643.0646199934749
            }
          },
          "WallGradTangentVecMag": {
            "all": {
              "count": 1572864,
              "nonfinite": 0,
              "min": 0.0,
              "mean": 0.00019632868780116854,
              "p01": 0.0,
              "p50": 0.0,
              "p99": 5.623032523652125e-06,
              "max": 0.0842642141746207,
              "sum": 308.79832520969717
            },
            "fluid": {
              "count": 1492344,
              "nonfinite": 0,
              "min": 0.0,
              "mean": 0.0,
              "p01": 0.0,
              "p50": 0.0,
              "p99": 0.0,
              "max": 0.0,
              "sum": 0.0
            },
            "wall": {
              "count": 80520,
              "nonfinite": 0,
              "min": 0.0,
              "mean": 0.003835051232112483,
              "p01": 0.0,
              "p50": 0.0,
              "p99": 0.08010570338826857,
              "max": 0.0842642141746207,
              "sum": 308.7983252096971
            },
            "lower_wall": {
              "count": 16384,
              "nonfinite": 0,
              "min": 6.591656750266397e-08,
              "mean": 0.01884755402891218,
              "p01": 5.394486231451536e-07,
              "p50": 0.003912802751105642,
              "p99": 0.08386950710464179,
              "max": 0.0842642141746207,
              "sum": 308.79832520969717
            }
          },
          "UMag": {
            "all": {
              "count": 1572864,
              "nonfinite": 0,
              "min": 0.0,
              "mean": 0.0,
              "p01": 0.0,
              "p50": 0.0,
              "p99": 0.0,
              "max": 0.0,
              "sum": 0.0
            },
            "fluid": {
              "count": 1492344,
              "nonfinite": 0,
              "min": 0.0,
              "mean": 0.0,
              "p01": 0.0,
              "p50": 0.0,
              "p99": 0.0,
              "max": 0.0,
              "sum": 0.0
            },
            "wall": {
              "count": 80520,
              "nonfinite": 0,
              "min": 0.0,
              "mean": 0.0,
              "p01": 0.0,
              "p50": 0.0,
              "p99": 0.0,
              "max": 0.0,
              "sum": 0.0
            },
            "lower_wall": {
              "count": 16384,
              "nonfinite": 0,
              "min": 0.0,
              "mean": 0.0,
              "p01": 0.0,
              "p50": 0.0,
              "p99": 0.0,
              "max": 0.0,
              "sum": 0.0
            }
          }
        },
        "max_mach": 0.0
      },
      "rows": [
        {
          "case_id": "cap_theta030_wall011_mode2",
          "step": 0,
          "init_theta_deg": 30.0,
          "wall_rad_angle_deg": 11.0,
          "angle_apparent_deg": 28.484486480302778,
          "angle_error_vs_init_deg": -1.5155135196972225,
          "angle_error_vs_wall_rad_deg": 17.484486480302778,
          "fit_point_count": 138,
          "phase_fluid_sum": 52593.44512836894,
          "phase_fluid_rel_change": 0.0,
          "rho_fluid_sum": 54033.19568324057,
          "rho_fluid_rel_change": 0.0,
          "phase_fluid_min": 0.0,
          "phase_fluid_max": 0.9997106094060031,
          "wall_phase_pred_min": 0.0,
          "wall_phase_pred_max": 1.0028510456102697,
          "wall_phase_raw_min": 0.0,
          "wall_phase_raw_max": 1.0028510456102697,
          "wall_phase_profile_max": 0.9998532782184653,
          "wall_phase_signed_profile_max": 0.9997192263130221,
          "wall_phase_signed_min": 0.0,
          "wall_phase_signed_max": 0.9997192263130221,
          "wall_signed_logit_shift_max": 4.852683375567842,
          "wall_contact_residual_mean": 0.028663833592905624,
          "wall_contact_residual_min": -0.018317647591986508,
          "wall_contact_residual_max": 1.1469636258094469,
          "wall_signed_normal_grad_mean": -0.007026393153352902,
          "wall_tangent_grad_mag_mean": 0.003835051232112483,
          "wall_signed_delta_q_min": 0.0,
          "wall_signed_delta_q_max": 4.852683375567842,
          "wall_signed_q_clipped_sum": 0.0,
          "wall_stage7_active_weight_sum": 7536.0,
          "wall_stage7_active_weight_mean": 0.09359165424739195,
          "wall_stage7_delta_q_raw_p50": 0.0,
          "wall_stage7_delta_q_raw_p99": 2.1290876432584316,
          "wall_stage7_delta_q_raw_max": 2.2309701606551147,
          "wall_stage7_delta_q_limited_p50": 0.0,
          "wall_stage7_delta_q_limited_p99": 2.1290876432584316,
          "wall_stage7_delta_q_limited_max": 2.2309701606551147,
          "wall_stage7_denom_min": 0.0,
          "wall_stage7_denom_p50": 0.0,
          "wall_stage7_limiter_reason_sum": 10812.0,
          "wall_stage7_limiter_reason_max": 1.0,
          "wall_stage7_actual_cos_p50": 0.0,
          "wall_stage7_target_cos_p50": 0.0,
          "wall_stage7_write_candidate_min": 0.0,
          "wall_stage7_write_candidate_max": 0.9997192263130221,
          "wall_stage7_write_minus_profile_min": -0.0002505610012628612,
          "wall_stage7_write_minus_profile_max": 0.42343424004754565,
          "max_mach": 0.0,
          "nonfinite_total": 0,
          "path_counts": "{\"2\": 64136, \"5\": 16384}"
        }
      ],
      "claim_limit": "flat-wall runtime sanity/contact-response diagnostic only"
    },
    {
      "status": "runtime_sanity",
      "case_id": "cap_theta030_wall011_mode3",
      "case_dir": "/mnt/8A0E24070E23EAC1/runs/tclb_flat_wall_cap_stage7b_wall011_modes_20260612/cap_theta030_wall011_mode3",
      "case_params": {
        "status": "runtime_sanity",
        "case_id": "cap_theta030_wall011_mode3",
        "purpose": "Stage7b wall011 mode3 active relaxed signed-write candidate",
        "remote_case": "/mnt/8A0E24070E23EAC1/runs/tclb_flat_wall_cap_stage7b_wall011_modes_20260612/cap_theta030_wall011_mode3",
        "xml": "C:\\Users\\yuanz\\Desktop\\LBMD3Q27\\cases\\diagnostics\\flat_wall_cap_stage7b_wall011_modes_20260612\\cap_theta030_wall011_mode3\\case.xml",
        "volume_equivalent_sphere_radius": 24.0,
        "init_theta_deg": 30.0,
        "wall_rad_angle_deg": 11.0,
        "cap_sphere_radius": 102.43685957667594,
        "cap_height": 13.723936899375312,
        "cap_base_radius": 51.218429788337964,
        "cap_center_x": 64.0,
        "cap_center_y": -88.71292267730063,
        "cap_center_z": 64.0,
        "use_stage7_signed_wall_ghost": false,
        "stage7_signed_mode": 3.0,
        "stage7_delta_q_scale": 1.0,
        "stage7_delta_q_abs_cap": 6.0,
        "stage7_denom_floor": 0.05,
        "stage7_active_c_min": 0.02,
        "stage7_active_grad_min": 1e-06,
        "stage7_active_tangent_min": 1e-08,
        "stage7_relaxation_tau": 1.0
      },
      "frame_count": 6,
      "last": {
        "status": "runtime_sanity",
        "case_id": "cap_theta030_wall011_mode3",
        "step": 50000,
        "file": "/mnt/8A0E24070E23EAC1/runs/tclb_flat_wall_cap_stage7b_wall011_modes_20260612/cap_theta030_wall011_mode3/output/case_VTK_P00_00050000.vti",
        "dims": [
          128,
          96,
          128
        ],
        "case_params": {
          "status": "runtime_sanity",
          "case_id": "cap_theta030_wall011_mode3",
          "purpose": "Stage7b wall011 mode3 active relaxed signed-write candidate",
          "remote_case": "/mnt/8A0E24070E23EAC1/runs/tclb_flat_wall_cap_stage7b_wall011_modes_20260612/cap_theta030_wall011_mode3",
          "xml": "C:\\Users\\yuanz\\Desktop\\LBMD3Q27\\cases\\diagnostics\\flat_wall_cap_stage7b_wall011_modes_20260612\\cap_theta030_wall011_mode3\\case.xml",
          "volume_equivalent_sphere_radius": 24.0,
          "init_theta_deg": 30.0,
          "wall_rad_angle_deg": 11.0,
          "cap_sphere_radius": 102.43685957667594,
          "cap_height": 13.723936899375312,
          "cap_base_radius": 51.218429788337964,
          "cap_center_x": 64.0,
          "cap_center_y": -88.71292267730063,
          "cap_center_z": 64.0,
          "use_stage7_signed_wall_ghost": false,
          "stage7_signed_mode": 3.0,
          "stage7_delta_q_scale": 1.0,
          "stage7_delta_q_abs_cap": 6.0,
          "stage7_denom_floor": 0.05,
          "stage7_active_c_min": 0.02,
          "stage7_active_grad_min": 1e-06,
          "stage7_active_tangent_min": 1e-08,
          "stage7_relaxation_tau": 1.0
        },
        "cell_count": 1572864,
        "wall_count": 80520,
        "fluid_count": 1492344,
        "lower_wall_count": 16384,
        "nonfinite_total": 0,
        "angle_apparent_deg": 27.32270871484422,
        "angle_error_vs_init_deg": -2.6772912851557784,
        "angle_error_vs_wall_rad_deg": 16.32270871484422,
        "fit_point_count": 145,
        "fit_circle": [
          -101.26528112818228,
          64.18473207587274,
          113.98159428402097
        ],
        "wall_bc_path_counts": {
          "2": 64136,
          "5": 16384
        },
        "field_stats": {
          "PhaseField": {
            "all": {
              "count": 1572864,
              "nonfinite": 0,
              "min": 1.5969363886795713e-08,
              "mean": 0.04024413306712697,
              "p01": 1.6630812696028838e-08,
              "p50": 1.7405660832619565e-08,
              "p99": 0.9793862978801977,
              "max": 0.9998958490709862,
              "sum": 63298.5481124936
            },
            "fluid": {
              "count": 1492344,
              "nonfinite": 0,
              "min": 1.5969363886795713e-08,
              "mean": 0.03491392401221689,
              "p01": 1.6632452092041867e-08,
              "p50": 1.7402944382378356e-08,
              "p99": 0.9666937831818544,
              "max": 0.9997945656273224,
              "sum": 52103.58501608781
            },
            "wall": {
              "count": 80520,
              "nonfinite": 0,
              "min": 1.5969363886795713e-08,
              "mean": 0.13903332211134842,
              "p01": 1.662716606340248e-08,
              "p50": 1.7530977032235866e-08,
              "p99": 0.9996804557850278,
              "max": 0.9998958490709862,
              "sum": 11194.963096405774
            },
            "lower_wall": {
              "count": 16384,
              "nonfinite": 0,
              "min": 0.06987905776624827,
              "mean": 0.6680697810378984,
              "p01": 0.12210117866980146,
              "p50": 0.7243582644267031,
              "p99": 0.9998709207367238,
              "max": 0.9998958490709862,
              "sum": 10945.655292524927
            }
          },
          "Rho": {
            "all": {
              "count": 1572864,
              "nonfinite": 0,
              "min": 0.0,
              "mean": 0.03404224741050194,
              "p01": 0.0,
              "p50": 0.0010000173344905832,
              "p99": 0.9617899395791006,
              "max": 0.999794771061695,
              "sum": 53543.825431071724
            },
            "fluid": {
              "count": 1492344,
              "nonfinite": 0,
              "min": 0.001000015953394523,
              "mean": 0.03587901008820469,
              "p01": 0.00100001661581964,
              "p50": 0.001000017385541438,
              "p99": 0.9667270893986726,
              "max": 0.999794771061695,
              "sum": 53543.82543107174
            },
            "wall": {
              "count": 80520,
              "nonfinite": 0,
              "min": 0.0,
              "mean": 0.0,
              "p01": 0.0,
              "p50": 0.0,
              "p99": 0.0,
              "max": 0.0,
              "sum": 0.0
            },
            "lower_wall": {
              "count": 16384,
              "nonfinite": 0,
              "min": 0.0,
              "mean": 0.0,
              "p01": 0.0,
              "p50": 0.0,
              "p99": 0.0,
              "max": 0.0,
              "sum": 0.0
            }
          },
          "WallPfF": {
            "all": {
              "count": 1572864,
              "nonfinite": 0,
              "min": 0.0,
              "mean": 0.005956341453783126,
              "p01": 0.0,
              "p50": 0.0,
              "p99": 0.12329762062379594,
              "max": 0.9997945656273224,
              "sum": 9368.515044363143
            },
            "fluid": {
              "count": 1492344,
              "nonfinite": 0,
              "min": 0.0,
              "mean": 0.0,
              "p01": 0.0,
              "p50": 0.0,
              "p99": 0.0,
              "max": 0.0,
              "sum": 0.0
            },
            "wall": {
              "count": 80520,
              "nonfinite": 0,
              "min": 1.5969363886795713e-08,
              "mean": 0.11635016200152934,
              "p01": 1.662716606340248e-08,
              "p50": 1.7530977032235866e-08,
              "p99": 0.9993698571051856,
              "max": 0.9997945656273224,
              "sum": 9368.515044363143
            },
            "lower_wall": {
              "count": 16384,
              "nonfinite": 0,
              "min": 0.05312945349255231,
              "mean": 0.5565922387989682,
              "p01": 0.06876009418302488,
              "p50": 0.5155722847636266,
              "p99": 0.9997454022026443,
              "max": 0.9997945656273224,
              "sum": 9119.207240482296
            }
          },
          "WallGradTangent": {
            "all": {
              "count": 1572864,
              "nonfinite": 0,
              "min": 0.0,
              "mean": 0.0002072942371006308,
              "p01": 0.0,
              "p50": 0.0,
              "p99": 3.703623248669795e-05,
              "max": 0.09743304383722551,
              "sum": 326.0456429430466
            },
            "fluid": {
              "count": 1492344,
              "nonfinite": 0,
              "min": 0.0,
              "mean": 0.0,
              "p01": 0.0,
              "p50": 0.0,
              "p99": 0.0,
              "max": 0.0,
              "sum": 0.0
            },
            "wall": {
              "count": 80520,
              "nonfinite": 0,
              "min": 0.0,
              "mean": 0.004049250409128746,
              "p01": 0.0,
              "p50": 0.0,
              "p99": 0.0338133042170333,
              "max": 0.09743304383722551,
              "sum": 326.0456429430467
            },
            "lower_wall": {
              "count": 16384,
              "nonfinite": 0,
              "min": 5.82276547974575e-07,
              "mean": 0.019900246761660564,
              "p01": 8.009958430338909e-06,
              "p50": 0.020608780811599704,
              "p99": 0.08900939896276255,
              "max": 0.09743304383722551,
              "sum": 326.0456429430467
            }
          },
          "WallTanCoeff": {
            "all": {
              "count": 1572864,
              "nonfinite": 0,
              "min": -1.794896453688466e-09,
              "mean": 0.053589103746298876,
              "p01": -1.794896453688466e-09,
              "p50": 0.0,
              "p99": 5.144553966670899,
              "max": 5.144553966670899,
              "sum": 84288.37207481863
            },
            "fluid": {
              "count": 1492344,
              "nonfinite": 0,
              "min": 0.0,
              "mean": 0.0,
              "p01": 0.0,
              "p50": 0.0,
              "p99": 0.0,
              "max": 0.0,
              "sum": 0.0
            },
            "wall": {
              "count": 80520,
              "nonfinite": 0,
              "min": -1.794896453688466e-09,
              "mean": 1.0468004480230815,
              "p01": -1.794896453688466e-09,
              "p50": -1.794896453688466e-09,
              "p99": 5.144553966670899,
              "max": 5.144553966670899,
              "sum": 84288.37207481852
            },
            "lower_wall": {
              "count": 16384,
              "nonfinite": 0,
              "min": 5.144553966670899,
              "mean": 5.144553966670899,
              "p01": 5.144553966670899,
              "p50": 5.144553966670899,
              "p99": 5.144553966670899,
              "max": 5.144553966670899,
              "sum": 84288.37218993601
            }
          },
          "WallPhasePred": {
            "all": {
              "count": 1572864,
              "nonfinite": 0,
              "min": 0.0,
              "mean": 0.007073040449364554,
              "p01": 0.0,
              "p50": 0.0,
              "p99": 0.1776268353429624,
              "max": 1.0462986594613328,
              "sum": 11124.93069334933
            },
            "fluid": {
              "count": 1492344,
              "nonfinite": 0,
              "min": 0.0,
              "mean": 0.0,
              "p01": 0.0,
              "p50": 0.0,
              "p99": 0.0,
              "max": 0.0,
              "sum": 0.0
            },
            "wall": {
              "count": 80520,
              "nonfinite": 0,
              "min": 1.5969363886795713e-08,
              "mean": 0.1381635704588839,
              "p01": 1.662716606340248e-08,
              "p50": 1.7530977032235866e-08,
              "p99": 0.9996688539432242,
              "max": 1.0462986594613328,
              "sum": 11124.93069334933
            },
            "lower_wall": {
              "count": 16384,
              "nonfinite": 0,
              "min": 0.06781309355821409,
              "mean": 0.6637953423747852,
              "p01": 0.10962090286330342,
              "p50": 0.7156388610428683,
              "p99": 0.99979844126886,
              "max": 1.0462986594613328,
              "sum": 10875.622889468481
            }
          },
          "WallPhaseProfilePred": {
            "all": {
              "count": 1572864,
              "nonfinite": 0,
              "min": 0.0,
              "mean": 0.00693656549202424,
              "p01": 0.0,
              "p50": 0.0,
              "p99": 0.19034629306741593,
              "max": 0.9998958490709862,
              "sum": 10910.274146047215
            },
            "fluid": {
              "count": 1492344,
              "nonfinite": 0,
              "min": 0.0,
              "mean": 0.0,
              "p01": 0.0,
              "p50": 0.0,
              "p99": 0.0,
              "max": 0.0,
              "sum": 0.0
            },
            "wall": {
              "count": 80520,
              "nonfinite": 0,
              "min": 1.5969363886795713e-08,
              "mean": 0.13549769182870358,
              "p01": 1.662716606340248e-08,
              "p50": 1.7530977032235866e-08,
              "p99": 0.9996804557850278,
              "max": 0.9998958490709862,
              "sum": 10910.274146047212
            },
            "lower_wall": {
              "count": 16384,
              "nonfinite": 0,
              "min": 0.09916776839276338,
              "mean": 0.650693746470115,
              "p01": 0.12638226316342832,
              "p50": 0.6733379259231129,
              "p99": 0.9998709207367238,
              "max": 0.9998958490709862,
              "sum": 10660.966342166364
            }
          },
          "WallProfileDelta": {
            "all": {
              "count": 1572864,
              "nonfinite": 0,
              "min": -0.10978557546102835,
              "mean": 0.00013647495734031418,
              "p01": 0.0,
              "p50": 0.0,
              "p99": 0.0,
              "max": 0.4796303594439001,
              "sum": 214.6565473021159
            },
            "fluid": {
              "count": 1492344,
              "nonfinite": 0,
              "min": 0.0,
              "mean": 0.0,
              "p01": 0.0,
              "p50": 0.0,
              "p99": 0.0,
              "max": 0.0,
              "sum": 0.0
            },
            "wall": {
              "count": 80520,
              "nonfinite": 0,
              "min": -0.10978557546102835,
              "mean": 0.0026658786301802773,
              "p01": -0.02442263332131527,
              "p50": 0.0,
              "p99": 0.035527189724849535,
              "max": 0.4796303594439001,
              "sum": 214.65654730211594
            },
            "lower_wall": {
              "count": 16384,
              "nonfinite": 0,
              "min": -0.10978557546102835,
              "mean": 0.013101595904670162,
              "p01": -0.08182247799698347,
              "p50": 0.0018876105609349492,
              "p99": 0.42928717900244373,
              "max": 0.4796303594439001,
              "sum": 214.65654730211594
            }
          },
          "WallPhaseSignedProfilePred": {
            "all": {
              "count": 1572864,
              "nonfinite": 0,
              "min": 0.0,
              "mean": 0.007120095517261098,
              "p01": 0.0,
              "p50": 0.0,
              "p99": 0.19255850869647895,
              "max": 0.9998005304186814,
              "sum": 11198.94191566136
            },
            "fluid": {
              "count": 1492344,
              "nonfinite": 0,
              "min": 0.0,
              "mean": 0.0,
              "p01": 0.0,
              "p50": 0.0,
              "p99": 0.0,
              "max": 0.0,
              "sum": 0.0
            },
            "wall": {
              "count": 80520,
              "nonfinite": 0,
              "min": 1.5969363886795713e-08,
              "mean": 0.13908273616072225,
              "p01": 1.662716606340248e-08,
              "p50": 1.7530977032235866e-08,
              "p99": 0.9995894522111658,
              "max": 0.9998005304186814,
              "sum": 11198.941915661357
            },
            "lower_wall": {
              "count": 16384,
              "nonfinite": 0,
              "min": 0.06987905776621897,
              "mean": 0.6683126288928534,
              "p01": 0.1221011786697674,
              "p50": 0.7243582644267095,
              "p99": 0.9997834479024968,
              "max": 0.9998005304186814,
              "sum": 10949.63411178051
            }
          },
          "WallSignedProfileDelta": {
            "all": {
              "count": 1572864,
              "nonfinite": 0,
              "min": -0.28582397617687905,
              "mean": -4.7055067896543154e-05,
              "p01": 0.0,
              "p50": 0.0,
              "p99": 0.0,
              "max": 0.12244330246128321,
              "sum": -74.01122231202845
            },
            "fluid": {
              "count": 1492344,
              "nonfinite": 0,
              "min": 0.0,
              "mean": 0.0,
              "p01": 0.0,
              "p50": 0.0,
              "p99": 0.0,
              "max": 0.0,
              "sum": 0.0
            },
            "wall": {
              "count": 80520,
              "nonfinite": 0,
              "min": -0.28582397617687905,
              "mean": -0.0009191657018384053,
              "p01": -0.032257441681746005,
              "p50": 0.0,
              "p99": 0.025128340268290965,
              "max": 0.12244330246128321,
              "sum": -74.0112223120284
            },
            "lower_wall": {
              "count": 16384,
              "nonfinite": 0,
              "min": -0.28582397617687905,
              "mean": -0.004517286518068141,
              "p01": -0.2242194177451722,
              "p50": 7.256953701589852e-05,
              "p99": 0.026642070438095654,
              "max": 0.12244330246128321,
              "sum": -74.01122231202842
            }
          },
          "WallSignedLogitShift": {
            "all": {
              "count": 1572864,
              "nonfinite": 0,
              "min": 0.0,
              "mean": 0.007933125627866265,
              "p01": 0.0,
              "p50": 0.0,
              "p99": 0.3040549473157758,
              "max": 5.0458358633802955,
              "sum": 12477.727707548245
            },
            "fluid": {
              "count": 1492344,
              "nonfinite": 0,
              "min": 0.0,
              "mean": 0.0,
              "p01": 0.0,
              "p50": 0.0,
              "p99": 0.0,
              "max": 0.0,
              "sum": 0.0
            },
            "wall": {
              "count": 80520,
              "nonfinite": 0,
              "min": 0.0,
              "mean": 0.1549643282109818,
              "p01": 0.0,
              "p50": 0.0,
              "p99": 0.9404951747883323,
              "max": 5.0458358633802955,
              "sum": 12477.727707548254
            },
            "lower_wall": {
              "count": 16384,
              "nonfinite": 0,
              "min": 0.014584553702114627,
              "mean": 0.7615800602751619,
              "p01": 0.16187939988381939,
              "p50": 0.698662055406016,
              "p99": 3.2007490580673386,
              "max": 5.0458358633802955,
              "sum": 12477.727707548253
            }
          },
          "WallFluidSampleCount": {
            "all": {
              "count": 1572864,
              "nonfinite": 0,
              "min": 0.0,
              "mean": 3.7336578369140625,
              "p01": 0.0,
              "p50": 0.0,
              "p99": 75.0,
              "max": 75.0,
              "sum": 5872536.0
            },
            "fluid": {
              "count": 1492344,
              "nonfinite": 0,
              "min": 0.0,
              "mean": 0.0,
              "p01": 0.0,
              "p50": 0.0,
              "p99": 0.0,
              "max": 0.0,
              "sum": 0.0
            },
            "wall": {
              "count": 80520,
              "nonfinite": 0,
              "min": 27.0,
              "mean": 72.93263785394933,
              "p01": 45.0,
              "p50": 75.0,
              "p99": 75.0,
              "max": 75.0,
              "sum": 5872536.0
            },
            "lower_wall": {
              "count": 16384,
              "nonfinite": 0,
              "min": 27.0,
              "mean": 72.674560546875,
              "p01": 45.0,
              "p50": 75.0,
              "p99": 75.0,
              "max": 75.0,
              "sum": 1190700.0
            }
          },
          "WallFluidSampleH": {
            "all": {
              "count": 1572864,
              "nonfinite": 0,
              "min": 0.0,
              "mean": 0.025780718478134467,
              "p01": 0.0,
              "p50": 0.0,
              "p99": 0.5,
              "max": 0.8660254037844386,
              "sum": 40549.56398839249
            },
            "fluid": {
              "count": 1492344,
              "nonfinite": 0,
              "min": 0.0,
              "mean": 0.0,
              "p01": 0.0,
              "p50": 0.0,
              "p99": 0.0,
              "max": 0.0,
              "sum": 0.0
            },
            "wall": {
              "count": 80520,
              "nonfinite": 0,
              "min": 0.5,
              "mean": 0.5035961747192308,
              "p01": 0.5,
              "p50": 0.5,
              "p99": 0.7071067811865476,
              "max": 0.8660254037844386,
              "sum": 40549.56398839246
            },
            "lower_wall": {
              "count": 16384,
              "nonfinite": 0,
              "min": 0.5,
              "mean": 0.5064603222249242,
              "p01": 0.5,
              "p50": 0.5,
              "p99": 0.7071067811865476,
              "max": 0.8660254037844386,
              "sum": 8297.845919333158
            }
          },
          "WallPhaseRawPred": {
            "all": {
              "count": 1572864,
              "nonfinite": 0,
              "min": 0.0,
              "mean": 0.007073040449364554,
              "p01": 0.0,
              "p50": 0.0,
              "p99": 0.1776268353429624,
              "max": 1.0462986594613328,
              "sum": 11124.93069334933
            },
            "fluid": {
              "count": 1492344,
              "nonfinite": 0,
              "min": 0.0,
              "mean": 0.0,
              "p01": 0.0,
              "p50": 0.0,
              "p99": 0.0,
              "max": 0.0,
              "sum": 0.0
            },
            "wall": {
              "count": 80520,
              "nonfinite": 0,
              "min": 1.5969363886795713e-08,
              "mean": 0.1381635704588839,
              "p01": 1.662716606340248e-08,
              "p50": 1.7530977032235866e-08,
              "p99": 0.9996688539432242,
              "max": 1.0462986594613328,
              "sum": 11124.93069334933
            },
            "lower_wall": {
              "count": 16384,
              "nonfinite": 0,
              "min": 0.06781309355821409,
              "mean": 0.6637953423747852,
              "p01": 0.10962090286330342,
              "p50": 0.7156388610428683,
              "p99": 0.99979844126886,
              "max": 1.0462986594613328,
              "sum": 10875.622889468481
            }
          },
          "WallPhaseSignedPred": {
            "all": {
              "count": 1572864,
              "nonfinite": 0,
              "min": 0.0,
              "mean": 0.006961589884300556,
              "p01": 0.0,
              "p50": 0.0,
              "p99": 0.16557461458152462,
              "max": 0.9998005304186814,
              "sum": 10949.63411178051
            },
            "fluid": {
              "count": 1492344,
              "nonfinite": 0,
              "min": 0.0,
              "mean": 0.0,
              "p01": 0.0,
              "p50": 0.0,
              "p99": 0.0,
              "max": 0.0,
              "sum": 0.0
            },
            "wall": {
              "count": 80520,
              "nonfinite": 0,
              "min": 0.0,
              "mean": 0.13598651405589304,
              "p01": 0.0,
              "p50": 0.0,
              "p99": 0.9995894522111658,
              "max": 0.9998005304186814,
              "sum": 10949.634111780508
            },
            "lower_wall": {
              "count": 16384,
              "nonfinite": 0,
              "min": 0.06987905776621897,
              "mean": 0.6683126288928534,
              "p01": 0.12210117866976741,
              "p50": 0.7243582644267095,
              "p99": 0.9997834479024968,
              "max": 0.9998005304186814,
              "sum": 10949.63411178051
            }
          },
          "WallContactResidual": {
            "all": {
              "count": 1572864,
              "nonfinite": 0,
              "min": -0.01831119790657665,
              "mean": 0.00022723652185064702,
              "p01": 0.0,
              "p50": 0.0,
              "p99": 0.0,
              "max": 0.2464198290321331,
              "sum": 357.4121447040961
            },
            "fluid": {
              "count": 1492344,
              "nonfinite": 0,
              "min": 0.0,
              "mean": 0.0,
              "p01": 0.0,
              "p50": 0.0,
              "p99": 0.0,
              "max": 0.0,
              "sum": 0.0
            },
            "wall": {
              "count": 80520,
              "nonfinite": 0,
              "min": -0.01831119790657665,
              "mean": 0.004438799611327573,
              "p01": -0.010503682372091667,
              "p50": 0.0,
              "p99": 0.09767724022337695,
              "max": 0.2464198290321331,
              "sum": 357.4121447040962
            },
            "lower_wall": {
              "count": 16384,
              "nonfinite": 0,
              "min": -0.01831119790657665,
              "mean": 0.021814706097662118,
              "p01": -0.016009406620708107,
              "p50": 0.0016770528915795446,
              "p99": 0.1448539262593363,
              "max": 0.2464198290321331,
              "sum": 357.41214470409614
            }
          },
          "WallSignedNormalGrad": {
            "all": {
              "count": 1572864,
              "nonfinite": 0,
              "min": -0.16908514718701417,
              "mean": -0.000920657396264036,
              "p01": -0.0002544838039458197,
              "p50": 0.0,
              "p99": 0.0,
              "max": 0.0,
              "sum": -1448.0688749174367
            },
            "fluid": {
              "count": 1492344,
              "nonfinite": 0,
              "min": 0.0,
              "mean": 0.0,
              "p01": 0.0,
              "p50": 0.0,
              "p99": 0.0,
              "max": 0.0,
              "sum": 0.0
            },
            "wall": {
              "count": 80520,
              "nonfinite": 0,
              "min": -0.16908514718701417,
              "mean": -0.017983965162909045,
              "p01": -0.1679094954153479,
              "p50": 0.0,
              "p99": 0.0,
              "max": 0.0,
              "sum": -1448.0688749174362
            },
            "lower_wall": {
              "count": 16384,
              "nonfinite": 0,
              "min": -0.16908514718701417,
              "mean": -0.08838311004134744,
              "p01": -0.1689142915671161,
              "p50": -0.09465207340673189,
              "p99": -0.0001273617089458777,
              "max": -0.00010276710273959822,
              "sum": -1448.0688749174365
            }
          },
          "WallTangentGradMag": {
            "all": {
              "count": 1572864,
              "nonfinite": 0,
              "min": 0.0,
              "mean": 0.0002072942371006308,
              "p01": 0.0,
              "p50": 0.0,
              "p99": 3.703623248669795e-05,
              "max": 0.09743304383722551,
              "sum": 326.0456429430466
            },
            "fluid": {
              "count": 1492344,
              "nonfinite": 0,
              "min": 0.0,
              "mean": 0.0,
              "p01": 0.0,
              "p50": 0.0,
              "p99": 0.0,
              "max": 0.0,
              "sum": 0.0
            },
            "wall": {
              "count": 80520,
              "nonfinite": 0,
              "min": 0.0,
              "mean": 0.004049250409128746,
              "p01": 0.0,
              "p50": 0.0,
              "p99": 0.0338133042170333,
              "max": 0.09743304383722551,
              "sum": 326.0456429430467
            },
            "lower_wall": {
              "count": 16384,
              "nonfinite": 0,
              "min": 5.82276547974575e-07,
              "mean": 0.019900246761660564,
              "p01": 8.009958430338909e-06,
              "p50": 0.020608780811599704,
              "p99": 0.08900939896276255,
              "max": 0.09743304383722551,
              "sum": 326.0456429430467
            }
          },
          "WallSignedDeltaQ": {
            "all": {
              "count": 1572864,
              "nonfinite": 0,
              "min": 0.0,
              "mean": 0.00793312562786627,
              "p01": 0.0,
              "p50": 0.0,
              "p99": 0.30405494731568866,
              "max": 5.0458358633802955,
              "sum": 12477.727707548253
            },
            "fluid": {
              "count": 1492344,
              "nonfinite": 0,
              "min": 0.0,
              "mean": 0.0,
              "p01": 0.0,
              "p50": 0.0,
              "p99": 0.0,
              "max": 0.0,
              "sum": 0.0
            },
            "wall": {
              "count": 80520,
              "nonfinite": 0,
              "min": 0.0,
              "mean": 0.15496432821098186,
              "p01": 0.0,
              "p50": 0.0,
              "p99": 0.9404951747883326,
              "max": 5.0458358633802955,
              "sum": 12477.72770754826
            },
            "lower_wall": {
              "count": 16384,
              "nonfinite": 0,
              "min": 0.01458455370226186,
              "mean": 0.7615800602751623,
              "p01": 0.16187939988374198,
              "p50": 0.6986620554060161,
              "p99": 3.2007490580673386,
              "max": 5.0458358633802955,
              "sum": 12477.72770754826
            }
          },
          "WallSignedQClipped": {
            "all": {
              "count": 1572864,
              "nonfinite": 0,
              "min": 0.0,
              "mean": 0.0,
              "p01": 0.0,
              "p50": 0.0,
              "p99": 0.0,
              "max": 0.0,
              "sum": 0.0
            },
            "fluid": {
              "count": 1492344,
              "nonfinite": 0,
              "min": 0.0,
              "mean": 0.0,
              "p01": 0.0,
              "p50": 0.0,
              "p99": 0.0,
              "max": 0.0,
              "sum": 0.0
            },
            "wall": {
              "count": 80520,
              "nonfinite": 0,
              "min": 0.0,
              "mean": 0.0,
              "p01": 0.0,
              "p50": 0.0,
              "p99": 0.0,
              "max": 0.0,
              "sum": 0.0
            },
            "lower_wall": {
              "count": 16384,
              "nonfinite": 0,
              "min": 0.0,
              "mean": 0.0,
              "p01": 0.0,
              "p50": 0.0,
              "p99": 0.0,
              "max": 0.0,
              "sum": 0.0
            }
          },
          "BoundaryMask": {
            "all": {
              "count": 1572864,
              "nonfinite": 0,
              "min": 0.0,
              "mean": 0.0511932373046875,
              "p01": 0.0,
              "p50": 0.0,
              "p99": 1.0,
              "max": 1.0,
              "sum": 80520.0
            },
            "fluid": {
              "count": 1492344,
              "nonfinite": 0,
              "min": 0.0,
              "mean": 0.0,
              "p01": 0.0,
              "p50": 0.0,
              "p99": 0.0,
              "max": 0.0,
              "sum": 0.0
            },
            "wall": {
              "count": 80520,
              "nonfinite": 0,
              "min": 1.0,
              "mean": 1.0,
              "p01": 1.0,
              "p50": 1.0,
              "p99": 1.0,
              "max": 1.0,
              "sum": 80520.0
            },
            "lower_wall": {
              "count": 16384,
              "nonfinite": 0,
              "min": 1.0,
              "mean": 1.0,
              "p01": 1.0,
              "p50": 1.0,
              "p99": 1.0,
              "max": 1.0,
              "sum": 16384.0
            }
          },
          "WallStage7Mode": {
            "all": {
              "count": 1572864,
              "nonfinite": 0,
              "min": 0.0,
              "mean": 0.03125,
              "p01": 0.0,
              "p50": 0.0,
              "p99": 3.0,
              "max": 3.0,
              "sum": 49152.0
            },
            "fluid": {
              "count": 1492344,
              "nonfinite": 0,
              "min": 0.0,
              "mean": 0.0,
              "p01": 0.0,
              "p50": 0.0,
              "p99": 0.0,
              "max": 0.0,
              "sum": 0.0
            },
            "wall": {
              "count": 80520,
              "nonfinite": 0,
              "min": 0.0,
              "mean": 0.6104321907600596,
              "p01": 0.0,
              "p50": 0.0,
              "p99": 3.0,
              "max": 3.0,
              "sum": 49152.0
            },
            "lower_wall": {
              "count": 16384,
              "nonfinite": 0,
              "min": 3.0,
              "mean": 3.0,
              "p01": 3.0,
              "p50": 3.0,
              "p99": 3.0,
              "max": 3.0,
              "sum": 49152.0
            }
          },
          "WallStage7ActiveWeight": {
            "all": {
              "count": 1572864,
              "nonfinite": 0,
              "min": 0.0,
              "mean": 0.008478800455729166,
              "p01": 0.0,
              "p50": 0.0,
              "p99": 0.0,
              "max": 1.0,
              "sum": 13336.0
            },
            "fluid": {
              "count": 1492344,
              "nonfinite": 0,
              "min": 0.0,
              "mean": 0.0,
              "p01": 0.0,
              "p50": 0.0,
              "p99": 0.0,
              "max": 0.0,
              "sum": 0.0
            },
            "wall": {
              "count": 80520,
              "nonfinite": 0,
              "min": 0.0,
              "mean": 0.1656234475906607,
              "p01": 0.0,
              "p50": 0.0,
              "p99": 1.0,
              "max": 1.0,
              "sum": 13336.0
            },
            "lower_wall": {
              "count": 16384,
              "nonfinite": 0,
              "min": 0.0,
              "mean": 0.81396484375,
              "p01": 0.0,
              "p50": 1.0,
              "p99": 1.0,
              "max": 1.0,
              "sum": 13336.0
            }
          },
          "WallStage7DeltaQRaw": {
            "all": {
              "count": 1572864,
              "nonfinite": 0,
              "min": 0.0,
              "mean": 0.006798557916541989,
              "p01": 0.0,
              "p50": 0.0,
              "p99": 0.0038106979349997513,
              "max": 5.0458358633802955,
              "sum": 10693.2069988439
            },
            "fluid": {
              "count": 1492344,
              "nonfinite": 0,
              "min": 0.0,
              "mean": 0.0,
              "p01": 0.0,
              "p50": 0.0,
              "p99": 0.0,
              "max": 0.0,
              "sum": 0.0
            },
            "wall": {
              "count": 80520,
              "nonfinite": 0,
              "min": 0.0,
              "mean": 0.13280187529612403,
              "p01": 0.0,
              "p50": 0.0,
              "p99": 0.9404951747883326,
              "max": 5.0458358633802955,
              "sum": 10693.206998843907
            },
            "lower_wall": {
              "count": 16384,
              "nonfinite": 0,
              "min": 5.991106249164075e-05,
              "mean": 0.6526615599880313,
              "p01": 0.0008241532683133806,
              "p50": 0.6844850773043829,
              "p99": 3.2007490580673386,
              "max": 5.0458358633802955,
              "sum": 10693.206998843905
            }
          },
          "WallStage7DeltaQLimited": {
            "all": {
              "count": 1572864,
              "nonfinite": 0,
              "min": 0.0,
              "mean": 0.006798557916541989,
              "p01": 0.0,
              "p50": 0.0,
              "p99": 0.0038106979349997513,
              "max": 5.0458358633802955,
              "sum": 10693.2069988439
            },
            "fluid": {
              "count": 1492344,
              "nonfinite": 0,
              "min": 0.0,
              "mean": 0.0,
              "p01": 0.0,
              "p50": 0.0,
              "p99": 0.0,
              "max": 0.0,
              "sum": 0.0
            },
            "wall": {
              "count": 80520,
              "nonfinite": 0,
              "min": 0.0,
              "mean": 0.13280187529612403,
              "p01": 0.0,
              "p50": 0.0,
              "p99": 0.9404951747883326,
              "max": 5.0458358633802955,
              "sum": 10693.206998843907
            },
            "lower_wall": {
              "count": 16384,
              "nonfinite": 0,
              "min": 5.991106249164075e-05,
              "mean": 0.6526615599880313,
              "p01": 0.0008241532683133806,
              "p50": 0.6844850773043829,
              "p99": 3.2007490580673386,
              "max": 5.0458358633802955,
              "sum": 10693.206998843905
            }
          },
          "WallStage7Denom": {
            "all": {
              "count": 1572864,
              "nonfinite": 0,
              "min": 0.0,
              "mean": 0.0015043609200645874,
              "p01": 0.0,
              "p50": 0.0,
              "p99": 0.05,
              "max": 0.2499998878497477,
              "sum": 2366.155134176467
            },
            "fluid": {
              "count": 1492344,
              "nonfinite": 0,
              "min": 0.0,
              "mean": 0.0,
              "p01": 0.0,
              "p50": 0.0,
              "p99": 0.0,
              "max": 0.0,
              "sum": 0.0
            },
            "wall": {
              "count": 80520,
              "nonfinite": 0,
              "min": 0.0,
              "mean": 0.02938593062812306,
              "p01": 0.0,
              "p50": 0.0,
              "p99": 0.2483398163677743,
              "max": 0.2499998878497477,
              "sum": 2366.155134176469
            },
            "lower_wall": {
              "count": 16384,
              "nonfinite": 0,
              "min": 0.05,
              "mean": 0.14441864832620047,
              "p01": 0.05,
              "p50": 0.14715900549143396,
              "p99": 0.24993230688375243,
              "max": 0.2499998878497477,
              "sum": 2366.1551341764684
            }
          },
          "WallStage7LimiterReason": {
            "all": {
              "count": 1572864,
              "nonfinite": 0,
              "min": 0.0,
              "mean": 0.00244903564453125,
              "p01": 0.0,
              "p50": 0.0,
              "p99": 0.0,
              "max": 1.0,
              "sum": 3852.0
            },
            "fluid": {
              "count": 1492344,
              "nonfinite": 0,
              "min": 0.0,
              "mean": 0.0,
              "p01": 0.0,
              "p50": 0.0,
              "p99": 0.0,
              "max": 0.0,
              "sum": 0.0
            },
            "wall": {
              "count": 80520,
              "nonfinite": 0,
              "min": 0.0,
              "mean": 0.04783904619970194,
              "p01": 0.0,
              "p50": 0.0,
              "p99": 1.0,
              "max": 1.0,
              "sum": 3852.0
            },
            "lower_wall": {
              "count": 16384,
              "nonfinite": 0,
              "min": 0.0,
              "mean": 0.235107421875,
              "p01": 0.0,
              "p50": 0.0,
              "p99": 1.0,
              "max": 1.0,
              "sum": 3852.0
            }
          },
          "WallStage7GradMag": {
            "all": {
              "count": 1572864,
              "nonfinite": 0,
              "min": 0.0,
              "mean": 0.000946202082611388,
              "p01": 0.0,
              "p50": 0.0,
              "p99": 0.0002638880258992112,
              "max": 0.172063089672344,
              "sum": 1488.2471924644783
            },
            "fluid": {
              "count": 1492344,
              "nonfinite": 0,
              "min": 0.0,
              "mean": 0.0,
              "p01": 0.0,
              "p50": 0.0,
              "p99": 0.0,
              "max": 0.0,
              "sum": 0.0
            },
            "wall": {
              "count": 80520,
              "nonfinite": 0,
              "min": 0.0,
              "mean": 0.01848295072608642,
              "p01": 0.0,
              "p50": 0.0,
              "p99": 0.1708870321141911,
              "max": 0.172063089672344,
              "sum": 1488.2471924644785
            },
            "lower_wall": {
              "count": 16384,
              "nonfinite": 0,
              "min": 0.00010277343549951373,
              "mean": 0.09083539993069328,
              "p01": 0.00012830739267003226,
              "p50": 0.09775006703000214,
              "p99": 0.1720093663838883,
              "max": 0.172063089672344,
              "sum": 1488.2471924644788
            }
          },
          "WallStage7ActualCos": {
            "all": {
              "count": 1572864,
              "nonfinite": 0,
              "min": -0.9999383813542406,
              "mean": -0.009998046639062523,
              "p01": -0.8821353128374262,
              "p50": 0.0,
              "p99": 0.0,
              "max": 0.0,
              "sum": -15725.567628902436
            },
            "fluid": {
              "count": 1492344,
              "nonfinite": 0,
              "min": 0.0,
              "mean": 0.0,
              "p01": 0.0,
              "p50": 0.0,
              "p99": 0.0,
              "max": 0.0,
              "sum": 0.0
            },
            "wall": {
              "count": 80520,
              "nonfinite": 0,
              "min": -0.9999383813542406,
              "mean": -0.1953001444225339,
              "p01": -0.9921308658197556,
              "p50": 0.0,
              "p99": 0.0,
              "max": 0.0,
              "sum": -15725.56762890243
            },
            "lower_wall": {
              "count": 16384,
              "nonfinite": 0,
              "min": -0.9999383813542406,
              "mean": -0.9598124773500019,
              "p01": -0.9976365900683721,
              "p50": -0.9799501305560845,
              "p99": -0.8367732571883276,
              "max": -0.7352073544155309,
              "sum": -15725.56762890243
            }
          },
          "WallStage7TargetCos": {
            "all": {
              "count": 1572864,
              "nonfinite": 0,
              "min": -0.981627183447664,
              "mean": -0.010225283160913201,
              "p01": -0.981627183447664,
              "p50": 0.0,
              "p99": 0.0,
              "max": 0.0,
              "sum": -16082.979773606581
            },
            "fluid": {
              "count": 1492344,
              "nonfinite": 0,
              "min": 0.0,
              "mean": 0.0,
              "p01": 0.0,
              "p50": 0.0,
              "p99": 0.0,
              "max": 0.0,
              "sum": 0.0
            },
            "wall": {
              "count": 80520,
              "nonfinite": 0,
              "min": -0.981627183447664,
              "mean": -0.19973894403386147,
              "p01": -0.981627183447664,
              "p50": 0.0,
              "p99": 0.0,
              "max": 0.0,
              "sum": -16082.979773606527
            },
            "lower_wall": {
              "count": 16384,
              "nonfinite": 0,
              "min": -0.981627183447664,
              "mean": -0.9816271834476639,
              "p01": -0.981627183447664,
              "p50": -0.981627183447664,
              "p99": -0.981627183447664,
              "max": -0.981627183447664,
              "sum": -16082.979773606525
            }
          },
          "WallStage7WriteCandidate": {
            "all": {
              "count": 1572864,
              "nonfinite": 0,
              "min": 0.0,
              "mean": 0.006959060219144776,
              "p01": 0.0,
              "p50": 0.0,
              "p99": 0.16557461458154532,
              "max": 0.9998958490709862,
              "sum": 10945.655292524929
            },
            "fluid": {
              "count": 1492344,
              "nonfinite": 0,
              "min": 0.0,
              "mean": 0.0,
              "p01": 0.0,
              "p50": 0.0,
              "p99": 0.0,
              "max": 0.0,
              "sum": 0.0
            },
            "wall": {
              "count": 80520,
              "nonfinite": 0,
              "min": 0.0,
              "mean": 0.13593710000651923,
              "p01": 0.0,
              "p50": 0.0,
              "p99": 0.9996804557850278,
              "max": 0.9998958490709862,
              "sum": 10945.655292524929
            },
            "lower_wall": {
              "count": 16384,
              "nonfinite": 0,
              "min": 0.06987905776624827,
              "mean": 0.6680697810378984,
              "p01": 0.12210117866980146,
              "p50": 0.7243582644267031,
              "p99": 0.9998709207367238,
              "max": 0.9998958490709862,
              "sum": 10945.655292524927
            }
          },
          "WallStage7WriteMinusProfile": {
            "all": {
              "count": 1572864,
              "nonfinite": 0,
              "min": -0.10806374583955097,
              "mean": 0.00018100036008107624,
              "p01": 0.0,
              "p50": 0.0,
              "p99": 0.0,
              "max": 0.6083492548770606,
              "sum": 284.6889503585619
            },
            "fluid": {
              "count": 1492344,
              "nonfinite": 0,
              "min": 0.0,
              "mean": 0.0,
              "p01": 0.0,
              "p50": 0.0,
              "p99": 0.0,
              "max": 0.0,
              "sum": 0.0
            },
            "wall": {
              "count": 80520,
              "nonfinite": 0,
              "min": -0.10806374583955097,
              "mean": 0.003535630282644833,
              "p01": -0.011005908159360714,
              "p50": 0.0,
              "p99": 0.06873214447368473,
              "max": 0.6083492548770606,
              "sum": 284.68895035856195
            },
            "lower_wall": {
              "count": 16384,
              "nonfinite": 0,
              "min": -0.10806374583955097,
              "mean": 0.017376034567783322,
              "p01": -0.07710110032288013,
              "p50": 0.004394017035549064,
              "p99": 0.4647970642174938,
              "max": 0.6083492548770606,
              "sum": 284.68895035856195
            }
          },
          "WallH": {
            "all": {
              "count": 1572864,
              "nonfinite": 0,
              "min": 0.0,
              "mean": 0.025780718478134467,
              "p01": 0.0,
              "p50": 0.0,
              "p99": 0.5,
              "max": 0.8660254037844386,
              "sum": 40549.56398839249
            },
            "fluid": {
              "count": 1492344,
              "nonfinite": 0,
              "min": 0.0,
              "mean": 0.0,
              "p01": 0.0,
              "p50": 0.0,
              "p99": 0.0,
              "max": 0.0,
              "sum": 0.0
            },
            "wall": {
              "count": 80520,
              "nonfinite": 0,
              "min": 0.5,
              "mean": 0.5035961747192308,
              "p01": 0.5,
              "p50": 0.5,
              "p99": 0.7071067811865476,
              "max": 0.8660254037844386,
              "sum": 40549.56398839246
            },
            "lower_wall": {
              "count": 16384,
              "nonfinite": 0,
              "min": 0.5,
              "mean": 0.5064603222249242,
              "p01": 0.5,
              "p50": 0.5,
              "p99": 0.7071067811865476,
              "max": 0.8660254037844386,
              "sum": 8297.845919333158
            }
          },
          "WallNormalCoeff1": {
            "all": {
              "count": 1572864,
              "nonfinite": 0,
              "min": -0.16908514718701417,
              "mean": -0.0009115395542368556,
              "p01": -0.0002544838039458197,
              "p50": 0.0,
              "p99": 0.0,
              "max": 0.0,
              "sum": -1433.7277494351977
            },
            "fluid": {
              "count": 1492344,
              "nonfinite": 0,
              "min": 0.0,
              "mean": 0.0,
              "p01": 0.0,
              "p50": 0.0,
              "p99": 0.0,
              "max": 0.0,
              "sum": 0.0
            },
            "wall": {
              "count": 80520,
              "nonfinite": 0,
              "min": -0.16908514718701417,
              "mean": -0.017805858785832063,
              "p01": -0.1679094954153479,
              "p50": 0.0,
              "p99": 0.0,
              "max": 0.0,
              "sum": -1433.7277494351977
            },
            "lower_wall": {
              "count": 16384,
              "nonfinite": 0,
              "min": -0.16908514718701417,
              "mean": -0.08750779720673812,
              "p01": -0.1689142915671161,
              "p50": -0.09111141014070566,
              "p99": -0.0001273617089458777,
              "max": -0.00010276710273959822,
              "sum": -1433.7277494351974
            }
          },
          "WallNormalCoeff2": {
            "all": {
              "count": 1572864,
              "nonfinite": 0,
              "min": -0.15478693083579986,
              "mean": -0.0008030291384880543,
              "p01": -0.0007377768138273438,
              "p50": 0.0,
              "p99": 0.0,
              "max": 0.0,
              "sum": -1263.055622878875
            },
            "fluid": {
              "count": 1492344,
              "nonfinite": 0,
              "min": 0.0,
              "mean": 0.0,
              "p01": 0.0,
              "p50": 0.0,
              "p99": 0.0,
              "max": 0.0,
              "sum": 0.0
            },
            "wall": {
              "count": 80520,
              "nonfinite": 0,
              "min": -0.15478693083579986,
              "mean": -0.015686234760045645,
              "p01": -0.15328915803512694,
              "p50": 0.0,
              "p99": 0.0,
              "max": 0.0,
              "sum": -1263.0556228788753
            },
            "lower_wall": {
              "count": 16384,
              "nonfinite": 0,
              "min": -0.15478693083579986,
              "mean": -0.07709079729485321,
              "p01": -0.15454763862515708,
              "p50": -0.07657035015412636,
              "p99": -0.0003796072797148338,
              "max": -0.0003083829742567268,
              "sum": -1263.055622878875
            }
          },
          "WallActualMinusProfile": {
            "all": {
              "count": 1572864,
              "nonfinite": 0,
              "min": -0.10806374583955097,
              "mean": 0.00018100036008107624,
              "p01": 0.0,
              "p50": 0.0,
              "p99": 0.0,
              "max": 0.6083492548770606,
              "sum": 284.6889503585619
            },
            "fluid": {
              "count": 1492344,
              "nonfinite": 0,
              "min": 0.0,
              "mean": 0.0,
              "p01": 0.0,
              "p50": 0.0,
              "p99": 0.0,
              "max": 0.0,
              "sum": 0.0
            },
            "wall": {
              "count": 80520,
              "nonfinite": 0,
              "min": -0.10806374583955097,
              "mean": 0.003535630282644833,
              "p01": -0.011005908159360714,
              "p50": 0.0,
              "p99": 0.06873214447368473,
              "max": 0.6083492548770606,
              "sum": 284.68895035856195
            },
            "lower_wall": {
              "count": 16384,
              "nonfinite": 0,
              "min": -0.10806374583955097,
              "mean": 0.017376034567783322,
              "p01": -0.07710110032288013,
              "p50": 0.004394017035549064,
              "p99": 0.4647970642174938,
              "max": 0.6083492548770606,
              "sum": 284.68895035856195
            }
          },
          "WallActualMinusRaw": {
            "all": {
              "count": 1572864,
              "nonfinite": 0,
              "min": -0.12244330246164048,
              "mean": 4.4525402740762084e-05,
              "p01": 0.0,
              "p50": 0.0,
              "p99": 0.0,
              "max": 0.2858239761764131,
              "sum": 70.03240305644601
            },
            "fluid": {
              "count": 1492344,
              "nonfinite": 0,
              "min": 0.0,
              "mean": 0.0,
              "p01": 0.0,
              "p50": 0.0,
              "p99": 0.0,
              "max": 0.0,
              "sum": 0.0
            },
            "wall": {
              "count": 80520,
              "nonfinite": 0,
              "min": -0.12244330246164048,
              "mean": 0.0008697516524645556,
              "p01": -0.025128340268298424,
              "p50": 0.0,
              "p99": 0.032257441681687274,
              "max": 0.2858239761764131,
              "sum": 70.03240305644601
            },
            "lower_wall": {
              "count": 16384,
              "nonfinite": 0,
              "min": -0.12244330246164048,
              "mean": 0.004274438663113159,
              "p01": -0.02664207043810498,
              "p50": 1.6100518380524065e-05,
              "p99": 0.22421941774470225,
              "max": 0.2858239761764131,
              "sum": 70.032403056446
            }
          },
          "WallBCPath": {
            "all": {
              "count": 1572864,
              "nonfinite": 0,
              "min": 0.0,
              "mean": 0.133636474609375,
              "p01": 0.0,
              "p50": 0.0,
              "p99": 5.0,
              "max": 5.0,
              "sum": 210192.0
            },
            "fluid": {
              "count": 1492344,
              "nonfinite": 0,
              "min": 0.0,
              "mean": 0.0,
              "p01": 0.0,
              "p50": 0.0,
              "p99": 0.0,
              "max": 0.0,
              "sum": 0.0
            },
            "wall": {
              "count": 80520,
              "nonfinite": 0,
              "min": 2.0,
              "mean": 2.6104321907600596,
              "p01": 2.0,
              "p50": 2.0,
              "p99": 5.0,
              "max": 5.0,
              "sum": 210192.0
            },
            "lower_wall": {
              "count": 16384,
              "nonfinite": 0,
              "min": 5.0,
              "mean": 5.0,
              "p01": 5.0,
              "p50": 5.0,
              "p99": 5.0,
              "max": 5.0,
              "sum": 81920.0
            }
          },
          "SpecialBoundaryPoint": {
            "all": {
              "count": 1572864,
              "nonfinite": 0,
              "min": 0.0,
              "mean": 0.0,
              "p01": 0.0,
              "p50": 0.0,
              "p99": 0.0,
              "max": 0.0,
              "sum": 0.0
            },
            "fluid": {
              "count": 1492344,
              "nonfinite": 0,
              "min": 0.0,
              "mean": 0.0,
              "p01": 0.0,
              "p50": 0.0,
              "p99": 0.0,
              "max": 0.0,
              "sum": 0.0
            },
            "wall": {
              "count": 80520,
              "nonfinite": 0,
              "min": 0.0,
              "mean": 0.0,
              "p01": 0.0,
              "p50": 0.0,
              "p99": 0.0,
              "max": 0.0,
              "sum": 0.0
            },
            "lower_wall": {
              "count": 16384,
              "nonfinite": 0,
              "min": 0.0,
              "mean": 0.0,
              "p01": 0.0,
              "p50": 0.0,
              "p99": 0.0,
              "max": 0.0,
              "sum": 0.0
            }
          },
          "WallGeomNormalMag": {
            "all": {
              "count": 1572864,
              "nonfinite": 0,
              "min": 0.0,
              "mean": 0.051561436956268934,
              "p01": 0.0,
              "p50": 0.0,
              "p99": 1.0,
              "max": 1.7320508075688772,
              "sum": 81099.12797678498
            },
            "fluid": {
              "count": 1492344,
              "nonfinite": 0,
              "min": 0.0,
              "mean": 0.0,
              "p01": 0.0,
              "p50": 0.0,
              "p99": 0.0,
              "max": 0.0,
              "sum": 0.0
            },
            "wall": {
              "count": 80520,
              "nonfinite": 0,
              "min": 1.0,
              "mean": 1.0071923494384616,
              "p01": 1.0,
              "p50": 1.0,
              "p99": 1.4142135623730951,
              "max": 1.7320508075688772,
              "sum": 81099.12797678492
            },
            "lower_wall": {
              "count": 16384,
              "nonfinite": 0,
              "min": 1.0,
              "mean": 1.0129206444498484,
              "p01": 1.0,
              "p50": 1.0,
              "p99": 1.4142135623730951,
              "max": 1.7320508075688772,
              "sum": 16595.691838666316
            }
          },
          "WallGrad1Mag": {
            "all": {
              "count": 1572864,
              "nonfinite": 0,
              "min": 0.0,
              "mean": 0.000946202082611388,
              "p01": 0.0,
              "p50": 0.0,
              "p99": 0.0002638880258992112,
              "max": 0.172063089672344,
              "sum": 1488.2471924644783
            },
            "fluid": {
              "count": 1492344,
              "nonfinite": 0,
              "min": 0.0,
              "mean": 0.0,
              "p01": 0.0,
              "p50": 0.0,
              "p99": 0.0,
              "max": 0.0,
              "sum": 0.0
            },
            "wall": {
              "count": 80520,
              "nonfinite": 0,
              "min": 0.0,
              "mean": 0.01848295072608642,
              "p01": 0.0,
              "p50": 0.0,
              "p99": 0.1708870321141911,
              "max": 0.172063089672344,
              "sum": 1488.2471924644785
            },
            "lower_wall": {
              "count": 16384,
              "nonfinite": 0,
              "min": 0.00010277343549951373,
              "mean": 0.09083539993069328,
              "p01": 0.00012830739267003226,
              "p50": 0.09775006703000214,
              "p99": 0.1720093663838883,
              "max": 0.172063089672344,
              "sum": 1488.2471924644788
            }
          },
          "WallGrad2Mag": {
            "all": {
              "count": 1572864,
              "nonfinite": 0,
              "min": 0.0,
              "mean": 0.0008334954104100492,
              "p01": 0.0,
              "p50": 0.0,
              "p99": 0.0007500964673654845,
              "max": 0.15891433263132052,
              "sum": 1310.9749251991916
            },
            "fluid": {
              "count": 1492344,
              "nonfinite": 0,
              "min": 0.0,
              "mean": 0.0,
              "p01": 0.0,
              "p50": 0.0,
              "p99": 0.0,
              "max": 0.0,
              "sum": 0.0
            },
            "wall": {
              "count": 80520,
              "nonfinite": 0,
              "min": 0.0,
              "mean": 0.01628135773968196,
              "p01": 0.0,
              "p50": 0.0,
              "p99": 0.15747805645362045,
              "max": 0.15891433263132052,
              "sum": 1310.9749251991916
            },
            "lower_wall": {
              "count": 16384,
              "nonfinite": 0,
              "min": 0.0003083912416982057,
              "mean": 0.08001555939936472,
              "p01": 0.00038084072286452526,
              "p50": 0.08073313308105184,
              "p99": 0.15882634460998107,
              "max": 0.15891433263132052,
              "sum": 1310.9749251991916
            }
          },
          "WallGradTangentVecMag": {
            "all": {
              "count": 1572864,
              "nonfinite": 0,
              "min": 0.0,
              "mean": 0.0002072942371006308,
              "p01": 0.0,
              "p50": 0.0,
              "p99": 3.703623248669795e-05,
              "max": 0.09743304383722552,
              "sum": 326.0456429430466
            },
            "fluid": {
              "count": 1492344,
              "nonfinite": 0,
              "min": 0.0,
              "mean": 0.0,
              "p01": 0.0,
              "p50": 0.0,
              "p99": 0.0,
              "max": 0.0,
              "sum": 0.0
            },
            "wall": {
              "count": 80520,
              "nonfinite": 0,
              "min": 0.0,
              "mean": 0.004049250409128746,
              "p01": 0.0,
              "p50": 0.0,
              "p99": 0.0338133042170333,
              "max": 0.09743304383722552,
              "sum": 326.0456429430467
            },
            "lower_wall": {
              "count": 16384,
              "nonfinite": 0,
              "min": 5.82276547974575e-07,
              "mean": 0.019900246761660564,
              "p01": 8.009958430338909e-06,
              "p50": 0.020608780811599708,
              "p99": 0.08900939896276255,
              "max": 0.09743304383722552,
              "sum": 326.0456429430467
            }
          },
          "UMag": {
            "all": {
              "count": 1572864,
              "nonfinite": 0,
              "min": 0.0,
              "mean": 2.4473448597008334e-06,
              "p01": 0.0,
              "p50": 1.5478537096715935e-06,
              "p99": 1.2956497701454991e-05,
              "max": 1.5250166913560869e-05,
              "sum": 3.849340625408492
            },
            "fluid": {
              "count": 1492344,
              "nonfinite": 0,
              "min": 6.221108895560755e-12,
              "mean": 2.5793923019146323e-06,
              "p01": 1.0365600463871226e-08,
              "p50": 1.6961119253904713e-06,
              "p99": 1.301155998880017e-05,
              "max": 1.5250166913560869e-05,
              "sum": 3.84934062540849
            },
            "wall": {
              "count": 80520,
              "nonfinite": 0,
              "min": 0.0,
              "mean": 0.0,
              "p01": 0.0,
              "p50": 0.0,
              "p99": 0.0,
              "max": 0.0,
              "sum": 0.0
            },
            "lower_wall": {
              "count": 16384,
              "nonfinite": 0,
              "min": 0.0,
              "mean": 0.0,
              "p01": 0.0,
              "p50": 0.0,
              "p99": 0.0,
              "max": 0.0,
              "sum": 0.0
            }
          }
        },
        "max_mach": 2.6414063918193277e-05
      },
      "rows": [
        {
          "case_id": "cap_theta030_wall011_mode3",
          "step": 0,
          "init_theta_deg": 30.0,
          "wall_rad_angle_deg": 11.0,
          "angle_apparent_deg": 28.48448648030314,
          "angle_error_vs_init_deg": -1.51551351969686,
          "angle_error_vs_wall_rad_deg": 17.48448648030314,
          "fit_point_count": 138,
          "phase_fluid_sum": 52593.44512836894,
          "phase_fluid_rel_change": 0.0,
          "rho_fluid_sum": 54033.19568324057,
          "rho_fluid_rel_change": 0.0,
          "phase_fluid_min": 0.0,
          "phase_fluid_max": 0.9997106094060031,
          "wall_phase_pred_min": 0.0,
          "wall_phase_pred_max": 1.0028510456102697,
          "wall_phase_raw_min": 0.0,
          "wall_phase_raw_max": 1.0028510456102697,
          "wall_phase_profile_max": 0.9998532782184653,
          "wall_phase_signed_profile_max": 0.9997192263130221,
          "wall_phase_signed_min": 0.0,
          "wall_phase_signed_max": 0.9997192263130221,
          "wall_signed_logit_shift_max": 4.852683375567842,
          "wall_contact_residual_mean": 0.028663833592905624,
          "wall_contact_residual_min": -0.018317647591986508,
          "wall_contact_residual_max": 1.1469636258094469,
          "wall_signed_normal_grad_mean": -0.007026393153352902,
          "wall_tangent_grad_mag_mean": 0.003835051232112483,
          "wall_signed_delta_q_min": 0.0,
          "wall_signed_delta_q_max": 4.852683375567842,
          "wall_signed_q_clipped_sum": 0.0,
          "wall_stage7_active_weight_sum": 7536.0,
          "wall_stage7_active_weight_mean": 0.09359165424739195,
          "wall_stage7_delta_q_raw_p50": 0.0,
          "wall_stage7_delta_q_raw_p99": 2.1290876432584316,
          "wall_stage7_delta_q_raw_max": 2.2309701606551147,
          "wall_stage7_delta_q_limited_p50": 0.0,
          "wall_stage7_delta_q_limited_p99": 2.1290876432584316,
          "wall_stage7_delta_q_limited_max": 2.2309701606551147,
          "wall_stage7_denom_min": 0.0,
          "wall_stage7_denom_p50": 0.0,
          "wall_stage7_limiter_reason_sum": 10812.0,
          "wall_stage7_limiter_reason_max": 1.0,
          "wall_stage7_actual_cos_p50": 0.0,
          "wall_stage7_target_cos_p50": 0.0,
          "wall_stage7_write_candidate_min": 0.0,
          "wall_stage7_write_candidate_max": 0.9998532782184653,
          "wall_stage7_write_minus_profile_min": -0.004711183140846176,
          "wall_stage7_write_minus_profile_max": 0.3292788974749876,
          "max_mach": 0.0,
          "nonfinite_total": 0,
          "path_counts": "{\"2\": 64136, \"5\": 16384}"
        },
        {
          "case_id": "cap_theta030_wall011_mode3",
          "step": 10000,
          "init_theta_deg": 30.0,
          "wall_rad_angle_deg": 11.0,
          "angle_apparent_deg": 28.193208585553844,
          "angle_error_vs_init_deg": -1.806791414446156,
          "angle_error_vs_wall_rad_deg": 17.193208585553844,
          "fit_point_count": 141,
          "phase_fluid_sum": 52262.860917984275,
          "phase_fluid_rel_change": -0.006285654221315669,
          "rho_fluid_sum": 53702.94205706624,
          "rho_fluid_rel_change": -0.006112050601455807,
          "phase_fluid_min": 4.420358937114628e-09,
          "phase_fluid_max": 0.9997668656464604,
          "wall_phase_pred_min": 4.420358937114628e-09,
          "wall_phase_pred_max": 1.001514014433368,
          "wall_phase_raw_min": 4.420358937114628e-09,
          "wall_phase_raw_max": 1.001514014433368,
          "wall_phase_profile_max": 0.9998818039514012,
          "wall_phase_signed_profile_max": 0.9997735241149882,
          "wall_phase_signed_min": 0.0,
          "wall_phase_signed_max": 0.9997735241149882,
          "wall_signed_logit_shift_max": 5.229583551152572,
          "wall_contact_residual_mean": 0.006661838123396293,
          "wall_contact_residual_min": -0.018333390048622555,
          "wall_contact_residual_max": 0.357481129684868,
          "wall_signed_normal_grad_mean": -0.014912216553156223,
          "wall_tangent_grad_mag_mean": 0.0038714097668139146,
          "wall_signed_delta_q_min": 0.0,
          "wall_signed_delta_q_max": 5.229583551152573,
          "wall_signed_q_clipped_sum": 0.0,
          "wall_stage7_active_weight_sum": 12212.0,
          "wall_stage7_active_weight_mean": 0.1516641828117238,
          "wall_stage7_delta_q_raw_p50": 0.0,
          "wall_stage7_delta_q_raw_p99": 1.0862256861273334,
          "wall_stage7_delta_q_raw_max": 3.0517105414631778,
          "wall_stage7_delta_q_limited_p50": 0.0,
          "wall_stage7_delta_q_limited_p99": 1.0862256861273334,
          "wall_stage7_delta_q_limited_max": 3.0517105414631778,
          "wall_stage7_denom_min": 0.0,
          "wall_stage7_denom_p50": 0.0,
          "wall_stage7_limiter_reason_sum": 5600.0,
          "wall_stage7_limiter_reason_max": 1.0,
          "wall_stage7_actual_cos_p50": 0.0,
          "wall_stage7_target_cos_p50": 0.0,
          "wall_stage7_write_candidate_min": 0.0,
          "wall_stage7_write_candidate_max": 0.9998818039514012,
          "wall_stage7_write_minus_profile_min": -0.11931602727635282,
          "wall_stage7_write_minus_profile_max": 0.47657022326755216,
          "max_mach": 3.231033058985586e-05,
          "nonfinite_total": 0,
          "path_counts": "{\"2\": 64136, \"5\": 16384}"
        },
        {
          "case_id": "cap_theta030_wall011_mode3",
          "step": 20000,
          "init_theta_deg": 30.0,
          "wall_rad_angle_deg": 11.0,
          "angle_apparent_deg": 27.88590332124045,
          "angle_error_vs_init_deg": -2.1140966787595517,
          "angle_error_vs_wall_rad_deg": 16.88590332124045,
          "fit_point_count": 143,
          "phase_fluid_sum": 52195.25091711644,
          "phase_fluid_rel_change": -0.00757117565279467,
          "rho_fluid_sum": 53635.39966619931,
          "rho_fluid_rel_change": -0.007362067188719815,
          "phase_fluid_min": 1.0194797571787895e-08,
          "phase_fluid_max": 0.9997680752158671,
          "wall_phase_pred_min": 1.0194797571787895e-08,
          "wall_phase_pred_max": 1.0001847511046449,
          "wall_phase_raw_min": 1.0194797571787895e-08,
          "wall_phase_raw_max": 1.0001847511046449,
          "wall_phase_profile_max": 0.999882417265741,
          "wall_phase_signed_profile_max": 0.9997744758256298,
          "wall_phase_signed_min": 0.0,
          "wall_phase_signed_max": 0.9997744758256298,
          "wall_signed_logit_shift_max": 5.2058612734050245,
          "wall_contact_residual_mean": 0.005384350407006983,
          "wall_contact_residual_min": -0.01837191920217962,
          "wall_contact_residual_max": 0.3200959389523982,
          "wall_signed_normal_grad_mean": -0.01642491957081596,
          "wall_tangent_grad_mag_mean": 0.00393241730938655,
          "wall_signed_delta_q_min": 0.0,
          "wall_signed_delta_q_max": 5.2058612734050245,
          "wall_signed_q_clipped_sum": 0.0,
          "wall_stage7_active_weight_sum": 13020.0,
          "wall_stage7_active_weight_mean": 0.161698956780924,
          "wall_stage7_delta_q_raw_p50": 0.0,
          "wall_stage7_delta_q_raw_p99": 1.0040964703398898,
          "wall_stage7_delta_q_raw_max": 3.180374137865427,
          "wall_stage7_delta_q_limited_p50": 0.0,
          "wall_stage7_delta_q_limited_p99": 1.0040964703398898,
          "wall_stage7_delta_q_limited_max": 3.180374137865427,
          "wall_stage7_denom_min": 0.0,
          "wall_stage7_denom_p50": 0.0,
          "wall_stage7_limiter_reason_sum": 4804.0,
          "wall_stage7_limiter_reason_max": 1.0,
          "wall_stage7_actual_cos_p50": 0.0,
          "wall_stage7_target_cos_p50": 0.0,
          "wall_stage7_write_candidate_min": 0.0,
          "wall_stage7_write_candidate_max": 0.999882417265741,
          "wall_stage7_write_minus_profile_min": -0.09418907673770593,
          "wall_stage7_write_minus_profile_max": 0.47998123249032776,
          "max_mach": 3.03901062553953e-05,
          "nonfinite_total": 0,
          "path_counts": "{\"2\": 64136, \"5\": 16384}"
        },
        {
          "case_id": "cap_theta030_wall011_mode3",
          "step": 30000,
          "init_theta_deg": 30.0,
          "wall_rad_angle_deg": 11.0,
          "angle_apparent_deg": 27.576456703346736,
          "angle_error_vs_init_deg": -2.423543296653264,
          "angle_error_vs_wall_rad_deg": 16.576456703346736,
          "fit_point_count": 145,
          "phase_fluid_sum": 52154.59665288858,
          "phase_fluid_rel_change": -0.008344166738064658,
          "rho_fluid_sum": 53594.78605623573,
          "rho_fluid_rel_change": -0.008113709016489295,
          "phase_fluid_min": 1.3557486164605811e-08,
          "phase_fluid_max": 0.9997741512065514,
          "wall_phase_pred_min": 1.3557486164605811e-08,
          "wall_phase_pred_max": 0.9997800882507591,
          "wall_phase_raw_min": 1.3557486164605811e-08,
          "wall_phase_raw_max": 0.9997800882507591,
          "wall_phase_profile_max": 0.999885498095334,
          "wall_phase_signed_profile_max": 0.9997798206903545,
          "wall_phase_signed_min": 0.0,
          "wall_phase_signed_max": 0.9997798206903545,
          "wall_signed_logit_shift_max": 5.090441372834535,
          "wall_contact_residual_mean": 0.004906095522285967,
          "wall_contact_residual_min": -0.01832587869161406,
          "wall_contact_residual_max": 0.26357145701426776,
          "wall_signed_normal_grad_mean": -0.01718452666176141,
          "wall_tangent_grad_mag_mean": 0.003983253911444806,
          "wall_signed_delta_q_min": 0.0,
          "wall_signed_delta_q_max": 5.090441372834535,
          "wall_signed_q_clipped_sum": 0.0,
          "wall_stage7_active_weight_sum": 13224.0,
          "wall_stage7_active_weight_mean": 0.16423248882265276,
          "wall_stage7_delta_q_raw_p50": 0.0,
          "wall_stage7_delta_q_raw_p99": 0.9980383307282752,
          "wall_stage7_delta_q_raw_max": 5.090441372834535,
          "wall_stage7_delta_q_limited_p50": 0.0,
          "wall_stage7_delta_q_limited_p99": 0.9980383307282752,
          "wall_stage7_delta_q_limited_max": 5.090441372834535,
          "wall_stage7_denom_min": 0.0,
          "wall_stage7_denom_p50": 0.0,
          "wall_stage7_limiter_reason_sum": 4188.0,
          "wall_stage7_limiter_reason_max": 1.0,
          "wall_stage7_actual_cos_p50": 0.0,
          "wall_stage7_target_cos_p50": 0.0,
          "wall_stage7_write_candidate_min": 0.0,
          "wall_stage7_write_candidate_max": 0.999885498095334,
          "wall_stage7_write_minus_profile_min": -0.09763733507422373,
          "wall_stage7_write_minus_profile_max": 0.6975903928416793,
          "max_mach": 0.1685896935853697,
          "nonfinite_total": 0,
          "path_counts": "{\"2\": 64136, \"5\": 16384}"
        },
        {
          "case_id": "cap_theta030_wall011_mode3",
          "step": 40000,
          "init_theta_deg": 30.0,
          "wall_rad_angle_deg": 11.0,
          "angle_apparent_deg": 27.453094892299845,
          "angle_error_vs_init_deg": -2.546905107700155,
          "angle_error_vs_wall_rad_deg": 16.453094892299845,
          "fit_point_count": 145,
          "phase_fluid_sum": 52125.79333855422,
          "phase_fluid_rel_change": -0.008891826513233482,
          "rho_fluid_sum": 53566.01154521565,
          "rho_fluid_rel_change": -0.008646242964486055,
          "phase_fluid_min": 1.5501784975309912e-08,
          "phase_fluid_max": 0.9997850059712325,
          "wall_phase_pred_min": 1.5501784975309912e-08,
          "wall_phase_pred_max": 1.0255678422794698,
          "wall_phase_raw_min": 1.5501784975309912e-08,
          "wall_phase_raw_max": 1.0255678422794698,
          "wall_phase_profile_max": 0.9998910019496585,
          "wall_phase_signed_profile_max": 0.9997906095156321,
          "wall_phase_signed_min": 0.0,
          "wall_phase_signed_max": 0.9997906095156321,
          "wall_signed_logit_shift_max": 4.986143793560076,
          "wall_contact_residual_mean": 0.0046377240869766734,
          "wall_contact_residual_min": -0.018322854528501353,
          "wall_contact_residual_max": 0.23784863825771152,
          "wall_signed_normal_grad_mean": -0.01765690010156326,
          "wall_tangent_grad_mag_mean": 0.0040202786300693434,
          "wall_signed_delta_q_min": 0.0,
          "wall_signed_delta_q_max": 4.986143793560076,
          "wall_signed_q_clipped_sum": 0.0,
          "wall_stage7_active_weight_sum": 13288.0,
          "wall_stage7_active_weight_mean": 0.1650273224043716,
          "wall_stage7_delta_q_raw_p50": 0.0,
          "wall_stage7_delta_q_raw_p99": 0.954252698699017,
          "wall_stage7_delta_q_raw_max": 4.986143793560076,
          "wall_stage7_delta_q_limited_p50": 0.0,
          "wall_stage7_delta_q_limited_p99": 0.954252698699017,
          "wall_stage7_delta_q_limited_max": 4.986143793560076,
          "wall_stage7_denom_min": 0.0,
          "wall_stage7_denom_p50": 0.0,
          "wall_stage7_limiter_reason_sum": 3936.0,
          "wall_stage7_limiter_reason_max": 1.0,
          "wall_stage7_actual_cos_p50": 0.0,
          "wall_stage7_target_cos_p50": 0.0,
          "wall_stage7_write_candidate_min": 0.0,
          "wall_stage7_write_candidate_max": 0.9998910019496585,
          "wall_stage7_write_minus_profile_min": -0.10281043207878299,
          "wall_stage7_write_minus_profile_max": 0.6431372532735231,
          "max_mach": 2.757924020045455e-05,
          "nonfinite_total": 0,
          "path_counts": "{\"2\": 64136, \"5\": 16384}"
        },
        {
          "case_id": "cap_theta030_wall011_mode3",
          "step": 50000,
          "init_theta_deg": 30.0,
          "wall_rad_angle_deg": 11.0,
          "angle_apparent_deg": 27.32270871484422,
          "angle_error_vs_init_deg": -2.6772912851557784,
          "angle_error_vs_wall_rad_deg": 16.32270871484422,
          "fit_point_count": 145,
          "phase_fluid_sum": 52103.58501608781,
          "phase_fluid_rel_change": -0.009314090588389686,
          "rho_fluid_sum": 53543.82543107174,
          "rho_fluid_rel_change": -0.00905684451901888,
          "phase_fluid_min": 1.5969363886795713e-08,
          "phase_fluid_max": 0.9997945656273224,
          "wall_phase_pred_min": 1.5969363886795713e-08,
          "wall_phase_pred_max": 1.0462986594613328,
          "wall_phase_raw_min": 1.5969363886795713e-08,
          "wall_phase_raw_max": 1.0462986594613328,
          "wall_phase_profile_max": 0.9998958490709862,
          "wall_phase_signed_profile_max": 0.9998005304186814,
          "wall_phase_signed_min": 0.0,
          "wall_phase_signed_max": 0.9998005304186814,
          "wall_signed_logit_shift_max": 5.0458358633802955,
          "wall_contact_residual_mean": 0.004438799611327573,
          "wall_contact_residual_min": -0.01831119790657665,
          "wall_contact_residual_max": 0.2464198290321331,
          "wall_signed_normal_grad_mean": -0.017983965162909045,
          "wall_tangent_grad_mag_mean": 0.004049250409128746,
          "wall_signed_delta_q_min": 0.0,
          "wall_signed_delta_q_max": 5.0458358633802955,
          "wall_signed_q_clipped_sum": 0.0,
          "wall_stage7_active_weight_sum": 13336.0,
          "wall_stage7_active_weight_mean": 0.1656234475906607,
          "wall_stage7_delta_q_raw_p50": 0.0,
          "wall_stage7_delta_q_raw_p99": 0.9404951747883326,
          "wall_stage7_delta_q_raw_max": 5.0458358633802955,
          "wall_stage7_delta_q_limited_p50": 0.0,
          "wall_stage7_delta_q_limited_p99": 0.9404951747883326,
          "wall_stage7_delta_q_limited_max": 5.0458358633802955,
          "wall_stage7_denom_min": 0.0,
          "wall_stage7_denom_p50": 0.0,
          "wall_stage7_limiter_reason_sum": 3852.0,
          "wall_stage7_limiter_reason_max": 1.0,
          "wall_stage7_actual_cos_p50": 0.0,
          "wall_stage7_target_cos_p50": 0.0,
          "wall_stage7_write_candidate_min": 0.0,
          "wall_stage7_write_candidate_max": 0.9998958490709862,
          "wall_stage7_write_minus_profile_min": -0.10806374583955097,
          "wall_stage7_write_minus_profile_max": 0.6083492548770606,
          "max_mach": 2.6414063918193277e-05,
          "nonfinite_total": 0,
          "path_counts": "{\"2\": 64136, \"5\": 16384}"
        }
      ],
      "claim_limit": "flat-wall runtime sanity/contact-response diagnostic only"
    }
  ],
  "claim_limit": "flat-wall runtime sanity/contact-response diagnostic only"
}
